sim_time,score,score_delta,time_bonus,fruit_bonus,predation_penalty,num_agents,num_predators,num_fruits,num_trees,mean_energy,median_energy,mean_age
0.1,0.1,0.1,0.1,0.0,0.0,5,0,33,34,149.9,149.9,0.1
0.2,0.2,0.1,0.1,0.0,0.0,5,0,33,31,149.23949848825623,149.22078288663144,0.2
0.30000000000000004,0.30000000000000004,0.10000000000000003,0.1,2.7755575615628914e-17,0.0,5,0,33,31,148.72329377256762,148.69320456758396,0.30000000000000004
0.4,0.4,0.09999999999999998,0.1,-2.7755575615628914e-17,0.0,5,0,33,32,148.22329377256762,148.09320456758397,0.4
0.5,0.5,0.09999999999999998,0.1,-2.7755575615628914e-17,0.0,5,0,34,32,147.72329377256764,147.49320456758397,0.5
0.6,0.6,0.09999999999999998,0.1,-2.7755575615628914e-17,0.0,5,0,34,31,147.22329377256764,146.89320456758398,0.6
0.7,0.7,0.09999999999999998,0.1,-2.7755575615628914e-17,0.0,5,0,34,32,146.7187271240785,146.27037132513814,0.7
0.7999999999999999,0.8213999999999999,0.12139999999999995,0.1,0.021399999999999947,0.0,5,0,33,32,150.49872712407847,145.6998727095279,0.7999999999999999
0.8999999999999999,0.9213999999999999,0.09999999999999998,0.1,-2.7755575615628914e-17,0.0,6,0,33,32,120.89017773076762,145.07037132513815,0.7666666666666666
0.9999999999999999,1.0213999999999999,0.09999999999999998,0.1,-2.7755575615628914e-17,0.0,6,0,33,32,120.36656020250037,144.47037132513816,0.8666666666666666
1.0999999999999999,1.1214,0.10000000000000009,0.1,8.326672684688674e-17,0.0,6,0,34,32,119.9025235320094,143.89987270952793,0.9666666666666665
1.2,1.2214,0.10000000000000009,0.1,8.326672684688674e-17,0.0,6,0,34,33,119.46785107042803,143.29987270952793,1.0666666666666667
1.3,1.3214000000000001,0.10000000000000009,0.1,8.326672684688674e-17,0.0,6,0,34,34,119.03133634860045,142.69987270952794,1.1666666666666667
1.4000000000000001,1.4214000000000002,0.10000000000000009,0.1,8.326672684688674e-17,0.0,6,0,34,34,118.59511093703911,142.09987270952794,1.2666666666666668
1.5000000000000002,1.5214000000000003,0.10000000000000009,0.1,8.326672684688674e-17,0.0,6,0,34,35,118.1530293375486,141.49987270952795,1.366666666666667
1.6000000000000003,1.6214000000000004,0.10000000000000009,0.1,8.326672684688674e-17,0.0,6,0,34,35,117.70957115390173,140.89987270952795,1.4666666666666668
1.7000000000000004,1.7446000000000004,0.12319999999999998,0.1,0.02319999999999997,0.0,6,0,34,35,121.1299962799114,143.62477260465295,1.566666666666667
1.8000000000000005,1.8680000000000005,0.12340000000000018,0.1,0.02340000000000017,0.0,7,0,33,35,103.20500126289122,74.9,1.4428571428571433
1.9000000000000006,1.9680000000000006,0.10000000000000009,0.1,8.326672684688674e-17,0.0,8,0,33,35,86.74001449537056,74.06087151851911,1.3625000000000003
2.0000000000000004,2.0680000000000005,0.09999999999999987,0.1,-1.3877787807814457e-16,0.0,8,0,33,35,86.21211265720889,73.21359447284053,1.4625000000000004
2.1000000000000005,2.1680000000000006,0.10000000000000009,0.1,8.326672684688674e-17,0.0,8,0,33,35,85.68762987434728,72.37748308710306,1.5625000000000004
2.2000000000000006,2.2680000000000007,0.10000000000000009,0.1,8.326672684688674e-17,0.0,8,0,33,35,85.1691927363349,71.52742795186029,1.6625000000000003
2.3000000000000007,2.3680000000000008,0.10000000000000009,0.1,8.326672684688674e-17,0.0,8,0,33,35,84.65263529769074,70.67413904231142,1.7625000000000004
2.400000000000001,2.468000000000001,0.10000000000000009,0.1,8.326672684688674e-17,0.0,8,0,33,35,84.12821573465789,69.82395535458811,1.8625000000000005
2.500000000000001,2.568000000000001,0.10000000000000009,0.1,8.326672684688674e-17,0.0,8,0,33,35,83.61338811485561,68.97582861786849,1.9625000000000006
2.600000000000001,2.668000000000001,0.10000000000000009,0.1,8.326672684688674e-17,0.0,8,0,33,36,83.10035121457368,68.13106509783587,2.0625000000000004
2.700000000000001,2.768000000000001,0.10000000000000009,0.1,8.326672684688674e-17,0.0,8,0,33,35,82.59455162506116,67.2917660538204,2.1625000000000005
2.800000000000001,2.868000000000001,0.10000000000000009,0.1,8.326672684688674e-17,0.0,8,0,33,35,82.14187646603516,66.45289286338183,2.2625000000000006
2.9000000000000012,2.9680000000000013,0.10000000000000009,0.1,8.326672684688674e-17,0.0,8,0,33,35,81.68972618802106,65.60345876894498,2.3625000000000007
3.0000000000000013,3.0680000000000014,0.10000000000000009,0.1,8.326672684688674e-17,0.0,8,0,33,35,81.2315293320469,64.76123946834203,2.462500000000001
3.1000000000000014,3.1680000000000015,0.10000000000000009,0.1,8.326672684688674e-17,0.0,8,0,33,35,80.77966554174441,63.92474092449121,2.562500000000001
3.2000000000000015,3.2680000000000016,0.10000000000000009,0.1,8.326672684688674e-17,0.0,8,0,33,36,80.32372845040273,63.07093646033729,2.662500000000001
3.3000000000000016,3.3680000000000017,0.10000000000000009,0.1,8.326672684688674e-17,0.0,8,0,33,37,79.86787164633829,62.22427290757187,2.762500000000001
3.4000000000000017,3.4680000000000017,0.10000000000000009,0.1,8.326672684688674e-17,0.0,8,0,33,37,79.4120563737974,61.37066743529799,2.862500000000001
3.5000000000000018,3.568000000000002,0.10000000000000009,0.1,8.326672684688674e-17,0.0,8,0,33,38,78.96307616244742,60.526578119977806,2.9625000000000012
3.600000000000002,3.668000000000002,0.10000000000000009,0.1,8.326672684688674e-17,0.0,8,0,33,39,78.5074826393417,59.68738947294993,3.0625000000000013
3.700000000000002,3.768000000000002,0.10000000000000009,0.1,8.326672684688674e-17,0.0,8,0,33,40,78.05663171572593,58.807549660545696,3.1625000000000014
3.800000000000002,3.868000000000002,0.10000000000000009,0.1,8.326672684688674e-17,0.0,8,0,33,41,77.60722046209983,57.96066121564309,3.2625000000000015
3.900000000000002,3.968000000000002,0.10000000000000009,0.1,8.326672684688674e-17,0.0,8,0,33,42,77.16028211675602,57.11313909699529,3.3625000000000016
4.000000000000002,4.068000000000002,0.10000000000000009,0.1,8.326672684688674e-17,0.0,8,0,34,43,76.71295039402243,56.2545809228428,3.4625000000000012
4.100000000000001,4.168000000000002,0.09999999999999964,0.1,-3.608224830031759e-16,0.0,8,0,34,43,76.2542486889473,55.405555267860755,3.5625000000000013
4.200000000000001,4.268000000000002,0.09999999999999964,0.1,-3.608224830031759e-16,0.0,8,0,34,43,75.79245407203312,54.550714527001716,3.662500000000001
4.300000000000001,4.368000000000001,0.09999999999999964,0.1,-3.608224830031759e-16,0.0,8,0,34,43,75.32755699480343,53.83128074261614,3.762500000000001
4.4,4.468000000000001,0.09999999999999964,0.1,-3.608224830031759e-16,0.0,8,0,34,44,74.86968146695841,53.731280742616136,3.8625000000000007
4.5,4.5680000000000005,0.09999999999999964,0.1,-3.608224830031759e-16,0.0,8,0,34,45,74.41529311728073,53.631280742616134,3.9625000000000004
4.6,4.668,0.09999999999999964,0.1,-3.608224830031759e-16,0.0,8,0,34,46,73.95862923211979,53.53128074261613,4.0625
4.699999999999999,4.768,0.09999999999999964,0.1,-3.608224830031759e-16,0.0,8,0,34,47,73.51327637221448,53.43128074261613,4.1625000000000005
4.799999999999999,4.867999999999999,0.09999999999999964,0.1,-3.608224830031759e-16,0.0,8,0,35,47,73.06308419438732,53.33128074261613,4.2625
4.899999999999999,4.967999999999999,0.09999999999999964,0.1,-3.608224830031759e-16,0.0,8,0,35,46,72.61429763769164,53.23128074261613,4.3625
4.999999999999998,5.067999999999999,0.09999999999999964,0.1,-3.608224830031759e-16,0.0,8,0,35,46,72.16602992433238,53.13128074261613,4.4624999999999995
5.099999999999998,5.167999999999998,0.09999999999999964,0.1,-3.608224830031759e-16,0.0,8,0,36,47,71.71442042896102,53.031280742616126,4.562499999999999
5.1999999999999975,5.267999999999998,0.09999999999999964,0.1,-3.608224830031759e-16,0.0,8,0,36,47,71.26383212618845,52.931280742616124,4.662499999999999
5.299999999999997,5.367999999999998,0.09999999999999964,0.1,-3.608224830031759e-16,0.0,8,0,36,47,70.81678235298213,52.83128074261612,4.762499999999998
5.399999999999997,5.467999999999997,0.09999999999999964,0.1,-3.608224830031759e-16,0.0,8,0,36,47,70.36703332716066,52.73128074261612,4.862499999999998
5.4999999999999964,5.567999999999997,0.09999999999999964,0.1,-3.608224830031759e-16,0.0,8,0,37,48,69.91510977805484,52.63128074261612,4.962499999999999
5.599999999999996,5.667999999999997,0.09999999999999964,0.1,-3.608224830031759e-16,0.0,8,0,37,47,69.46090701105042,52.14160960501739,5.062499999999998
5.699999999999996,5.767999999999996,0.09999999999999964,0.1,-3.608224830031759e-16,0.0,8,0,37,47,68.99793283708702,51.4625910210369,5.162499999999998
5.799999999999995,5.867999999999996,0.09999999999999964,0.1,-3.608224830031759e-16,0.0,8,0,38,47,68.54326333988607,50.807195912025215,5.2624999999999975
5.899999999999995,5.9679999999999955,0.09999999999999964,0.1,-3.608224830031759e-16,0.0,8,0,38,47,68.07564889052458,50.126491121830824,5.362499999999997
5.999999999999995,6.067999999999995,0.09999999999999964,0.1,-3.608224830031759e-16,0.0,8,0,39,46,67.60920225956191,49.471578676771266,5.462499999999997
6.099999999999994,6.167999999999995,0.09999999999999964,0.1,-3.608224830031759e-16,0.0,8,0,39,47,67.1483716940648,48.790773819067454,5.5624999999999964
6.199999999999994,6.2679999999999945,0.09999999999999964,0.1,-3.608224830031759e-16,0.0,8,0,40,48,66.62787449044133,48.119891711391084,5.662499999999996
6.299999999999994,6.367999999999994,0.09999999999999964,0.1,-3.608224830031759e-16,0.0,8,0,40,48,66.11268028768164,47.46521415913434,5.762499999999996
6.399999999999993,6.467999999999994,0.09999999999999964,0.1,-3.608224830031759e-16,0.0,8,0,40,48,65.60026223110367,46.84218251698905,5.862499999999995
6.499999999999993,6.567999999999993,0.09999999999999964,0.1,-3.608224830031759e-16,0.0,8,0,40,48,65.09133922418033,46.22910047804754,5.962499999999995
6.5999999999999925,6.667999999999993,0.09999999999999964,0.1,-3.608224830031759e-16,0.0,8,0,40,47,64.58162981973128,45.624090195040914,6.062499999999995
6.699999999999992,6.767999999999993,0.09999999999999964,0.1,-3.608224830031759e-16,0.0,8,0,41,47,64.07418191599857,45.022414685546934,6.162499999999994
6.799999999999992,6.867999999999992,0.09999999999999964,0.1,-3.608224830031759e-16,0.0,8,0,41,48,63.5580589816768,44.40133676340421,6.262499999999994
6.8999999999999915,6.967999999999992,0.09999999999999964,0.1,-3.608224830031759e-16,0.0,8,0,41,48,63.043148105162906,43.78591751666931,6.362499999999994
6.999999999999991,7.067999999999992,0.09999999999999964,0.1,-3.608224830031759e-16,0.0,8,0,41,48,62.52929277975949,43.17378671720074,6.462499999999993
7.099999999999991,7.167999999999991,0.09999999999999964,0.1,-3.608224830031759e-16,0.0,8,0,42,49,62.01452880218087,42.57118255561454,6.562499999999993
7.19999999999999,7.267999999999991,0.09999999999999964,0.1,-3.608224830031759e-16,0.0,8,0,42,49,61.49105370790247,41.91113094042215,6.6624999999999925
7.29999999999999,7.40239999999999,0.1343999999999994,0.1,0.0343999999999994,0.0,8,0,41,49,65.28462541076168,41.305254881141316,6.762499999999992
7.39999999999999,7.53699999999999,0.13459999999999983,0.1,0.034599999999999825,0.0,9,0,40,49,58.66866910992629,50.73128074261609,6.111111111111104
7.499999999999989,7.63699999999999,0.09999999999999964,0.1,-3.608224830031759e-16,0.0,9,0,40,49,58.18902125440405,50.63128074261609,6.211111111111103
7.599999999999989,7.736999999999989,0.09999999999999964,0.1,-3.608224830031759e-16,0.0,9,0,40,49,57.77739212114451,50.53128074261609,6.311111111111103
7.699999999999989,7.836999999999989,0.09999999999999964,0.1,-3.608224830031759e-16,0.0,9,0,40,49,57.38283139908266,50.43128074261609,6.4111111111111025
7.799999999999988,7.936999999999989,0.09999999999999964,0.1,-3.608224830031759e-16,0.0,9,0,40,49,57.00452778536343,50.33128074261609,6.511111111111102
7.899999999999988,8.036999999999988,0.09999999999999964,0.1,-3.608224830031759e-16,0.0,9,0,40,50,56.609345689250226,50.231280742616086,6.611111111111103
7.999999999999988,8.136999999999988,0.09999999999999964,0.1,-3.608224830031759e-16,0.0,9,0,40,51,56.222122113698475,50.131280742616084,6.7111111111111015
8.099999999999987,8.236999999999988,0.09999999999999964,0.1,-3.608224830031759e-16,0.0,9,0,41,51,55.832181313890295,50.03128074261608,6.811111111111101
8.199999999999987,8.336999999999987,0.09999999999999964,0.1,-3.608224830031759e-16,0.0,9,0,41,51,55.46107332533047,49.93128074261608,6.911111111111101
8.299999999999986,8.436999999999987,0.09999999999999964,0.1,-3.608224830031759e-16,0.0,9,0,41,52,55.071136125684944,49.83128074261608,7.011111111111101
8.399999999999986,8.536999999999987,0.09999999999999964,0.1,-3.608224830031759e-16,0.0,9,0,42,52,54.70038292291191,49.73128074261608,7.111111111111101
8.499999999999986,8.636999999999986,0.09999999999999964,0.1,-3.608224830031759e-16,0.0,9,0,42,53,54.29821012595023,49.63128074261608,7.211111111111101
8.599999999999985,8.736999999999986,0.09999999999999964,0.1,-3.608224830031759e-16,0.0,9,0,42,53,53.91208214436608,49.531280742616076,7.311111111111099
8.699999999999985,8.836999999999986,0.09999999999999964,0.1,-3.608224830031759e-16,0.0,9,0,42,53,53.52044304840393,49.431280742616075,7.411111111111099
8.799999999999985,8.936999999999985,0.09999999999999964,0.1,-3.608224830031759e-16,0.0,9,0,42,54,53.14972370469262,49.33128074261607,7.5111111111110995
8.899999999999984,9.036999999999985,0.09999999999999964,0.1,-3.608224830031759e-16,0.0,9,0,42,55,52.767902592876446,49.14527114406183,7.611111111111098
8.999999999999984,9.158599999999984,0.12159999999999904,0.1,0.021599999999999037,0.0,9,0,41,55,54.8019439048106,49.13128074261607,7.711111111111099
9.099999999999984,9.258599999999984,0.09999999999999964,0.1,-3.608224830031759e-16,0.0,9,0,41,56,54.46233034204574,49.03128074261607,7.8111111111110985
9.199999999999983,9.358599999999983,0.09999999999999964,0.1,-3.608224830031759e-16,0.0,9,0,41,56,54.07863458373082,48.93128074261607,7.911111111111099
9.299999999999983,9.458599999999983,0.09999999999999964,0.1,-3.608224830031759e-16,0.0,9,0,41,56,53.68550724810337,48.831280742616066,8.011111111111099
9.399999999999983,9.558599999999982,0.09999999999999964,0.1,-3.608224830031759e-16,0.0,9,0,41,56,53.31511265639061,48.731280742616065,8.111111111111097
9.499999999999982,9.658599999999982,0.09999999999999964,0.1,-3.608224830031759e-16,0.0,9,0,41,56,52.929436126738,48.63128074261606,8.211111111111098
9.599999999999982,9.758599999999982,0.09999999999999964,0.1,-3.608224830031759e-16,0.0,9,0,41,56,52.5550084707915,48.53128074261606,8.311111111111096
9.699999999999982,9.858599999999981,0.09999999999999964,0.1,-3.608224830031759e-16,0.0,9,0,41,56,52.17000623756575,48.43128074261606,8.411111111111097
9.799999999999981,9.958599999999981,0.09999999999999964,0.1,-3.608224830031759e-16,0.0,9,0,41,56,51.79337501938248,48.33128074261606,8.511111111111097
9.89999999999998,10.05859999999998,0.09999999999999964,0.1,-3.608224830031759e-16,0.0,9,0,41,57,51.400920842897705,48.23128074261606,8.611111111111095
9.99999999999998,10.15859999999998,0.09999999999999964,0.1,-3.608224830031759e-16,0.0,9,0,42,57,51.017081276650046,48.131280742616056,8.711111111111096
10.09999999999998,10.25859999999998,0.09999999999999964,0.1,-3.608224830031759e-16,0.0,9,0,43,58,50.61863477251059,48.031280742616055,8.811111111111096
10.19999999999998,10.35859999999998,0.09999999999999964,0.1,-3.608224830031759e-16,0.0,9,0,44,58,50.228925113163776,47.93128074261605,8.911111111111095
10.29999999999998,10.45859999999998,0.09999999999999964,0.1,-3.608224830031759e-16,0.0,9,0,44,58,49.842094699762015,47.83128074261605,9.011111111111095
10.399999999999979,10.558599999999979,0.09999999999999964,0.1,-3.608224830031759e-16,0.0,9,0,44,59,49.46962696261532,47.73128074261605,9.111111111111093
10.499999999999979,10.658599999999979,0.09999999999999964,0.1,-3.608224830031759e-16,0.0,9,0,44,59,49.08716217934691,47.63128074261605,9.211111111111094
10.599999999999978,10.758599999999978,0.09999999999999964,0.1,-3.608224830031759e-16,0.0,9,0,44,60,48.71597653424841,47.53128074261605,9.311111111111094
10.699999999999978,10.858599999999978,0.09999999999999964,0.1,-3.608224830031759e-16,0.0,9,0,44,60,48.33605450888709,47.431280742616046,9.411111111111094
10.799999999999978,10.999999999999977,0.14139999999999908,0.1,0.041399999999999076,0.0,9,0,43,60,52.558380851808,54.9962184657012,9.511111111111093
10.899999999999977,11.099999999999977,0.09999999999999964,0.1,-3.608224830031759e-16,0.0,9,0,43,60,52.16864113532302,54.15018242573594,9.611111111111093
10.999999999999977,11.199999999999976,0.09999999999999964,0.1,-3.608224830031759e-16,0.0,9,0,43,61,51.788208707425696,53.30489306295264,9.711111111111093
11.099999999999977,11.299999999999976,0.09999999999999964,0.1,-3.608224830031759e-16,0.0,9,0,43,62,51.39972676621537,52.46962831878931,9.811111111111092
11.199999999999976,11.399999999999975,0.09999999999999964,0.1,-3.608224830031759e-16,0.0,9,0,43,62,51.02103556942699,51.611664980947744,9.911111111111092
11.299999999999976,11.499999999999975,0.09999999999999964,0.1,-3.608224830031759e-16,0.0,9,0,44,63,50.63122381840002,50.764746830407795,10.011111111111092
11.399999999999975,11.599999999999975,0.09999999999999964,0.1,-3.608224830031759e-16,0.0,9,0,44,63,50.25041965917388,49.88545023613371,10.111111111111091
11.499999999999975,11.699999999999974,0.09999999999999964,0.1,-3.608224830031759e-16,0.0,9,0,45,63,49.86069541667348,49.05057708750142,10.21111111111109
11.599999999999975,11.799999999999974,0.09999999999999964,0.1,-3.608224830031759e-16,0.0,9,0,46,63,49.4831506770196,48.21570393886914,10.31111111111109
11.699999999999974,11.899999999999974,0.09999999999999964,0.1,-3.608224830031759e-16,0.0,9,0,46,63,49.10521551485825,47.38083079023686,10.41111111111109
11.799999999999974,11.999999999999973,0.09999999999999964,0.1,-3.608224830031759e-16,0.0,9,0,48,63,48.73654682054007,46.54595764160457,10.51111111111109
11.899999999999974,12.099999999999973,0.09999999999999964,0.1,-3.608224830031759e-16,0.0,9,0,48,63,48.356518617267085,46.23128074261603,10.61111111111109
11.999999999999973,12.199999999999973,0.09999999999999964,0.1,-3.608224830031759e-16,0.0,8,0,48,63,54.000842992393025,53.631249269867695,10.537499999999978
12.099999999999973,12.299999999999972,0.09999999999999964,0.1,-3.608224830031759e-16,0.0,8,0,48,63,53.659734013921515,53.03124926986769,10.637499999999978
12.199999999999973,12.399999999999972,0.09999999999999964,0.1,-3.608224830031759e-16,0.0,8,0,48,64,53.32227181203451,52.43124926986769,10.737499999999978
12.299999999999972,12.499999999999972,0.09999999999999964,0.1,-3.608224830031759e-16,0.0,8,0,48,64,53.03423270908134,52.33124926986769,10.837499999999977
12.399999999999972,12.599999999999971,0.09999999999999964,0.1,-3.608224830031759e-16,0.0,8,0,48,65,52.7593040313618,52.23124926986769,10.937499999999977
12.499999999999972,12.69999999999997,0.09999999999999964,0.1,-3.608224830031759e-16,0.0,8,0,48,65,52.47848521441385,52.13124926986769,11.037499999999977
12.599999999999971,12.79999999999997,0.09999999999999964,0.1,-3.608224830031759e-16,0.0,8,0,49,65,52.190262310135545,52.031249269867686,11.137499999999976
12.69999999999997,12.89999999999997,0.09999999999999964,0.1,-3.608224830031759e-16,0.0,8,0,50,65,51.915741977258776,51.931249269867685,11.237499999999976
12.79999999999997,12.99999999999997,0.09999999999999964,0.1,-3.608224830031759e-16,0.0,8,0,50,65,51.70952498574277,51.83124926986768,11.337499999999975
12.89999999999997,13.09999999999997,0.09999999999999964,0.1,-3.608224830031759e-16,0.0,8,0,50,65,51.52689038085843,51.73124926986768,11.437499999999975
12.99999999999997,13.199999999999969,0.09999999999999964,0.1,-3.608224830031759e-16,0.0,7,0,50,65,58.72641949538801,51.63124926986768,11.428571428571404
13.09999999999997,13.299999999999969,0.09999999999999964,0.1,-3.608224830031759e-16,0.0,7,0,50,64,58.605685035173124,51.53124926986768,11.528571428571402
13.199999999999969,13.399999999999968,0.09999999999999964,0.1,-3.608224830031759e-16,0.0,7,0,50,64,58.48559636352966,51.43124926986768,11.628571428571403
13.299999999999969,13.499999999999968,0.09999999999999964,0.1,-3.608224830031759e-16,0.0,7,0,50,64,58.366032577942995,51.331249269867676,11.728571428571403
13.399999999999968,13.599999999999968,0.09999999999999964,0.1,-3.608224830031759e-16,0.0,7,0,50,64,58.245166595443024,51.231249269867675,11.828571428571403
13.499999999999968,13.699999999999967,0.09999999999999964,0.1,-3.608224830031759e-16,0.0,7,0,51,64,58.124952245019074,51.13124926986767,11.928571428571402
13.599999999999968,13.799999999999967,0.09999999999999964,0.1,-3.608224830031759e-16,0.0,7,0,51,64,58.00524957651446,51.03124926986767,12.028571428571402
13.699999999999967,13.899999999999967,0.09999999999999964,0.1,-3.608224830031759e-16,0.0,7,0,51,64,57.88425088163234,50.93124926986767,12.128571428571401
13.799999999999967,13.999999999999966,0.09999999999999964,0.1,-3.608224830031759e-16,0.0,7,0,51,64,57.76390971520659,50.83124926986767,12.228571428571401
13.899999999999967,14.099999999999966,0.09999999999999964,0.1,-3.608224830031759e-16,0.0,7,0,51,63,57.644066907083264,50.73124926986767,12.328571428571403
13.999999999999966,14.199999999999966,0.09999999999999964,0.1,-3.608224830031759e-16,0.0,7,0,51,63,57.522934298953196,50.631249269867666,12.4285714285714
14.099999999999966,14.299999999999965,0.09999999999999964,0.1,-3.608224830031759e-16,0.0,7,0,51,64,57.40246516901402,50.531249269867665,12.5285714285714
14.199999999999966,14.399999999999965,0.09999999999999964,0.1,-3.608224830031759e-16,0.0,7,0,52,64,57.28248095319986,50.43124926986766,12.6285714285714
14.299999999999965,14.499999999999964,0.09999999999999964,0.1,-3.608224830031759e-16,0.0,7,0,52,64,57.16121322008983,50.33124926986766,12.7285714285714
14.399999999999965,14.599999999999964,0.09999999999999964,0.1,-3.608224830031759e-16,0.0,7,0,52,65,57.04061496874219,50.23124926986766,12.828571428571399
14.499999999999964,14.699999999999964,0.09999999999999964,0.1,-3.608224830031759e-16,0.0,7,0,52,65,56.92048806569069,50.13124926986766,12.928571428571399
14.599999999999964,14.799999999999963,0.09999999999999964,0.1,-3.608224830031759e-16,0.0,7,0,52,66,56.799083984904165,50.03124926986766,13.028571428571398
14.699999999999964,14.899999999999963,0.09999999999999964,0.1,-3.608224830031759e-16,0.0,7,0,52,67,56.67835544377567,49.931249269867656,13.128571428571396
14.799999999999963,14.999999999999963,0.09999999999999964,0.1,-3.608224830031759e-16,0.0,7,0,52,67,56.55827242823496,49.831249269867655,13.228571428571398
14.899999999999963,15.099999999999962,0.09999999999999964,0.1,-3.608224830031759e-16,0.0,7,0,52,68,56.438714892995826,49.731249269867654,13.328571428571397
14.999999999999963,15.199999999999962,0.09999999999999964,0.1,-3.608224830031759e-16,0.0,7,0,52,68,56.29982975314404,49.63124926986765,13.428571428571397
15.099999999999962,15.299999999999962,0.09999999999999964,0.1,-3.608224830031759e-16,0.0,7,0,52,68,56.17339719507499,49.53124926986765,13.528571428571396
15.199999999999962,15.399999999999961,0.09999999999999964,0.1,-3.608224830031759e-16,0.0,7,0,52,68,56.03253878713058,49.43124926986765,13.628571428571396
15.299999999999962,15.499999999999961,0.09999999999999964,0.1,-3.608224830031759e-16,0.0,7,0,52,68,55.907374962678944,49.33124926986765,13.728571428571396
15.399999999999961,15.59999999999996,0.09999999999999964,0.1,-3.608224830031759e-16,0.0,7,0,52,68,55.768622069349234,49.23124926986765,13.828571428571395
15.499999999999961,15.69999999999996,0.09999999999999964,0.1,-3.608224830031759e-16,0.0,7,0,52,68,55.643535442721166,49.131249269867645,13.928571428571397
15.59999999999996,15.79999999999996,0.09999999999999964,0.1,-3.608224830031759e-16,0.0,7,0,52,69,55.5049033121377,49.031249269867644,14.028571428571395
15.69999999999996,15.89999999999996,0.09999999999999964,0.1,-3.608224830031759e-16,0.0,7,0,52,69,55.37989348593102,48.93124926986764,14.128571428571394
15.79999999999996,15.99999999999996,0.09999999999999964,0.1,-3.608224830031759e-16,0.0,7,0,52,69,55.241381496426285,48.83124926986764,14.228571428571394
15.89999999999996,16.09999999999996,0.09999999999999964,0.1,-3.608224830031759e-16,0.0,7,0,52,69,55.11644807528456,48.73124926986764,14.328571428571394
15.99999999999996,16.19999999999996,0.10000000000000142,0.1,1.4155343563970746e-15,0.0,7,0,52,69,54.97805560839128,48.63124926986764,14.428571428571393
16.09999999999996,16.29999999999996,0.10000000000000142,0.1,1.4155343563970746e-15,0.0,7,0,52,69,54.85319819899332,48.53124926986764,14.528571428571393
16.19999999999996,16.399999999999963,0.10000000000000142,0.1,1.4155343563970746e-15,0.0,7,0,52,69,54.71492463942799,48.431249269867635,14.628571428571393
16.29999999999996,16.499999999999964,0.10000000000000142,0.1,1.4155343563970746e-15,0.0,7,0,52,70,54.59014285047737,48.331249269867634,14.728571428571394
16.399999999999963,16.599999999999966,0.10000000000000142,0.1,1.4155343563970746e-15,0.0,7,0,52,70,54.45198758612388,48.23124926986763,14.828571428571394
16.499999999999964,16.699999999999967,0.10000000000000142,0.1,1.4155343563970746e-15,0.0,7,0,53,69,54.327281028338476,48.13124926986763,14.928571428571397
16.599999999999966,16.79999999999997,0.10000000000000142,0.1,1.4155343563970746e-15,0.0,7,0,53,69,54.18924345023178,48.03124926986763,15.028571428571396
16.699999999999967,16.89999999999997,0.10000000000000142,0.1,1.4155343563970746e-15,0.0,7,0,53,69,54.06461173633346,47.93124926986763,15.128571428571396
16.79999999999997,16.99999999999997,0.10000000000000142,0.1,1.4155343563970746e-15,0.0,7,0,53,69,53.926691238643365,47.83124926986763,15.228571428571398
16.89999999999997,17.099999999999973,0.10000000000000142,0.1,1.4155343563970746e-15,0.0,7,0,53,69,53.802133983347645,47.731249269867625,15.328571428571397
16.99999999999997,17.199999999999974,0.10000000000000142,0.1,1.4155343563970746e-15,0.0,7,0,53,70,53.66432996336268,47.631249269867624,15.428571428571399
17.099999999999973,17.299999999999976,0.10000000000000142,0.1,1.4155343563970746e-15,0.0,6,0,53,71,62.494765008084634,59.09907822738252,15.266666666666637
17.199999999999974,17.399999999999977,0.10000000000000142,0.1,1.4155343563970746e-15,0.0,6,0,53,71,62.39476500808464,58.99907822738252,15.366666666666637
17.299999999999976,17.49999999999998,0.10000000000000142,0.1,1.4155343563970746e-15,0.0,6,0,53,71,62.29476500808463,58.89907822738252,15.466666666666638
17.399999999999977,17.59999999999998,0.10000000000000142,0.1,1.4155343563970746e-15,0.0,6,0,53,71,62.19476500808464,58.799078227382516,15.56666666666664
17.49999999999998,17.69999999999998,0.10000000000000142,0.1,1.4155343563970746e-15,0.0,6,0,53,72,62.094765008084636,58.699078227382515,15.666666666666638
17.59999999999998,17.799999999999983,0.10000000000000142,0.1,1.4155343563970746e-15,0.0,6,0,53,72,61.99476500808464,58.59907822738251,15.766666666666639
17.69999999999998,17.899999999999984,0.10000000000000142,0.1,1.4155343563970746e-15,0.0,6,0,53,72,61.89476500808464,58.49907822738251,15.86666666666664
17.799999999999983,17.999999999999986,0.10000000000000142,0.1,1.4155343563970746e-15,0.0,6,0,53,72,61.794765008084646,58.39907822738251,15.96666666666664
17.899999999999984,18.099999999999987,0.10000000000000142,0.1,1.4155343563970746e-15,0.0,6,0,53,72,61.69476500808464,58.29907822738251,16.06666666666664
17.999999999999986,18.19999999999999,0.10000000000000142,0.1,1.4155343563970746e-15,0.0,6,0,53,73,61.59476500808464,58.19907822738251,16.166666666666643
18.099999999999987,18.29999999999999,0.10000000000000142,0.1,1.4155343563970746e-15,0.0,6,0,54,72,61.49476500808464,58.099078227382506,16.266666666666644
18.19999999999999,18.39999999999999,0.10000000000000142,0.1,1.4155343563970746e-15,0.0,6,0,55,73,61.39476500808464,57.999078227382505,16.366666666666646
18.29999999999999,18.499999999999993,0.10000000000000142,0.1,1.4155343563970746e-15,0.0,6,0,55,73,61.294765008084646,57.8990782273825,16.466666666666644
18.39999999999999,18.599999999999994,0.10000000000000142,0.1,1.4155343563970746e-15,0.0,6,0,55,73,61.19476500808464,57.7990782273825,16.566666666666645
18.499999999999993,18.699999999999996,0.10000000000000142,0.1,1.4155343563970746e-15,0.0,6,0,55,73,61.094765008084636,57.6990782273825,16.666666666666647
18.599999999999994,18.799999999999997,0.10000000000000142,0.1,1.4155343563970746e-15,0.0,6,0,55,73,60.99476500808464,57.5990782273825,16.766666666666648
18.699999999999996,18.9,0.10000000000000142,0.1,1.4155343563970746e-15,0.0,6,0,55,73,60.89476500808464,57.4990782273825,16.86666666666665
18.799999999999997,19.0,0.10000000000000142,0.1,1.4155343563970746e-15,0.0,6,0,55,74,60.79476500808463,57.399078227382496,16.96666666666665
18.9,19.1,0.10000000000000142,0.1,1.4155343563970746e-15,0.0,6,0,55,73,60.69476500808464,57.299078227382495,17.066666666666652
19.0,19.200000000000003,0.10000000000000142,0.1,1.4155343563970746e-15,0.0,6,0,55,73,60.594765008084636,57.19907822738249,17.166666666666654
19.1,19.300000000000004,0.10000000000000142,0.1,1.4155343563970746e-15,0.0,6,0,55,73,60.49476500808464,57.09907822738249,17.266666666666655
19.200000000000003,19.400000000000006,0.10000000000000142,0.1,1.4155343563970746e-15,0.0,6,0,55,73,60.39476500808464,56.99907822738249,17.366666666666656
19.300000000000004,19.500000000000007,0.10000000000000142,0.1,1.4155343563970746e-15,0.0,6,0,55,74,60.29476500808463,56.89907822738249,17.466666666666658
19.400000000000006,19.60000000000001,0.10000000000000142,0.1,1.4155343563970746e-15,0.0,6,0,56,75,60.19476500808464,56.79907822738249,17.56666666666666
19.500000000000007,19.70000000000001,0.10000000000000142,0.1,1.4155343563970746e-15,0.0,6,0,56,75,60.094765008084636,56.699078227382486,17.66666666666666
19.60000000000001,19.80000000000001,0.10000000000000142,0.1,1.4155343563970746e-15,0.0,6,0,56,75,59.99476500808464,56.599078227382485,17.766666666666662
19.70000000000001,19.900000000000013,0.10000000000000142,0.1,1.4155343563970746e-15,0.0,6,0,56,75,59.89476500808464,56.49907822738248,17.866666666666664
19.80000000000001,20.000000000000014,0.10000000000000142,0.1,1.4155343563970746e-15,0.0,6,0,56,76,59.79476500808463,56.39907822738248,17.966666666666665
19.900000000000013,20.100000000000016,0.10000000000000142,0.1,1.4155343563970746e-15,0.0,6,0,56,76,59.69476500808464,56.29907822738248,18.066666666666663
20.000000000000014,20.200000000000017,0.10000000000000142,0.1,1.4155343563970746e-15,0.0,6,0,56,76,59.594765008084636,56.19907822738248,18.166666666666664
20.100000000000016,20.30000000000002,0.10000000000000142,0.1,1.4155343563970746e-15,0.0,6,0,56,76,59.494765008084634,56.09907822738248,18.266666666666666
20.200000000000017,20.40000000000002,0.10000000000000142,0.1,1.4155343563970746e-15,0.0,6,0,56,76,59.39476500808464,55.999078227382476,18.366666666666667
20.30000000000002,20.50000000000002,0.10000000000000142,0.1,1.4155343563970746e-15,0.0,6,0,56,76,59.29476500808463,55.899078227382475,18.46666666666667
20.40000000000002,20.600000000000023,0.10000000000000142,0.1,1.4155343563970746e-15,0.0,6,0,56,76,59.19476500808463,55.79907822738247,18.56666666666667
20.50000000000002,20.700000000000024,0.10000000000000142,0.1,1.4155343563970746e-15,0.0,6,0,56,76,59.094765008084636,55.69907822738247,18.66666666666667
20.600000000000023,20.800000000000026,0.10000000000000142,0.1,1.4155343563970746e-15,0.0,6,0,56,76,58.994765008084634,55.59907822738247,18.76666666666667
20.700000000000024,20.900000000000027,0.10000000000000142,0.1,1.4155343563970746e-15,0.0,6,0,56,76,58.89476500808464,55.49907822738247,18.86666666666667
20.800000000000026,21.00000000000003,0.10000000000000142,0.1,1.4155343563970746e-15,0.0,6,0,56,76,58.79476500808463,55.39907822738247,18.966666666666672
20.900000000000027,21.10000000000003,0.10000000000000142,0.1,1.4155343563970746e-15,0.0,6,0,56,76,58.69476500808463,55.299078227382466,19.066666666666674
21.00000000000003,21.20000000000003,0.10000000000000142,0.1,1.4155343563970746e-15,0.0,6,0,56,76,58.594765008084636,55.199078227382465,19.166666666666675
21.10000000000003,21.300000000000033,0.10000000000000142,0.1,1.4155343563970746e-15,0.0,6,0,56,75,58.494765008084634,55.09907822738246,19.266666666666676
21.20000000000003,21.400000000000034,0.10000000000000142,0.1,1.4155343563970746e-15,0.0,6,0,56,75,58.39476500808464,54.99907822738246,19.366666666666678
21.300000000000033,21.500000000000036,0.10000000000000142,0.1,1.4155343563970746e-15,0.0,6,0,56,75,58.29476500808463,54.89907822738246,19.46666666666668
21.400000000000034,21.600000000000037,0.10000000000000142,0.1,1.4155343563970746e-15,0.0,6,0,56,75,58.19476500808463,54.79907822738246,19.56666666666668
21.500000000000036,21.70000000000004,0.10000000000000142,0.1,1.4155343563970746e-15,0.0,6,0,56,75,58.094765008084636,54.69907822738246,19.666666666666682
21.600000000000037,21.80000000000004,0.10000000000000142,0.1,1.4155343563970746e-15,0.0,6,0,56,75,57.994765008084634,54.599078227382456,19.766666666666683
21.70000000000004,21.90000000000004,0.10000000000000142,0.1,1.4155343563970746e-15,0.0,6,0,56,75,57.894765008084626,54.499078227382455,19.866666666666685
21.80000000000004,22.000000000000043,0.10000000000000142,0.1,1.4155343563970746e-15,0.0,6,0,56,74,57.79476500808463,54.399078227382454,19.966666666666686
21.90000000000004,22.100000000000044,0.10000000000000142,0.1,1.4155343563970746e-15,0.0,6,0,56,73,57.69476500808463,54.29907822738245,20.066666666666688
22.000000000000043,22.200000000000045,0.10000000000000142,0.1,1.4155343563970746e-15,0.0,6,0,56,73,57.59476500808463,54.19907822738245,20.16666666666669
22.100000000000044,22.300000000000047,0.10000000000000142,0.1,1.4155343563970746e-15,0.0,6,0,57,73,57.20529747755315,53.33997173775845,20.26666666666669
22.200000000000045,22.40000000000005,0.10000000000000142,0.1,1.4155343563970746e-15,0.0,6,0,57,73,56.93863081088649,52.739971737758445,20.36666666666669
22.300000000000047,22.50000000000005,0.10000000000000142,0.1,1.4155343563970746e-15,0.0,6,0,57,73,56.732691558612835,52.3221539809375,20.46666666666669
22.40000000000005,22.60000000000005,0.10000000000000142,0.1,1.4155343563970746e-15,0.0,6,0,57,73,56.632691558612834,52.2221539809375,20.56666666666669
22.50000000000005,22.700000000000053,0.10000000000000142,0.1,1.4155343563970746e-15,0.0,6,0,57,73,56.53269155861284,52.1221539809375,20.666666666666693
22.60000000000005,22.800000000000054,0.10000000000000142,0.1,1.4155343563970746e-15,0.0,6,0,57,74,56.43269155861284,52.022153980937496,20.766666666666694
22.700000000000053,22.900000000000055,0.10000000000000142,0.1,1.4155343563970746e-15,0.0,6,0,57,74,56.33269155861283,51.922153980937495,20.866666666666696
22.800000000000054,23.000000000000057,0.10000000000000142,0.1,1.4155343563970746e-15,0.0,6,0,57,74,56.232691558612835,51.82215398093749,20.966666666666697
22.900000000000055,23.10000000000006,0.10000000000000142,0.1,1.4155343563970746e-15,0.0,6,0,57,74,56.132691558612834,51.72215398093749,21.0666666666667
23.000000000000057,23.20000000000006,0.10000000000000142,0.1,1.4155343563970746e-15,0.0,6,0,59,75,56.03269155861284,51.62215398093749,21.1666666666667
23.10000000000006,23.30000000000006,0.10000000000000142,0.1,1.4155343563970746e-15,0.0,6,0,59,75,55.93269155861284,51.52215398093749,21.266666666666698
23.20000000000006,23.400000000000063,0.10000000000000142,0.1,1.4155343563970746e-15,0.0,6,0,59,75,55.83269155861283,51.42215398093749,21.366666666666703
23.30000000000006,23.500000000000064,0.10000000000000142,0.1,1.4155343563970746e-15,0.0,6,0,59,75,55.732691558612835,51.322153980937486,21.4666666666667
23.400000000000063,23.600000000000065,0.10000000000000142,0.1,1.4155343563970746e-15,0.0,6,0,60,74,55.632691558612834,51.222153980937485,21.566666666666702
23.500000000000064,23.700000000000067,0.10000000000000142,0.1,1.4155343563970746e-15,0.0,6,0,60,75,55.53269155861284,51.12215398093748,21.666666666666703
23.600000000000065,23.800000000000068,0.10000000000000142,0.1,1.4155343563970746e-15,0.0,6,0,60,75,55.43269155861284,51.02215398093748,21.76666666666671
23.700000000000067,23.90000000000007,0.10000000000000142,0.1,1.4155343563970746e-15,0.0,6,0,60,75,55.33269155861283,50.92215398093748,21.866666666666706
23.800000000000068,24.00000000000007,0.10000000000000142,0.1,1.4155343563970746e-15,0.0,6,0,61,75,55.232691558612835,50.82215398093748,21.966666666666708
23.90000000000007,24.100000000000072,0.10000000000000142,0.1,1.4155343563970746e-15,0.0,6,0,61,75,55.132691558612834,50.72215398093748,22.06666666666671
24.00000000000007,24.200000000000074,0.10000000000000142,0.1,1.4155343563970746e-15,0.0,6,0,61,75,55.03269155861283,50.622153980937476,22.166666666666714
24.100000000000072,24.300000000000075,0.10000000000000142,0.1,1.4155343563970746e-15,0.0,6,0,62,75,54.93269155861284,50.522153980937475,22.266666666666712
24.200000000000074,24.400000000000077,0.10000000000000142,0.1,1.4155343563970746e-15,0.0,6,0,62,75,54.83269155861283,50.42215398093747,22.366666666666713
24.300000000000075,24.500000000000078,0.10000000000000142,0.1,1.4155343563970746e-15,0.0,6,0,62,75,54.73269155861283,50.32215398093747,22.466666666666715
24.400000000000077,24.60000000000008,0.10000000000000142,0.1,1.4155343563970746e-15,0.0,6,0,62,75,54.632691558612834,50.22215398093747,22.56666666666672
24.500000000000078,24.70000000000008,0.10000000000000142,0.1,1.4155343563970746e-15,0.0,6,0,62,75,54.53269155861283,50.12215398093747,22.666666666666718
24.60000000000008,24.800000000000082,0.10000000000000142,0.1,1.4155343563970746e-15,0.0,6,0,62,75,54.43269155861284,50.02215398093747,22.76666666666672
24.70000000000008,24.900000000000084,0.10000000000000142,0.1,1.4155343563970746e-15,0.0,6,0,62,75,54.33269155861283,49.922153980937466,22.86666666666672
24.800000000000082,25.000000000000085,0.10000000000000142,0.1,1.4155343563970746e-15,0.0,6,0,62,75,54.23269155861283,49.822153980937465,22.966666666666725
24.900000000000084,25.100000000000087,0.10000000000000142,0.1,1.4155343563970746e-15,0.0,6,0,62,75,54.132691558612834,49.72215398093746,23.066666666666723
25.000000000000085,25.200000000000088,0.10000000000000142,0.1,1.4155343563970746e-15,0.0,6,0,63,75,54.03269155861283,49.62215398093746,23.166666666666725
25.100000000000087,25.30000000000009,0.10000000000000142,0.1,1.4155343563970746e-15,0.0,6,0,63,76,53.93269155861284,49.52215398093746,23.266666666666726
25.200000000000088,25.40000000000009,0.10000000000000142,0.1,1.4155343563970746e-15,0.0,6,0,63,76,53.83269155861283,49.42215398093746,23.36666666666673
25.30000000000009,25.500000000000092,0.10000000000000142,0.1,1.4155343563970746e-15,0.0,6,0,63,76,53.73269155861283,49.32215398093746,23.46666666666673
25.40000000000009,25.600000000000094,0.10000000000000142,0.1,1.4155343563970746e-15,0.0,6,0,63,76,53.632691558612834,49.222153980937456,23.56666666666673
25.500000000000092,25.700000000000095,0.10000000000000142,0.1,1.4155343563970746e-15,0.0,6,0,63,76,53.53269155861283,49.122153980937455,23.666666666666732
25.600000000000094,25.800000000000097,0.10000000000000142,0.1,1.4155343563970746e-15,0.0,6,0,63,76,53.432691558612824,49.02215398093745,23.766666666666737
25.700000000000095,25.900000000000098,0.10000000000000142,0.1,1.4155343563970746e-15,0.0,6,0,63,76,53.33269155861283,48.92215398093745,23.866666666666735
25.800000000000097,26.0000000000001,0.10000000000000142,0.1,1.4155343563970746e-15,0.0,6,0,63,76,53.23269155861283,48.82215398093745,23.966666666666736
25.900000000000098,26.1000000000001,0.10000000000000142,0.1,1.4155343563970746e-15,0.0,6,0,63,76,53.13269155861283,48.72215398093745,24.066666666666737
26.0000000000001,26.200000000000102,0.10000000000000142,0.1,1.4155343563970746e-15,0.0,6,0,63,76,53.03269155861283,48.62215398093745,24.166666666666742
26.1000000000001,26.300000000000104,0.10000000000000142,0.1,1.4155343563970746e-15,0.0,6,0,64,76,52.932691558612824,48.522153980937446,24.26666666666674
26.200000000000102,26.400000000000105,0.10000000000000142,0.1,1.4155343563970746e-15,0.0,6,0,64,76,52.83269155861283,48.422153980937445,24.36666666666674
26.300000000000104,26.500000000000107,0.10000000000000142,0.1,1.4155343563970746e-15,0.0,6,0,64,76,52.73269155861283,48.32215398093744,24.466666666666743
26.400000000000105,26.600000000000108,0.10000000000000142,0.1,1.4155343563970746e-15,0.0,6,0,64,76,52.63269155861283,48.22215398093744,24.566666666666748
26.500000000000107,26.70000000000011,0.10000000000000142,0.1,1.4155343563970746e-15,0.0,6,0,64,77,52.53269155861283,48.12215398093744,24.666666666666746
26.600000000000108,26.80000000000011,0.10000000000000142,0.1,1.4155343563970746e-15,0.0,6,0,65,77,52.432691558612824,48.02215398093744,24.766666666666747
26.70000000000011,26.900000000000112,0.10000000000000142,0.1,1.4155343563970746e-15,0.0,6,0,65,77,52.33269155861283,47.92215398093744,24.86666666666675
26.80000000000011,27.000000000000114,0.10000000000000142,0.1,1.4155343563970746e-15,0.0,6,0,65,77,52.23269155861283,47.822153980937436,24.966666666666754
26.900000000000112,27.100000000000115,0.10000000000000142,0.1,1.4155343563970746e-15,0.0,6,0,65,77,52.13269155861283,47.722153980937435,25.06666666666675
27.000000000000114,27.200000000000117,0.10000000000000142,0.1,1.4155343563970746e-15,0.0,6,0,65,77,52.03269155861283,47.62215398093743,25.166666666666753
27.100000000000115,27.300000000000118,0.10000000000000142,0.1,1.4155343563970746e-15,0.0,6,0,65,78,51.932691558612824,47.52215398093743,25.266666666666755
27.200000000000117,27.40000000000012,0.10000000000000142,0.1,1.4155343563970746e-15,0.0,6,0,66,78,51.83269155861282,47.42215398093743,25.36666666666676
27.300000000000118,27.50000000000012,0.10000000000000142,0.1,1.4155343563970746e-15,0.0,6,0,66,78,51.73269155861283,47.32215398093743,25.466666666666757
27.40000000000012,27.600000000000122,0.10000000000000142,0.1,1.4155343563970746e-15,0.0,6,0,66,78,51.63269155861283,47.22215398093743,25.56666666666676
27.50000000000012,27.700000000000124,0.10000000000000142,0.1,1.4155343563970746e-15,0.0,6,0,66,77,51.53269155861282,47.122153980937426,25.66666666666676
27.600000000000122,27.800000000000125,0.10000000000000142,0.1,1.4155343563970746e-15,0.0,6,0,66,77,51.432691558612824,47.022153980937425,25.766666666666765
27.700000000000124,27.900000000000126,0.10000000000000142,0.1,1.4155343563970746e-15,0.0,6,0,67,78,51.33269155861282,46.92215398093742,25.866666666666763
27.800000000000125,28.000000000000128,0.10000000000000142,0.1,1.4155343563970746e-15,0.0,6,0,67,78,51.23269155861283,46.82215398093742,25.966666666666764
27.900000000000126,28.10000000000013,0.10000000000000142,0.1,1.4155343563970746e-15,0.0,6,0,67,78,51.13269155861283,46.72215398093742,26.066666666666766
28.000000000000128,28.20000000000013,0.10000000000000142,0.1,1.4155343563970746e-15,0.0,6,0,67,78,51.03269155861282,46.62215398093742,26.16666666666677
28.10000000000013,28.300000000000132,0.10000000000000142,0.1,1.4155343563970746e-15,0.0,6,0,67,79,50.932691558612824,46.52215398093742,26.26666666666677
28.20000000000013,28.400000000000134,0.10000000000000142,0.1,1.4155343563970746e-15,0.0,6,0,67,79,50.83269155861282,46.422153980937416,26.36666666666677
28.300000000000132,28.500000000000135,0.10000000000000142,0.1,1.4155343563970746e-15,0.0,6,0,67,80,50.73269155861283,46.322153980937415,26.46666666666677
28.400000000000134,28.600000000000136,0.10000000000000142,0.1,1.4155343563970746e-15,0.0,6,0,67,80,50.63269155861283,46.222153980937414,26.566666666666777
28.500000000000135,28.700000000000138,0.10000000000000142,0.1,1.4155343563970746e-15,0.0,6,0,67,80,50.53269155861282,46.12215398093741,26.666666666666774
28.600000000000136,28.80000000000014,0.10000000000000142,0.1,1.4155343563970746e-15,0.0,6,0,67,80,50.432691558612824,46.02215398093741,26.766666666666776
28.700000000000138,28.90000000000014,0.10000000000000142,0.1,1.4155343563970746e-15,0.0,6,0,67,81,50.33269155861282,45.92215398093741,26.866666666666777
28.80000000000014,29.000000000000142,0.10000000000000142,0.1,1.4155343563970746e-15,0.0,6,0,68,80,50.23269155861282,45.82215398093741,26.966666666666782
28.90000000000014,29.100000000000144,0.10000000000000142,0.1,1.4155343563970746e-15,0.0,6,0,68,80,50.13269155861283,45.72215398093741,27.06666666666678
29.000000000000142,29.200000000000145,0.10000000000000142,0.1,1.4155343563970746e-15,0.0,6,0,68,80,50.03269155861282,45.622153980937405,27.16666666666678
29.100000000000144,29.300000000000146,0.10000000000000142,0.1,1.4155343563970746e-15,0.0,6,0,69,80,49.93269155861282,45.522153980937404,27.266666666666783
29.200000000000145,29.400000000000148,0.10000000000000142,0.1,1.4155343563970746e-15,0.0,6,0,69,80,49.83269155861282,45.4221539809374,27.366666666666788
29.300000000000146,29.50000000000015,0.10000000000000142,0.1,1.4155343563970746e-15,0.0,6,0,71,80,49.73269155861282,45.3221539809374,27.466666666666786
29.400000000000148,29.60000000000015,0.10000000000000142,0.1,1.4155343563970746e-15,0.0,6,0,72,80,49.63269155861283,45.2221539809374,27.566666666666787
29.50000000000015,29.700000000000152,0.10000000000000142,0.1,1.4155343563970746e-15,0.0,6,0,73,80,49.53269155861282,45.1221539809374,27.66666666666679
29.60000000000015,29.800000000000153,0.10000000000000142,0.1,1.4155343563970746e-15,0.0,6,0,73,80,49.43269155861282,45.0221539809374,27.766666666666794
29.700000000000152,29.900000000000155,0.10000000000000142,0.1,1.4155343563970746e-15,0.0,6,0,73,80,49.33269155861282,44.922153980937395,27.86666666666679
29.800000000000153,30.000000000000156,0.10000000000000142,0.1,1.4155343563970746e-15,0.0,6,0,73,80,49.23269155861282,44.822153980937394,27.966666666666793
29.900000000000155,30.100000000000158,0.10000000000000142,0.1,1.4155343563970746e-15,0.0,6,0,73,80,49.13269155861283,44.72215398093739,28.066666666666794
30.000000000000156,30.20000000000016,0.10000000000000142,0.1,1.4155343563970746e-15,0.0,6,0,73,80,49.03269155861282,44.62215398093739,28.1666666666668
30.100000000000158,30.30000000000016,0.10000000000000142,0.1,1.4155343563970746e-15,0.0,6,0,73,80,48.93269155861282,44.52215398093739,28.266666666666797
30.20000000000016,30.400000000000162,0.10000000000000142,0.1,1.4155343563970746e-15,0.0,6,0,73,80,48.83269155861282,44.42215398093739,28.3666666666668
30.30000000000016,30.500000000000163,0.10000000000000142,0.1,1.4155343563970746e-15,0.0,6,0,73,80,48.73269155861282,44.32215398093739,28.4666666666668
30.400000000000162,30.600000000000165,0.10000000000000142,0.1,1.4155343563970746e-15,0.0,6,0,74,80,48.63269155861281,44.222153980937385,28.566666666666805
30.500000000000163,30.700000000000166,0.10000000000000142,0.1,1.4155343563970746e-15,0.0,6,0,74,80,48.53269155861282,44.122153980937384,28.666666666666803
30.600000000000165,30.800000000000168,0.10000000000000142,0.1,1.4155343563970746e-15,0.0,6,0,74,80,48.43269155861282,44.02215398093738,28.766666666666804
30.700000000000166,30.90000000000017,0.10000000000000142,0.1,1.4155343563970746e-15,0.0,6,0,74,80,48.332691558612815,43.92215398093738,28.866666666666806
30.800000000000168,31.00000000000017,0.10000000000000142,0.1,1.4155343563970746e-15,0.0,6,0,74,80,48.23269155861282,43.82215398093738,28.96666666666681
30.90000000000017,31.100000000000172,0.10000000000000142,0.1,1.4155343563970746e-15,0.0,6,0,74,80,48.13269155861281,43.72215398093738,29.06666666666681
31.00000000000017,31.200000000000173,0.10000000000000142,0.1,1.4155343563970746e-15,0.0,6,0,75,80,48.03269155861282,43.62215398093738,29.16666666666681
31.100000000000172,31.300000000000175,0.10000000000000142,0.1,1.4155343563970746e-15,0.0,6,0,75,80,47.93269155861282,43.522153980937375,29.26666666666681
31.200000000000173,31.400000000000176,0.10000000000000142,0.1,1.4155343563970746e-15,0.0,6,0,75,80,47.832691558612815,43.422153980937374,29.366666666666816
31.300000000000175,31.500000000000178,0.10000000000000142,0.1,1.4155343563970746e-15,0.0,6,0,76,81,47.73269155861282,43.32215398093737,29.466666666666814
31.400000000000176,31.60000000000018,0.10000000000000142,0.1,1.4155343563970746e-15,0.0,6,0,77,81,47.63269155861281,43.22215398093737,29.566666666666816
31.500000000000178,31.70000000000018,0.10000000000000142,0.1,1.4155343563970746e-15,0.0,6,0,77,82,47.53269155861282,43.12215398093737,29.666666666666817
31.60000000000018,31.800000000000182,0.10000000000000142,0.1,1.4155343563970746e-15,0.0,6,0,77,82,47.43269155861282,43.02215398093737,29.766666666666822
31.70000000000018,31.900000000000183,0.10000000000000142,0.1,1.4155343563970746e-15,0.0,6,0,79,82,47.332691558612815,42.92215398093737,29.86666666666682
31.800000000000182,32.000000000000185,0.10000000000000142,0.1,1.4155343563970746e-15,0.0,6,0,79,82,47.23269155861282,42.822153980937365,29.96666666666682
31.900000000000183,32.100000000000186,0.10000000000000142,0.1,1.4155343563970746e-15,0.0,6,0,79,82,47.13269155861281,42.722153980937364,30.066666666666823
32.000000000000185,32.20000000000019,0.10000000000000142,0.1,1.4155343563970746e-15,0.0,6,0,79,82,47.03269155861281,42.62215398093736,30.166666666666828
32.100000000000186,32.30000000000019,0.10000000000000142,0.1,1.4155343563970746e-15,0.0,6,0,79,82,46.93269155861282,42.52215398093736,30.266666666666826
32.20000000000019,32.40000000000019,0.10000000000000142,0.1,1.4155343563970746e-15,0.0,6,0,79,82,46.832691558612815,42.42215398093736,30.366666666666827
32.30000000000019,32.50000000000019,0.10000000000000142,0.1,1.4155343563970746e-15,0.0,6,0,79,83,46.73269155861281,42.32215398093736,30.46666666666683
32.40000000000019,32.60000000000019,0.10000000000000142,0.1,1.4155343563970746e-15,0.0,6,0,79,84,46.63269155861281,42.22215398093736,30.566666666666833
32.50000000000019,32.700000000000195,0.10000000000000142,0.1,1.4155343563970746e-15,0.0,6,0,79,84,46.53269155861281,42.122153980937355,30.66666666666683
32.60000000000019,32.800000000000196,0.10000000000000142,0.1,1.4155343563970746e-15,0.0,6,0,79,84,46.43269155861282,42.022153980937354,30.766666666666833
32.700000000000195,32.9000000000002,0.10000000000000142,0.1,1.4155343563970746e-15,0.0,6,0,79,84,46.332691558612815,41.92215398093735,30.866666666666834
32.800000000000196,33.0000000000002,0.10000000000000142,0.1,1.4155343563970746e-15,0.0,6,0,79,85,46.23269155861281,41.82215398093735,30.96666666666684
32.9000000000002,33.1000000000002,0.10000000000000142,0.1,1.4155343563970746e-15,0.0,6,0,79,85,46.13269155861281,41.72215398093735,31.066666666666837
33.0000000000002,33.2000000000002,0.10000000000000142,0.1,1.4155343563970746e-15,0.0,6,0,79,85,46.03269155861281,41.62215398093735,31.16666666666684
33.1000000000002,33.3000000000002,0.10000000000000142,0.1,1.4155343563970746e-15,0.0,6,0,79,85,45.93269155861282,41.52215398093735,31.26666666666684
33.2000000000002,33.400000000000205,0.10000000000000142,0.1,1.4155343563970746e-15,0.0,6,0,79,85,45.832691558612815,41.422153980937345,31.366666666666845
33.3000000000002,33.500000000000206,0.10000000000000142,0.1,1.4155343563970746e-15,0.0,6,0,79,85,45.73269155861281,41.322153980937344,31.466666666666843
33.400000000000205,33.60000000000021,0.10000000000000142,0.1,1.4155343563970746e-15,0.0,6,0,79,85,45.63269155861281,41.22215398093734,31.566666666666844
33.500000000000206,33.70000000000021,0.10000000000000142,0.1,1.4155343563970746e-15,0.0,6,0,79,86,45.53269155861281,41.12215398093734,31.666666666666845
33.60000000000021,33.80000000000021,0.10000000000000142,0.1,1.4155343563970746e-15,0.0,6,0,79,86,45.43269155861281,41.02215398093734,31.76666666666685
33.70000000000021,33.90000000000021,0.10000000000000142,0.1,1.4155343563970746e-15,0.0,6,0,80,87,45.332691558612815,40.92215398093734,31.86666666666685
33.80000000000021,34.00000000000021,0.10000000000000142,0.1,1.4155343563970746e-15,0.0,6,0,82,87,45.23269155861281,40.82215398093734,31.96666666666685
33.90000000000021,34.100000000000215,0.10000000000000142,0.1,1.4155343563970746e-15,0.0,6,0,82,87,45.132691558612805,40.722153980937335,32.066666666666855
34.00000000000021,34.200000000000216,0.10000000000000142,0.1,1.4155343563970746e-15,0.0,6,0,82,86,45.03269155861281,40.622153980937334,32.166666666666856
34.100000000000215,34.30000000000022,0.10000000000000142,0.1,1.4155343563970746e-15,0.0,6,0,82,86,44.93269155861281,40.52215398093733,32.26666666666686
34.200000000000216,34.40000000000022,0.10000000000000142,0.1,1.4155343563970746e-15,0.0,6,0,82,86,44.832691558612815,40.42215398093733,32.36666666666685
34.30000000000022,34.50000000000022,0.10000000000000142,0.1,1.4155343563970746e-15,0.0,6,0,82,86,44.73269155861281,40.32215398093733,32.46666666666686
34.40000000000022,34.60000000000022,0.10000000000000142,0.1,1.4155343563970746e-15,0.0,6,0,83,86,44.632691558612805,40.22215398093733,32.56666666666686
34.50000000000022,34.70000000000022,0.10000000000000142,0.1,1.4155343563970746e-15,0.0,6,0,83,86,44.53269155861281,40.12215398093733,32.66666666666686
34.60000000000022,34.800000000000225,0.10000000000000142,0.1,1.4155343563970746e-15,0.0,6,0,85,86,44.43269155861281,40.022153980937325,32.76666666666686
34.70000000000022,34.900000000000226,0.10000000000000142,0.1,1.4155343563970746e-15,0.0,6,0,85,86,44.332691558612815,39.922153980937324,32.866666666666866
34.800000000000225,35.00000000000023,0.10000000000000142,0.1,1.4155343563970746e-15,0.0,6,0,85,86,44.23269155861281,39.82215398093732,32.96666666666687
34.900000000000226,35.10000000000023,0.10000000000000142,0.1,1.4155343563970746e-15,0.0,6,0,87,86,44.132691558612805,39.72215398093732,33.06666666666687
35.00000000000023,35.20000000000023,0.10000000000000142,0.1,1.4155343563970746e-15,0.0,6,0,87,86,44.03269155861281,39.62215398093732,33.16666666666686
35.10000000000023,35.30000000000023,0.10000000000000142,0.1,1.4155343563970746e-15,0.0,6,0,87,86,43.93269155861281,39.52215398093732,33.26666666666687
35.20000000000023,35.40000000000023,0.10000000000000142,0.1,1.4155343563970746e-15,0.0,6,0,89,86,43.8326915586128,39.42215398093732,33.36666666666687
35.30000000000023,35.500000000000234,0.10000000000000142,0.1,1.4155343563970746e-15,0.0,6,0,91,86,43.73269155861281,39.322153980937316,33.466666666666875
35.40000000000023,35.600000000000236,0.10000000000000142,0.1,1.4155343563970746e-15,0.0,6,0,91,87,43.632691558612805,39.222153980937314,33.56666666666687
35.500000000000234,35.70000000000024,0.10000000000000142,0.1,1.4155343563970746e-15,0.0,6,0,92,87,43.53269155861281,39.12215398093731,33.66666666666688
35.600000000000236,35.80000000000024,0.10000000000000142,0.1,1.4155343563970746e-15,0.0,6,0,92,87,43.43269155861281,39.02215398093731,33.76666666666688
35.70000000000024,35.90000000000024,0.10000000000000142,0.1,1.4155343563970746e-15,0.0,6,0,92,87,43.3326915586128,38.92215398093731,33.86666666666688
35.80000000000024,36.00000000000024,0.10000000000000142,0.1,1.4155343563970746e-15,0.0,6,0,93,87,43.23269155861281,38.82215398093731,33.966666666666875
35.90000000000024,36.10000000000024,0.10000000000000142,0.1,1.4155343563970746e-15,0.0,6,0,93,87,43.132691558612805,38.72215398093731,34.06666666666688
36.00000000000024,36.200000000000244,0.10000000000000142,0.1,1.4155343563970746e-15,0.0,6,0,93,88,43.03269155861281,38.622153980937306,34.166666666666885
36.10000000000024,36.300000000000246,0.10000000000000142,0.1,1.4155343563970746e-15,0.0,6,0,94,88,42.93269155861281,38.522153980937304,34.266666666666886
36.200000000000244,36.40000000000025,0.10000000000000142,0.1,1.4155343563970746e-15,0.0,6,0,94,89,42.8326915586128,38.4221539809373,34.36666666666688
36.300000000000246,36.50000000000025,0.10000000000000142,0.1,1.4155343563970746e-15,0.0,6,0,95,89,42.73269155861281,38.3221539809373,34.46666666666689
36.40000000000025,36.60000000000025,0.10000000000000142,0.1,1.4155343563970746e-15,0.0,6,0,95,89,42.632691558612805,38.2221539809373,34.56666666666689
36.50000000000025,36.70000000000025,0.10000000000000142,0.1,1.4155343563970746e-15,0.0,6,0,96,89,42.532691558612804,38.1221539809373,34.66666666666689
36.60000000000025,36.80000000000025,0.10000000000000142,0.1,1.4155343563970746e-15,0.0,6,0,96,90,42.43269155861281,38.0221539809373,34.766666666666886
36.70000000000025,36.900000000000254,0.10000000000000142,0.1,1.4155343563970746e-15,0.0,6,0,96,90,42.33269155861281,37.922153980937296,34.866666666666895
36.80000000000025,37.000000000000256,0.10000000000000142,0.1,1.4155343563970746e-15,0.0,6,0,96,90,42.23269155861281,37.822153980937294,34.966666666666896
36.900000000000254,37.10000000000026,0.10000000000000142,0.1,1.4155343563970746e-15,0.0,6,0,96,90,42.132691558612805,37.72215398093729,35.0666666666669
37.000000000000256,37.20000000000026,0.10000000000000142,0.1,1.4155343563970746e-15,0.0,6,0,96,90,42.032691558612804,37.62215398093729,35.16666666666689
37.10000000000026,37.30000000000026,0.10000000000000142,0.1,1.4155343563970746e-15,0.0,6,0,97,90,41.93269155861281,37.52215398093729,35.2666666666669
37.20000000000026,37.40000000000026,0.10000000000000142,0.1,1.4155343563970746e-15,0.0,6,0,97,90,41.83269155861281,37.42215398093729,35.3666666666669
37.30000000000026,37.50000000000026,0.10000000000000142,0.1,1.4155343563970746e-15,0.0,6,0,97,90,41.73269155861281,37.32215398093729,35.4666666666669
37.40000000000026,37.600000000000264,0.10000000000000142,0.1,1.4155343563970746e-15,0.0,6,0,97,90,41.632691558612805,37.222153980937286,35.5666666666669
37.50000000000026,37.700000000000266,0.10000000000000142,0.1,1.4155343563970746e-15,0.0,6,0,97,90,41.532691558612804,37.122153980937284,35.666666666666906
37.600000000000264,37.80000000000027,0.10000000000000142,0.1,1.4155343563970746e-15,0.0,6,0,97,90,41.43269155861281,37.02215398093728,35.76666666666691
37.700000000000266,37.90000000000027,0.10000000000000142,0.1,1.4155343563970746e-15,0.0,6,0,97,90,41.33269155861281,36.92215398093728,35.86666666666691
37.80000000000027,38.00000000000027,0.10000000000000142,0.1,1.4155343563970746e-15,0.0,6,0,97,90,41.23269155861281,36.82215398093728,35.9666666666669
37.90000000000027,38.10000000000027,0.10000000000000142,0.1,1.4155343563970746e-15,0.0,6,0,97,89,41.13269155861281,36.72215398093728,36.06666666666691
38.00000000000027,38.20000000000027,0.10000000000000142,0.1,1.4155343563970746e-15,0.0,6,0,97,90,41.032691558612804,36.62215398093728,36.16666666666691
38.10000000000027,38.300000000000274,0.10000000000000142,0.1,1.4155343563970746e-15,0.0,6,0,97,90,40.93269155861281,36.522153980937276,36.266666666666914
38.20000000000027,38.400000000000276,0.10000000000000142,0.1,1.4155343563970746e-15,0.0,6,0,99,90,40.83269155861281,36.422153980937274,36.36666666666691
38.300000000000274,38.50000000000028,0.10000000000000142,0.1,1.4155343563970746e-15,0.0,6,0,99,90,40.73269155861281,36.32215398093727,36.46666666666692
38.400000000000276,38.60000000000028,0.10000000000000142,0.1,1.4155343563970746e-15,0.0,6,0,99,91,40.63269155861281,36.22215398093727,36.56666666666692
38.50000000000028,38.70000000000028,0.10000000000000142,0.1,1.4155343563970746e-15,0.0,6,0,99,91,40.532691558612804,36.12215398093727,36.66666666666692
38.60000000000028,38.80000000000028,0.10000000000000142,0.1,1.4155343563970746e-15,0.0,6,0,99,92,40.43269155861281,36.02215398093727,36.766666666666914
38.70000000000028,38.90000000000028,0.10000000000000142,0.1,1.4155343563970746e-15,0.0,6,0,99,92,40.33269155861281,35.92215398093727,36.86666666666692
38.80000000000028,39.000000000000284,0.10000000000000142,0.1,1.4155343563970746e-15,0.0,6,0,99,92,40.23269155861281,35.822153980937266,36.966666666666924
38.90000000000028,39.100000000000286,0.10000000000000142,0.1,1.4155343563970746e-15,0.0,6,0,99,91,40.13269155861281,35.722153980937264,37.066666666666926
39.000000000000284,39.20000000000029,0.10000000000000142,0.1,1.4155343563970746e-15,0.0,6,0,99,90,40.03269155861281,35.62215398093726,37.16666666666692
39.100000000000286,39.30000000000029,0.10000000000000142,0.1,1.4155343563970746e-15,0.0,6,0,99,90,39.93269155861281,35.52215398093726,37.26666666666693
39.20000000000029,39.40000000000029,0.10000000000000142,0.1,1.4155343563970746e-15,0.0,6,0,99,90,39.83269155861281,35.42215398093726,37.36666666666693
39.30000000000029,39.50000000000029,0.10000000000000142,0.1,1.4155343563970746e-15,0.0,6,0,99,90,39.73269155861281,35.32215398093726,37.46666666666693
39.40000000000029,39.60000000000029,0.10000000000000142,0.1,1.4155343563970746e-15,0.0,6,0,100,90,39.63269155861281,35.22215398093726,37.566666666666926
39.50000000000029,39.700000000000294,0.10000000000000142,0.1,1.4155343563970746e-15,0.0,6,0,100,90,39.53269155861281,35.122153980937256,37.666666666666934
39.60000000000029,39.800000000000296,0.10000000000000142,0.1,1.4155343563970746e-15,0.0,6,0,101,90,39.43269155861281,35.022153980937254,37.766666666666936
39.700000000000294,39.9000000000003,0.10000000000000142,0.1,1.4155343563970746e-15,0.0,6,0,102,90,39.33269155861281,34.92215398093725,37.86666666666694
39.800000000000296,40.0000000000003,0.10000000000000142,0.1,1.4155343563970746e-15,0.0,6,0,102,90,39.23269155861281,34.82215398093725,37.96666666666693
39.9000000000003,40.1000000000003,0.10000000000000142,0.1,1.4155343563970746e-15,0.0,6,0,103,91,39.13269155861281,34.72215398093725,38.06666666666694
40.0000000000003,40.2000000000003,0.10000000000000142,0.1,1.4155343563970746e-15,0.0,6,0,103,91,39.03269155861281,34.62215398093725,38.16666666666694
40.1000000000003,40.3000000000003,0.10000000000000142,0.1,1.4155343563970746e-15,0.0,6,0,104,91,38.93269155861281,34.52215398093725,38.26666666666694
40.2000000000003,40.400000000000304,0.10000000000000142,0.1,1.4155343563970746e-15,0.0,6,0,104,91,38.83269155861281,34.422153980937246,38.36666666666694
40.3000000000003,40.500000000000306,0.10000000000000142,0.1,1.4155343563970746e-15,0.0,6,0,105,91,38.73269155861281,34.322153980937244,38.466666666666946
40.400000000000304,40.60000000000031,0.10000000000000142,0.1,1.4155343563970746e-15,0.0,6,0,105,91,38.63269155861281,34.22215398093724,38.56666666666695
40.500000000000306,40.70000000000031,0.10000000000000142,0.1,1.4155343563970746e-15,0.0,6,0,105,91,38.53269155861281,34.12215398093724,38.66666666666695
40.60000000000031,40.80000000000031,0.10000000000000142,0.1,1.4155343563970746e-15,0.0,6,0,106,92,38.43269155861281,34.02215398093724,38.76666666666694
40.70000000000031,40.90000000000031,0.10000000000000142,0.1,1.4155343563970746e-15,0.0,6,0,106,92,38.33269155861281,33.92215398093724,38.86666666666695
40.80000000000031,41.00000000000031,0.10000000000000142,0.1,1.4155343563970746e-15,0.0,6,0,107,92,38.23269155861281,33.82215398093724,38.96666666666695
40.90000000000031,41.100000000000314,0.10000000000000142,0.1,1.4155343563970746e-15,0.0,6,0,109,92,38.13269155861281,33.722153980937236,39.066666666666954
41.00000000000031,41.200000000000315,0.10000000000000142,0.1,1.4155343563970746e-15,0.0,6,0,109,92,38.03269155861281,33.622153980937235,39.16666666666695
41.100000000000314,41.30000000000032,0.10000000000000142,0.1,1.4155343563970746e-15,0.0,6,0,109,93,37.93269155861281,33.52215398093723,39.26666666666696
41.200000000000315,41.40000000000032,0.10000000000000142,0.1,1.4155343563970746e-15,0.0,6,0,109,94,37.83269155861281,33.42215398093723,39.36666666666696
41.30000000000032,41.50000000000032,0.10000000000000142,0.1,1.4155343563970746e-15,0.0,6,0,109,94,37.73269155861281,33.32215398093723,39.46666666666696
41.40000000000032,41.60000000000032,0.10000000000000142,0.1,1.4155343563970746e-15,0.0,6,0,109,94,37.63269155861281,33.22215398093723,39.566666666666954
41.50000000000032,41.70000000000032,0.10000000000000142,0.1,1.4155343563970746e-15,0.0,6,0,109,94,37.53269155861281,33.12215398093723,39.66666666666696
41.60000000000032,41.800000000000324,0.10000000000000142,0.1,1.4155343563970746e-15,0.0,6,0,109,94,37.43269155861281,33.022153980937226,39.766666666666964
41.70000000000032,41.900000000000325,0.10000000000000142,0.1,1.4155343563970746e-15,0.0,6,0,109,95,37.33269155861281,32.922153980937225,39.866666666666966
41.800000000000324,42.00000000000033,0.10000000000000142,0.1,1.4155343563970746e-15,0.0,6,0,111,95,37.23269155861281,32.82215398093722,39.96666666666696
41.900000000000325,42.10000000000033,0.10000000000000142,0.1,1.4155343563970746e-15,0.0,6,0,111,95,37.13269155861281,32.72215398093722,40.06666666666697
42.00000000000033,42.20000000000033,0.10000000000000142,0.1,1.4155343563970746e-15,0.0,6,0,111,95,37.03269155861281,32.62215398093722,40.16666666666697
42.10000000000033,42.30000000000033,0.10000000000000142,0.1,1.4155343563970746e-15,0.0,6,0,112,95,36.93269155861281,32.52215398093722,40.26666666666697
42.20000000000033,42.40000000000033,0.10000000000000142,0.1,1.4155343563970746e-15,0.0,6,0,112,95,36.832691558612815,32.42215398093722,40.366666666666966
42.30000000000033,42.500000000000334,0.10000000000000142,0.1,1.4155343563970746e-15,0.0,6,0,113,95,36.73269155861281,32.322153980937216,40.466666666666974
42.40000000000033,42.600000000000335,0.10000000000000142,0.1,1.4155343563970746e-15,0.0,6,0,113,95,36.63269155861281,32.222153980937215,40.566666666666976
42.500000000000334,42.70000000000034,0.10000000000000142,0.1,1.4155343563970746e-15,0.0,6,0,113,95,36.53269155861281,32.12215398093721,40.66666666666698
42.600000000000335,42.80000000000034,0.10000000000000142,0.1,1.4155343563970746e-15,0.0,6,0,114,95,36.43269155861281,32.02215398093721,40.76666666666697
42.70000000000034,42.90000000000034,0.10000000000000142,0.1,1.4155343563970746e-15,0.0,6,0,115,96,36.332691558612815,31.92215398093721,40.86666666666698
42.80000000000034,43.00000000000034,0.10000000000000142,0.1,1.4155343563970746e-15,0.0,6,0,115,96,36.232691558612814,31.82215398093721,40.96666666666698
42.90000000000034,43.10000000000034,0.10000000000000142,0.1,1.4155343563970746e-15,0.0,6,0,115,96,36.13269155861281,31.722153980937208,41.06666666666698
43.00000000000034,43.200000000000344,0.10000000000000142,0.1,1.4155343563970746e-15,0.0,6,0,116,96,36.03269155861282,31.622153980937206,41.16666666666698
43.10000000000034,43.300000000000345,0.10000000000000142,0.1,1.4155343563970746e-15,0.0,6,0,118,96,35.93269155861281,31.522153980937205,41.266666666666985
43.200000000000344,43.40000000000035,0.10000000000000142,0.1,1.4155343563970746e-15,0.0,6,0,118,96,35.832691558612815,31.422153980937203,41.36666666666699
43.300000000000345,43.50000000000035,0.10000000000000142,0.1,1.4155343563970746e-15,0.0,6,0,118,96,35.732691558612814,31.322153980937202,41.46666666666699
43.40000000000035,43.60000000000035,0.10000000000000142,0.1,1.4155343563970746e-15,0.0,6,0,118,96,35.63269155861281,31.2221539809372,41.56666666666698
43.50000000000035,43.70000000000035,0.10000000000000142,0.1,1.4155343563970746e-15,0.0,6,0,118,96,35.53269155861282,31.1221539809372,41.66666666666699
43.60000000000035,43.80000000000035,0.10000000000000142,0.1,1.4155343563970746e-15,0.0,6,0,119,96,35.43269155861282,31.022153980937198,41.76666666666699
43.70000000000035,43.900000000000354,0.10000000000000142,0.1,1.4155343563970746e-15,0.0,6,0,120,97,35.332691558612815,30.922153980937196,41.866666666666994
43.80000000000035,44.000000000000355,0.10000000000000142,0.1,1.4155343563970746e-15,0.0,6,0,120,97,35.23269155861282,30.822153980937195,41.96666666666699
43.900000000000354,44.10000000000036,0.10000000000000142,0.1,1.4155343563970746e-15,0.0,6,0,121,97,35.13269155861281,30.722153980937193,42.066666666667
44.000000000000355,44.20000000000036,0.10000000000000142,0.1,1.4155343563970746e-15,0.0,6,0,121,97,35.03269155861282,30.622153980937192,42.166666666667
44.10000000000036,44.30000000000036,0.10000000000000142,0.1,1.4155343563970746e-15,0.0,6,0,121,97,34.93269155861282,30.52215398093719,42.266666666667
44.20000000000036,44.40000000000036,0.10000000000000142,0.1,1.4155343563970746e-15,0.0,6,0,122,97,34.832691558612815,30.42215398093719,42.366666666666994
44.30000000000036,44.50000000000036,0.10000000000000142,0.1,1.4155343563970746e-15,0.0,6,0,122,98,34.73269155861282,30.322153980937188,42.466666666667
44.40000000000036,44.600000000000364,0.10000000000000142,0.1,1.4155343563970746e-15,0.0,6,0,122,98,34.63269155861282,30.222153980937186,42.566666666667004
44.50000000000036,44.700000000000365,0.10000000000000142,0.1,1.4155343563970746e-15,0.0,6,0,122,99,34.53269155861282,30.122153980937185,42.666666666667005
44.600000000000364,44.80000000000037,0.10000000000000142,0.1,1.4155343563970746e-15,0.0,6,0,122,99,34.432691558612824,30.022153980937183,42.766666666667
44.700000000000365,44.90000000000037,0.10000000000000142,0.1,1.4155343563970746e-15,0.0,6,0,123,100,34.332691558612815,29.922153980937182,42.86666666666701
44.80000000000037,45.00000000000037,0.10000000000000142,0.1,1.4155343563970746e-15,0.0,6,0,123,100,34.23269155861282,29.82215398093718,42.96666666666701
44.90000000000037,45.10000000000037,0.10000000000000142,0.1,1.4155343563970746e-15,0.0,6,0,123,100,34.13269155861282,29.72215398093718,43.066666666667004
45.00000000000037,45.20000000000037,0.10000000000000142,0.1,1.4155343563970746e-15,0.0,6,0,123,100,34.03269155861282,29.622153980937178,43.166666666667005
45.10000000000037,45.300000000000374,0.10000000000000142,0.1,1.4155343563970746e-15,0.0,6,0,123,100,33.932691558612824,29.522153980937176,43.266666666667014
45.20000000000037,45.400000000000375,0.10000000000000142,0.1,1.4155343563970746e-15,0.0,6,0,124,100,33.83269155861282,29.422153980937175,43.366666666667015
45.300000000000374,45.50000000000038,0.10000000000000142,0.1,1.4155343563970746e-15,0.0,6,0,126,100,33.73269155861282,29.322153980937173,43.46666666666702
45.400000000000375,45.60000000000038,0.10000000000000142,0.1,1.4155343563970746e-15,0.0,6,0,127,100,33.63269155861283,29.222153980937172,43.56666666666701
45.50000000000038,45.70000000000038,0.10000000000000142,0.1,1.4155343563970746e-15,0.0,6,0,127,100,33.53269155861282,29.12215398093717,43.66666666666702
45.60000000000038,45.80000000000038,0.10000000000000142,0.1,1.4155343563970746e-15,0.0,6,0,127,100,33.432691558612824,29.02215398093717,43.76666666666702
45.70000000000038,45.90000000000038,0.10000000000000142,0.1,1.4155343563970746e-15,0.0,6,0,127,100,33.33269155861282,28.922153980937168,43.866666666667015
45.80000000000038,46.000000000000384,0.10000000000000142,0.1,1.4155343563970746e-15,0.0,6,0,127,100,33.23269155861282,28.822153980937166,43.96666666666702
45.90000000000038,46.100000000000385,0.10000000000000142,0.1,1.4155343563970746e-15,0.0,6,0,127,100,33.13269155861283,28.722153980937165,44.066666666667025
46.000000000000384,46.20000000000039,0.10000000000000142,0.1,1.4155343563970746e-15,0.0,6,0,127,101,33.032691558612825,28.622153980937163,44.16666666666703
46.100000000000385,46.30000000000039,0.10000000000000142,0.1,1.4155343563970746e-15,0.0,6,0,128,101,32.932691558612824,28.522153980937162,44.26666666666703
46.20000000000039,46.40000000000039,0.10000000000000142,0.1,1.4155343563970746e-15,0.0,6,0,129,101,32.83269155861283,28.42215398093716,44.36666666666702
46.30000000000039,46.50000000000039,0.10000000000000142,0.1,1.4155343563970746e-15,0.0,6,0,129,101,32.73269155861282,28.32215398093716,44.46666666666703
46.40000000000039,46.60000000000039,0.10000000000000142,0.1,1.4155343563970746e-15,0.0,6,0,130,101,32.63269155861283,28.222153980937158,44.56666666666703
46.50000000000039,46.700000000000394,0.10000000000000142,0.1,1.4155343563970746e-15,0.0,6,0,131,101,32.532691558612825,28.122153980937156,44.66666666666703
46.60000000000039,46.800000000000395,0.10000000000000142,0.1,1.4155343563970746e-15,0.0,6,0,131,101,32.432691558612824,28.022153980937155,44.76666666666703
46.700000000000394,46.9000000000004,0.10000000000000142,0.1,1.4155343563970746e-15,0.0,6,0,133,101,32.33269155861283,27.922153980937154,44.86666666666704
46.800000000000395,47.0000000000004,0.10000000000000142,0.1,1.4155343563970746e-15,0.0,6,0,134,102,32.23269155861283,27.822153980937152,44.96666666666704
46.9000000000004,47.1000000000004,0.10000000000000142,0.1,1.4155343563970746e-15,0.0,6,0,135,103,32.13269155861283,27.72215398093715,45.06666666666704
47.0000000000004,47.2000000000004,0.10000000000000142,0.1,1.4155343563970746e-15,0.0,6,0,135,103,32.03269155861283,27.62215398093715,45.166666666667034
47.1000000000004,47.3000000000004,0.10000000000000142,0.1,1.4155343563970746e-15,0.0,6,0,135,104,31.932691558612827,27.522153980937148,45.26666666666704
47.2000000000004,47.400000000000404,0.10000000000000142,0.1,1.4155343563970746e-15,0.0,6,0,135,104,31.832691558612826,27.422153980937146,45.366666666667044
47.3000000000004,47.500000000000405,0.10000000000000142,0.1,1.4155343563970746e-15,0.0,6,0,135,104,31.732691558612828,27.322153980937145,45.46666666666704
47.400000000000404,47.600000000000406,0.10000000000000142,0.1,1.4155343563970746e-15,0.0,6,0,135,105,31.63269155861283,27.222153980937144,45.56666666666704
47.500000000000405,47.70000000000041,0.10000000000000142,0.1,1.4155343563970746e-15,0.0,6,0,136,105,31.53269155861283,27.122153980937142,45.66666666666705
47.600000000000406,47.80000000000041,0.10000000000000142,0.1,1.4155343563970746e-15,0.0,6,0,136,106,31.43269155861283,27.02215398093714,45.76666666666705
47.70000000000041,47.90000000000041,0.10000000000000142,0.1,1.4155343563970746e-15,0.0,6,0,136,106,31.332691558612833,26.92215398093714,45.86666666666705
47.80000000000041,48.00000000000041,0.10000000000000142,0.1,1.4155343563970746e-15,0.0,6,0,136,106,31.232691558612828,26.822153980937138,45.966666666667045
47.90000000000041,48.10000000000041,0.10000000000000142,0.1,1.4155343563970746e-15,0.0,6,0,136,106,31.13269155861283,26.722153980937136,46.066666666667054
48.00000000000041,48.200000000000415,0.10000000000000142,0.1,1.4155343563970746e-15,0.0,6,0,136,106,31.03269155861283,26.622153980937135,46.166666666667055
48.10000000000041,48.300000000000416,0.10000000000000142,0.1,1.4155343563970746e-15,0.0,6,0,137,106,30.93269155861283,26.522153980937134,46.26666666666705
48.200000000000415,48.40000000000042,0.10000000000000142,0.1,1.4155343563970746e-15,0.0,6,0,138,106,30.832691558612833,26.422153980937132,46.36666666666705
48.300000000000416,48.50000000000042,0.10000000000000142,0.1,1.4155343563970746e-15,0.0,6,0,138,106,30.73269155861283,26.32215398093713,46.46666666666706
48.40000000000042,48.60000000000042,0.10000000000000142,0.1,1.4155343563970746e-15,0.0,6,0,139,106,30.632691558612834,26.22215398093713,46.56666666666706
48.50000000000042,48.70000000000042,0.10000000000000142,0.1,1.4155343563970746e-15,0.0,6,0,139,106,30.532691558612836,26.122153980937128,46.66666666666706
48.60000000000042,48.80000000000042,0.10000000000000142,0.1,1.4155343563970746e-15,0.0,6,0,140,106,30.43269155861283,26.022153980937127,46.76666666666706
48.70000000000042,48.900000000000425,0.10000000000000142,0.1,1.4155343563970746e-15,0.0,6,0,140,106,30.332691558612833,25.922153980937125,46.866666666667065
48.80000000000042,49.000000000000426,0.10000000000000142,0.1,1.4155343563970746e-15,0.0,6,0,141,106,30.23269155861283,25.822153980937124,46.96666666666707
48.900000000000425,49.10000000000043,0.10000000000000142,0.1,1.4155343563970746e-15,0.0,6,0,141,106,30.132691558612834,25.722153980937122,47.06666666666706
49.000000000000426,49.20000000000043,0.10000000000000142,0.1,1.4155343563970746e-15,0.0,6,0,141,106,30.032691558612836,25.62215398093712,47.16666666666706
49.10000000000043,49.30000000000043,0.10000000000000142,0.1,1.4155343563970746e-15,0.0,6,0,141,106,29.932691558612834,25.52215398093712,47.26666666666707
49.20000000000043,49.40000000000043,0.10000000000000142,0.1,1.4155343563970746e-15,0.0,6,0,142,106,29.832691558612837,25.422153980937118,47.36666666666707
49.30000000000043,49.50000000000043,0.10000000000000142,0.1,1.4155343563970746e-15,0.0,6,0,143,106,29.73269155861284,25.322153980937117,47.466666666667074
49.40000000000043,49.600000000000435,0.10000000000000142,0.1,1.4155343563970746e-15,0.0,6,0,144,106,29.632691558612837,25.222153980937115,47.56666666666707
49.50000000000043,49.700000000000436,0.10000000000000142,0.1,1.4155343563970746e-15,0.0,6,0,144,106,29.53269155861284,25.122153980937114,47.666666666667076
49.600000000000435,49.80000000000044,0.10000000000000142,0.1,1.4155343563970746e-15,0.0,6,0,145,106,29.43269155861284,25.022153980937112,47.76666666666708
49.700000000000436,49.90000000000044,0.10000000000000142,0.1,1.4155343563970746e-15,0.0,6,0,146,106,29.33269155861284,24.92215398093711,47.86666666666707
49.80000000000044,50.00000000000044,0.10000000000000142,0.1,1.4155343563970746e-15,0.0,6,0,147,107,29.23269155861284,24.82215398093711,47.966666666667074
49.90000000000044,50.10000000000044,0.10000000000000142,0.1,1.4155343563970746e-15,0.0,6,0,149,107,29.132691558612837,24.722153980937108,48.06666666666708
50.00000000000044,50.20000000000044,0.10000000000000142,0.1,1.4155343563970746e-15,0.0,6,0,149,107,29.03269155861284,24.622153980937107,48.16666666666708
50.10000000000044,50.300000000000445,0.10000000000000142,0.1,1.4155343563970746e-15,0.0,6,0,137,108,28.93269155861284,24.522153980937105,48.266666666667085
50.20000000000044,50.400000000000446,0.10000000000000142,0.1,1.4155343563970746e-15,0.0,6,0,131,108,28.83269155861284,24.422153980937104,48.36666666666708
50.300000000000445,50.50000000000045,0.10000000000000142,0.1,1.4155343563970746e-15,0.0,6,0,127,108,28.732691558612842,24.322153980937102,48.46666666666709
50.400000000000446,50.60000000000045,0.10000000000000142,0.1,1.4155343563970746e-15,0.0,6,0,125,108,28.632691558612844,24.2221539809371,48.56666666666709
50.50000000000045,50.70000000000045,0.10000000000000142,0.1,1.4155343563970746e-15,0.0,6,0,124,108,28.532691558612843,24.1221539809371,48.66666666666708
50.60000000000045,50.80000000000045,0.10000000000000142,0.1,1.4155343563970746e-15,0.0,6,0,124,108,28.432691558612845,24.022153980937098,48.766666666667085
50.70000000000045,50.90000000000045,0.10000000000000142,0.1,1.4155343563970746e-15,0.0,6,0,125,108,28.332691558612847,23.922153980937097,48.86666666666709
50.80000000000045,51.000000000000455,0.10000000000000142,0.1,1.4155343563970746e-15,0.0,6,0,125,109,28.232691558612846,23.822153980937095,48.966666666667095
50.90000000000045,51.100000000000456,0.10000000000000142,0.1,1.4155343563970746e-15,0.0,6,0,124,109,28.132691558612848,23.722153980937094,49.066666666667096
51.000000000000455,51.20000000000046,0.10000000000000142,0.1,1.4155343563970746e-15,0.0,6,0,124,110,28.03269155861285,23.622153980937092,49.16666666666709
51.100000000000456,51.30000000000046,0.10000000000000142,0.1,1.4155343563970746e-15,0.0,6,0,124,110,27.932691558612845,23.52215398093709,49.2666666666671
51.20000000000046,51.40000000000046,0.10000000000000142,0.1,1.4155343563970746e-15,0.0,6,0,124,110,27.832691558612847,23.42215398093709,49.3666666666671
51.30000000000046,51.50000000000046,0.10000000000000142,0.1,1.4155343563970746e-15,0.0,6,0,123,110,27.732691558612846,23.322153980937088,49.466666666667095
51.40000000000046,51.60000000000046,0.10000000000000142,0.1,1.4155343563970746e-15,0.0,6,0,123,110,27.632691558612848,23.222153980937087,49.566666666667096
51.50000000000046,51.700000000000465,0.10000000000000142,0.1,1.4155343563970746e-15,0.0,5,0,124,110,33.068244725985544,23.122153980937085,49.640000000000434
51.60000000000046,51.800000000000466,0.10000000000000142,0.1,1.4155343563970746e-15,0.0,5,0,124,110,32.96824472598554,23.022153980937084,49.740000000000435
51.700000000000465,51.90000000000047,0.10000000000000142,0.1,1.4155343563970746e-15,0.0,5,0,125,110,32.86824472598555,22.922153980937082,49.840000000000444
51.800000000000466,52.00000000000047,0.10000000000000142,0.1,1.4155343563970746e-15,0.0,5,0,125,110,32.76824472598555,22.82215398093708,49.94000000000044
51.90000000000047,52.10000000000047,0.10000000000000142,0.1,1.4155343563970746e-15,0.0,5,0,125,110,32.668244725985545,22.72215398093708,50.04000000000044
52.00000000000047,52.20000000000047,0.10000000000000142,0.1,1.4155343563970746e-15,0.0,5,0,126,110,32.568244725985544,22.622153980937078,50.14000000000044
52.10000000000047,52.30000000000047,0.10000000000000142,0.1,1.4155343563970746e-15,0.0,5,0,128,110,32.46824472598554,22.522153980937077,50.24000000000044
52.20000000000047,52.400000000000475,0.10000000000000142,0.1,1.4155343563970746e-15,0.0,5,0,130,110,32.36824472598555,22.422153980937075,50.340000000000444
52.30000000000047,52.500000000000476,0.10000000000000142,0.1,1.4155343563970746e-15,0.0,5,0,131,110,32.268244725985554,22.322153980937074,50.440000000000445
52.400000000000475,52.60000000000048,0.10000000000000142,0.1,1.4155343563970746e-15,0.0,5,0,133,110,32.16824472598555,22.222153980937073,50.54000000000045
52.500000000000476,52.70000000000048,0.10000000000000142,0.1,1.4155343563970746e-15,0.0,5,0,133,110,32.06824472598555,22.12215398093707,50.640000000000455
52.60000000000048,52.80000000000048,0.10000000000000142,0.1,1.4155343563970746e-15,0.0,5,0,134,110,31.96824472598555,22.02215398093707,50.74000000000045
52.70000000000048,52.90000000000048,0.10000000000000142,0.1,1.4155343563970746e-15,0.0,5,0,134,110,31.86824472598555,21.92215398093707,50.84000000000045
52.80000000000048,53.00000000000048,0.10000000000000142,0.1,1.4155343563970746e-15,0.0,5,0,134,110,31.76824472598555,21.822153980937067,50.94000000000045
52.90000000000048,53.100000000000485,0.10000000000000142,0.1,1.4155343563970746e-15,0.0,5,0,135,110,31.668244725985552,21.722153980937065,51.040000000000454
53.00000000000048,53.200000000000486,0.10000000000000142,0.1,1.4155343563970746e-15,0.0,5,0,136,110,31.56824472598555,21.622153980937064,51.140000000000455
53.100000000000485,53.30000000000049,0.10000000000000142,0.1,1.4155343563970746e-15,0.0,5,0,136,111,31.468244725985556,21.522153980937063,51.240000000000464
53.200000000000486,53.40000000000049,0.10000000000000142,0.1,1.4155343563970746e-15,0.0,5,0,136,111,31.368244725985555,21.42215398093706,51.340000000000465
53.30000000000049,53.50000000000049,0.10000000000000142,0.1,1.4155343563970746e-15,0.0,5,0,136,111,31.268244725985557,21.32215398093706,51.44000000000047
53.40000000000049,53.60000000000049,0.10000000000000142,0.1,1.4155343563970746e-15,0.0,5,0,136,111,31.168244725985556,21.22215398093706,51.54000000000046
53.50000000000049,53.70000000000049,0.10000000000000142,0.1,1.4155343563970746e-15,0.0,5,0,136,112,31.068244725985558,21.122153980937057,51.64000000000046
53.60000000000049,53.800000000000495,0.10000000000000142,0.1,1.4155343563970746e-15,0.0,5,0,137,112,30.968244725985556,21.022153980937055,51.740000000000464
53.70000000000049,53.900000000000496,0.10000000000000142,0.1,1.4155343563970746e-15,0.0,5,0,138,112,30.868244725985555,20.922153980937054,51.840000000000465
53.800000000000495,54.0000000000005,0.10000000000000142,0.1,1.4155343563970746e-15,0.0,5,0,138,113,30.76824472598556,20.822153980937053,51.94000000000047
53.900000000000496,54.1000000000005,0.10000000000000142,0.1,1.4155343563970746e-15,0.0,5,0,139,113,30.668244725985563,20.72215398093705,52.04000000000046
54.0000000000005,54.2000000000005,0.10000000000000142,0.1,1.4155343563970746e-15,0.0,5,0,140,113,30.56824472598556,20.62215398093705,52.14000000000048
54.1000000000005,54.3000000000005,0.10000000000000142,0.1,1.4155343563970746e-15,0.0,5,0,140,113,30.468244725985564,20.52215398093705,52.24000000000048
54.2000000000005,54.4000000000005,0.10000000000000142,0.1,1.4155343563970746e-15,0.0,5,0,141,113,30.368244725985562,20.422153980937047,52.34000000000047
54.3000000000005,54.500000000000504,0.10000000000000142,0.1,1.4155343563970746e-15,0.0,5,0,142,113,30.26824472598556,20.322153980937046,52.440000000000474
54.4000000000005,54.600000000000506,0.10000000000000142,0.1,1.4155343563970746e-15,0.0,5,0,143,113,30.168244725985563,20.222153980937044,52.540000000000475
54.500000000000504,54.70000000000051,0.10000000000000142,0.1,1.4155343563970746e-15,0.0,5,0,143,113,30.06824472598556,20.122153980937043,52.64000000000048
54.600000000000506,54.80000000000051,0.10000000000000142,0.1,1.4155343563970746e-15,0.0,5,0,144,113,29.968244725985564,20.02215398093704,52.74000000000048
54.70000000000051,54.90000000000051,0.10000000000000142,0.1,1.4155343563970746e-15,0.0,5,0,144,113,29.86824472598557,19.92215398093704,52.84000000000049
54.80000000000051,55.00000000000051,0.10000000000000142,0.1,1.4155343563970746e-15,0.0,5,0,144,114,29.768244725985568,19.82215398093704,52.94000000000049
54.90000000000051,55.10000000000051,0.10000000000000142,0.1,1.4155343563970746e-15,0.0,5,0,145,114,29.668244725985566,19.722153980937037,53.04000000000049
55.00000000000051,55.200000000000514,0.10000000000000142,0.1,1.4155343563970746e-15,0.0,5,0,144,114,29.56824472598557,19.622153980937036,53.140000000000484
55.10000000000051,55.300000000000516,0.10000000000000142,0.1,1.4155343563970746e-15,0.0,5,0,146,115,29.468244725985567,19.522153980937034,53.240000000000485
55.200000000000514,55.40000000000052,0.10000000000000142,0.1,1.4155343563970746e-15,0.0,5,0,148,115,29.36824472598557,19.422153980937033,53.34000000000049
55.300000000000516,55.50000000000052,0.10000000000000142,0.1,1.4155343563970746e-15,0.0,5,0,148,114,29.268244725985568,19.32215398093703,53.44000000000049
55.40000000000052,55.60000000000052,0.10000000000000142,0.1,1.4155343563970746e-15,0.0,5,0,148,114,29.168244725985566,19.22215398093703,53.54000000000049
55.50000000000052,55.70000000000052,0.10000000000000142,0.1,1.4155343563970746e-15,0.0,5,0,148,114,29.06824472598557,19.12215398093703,53.640000000000484
55.60000000000052,55.80000000000052,0.10000000000000142,0.1,1.4155343563970746e-15,0.0,5,0,148,113,28.968244725985574,19.022153980937027,53.7400000000005
55.70000000000052,55.900000000000524,0.10000000000000142,0.1,1.4155343563970746e-15,0.0,5,0,147,113,28.868244725985573,18.922153980937026,53.8400000000005
55.80000000000052,56.000000000000526,0.10000000000000142,0.1,1.4155343563970746e-15,0.0,5,0,147,113,28.768244725985575,18.822153980937024,53.940000000000495
55.900000000000524,56.10000000000053,0.10000000000000142,0.1,1.4155343563970746e-15,0.0,5,0,147,113,28.668244725985573,18.722153980937023,54.0400000000005
56.000000000000526,56.20000000000053,0.10000000000000142,0.1,1.4155343563970746e-15,0.0,5,0,148,113,28.568244725985572,18.62215398093702,54.1400000000005
56.10000000000053,56.30000000000053,0.10000000000000142,0.1,1.4155343563970746e-15,0.0,5,0,149,113,28.468244725985574,18.52215398093702,54.2400000000005
56.20000000000053,56.40000000000053,0.10000000000000142,0.1,1.4155343563970746e-15,0.0,5,0,148,113,28.368244725985573,18.42215398093702,54.3400000000005
56.30000000000053,56.50000000000053,0.10000000000000142,0.1,1.4155343563970746e-15,0.0,5,0,148,112,28.268244725985575,18.322153980937017,54.44000000000051
56.40000000000053,56.600000000000534,0.10000000000000142,0.1,1.4155343563970746e-15,0.0,5,0,148,112,28.168244725985573,18.222153980937016,54.54000000000051
56.50000000000053,56.700000000000536,0.10000000000000142,0.1,1.4155343563970746e-15,0.0,5,0,148,110,28.068244725985572,18.122153980937014,54.64000000000051
56.600000000000534,56.80000000000054,0.10000000000000142,0.1,1.4155343563970746e-15,0.0,5,0,148,109,27.968244725985578,18.022153980937013,54.74000000000051
56.700000000000536,56.90000000000054,0.10000000000000142,0.1,1.4155343563970746e-15,0.0,5,0,150,109,27.762004003804144,17.92215398093701,54.84000000000051
56.80000000000054,57.06000000000054,0.1600000000000037,0.1,0.06000000000000369,0.0,5,0,151,109,39.56200400380422,23.131767031851965,54.94000000000051
56.90000000000054,57.160000000000544,0.10000000000000142,0.1,1.4155343563970746e-15,0.0,5,0,151,109,39.39802215585809,23.031767031851963,55.04000000000051
57.00000000000054,57.260000000000545,0.10000000000000142,0.1,1.4155343563970746e-15,0.0,5,0,152,109,39.18458598634855,22.93176703185196,55.14000000000051
57.10000000000054,57.36000000000055,0.10000000000000142,0.1,1.4155343563970746e-15,0.0,5,0,153,109,38.98002464653712,22.83176703185196,55.24000000000051
57.20000000000054,57.46000000000055,0.10000000000000142,0.1,1.4155343563970746e-15,0.0,5,0,155,110,38.780024646537115,22.73176703185196,55.34000000000052
57.300000000000544,57.56000000000055,0.10000000000000142,0.1,1.4155343563970746e-15,0.0,5,0,154,110,38.58002464653712,22.631767031851957,55.44000000000052
57.400000000000546,57.66000000000055,0.10000000000000142,0.1,1.4155343563970746e-15,0.0,5,0,155,110,38.380024646537116,22.531767031851956,55.54000000000052
57.50000000000055,57.802000000000554,0.142000000000003,0.1,0.04200000000000301,0.0,5,0,155,111,46.58002464653713,22.431767031851955,55.64000000000052
57.60000000000055,57.902000000000555,0.10000000000000142,0.1,1.4155343563970746e-15,0.0,5,0,156,111,46.43676914153944,22.331767031851953,55.74000000000052
57.70000000000055,58.00200000000056,0.10000000000000142,0.1,1.4155343563970746e-15,0.0,5,0,156,111,46.22545430292983,22.231767031851952,55.84000000000052
57.80000000000055,58.10200000000056,0.10000000000000142,0.1,1.4155343563970746e-15,0.0,5,0,157,111,46.02545430292984,22.13176703185195,55.94000000000052
57.90000000000055,58.20200000000056,0.10000000000000142,0.1,1.4155343563970746e-15,0.0,5,0,157,110,45.825454302929835,22.03176703185195,56.04000000000053
58.000000000000554,58.30200000000056,0.10000000000000142,0.1,1.4155343563970746e-15,0.0,5,0,158,110,45.65703398067104,21.931767031851948,56.14000000000053
58.100000000000556,58.52200000000057,0.22000000000000597,0.1,0.12000000000000596,0.0,5,0,157,110,69.41371529719524,21.831767031851946,56.240000000000535
58.20000000000056,58.62200000000057,0.10000000000000142,0.1,1.4155343563970746e-15,0.0,6,0,158,109,53.544639393349264,74.9,46.9666666666671
58.30000000000056,58.78200000000057,0.1600000000000037,0.1,0.06000000000000369,0.0,6,0,158,109,63.19788919439628,74.14511022389931,47.06666666666711
58.40000000000056,58.91920000000057,0.1372,0.1,0.03719999999999998,0.0,7,0,157,109,55.67529025475944,64.85039749230546,40.44285714285753
58.50000000000056,59.01920000000057,0.10000000000000142,0.1,1.4155343563970746e-15,0.0,7,0,158,109,55.33489796731887,64.08480866976643,40.54285714285753
58.60000000000056,59.119200000000575,0.10000000000000142,0.1,1.4155343563970746e-15,0.0,7,0,158,109,55.00471922919081,63.42263881851621,40.64285714285752
58.700000000000564,59.219200000000576,0.10000000000000142,0.1,1.4155343563970746e-15,0.0,7,0,158,108,54.68889989394247,62.82263881851621,40.742857142857524
58.800000000000566,59.31920000000058,0.10000000000000142,0.1,1.4155343563970746e-15,0.0,7,0,158,107,54.37461417965676,62.22263881851621,40.84285714285753
58.90000000000057,59.47920000000058,0.1600000000000037,0.1,0.06000000000000369,0.0,7,0,157,107,62.63175703679967,61.62263881851621,40.94285714285753
59.00000000000057,59.57920000000058,0.10000000000000142,0.1,1.4155343563970746e-15,0.0,7,0,157,107,62.2629836009404,61.02263881851621,41.04285714285753
59.10000000000057,59.679200000000584,0.10000000000000142,0.1,1.4155343563970746e-15,0.0,7,0,159,106,61.868149230501665,60.422638818516205,41.14285714285753
59.20000000000057,59.779200000000586,0.10000000000000142,0.1,1.4155343563970746e-15,0.0,7,0,160,106,61.48243494478738,59.822638818516204,41.24285714285753
59.30000000000057,59.87920000000059,0.10000000000000142,0.1,1.4155343563970746e-15,0.0,7,0,160,106,61.21354758362936,59.441107000078325,41.34285714285753
59.400000000000574,59.97920000000059,0.10000000000000142,0.1,1.4155343563970746e-15,0.0,7,0,160,106,61.042119012200786,59.341107000078324,41.442857142857534
59.500000000000576,60.07920000000059,0.10000000000000142,0.1,1.4155343563970746e-15,0.0,7,0,161,106,60.870690440772215,59.24110700007832,41.542857142857535
59.60000000000058,60.21400000000059,0.13479999999999848,0.1,0.03479999999999847,0.0,7,0,160,106,65.67069044077222,59.14110700007832,41.64285714285753
59.70000000000058,60.31400000000059,0.10000000000000142,0.1,1.4155343563970746e-15,0.0,8,0,160,105,54.22174424181914,62.45620709770065,36.53750000000034
59.80000000000058,60.45960000000059,0.14560000000000173,0.1,0.04560000000000172,0.0,8,0,159,104,59.65788972949013,74.26038222600697,36.637500000000344
59.90000000000058,60.55960000000059,0.10000000000000142,0.1,1.4155343563970746e-15,0.0,8,0,159,104,59.423196178161206,73.58283381537554,36.737500000000345
60.00000000000058,60.659600000000594,0.10000000000000142,0.1,1.4155343563970746e-15,0.0,8,0,159,104,59.192470869471556,72.98283381537554,36.83750000000035
60.100000000000584,60.759600000000596,0.10000000000000142,0.1,1.4155343563970746e-15,0.0,8,0,159,105,58.96747086947156,72.38283381537555,36.93750000000035
60.200000000000585,60.8596000000006,0.10000000000000142,0.1,1.4155343563970746e-15,0.0,8,0,161,105,58.74247086947156,71.78283381537555,37.03750000000035
60.30000000000059,60.9596000000006,0.10000000000000142,0.1,1.4155343563970746e-15,0.0,8,0,161,105,58.48828079259271,70.94931320034473,37.13750000000035
60.40000000000059,61.0596000000006,0.10000000000000142,0.1,1.4155343563970746e-15,0.0,8,0,160,105,58.26328079259272,70.34931320034474,37.23750000000035
60.50000000000059,61.1596000000006,0.10000000000000142,0.1,1.4155343563970746e-15,0.0,8,0,161,105,58.03152210979828,69.69524373798926,37.337500000000354
60.60000000000059,61.2596000000006,0.10000000000000142,0.1,1.4155343563970746e-15,0.0,8,0,161,104,57.80652210979829,69.09524373798926,37.437500000000355
60.70000000000059,61.359600000000604,0.10000000000000142,0.1,1.4155343563970746e-15,0.0,8,0,163,104,57.598619764624836,68.49524373798927,37.53750000000036
60.800000000000594,61.459600000000606,0.10000000000000142,0.1,1.4155343563970746e-15,0.0,8,0,165,103,57.436119764624834,67.89524373798928,37.63750000000036
60.900000000000595,61.55960000000061,0.10000000000000142,0.1,1.4155343563970746e-15,0.0,8,0,165,103,57.27361976462484,67.29524373798928,37.73750000000035
61.0000000000006,61.65960000000061,0.10000000000000142,0.1,1.4155343563970746e-15,0.0,8,0,166,103,57.111119764624846,66.69524373798929,37.837500000000354
61.1000000000006,61.75960000000061,0.10000000000000142,0.1,1.4155343563970746e-15,0.0,8,0,166,103,56.948619764624844,66.09524373798929,37.937500000000355
61.2000000000006,61.85960000000061,0.10000000000000142,0.1,1.4155343563970746e-15,0.0,8,0,166,102,56.78611976462485,65.4952437379893,38.03750000000036
61.3000000000006,61.95960000000061,0.10000000000000142,0.1,1.4155343563970746e-15,0.0,8,0,167,102,56.62361976462485,64.8952437379893,38.13750000000036
61.4000000000006,62.059600000000614,0.10000000000000142,0.1,1.4155343563970746e-15,0.0,8,0,168,102,56.461119764624854,64.29524373798931,38.23750000000036
61.500000000000604,62.159600000000616,0.10000000000000142,0.1,1.4155343563970746e-15,0.0,8,0,167,102,56.29861976462485,63.69524373798931,38.33750000000036
61.600000000000605,62.25960000000062,0.10000000000000142,0.1,1.4155343563970746e-15,0.0,8,0,167,102,56.13611976462486,63.09524373798931,38.43750000000036
61.70000000000061,62.35960000000062,0.10000000000000142,0.1,1.4155343563970746e-15,0.0,8,0,167,102,55.97361976462486,62.495243737989306,38.537500000000364
61.80000000000061,62.45960000000062,0.10000000000000142,0.1,1.4155343563970746e-15,0.0,8,0,166,101,55.81111976462486,61.895243737989304,38.637500000000365
61.90000000000061,62.55960000000062,0.10000000000000142,0.1,1.4155343563970746e-15,0.0,8,0,165,100,55.64861976462486,61.2952437379893,38.73750000000037
62.00000000000061,62.65960000000062,0.10000000000000142,0.1,1.4155343563970746e-15,0.0,8,0,164,99,55.48611976462486,60.6952437379893,38.83750000000037
62.10000000000061,62.759600000000624,0.10000000000000142,0.1,1.4155343563970746e-15,0.0,8,0,165,99,55.323619764624866,60.0952437379893,38.93750000000037
62.200000000000614,62.859600000000626,0.10000000000000142,0.1,1.4155343563970746e-15,0.0,8,0,165,100,55.17992841033076,59.64571290363646,39.03750000000037
62.300000000000615,62.95960000000063,0.10000000000000142,0.1,1.4155343563970746e-15,0.0,8,0,165,99,55.079928410330766,59.545712903636456,39.137500000000365
62.40000000000062,63.05960000000063,0.10000000000000142,0.1,1.4155343563970746e-15,0.0,8,0,166,98,54.979928410330764,59.445712903636455,39.23750000000037
62.50000000000062,63.15960000000063,0.10000000000000142,0.1,1.4155343563970746e-15,0.0,8,0,166,97,54.87992841033076,59.34571290363645,39.33750000000037
62.60000000000062,63.25960000000063,0.10000000000000142,0.1,1.4155343563970746e-15,0.0,8,0,167,97,54.77992841033077,59.24571290363645,39.43750000000037
62.70000000000062,63.35960000000063,0.10000000000000142,0.1,1.4155343563970746e-15,0.0,8,0,168,97,54.67992841033077,59.14571290363645,39.53750000000037
62.80000000000062,63.459600000000634,0.10000000000000142,0.1,1.4155343563970746e-15,0.0,8,0,170,96,54.57992841033077,59.04571290363645,39.63750000000037
62.900000000000624,63.559600000000636,0.10000000000000142,0.1,1.4155343563970746e-15,0.0,8,0,170,95,54.47992841033077,58.94571290363645,39.737500000000374
63.000000000000625,63.65960000000064,0.10000000000000142,0.1,1.4155343563970746e-15,0.0,8,0,170,95,54.37992841033078,58.845712903636446,39.837500000000375
63.10000000000063,63.75960000000064,0.10000000000000142,0.1,1.4155343563970746e-15,0.0,8,0,172,96,54.279928410330776,58.745712903636445,39.93750000000038
63.20000000000063,63.85960000000064,0.10000000000000142,0.1,1.4155343563970746e-15,0.0,8,0,172,95,54.179928410330774,58.64571290363644,40.03750000000038
63.30000000000063,63.95960000000064,0.10000000000000142,0.1,1.4155343563970746e-15,0.0,8,0,172,94,54.07992841033078,58.54571290363644,40.13750000000038
63.40000000000063,64.05960000000064,0.10000000000000142,0.1,1.4155343563970746e-15,0.0,8,0,173,93,53.97992841033078,58.44571290363644,40.23750000000038
63.50000000000063,64.15960000000064,0.09999999999999432,0.1,-5.689893001203927e-15,0.0,8,0,173,93,53.879928410330784,58.34571290363644,40.337500000000375
63.600000000000634,64.25960000000063,0.09999999999999432,0.1,-5.689893001203927e-15,0.0,8,0,173,93,53.77992841033078,58.24571290363644,40.43750000000038
63.700000000000635,64.35960000000063,0.09999999999999432,0.1,-5.689893001203927e-15,0.0,8,0,172,93,53.67992841033079,58.145712903636436,40.53750000000038
63.80000000000064,64.45960000000062,0.09999999999999432,0.1,-5.689893001203927e-15,0.0,8,0,172,93,53.57992841033079,58.045712903636435,40.63750000000038
63.90000000000064,64.55960000000061,0.09999999999999432,0.1,-5.689893001203927e-15,0.0,8,0,172,93,53.479928410330785,57.945712903636434,40.73750000000038
64.00000000000064,64.65960000000061,0.09999999999999432,0.1,-5.689893001203927e-15,0.0,8,0,172,93,53.37992841033079,57.84571290363643,40.83750000000038
64.10000000000063,64.7596000000006,0.09999999999999432,0.1,-5.689893001203927e-15,0.0,8,0,173,93,53.27992841033079,57.74571290363643,40.937500000000384
64.20000000000063,64.8596000000006,0.09999999999999432,0.1,-5.689893001203927e-15,0.0,8,0,173,93,53.179928410330795,57.64571290363643,41.03750000000038
64.30000000000062,64.95960000000059,0.09999999999999432,0.1,-5.689893001203927e-15,0.0,8,0,173,93,53.079928410330794,57.54571290363643,41.13750000000038
64.40000000000062,65.05960000000059,0.09999999999999432,0.1,-5.689893001203927e-15,0.0,8,0,173,92,52.9799284103308,57.44571290363643,41.237500000000374
64.50000000000061,65.15960000000058,0.09999999999999432,0.1,-5.689893001203927e-15,0.0,8,0,173,92,52.8799284103308,57.345712903636425,41.337500000000375
64.6000000000006,65.25960000000057,0.09999999999999432,0.1,-5.689893001203927e-15,0.0,8,0,173,92,52.64906638199968,57.245712903636424,41.43750000000037
64.7000000000006,65.35960000000057,0.09999999999999432,0.1,-5.689893001203927e-15,0.0,8,0,174,92,52.40097297896707,57.14571290363642,41.53750000000037
64.8000000000006,65.45960000000056,0.09999999999999432,0.1,-5.689893001203927e-15,0.0,7,0,176,91,59.653790651695616,57.04571290363642,38.585714285714616
64.90000000000059,65.55960000000056,0.09999999999999432,0.1,-5.689893001203927e-15,0.0,7,0,177,91,59.410933508838475,56.94571290363642,38.68571428571461
65.00000000000058,65.71960000000055,0.1599999999999966,0.1,0.059999999999996584,0.0,7,0,176,90,67.73950493740996,86.53504922419131,38.78571428571461
65.10000000000058,65.81960000000055,0.09999999999999432,0.1,-5.689893001203927e-15,0.0,7,0,176,90,67.50962094793351,86.43504922419132,38.885714285714606
65.20000000000057,65.91960000000054,0.09999999999999432,0.1,-5.689893001203927e-15,0.0,7,0,176,90,67.25411989493747,86.33504922419132,38.98571428571461
65.30000000000057,66.01960000000054,0.09999999999999432,0.1,-5.689893001203927e-15,0.0,7,0,177,89,66.99882634615126,86.23504922419133,39.08571428571461
65.40000000000056,66.11960000000053,0.09999999999999432,0.1,-5.689893001203927e-15,0.0,7,0,178,89,66.7476102007249,86.13504922419133,39.1857142857146
65.50000000000055,66.21960000000053,0.09999999999999432,0.1,-5.689893001203927e-15,0.0,7,0,179,89,66.48703107207989,86.03504922419134,39.285714285714604
65.60000000000055,66.31960000000052,0.09999999999999432,0.1,-5.689893001203927e-15,0.0,7,0,179,89,66.22498215050011,85.93504922419135,39.3857142857146
65.70000000000054,66.41960000000051,0.09999999999999432,0.1,-5.689893001203927e-15,0.0,7,0,181,88,65.98212500764298,85.83504922419135,39.48571428571459
65.80000000000054,66.5448000000005,0.12519999999999243,0.1,0.025199999999992423,0.0,7,0,181,89,69.33926786478584,85.73504922419136,39.58571428571459
65.90000000000053,66.6448000000005,0.09999999999999432,0.1,-5.689893001203927e-15,0.0,7,0,181,89,69.10996551788325,85.63504922419136,39.68571428571459
66.00000000000053,66.7448000000005,0.09999999999999432,0.1,-5.689893001203927e-15,0.0,7,0,181,89,68.79110813749227,85.53504922419137,39.78571428571458
66.10000000000052,66.84480000000049,0.09999999999999432,0.1,-5.689893001203927e-15,0.0,7,0,181,89,68.54825099463514,85.43504922419137,39.885714285714585
66.20000000000051,66.94480000000048,0.09999999999999432,0.1,-5.689893001203927e-15,0.0,7,0,181,88,68.30539385177799,85.33504922419138,39.985714285714586
66.30000000000051,67.04480000000048,0.09999999999999432,0.1,-5.689893001203927e-15,0.0,7,0,181,89,68.18720471542464,85.23504922419139,40.08571428571458
66.4000000000005,67.14480000000047,0.09999999999999432,0.1,-5.689893001203927e-15,0.0,7,0,181,89,68.06901557907129,85.13504922419139,40.18571428571458
66.5000000000005,67.24480000000047,0.09999999999999432,0.1,-5.689893001203927e-15,0.0,7,0,181,89,67.95082644271793,85.0350492241914,40.285714285714576
66.60000000000049,67.34480000000046,0.09999999999999432,0.1,-5.689893001203927e-15,0.0,7,0,183,89,67.83263730636456,84.9350492241914,40.38571428571458
66.70000000000049,67.44480000000046,0.09999999999999432,0.1,-5.689893001203927e-15,0.0,7,0,182,89,67.73263730636457,84.83504922419141,40.48571428571457
66.80000000000048,67.54480000000045,0.09999999999999432,0.1,-5.689893001203927e-15,0.0,7,0,182,90,67.63263730636457,84.73504922419141,40.585714285714566
66.90000000000047,67.64480000000044,0.09999999999999432,0.1,-5.689893001203927e-15,0.0,7,0,182,90,67.53263730636458,84.63504922419142,40.68571428571456
67.00000000000047,67.74480000000044,0.09999999999999432,0.1,-5.689893001203927e-15,0.0,7,0,182,90,67.43263730636458,84.53504922419143,40.78571428571456
67.10000000000046,67.84480000000043,0.09999999999999432,0.1,-5.689893001203927e-15,0.0,7,0,182,90,67.33263730636459,84.43504922419143,40.88571428571456
67.20000000000046,67.94480000000043,0.09999999999999432,0.1,-5.689893001203927e-15,0.0,7,0,182,89,67.23263730636458,84.33504922419144,40.98571428571456
67.30000000000045,68.04480000000042,0.09999999999999432,0.1,-5.689893001203927e-15,0.0,7,0,182,89,67.13263730636459,84.23504922419144,41.08571428571456
67.40000000000045,68.14480000000042,0.09999999999999432,0.1,-5.689893001203927e-15,0.0,7,0,182,88,67.03263730636459,84.13504922419145,41.18571428571455
67.50000000000044,68.24480000000041,0.09999999999999432,0.1,-5.689893001203927e-15,0.0,7,0,182,88,66.9326373063646,84.03504922419145,41.285714285714555
67.60000000000043,68.3448000000004,0.09999999999999432,0.1,-5.689893001203927e-15,0.0,7,0,182,87,66.8326373063646,83.93504922419146,41.38571428571455
67.70000000000043,68.4448000000004,0.09999999999999432,0.1,-5.689893001203927e-15,0.0,7,0,183,87,66.7326373063646,83.83504922419147,41.48571428571455
67.80000000000042,68.5448000000004,0.09999999999999432,0.1,-5.689893001203927e-15,0.0,7,0,185,88,66.39202927652069,83.73504922419147,41.58571428571455
67.90000000000042,68.70480000000039,0.1599999999999966,0.1,0.059999999999996584,0.0,7,0,184,86,74.72060070509217,83.63504922419148,41.68571428571454
68.00000000000041,68.80480000000038,0.09999999999999432,0.1,-5.689893001203927e-15,0.0,7,0,187,85,74.47614432199158,83.53504922419148,41.78571428571454
68.1000000000004,68.90480000000038,0.09999999999999432,0.1,-5.689893001203927e-15,0.0,7,0,187,85,74.17790580243118,83.43504922419149,41.885714285714535
68.2000000000004,69.00480000000037,0.09999999999999432,0.1,-5.689893001203927e-15,0.0,7,0,187,85,73.88326627864355,83.3350492241915,41.985714285714536
68.3000000000004,69.10480000000037,0.09999999999999432,0.1,-5.689893001203927e-15,0.0,7,0,186,85,73.62883958267014,83.2350492241915,42.08571428571453
68.40000000000039,69.20480000000036,0.09999999999999432,0.1,-5.689893001203927e-15,0.0,7,0,188,84,73.385982439813,83.1350492241915,42.18571428571453
68.50000000000038,69.34740000000035,0.1425999999999874,0.1,0.0425999999999874,0.0,7,0,187,84,79.24222666126603,94.07596754215729,42.285714285714526
68.60000000000038,69.44740000000034,0.09999999999999432,0.1,-5.689893001203927e-15,0.0,7,0,188,84,79.10047938123061,93.97596754215729,42.38571428571453
68.70000000000037,69.54740000000034,0.09999999999999432,0.1,-5.689893001203927e-15,0.0,7,0,188,84,79.00047938123063,93.8759675421573,42.48571428571453
68.80000000000037,69.64740000000033,0.09999999999999432,0.1,-5.689893001203927e-15,0.0,7,0,189,83,78.90047938123064,93.7759675421573,42.58571428571452
68.90000000000036,69.74740000000033,0.09999999999999432,0.1,-5.689893001203927e-15,0.0,7,0,189,84,78.80047938123063,93.67596754215731,42.685714285714525
69.00000000000036,69.84740000000032,0.09999999999999432,0.1,-5.689893001203927e-15,0.0,7,0,189,85,78.70047938123064,93.57596754215731,42.78571428571451
69.10000000000035,69.94740000000031,0.09999999999999432,0.1,-5.689893001203927e-15,0.0,7,0,189,85,78.60047938123064,93.47596754215732,42.88571428571451
69.20000000000034,70.04740000000031,0.09999999999999432,0.1,-5.689893001203927e-15,0.0,7,0,189,85,78.50047938123065,93.37596754215733,42.98571428571451
69.30000000000034,70.1474000000003,0.09999999999999432,0.1,-5.689893001203927e-15,0.0,7,0,189,85,78.40047938123065,93.27596754215733,43.08571428571451
69.40000000000033,70.2474000000003,0.09999999999999432,0.1,-5.689893001203927e-15,0.0,7,0,192,85,78.30047938123064,93.17596754215734,43.1857142857145
69.50000000000033,70.34740000000029,0.09999999999999432,0.1,-5.689893001203927e-15,0.0,7,0,194,84,78.20047938123066,93.07596754215734,43.285714285714505
69.60000000000032,70.44740000000029,0.09999999999999432,0.1,-5.689893001203927e-15,0.0,7,0,193,85,78.10047938123067,92.97596754215735,43.385714285714506
69.70000000000032,70.54740000000028,0.09999999999999432,0.1,-5.689893001203927e-15,0.0,7,0,194,85,78.00047938123066,92.87596754215735,43.4857142857145
69.80000000000031,70.64740000000027,0.09999999999999432,0.1,-5.689893001203927e-15,0.0,7,0,195,86,77.90047938123067,92.77596754215736,43.5857142857145
69.9000000000003,70.74740000000027,0.09999999999999432,0.1,-5.689893001203927e-15,0.0,7,0,196,85,77.80047938123069,92.67596754215737,43.685714285714496
70.0000000000003,70.84740000000026,0.09999999999999432,0.1,-5.689893001203927e-15,0.0,7,0,196,85,77.70047938123068,92.57596754215737,43.78571428571449
70.10000000000029,70.94740000000026,0.09999999999999432,0.1,-5.689893001203927e-15,0.0,7,0,197,85,77.60047938123068,92.47596754215738,43.885714285714485
70.20000000000029,71.04740000000025,0.09999999999999432,0.1,-5.689893001203927e-15,0.0,7,0,198,86,77.50047938123068,92.37596754215738,43.98571428571449
70.30000000000028,71.14740000000025,0.09999999999999432,0.1,-5.689893001203927e-15,0.0,7,0,199,86,77.40047938123068,92.27596754215739,44.08571428571448
70.40000000000028,71.24740000000024,0.09999999999999432,0.1,-5.689893001203927e-15,0.0,7,0,199,86,77.3004793812307,92.1759675421574,44.18571428571448
70.50000000000027,71.34740000000023,0.09999999999999432,0.1,-5.689893001203927e-15,0.0,7,0,199,86,77.20047938123069,92.0759675421574,44.285714285714484
70.60000000000026,71.44740000000023,0.09999999999999432,0.1,-5.689893001203927e-15,0.0,7,0,199,86,77.1004793812307,91.9759675421574,44.38571428571448
70.70000000000026,71.54740000000022,0.09999999999999432,0.1,-5.689893001203927e-15,0.0,7,0,199,86,77.0004793812307,91.87596754215741,44.48571428571448
70.80000000000025,71.64740000000022,0.09999999999999432,0.1,-5.689893001203927e-15,0.0,7,0,200,86,76.90047938123071,91.77596754215742,44.585714285714474
70.90000000000025,71.74740000000021,0.09999999999999432,0.1,-5.689893001203927e-15,0.0,7,0,201,86,76.80047938123072,91.67596754215742,44.685714285714475
71.00000000000024,71.8474000000002,0.09999999999999432,0.1,-5.689893001203927e-15,0.0,7,0,202,86,76.70047938123072,91.57596754215743,44.78571428571447
71.10000000000024,71.9474000000002,0.09999999999999432,0.1,-5.689893001203927e-15,0.0,7,0,202,86,76.60047938123071,91.47596754215743,44.885714285714464
71.20000000000023,72.0474000000002,0.09999999999999432,0.1,-5.689893001203927e-15,0.0,7,0,202,87,76.50047938123073,91.37596754215744,44.98571428571446
71.30000000000022,72.14740000000019,0.09999999999999432,0.1,-5.689893001203927e-15,0.0,7,0,202,87,76.40047938123074,91.27596754215745,45.08571428571446
71.40000000000022,72.24740000000018,0.09999999999999432,0.1,-5.689893001203927e-15,0.0,7,0,205,87,76.30047938123073,91.17596754215745,45.18571428571446
71.50000000000021,72.34740000000018,0.09999999999999432,0.1,-5.689893001203927e-15,0.0,7,0,205,87,76.20047938123074,91.07596754215746,45.285714285714455
71.60000000000021,72.44740000000017,0.09999999999999432,0.1,-5.689893001203927e-15,0.0,7,0,205,87,76.10047938123073,90.97596754215746,45.38571428571446
71.7000000000002,72.54740000000017,0.09999999999999432,0.1,-5.689893001203927e-15,0.0,7,0,206,87,76.00047938123075,90.87596754215747,45.485714285714444
71.8000000000002,72.64740000000016,0.09999999999999432,0.1,-5.689893001203927e-15,0.0,7,0,207,87,75.90047938123075,90.77596754215747,45.585714285714445
71.90000000000019,72.74740000000016,0.09999999999999432,0.1,-5.689893001203927e-15,0.0,7,0,207,88,75.80047938123074,90.67596754215748,45.68571428571444
72.00000000000018,72.84740000000015,0.09999999999999432,0.1,-5.689893001203927e-15,0.0,7,0,208,88,75.70047938123075,90.57596754215749,45.78571428571444
72.10000000000018,72.94740000000014,0.09999999999999432,0.1,-5.689893001203927e-15,0.0,7,0,208,88,75.60047938123077,90.47596754215749,45.885714285714435
72.20000000000017,73.04740000000014,0.09999999999999432,0.1,-5.689893001203927e-15,0.0,7,0,208,88,75.50047938123076,90.3759675421575,45.98571428571443
72.30000000000017,73.14740000000013,0.09999999999999432,0.1,-5.689893001203927e-15,0.0,7,0,208,89,75.40047938123077,90.2759675421575,46.085714285714424
72.40000000000016,73.24740000000013,0.09999999999999432,0.1,-5.689893001203927e-15,0.0,7,0,209,89,75.30047938123077,90.17596754215751,46.185714285714425
72.50000000000016,73.34740000000012,0.09999999999999432,0.1,-5.689893001203927e-15,0.0,7,0,209,89,75.20047938123078,90.07596754215751,46.28571428571443
72.60000000000015,73.44740000000012,0.09999999999999432,0.1,-5.689893001203927e-15,0.0,7,0,209,88,75.10047938123078,89.97596754215752,46.38571428571442
72.70000000000014,73.54740000000011,0.09999999999999432,0.1,-5.689893001203927e-15,0.0,7,0,209,88,75.00047938123078,89.87596754215753,46.485714285714415
72.80000000000014,73.6474000000001,0.09999999999999432,0.1,-5.689893001203927e-15,0.0,7,0,209,88,74.90047938123078,89.77596754215753,46.58571428571441
72.90000000000013,73.7474000000001,0.09999999999999432,0.1,-5.689893001203927e-15,0.0,7,0,210,88,74.8004793812308,89.67596754215754,46.68571428571441
73.00000000000013,73.84740000000009,0.09999999999999432,0.1,-5.689893001203927e-15,0.0,7,0,211,88,74.70047938123079,89.57596754215754,46.785714285714405
73.10000000000012,73.94740000000009,0.09999999999999432,0.1,-5.689893001203927e-15,0.0,7,0,210,88,74.6004793812308,89.47596754215755,46.8857142857144
73.20000000000012,74.04740000000008,0.09999999999999432,0.1,-5.689893001203927e-15,0.0,7,0,209,88,74.5004793812308,89.37596754215755,46.985714285714394
73.30000000000011,74.14740000000008,0.09999999999999432,0.1,-5.689893001203927e-15,0.0,7,0,209,88,74.4004793812308,89.27596754215756,47.085714285714396
73.4000000000001,74.24740000000007,0.09999999999999432,0.1,-5.689893001203927e-15,0.0,7,0,210,87,74.30047938123082,89.17596754215757,47.18571428571439
73.5000000000001,74.34740000000006,0.09999999999999432,0.1,-5.689893001203927e-15,0.0,7,0,210,87,74.20047938123082,89.07596754215757,47.28571428571439
73.6000000000001,74.44740000000006,0.09999999999999432,0.1,-5.689893001203927e-15,0.0,7,0,210,87,74.10047938123081,88.97596754215758,47.38571428571438
73.70000000000009,74.54740000000005,0.09999999999999432,0.1,-5.689893001203927e-15,0.0,7,0,209,87,74.00047938123082,88.87596754215758,47.48571428571438
73.80000000000008,74.64740000000005,0.09999999999999432,0.1,-5.689893001203927e-15,0.0,7,0,211,86,73.90047938123082,88.77596754215759,47.58571428571438
73.90000000000008,74.74740000000004,0.09999999999999432,0.1,-5.689893001203927e-15,0.0,7,0,211,85,73.80047938123083,88.6759675421576,47.685714285714376
74.00000000000007,74.84740000000004,0.09999999999999432,0.1,-5.689893001203927e-15,0.0,7,0,212,85,73.70047938123083,88.5759675421576,47.78571428571437
74.10000000000007,74.94740000000003,0.09999999999999432,0.1,-5.689893001203927e-15,0.0,7,0,212,84,73.60047938123083,88.4759675421576,47.885714285714364
74.20000000000006,75.04740000000002,0.09999999999999432,0.1,-5.689893001203927e-15,0.0,7,0,213,84,73.50047938123085,88.37596754215761,47.985714285714366
74.30000000000005,75.14740000000002,0.09999999999999432,0.1,-5.689893001203927e-15,0.0,7,0,213,84,73.40047938123085,88.27596754215762,48.08571428571436
74.40000000000005,75.24740000000001,0.09999999999999432,0.1,-5.689893001203927e-15,0.0,7,0,213,84,73.30047938123084,88.17596754215762,48.18571428571436
74.50000000000004,75.34740000000001,0.09999999999999432,0.1,-5.689893001203927e-15,0.0,7,0,213,85,73.20047938123085,88.07596754215763,48.28571428571435
74.60000000000004,75.4474,0.09999999999999432,0.1,-5.689893001203927e-15,0.0,7,0,213,84,73.10047938123085,87.97596754215763,48.38571428571435
74.70000000000003,75.5474,0.09999999999999432,0.1,-5.689893001203927e-15,0.0,7,0,214,84,73.00047938123086,87.87596754215764,48.485714285714344
74.80000000000003,75.64739999999999,0.09999999999999432,0.1,-5.689893001203927e-15,0.0,7,0,214,83,72.90047938123087,87.77596754215764,48.585714285714346
74.90000000000002,75.74739999999998,0.09999999999999432,0.1,-5.689893001203927e-15,0.0,7,0,214,82,72.80047938123087,87.67596754215765,48.68571428571435
75.00000000000001,75.84739999999998,0.09999999999999432,0.1,-5.689893001203927e-15,0.0,6,0,215,82,84.84261752110422,94.49400644701092,45.633333333333326
75.10000000000001,75.94739999999997,0.09999999999999432,0.1,-5.689893001203927e-15,0.0,6,0,216,81,84.74261752110421,94.39400644701092,45.73333333333332
75.2,76.04739999999997,0.09999999999999432,0.1,-5.689893001203927e-15,0.0,6,0,218,81,84.64261752110421,94.29400644701093,45.83333333333332
75.3,76.14739999999996,0.09999999999999432,0.1,-5.689893001203927e-15,0.0,6,0,218,81,84.54261752110422,94.19400644701093,45.933333333333316
75.39999999999999,76.24739999999996,0.09999999999999432,0.1,-5.689893001203927e-15,0.0,6,0,218,81,84.44261752110422,94.09400644701094,46.03333333333331
75.49999999999999,76.34739999999995,0.09999999999999432,0.1,-5.689893001203927e-15,0.0,6,0,218,81,84.34261752110423,93.99400644701095,46.13333333333332
75.59999999999998,76.44739999999994,0.09999999999999432,0.1,-5.689893001203927e-15,0.0,6,0,219,80,84.24261752110424,93.89400644701095,46.23333333333331
75.69999999999997,76.54739999999994,0.09999999999999432,0.1,-5.689893001203927e-15,0.0,6,0,219,80,84.14261752110424,93.79400644701096,46.33333333333331
75.79999999999997,76.64739999999993,0.09999999999999432,0.1,-5.689893001203927e-15,0.0,6,0,220,80,84.04261752110425,93.69400644701096,46.43333333333331
75.89999999999996,76.74739999999993,0.09999999999999432,0.1,-5.689893001203927e-15,0.0,6,0,220,80,83.94261752110425,93.59400644701097,46.5333333333333
75.99999999999996,76.84739999999992,0.09999999999999432,0.1,-5.689893001203927e-15,0.0,6,0,220,80,83.84261752110426,93.49400644701097,46.6333333333333
76.09999999999995,76.94739999999992,0.09999999999999432,0.1,-5.689893001203927e-15,0.0,6,0,220,80,83.74261752110426,93.39400644701098,46.7333333333333
76.19999999999995,77.04739999999991,0.09999999999999432,0.1,-5.689893001203927e-15,0.0,6,0,220,80,83.64261752110427,93.29400644701099,46.83333333333329
76.29999999999994,77.1473999999999,0.09999999999999432,0.1,-5.689893001203927e-15,0.0,6,0,220,80,83.54261752110428,93.19400644701099,46.9333333333333
76.39999999999993,77.2473999999999,0.09999999999999432,0.1,-5.689893001203927e-15,0.0,6,0,220,80,83.44261752110428,93.094006447011,47.033333333333296
76.49999999999993,77.3675999999999,0.12019999999999698,0.1,0.02019999999999697,0.0,6,0,219,79,86.70928418777095,95.23504922419197,47.13333333333329
76.59999999999992,77.46759999999989,0.09999999999999432,0.1,-5.689893001203927e-15,0.0,6,0,220,80,86.60928418777094,95.13504922419197,47.23333333333329
76.69999999999992,77.56759999999989,0.09999999999999432,0.1,-5.689893001203927e-15,0.0,6,0,220,79,86.50928418777096,95.03504922419198,47.333333333333286
76.79999999999991,77.66759999999988,0.09999999999999432,0.1,-5.689893001203927e-15,0.0,6,0,220,79,86.40928418777095,94.93504922419199,47.43333333333328
76.8999999999999,77.76759999999987,0.09999999999999432,0.1,-5.689893001203927e-15,0.0,6,0,220,79,86.30928418777097,94.83504922419199,47.53333333333328
76.9999999999999,77.86759999999987,0.09999999999999432,0.1,-5.689893001203927e-15,0.0,6,0,220,79,86.20928418777096,94.735049224192,47.633333333333276
77.0999999999999,77.96759999999986,0.09999999999999432,0.1,-5.689893001203927e-15,0.0,6,0,222,79,86.10928418777098,94.635049224192,47.73333333333327
77.19999999999989,78.06759999999986,0.09999999999999432,0.1,-5.689893001203927e-15,0.0,6,0,223,78,86.00928418777097,94.53504922419201,47.83333333333328
77.29999999999988,78.16759999999985,0.09999999999999432,0.1,-5.689893001203927e-15,0.0,6,0,224,78,85.90928418777098,94.43504922419201,47.93333333333327
77.39999999999988,78.26759999999985,0.09999999999999432,0.1,-5.689893001203927e-15,0.0,6,0,223,78,85.80928418777098,94.33504922419202,48.033333333333275
77.49999999999987,78.36759999999984,0.09999999999999432,0.1,-5.689893001203927e-15,0.0,6,0,223,78,85.70928418777099,94.23504922419203,48.13333333333327
77.59999999999987,78.46759999999983,0.09999999999999432,0.1,-5.689893001203927e-15,0.0,6,0,224,78,85.609284187771,94.13504922419203,48.23333333333326
77.69999999999986,78.56759999999983,0.09999999999999432,0.1,-5.689893001203927e-15,0.0,6,0,224,78,85.509284187771,94.03504922419204,48.333333333333265
77.79999999999986,78.66759999999982,0.09999999999999432,0.1,-5.689893001203927e-15,0.0,6,0,226,77,85.40928418777101,93.93504922419204,48.43333333333326
77.89999999999985,78.76759999999982,0.09999999999999432,0.1,-5.689893001203927e-15,0.0,6,0,225,77,85.30928418777101,93.83504922419205,48.53333333333327
77.99999999999984,78.86759999999981,0.09999999999999432,0.1,-5.689893001203927e-15,0.0,6,0,225,77,85.20928418777102,93.73504922419205,48.63333333333326
78.09999999999984,78.9675999999998,0.09999999999999432,0.1,-5.689893001203927e-15,0.0,6,0,225,77,85.10928418777102,93.63504922419206,48.733333333333256
78.19999999999983,79.0675999999998,0.09999999999999432,0.1,-5.689893001203927e-15,0.0,6,0,225,77,85.00928418777103,93.53504922419206,48.83333333333326
78.29999999999983,79.1675999999998,0.09999999999999432,0.1,-5.689893001203927e-15,0.0,6,0,225,77,84.90928418777104,93.43504922419207,48.93333333333325
78.39999999999982,79.26759999999979,0.09999999999999432,0.1,-5.689893001203927e-15,0.0,6,0,225,77,84.80928418777104,93.33504922419208,49.033333333333246
78.49999999999982,79.36759999999978,0.09999999999999432,0.1,-5.689893001203927e-15,0.0,6,0,226,77,84.70928418777105,93.23504922419208,49.13333333333325
78.59999999999981,79.46759999999978,0.09999999999999432,0.1,-5.689893001203927e-15,0.0,6,0,226,77,84.60928418777104,93.13504922419209,49.23333333333324
78.6999999999998,79.56759999999977,0.09999999999999432,0.1,-5.689893001203927e-15,0.0,6,0,227,78,84.50928418777104,93.0350492241921,49.333333333333236
78.7999999999998,79.66759999999977,0.09999999999999432,0.1,-5.689893001203927e-15,0.0,6,0,227,79,84.40928418777105,92.9350492241921,49.433333333333245
78.89999999999979,79.76759999999976,0.09999999999999432,0.1,-5.689893001203927e-15,0.0,6,0,227,79,84.30928418777106,92.8350492241921,49.53333333333324
78.99999999999979,79.86759999999975,0.09999999999999432,0.1,-5.689893001203927e-15,0.0,6,0,226,79,84.20928418777106,92.73504922419211,49.63333333333324
79.09999999999978,79.96759999999975,0.09999999999999432,0.1,-5.689893001203927e-15,0.0,6,0,227,79,84.10928418777107,92.63504922419212,49.733333333333235
79.19999999999978,80.06759999999974,0.09999999999999432,0.1,-5.689893001203927e-15,0.0,6,0,228,79,84.00928418777107,92.53504922419212,49.83333333333323
79.29999999999977,80.16759999999974,0.09999999999999432,0.1,-5.689893001203927e-15,0.0,6,0,227,79,83.90928418777106,92.43504922419213,49.93333333333323
79.39999999999976,80.26759999999973,0.09999999999999432,0.1,-5.689893001203927e-15,0.0,6,0,227,77,83.80928418777107,92.33504922419213,50.033333333333225
79.49999999999976,80.36759999999973,0.09999999999999432,0.1,-5.689893001203927e-15,0.0,6,0,227,77,83.70928418777108,92.23504922419214,50.13333333333323
79.59999999999975,80.46759999999972,0.09999999999999432,0.1,-5.689893001203927e-15,0.0,6,0,226,77,83.60928418777108,92.13504922419214,50.23333333333323
79.69999999999975,80.56759999999971,0.09999999999999432,0.1,-5.689893001203927e-15,0.0,6,0,225,77,83.50928418777109,92.03504922419215,50.33333333333322
79.79999999999974,80.66759999999971,0.09999999999999432,0.1,-5.689893001203927e-15,0.0,6,0,227,77,83.40928418777109,91.93504922419216,50.43333333333322
79.89999999999974,80.7675999999997,0.09999999999999432,0.1,-5.689893001203927e-15,0.0,6,0,227,76,83.3092841877711,91.83504922419216,50.53333333333322
79.99999999999973,80.8675999999997,0.09999999999999432,0.1,-5.689893001203927e-15,0.0,6,0,227,76,83.2092841877711,91.73504922419217,50.63333333333321
80.09999999999972,80.96759999999969,0.09999999999999432,0.1,-5.689893001203927e-15,0.0,6,0,228,76,83.10928418777111,91.63504922419217,50.73333333333321
80.19999999999972,81.06759999999969,0.09999999999999432,0.1,-5.689893001203927e-15,0.0,6,0,229,76,83.00928418777112,91.53504922419218,50.83333333333321
80.29999999999971,81.16759999999968,0.09999999999999432,0.1,-5.689893001203927e-15,0.0,6,0,230,76,82.90928418777112,91.43504922419218,50.9333333333332
80.39999999999971,81.26759999999967,0.09999999999999432,0.1,-5.689893001203927e-15,0.0,6,0,231,75,82.80928418777113,91.33504922419219,51.03333333333321
80.4999999999997,81.36759999999967,0.09999999999999432,0.1,-5.689893001203927e-15,0.0,6,0,231,75,82.70928418777113,91.2350492241922,51.133333333333205
80.5999999999997,81.46759999999966,0.09999999999999432,0.1,-5.689893001203927e-15,0.0,6,0,232,76,82.60928418777114,91.1350492241922,51.233333333333206
80.69999999999969,81.56759999999966,0.09999999999999432,0.1,-5.689893001203927e-15,0.0,6,0,232,76,82.50928418777114,91.0350492241922,51.3333333333332
80.79999999999968,81.66759999999965,0.09999999999999432,0.1,-5.689893001203927e-15,0.0,6,0,232,76,82.40928418777115,90.93504922419221,51.433333333333195
80.89999999999968,81.76759999999965,0.09999999999999432,0.1,-5.689893001203927e-15,0.0,6,0,233,76,82.30928418777114,90.83504922419222,51.533333333333196
80.99999999999967,81.86759999999964,0.09999999999999432,0.1,-5.689893001203927e-15,0.0,6,0,234,76,82.20928418777115,90.73504922419222,51.63333333333319
81.09999999999967,81.96759999999963,0.09999999999999432,0.1,-5.689893001203927e-15,0.0,6,0,234,76,82.10928418777115,90.63504922419223,51.7333333333332
81.19999999999966,82.06759999999963,0.09999999999999432,0.1,-5.689893001203927e-15,0.0,6,0,234,76,82.00928418777116,90.53504922419224,51.833333333333194
81.29999999999966,82.16759999999962,0.09999999999999432,0.1,-5.689893001203927e-15,0.0,6,0,235,75,81.90928418777116,90.43504922419224,51.93333333333319
81.39999999999965,82.26759999999962,0.09999999999999432,0.1,-5.689893001203927e-15,0.0,6,0,237,76,81.80928418777117,90.33504922419225,52.03333333333319
81.49999999999964,82.36759999999961,0.09999999999999432,0.1,-5.689893001203927e-15,0.0,6,0,238,76,81.70928418777117,90.23504922419225,52.133333333333184
81.59999999999964,82.4675999999996,0.09999999999999432,0.1,-5.689893001203927e-15,0.0,6,0,237,76,81.60928418777118,90.13504922419226,52.23333333333318
81.69999999999963,82.5675999999996,0.09999999999999432,0.1,-5.689893001203927e-15,0.0,6,0,237,76,81.50928418777119,90.03504922419226,52.33333333333318
81.79999999999963,82.6675999999996,0.09999999999999432,0.1,-5.689893001203927e-15,0.0,6,0,236,76,81.40928418777118,89.93504922419227,52.433333333333174
81.89999999999962,82.76759999999959,0.09999999999999432,0.1,-5.689893001203927e-15,0.0,6,0,235,76,81.30928418777118,89.83504922419228,52.53333333333317
81.99999999999962,82.86759999999958,0.09999999999999432,0.1,-5.689893001203927e-15,0.0,6,0,235,76,81.20928418777119,89.73504922419228,52.63333333333318
82.09999999999961,82.96759999999958,0.09999999999999432,0.1,-5.689893001203927e-15,0.0,6,0,236,76,81.1092841877712,89.63504922419229,52.73333333333317
82.1999999999996,83.06759999999957,0.09999999999999432,0.1,-5.689893001203927e-15,0.0,6,0,236,76,81.0092841877712,89.53504922419229,52.83333333333317
82.2999999999996,83.16759999999957,0.09999999999999432,0.1,-5.689893001203927e-15,0.0,6,0,236,76,80.9092841877712,89.4350492241923,52.93333333333317
82.3999999999996,83.26759999999956,0.09999999999999432,0.1,-5.689893001203927e-15,0.0,6,0,236,76,80.80928418777121,89.3350492241923,53.03333333333316
82.49999999999959,83.36759999999956,0.09999999999999432,0.1,-5.689893001203927e-15,0.0,6,0,237,76,80.70928418777122,89.23504922419231,53.13333333333316
82.59999999999958,83.46759999999955,0.09999999999999432,0.1,-5.689893001203927e-15,0.0,6,0,237,75,80.60928418777122,89.13504922419231,53.23333333333316
82.69999999999958,83.56759999999954,0.09999999999999432,0.1,-5.689893001203927e-15,0.0,6,0,238,75,80.50928418777123,89.03504922419232,53.333333333333165
82.79999999999957,83.66759999999954,0.09999999999999432,0.1,-5.689893001203927e-15,0.0,6,0,239,75,80.40928418777123,88.93504922419233,53.43333333333316
82.89999999999957,83.76759999999953,0.09999999999999432,0.1,-5.689893001203927e-15,0.0,6,0,239,74,80.30928418777124,88.83504922419233,53.533333333333154
82.99999999999956,83.86759999999953,0.09999999999999432,0.1,-5.689893001203927e-15,0.0,6,0,239,74,80.20928418777125,88.73504922419234,53.633333333333155
83.09999999999955,83.96759999999952,0.09999999999999432,0.1,-5.689893001203927e-15,0.0,6,0,239,74,80.10928418777125,88.63504922419234,53.73333333333315
83.19999999999955,84.06759999999952,0.09999999999999432,0.1,-5.689893001203927e-15,0.0,6,0,239,72,80.00928418777126,88.53504922419235,53.833333333333144
83.29999999999954,84.16759999999951,0.09999999999999432,0.1,-5.689893001203927e-15,0.0,6,0,241,72,79.90928418777126,88.43504922419235,53.933333333333145
83.39999999999954,84.2675999999995,0.09999999999999432,0.1,-5.689893001203927e-15,0.0,6,0,241,72,79.80928418777125,88.33504922419236,54.03333333333314
83.49999999999953,84.3675999999995,0.09999999999999432,0.1,-5.689893001203927e-15,0.0,6,0,241,72,79.70928418777126,88.23504922419237,54.133333333333134
83.59999999999953,84.46759999999949,0.09999999999999432,0.1,-5.689893001203927e-15,0.0,6,0,241,72,79.60928418777127,88.13504922419237,54.23333333333314
83.69999999999952,84.56759999999949,0.09999999999999432,0.1,-5.689893001203927e-15,0.0,6,0,242,72,79.50928418777127,88.03504922419238,54.33333333333314
83.79999999999951,84.66759999999948,0.09999999999999432,0.1,-5.689893001203927e-15,0.0,6,0,243,72,79.40928418777128,87.93504922419238,54.43333333333314
83.89999999999951,84.76759999999948,0.09999999999999432,0.1,-5.689893001203927e-15,0.0,6,0,243,72,79.30928418777128,87.83504922419239,54.53333333333313
83.9999999999995,84.86759999999947,0.09999999999999432,0.1,-5.689893001203927e-15,0.0,6,0,242,72,79.20928418777129,87.7350492241924,54.63333333333313
84.0999999999995,84.96759999999946,0.09999999999999432,0.1,-5.689893001203927e-15,0.0,6,0,242,73,79.10928418777128,87.6350492241924,54.73333333333313
84.19999999999949,85.06759999999946,0.09999999999999432,0.1,-5.689893001203927e-15,0.0,6,0,243,73,79.00928418777129,87.5350492241924,54.83333333333312
84.29999999999949,85.16759999999945,0.09999999999999432,0.1,-5.689893001203927e-15,0.0,6,0,243,72,78.90928418777129,87.43504922419241,54.93333333333313
84.39999999999948,85.26759999999945,0.09999999999999432,0.1,-5.689893001203927e-15,0.0,6,0,243,72,78.8092841877713,87.33504922419242,55.033333333333125
84.49999999999947,85.36759999999944,0.09999999999999432,0.1,-5.689893001203927e-15,0.0,6,0,243,72,78.7092841877713,87.23504922419242,55.13333333333312
84.59999999999947,85.46759999999944,0.09999999999999432,0.1,-5.689893001203927e-15,0.0,6,0,242,71,78.60928418777131,87.13504922419243,55.23333333333312
84.69999999999946,85.56759999999943,0.09999999999999432,0.1,-5.689893001203927e-15,0.0,6,0,242,71,78.50928418777131,87.03504922419243,55.333333333333115
84.79999999999946,85.66759999999942,0.09999999999999432,0.1,-5.689893001203927e-15,0.0,6,0,241,71,78.40928418777132,86.93504922419244,55.43333333333311
84.89999999999945,85.76759999999942,0.09999999999999432,0.1,-5.689893001203927e-15,0.0,6,0,242,72,78.30928418777133,86.83504922419245,55.53333333333311
84.99999999999945,85.86759999999941,0.09999999999999432,0.1,-5.689893001203927e-15,0.0,6,0,241,72,78.20928418777133,86.73504922419245,55.633333333333105
85.09999999999944,85.96759999999941,0.09999999999999432,0.1,-5.689893001203927e-15,0.0,6,0,241,72,78.10928418777134,86.63504922419246,55.7333333333331
85.19999999999943,86.0675999999994,0.09999999999999432,0.1,-5.689893001203927e-15,0.0,6,0,241,71,78.00928418777134,86.53504922419246,55.83333333333311
85.29999999999943,86.1675999999994,0.09999999999999432,0.1,-5.689893001203927e-15,0.0,6,0,240,71,77.90928418777135,86.43504922419247,55.9333333333331
85.39999999999942,86.26759999999939,0.09999999999999432,0.1,-5.689893001203927e-15,0.0,6,0,239,71,77.80928418777135,86.33504922419247,56.033333333333104
85.49999999999942,86.36759999999938,0.09999999999999432,0.1,-5.689893001203927e-15,0.0,6,0,238,71,77.70928418777136,86.23504922419248,56.1333333333331
85.59999999999941,86.46759999999938,0.09999999999999432,0.1,-5.689893001203927e-15,0.0,6,0,237,72,77.60928418777137,86.13504922419249,56.23333333333309
85.6999999999994,86.56759999999937,0.09999999999999432,0.1,-5.689893001203927e-15,0.0,6,0,237,72,77.50928418777136,86.03504922419249,56.333333333333094
85.7999999999994,86.66759999999937,0.09999999999999432,0.1,-5.689893001203927e-15,0.0,6,0,236,73,77.40928418777136,85.9350492241925,56.43333333333309
85.8999999999994,86.76759999999936,0.09999999999999432,0.1,-5.689893001203927e-15,0.0,6,0,236,73,77.30928418777137,85.8350492241925,56.5333333333331
85.99999999999939,86.86759999999936,0.09999999999999432,0.1,-5.689893001203927e-15,0.0,6,0,235,73,77.20928418777137,85.73504922419251,56.63333333333309
86.09999999999938,86.96759999999935,0.09999999999999432,0.1,-5.689893001203927e-15,0.0,6,0,236,73,77.10928418777138,85.63504922419251,56.733333333333086
86.19999999999938,87.06759999999935,0.09999999999999432,0.1,-5.689893001203927e-15,0.0,6,0,236,73,77.00928418777139,85.53504922419252,56.83333333333309
86.29999999999937,87.16759999999934,0.09999999999999432,0.1,-5.689893001203927e-15,0.0,6,0,236,73,76.90928418777139,85.43504922419253,56.93333333333308
86.39999999999937,87.26759999999933,0.09999999999999432,0.1,-5.689893001203927e-15,0.0,6,0,236,73,76.8092841877714,85.33504922419253,57.033333333333076
86.49999999999936,87.36759999999933,0.09999999999999432,0.1,-5.689893001203927e-15,0.0,6,0,235,73,76.7092841877714,85.23504922419254,57.13333333333308
86.59999999999935,87.46759999999932,0.09999999999999432,0.1,-5.689893001203927e-15,0.0,6,0,236,74,76.6092841877714,85.13504922419254,57.23333333333307
86.69999999999935,87.56759999999932,0.09999999999999432,0.1,-5.689893001203927e-15,0.0,6,0,236,74,76.5092841877714,85.03504922419255,57.333333333333066
86.79999999999934,87.66759999999931,0.09999999999999432,0.1,-5.689893001203927e-15,0.0,6,0,238,74,76.4092841877714,84.93504922419255,57.433333333333074
86.89999999999934,87.7675999999993,0.09999999999999432,0.1,-5.689893001203927e-15,0.0,6,0,239,74,76.30928418777141,84.83504922419256,57.53333333333307
86.99999999999933,87.8675999999993,0.09999999999999432,0.1,-5.689893001203927e-15,0.0,6,0,239,74,76.20928418777142,84.73504922419257,57.63333333333307
87.09999999999933,87.9675999999993,0.09999999999999432,0.1,-5.689893001203927e-15,0.0,6,0,239,74,76.10928418777142,84.63504922419257,57.733333333333064
87.19999999999932,88.06759999999929,0.09999999999999432,0.1,-5.689893001203927e-15,0.0,6,0,239,74,76.00928418777143,84.53504922419258,57.83333333333306
87.29999999999932,88.16759999999928,0.09999999999999432,0.1,-5.689893001203927e-15,0.0,6,0,238,74,75.90928418777143,84.43504922419258,57.93333333333306
87.39999999999931,88.26759999999928,0.09999999999999432,0.1,-5.689893001203927e-15,0.0,6,0,239,75,75.80928418777144,84.33504922419259,58.033333333333054
87.4999999999993,88.36759999999927,0.09999999999999432,0.1,-5.689893001203927e-15,0.0,6,0,240,76,75.70928418777144,84.2350492241926,58.13333333333306
87.5999999999993,88.46759999999927,0.09999999999999432,0.1,-5.689893001203927e-15,0.0,6,0,241,77,75.60928418777145,84.1350492241926,58.23333333333306
87.69999999999929,88.56759999999926,0.09999999999999432,0.1,-5.689893001203927e-15,0.0,6,0,241,77,75.50928418777146,84.0350492241926,58.33333333333305
87.79999999999929,88.66759999999925,0.09999999999999432,0.1,-5.689893001203927e-15,0.0,6,0,241,77,75.40928418777146,83.93504922419261,58.43333333333305
87.89999999999928,88.76759999999925,0.09999999999999432,0.1,-5.689893001203927e-15,0.0,6,0,241,77,75.30928418777147,83.83504922419262,58.53333333333305
87.99999999999928,88.86759999999924,0.09999999999999432,0.1,-5.689893001203927e-15,0.0,6,0,243,77,75.20928418777147,83.73504922419262,58.63333333333304
88.09999999999927,88.96759999999924,0.09999999999999432,0.1,-5.689893001203927e-15,0.0,6,0,243,77,75.10928418777148,83.63504922419263,58.73333333333304
88.19999999999926,89.06759999999923,0.09999999999999432,0.1,-5.689893001203927e-15,0.0,6,0,245,77,74.92566605391217,83.53504922419263,58.83333333333304
88.29999999999926,89.16759999999923,0.09999999999999432,0.1,-5.689893001203927e-15,0.0,6,0,244,77,74.7401109550435,83.43504922419264,58.93333333333303
88.39999999999925,89.26759999999922,0.09999999999999432,0.1,-5.689893001203927e-15,0.0,6,0,243,78,74.54745860777666,83.33504922419264,59.03333333333304
88.49999999999925,89.36759999999921,0.09999999999999432,0.1,-5.689893001203927e-15,0.0,6,0,244,78,74.35675803007986,83.23504922419265,59.133333333333034
88.59999999999924,89.46759999999921,0.09999999999999432,0.1,-5.689893001203927e-15,0.0,6,0,244,78,74.16338720112638,83.13504922419266,59.233333333333036
88.69999999999924,89.5675999999992,0.09999999999999432,0.1,-5.689893001203927e-15,0.0,6,0,245,78,73.95771841693406,83.03504922419266,59.33333333333303
88.79999999999923,89.6675999999992,0.09999999999999432,0.1,-5.689893001203927e-15,0.0,6,0,245,77,73.77276851476766,82.93504922419267,59.433333333333024
88.89999999999922,89.76759999999919,0.09999999999999432,0.1,-5.689893001203927e-15,0.0,6,0,245,77,73.58943518143433,82.83504922419267,59.533333333333026
88.99999999999922,89.92759999999919,0.1599999999999966,0.1,0.059999999999996584,0.0,6,0,245,77,83.29322442759344,83.58116499486121,59.63333333333302
89.09999999999921,90.02759999999918,0.09999999999999432,0.1,-5.689893001203927e-15,0.0,6,0,245,77,83.02655776092678,83.48116499486122,59.73333333333303
89.1999999999992,90.15919999999917,0.13159999999999172,0.1,0.03159999999999172,0.0,6,0,245,76,87.99241659351789,83.38116499486122,59.83333333333302
89.2999999999992,90.25919999999917,0.09999999999999432,0.1,-5.689893001203927e-15,0.0,6,0,246,76,87.7728837030122,83.28116499486123,59.93333333333302
89.3999999999992,90.40779999999916,0.14859999999998763,0.1,0.048599999999987625,0.0,6,0,246,76,95.43589644513419,82.3350492241927,60.03333333333302
89.49999999999919,90.53679999999915,0.12899999999999068,0.1,0.028999999999990672,0.0,7,0,245,75,82.13076838154359,81.66589837671228,51.55714285714259
89.59999999999918,90.68539999999913,0.14859999999998763,0.1,0.048599999999987625,0.0,7,0,244,74,88.7943673697013,82.13504922419271,51.65714285714258
89.69999999999918,90.78539999999913,0.09999999999999432,0.1,-5.689893001203927e-15,0.0,7,0,243,74,88.50437078014247,82.03504922419272,51.75714285714258
89.79999999999917,90.88539999999912,0.09999999999999432,0.1,-5.689893001203927e-15,0.0,7,0,244,75,88.24242423305006,81.93504922419272,51.857142857142584
89.89999999999917,90.98539999999912,0.09999999999999432,0.1,-5.689893001203927e-15,0.0,7,0,244,75,87.98413995753403,81.83504922419273,51.95714285714257
89.99999999999916,91.08539999999911,0.09999999999999432,0.1,-5.689893001203927e-15,0.0,7,0,244,75,87.7352435370971,81.73504922419274,52.05714285714257
90.09999999999916,91.1853999999991,0.09999999999999432,0.1,-5.689893001203927e-15,0.0,7,0,243,75,87.49238639423996,81.63504922419274,52.15714285714257
90.19999999999915,91.2853999999991,0.09999999999999432,0.1,-5.689893001203927e-15,0.0,7,0,243,75,87.24952925138282,81.53504922419275,52.25714285714257
90.29999999999914,91.3853999999991,0.09999999999999432,0.1,-5.689893001203927e-15,0.0,7,0,242,75,87.00667210852569,81.19790802572409,52.35714285714256
90.39999999999914,91.48539999999909,0.09999999999999432,0.1,-5.689893001203927e-15,0.0,7,0,242,75,86.76381496566856,80.5979080257241,52.457142857142564
90.49999999999913,91.58539999999908,0.09999999999999432,0.1,-5.689893001203927e-15,0.0,7,0,241,75,86.52095782281143,79.9979080257241,52.55714285714256
90.59999999999913,91.68539999999908,0.09999999999999432,0.1,-5.689893001203927e-15,0.0,7,0,242,75,86.27810067995428,79.3979080257241,52.65714285714256
90.69999999999912,91.78539999999907,0.09999999999999432,0.1,-5.689893001203927e-15,0.0,7,0,242,75,86.02614896892047,78.79400644701181,52.75714285714256
90.79999999999912,91.88539999999907,0.09999999999999432,0.1,-5.689893001203927e-15,0.0,7,0,242,75,85.77271320826242,78.69400644701182,52.857142857142556
90.89999999999911,91.98539999999906,0.09999999999999432,0.1,-5.689893001203927e-15,0.0,7,0,242,75,85.51429043149497,78.59400644701182,52.95714285714256
90.9999999999991,92.13159999999905,0.14619999999999322,0.1,0.04619999999999322,0.0,7,0,240,75,91.86233872046118,80.73504922419279,53.05714285714255
91.0999999999991,92.23159999999905,0.09999999999999432,0.1,-5.689893001203927e-15,0.0,7,0,239,74,91.60808519195218,80.6350492241928,53.15714285714255
91.1999999999991,92.33159999999904,0.09999999999999432,0.1,-5.689893001203927e-15,0.0,7,0,239,75,91.3456773754635,80.5350492241928,53.25714285714255
91.29999999999909,92.49159999999904,0.1599999999999966,0.1,0.059999999999996584,0.0,7,0,239,75,99.650641573848,80.43504922419281,53.35714285714255
91.39999999999908,92.63719999999903,0.14559999999998752,0.1,0.04559999999998751,0.0,8,0,238,75,89.54939470580526,78.91561864404329,46.78749999999973
91.49999999999908,92.73719999999902,0.09999999999999432,0.1,-5.689893001203927e-15,0.0,9,0,238,74,76.5614379638744,76.95146088743908,41.68888888888865
91.59999999999907,92.83719999999902,0.09999999999999432,0.1,-5.689893001203927e-15,0.0,9,0,238,74,76.23145876655727,76.85146088743909,41.78888888888864
91.69999999999906,92.93719999999901,0.09999999999999432,0.1,-5.689893001203927e-15,0.0,9,0,238,75,75.89369460721339,76.7514608874391,41.888888888888644
91.79999999999906,93.037199999999,0.09999999999999432,0.1,-5.689893001203927e-15,0.0,9,0,238,75,75.62052269081133,76.6514608874391,41.98888888888864
91.89999999999905,93.137199999999,0.09999999999999432,0.1,-5.689893001203927e-15,0.0,9,0,238,75,75.42937098109138,76.5514608874391,42.08888888888865
91.99999999999905,93.23719999999899,0.09999999999999432,0.1,-5.689893001203927e-15,0.0,9,0,238,76,75.32937098109139,76.45146088743911,42.18888888888864
92.09999999999904,93.33719999999899,0.09999999999999432,0.1,-5.689893001203927e-15,0.0,9,0,237,76,75.22937098109139,76.35146088743912,42.288888888888636
92.19999999999904,93.43719999999898,0.09999999999999432,0.1,-5.689893001203927e-15,0.0,9,0,237,76,75.1293709810914,76.25146088743912,42.38888888888864
92.29999999999903,93.53719999999898,0.09999999999999432,0.1,-5.689893001203927e-15,0.0,9,0,238,76,75.0293709810914,76.15146088743913,42.48888888888863
92.39999999999903,93.63719999999897,0.09999999999999432,0.1,-5.689893001203927e-15,0.0,9,0,237,76,74.9293709810914,76.05146088743913,42.58888888888863
92.49999999999902,93.73719999999896,0.09999999999999432,0.1,-5.689893001203927e-15,0.0,9,0,238,76,74.82937098109142,75.95146088743914,42.688888888888634
92.59999999999901,93.83719999999896,0.09999999999999432,0.1,-5.689893001203927e-15,0.0,9,0,238,76,74.72937098109142,75.85146088743915,42.788888888888636
92.69999999999901,93.93719999999895,0.09999999999999432,0.1,-5.689893001203927e-15,0.0,9,0,238,76,74.62937098109143,75.75146088743915,42.88888888888863
92.799999999999,94.03719999999895,0.09999999999999432,0.1,-5.689893001203927e-15,0.0,9,0,237,76,74.52937098109142,75.65146088743916,42.988888888888624
92.899999999999,94.13719999999894,0.09999999999999432,0.1,-5.689893001203927e-15,0.0,9,0,236,76,74.42937098109142,75.55146088743916,43.088888888888626
92.99999999999899,94.23719999999894,0.09999999999999432,0.1,-5.689893001203927e-15,0.0,9,0,237,76,74.32937098109144,75.45146088743917,43.18888888888863
93.09999999999899,94.33719999999893,0.09999999999999432,0.1,-5.689893001203927e-15,0.0,9,0,237,75,74.22937098109145,75.35146088743917,43.28888888888863
93.19999999999898,94.43719999999892,0.09999999999999432,0.1,-5.689893001203927e-15,0.0,9,0,235,74,74.12937098109144,75.25146088743918,43.38888888888862
93.29999999999897,94.53719999999892,0.09999999999999432,0.1,-5.689893001203927e-15,0.0,9,0,234,74,74.02937098109145,75.15146088743919,43.488888888888624
93.39999999999897,94.63719999999891,0.09999999999999432,0.1,-5.689893001203927e-15,0.0,9,0,234,74,73.92937098109145,75.05146088743919,43.58888888888862
93.49999999999896,94.73719999999891,0.09999999999999432,0.1,-5.689893001203927e-15,0.0,9,0,234,74,73.82937098109147,74.9514608874392,43.68888888888861
93.59999999999896,94.8371999999989,0.09999999999999432,0.1,-5.689893001203927e-15,0.0,9,0,234,74,73.72937098109146,74.8514608874392,43.78888888888862
93.69999999999895,94.9371999999989,0.09999999999999432,0.1,-5.689893001203927e-15,0.0,9,0,234,74,73.62937098109147,74.75146088743921,43.888888888888616
93.79999999999895,95.03719999999889,0.09999999999999432,0.1,-5.689893001203927e-15,0.0,9,0,234,73,73.52937098109147,74.65146088743921,43.98888888888862
93.89999999999894,95.13719999999888,0.09999999999999432,0.1,-5.689893001203927e-15,0.0,9,0,233,74,73.42937098109148,74.55146088743922,44.08888888888861
93.99999999999893,95.23719999999888,0.09999999999999432,0.1,-5.689893001203927e-15,0.0,9,0,233,74,73.32937098109147,74.45146088743923,44.18888888888861
94.09999999999893,95.33719999999887,0.09999999999999432,0.1,-5.689893001203927e-15,0.0,9,0,235,74,73.22937098109149,74.35146088743923,44.28888888888861
94.19999999999892,95.43719999999887,0.09999999999999432,0.1,-5.689893001203927e-15,0.0,9,0,235,74,73.1293709810915,74.25146088743924,44.38888888888861
94.29999999999892,95.53719999999886,0.09999999999999432,0.1,-5.689893001203927e-15,0.0,9,0,235,74,73.0293709810915,74.15146088743924,44.48888888888861
94.39999999999891,95.63719999999886,0.09999999999999432,0.1,-5.689893001203927e-15,0.0,9,0,238,74,72.9293709810915,74.05146088743925,44.588888888888604
94.4999999999989,95.73719999999885,0.09999999999999432,0.1,-5.689893001203927e-15,0.0,9,0,238,74,72.8293709810915,73.95146088743925,44.688888888888606
94.5999999999989,95.83719999999884,0.09999999999999432,0.1,-5.689893001203927e-15,0.0,9,0,238,74,72.72937098109152,73.85146088743926,44.7888888888886
94.6999999999989,95.93719999999884,0.09999999999999432,0.1,-5.689893001203927e-15,0.0,9,0,238,75,72.62937098109153,73.75146088743926,44.8888888888886
94.79999999999889,96.03719999999883,0.09999999999999432,0.1,-5.689893001203927e-15,0.0,9,0,240,75,72.52937098109152,73.65146088743927,44.9888888888886
94.89999999999888,96.13719999999883,0.09999999999999432,0.1,-5.689893001203927e-15,0.0,9,0,239,75,72.42937098109152,73.55146088743928,45.0888888888886
94.99999999999888,96.23719999999882,0.09999999999999432,0.1,-5.689893001203927e-15,0.0,9,0,240,76,72.32937098109153,73.45146088743928,45.1888888888886
95.09999999999887,96.33719999999882,0.09999999999999432,0.1,-5.689893001203927e-15,0.0,9,0,241,76,72.22937098109153,73.35146088743929,45.28888888888859
95.19999999999887,96.43719999999881,0.09999999999999432,0.1,-5.689893001203927e-15,0.0,9,0,242,76,72.12937098109154,73.2514608874393,45.388888888888594
95.29999999999886,96.5371999999988,0.09999999999999432,0.1,-5.689893001203927e-15,0.0,9,0,242,76,72.02937098109155,73.1514608874393,45.488888888888596
95.39999999999885,96.6371999999988,0.09999999999999432,0.1,-5.689893001203927e-15,0.0,9,0,240,76,71.92937098109155,73.0514608874393,45.58888888888859
95.49999999999885,96.7371999999988,0.09999999999999432,0.1,-5.689893001203927e-15,0.0,9,0,239,76,71.82937098109156,72.95146088743931,45.68888888888859
95.59999999999884,96.83719999999879,0.09999999999999432,0.1,-5.689893001203927e-15,0.0,9,0,239,76,71.62314875886935,72.10880922295843,45.788888888888586
95.69999999999884,96.93719999999878,0.09999999999999432,0.1,-5.689893001203927e-15,0.0,9,0,238,77,71.41681542553602,71.05180922295844,45.88888888888859
95.79999999999883,97.03719999999878,0.09999999999999432,0.1,-5.689893001203927e-15,0.0,9,0,238,77,71.21037098109157,69.99380922295846,45.98888888888858
95.89999999999883,97.13719999999877,0.09999999999999432,0.1,-5.689893001203927e-15,0.0,9,0,238,77,71.00381542553603,68.93480922295848,46.08888888888858
95.99999999999882,97.23719999999877,0.09999999999999432,0.1,-5.689893001203927e-15,0.0,9,0,239,78,70.79714875886935,68.43891053785188,46.188888888888584
96.09999999999881,97.33719999999876,0.09999999999999432,0.1,-5.689893001203927e-15,0.0,9,0,240,79,70.5903709810916,68.33891053785189,46.28888888888858
96.19999999999881,97.43719999999875,0.09999999999999432,0.1,-5.689893001203927e-15,0.0,9,0,242,79,70.38348209220271,68.2389105378519,46.38888888888858
96.2999999999988,97.53719999999875,0.09999999999999432,0.1,-5.689893001203927e-15,0.0,9,0,241,79,70.17648209220272,68.1389105378519,46.488888888888575
96.3999999999988,97.63719999999874,0.09999999999999432,0.1,-5.689893001203927e-15,0.0,9,0,240,79,69.96937098109161,68.0389105378519,46.588888888888576
96.49999999999879,97.73719999999874,0.09999999999999432,0.1,-5.689893001203927e-15,0.0,9,0,240,78,69.76214875886939,67.93891053785191,46.68888888888857
96.59999999999879,97.83719999999873,0.09999999999999432,0.1,-5.689893001203927e-15,0.0,9,0,240,78,69.55481542553606,67.83891053785192,46.78888888888858
96.69999999999878,97.93719999999873,0.09999999999999432,0.1,-5.689893001203927e-15,0.0,9,0,241,78,69.34737098109163,67.73891053785192,46.88888888888857
96.79999999999878,98.03719999999872,0.09999999999999432,0.1,-5.689893001203927e-15,0.0,9,0,240,78,69.13981542553607,67.63891053785193,46.98888888888857
96.89999999999877,98.13719999999871,0.09999999999999432,0.1,-5.689893001203927e-15,0.0,9,0,239,79,68.93214875886942,67.53891053785193,47.08888888888857
96.99999999999876,98.23719999999871,0.09999999999999432,0.1,-5.689893001203927e-15,0.0,9,0,239,78,68.72437098109165,67.43891053785194,47.18888888888856
97.09999999999876,98.3371999999987,0.09999999999999432,0.1,-5.689893001203927e-15,0.0,9,0,238,78,68.51648209220276,67.33891053785194,47.288888888888565
97.19999999999875,98.4371999999987,0.09999999999999432,0.1,-5.689893001203927e-15,0.0,9,0,238,77,68.14811532864866,67.23891053785195,47.38888888888856
97.29999999999875,98.5971999999987,0.1599999999999966,0.1,0.059999999999996584,0.0,9,0,237,76,74.49555977309315,71.15146088743941,47.48888888888857
97.39999999999874,98.69719999999869,0.09999999999999432,0.1,-5.689893001203927e-15,0.0,9,0,237,76,74.1746743215207,71.05146088743942,47.58888888888856
97.49999999999874,98.79719999999868,0.09999999999999432,0.1,-5.689893001203927e-15,0.0,9,0,237,76,73.84511945291996,70.95146088743942,47.688888888888556
97.59999999999873,98.89719999999868,0.09999999999999432,0.1,-5.689893001203927e-15,0.0,9,0,237,77,73.5255638973644,70.85146088743943,47.78888888888856
97.69999999999872,98.99719999999867,0.09999999999999432,0.1,-5.689893001203927e-15,0.0,9,0,236,77,73.20589723069776,70.75146088743944,47.88888888888855
97.79999999999872,99.09719999999867,0.09999999999999432,0.1,-5.689893001203927e-15,0.0,9,0,237,77,72.88611945291998,70.65146088743944,47.98888888888855
97.89999999999871,99.19719999999866,0.09999999999999432,0.1,-5.689893001203927e-15,0.0,9,0,239,77,72.56623056403109,70.55146088743945,48.088888888888555
97.9999999999987,99.29719999999865,0.09999999999999432,0.1,-5.689893001203927e-15,0.0,9,0,240,78,72.24623056403111,70.45146088743945,48.188888888888556
98.0999999999987,99.39719999999865,0.09999999999999432,0.1,-5.689893001203927e-15,0.0,9,0,243,79,71.91731356966602,70.35146088743946,48.28888888888855
98.1999999999987,99.49719999999864,0.09999999999999432,0.1,-5.689893001203927e-15,0.0,9,0,243,79,71.59709134744381,70.25146088743946,48.388888888888545
98.29999999999869,99.59719999999864,0.09999999999999432,0.1,-5.689893001203927e-15,0.0,9,0,242,79,71.26261090805787,70.15146088743947,48.488888888888546
98.39999999999868,99.69719999999863,0.09999999999999432,0.1,-5.689893001203927e-15,0.0,9,0,243,79,70.92650891022942,70.05146088743948,48.58888888888854
98.49999999999868,99.79719999999863,0.09999999999999432,0.1,-5.689893001203927e-15,0.0,9,0,244,79,70.60595335467386,69.95146088743948,48.68888888888855
98.59999999999867,99.89719999999862,0.09999999999999432,0.1,-5.689893001203927e-15,0.0,9,0,243,79,70.2852866880072,69.85146088743949,48.78888888888854
98.69999999999867,99.99719999999861,0.09999999999999432,0.1,-5.689893001203927e-15,0.0,9,0,243,78,69.96450891022943,69.75146088743949,48.888888888888545
98.79999999999866,100.09719999999861,0.09999999999999432,0.1,-5.689893001203927e-15,0.0,9,0,242,78,69.64362002134054,69.6514608874395,48.98888888888854
98.89999999999866,100.1971999999986,0.09999999999999432,0.1,-5.689893001203927e-15,0.0,9,0,242,78,69.32262002134055,69.5514608874395,49.08888888888853
98.99999999999865,100.2971999999986,0.09999999999999432,0.1,-5.689893001203927e-15,0.0,9,0,241,78,69.00150891022945,69.45146088743951,49.188888888888535
99.09999999999864,100.39719999999859,0.09999999999999432,0.1,-5.689893001203927e-15,0.0,9,0,242,78,68.68028668800723,69.35146088743952,49.28888888888853
99.19999999999864,100.49719999999859,0.09999999999999432,0.1,-5.689893001203927e-15,0.0,9,0,242,79,68.3589533546739,69.25146088743952,49.38888888888854
99.29999999999863,100.59719999999858,0.09999999999999432,0.1,-5.689893001203927e-15,0.0,9,0,242,79,68.13515670307122,69.15146088743953,49.48888888888853
99.39999999999863,100.69719999999857,0.09999999999999432,0.1,-5.689893001203927e-15,0.0,9,0,241,79,67.92471225862677,69.05146088743953,49.58888888888853
99.49999999999862,100.79719999999857,0.09999999999999432,0.1,-5.689893001203927e-15,0.0,9,0,240,79,67.71415670307121,68.95146088743954,49.68888888888853
99.59999999999862,100.89719999999856,0.09999999999999432,0.1,-5.689893001203927e-15,0.0,9,0,240,79,67.50349003640456,68.85146088743954,49.78888888888852
99.69999999999861,100.99719999999856,0.09999999999999432,0.1,-5.689893001203927e-15,0.0,9,0,240,79,67.29271225862678,68.75146088743955,49.88888888888852
99.7999999999986,101.09719999999855,0.09999999999999432,0.1,-5.689893001203927e-15,0.0,9,0,239,79,67.0818233697379,68.65146088743955,49.988888888888525
99.8999999999986,101.19719999999855,0.09999999999999432,0.1,-5.689893001203927e-15,0.0,9,0,239,79,66.8708233697379,68.55146088743956,50.088888888888526
99.9999999999986,101.29719999999854,0.09999999999999432,0.1,-5.689893001203927e-15,0.0,9,0,237,78,66.6597122586268,68.45146088743957,50.18888888888852
100.09999999999859,101.39719999999853,0.09999999999999432,0.1,-5.689893001203927e-15,0.0,9,0,237,78,66.44849003640458,68.35146088743957,50.28888888888852
100.19999999999858,101.49719999999853,0.09999999999999432,0.1,-5.689893001203927e-15,0.0,9,0,237,79,66.23715670307125,68.25146088743958,50.388888888888516
100.29999999999858,101.59719999999852,0.09999999999999432,0.1,-5.689893001203927e-15,0.0,9,0,237,79,66.02571225862681,68.15146088743958,50.48888888888851
100.39999999999857,101.69719999999852,0.09999999999999432,0.1,-5.689893001203927e-15,0.0,9,0,236,79,65.81415670307126,68.05146088743959,50.58888888888852
100.49999999999856,101.79719999999851,0.09999999999999432,0.1,-5.689893001203927e-15,0.0,9,0,236,78,65.6024900364046,67.9514608874396,50.68888888888851
100.59999999999856,101.8971999999985,0.09999999999999432,0.1,-5.689893001203927e-15,0.0,9,0,236,78,65.39071225862682,67.05790193798107,50.788888888888515
100.69999999999855,101.9971999999985,0.09999999999999432,0.1,-5.689893001203927e-15,0.0,9,0,236,78,65.10837182098031,65.95090193798109,50.88888888888851
100.79999999999855,102.1421999999985,0.14499999999999602,0.1,0.044999999999996015,0.0,9,0,235,78,69.84081626542476,64.84290193798111,50.98888888888851
100.89999999999854,102.24219999999849,0.09999999999999432,0.1,-5.689893001203927e-15,0.0,9,0,235,78,69.5803818311517,63.73390193798113,51.088888888888505
100.99999999999854,102.34219999999848,0.09999999999999432,0.1,-5.689893001203927e-15,0.0,9,0,234,78,69.30399567614376,63.438910537852124,51.1888888888885
101.09999999999853,102.44219999999848,0.09999999999999432,0.1,-5.689893001203927e-15,0.0,9,0,234,78,69.03527279713938,63.33891053785212,51.28888888888851
101.19999999999852,102.54219999999847,0.09999999999999432,0.1,-5.689893001203927e-15,0.0,9,0,235,78,68.76727279713938,63.23891053785212,51.3888888888885
101.29999999999852,102.64219999999847,0.09999999999999432,0.1,-5.689893001203927e-15,0.0,9,0,235,78,68.49916168602829,63.13891053785212,51.4888888888885
101.39999999999851,102.74219999999846,0.09999999999999432,0.1,-5.689893001203927e-15,0.0,9,0,237,78,68.23093946380607,63.03891053785212,51.5888888888885
101.49999999999851,102.84219999999846,0.09999999999999432,0.1,-5.689893001203927e-15,0.0,9,0,237,78,67.96260613047274,62.93891053785212,51.6888888888885
101.5999999999985,102.94219999999845,0.09999999999999432,0.1,-5.689893001203927e-15,0.0,9,0,237,78,67.6941616860283,62.838910537852115,51.78888888888849
101.6999999999985,103.04219999999845,0.09999999999999432,0.1,-5.689893001203927e-15,0.0,9,0,236,77,67.42560613047274,62.738910537852114,51.888888888888495
101.79999999999849,103.14219999999844,0.09999999999999432,0.1,-5.689893001203927e-15,0.0,9,0,236,77,67.15693946380608,62.63891053785211,51.988888888888496
101.89999999999849,103.24219999999843,0.09999999999999432,0.1,-5.689893001203927e-15,0.0,9,0,235,76,66.72711897823574,62.53891053785211,52.08888888888849
101.99999999999848,103.40219999999843,0.1599999999999966,0.1,0.059999999999996584,0.0,9,0,234,76,73.01378564490244,62.43891053785211,52.18888888888849
102.09999999999847,103.50219999999842,0.09999999999999432,0.1,-5.689893001203927e-15,0.0,10,0,233,76,62.8603070804122,65.44984108391428,47.06999999999964
102.19999999999847,103.63399999999842,0.13179999999999836,0.1,0.03179999999999836,0.0,10,0,231,77,65.59909767048327,64.84984108391428,47.16999999999964
102.29999999999846,103.73399999999842,0.09999999999999432,0.1,-5.689893001203927e-15,0.0,10,0,229,77,65.24803450152123,64.46923111929654,47.269999999999634
102.39999999999846,103.83399999999841,0.09999999999999432,0.1,-5.689893001203927e-15,0.0,10,0,228,77,64.9279858498243,64.36923111929654,47.369999999999635
102.49999999999845,103.9339999999984,0.09999999999999432,0.1,-5.689893001203927e-15,0.0,10,0,227,77,64.6265659450679,64.26923111929655,47.46999999999964
102.59999999999845,104.0339999999984,0.09999999999999432,0.1,-5.689893001203927e-15,0.0,10,0,226,77,64.37396594506791,64.16923111929655,47.56999999999964
102.69999999999844,104.1339999999984,0.09999999999999432,0.1,-5.689893001203927e-15,0.0,10,0,225,78,64.12291091394604,64.06923111929656,47.66999999999963
102.79999999999843,104.23399999999839,0.09999999999999432,0.1,-5.689893001203927e-15,0.0,10,0,224,77,63.92011091394604,63.96923111929656,47.76999999999963
102.89999999999843,104.33399999999838,0.09999999999999432,0.1,-5.689893001203927e-15,0.0,10,0,224,76,63.71721091394604,63.86923111929656,47.86999999999963
102.99999999999842,104.43399999999838,0.09999999999999432,0.1,-5.689893001203927e-15,0.0,10,0,224,75,63.514210913946044,63.769231119296556,47.96999999999963
103.09999999999842,104.53399999999837,0.09999999999999432,0.1,-5.689893001203927e-15,0.0,10,0,223,76,63.31111091394605,63.669231119296555,48.069999999999624
103.19999999999841,104.63399999999837,0.09999999999999432,0.1,-5.689893001203927e-15,0.0,10,0,224,77,63.004710913946056,63.56923111929655,48.169999999999625
103.2999999999984,104.73399999999836,0.09999999999999432,0.1,-5.689893001203927e-15,0.0,10,0,224,77,62.69811091394606,63.46923111929655,48.26999999999963
103.3999999999984,104.83399999999835,0.09999999999999432,0.1,-5.689893001203927e-15,0.0,10,0,225,77,62.391310913946064,63.36923111929655,48.36999999999962
103.4999999999984,104.93399999999835,0.09999999999999432,0.1,-5.689893001203927e-15,0.0,10,0,225,77,62.08431091394607,63.26923111929655,48.469999999999615
103.59999999999839,105.03399999999834,0.09999999999999432,0.1,-5.689893001203927e-15,0.0,10,0,225,76,61.77711091394608,63.16923111929655,48.56999999999962
103.69999999999838,105.13399999999834,0.09999999999999432,0.1,-5.689893001203927e-15,0.0,10,0,225,76,61.46971091394609,63.069231119296546,48.66999999999962
103.79999999999838,105.23399999999833,0.09999999999999432,0.1,-5.689893001203927e-15,0.0,10,0,224,75,61.16211091394608,62.969231119296545,48.76999999999962
103.89999999999837,105.33399999999833,0.09999999999999432,0.1,-5.689893001203927e-15,0.0,10,0,223,76,60.85431091394609,62.86923111929654,48.869999999999614
103.99999999999837,105.43399999999832,0.09999999999999432,0.1,-5.689893001203927e-15,0.0,10,0,223,76,60.546310913946094,62.76923111929654,48.969999999999615
104.09999999999836,105.53399999999831,0.09999999999999432,0.1,-5.689893001203927e-15,0.0,10,0,222,76,60.2381109139461,62.66923111929654,49.06999999999961
104.19999999999835,105.63399999999831,0.09999999999999432,0.1,-5.689893001203927e-15,0.0,10,0,221,76,59.92971091394611,62.56923111929654,49.16999999999961
104.29999999999835,105.7339999999983,0.09999999999999432,0.1,-5.689893001203927e-15,0.0,10,0,220,76,59.62111091394611,62.46923111929654,49.269999999999605
104.39999999999834,105.8339999999983,0.09999999999999432,0.1,-5.689893001203927e-15,0.0,10,0,219,75,59.31231091394611,62.369231119296536,49.36999999999961
104.49999999999834,105.93399999999829,0.09999999999999432,0.1,-5.689893001203927e-15,0.0,10,0,218,75,59.00331091394612,62.269231119296535,49.46999999999961
104.59999999999833,106.03399999999829,0.09999999999999432,0.1,-5.689893001203927e-15,0.0,10,0,218,75,58.69411091394612,62.16923111929653,49.56999999999961
104.69999999999833,106.13399999999828,0.09999999999999432,0.1,-5.689893001203927e-15,0.0,10,0,219,75,58.38471091394613,62.06923111929653,49.669999999999604
104.79999999999832,106.23399999999828,0.09999999999999432,0.1,-5.689893001203927e-15,0.0,10,0,219,75,58.075110913946126,61.96923111929653,49.7699999999996
104.89999999999831,106.33399999999827,0.09999999999999432,0.1,-5.689893001203927e-15,0.0,10,0,218,75,57.76531091394613,61.86923111929653,49.8699999999996
104.99999999999831,106.43399999999826,0.09999999999999432,0.1,-5.689893001203927e-15,0.0,10,0,218,75,57.45531091394614,61.76923111929653,49.9699999999996
105.0999999999983,106.53399999999826,0.09999999999999432,0.1,-5.689893001203927e-15,0.0,10,0,217,76,57.14511091394614,61.669231119296526,50.069999999999595
105.1999999999983,106.63399999999825,0.09999999999999432,0.1,-5.689893001203927e-15,0.0,10,0,216,75,56.834710913946154,61.569231119296525,50.1699999999996
105.29999999999829,106.73399999999825,0.09999999999999432,0.1,-5.689893001203927e-15,0.0,10,0,214,75,56.52411091394615,61.46923111929652,50.2699999999996
105.39999999999829,106.83399999999824,0.09999999999999432,0.1,-5.689893001203927e-15,0.0,10,0,214,75,56.21331091394616,61.36923111929652,50.36999999999959
105.49999999999828,106.93399999999824,0.09999999999999432,0.1,-5.689893001203927e-15,0.0,10,0,213,75,55.90231091394615,61.26923111929652,50.469999999999594
105.59999999999827,107.03399999999823,0.09999999999999432,0.1,-5.689893001203927e-15,0.0,10,0,213,76,55.59111091394616,61.16923111929652,50.56999999999959
105.69999999999827,107.13399999999822,0.09999999999999432,0.1,-5.689893001203927e-15,0.0,10,0,213,77,55.27971091394617,61.06923111929652,50.66999999999959
105.79999999999826,107.23399999999822,0.09999999999999432,0.1,-5.689893001203927e-15,0.0,10,0,213,77,54.96811091394617,60.969231119296516,50.76999999999959
105.89999999999826,107.33399999999821,0.09999999999999432,0.1,-5.689893001203927e-15,0.0,10,0,213,77,54.65631091394617,60.869231119296515,50.86999999999959
105.99999999999825,107.4339999999982,0.09999999999999432,0.1,-5.689893001203927e-15,0.0,10,0,213,77,54.34431091394619,60.769231119296514,50.96999999999959
106.09999999999825,107.5339999999982,0.09999999999999432,0.1,-5.689893001203927e-15,0.0,10,0,212,77,54.03211091394618,60.566697765133775,51.06999999999958
106.19999999999824,107.6339999999982,0.09999999999999432,0.1,-5.689893001203927e-15,0.0,10,0,211,77,53.71971091394619,59.40469776513379,51.16999999999958
106.29999999999824,107.73399999999819,0.09999999999999432,0.1,-5.689893001203927e-15,0.0,10,0,211,77,53.40711091394619,58.24169776513381,51.269999999999584
106.39999999999823,107.83399999999818,0.09999999999999432,0.1,-5.689893001203927e-15,0.0,10,0,210,77,53.094310913946195,58.03891053785205,51.369999999999585
106.49999999999822,107.93399999999818,0.09999999999999432,0.1,-5.689893001203927e-15,0.0,10,0,210,77,52.7813109139462,57.938910537852045,51.46999999999959
106.59999999999822,108.03399999999817,0.09999999999999432,0.1,-5.689893001203927e-15,0.0,9,0,209,77,58.43480080016444,57.838910537852044,45.44444444444417
106.69999999999821,108.13399999999817,0.09999999999999432,0.1,-5.689893001203927e-15,0.0,9,0,209,76,58.2162452446089,57.73891053785204,45.544444444444174
106.7999999999982,108.23399999999816,0.09999999999999432,0.1,-5.689893001203927e-15,0.0,9,0,208,76,57.99757857794222,57.63891053785204,45.644444444444176
106.8999999999982,108.33399999999816,0.09999999999999432,0.1,-5.689893001203927e-15,0.0,9,0,206,76,57.778800800164454,57.53891053785204,45.74444444444417
106.9999999999982,108.43399999999815,0.09999999999999432,0.1,-5.689893001203927e-15,0.0,9,0,208,76,57.55991191127556,57.43891053785204,45.84444444444417
107.09999999999819,108.53399999999814,0.09999999999999432,0.1,-5.689893001203927e-15,0.0,9,0,207,76,57.340911911275576,57.33891053785204,45.94444444444417
107.19999999999818,108.63399999999814,0.09999999999999432,0.1,-5.689893001203927e-15,0.0,9,0,208,75,57.121800800164465,57.238910537852036,46.04444444444417
107.29999999999818,108.73399999999813,0.09999999999999432,0.1,-5.689893001203927e-15,0.0,9,0,207,75,56.902578577942236,57.138910537852034,46.14444444444417
107.39999999999817,108.83399999999813,0.09999999999999432,0.1,-5.689893001203927e-15,0.0,9,0,207,75,56.68324524460891,57.03891053785203,46.24444444444417
107.49999999999817,108.93399999999812,0.09999999999999432,0.1,-5.689893001203927e-15,0.0,9,0,207,75,56.46380080016447,56.93891053785203,46.34444444444417
107.59999999999816,109.03399999999812,0.09999999999999432,0.1,-5.689893001203927e-15,0.0,9,0,206,75,56.24424524460891,56.83891053785203,46.444444444444166
107.69999999999816,109.13399999999811,0.09999999999999432,0.1,-5.689893001203927e-15,0.0,9,0,205,76,56.02457857794225,56.73891053785203,46.54444444444417
107.79999999999815,109.2339999999981,0.09999999999999432,0.1,-5.689893001203927e-15,0.0,9,0,206,75,55.80480080016447,56.63891053785203,46.64444444444417
107.89999999999814,109.3339999999981,0.09999999999999432,0.1,-5.689893001203927e-15,0.0,9,0,205,75,55.58491191127559,56.538910537852026,46.74444444444416
107.99999999999814,109.4339999999981,0.09999999999999432,0.1,-5.689893001203927e-15,0.0,9,0,205,76,55.364911911275584,56.438910537852024,46.84444444444417
108.09999999999813,109.53399999999809,0.09999999999999432,0.1,-5.689893001203927e-15,0.0,9,0,205,76,55.144800800164475,56.33891053785202,46.944444444444166
108.19999999999813,109.63399999999808,0.09999999999999432,0.1,-5.689893001203927e-15,0.0,9,0,205,76,54.924578577942256,56.23891053785202,47.04444444444417
108.29999999999812,109.73399999999808,0.09999999999999432,0.1,-5.689893001203927e-15,0.0,9,0,205,76,54.70424524460893,56.13891053785202,47.14444444444417
108.39999999999812,109.83399999999807,0.09999999999999432,0.1,-5.689893001203927e-15,0.0,9,0,204,76,54.48380080016449,56.03891053785202,47.24444444444416
108.49999999999811,109.93399999999806,0.09999999999999432,0.1,-5.689893001203927e-15,0.0,9,0,203,76,54.26324524460893,55.93891053785202,47.344444444444164
108.5999999999981,110.03399999999806,0.09999999999999432,0.1,-5.689893001203927e-15,0.0,9,0,203,76,54.042578577942265,55.838910537852016,47.444444444444166
108.6999999999981,110.13399999999805,0.09999999999999432,0.1,-5.689893001203927e-15,0.0,9,0,202,75,53.82180080016449,55.738910537852014,47.54444444444417
108.7999999999981,110.23399999999805,0.09999999999999432,0.1,-5.689893001203927e-15,0.0,9,0,203,75,53.60091191127561,55.63891053785201,47.64444444444416
108.89999999999809,110.33399999999804,0.09999999999999432,0.1,-5.689893001203927e-15,0.0,9,0,204,74,53.37991191127561,55.53891053785201,47.74444444444416
108.99999999999808,110.43399999999804,0.09999999999999432,0.1,-5.689893001203927e-15,0.0,9,0,204,75,53.1588008001645,55.43891053785201,47.844444444444164
109.09999999999808,110.53399999999803,0.09999999999999432,0.1,-5.689893001203927e-15,0.0,9,0,205,75,52.680645261285676,54.54926961544953,47.94444444444416
109.19999999999807,110.69399999999803,0.1599999999999966,0.1,0.059999999999996584,0.0,9,0,203,75,58.959311927952385,57.56923111929647,48.04444444444417
109.29999999999806,110.79399999999802,0.09999999999999432,0.1,-5.689893001203927e-15,0.0,9,0,202,74,58.57519312624163,57.46923111929647,48.14444444444416
109.39999999999806,110.89399999999802,0.09999999999999432,0.1,-5.689893001203927e-15,0.0,9,0,202,74,58.182609087856086,57.369231119296465,48.244444444444156
109.49999999999805,111.05399999999801,0.1599999999999966,0.1,0.059999999999996584,0.0,9,0,200,74,64.4587954883699,58.951460887439744,48.344444444444164
109.59999999999805,111.153999999998,0.09999999999999432,0.1,-5.689893001203927e-15,0.0,9,0,201,74,64.07035104392546,58.85146088743974,48.44444444444416
109.69999999999804,111.253999999998,0.09999999999999432,0.1,-5.689893001203927e-15,0.0,9,0,200,75,63.674065738067256,58.75146088743974,48.54444444444416
109.79999999999804,111.353999999998,0.09999999999999432,0.1,-5.689893001203927e-15,0.0,9,0,200,75,63.284164767282164,58.65146088743974,48.64444444444416
109.89999999999803,111.45399999999799,0.09999999999999432,0.1,-5.689893001203927e-15,0.0,9,0,200,75,62.88928482766232,58.55146088743974,48.744444444444156
109.99999999999802,111.55399999999798,0.09999999999999432,0.1,-5.689893001203927e-15,0.0,9,0,201,74,62.491221767970586,58.45146088743974,48.84444444444416
110.09999999999802,111.65399999999798,0.09999999999999432,0.1,-5.689893001203927e-15,0.0,9,0,201,75,62.097871734365654,58.351460887439735,48.94444444444416
110.19999999999801,111.75399999999797,0.09999999999999432,0.1,-5.689893001203927e-15,0.0,9,0,202,75,61.704189654418755,58.251460887439734,49.04444444444416
110.29999999999801,111.85399999999797,0.09999999999999432,0.1,-5.689893001203927e-15,0.0,9,0,202,75,61.309632682192074,58.15146088743973,49.144444444444154
110.399999999998,111.95399999999796,0.09999999999999432,0.1,-5.689893001203927e-15,0.0,9,0,200,75,60.91718115434628,58.05146088743973,49.244444444444156
110.499999999998,112.05399999999796,0.09999999999999432,0.1,-5.689893001203927e-15,0.0,9,0,199,75,60.52449282318043,57.95146088743973,49.34444444444416
110.59999999999799,112.15399999999795,0.09999999999999432,0.1,-5.689893001203927e-15,0.0,9,0,199,75,60.13128648120752,57.85146088743973,49.44444444444415
110.69999999999798,112.25399999999794,0.09999999999999432,0.1,-5.689893001203927e-15,0.0,9,0,200,75,59.739289979275696,57.75146088743973,49.54444444444416
110.79999999999798,112.35399999999794,0.09999999999999432,0.1,-5.689893001203927e-15,0.0,9,0,199,75,59.33922968600234,57.651460887439725,49.644444444444154
110.89999999999797,112.45399999999793,0.09999999999999432,0.1,-5.689893001203927e-15,0.0,9,0,198,75,58.93774257496401,57.551460887439724,49.744444444444156
110.99999999999797,112.55399999999793,0.09999999999999432,0.1,-5.689893001203927e-15,0.0,9,0,198,76,58.53757925831743,57.45146088743972,49.84444444444416
111.09999999999796,112.65399999999792,0.09999999999999432,0.1,-5.689893001203927e-15,0.0,9,0,197,76,58.142844131738535,57.35146088743972,49.94444444444415
111.19999999999796,112.75399999999792,0.09999999999999432,0.1,-5.689893001203927e-15,0.0,9,0,198,76,57.747549959386475,57.25146088743972,50.04444444444416
111.29999999999795,112.85399999999791,0.09999999999999432,0.1,-5.689893001203927e-15,0.0,8,0,198,76,64.68210535269037,63.058536620667425,42.487499999999926
111.39999999999795,112.9539999999979,0.09999999999999432,0.1,-5.689893001203927e-15,0.0,8,0,198,76,64.39033575380076,62.958536620667424,42.58749999999993
111.49999999999794,113.0539999999979,0.09999999999999432,0.1,-5.689893001203927e-15,0.0,8,0,198,76,64.09205996011087,62.85853662066742,42.68749999999993
111.59999999999793,113.1539999999979,0.09999999999999432,0.1,-5.689893001203927e-15,0.0,8,0,198,76,63.79486955133088,62.75853662066742,42.78749999999993
111.69999999999793,113.25399999999789,0.09999999999999432,0.1,-5.689893001203927e-15,0.0,8,0,199,76,63.498283286143206,62.65853662066742,42.88749999999993
111.79999999999792,113.35399999999788,0.09999999999999432,0.1,-5.689893001203927e-15,0.0,8,0,200,76,63.20063238943823,62.55853662066742,42.98749999999993
111.89999999999792,113.45399999999788,0.09999999999999432,0.1,-5.689893001203927e-15,0.0,8,0,201,76,62.91053228164013,62.45853662066742,43.087499999999935
111.99999999999791,113.55399999999787,0.09999999999999432,0.1,-5.689893001203927e-15,0.0,8,0,201,75,62.61774105208769,62.358536620667415,43.18749999999993
112.0999999999979,113.65399999999786,0.09999999999999432,0.1,-5.689893001203927e-15,0.0,8,0,203,75,62.326651246722264,62.258536620667414,43.28749999999993
112.1999999999979,113.75399999999786,0.09999999999999432,0.1,-5.689893001203927e-15,0.0,8,1,203,75,62.0319519180832,62.15853662066741,43.38749999999993
112.2999999999979,113.85399999999785,0.09999999999999432,0.1,-5.689893001203927e-15,0.0,8,1,202,75,61.739590848306285,62.05853662066741,43.48749999999993
112.39999999999789,113.95399999999785,0.09999999999999432,0.1,-5.689893001203927e-15,0.0,8,1,205,75,61.44783133168508,61.95853662066741,43.587499999999935
112.49999999999788,114.05399999999784,0.09999999999999432,0.1,-5.689893001203927e-15,0.0,8,1,206,76,61.15742994806133,61.85853662066741,43.687499999999936
112.59999999999788,114.15399999999784,0.09999999999999432,0.1,-5.689893001203927e-15,0.0,8,1,206,76,60.86756080759997,61.75853662066741,43.78749999999993
112.69999999999787,114.25399999999783,0.09999999999999432,0.1,-5.689893001203927e-15,0.0,8,1,206,76,60.57024234427397,61.658536620667405,43.88749999999993
112.79999999999787,114.35399999999782,0.09999999999999432,0.1,-5.689893001203927e-15,0.0,8,1,205,76,60.27492733902629,61.558536620667404,43.98749999999993
112.89999999999786,114.45399999999782,0.09999999999999432,0.1,-5.689893001203927e-15,0.0,8,1,204,76,59.978020844442284,61.4585366206674,44.087499999999935
112.99999999999785,114.55399999999781,0.09999999999999432,0.1,-5.689893001203927e-15,0.0,8,1,204,76,59.678333473478396,61.3585366206674,44.187499999999936
113.09999999999785,114.65399999999781,0.09999999999999432,0.1,-5.689893001203927e-15,0.0,8,1,206,76,59.379448923232,61.2585366206674,44.28749999999994
113.19999999999784,114.7539999999978,0.09999999999999432,0.1,-5.689893001203927e-15,0.0,8,1,206,76,59.070133063563006,61.1585366206674,44.38749999999994
113.29999999999784,114.8539999999978,0.09999999999999432,0.1,-5.689893001203927e-15,0.0,8,1,206,76,58.773528791933224,61.0585366206674,44.48749999999993
113.39999999999783,114.95399999999779,0.09999999999999432,0.1,-5.689893001203927e-15,0.0,8,1,206,77,58.47483112485322,60.958536620667395,44.587499999999935
113.49999999999783,115.05399999999779,0.09999999999999432,0.1,-5.689893001203927e-15,0.0,8,1,206,77,58.180291885637715,60.858536620667394,44.687499999999936
113.59999999999782,115.15399999999778,0.09999999999999432,0.1,-5.689893001203927e-15,0.0,8,1,205,77,57.890077707778175,60.75853662066739,44.78749999999994
113.69999999999781,115.25399999999777,0.09999999999999432,0.1,-5.689893001203927e-15,0.0,8,1,205,77,57.59732290257718,60.65853662066739,44.88749999999994
113.79999999999781,115.35399999999777,0.09999999999999432,0.1,-5.689893001203927e-15,0.0,8,1,206,78,57.30775856928584,60.55853662066739,44.98749999999994
113.8999999999978,115.45399999999776,0.09999999999999432,0.1,-5.689893001203927e-15,0.0,8,1,206,78,57.01697300079922,60.45853662066739,45.087499999999935
113.9999999999978,115.55399999999776,0.09999999999999432,0.1,-5.689893001203927e-15,0.0,8,1,207,78,56.727382957148784,60.35853662066739,45.187499999999936
114.09999999999779,115.65399999999775,0.09999999999999432,0.1,-5.689893001203927e-15,0.0,8,1,207,77,56.43882153416489,60.258536620667385,45.28749999999994
114.19999999999779,115.75399999999775,0.09999999999999432,0.1,-5.689893001203927e-15,0.0,8,1,207,77,56.1428015966259,60.158536620667384,45.38749999999994
114.29999999999778,115.91399999999774,0.1599999999999966,0.1,0.059999999999996584,0.0,8,1,205,77,63.131774203002294,64.63309299269797,45.48749999999994
114.39999999999777,116.04499999999774,0.13100000000000023,0.1,0.031000000000000222,0.0,8,1,204,77,66.46872153601001,69.8526490761091,45.58749999999994
114.49999999999777,116.26499999999774,0.21999999999999886,0.1,0.11999999999999886,0.0,8,1,202,77,80.9026644597919,72.31261294554997,45.68749999999994
114.59999999999776,116.36499999999774,0.09999999999999432,0.1,-5.689893001203927e-15,0.0,9,1,203,77,68.61590882076563,68.61934858056034,40.71111111111106
114.69999999999776,116.46499999999773,0.09999999999999432,0.1,-5.689893001203927e-15,0.0,9,1,203,77,68.0200407598915,68.00691710800102,40.81111111111105
114.79999999999775,116.56499999999772,0.09999999999999432,0.1,-5.689893001203927e-15,0.0,9,1,205,77,67.41919316237266,67.39265339963349,40.91111111111106
114.89999999999775,116.66499999999772,0.09999999999999432,0.1,-5.689893001203927e-15,0.0,9,1,204,77,66.81983823599917,66.77722039845287,41.011111111111056
114.99999999999774,116.79839999999771,0.13339999999999463,0.1,0.03339999999999463,0.0,9,1,202,77,69.93692331554081,66.15755501243214,41.11111111111106
115.09999999999773,116.95839999999771,0.1599999999999966,0.1,0.059999999999996584,0.0,9,1,201,78,76.04900425198558,65.55563781536469,41.21111111111106
115.19999999999773,117.0583999999977,0.09999999999999432,0.1,-5.689893001203927e-15,0.0,10,1,200,78,65.40562143839935,64.94512031868204,37.189999999999955
115.29999999999772,117.2183999999977,0.1599999999999966,0.1,0.059999999999996584,0.0,10,1,199,78,70.8222976449272,66.58316834244626,37.28999999999995
115.39999999999772,117.3475999999977,0.12919999999999732,0.1,0.02919999999999731,0.0,10,1,198,78,73.17026038388273,73.60254122334783,37.38999999999995
115.49999999999771,117.5075999999977,0.1599999999999966,0.1,0.059999999999996584,0.0,10,1,196,78,78.62789568543383,77.1617454478671,37.48999999999995
115.5999999999977,117.60759999999769,0.09999999999999432,0.1,-5.689893001203927e-15,0.0,11,1,195,78,68.71902197628113,63.33309299269799,34.18181818181814
115.6999999999977,117.76759999999769,0.1599999999999966,0.1,0.059999999999996584,0.0,11,1,193,78,73.62625047790193,74.2570322370974,34.281818181818146
115.7999999999977,117.86759999999768,0.09999999999999432,0.1,-5.689893001203927e-15,0.0,11,1,192,78,73.09668696157202,73.65703223709741,34.38181818181814
115.89999999999769,118.00999999999767,0.14239999999999498,0.1,0.04239999999999497,0.0,11,1,190,78,76.39037293538073,73.05703223709742,34.48181818181814
115.99999999999768,118.10999999999767,0.09999999999999432,0.1,-5.689893001203927e-15,0.0,12,1,192,79,67.44553226416075,72.45703223709742,31.708333333333297
116.09999999999768,118.20999999999766,0.09999999999999432,0.1,-5.689893001203927e-15,0.0,12,1,191,78,66.85064048424002,71.85703223709743,31.808333333333294
116.19999999999767,118.30999999999766,0.09999999999999432,0.1,-5.689893001203927e-15,0.0,12,1,192,79,66.36222381757335,71.25703223709743,31.9083333333333
116.29999999999767,118.40999999999765,0.09999999999999432,0.1,-5.689893001203927e-15,0.0,12,1,192,79,65.86602077602873,70.65703223709744,32.0083333333333
116.39999999999766,118.50999999999765,0.09999999999999432,0.1,-5.689893001203927e-15,0.0,12,1,192,79,65.37166878861534,70.05703223709745,32.1083333333333
116.49999999999766,118.60999999999764,0.09999999999999432,0.1,-5.689893001203927e-15,0.0,12,1,192,79,64.8725896976915,69.45703223709745,32.20833333333329
116.59999999999765,118.70999999999763,0.09999999999999432,0.1,-5.689893001203927e-15,0.0,12,1,192,79,64.39433852147657,68.85703223709746,32.3083333333333
116.69999999999764,118.80999999999763,0.09999999999999432,0.1,-5.689893001203927e-15,0.0,12,1,191,80,63.993202703997575,68.41082371588523,32.408333333333296
116.79999999999764,118.90999999999762,0.09999999999999432,0.1,-5.689893001203927e-15,0.0,12,1,191,79,63.704827409943846,68.31082371588523,32.5083333333333
116.89999999999763,119.00999999999762,0.09999999999999432,0.1,-5.689893001203927e-15,0.0,12,1,191,80,63.424160743277184,68.21082371588524,32.6083333333333
116.99999999999763,119.10999999999761,0.09999999999999432,0.1,-5.689893001203927e-15,0.0,12,1,191,80,63.143410743277194,68.11082371588525,32.7083333333333
117.09999999999762,119.2099999999976,0.09999999999999432,0.1,-5.689893001203927e-15,0.0,12,1,191,80,62.86257740994386,68.01082371588525,32.8083333333333
117.19999999999762,119.3547999999976,0.14479999999998938,0.1,0.044799999999989376,0.0,12,1,190,79,66.31499407661055,69.80722074735382,32.908333333333296
117.29999999999761,119.45479999999759,0.09999999999999432,0.1,-5.689893001203927e-15,0.0,12,1,190,79,66.00493188032307,69.05210877543043,33.0083333333333
117.3999999999976,118.87027891224328,-0.584521087754311,0.1,-6.661338147750939e-15,0.6845210877543043,11,1,190,79,65.43016544491603,67.71082371588527,30.745454545454457
117.4999999999976,118.97027891224327,0.09999999999999432,0.1,-5.689893001203927e-15,0.0,11,1,190,79,65.11914559640387,67.61082371588527,30.84545454545446
117.59999999999759,119.13027891224327,0.1599999999999966,0.1,0.059999999999996584,0.0,11,1,190,79,70.27596377822209,69.67319160812423,30.945454545454457
117.69999999999759,119.23027891224326,0.09999999999999432,0.1,-5.689893001203927e-15,0.0,11,1,190,79,69.99185375175371,69.57319160812423,31.045454545454458
117.79999999999758,119.33027891224326,0.09999999999999432,0.1,-5.689893001203927e-15,0.0,11,1,190,80,69.68941157908479,69.47319160812424,31.145454545454456
117.89999999999758,119.43027891224325,0.09999999999999432,0.1,-5.689893001203927e-15,0.0,11,1,189,80,69.40190055666477,69.37319160812424,31.245454545454457
117.99999999999757,119.53027891224325,0.09999999999999432,0.1,-5.689893001203927e-15,0.0,11,1,188,81,69.14926419302842,69.27319160812425,31.34545454545446
118.09999999999756,119.63027891224324,0.09999999999999432,0.1,-5.689893001203927e-15,0.0,11,1,187,81,68.89653692030114,69.17319160812426,31.445454545454457
118.19999999999756,119.73027891224324,0.09999999999999432,0.1,-5.689893001203927e-15,0.0,11,1,186,81,68.64371873848296,69.07319160812426,31.545454545454458
118.29999999999755,119.83027891224323,0.09999999999999432,0.1,-5.689893001203927e-15,0.0,11,1,187,81,68.39080964757387,68.97319160812427,31.64545454545446
118.39999999999755,119.93027891224322,0.09999999999999432,0.1,-5.689893001203927e-15,0.0,11,1,187,81,68.13780964757389,68.87319160812427,31.745454545454457
118.49999999999754,120.03027891224322,0.09999999999999432,0.1,-5.689893001203927e-15,0.0,11,1,188,81,67.88471873848299,68.77319160812428,31.84545454545446
118.59999999999754,120.13027891224321,0.09999999999999432,0.1,-5.689893001203927e-15,0.0,10,1,187,81,74.59296750040156,76.66474609208325,23.28000000000015
118.69999999999753,120.23027891224321,0.09999999999999432,0.1,-5.689893001203927e-15,0.0,10,1,186,81,74.47950972132712,76.43016830133897,23.38000000000015
118.79999999999752,120.3302789122432,0.09999999999999432,0.1,-5.689893001203927e-15,0.0,10,1,186,81,74.37950972132714,76.33016830133897,23.480000000000153
118.89999999999752,120.4302789122432,0.09999999999999432,0.1,-5.689893001203927e-15,0.0,10,1,185,80,74.27950972132713,76.23016830133898,23.58000000000015
118.99999999999751,120.53027891224319,0.09999999999999432,0.1,-5.689893001203927e-15,0.0,10,1,184,80,74.17950972132714,76.13016830133898,23.680000000000156
119.09999999999751,120.63027891224318,0.09999999999999432,0.1,-5.689893001203927e-15,0.0,10,1,185,80,74.07950972132714,76.03016830133899,23.780000000000154
119.1999999999975,120.73027891224318,0.09999999999999432,0.1,-5.689893001203927e-15,0.0,10,1,186,80,73.97950972132715,75.930168301339,23.880000000000155
119.2999999999975,120.83027891224317,0.09999999999999432,0.1,-5.689893001203927e-15,0.0,10,1,186,80,73.87950972132714,75.830168301339,23.980000000000157
119.39999999999749,120.93027891224317,0.09999999999999432,0.1,-5.689893001203927e-15,0.0,10,1,186,80,73.77950972132714,75.730168301339,24.080000000000158
119.49999999999748,121.03027891224316,0.09999999999999432,0.1,-5.689893001203927e-15,0.0,10,1,186,81,73.67950972132715,75.63016830133901,24.180000000000156
119.59999999999748,121.13027891224316,0.09999999999999432,0.1,-5.689893001203927e-15,0.0,10,1,184,81,73.57950972132716,75.53016830133902,24.280000000000157
119.69999999999747,121.23027891224315,0.09999999999999432,0.1,-5.689893001203927e-15,0.0,10,1,184,82,73.47950972132716,75.43016830133902,24.38000000000016
119.79999999999747,121.33027891224314,0.09999999999999432,0.1,-5.689893001203927e-15,0.0,10,1,184,82,73.37950972132717,75.33016830133903,24.48000000000016
119.89999999999746,121.43027891224314,0.09999999999999432,0.1,-5.689893001203927e-15,0.0,10,1,183,83,73.27950972132717,75.23016830133903,24.58000000000016
119.99999999999746,121.53027891224313,0.09999999999999432,0.1,-5.689893001203927e-15,0.0,10,1,183,83,73.17950972132716,75.13016830133904,24.68000000000016
120.09999999999745,121.63027891224313,0.09999999999999432,0.1,-5.689893001203927e-15,0.0,10,1,183,82,73.07950972132718,75.03016830133905,24.780000000000165
120.19999999999744,121.73027891224312,0.09999999999999432,0.1,-5.689893001203927e-15,0.0,10,1,182,82,72.97950972132718,74.93016830133905,24.880000000000162
120.29999999999744,121.83027891224312,0.09999999999999432,0.1,-5.689893001203927e-15,0.0,10,1,183,81,72.87950972132718,74.83016830133906,24.980000000000164
120.39999999999743,121.93027891224311,0.09999999999999432,0.1,-5.689893001203927e-15,0.0,10,1,183,81,72.77950972132719,74.73016830133906,25.08000000000016
120.49999999999743,122.0302789122431,0.09999999999999432,0.1,-5.689893001203927e-15,0.0,10,1,182,80,72.6795097213272,74.63016830133907,25.180000000000167
120.59999999999742,122.1302789122431,0.09999999999999432,0.1,-5.689893001203927e-15,0.0,10,1,182,80,72.57950972132718,74.53016830133907,25.280000000000165
120.69999999999742,122.2302789122431,0.09999999999999432,0.1,-5.689893001203927e-15,0.0,10,1,182,80,72.47950972132719,74.43016830133908,25.380000000000166
120.79999999999741,122.33027891224309,0.09999999999999432,0.1,-5.689893001203927e-15,0.0,10,1,183,80,72.3795097213272,74.33016830133909,25.480000000000167
120.8999999999974,122.43027891224308,0.09999999999999432,0.1,-5.689893001203927e-15,0.0,10,1,184,80,72.2795097213272,74.23016830133909,25.58000000000017
120.9999999999974,122.53027891224308,0.09999999999999432,0.1,-5.689893001203927e-15,0.0,10,1,183,80,72.17950972132721,74.1301683013391,25.680000000000167
121.0999999999974,122.63027891224307,0.09999999999999432,0.1,-5.689893001203927e-15,0.0,10,1,182,80,72.07950972132721,74.0301683013391,25.78000000000017
121.19999999999739,122.73027891224307,0.09999999999999432,0.1,-5.689893001203927e-15,0.0,10,1,182,81,71.97950972132722,73.93016830133911,25.880000000000173
121.29999999999738,122.83027891224306,0.09999999999999432,0.1,-5.689893001203927e-15,0.0,10,1,182,80,71.87950972132721,73.83016830133911,25.98000000000017
121.39999999999738,122.93027891224305,0.09999999999999432,0.1,-5.689893001203927e-15,0.0,10,1,183,79,71.77950972132722,73.73016830133912,26.080000000000172
121.49999999999737,123.03027891224305,0.09999999999999432,0.1,-5.689893001203927e-15,0.0,10,1,183,79,71.67950972132722,73.63016830133913,26.18000000000017
121.59999999999737,123.13027891224304,0.09999999999999432,0.1,-5.689893001203927e-15,0.0,10,1,182,79,71.57950972132723,73.53016830133913,26.28000000000017
121.69999999999736,123.23027891224304,0.09999999999999432,0.1,-5.689893001203927e-15,0.0,10,1,181,79,71.47950972132722,73.43016830133914,26.380000000000173
121.79999999999735,123.33027891224303,0.09999999999999432,0.1,-5.689893001203927e-15,0.0,10,1,181,79,71.37950972132724,73.33016830133914,26.48000000000017
121.89999999999735,123.43027891224303,0.09999999999999432,0.1,-5.689893001203927e-15,0.0,10,1,180,80,71.27950972132723,73.23016830133915,26.580000000000176
121.99999999999734,123.53027891224302,0.09999999999999432,0.1,-5.689893001203927e-15,0.0,10,1,180,80,71.17950972132724,73.13016830133915,26.680000000000177
122.09999999999734,123.63027891224301,0.09999999999999432,0.1,-5.689893001203927e-15,0.0,10,1,181,80,71.07950972132724,73.03016830133916,26.78000000000018
122.19999999999733,123.73027891224301,0.09999999999999432,0.1,-5.689893001203927e-15,0.0,10,1,180,79,70.97950972132723,72.93016830133917,26.880000000000177
122.29999999999733,123.830278912243,0.09999999999999432,0.1,-5.689893001203927e-15,0.0,10,1,180,79,70.87950972132725,72.83016830133917,26.980000000000178
122.39999999999732,123.930278912243,0.09999999999999432,0.1,-5.689893001203927e-15,0.0,10,1,180,80,70.77950972132724,72.73016830133918,27.080000000000176
122.49999999999731,124.03027891224299,0.09999999999999432,0.1,-5.689893001203927e-15,0.0,10,1,179,80,70.67950972132725,72.63016830133918,27.180000000000177
122.59999999999731,124.13027891224299,0.09999999999999432,0.1,-5.689893001203927e-15,0.0,10,1,179,80,70.57950972132726,72.53016830133919,27.28000000000018
122.6999999999973,124.23027891224298,0.09999999999999432,0.1,-5.689893001203927e-15,0.0,10,1,179,81,70.47950972132726,72.4301683013392,27.380000000000177
122.7999999999973,124.33027891224297,0.09999999999999432,0.1,-5.689893001203927e-15,0.0,10,1,182,80,70.37950972132725,72.3301683013392,27.480000000000178
122.89999999999729,124.43027891224297,0.09999999999999432,0.1,-5.689893001203927e-15,0.0,10,1,183,80,70.27950972132726,72.2301683013392,27.580000000000176
122.99999999999729,124.53027891224296,0.09999999999999432,0.1,-5.689893001203927e-15,0.0,10,1,183,80,70.1266827138587,72.13016830133921,27.680000000000177
123.09999999999728,124.67147891224296,0.14119999999999777,0.1,0.041199999999997766,0.0,10,1,181,80,74.09668271385871,72.03016830133922,27.78000000000018
123.19999999999727,124.77147891224296,0.09999999999999432,0.1,-5.689893001203927e-15,0.0,10,1,181,79,73.96945322195494,71.93016830133922,27.880000000000177
123.29999999999727,124.93147891224295,0.1599999999999966,0.1,0.059999999999996584,0.0,10,1,180,80,79.79621834962327,71.83016830133923,27.980000000000178
123.39999999999726,125.03147891224295,0.09999999999999432,0.1,-5.689893001203927e-15,0.0,11,1,180,80,70.1238348632939,71.73016830133923,25.5363636363638
123.49999999999726,125.13147891224294,0.09999999999999432,0.1,-5.689893001203927e-15,0.0,11,1,180,80,69.8913193238685,71.63016830133924,25.6363636363638
123.59999999999725,125.23147891224293,0.09999999999999432,0.1,-5.689893001203927e-15,0.0,11,1,179,80,69.69312739325916,71.53016830133924,25.736363636363798
123.69999999999725,125.39147891224293,0.1599999999999966,0.1,0.059999999999996584,0.0,11,1,179,80,74.95676375689555,71.43016830133925,25.8363636363638
123.79999999999724,125.49147891224293,0.09999999999999432,0.1,-5.689893001203927e-15,0.0,11,1,179,81,74.76585466598647,71.33016830133926,25.936363636363797
123.89999999999723,125.59147891224292,0.09999999999999432,0.1,-5.689893001203927e-15,0.0,11,1,178,81,74.57185291975772,71.23016830133926,26.0363636363638
123.99999999999723,125.69147891224291,0.09999999999999432,0.1,-5.689893001203927e-15,0.0,11,1,177,81,74.37804307767944,71.13016830133927,26.136363636363797
124.09999999999722,125.79147891224291,0.09999999999999432,0.1,-5.689893001203927e-15,0.0,11,1,177,81,74.18377459039054,71.03016830133927,26.236363636363794
124.19999999999722,125.8914789122429,0.09999999999999432,0.1,-5.689893001203927e-15,0.0,11,1,177,81,73.99121471799117,70.93016830133928,26.336363636363796
124.29999999999721,125.9914789122429,0.09999999999999432,0.1,-5.689893001203927e-15,0.0,11,1,176,81,73.80025468220717,70.83016830133928,26.436363636363794
124.3999999999972,126.09147891224289,0.09999999999999432,0.1,-5.689893001203927e-15,0.0,11,1,176,81,73.60602669093934,70.73016830133929,26.536363636363795
124.4999999999972,126.19147891224289,0.09999999999999432,0.1,-5.689893001203927e-15,0.0,11,1,176,81,73.41242277713835,70.6301683013393,26.636363636363793
124.5999999999972,126.29147891224288,0.09999999999999432,0.1,-5.689893001203927e-15,0.0,11,1,176,80,73.21934917106465,70.5301683013393,26.736363636363794
124.69999999999719,126.39147891224287,0.09999999999999432,0.1,-5.689893001203927e-15,0.0,11,1,176,81,73.02638086073966,70.43016830133931,26.83636363636379
124.79999999999718,126.49147891224287,0.09999999999999432,0.1,-5.689893001203927e-15,0.0,11,1,177,81,72.83287878833943,70.33016830133931,26.936363636363794
124.89999999999718,126.59147891224286,0.09999999999999432,0.1,-5.689893001203927e-15,0.0,11,1,177,81,72.64080985708742,70.23016830133932,27.036363636363788
124.99999999999717,126.69147891224286,0.09999999999999432,0.1,-5.689893001203927e-15,0.0,11,1,178,82,72.44677116513759,70.13016830133932,27.136363636363793
125.09999999999717,126.79147891224285,0.09999999999999432,0.1,-5.689893001203927e-15,0.0,11,1,179,82,72.25366716631108,70.03016830133933,27.236363636363787
125.19999999999716,126.89147891224285,0.09999999999999432,0.1,-5.689893001203927e-15,0.0,11,1,181,82,72.05770379343114,69.93016830133934,27.33636363636379
125.29999999999715,126.99147891224284,0.09999999999999432,0.1,-5.689893001203927e-15,0.0,11,1,180,82,71.860901312591,69.83016830133934,27.436363636363787
125.39999999999715,127.09147891224283,0.09999999999999432,0.1,-5.689893001203927e-15,0.0,11,1,180,82,71.66235944957802,69.73016830133935,27.536363636363788
125.49999999999714,127.19147891224283,0.09999999999999432,0.1,-5.689893001203927e-15,0.0,11,1,181,82,71.4686805038013,69.63016830133935,27.636363636363786
125.59999999999714,127.29147891224282,0.09999999999999432,0.1,-5.689893001203927e-15,0.0,11,1,182,82,71.27609466052986,69.53016830133936,27.736363636363787
125.69999999999713,127.39147891224282,0.09999999999999432,0.1,-5.689893001203927e-15,0.0,11,1,184,82,71.08259079131692,69.43016830133936,27.836363636363785
125.79999999999713,127.49147891224281,0.09999999999999432,0.1,-5.689893001203927e-15,0.0,11,1,184,82,70.88962551181841,69.33016830133937,27.936363636363787
125.89999999999712,127.5914789122428,0.09999999999999432,0.1,-5.689893001203927e-15,0.0,11,1,183,82,70.69639355866124,69.23016830133938,28.036363636363784
125.99999999999712,127.6914789122428,0.09999999999999432,0.1,-5.689893001203927e-15,0.0,11,1,182,81,70.50179475852445,69.13016830133938,28.136363636363786
126.09999999999711,127.7914789122428,0.09999999999999432,0.1,-5.689893001203927e-15,0.0,11,1,182,81,70.30883250771566,69.03016830133939,28.236363636363784
126.1999999999971,127.89147891224279,0.09999999999999432,0.1,-5.689893001203927e-15,0.0,11,1,182,81,70.1167818397256,68.93016830133939,28.33636363636378
126.2999999999971,127.99147891224278,0.09999999999999432,0.1,-5.689893001203927e-15,0.0,11,1,182,81,69.92061681588939,68.287685463941,28.436363636363783
126.39999999999709,128.0914789122428,0.10000000000000853,0.1,8.520961713998076e-15,0.0,11,1,182,81,69.72210061680026,67.60458766756318,28.536363636363777
126.49999999999709,128.1914789122428,0.09999999999999432,0.1,-5.689893001203927e-15,0.0,11,1,182,82,69.5296646800786,66.99141446712281,28.636363636363782
126.59999999999708,128.29147891224278,0.09999999999999432,0.1,-5.689893001203927e-15,0.0,11,1,182,82,69.3352841373092,66.37280447571106,28.736363636363777
126.69999999999708,128.39147891224277,0.09999999999999432,0.1,-5.689893001203927e-15,0.0,11,1,183,82,69.14213665201305,65.76958239527664,28.83636363636378
126.79999999999707,128.49147891224277,0.09999999999999432,0.1,-5.689893001203927e-15,0.0,11,1,182,82,68.94972911759179,65.15843845110867,28.936363636363776
126.89999999999706,128.59147891224276,0.09999999999999432,0.1,-5.689893001203927e-15,0.0,11,1,182,82,68.75573546841935,64.53909905525173,29.036363636363777
126.99999999999706,128.69147891224276,0.09999999999999432,0.1,-5.689893001203927e-15,0.0,11,1,181,82,68.56105244982108,63.91992585221545,29.136363636363775
127.09999999999705,128.79147891224275,0.09999999999999432,0.1,-5.689893001203927e-15,0.0,11,1,182,81,68.36740460562076,63.30527513737042,29.236363636363777
127.19999999999705,128.89147891224275,0.09999999999999432,0.1,-5.689893001203927e-15,0.0,11,1,181,82,68.1735922209586,62.69431563020222,29.336363636363775
127.29999999999704,128.99147891224274,0.09999999999999432,0.1,-5.689893001203927e-15,0.0,11,1,180,83,67.9760841162575,62.04237514336393,29.436363636363776
127.39999999999704,129.09147891224274,0.09999999999999432,0.1,-5.689893001203927e-15,0.0,11,1,179,83,67.7768879594636,61.3672093410242,29.536363636363774
127.49999999999703,129.19147891224273,0.09999999999999432,0.1,-5.689893001203927e-15,0.0,11,1,179,83,67.58372463725487,60.75959285839755,29.636363636363775
127.59999999999702,129.29147891224272,0.09999999999999432,0.1,-5.689893001203927e-15,0.0,11,1,180,83,67.39010933815247,60.14621505688596,29.736363636363773
127.69999999999702,129.39147891224272,0.09999999999999432,0.1,-5.689893001203927e-15,0.0,11,1,180,82,67.19641802401314,59.57319160812448,29.836363636363775
127.79999999999701,129.4914789122427,0.09999999999999432,0.1,-5.689893001203927e-15,0.0,11,1,181,82,67.00147286283419,59.47319160812448,29.936363636363772
127.89999999999701,129.5914789122427,0.09999999999999432,0.1,-5.689893001203927e-15,0.0,11,1,180,81,66.80809323802218,59.37319160812448,30.036363636363774
127.999999999997,129.6914789122427,0.09999999999999432,0.1,-5.689893001203927e-15,0.0,11,1,179,81,66.61378216581012,59.27319160812448,30.13636363636377
128.099999999997,129.7914789122427,0.09999999999999432,0.1,-5.689893001203927e-15,0.0,11,1,179,81,66.42155676498831,59.173191608124476,30.236363636363766
128.199999999997,129.8914789122427,0.09999999999999432,0.1,-5.689893001203927e-15,0.0,11,1,181,80,66.22880739894353,59.073191608124475,30.33636363636377
128.299999999997,129.99147891224268,0.09999999999999432,0.1,-5.689893001203927e-15,0.0,11,1,181,80,66.03590839163081,58.97319160812447,30.436363636363765
128.399999999997,130.09147891224268,0.09999999999999432,0.1,-5.689893001203927e-15,0.0,11,1,181,80,65.84440326040026,58.87319160812447,30.53636363636377
128.499999999997,130.19147891224267,0.09999999999999432,0.1,-5.689893001203927e-15,0.0,11,1,182,80,65.65118979230509,58.77319160812447,30.636363636363765
128.59999999999698,130.29147891224267,0.09999999999999432,0.1,-5.689893001203927e-15,0.0,11,1,182,80,65.45203611878583,58.67319160812447,30.736363636363766
128.69999999999698,130.39147891224266,0.09999999999999432,0.1,-5.689893001203927e-15,0.0,11,1,182,80,65.25375905959608,58.57319160812447,30.836363636363764
128.79999999999697,130.49147891224266,0.09999999999999432,0.1,-5.689893001203927e-15,0.0,11,1,183,79,65.06082285132018,58.473191608124466,30.936363636363765
128.89999999999696,130.59147891224265,0.09999999999999432,0.1,-5.689893001203927e-15,0.0,11,1,182,79,64.86910976110715,58.373191608124465,31.036363636363763
128.99999999999696,130.69147891224264,0.09999999999999432,0.1,-5.689893001203927e-15,0.0,11,1,182,79,64.67452826877269,58.27319160812446,31.136363636363765
129.09999999999695,130.79147891224264,0.09999999999999432,0.1,-5.689893001203927e-15,0.0,11,1,182,80,64.47741692672781,58.17319160812446,31.236363636363762
129.19999999999695,130.89147891224263,0.09999999999999432,0.1,-5.689893001203927e-15,0.0,11,1,182,80,64.27717253217918,58.07319160812446,31.336363636363764
129.29999999999694,130.99147891224263,0.09999999999999432,0.1,-5.689893001203927e-15,0.0,11,1,184,80,64.08474003214482,57.97319160812446,31.43636363636376
129.39999999999694,131.09147891224262,0.09999999999999432,0.1,-5.689893001203927e-15,0.0,11,1,183,80,63.88440707859476,57.87319160812446,31.536363636363763
129.49999999999693,131.19147891224262,0.09999999999999432,0.1,-5.689893001203927e-15,0.0,11,1,184,80,63.685610835948346,57.773191608124456,31.63636363636376
129.59999999999692,131.2914789122426,0.09999999999999432,0.1,-5.689893001203927e-15,0.0,11,1,185,80,63.48920733784107,57.673191608124455,31.736363636363762
129.69999999999692,131.3914789122426,0.09999999999999432,0.1,-5.689893001203927e-15,0.0,11,1,184,80,63.298116202090576,57.57319160812445,31.83636363636376
129.7999999999969,131.4914789122426,0.09999999999999432,0.1,-5.689893001203927e-15,0.0,11,1,184,81,63.10554574399226,57.47319160812445,31.936363636363755
129.8999999999969,131.5914789122426,0.09999999999999432,0.1,-5.689893001203927e-15,0.0,11,1,184,81,62.91322103306629,57.37319160812445,32.03636363636376
129.9999999999969,131.6914789122426,0.09999999999999432,0.1,-5.689893001203927e-15,0.0,11,1,183,81,62.72019527895146,57.27319160812445,32.136363636363754
130.0999999999969,131.79147891224258,0.09999999999999432,0.1,-5.689893001203927e-15,0.0,11,1,183,81,62.526467983675275,57.17319160812445,32.236363636363755
130.1999999999969,131.89147891224258,0.09999999999999432,0.1,-5.689893001203927e-15,0.0,11,1,184,81,62.332290187783094,57.073191608124446,32.33636363636376
130.29999999999688,131.99147891224257,0.09999999999999432,0.1,-5.689893001203927e-15,0.0,11,1,184,81,62.13845947814168,56.973191608124445,32.43636363636376
130.39999999999688,132.09147891224256,0.09999999999999432,0.1,-5.689893001203927e-15,0.0,11,1,184,81,61.944642800395144,56.87319160812444,32.53636363636375
130.49999999999687,132.19147891224256,0.09999999999999432,0.1,-5.689893001203927e-15,0.0,11,1,184,81,61.75318409377105,56.77319160812444,32.636363636363754
130.59999999999687,132.29147891224255,0.09999999999999432,0.1,-5.689893001203927e-15,0.0,11,1,184,81,61.55850266102455,56.67319160812444,32.736363636363755
130.69999999999686,132.39147891224255,0.09999999999999432,0.1,-5.689893001203927e-15,0.0,11,1,184,81,61.36602221528438,56.57319160812444,32.83636363636376
130.79999999999686,132.49147891224254,0.09999999999999432,0.1,-5.689893001203927e-15,0.0,11,1,183,81,61.17172494622934,56.47319160812444,32.93636363636375
130.89999999999685,132.59147891224254,0.09999999999999432,0.1,-5.689893001203927e-15,0.0,11,1,183,81,60.976514969272095,56.373191608124436,33.03636363636375
130.99999999999685,132.69147891224253,0.09999999999999432,0.1,-5.689893001203927e-15,0.0,11,1,184,81,60.78144242877506,56.273191608124435,33.13636363636375
131.09999999999684,132.79147891224252,0.09999999999999432,0.1,-5.689893001203927e-15,0.0,11,1,184,81,60.5897037673082,56.173191608124434,33.236363636363755
131.19999999999683,132.89147891224252,0.09999999999999432,0.1,-5.689893001203927e-15,0.0,11,1,184,81,60.39720173898866,56.07319160812443,33.33636363636375
131.29999999999683,132.9914789122425,0.09999999999999432,0.1,-5.689893001203927e-15,0.0,11,1,184,81,60.19326259751079,55.97319160812443,33.43636363636375
131.39999999999682,133.0914789122425,0.09999999999999432,0.1,-5.689893001203927e-15,0.0,11,1,183,81,59.99950566594737,55.87319160812443,33.536363636363745
131.49999999999682,133.2514789122425,0.1599999999999966,0.1,0.059999999999996584,0.0,11,1,181,81,65.26314202958378,55.77319160812443,33.63636363636375
131.5999999999968,133.3514789122425,0.09999999999999432,0.1,-5.689893001203927e-15,0.0,11,1,179,81,65.0923803088348,55.67319160812443,33.73636363636375
131.6999999999968,133.4514789122425,0.09999999999999432,0.1,-5.689893001203927e-15,0.0,11,1,180,81,64.89042799881632,55.573191608124425,33.83636363636375
131.7999999999968,133.6114789122425,0.1599999999999966,0.1,0.059999999999996584,0.0,11,1,178,81,70.15406436245273,55.473191608124424,33.936363636363744
131.8999999999968,133.7544789122425,0.14300000000000068,0.1,0.04300000000000068,0.0,12,1,177,81,65.64021058031352,63.23016830133966,31.20833333333344
131.9999999999968,133.85447891224248,0.09999999999999432,0.1,-5.689893001203927e-15,0.0,12,1,178,80,65.37315359465312,63.13016830133966,31.308333333333437
132.09999999999678,133.95447891224248,0.09999999999999432,0.1,-5.689893001203927e-15,0.0,12,1,178,80,65.11356617648441,63.03016830133966,31.408333333333434
132.19999999999678,134.05447891224247,0.09999999999999432,0.1,-5.689893001203927e-15,0.0,12,1,179,80,64.78619478847808,62.930168301339656,31.508333333333436
132.29999999999677,134.15447891224247,0.09999999999999432,0.1,-5.689893001203927e-15,0.0,12,1,179,80,64.51610109958351,62.830168301339654,31.608333333333434
132.39999999999677,134.25447891224246,0.09999999999999432,0.1,-5.689893001203927e-15,0.0,12,1,179,80,64.29110109958351,62.73016830133965,31.70833333333344
132.49999999999676,134.35447891224246,0.09999999999999432,0.1,-5.689893001203927e-15,0.0,12,1,180,80,64.06610109958352,62.63016830133965,31.808333333333437
132.59999999999675,134.45447891224245,0.09999999999999432,0.1,-5.689893001203927e-15,0.0,12,1,180,80,63.88838309251704,62.53016830133965,31.908333333333434
132.69999999999675,134.55447891224244,0.09999999999999432,0.1,-5.689893001203927e-15,0.0,12,1,179,80,63.746716425850366,62.43016830133965,32.00833333333343
132.79999999999674,134.65447891224244,0.09999999999999432,0.1,-5.689893001203927e-15,0.0,12,1,179,80,63.60504975918371,62.33016830133965,32.108333333333434
132.89999999999674,134.75447891224243,0.09999999999999432,0.1,-5.689893001203927e-15,0.0,12,1,178,80,63.46338309251704,62.230168301339646,32.208333333333435
132.99999999999673,134.85447891224243,0.09999999999999432,0.1,-5.689893001203927e-15,0.0,12,1,177,80,63.321716425850376,62.130168301339644,32.30833333333344
133.09999999999673,134.95447891224242,0.09999999999999432,0.1,-5.689893001203927e-15,0.0,12,1,177,80,63.18004975918371,62.03016830133964,32.40833333333344
133.19999999999672,135.05447891224242,0.09999999999999432,0.1,-5.689893001203927e-15,0.0,12,1,178,80,63.038383092517044,61.93016830133964,32.50833333333343
133.29999999999671,135.1544789122424,0.09999999999999432,0.1,-5.689893001203927e-15,0.0,12,1,178,80,62.89671642585038,61.83016830133964,32.608333333333434
133.3999999999967,135.3144789122424,0.1599999999999966,0.1,0.059999999999996584,0.0,12,1,177,80,67.75504975918375,64.89165783207262,32.708333333333435
133.4999999999967,135.4144789122424,0.09999999999999432,0.1,-5.689893001203927e-15,0.0,12,1,176,80,67.61338309251708,64.79165783207263,32.80833333333344
133.5999999999967,135.5144789122424,0.09999999999999432,0.1,-5.689893001203927e-15,0.0,12,1,177,79,67.45744383312321,64.69165783207264,32.90833333333344
133.6999999999967,135.6144789122424,0.09999999999999432,0.1,-5.689893001203927e-15,0.0,12,1,177,79,67.31577716645656,64.59165783207264,33.00833333333343
133.7999999999967,135.71447891224238,0.09999999999999432,0.1,-5.689893001203927e-15,0.0,12,1,180,79,67.17411049978989,64.49165783207265,33.108333333333434
133.89999999999668,135.81447891224238,0.09999999999999432,0.1,-5.689893001203927e-15,0.0,12,1,180,79,67.03244383312322,64.39165783207265,33.208333333333435
133.99999999999667,135.97447891224238,0.1599999999999966,0.1,0.059999999999996584,0.0,12,1,178,79,71.89077716645659,64.29165783207266,33.30833333333344
134.09999999999667,136.07447891224237,0.09999999999999432,0.1,-5.689893001203927e-15,0.0,12,1,179,79,71.74911049978992,64.19165783207266,33.40833333333344
134.19999999999666,136.17447891224236,0.09999999999999432,0.1,-5.689893001203927e-15,0.0,12,1,180,79,71.5998717103832,64.09165783207267,33.50833333333343
134.29999999999666,136.33447891224236,0.1599999999999966,0.1,0.059999999999996584,0.0,12,1,180,79,76.45820504371657,63.99165783207267,33.608333333333434
134.39999999999665,136.43447891224235,0.09999999999999432,0.1,-5.689893001203927e-15,0.0,13,1,181,79,68.51526619419991,63.89165783207267,31.123076923077015
134.49999999999665,136.53447891224235,0.09999999999999432,0.1,-5.689893001203927e-15,0.0,13,1,181,79,68.33724393139035,63.791657832072666,31.223076923077016
134.59999999999664,136.63447891224234,0.09999999999999432,0.1,-5.689893001203927e-15,0.0,13,1,181,79,68.21452855802748,63.691657832072664,31.323076923077018
134.69999999999663,136.73447891224234,0.09999999999999432,0.1,-5.689893001203927e-15,0.0,13,1,181,79,68.10317087134604,63.59165783207266,31.423076923077016
134.79999999999663,136.83447891224233,0.09999999999999432,0.1,-5.689893001203927e-15,0.0,13,2,182,79,68.00317087134604,63.49165783207266,31.523076923077017
134.89999999999662,136.93447891224233,0.09999999999999432,0.1,-5.689893001203927e-15,0.0,13,2,181,79,67.90317087134605,63.39165783207266,31.623076923077015
134.99999999999662,137.03447891224232,0.09999999999999432,0.1,-5.689893001203927e-15,0.0,13,2,181,79,67.80317087134605,63.29165783207266,31.723076923077016
135.0999999999966,137.13447891224232,0.09999999999999432,0.1,-5.689893001203927e-15,0.0,13,2,181,79,67.64424779442297,63.19165783207266,31.823076923077018
135.1999999999966,137.2344789122423,0.09999999999999432,0.1,-5.689893001203927e-15,0.0,13,2,181,79,67.48524779442297,63.091657832072656,31.923076923077016
135.2999999999966,137.3344789122423,0.09999999999999432,0.1,-5.689893001203927e-15,0.0,13,2,182,79,67.32617087134605,62.991657832072654,32.023076923077014
135.3999999999966,137.4344789122423,0.09999999999999432,0.1,-5.689893001203927e-15,0.0,13,2,182,79,67.16701702519221,62.89165783207265,32.123076923077015
135.4999999999966,137.5344789122423,0.09999999999999432,0.1,-5.689893001203927e-15,0.0,13,2,183,79,67.00778625596143,62.79165783207265,32.223076923077016
135.59999999999658,137.6344789122423,0.09999999999999432,0.1,-5.689893001203927e-15,0.0,13,2,183,79,66.84847856365376,62.69165783207265,32.32307692307702
135.69999999999658,137.73447891224228,0.09999999999999432,0.1,-5.689893001203927e-15,0.0,13,2,184,80,66.68909394826913,62.59165783207265,32.42307692307701
135.79999999999657,137.83447891224228,0.09999999999999432,0.1,-5.689893001203927e-15,0.0,13,2,184,80,66.5296324098076,62.49165783207265,32.523076923077014
135.89999999999657,137.93447891224227,0.09999999999999432,0.1,-5.689893001203927e-15,0.0,13,2,185,80,66.37009394826914,62.391657832072646,32.623076923077015
135.99999999999656,138.03447891224226,0.09999999999999432,0.1,-5.689893001203927e-15,0.0,13,2,185,80,66.21047856365377,62.291657832072644,32.723076923077016
136.09999999999656,138.13447891224226,0.09999999999999432,0.1,-5.689893001203927e-15,0.0,13,2,185,80,66.05078625596146,62.19165783207264,32.82307692307702
136.19999999999655,138.23447891224225,0.09999999999999432,0.1,-5.689893001203927e-15,0.0,13,2,186,80,65.89101702519223,62.09165783207264,32.92307692307701
136.29999999999654,138.33447891224225,0.09999999999999432,0.1,-5.689893001203927e-15,0.0,13,2,186,80,65.73117087134607,61.99165783207264,33.023076923077014
136.39999999999654,138.43447891224224,0.09999999999999432,0.1,-5.689893001203927e-15,0.0,13,2,186,80,65.52963205008565,61.89165783207264,33.123076923077015
136.49999999999653,138.53447891224224,0.09999999999999432,0.1,-5.689893001203927e-15,0.0,13,2,186,80,65.32990904534186,61.79165783207264,33.223076923077016
136.59999999999653,138.63447891224223,0.09999999999999432,0.1,-5.689893001203927e-15,0.0,13,2,186,80,65.13086622010027,61.691657832072636,33.32307692307701
136.69999999999652,138.73447891224222,0.09999999999999432,0.1,-5.689893001203927e-15,0.0,13,2,187,80,64.93204931978356,61.591657832072634,33.42307692307701
136.79999999999652,138.83447891224222,0.09999999999999432,0.1,-5.689893001203927e-15,0.0,13,2,186,80,64.73327664279762,61.49165783207263,33.523076923077014
136.8999999999965,138.9344789122422,0.09999999999999432,0.1,-5.689893001203927e-15,0.0,13,2,186,81,64.53447550875035,61.39165783207263,33.623076923077015
136.9999999999965,139.0344789122422,0.09999999999999432,0.1,-5.689893001203927e-15,0.0,13,2,186,82,64.33561684573945,61.29165783207263,33.723076923077016
137.0999999999965,139.1344789122422,0.09999999999999432,0.1,-5.689893001203927e-15,0.0,13,2,186,82,64.13668902526797,61.19165783207263,33.82307692307701
137.1999999999965,139.2344789122422,0.09999999999999432,0.1,-5.689893001203927e-15,0.0,13,2,185,82,63.937687396210805,61.09165783207263,33.92307692307701
137.2999999999965,139.3344789122422,0.09999999999999432,0.1,-5.689893001203927e-15,0.0,13,2,186,82,63.73861009840178,60.991657832072626,34.023076923077014
137.39999999999648,139.43447891224218,0.09999999999999432,0.1,-5.689893001203927e-15,0.0,13,2,187,82,63.53945611642705,60.891657832072625,34.123076923077015
137.49999999999648,139.53447891224218,0.09999999999999432,0.1,-5.689893001203927e-15,0.0,13,2,187,82,63.34022499802587,60.79165783207262,34.223076923077016
137.59999999999647,139.63447891224217,0.09999999999999432,0.1,-5.689893001203927e-15,0.0,13,2,186,82,63.14091686176281,60.69165783207262,34.32307692307701
137.69999999999646,139.73447891224217,0.09999999999999432,0.1,-5.689893001203927e-15,0.0,13,2,185,82,62.94153175473506,60.59165783207262,34.42307692307701
137.79999999999646,139.83447891224216,0.09999999999999432,0.1,-5.689893001203927e-15,0.0,13,2,184,82,62.74206969544048,60.49165783207262,34.523076923077014
137.89999999999645,139.93447891224216,0.09999999999999432,0.1,-5.689893001203927e-15,0.0,13,2,184,82,62.542530690924345,60.39165783207262,34.623076923077015
137.99999999999645,140.03447891224215,0.09999999999999432,0.1,-5.689893001203927e-15,0.0,13,2,184,83,62.342914743637564,60.291657832072616,34.723076923077016
138.09999999999644,140.13447891224214,0.09999999999999432,0.1,-5.689893001203927e-15,0.0,13,2,183,84,62.14322185417934,60.191657832072615,34.82307692307701
138.19999999999644,140.23447891224214,0.09999999999999432,0.1,-5.689893001203927e-15,0.0,13,2,182,84,61.94345202239376,60.09165783207261,34.92307692307701
138.29999999999643,140.33447891224213,0.09999999999999432,0.1,-5.689893001203927e-15,0.0,13,2,182,84,61.743605247807764,59.98819749416761,35.023076923077014
138.39999999999642,140.43447891224213,0.09999999999999432,0.1,-5.689893001203927e-15,0.0,13,2,183,85,61.543681529805795,59.388189160142,35.123076923077015
138.49999999999642,140.53447891224212,0.09999999999999432,0.1,-5.689893001203927e-15,0.0,13,2,184,84,61.343680867698936,58.78818055275267,35.223076923077016
138.5999999999964,140.63447891224212,0.09999999999999432,0.1,-5.689893001203927e-15,0.0,13,2,184,84,61.1436032607519,58.18817166244134,35.32307692307701
138.6999999999964,140.7344789122421,0.09999999999999432,0.1,-5.689893001203927e-15,0.0,13,2,185,85,60.943448708193245,57.58816247917869,35.42307692307701
138.7999999999964,140.8344789122421,0.09999999999999432,0.1,-5.689893001203927e-15,0.0,13,2,184,84,60.74321720921853,56.988152992507395,35.523076923077014
138.8999999999964,140.9344789122421,0.09999999999999432,0.1,-5.689893001203927e-15,0.0,13,2,183,84,60.54290876299099,56.388143191549354,35.623076923077015
138.9999999999964,141.0344789122421,0.09999999999999432,0.1,-5.689893001203927e-15,0.0,13,2,185,84,60.30221144560965,56.13016830133956,35.723076923077016
139.09999999999638,141.1344789122421,0.09999999999999432,0.1,-5.689893001203927e-15,0.0,13,2,185,84,60.063287563771766,56.03016830133956,35.82307692307701
139.19999999999638,141.23447891224208,0.09999999999999432,0.1,-5.689893001203927e-15,0.0,13,2,184,83,59.82428673196859,55.930168301339556,35.92307692307701
139.29999999999637,141.33447891224208,0.09999999999999432,0.1,-5.689893001203927e-15,0.0,13,2,184,84,59.54684272032213,55.830168301339555,36.023076923077014
139.39999999999637,141.43447891224207,0.09999999999999432,0.1,-5.689893001203927e-15,0.0,13,2,183,84,59.18196585941871,55.73016830133955,36.123076923077015
139.49999999999636,141.53447891224207,0.09999999999999432,0.1,-5.689893001203927e-15,0.0,13,2,182,84,58.82741843366837,55.63016830133955,36.223076923077016
139.59999999999636,141.68687891224204,0.15239999999997167,0.1,0.052399999999971664,0.0,13,2,179,84,62.503570447322176,58.69165783207259,36.32307692307701
139.69999999999635,140.7100031773382,-0.9768757349038424,0.1,0.03199999999999559,1.108875734903838,10,2,179,84,72.89683252510738,85.88797394317173,39.990000000000094
139.79999999999634,140.8100031773382,0.09999999999999432,0.1,-5.689893001203927e-15,0.0,10,2,180,84,72.45256978188493,84.78867460331294,40.090000000000096
139.89999999999634,140.91000317733818,0.09999999999999432,0.1,-5.689893001203927e-15,0.0,10,2,180,84,71.97493114850268,83.68912984213799,40.1900000000001
139.99999999999633,141.01000317733818,0.09999999999999432,0.1,-5.689893001203927e-15,0.0,10,2,181,84,71.54147191391827,82.58963260337158,40.29000000000009
140.09999999999633,141.11000317733817,0.09999999999999432,0.1,-5.689893001203927e-15,0.0,9,2,181,84,79.17750350026154,81.48995926120476,35.800000000000146
140.19999999999632,141.21000317733817,0.09999999999999432,0.1,-5.689893001203927e-15,0.0,9,2,181,84,78.7963756286926,80.39032001888297,35.90000000000015
140.29999999999632,141.31000317733816,0.09999999999999432,0.1,-5.689893001203927e-15,0.0,9,2,181,84,78.42021665220362,79.29055441292826,36.00000000000014
140.3999999999963,141.41000317733815,0.09999999999999432,0.1,-5.689893001203927e-15,0.0,9,2,182,84,78.07140656558067,78.1908132753974,36.10000000000014
140.4999999999963,141.51000317733815,0.09999999999999432,0.1,-5.689893001203927e-15,0.0,9,2,182,84,77.73384615433747,77.09098146530218,36.200000000000145
140.5999999999963,141.61000317733814,0.09999999999999432,0.1,-5.689893001203927e-15,0.0,9,2,183,84,77.40395433817527,75.99116721257417,36.300000000000146
140.6999999999963,141.71000317733814,0.09999999999999432,0.1,-5.689893001203927e-15,0.0,9,2,184,84,77.07973042807748,74.89128789754763,36.40000000000015
140.7999999999963,141.81000317733813,0.09999999999999432,0.1,-5.689893001203927e-15,0.0,9,2,184,84,76.75445062465187,73.79142118084272,36.50000000000014
140.89999999999628,141.91000317733813,0.09999999999999432,0.1,-5.689893001203927e-15,0.0,9,2,184,83,76.42795580219303,72.69150777855815,36.60000000000015
140.99999999999628,142.01000317733812,0.09999999999999432,0.1,-5.689893001203927e-15,0.0,9,2,184,83,76.10273810232623,71.59160341622173,36.700000000000145
141.09999999999627,142.11000317733811,0.09999999999999432,0.1,-5.689893001203927e-15,0.0,9,2,184,83,75.77710879509128,70.4916655545622,36.80000000000015
141.19999999999627,142.2100031773381,0.09999999999999432,0.1,-5.689893001203927e-15,0.0,9,2,183,83,75.45163490032516,69.3917341795332,36.90000000000015
141.29999999999626,142.3100031773381,0.09999999999999432,0.1,-5.689893001203927e-15,0.0,9,2,183,82,75.12622667186834,68.29177876700581,37.00000000000014
141.39999999999625,142.4100031773381,0.09999999999999432,0.1,-5.689893001203927e-15,0.0,9,2,183,81,74.80100473176043,67.1918280089713,37.10000000000015
141.49999999999625,142.5100031773381,0.09999999999999432,0.1,-5.689893001203927e-15,0.0,9,2,182,81,74.47233390256994,66.09186000278822,37.200000000000145
141.59999999999624,142.6100031773381,0.09999999999999432,0.1,-5.689893001203927e-15,0.0,9,2,182,81,74.14484165171966,65.7371980705063,37.30000000000015
141.69999999999624,142.71000317733808,0.09999999999999432,0.1,-5.689893001203927e-15,0.0,9,2,183,81,73.82014408538339,65.6371980705063,37.40000000000015
141.79999999999623,142.81000317733807,0.09999999999999432,0.1,-5.689893001203927e-15,0.0,9,2,185,81,73.49623289918023,65.5371980705063,37.50000000000015
141.89999999999623,142.91000317733807,0.09999999999999432,0.1,-5.689893001203927e-15,0.0,9,2,186,81,73.16495843566577,65.43719807050631,37.60000000000015
141.99999999999622,143.01000317733806,0.09999999999999432,0.1,-5.689893001203927e-15,0.0,9,2,186,81,72.84171632489027,65.33719807050632,37.700000000000145
142.09999999999621,143.11000317733806,0.09999999999999432,0.1,-5.689893001203927e-15,0.0,9,2,185,81,72.51141802018394,65.23719807050632,37.80000000000015
142.1999999999962,143.21000317733805,0.09999999999999432,0.1,-5.689893001203927e-15,0.0,9,2,186,81,72.18212369539508,65.13719807050633,37.90000000000015
142.2999999999962,143.31000317733805,0.09999999999999432,0.1,-5.689893001203927e-15,0.0,9,2,187,81,71.85250235996472,65.03719807050634,38.00000000000015
142.3999999999962,143.41000317733804,0.09999999999999432,0.1,-5.689893001203927e-15,0.0,9,2,187,81,71.53028117852229,64.93719807050634,38.10000000000015
142.4999999999962,143.51000317733804,0.09999999999999432,0.1,-5.689893001203927e-15,0.0,9,2,187,81,71.2080596325224,64.83719807050635,38.20000000000015
142.5999999999962,143.61000317733803,0.09999999999999432,0.1,-5.689893001203927e-15,0.0,9,2,188,80,70.8858381571135,64.73719807050635,38.30000000000015
142.69999999999618,143.71000317733802,0.09999999999999432,0.1,-5.689893001203927e-15,0.0,9,2,188,80,70.61917149044683,64.63719807050636,38.400000000000155
142.79999999999617,143.81000317733802,0.09999999999999432,0.1,-5.689893001203927e-15,0.0,9,2,188,81,70.35250482378018,64.53719807050636,38.50000000000015
142.89999999999617,143.910003177338,0.09999999999999432,0.1,-5.689893001203927e-15,0.0,9,2,188,81,70.08583815711351,64.43719807050637,38.60000000000015
142.99999999999616,144.010003177338,0.09999999999999432,0.1,-5.689893001203927e-15,0.0,9,2,188,81,69.81917149044685,64.33719807050637,38.70000000000015
143.09999999999616,144.110003177338,0.09999999999999432,0.1,-5.689893001203927e-15,0.0,9,2,188,81,69.55250482378018,64.23719807050638,38.80000000000015
143.19999999999615,144.210003177338,0.09999999999999432,0.1,-5.689893001203927e-15,0.0,9,2,188,81,69.28583815711352,64.13719807050639,38.900000000000155
143.29999999999615,144.310003177338,0.09999999999999432,0.1,-5.689893001203927e-15,0.0,9,2,188,81,69.01917149044685,64.03719807050639,39.00000000000015
143.39999999999614,144.41000317733798,0.09999999999999432,0.1,-5.689893001203927e-15,0.0,9,2,188,81,68.75250482378019,63.93719807050639,39.10000000000016
143.49999999999613,144.51000317733798,0.09999999999999432,0.1,-5.689893001203927e-15,0.0,9,2,189,82,68.48583815711352,63.83719807050639,39.20000000000015
143.59999999999613,144.1300828389049,-0.3799203384330667,0.1,-1.659783421814609e-14,0.4799203384330501,8,2,190,81,70.74756369633958,80.42486975436339,37.67500000000011
143.69999999999612,144.2300828389049,0.09999999999999432,0.1,-5.689893001203927e-15,0.0,8,2,190,80,70.52256369633959,79.82486975436339,37.77500000000011
143.79999999999612,144.3300828389049,0.09999999999999432,0.1,-5.689893001203927e-15,0.0,8,2,190,79,70.2975636963396,79.2248697543634,37.875000000000114
143.8999999999961,144.4300828389049,0.09999999999999432,0.1,-5.689893001203927e-15,0.0,8,2,190,79,70.0725636963396,78.6248697543634,37.975000000000115
143.9999999999961,144.5300828389049,0.09999999999999432,0.1,-5.689893001203927e-15,0.0,8,2,190,79,69.78114716661634,78.02486975436341,38.07500000000012
144.0999999999961,144.69008283890489,0.1599999999999966,0.1,0.059999999999996584,0.0,8,2,189,79,76.98368933964377,83.42501380775221,38.17500000000011
144.1999999999961,144.79008283890488,0.09999999999999432,0.1,-5.689893001203927e-15,0.0,8,2,188,79,76.71100439772121,82.82501380775221,38.27500000000011
144.2999999999961,144.89008283890487,0.09999999999999432,0.1,-5.689893001203927e-15,0.0,8,2,187,79,76.40724537887677,82.16622122585291,38.375000000000114
144.39999999999608,144.99008283890487,0.09999999999999432,0.1,-5.689893001203927e-15,0.0,8,2,187,79,76.09617863843948,81.56622122585291,38.475000000000115
144.49999999999608,145.09008283890486,0.09999999999999432,0.1,-5.689893001203927e-15,0.0,8,2,184,79,75.80867863843949,80.96622122585292,38.57500000000012
144.59999999999607,145.19008283890486,0.09999999999999432,0.1,-5.689893001203927e-15,0.0,8,2,183,79,75.5211786384395,80.36622122585293,38.67500000000011
144.69999999999607,145.35008283890485,0.1599999999999966,0.1,0.059999999999996584,0.0,8,2,183,80,82.73367863843953,104.91794378669519,38.77500000000011
144.79999999999606,145.45008283890485,0.09999999999999432,0.1,-5.689893001203927e-15,0.0,8,2,183,80,81.75525204075527,100.03580447668782,38.875000000000114
144.89999999999606,145.55008283890484,0.09999999999999432,0.1,-5.689893001203927e-15,0.0,8,2,183,81,80.89947690148203,94.43580447668782,38.975000000000115
144.99999999999605,145.67288283890483,0.12279999999998381,0.1,0.022799999999983805,0.0,8,2,182,82,83.52447690148203,93.83580447668783,39.07500000000012
145.09999999999604,145.83288283890482,0.1599999999999966,0.1,0.059999999999996584,0.0,8,2,180,83,90.86197690148208,104.51794378669521,39.17500000000012
145.19999999999604,145.93288283890482,0.09999999999999432,0.1,-5.689893001203927e-15,0.0,8,2,181,83,90.07447690148209,104.41794378669522,39.27500000000011
145.29999999999603,146.0928828389048,0.1599999999999966,0.1,0.059999999999996584,0.0,8,2,180,83,96.78697690148213,104.31794378669522,39.375000000000114
145.39999999999603,146.1928828389048,0.09999999999999432,0.1,-5.689893001203927e-15,0.0,8,2,181,83,95.99947690148214,104.21794378669523,39.475000000000115
145.49999999999602,146.2928828389048,0.09999999999999432,0.1,-5.689893001203927e-15,0.0,9,2,181,83,82.37565044014463,78.53665810286546,35.18888888888899
145.59999999999602,146.3928828389048,0.09999999999999432,0.1,-5.689893001203927e-15,0.0,9,2,183,83,82.11824013158355,78.43665810286547,35.28888888888899
145.699999999996,146.4928828389048,0.09999999999999432,0.1,-5.689893001203927e-15,0.0,9,2,184,83,81.90615812751028,78.33665810286547,35.38888888888899
145.799999999996,146.59288283890479,0.09999999999999432,0.1,-5.689893001203927e-15,0.0,9,2,184,82,81.69387882515404,78.23665810286548,35.488888888888994
145.899999999996,146.69288283890478,0.09999999999999432,0.1,-5.689893001203927e-15,0.0,9,2,184,81,81.48135430333215,78.13665810286548,35.58888888888899
145.999999999996,146.79288283890477,0.09999999999999432,0.1,-5.689893001203927e-15,0.0,9,2,185,80,81.2685683343148,78.03665810286549,35.68888888888899
146.099999999996,146.89288283890477,0.09999999999999432,0.1,-5.689893001203927e-15,0.0,9,2,185,80,81.05545483081625,77.9366581028655,35.78888888888899
146.19999999999598,146.99288283890476,0.09999999999999432,0.1,-5.689893001203927e-15,0.0,9,2,185,79,80.8420021944168,77.8366581028655,35.88888888888899
146.29999999999598,147.09288283890476,0.09999999999999432,0.1,-5.689893001203927e-15,0.0,9,2,184,79,80.62824466337794,77.7366581028655,35.988888888888994
146.39999999999597,147.19288283890475,0.09999999999999432,0.1,-5.689893001203927e-15,0.0,9,2,183,79,80.41427587171351,77.63665810286551,36.08888888888899
146.49999999999596,147.29288283890475,0.09999999999999432,0.1,-5.689893001203927e-15,0.0,9,2,183,79,80.20023860796788,77.53665810286552,36.188888888889
146.59999999999596,146.7121261076447,-0.5807567312600384,0.1,-1.6431300764452317e-14,0.6807567312600219,8,2,184,80,81.47182893265831,88.61462072609773,40.67500000000012
146.69999999999595,146.8121261076447,0.09999999999999432,0.1,-5.689893001203927e-15,0.0,8,2,185,80,81.26889498631928,87.69114915538543,40.77500000000012
146.79999999999595,146.9121261076447,0.09999999999999432,0.1,-5.689893001203927e-15,0.0,8,2,185,80,81.09719966477743,87.0175865830507,40.875000000000114
146.89999999999594,147.0121261076447,0.09999999999999432,0.1,-5.689893001203927e-15,0.0,8,2,184,80,80.93469966477744,86.4175865830507,40.975000000000115
146.99999999999594,147.11212610764468,0.09999999999999432,0.1,-5.689893001203927e-15,0.0,8,2,185,80,80.77219966477745,85.81758658305071,41.07500000000012
147.09999999999593,147.2543261076447,0.14220000000000255,0.1,0.04220000000000254,0.0,8,2,184,79,85.88469966477746,102.51794378669533,41.17500000000012
147.19999999999592,147.35432610764468,0.09999999999999432,0.1,-5.689893001203927e-15,0.0,8,2,184,79,85.72219966477746,102.41794378669533,41.27500000000012
147.29999999999592,147.45432610764468,0.09999999999999432,0.1,-5.689893001203927e-15,0.0,8,2,184,79,85.55171133978469,102.31794378669534,41.375000000000114
147.3999999999959,147.55432610764467,0.09999999999999432,0.1,-5.689893001203927e-15,0.0,8,2,185,79,85.3892113397847,102.21794378669534,41.475000000000115
147.4999999999959,147.65432610764466,0.09999999999999432,0.1,-5.689893001203927e-15,0.0,8,2,187,79,85.2267113397847,102.11794378669535,41.57500000000012
147.5999999999959,147.75432610764466,0.09999999999999432,0.1,-5.689893001203927e-15,0.0,8,2,187,79,85.0642113397847,102.01794378669535,41.67500000000012
147.6999999999959,147.85432610764465,0.09999999999999432,0.1,-5.689893001203927e-15,0.0,8,2,188,79,84.90171133978471,101.91794378669536,41.77500000000012
147.7999999999959,147.95432610764465,0.09999999999999432,0.1,-5.689893001203927e-15,0.0,8,2,188,80,84.7392113397847,101.81794378669537,41.875000000000114
147.89999999999588,148.05432610764464,0.09999999999999432,0.1,-5.689893001203927e-15,0.0,8,2,188,80,84.50830160169666,101.17066588199096,41.975000000000115
147.99999999999588,148.21432610764464,0.1599999999999966,0.1,0.059999999999996584,0.0,8,2,187,79,91.78160143762898,100.55706456944911,42.07500000000012
148.09999999999587,148.39312610764463,0.1787999999999954,0.1,0.0787999999999954,0.0,9,2,184,80,87.350343885457,99.95635216129611,37.50000000000011
148.19999999999587,148.49312610764463,0.09999999999999432,0.1,-5.689893001203927e-15,0.0,9,2,182,80,87.00238158703073,98.96581824811818,37.60000000000011
148.29999999999586,148.6519261076446,0.15879999999998518,0.1,0.05879999999998517,0.0,9,2,182,81,93.22245523438066,111.6503920017634,37.7000000000001
148.39999999999586,148.7519261076446,0.09999999999999432,0.1,-5.689893001203927e-15,0.0,10,2,183,81,81.1598615392718,75.63665810286562,34.0300000000001
148.49999999999585,148.8519261076446,0.09999999999999432,0.1,-5.689893001203927e-15,0.0,10,2,182,80,80.83733463008538,75.53665810286563,34.130000000000095
148.59999999999584,148.9519261076446,0.09999999999999432,0.1,-5.689893001203927e-15,0.0,10,2,181,79,80.43108999304899,75.43665810286564,34.230000000000096
148.69999999999584,149.0519261076446,0.09999999999999432,0.1,-5.689893001203927e-15,0.0,10,2,183,79,80.02020210107575,75.33665810286564,34.3300000000001
148.79999999999583,149.15192610764458,0.09999999999999432,0.1,-5.689893001203927e-15,0.0,10,2,183,79,79.64068380652186,75.23665810286565,34.4300000000001
148.89999999999583,149.25192610764458,0.09999999999999432,0.1,-5.689893001203927e-15,0.0,10,2,183,79,79.29963304187555,75.13665810286565,34.5300000000001
148.99999999999582,149.35192610764457,0.09999999999999432,0.1,-5.689893001203927e-15,0.0,10,2,183,80,78.98488229094916,75.03665810286566,34.630000000000095
149.09999999999582,149.45192610764457,0.09999999999999432,0.1,-5.689893001203927e-15,0.0,10,2,183,80,78.68357656489226,74.93665810286566,34.730000000000096
149.1999999999958,149.55192610764456,0.09999999999999432,0.1,-5.689893001203927e-15,0.0,10,2,184,81,78.38815959593381,74.83665810286567,34.8300000000001
149.2999999999958,149.65192610764456,0.09999999999999432,0.1,-5.689893001203927e-15,0.0,10,2,185,81,78.09264262697535,74.73665810286568,34.9300000000001
149.3999999999958,149.75192610764455,0.09999999999999432,0.1,-5.689893001203927e-15,0.0,10,2,185,81,77.79702565801689,74.63665810286568,35.0300000000001
149.4999999999958,149.85192610764454,0.09999999999999432,0.1,-5.689893001203927e-15,0.0,10,2,186,81,77.50130868905842,74.53665810286569,35.130000000000095
149.5999999999958,149.95192610764454,0.09999999999999432,0.1,-5.689893001203927e-15,0.0,10,2,186,81,77.20549172009996,74.43665810286569,35.230000000000096
149.69999999999578,150.05192610764453,0.09999999999999432,0.1,-5.689893001203927e-15,0.0,10,2,187,80,76.90957475114149,74.3366581028657,35.3300000000001
149.79999999999578,150.15192610764453,0.09999999999999432,0.1,-5.689893001203927e-15,0.0,10,2,187,81,76.61355778218304,74.2366581028657,35.4300000000001
149.89999999999577,150.25192610764452,0.09999999999999432,0.1,-5.689893001203927e-15,0.0,10,2,186,81,76.31744081322458,74.13665810286571,35.5300000000001
149.99999999999577,150.35192610764452,0.09999999999999432,0.1,-5.689893001203927e-15,0.0,10,2,186,82,76.02122384426612,74.03665810286572,35.630000000000095
150.09999999999576,150.4519261076445,0.09999999999999432,0.1,-5.689893001203927e-15,0.0,10,2,187,82,75.72490687530765,73.93665810286572,35.730000000000096
150.19999999999575,150.5519261076445,0.09999999999999432,0.1,-5.689893001203927e-15,0.0,10,2,187,82,75.44509789654487,73.83665810286573,35.8300000000001
150.29999999999575,150.6519261076445,0.09999999999999432,0.1,-5.689893001203927e-15,0.0,10,2,187,81,75.18484340716347,73.73665810286573,35.9300000000001
150.39999999999574,150.7519261076445,0.09999999999999432,0.1,-5.689893001203927e-15,0.0,10,2,187,81,74.93431616247277,73.63665810286574,36.0300000000001
150.49999999999574,150.8519261076445,0.09999999999999432,0.1,-5.689893001203927e-15,0.0,10,2,187,81,74.69351616247278,73.53665810286574,36.130000000000095
150.59999999999573,150.95192610764448,0.09999999999999432,0.1,-5.689893001203927e-15,0.0,10,2,187,81,74.4577778303456,73.43665810286575,36.2300000000001
150.69999999999573,151.05192610764448,0.09999999999999432,0.1,-5.689893001203927e-15,0.0,10,2,188,81,74.24435866428202,73.33665810286575,36.330000000000105
150.79999999999572,151.15192610764447,0.09999999999999432,0.1,-5.689893001203927e-15,0.0,10,2,191,81,74.04204908125021,73.23665810286576,36.430000000000106
150.8999999999957,151.25192610764446,0.09999999999999432,0.1,-5.689893001203927e-15,0.0,10,2,191,81,73.84524428973432,73.13665810286577,36.5300000000001
150.9999999999957,151.35192610764446,0.09999999999999432,0.1,-5.689893001203927e-15,0.0,10,2,191,82,73.65394428973433,73.03665810286577,36.6300000000001
151.0999999999957,151.45192610764445,0.09999999999999432,0.1,-5.689893001203927e-15,0.0,10,2,191,82,73.46254428973432,72.93665810286578,36.7300000000001
151.1999999999957,150.46193060637927,-0.9899955012651844,0.1,-7.993605777301127e-15,1.0899955012651765,9,2,193,81,69.30121030786952,61.63071644789238,30.755555555555773
151.2999999999957,150.56193060637926,0.09999999999999432,0.1,-5.689893001203927e-15,0.0,9,2,194,82,69.20121030786953,61.53071644789238,30.855555555555775
151.39999999999569,150.66193060637926,0.09999999999999432,0.1,-5.689893001203927e-15,0.0,9,2,195,82,69.10121030786952,61.43071644789238,30.955555555555772
151.49999999999568,150.76193060637925,0.09999999999999432,0.1,-5.689893001203927e-15,0.0,9,2,196,82,69.00121030786953,61.33071644789238,31.055555555555777
151.59999999999567,150.86193060637925,0.09999999999999432,0.1,-5.689893001203927e-15,0.0,9,2,196,82,68.90121030786953,61.23071644789238,31.15555555555578
151.69999999999567,150.96193060637924,0.09999999999999432,0.1,-5.689893001203927e-15,0.0,9,2,196,82,68.80121030786954,61.130716447892375,31.255555555555777
151.79999999999566,151.06193060637924,0.09999999999999432,0.1,-5.689893001203927e-15,0.0,9,2,196,82,68.70121030786953,61.030716447892374,31.35555555555578
151.89999999999566,151.16193060637923,0.09999999999999432,0.1,-5.689893001203927e-15,0.0,9,2,197,82,68.60121030786954,60.93071644789237,31.45555555555578
151.99999999999565,151.26193060637922,0.09999999999999432,0.1,-5.689893001203927e-15,0.0,9,2,197,81,68.50121030786954,60.83071644789237,31.555555555555785
152.09999999999565,151.36193060637922,0.09999999999999432,0.1,-5.689893001203927e-15,0.0,9,2,198,81,68.40121030786953,60.73071644789237,31.65555555555578
152.19999999999564,151.4619306063792,0.09999999999999432,0.1,-5.689893001203927e-15,0.0,9,2,198,81,68.30121030786954,60.63071644789237,31.755555555555784
152.29999999999563,151.5619306063792,0.09999999999999432,0.1,-5.689893001203927e-15,0.0,9,2,199,81,68.20121030786953,60.53071644789237,31.85555555555579
152.39999999999563,151.6619306063792,0.09999999999999432,0.1,-5.689893001203927e-15,0.0,9,2,200,81,68.10121030786954,60.430716447892365,31.955555555555787
152.49999999999562,151.7619306063792,0.09999999999999432,0.1,-5.689893001203927e-15,0.0,9,2,201,80,68.00121030786954,60.330716447892364,32.05555555555579
152.59999999999562,151.8619306063792,0.09999999999999432,0.1,-5.689893001203927e-15,0.0,9,2,201,80,67.90121030786955,60.23071644789236,32.155555555555786
152.6999999999956,152.0145306063792,0.15260000000000673,0.1,0.052600000000006725,0.0,9,2,201,80,73.58164836275992,71.33665810286587,32.25555555555579
152.7999999999956,152.1145306063792,0.09999999999999432,0.1,-5.689893001203927e-15,0.0,9,2,201,80,73.42609280720437,71.23665810286587,32.35555555555579
152.8999999999956,152.21453060637918,0.09999999999999432,0.1,-5.689893001203927e-15,0.0,9,2,201,80,73.27012019013793,71.13665810286588,32.45555555555579
152.9999999999956,152.31453060637918,0.09999999999999432,0.1,-5.689893001203927e-15,0.0,9,2,201,81,73.11360033473534,71.03665810286589,32.5555555555558
153.0999999999956,152.41453060637917,0.09999999999999432,0.1,-5.689893001203927e-15,0.0,9,2,201,81,72.9495466229309,70.93665810286589,32.65555555555579
153.19999999999558,152.51453060637917,0.09999999999999432,0.1,-5.689893001203927e-15,0.0,9,2,201,82,72.78488179934112,70.8366581028659,32.755555555555794
153.29999999999558,152.61453060637916,0.09999999999999432,0.1,-5.689893001203927e-15,0.0,9,2,200,82,72.6023423843028,70.7366581028659,32.855555555555796
153.39999999999557,152.71453060637916,0.09999999999999432,0.1,-5.689893001203927e-15,0.0,9,2,199,82,72.43684740961203,70.63665810286591,32.9555555555558
153.49999999999557,152.87453060637915,0.1599999999999966,0.1,0.059999999999996584,0.0,9,2,199,82,78.94795852072318,70.53665810286591,33.0555555555558
153.59999999999556,152.97453060637915,0.09999999999999432,0.1,-5.689893001203927e-15,0.0,10,2,199,82,68.43248946753333,70.43665810286592,29.850000000000215
153.69999999999555,153.07453060637914,0.09999999999999432,0.1,-5.689893001203927e-15,0.0,10,2,198,82,68.16767107425201,70.33665810286593,29.950000000000216
153.79999999999555,153.17453060637914,0.09999999999999432,0.1,-5.689893001203927e-15,0.0,10,2,198,82,67.9548708157564,70.23665810286593,30.050000000000217
153.89999999999554,153.27453060637913,0.09999999999999432,0.1,-5.689893001203927e-15,0.0,10,2,198,82,67.78198352931494,70.13665810286594,30.150000000000215
153.99999999999554,153.37453060637912,0.09999999999999432,0.1,-5.689893001203927e-15,0.0,10,2,199,82,67.63198352931494,70.03665810286594,30.250000000000217
154.09999999999553,153.47453060637912,0.09999999999999432,0.1,-5.689893001203927e-15,0.0,10,2,199,82,67.48198352931493,69.93665810286595,30.350000000000215
154.19999999999553,153.5745306063791,0.09999999999999432,0.1,-5.689893001203927e-15,0.0,10,2,199,83,67.33198352931494,69.83665810286595,30.450000000000216
154.29999999999552,153.6745306063791,0.09999999999999432,0.1,-5.689893001203927e-15,0.0,10,2,200,83,67.18198352931495,69.73665810286596,30.55000000000022
154.39999999999552,153.62944082234176,-0.045089784037344316,0.1,-1.0907941216942163e-14,0.1450897840373334,9,2,200,83,72.8678729877129,69.63665810286597,28.233333333333526
154.4999999999955,153.72944082234176,0.09999999999999432,0.1,-5.689893001203927e-15,0.0,9,2,200,82,72.7678729877129,69.53665810286597,28.333333333333524
154.5999999999955,153.82944082234175,0.09999999999999432,0.1,-5.689893001203927e-15,0.0,9,2,200,82,72.6678729877129,69.43665810286598,28.433333333333522
154.6999999999955,153.92944082234175,0.09999999999999432,0.1,-5.689893001203927e-15,0.0,9,2,200,82,72.5678729877129,69.33665810286598,28.533333333333523
154.7999999999955,154.02944082234174,0.09999999999999432,0.1,-5.689893001203927e-15,0.0,9,2,201,82,72.46787298771291,69.23665810286599,28.63333333333352
154.8999999999955,154.12944082234173,0.09999999999999432,0.1,-5.689893001203927e-15,0.0,9,2,201,82,72.36787298771291,69.136658102866,28.733333333333526
154.99999999999548,154.22944082234173,0.09999999999999432,0.1,-5.689893001203927e-15,0.0,9,2,201,82,72.2678729877129,69.036658102866,28.833333333333524
155.09999999999548,154.32944082234172,0.09999999999999432,0.1,-5.689893001203927e-15,0.0,9,2,202,82,72.16787298771291,68.936658102866,28.933333333333525
155.19999999999547,154.42944082234172,0.09999999999999432,0.1,-5.689893001203927e-15,0.0,9,2,202,82,72.06787298771292,68.83665810286601,29.033333333333523
155.29999999999546,154.5294408223417,0.09999999999999432,0.1,-5.689893001203927e-15,0.0,9,2,203,82,71.96787298771292,68.73665810286602,29.13333333333353
155.39999999999546,154.6294408223417,0.09999999999999432,0.1,-5.689893001203927e-15,0.0,9,2,204,82,71.86787298771293,68.63665810286602,29.233333333333526
155.49999999999545,154.7294408223417,0.09999999999999432,0.1,-5.689893001203927e-15,0.0,9,2,205,83,71.76787298771292,68.53665810286603,29.333333333333524
155.59999999999545,154.8294408223417,0.09999999999999432,0.1,-5.689893001203927e-15,0.0,9,2,205,83,71.66787298771293,68.43665810286603,29.433333333333525
155.69999999999544,154.9294408223417,0.09999999999999432,0.1,-5.689893001203927e-15,0.0,9,2,206,83,71.56787298771293,68.33665810286604,29.533333333333523
155.79999999999544,155.02944082234168,0.09999999999999432,0.1,-5.689893001203927e-15,0.0,9,2,206,83,71.46787298771294,68.23665810286604,29.63333333333352
155.89999999999543,155.12944082234168,0.09999999999999432,0.1,-5.689893001203927e-15,0.0,9,2,208,83,71.36787298771293,68.13665810286605,29.73333333333352
155.99999999999542,155.22944082234167,0.09999999999999432,0.1,-5.689893001203927e-15,0.0,9,2,208,83,71.26787298771293,68.03665810286606,29.833333333333524
156.09999999999542,155.32944082234167,0.09999999999999432,0.1,-5.689893001203927e-15,0.0,9,2,208,84,71.16787298771294,67.93665810286606,29.933333333333522
156.1999999999954,155.42944082234166,0.09999999999999432,0.1,-5.689893001203927e-15,0.0,9,2,209,85,71.06787298771295,67.83665810286607,30.033333333333516
156.2999999999954,155.52944082234166,0.09999999999999432,0.1,-5.689893001203927e-15,0.0,9,2,210,85,70.96787298771295,67.73665810286607,30.13333333333352
156.3999999999954,155.62944082234165,0.09999999999999432,0.1,-5.689893001203927e-15,0.0,9,2,211,85,70.86787298771294,67.63665810286608,30.23333333333352
156.4999999999954,155.72944082234164,0.09999999999999432,0.1,-5.689893001203927e-15,0.0,9,2,211,86,70.76787298771295,67.53665810286608,30.333333333333517
156.5999999999954,155.82944082234164,0.09999999999999432,0.1,-5.689893001203927e-15,0.0,9,2,212,86,70.66787298771295,67.43665810286609,30.433333333333515
156.69999999999538,155.92944082234163,0.09999999999999432,0.1,-5.689893001203927e-15,0.0,9,2,212,86,70.56787298771296,67.3366581028661,30.533333333333516
156.79999999999538,156.02944082234163,0.09999999999999432,0.1,-5.689893001203927e-15,0.0,9,2,213,86,70.46787298771295,67.2366581028661,30.633333333333514
156.89999999999537,156.12944082234162,0.09999999999999432,0.1,-5.689893001203927e-15,0.0,9,2,213,84,70.36787298771296,67.13665810286611,30.733333333333512
156.99999999999537,156.22944082234162,0.09999999999999432,0.1,-5.689893001203927e-15,0.0,9,2,213,85,70.26787298771296,67.03665810286611,30.833333333333517
157.09999999999536,156.3294408223416,0.09999999999999432,0.1,-5.689893001203927e-15,0.0,9,2,213,85,70.16787298771297,66.93665810286612,30.933333333333515
157.19999999999536,156.4294408223416,0.09999999999999432,0.1,-5.689893001203927e-15,0.0,9,2,212,85,70.06787298771297,66.83665810286612,31.033333333333513
157.29999999999535,156.5294408223416,0.09999999999999432,0.1,-5.689893001203927e-15,0.0,9,2,211,86,69.96787298771297,66.73665810286613,31.13333333333351
157.39999999999534,156.6294408223416,0.09999999999999432,0.1,-5.689893001203927e-15,0.0,9,2,210,86,69.86787298771297,66.63665810286614,31.233333333333512
157.49999999999534,156.7294408223416,0.09999999999999432,0.1,-5.689893001203927e-15,0.0,9,2,210,86,69.76787298771298,66.53665810286614,31.33333333333351
157.59999999999533,156.82944082234158,0.09999999999999432,0.1,-5.689893001203927e-15,0.0,9,2,211,86,69.66787298771298,66.43665810286615,31.433333333333508
157.69999999999533,156.92944082234158,0.09999999999999432,0.1,-5.689893001203927e-15,0.0,9,2,212,86,69.56787298771297,66.33665810286615,31.533333333333513
157.79999999999532,157.02944082234157,0.09999999999999432,0.1,-5.689893001203927e-15,0.0,9,2,211,85,69.46787298771298,66.23665810286616,31.63333333333351
157.89999999999532,157.12944082234156,0.09999999999999432,0.1,-5.689893001203927e-15,0.0,9,2,212,83,69.36787298771299,66.13665810286616,31.733333333333505
157.9999999999953,157.22944082234156,0.09999999999999432,0.1,-5.689893001203927e-15,0.0,9,2,212,84,69.26787298771299,66.03665810286617,31.833333333333503
158.0999999999953,157.32944082234155,0.09999999999999432,0.1,-5.689893001203927e-15,0.0,9,2,212,84,69.167872987713,65.93665810286618,31.933333333333508
158.1999999999953,157.42944082234155,0.09999999999999432,0.1,-5.689893001203927e-15,0.0,9,2,211,84,69.06787298771299,65.83665810286618,32.0333333333335
158.2999999999953,157.52944082234154,0.09999999999999432,0.1,-5.689893001203927e-15,0.0,9,2,211,84,68.967872987713,65.73665810286619,32.1333333333335
158.3999999999953,157.62944082234154,0.09999999999999432,0.1,-5.689893001203927e-15,0.0,9,2,211,84,68.867872987713,65.63665810286619,32.233333333333505
158.49999999999528,157.72944082234153,0.09999999999999432,0.1,-5.689893001203927e-15,0.0,9,2,210,84,68.767872987713,65.5366581028662,32.333333333333506
158.59999999999528,157.82944082234152,0.09999999999999432,0.1,-5.689893001203927e-15,0.0,9,2,212,84,68.667872987713,65.4366581028662,32.4333333333335
158.69999999999527,157.92944082234152,0.09999999999999432,0.1,-5.689893001203927e-15,0.0,9,2,214,84,68.567872987713,65.33665810286621,32.5333333333335
158.79999999999526,158.0294408223415,0.09999999999999432,0.1,-5.689893001203927e-15,0.0,9,2,214,85,68.46787298771301,65.23665810286622,32.6333333333335
158.89999999999526,158.1294408223415,0.09999999999999432,0.1,-5.689893001203927e-15,0.0,9,2,214,85,68.36787298771301,65.13665810286622,32.7333333333335
158.99999999999525,158.2294408223415,0.09999999999999432,0.1,-5.689893001203927e-15,0.0,9,2,214,85,68.26787298771302,65.03665810286623,32.8333333333335
159.09999999999525,158.3294408223415,0.09999999999999432,0.1,-5.689893001203927e-15,0.0,9,2,213,85,68.16787298771301,64.93665810286623,32.93333333333349
159.19999999999524,158.4294408223415,0.09999999999999432,0.1,-5.689893001203927e-15,0.0,9,2,213,85,68.06787298771302,64.83665810286624,33.0333333333335
159.29999999999524,158.52944082234148,0.09999999999999432,0.1,-5.689893001203927e-15,0.0,9,2,212,85,67.96787298771302,64.73665810286624,33.133333333333496
159.39999999999523,158.62944082234148,0.09999999999999432,0.1,-5.689893001203927e-15,0.0,9,2,213,85,67.86787298771303,64.63665810286625,33.23333333333349
159.49999999999523,158.72944082234147,0.09999999999999432,0.1,-5.689893001203927e-15,0.0,9,2,214,85,67.76787298771302,64.53665810286626,33.3333333333335
159.59999999999522,158.82944082234147,0.09999999999999432,0.1,-5.689893001203927e-15,0.0,9,2,215,85,67.66787298771303,64.43665810286626,33.43333333333349
159.6999999999952,158.92944082234146,0.09999999999999432,0.1,-5.689893001203927e-15,0.0,9,2,216,85,67.56787298771303,64.33665810286627,33.533333333333495
159.7999999999952,159.02944082234146,0.09999999999999432,0.1,-5.689893001203927e-15,0.0,9,2,215,86,67.46787298771304,64.23665810286627,33.63333333333349
159.8999999999952,159.12944082234145,0.09999999999999432,0.1,-5.689893001203927e-15,0.0,9,2,215,86,67.36787298771304,64.13665810286628,33.73333333333349
159.9999999999952,159.22944082234145,0.09999999999999432,0.1,-5.689893001203927e-15,0.0,9,2,215,86,67.26787298771303,64.03665810286628,33.83333333333349
160.0999999999952,159.32944082234144,0.09999999999999432,0.1,-5.689893001203927e-15,0.0,9,2,215,86,67.16787298771304,63.93665810286628,33.933333333333486
160.19999999999519,159.42944082234143,0.09999999999999432,0.1,-5.689893001203927e-15,0.0,9,2,214,87,67.06787298771305,63.83665810286628,34.033333333333495
160.29999999999518,159.52944082234143,0.09999999999999432,0.1,-5.689893001203927e-15,0.0,9,2,214,87,66.96787298771305,63.73665810286628,34.13333333333349
160.39999999999517,159.62944082234142,0.09999999999999432,0.1,-5.689893001203927e-15,0.0,9,2,213,87,66.86787298771304,63.63665810286628,34.23333333333349
160.49999999999517,159.72944082234142,0.09999999999999432,0.1,-5.689893001203927e-15,0.0,9,2,213,87,66.76787298771305,63.53665810286628,34.333333333333485
160.59999999999516,159.8294408223414,0.09999999999999432,0.1,-5.689893001203927e-15,0.0,9,2,214,88,66.66787298771305,63.436658102866275,34.433333333333486
160.69999999999516,159.9294408223414,0.09999999999999432,0.1,-5.689893001203927e-15,0.0,9,2,214,88,66.56787298771306,63.336658102866274,34.53333333333349
160.79999999999515,160.0294408223414,0.09999999999999432,0.1,-5.689893001203927e-15,0.0,9,2,214,87,66.46787298771306,63.23665810286627,34.63333333333348
160.89999999999515,160.1294408223414,0.09999999999999432,0.1,-5.689893001203927e-15,0.0,9,2,217,88,66.36787298771306,63.13665810286627,34.73333333333349
160.99999999999514,160.2294408223414,0.09999999999999432,0.1,-5.689893001203927e-15,0.0,9,2,216,88,66.26787298771306,63.03665810286627,34.833333333333485
161.09999999999513,160.32944082234138,0.09999999999999432,0.1,-5.689893001203927e-15,0.0,9,2,217,88,66.16787298771307,62.93665810286627,34.93333333333348
161.19999999999513,160.42944082234138,0.09999999999999432,0.1,-5.689893001203927e-15,0.0,9,2,217,88,66.06787298771307,62.83665810286627,35.03333333333348
161.29999999999512,160.52944082234137,0.09999999999999432,0.1,-5.689893001203927e-15,0.0,9,2,217,88,65.96787298771306,62.736658102866265,35.13333333333348
161.39999999999512,160.62944082234137,0.09999999999999432,0.1,-5.689893001203927e-15,0.0,9,2,217,88,65.86787298771307,62.636658102866264,35.23333333333348
161.4999999999951,160.72944082234136,0.09999999999999432,0.1,-5.689893001203927e-15,0.0,9,2,216,89,65.76787298771306,62.53665810286626,35.33333333333348
161.5999999999951,160.82944082234135,0.09999999999999432,0.1,-5.689893001203927e-15,0.0,9,2,218,89,65.61107711593152,62.43665810286626,35.43333333333348
161.6999999999951,160.92944082234135,0.09999999999999432,0.1,-5.689893001203927e-15,0.0,9,2,219,89,65.45502676020722,62.33665810286626,35.53333333333348
161.7999999999951,161.02944082234134,0.09999999999999432,0.1,-5.689893001203927e-15,0.0,9,2,218,89,65.29927473178165,62.23665810286626,35.633333333333475
161.8999999999951,161.12944082234134,0.09999999999999432,0.1,-5.689893001203927e-15,0.0,9,2,219,89,65.14357602300569,62.13665810286626,35.733333333333476
161.99999999999508,161.22944082234133,0.09999999999999432,0.1,-5.689893001203927e-15,0.0,9,2,218,89,64.9879437267194,62.036658102866255,35.83333333333348
162.09999999999508,161.32944082234133,0.09999999999999432,0.1,-5.689893001203927e-15,0.0,9,2,218,90,64.83235729519758,61.936658102866254,35.93333333333348
162.19999999999507,161.42944082234132,0.09999999999999432,0.1,-5.689893001203927e-15,0.0,9,2,218,90,64.6767891908713,61.83665810286625,36.03333333333347
162.29999999999507,161.52944082234131,0.09999999999999432,0.1,-5.689893001203927e-15,0.0,9,2,220,90,64.5212283959764,61.73665810286625,36.133333333333475
162.39999999999506,161.6294408223413,0.09999999999999432,0.1,-5.689893001203927e-15,0.0,9,2,221,90,64.36567050014588,61.63665810286625,36.233333333333476
162.49999999999505,161.7294408223413,0.09999999999999432,0.1,-5.689893001203927e-15,0.0,9,2,221,90,64.21011373532048,61.53665810286625,36.33333333333347
162.59999999999505,161.8294408223413,0.09999999999999432,0.1,-5.689893001203927e-15,0.0,9,2,223,89,64.05455738954925,61.43665810286625,36.43333333333347
162.69999999999504,161.9294408223413,0.09999999999999432,0.1,-5.689893001203927e-15,0.0,9,2,223,88,63.899001172295684,61.336658102866245,36.53333333333347
162.79999999999504,162.0294408223413,0.09999999999999432,0.1,-5.689893001203927e-15,0.0,9,2,224,88,63.74344516428515,61.236658102866244,36.63333333333347
162.89999999999503,162.12944082234128,0.09999999999999432,0.1,-5.689893001203927e-15,0.0,9,2,224,87,63.39707029325694,61.13665810286624,36.73333333333347
162.99999999999503,162.22944082234127,0.09999999999999432,0.1,-5.689893001203927e-15,0.0,9,2,224,87,63.06827330493588,61.03665810286624,36.833333333333464
163.09999999999502,162.32944082234127,0.09999999999999432,0.1,-5.689893001203927e-15,0.0,9,2,223,87,62.73947653030181,60.93665810286624,36.93333333333347
163.19999999999501,162.42944082234126,0.09999999999999432,0.1,-5.689893001203927e-15,0.0,9,2,221,87,62.410679841142546,60.83665810286624,37.033333333333466
163.299999999995,162.52944082234126,0.09999999999999432,0.1,-5.689893001203927e-15,0.0,9,2,221,87,62.0818831861732,60.73665810286624,37.13333333333347
163.399999999995,162.62944082234125,0.09999999999999432,0.1,-5.689893001203927e-15,0.0,9,2,220,86,61.75308654487981,60.636658102866235,37.23333333333347
163.499999999995,162.72944082234125,0.09999999999999432,0.1,-5.689893001203927e-15,0.0,9,2,219,86,61.42428990905681,60.536658102866234,37.333333333333464
163.599999999995,162.82944082234124,0.09999999999999432,0.1,-5.689893001203927e-15,0.0,9,2,219,86,61.09528094681392,60.43665810286623,37.433333333333465
163.699999999995,162.95444082234124,0.125,0.1,0.024999999999999994,0.0,9,2,218,86,63.54385372054324,64.16593153527164,37.53333333333346
163.79999999999498,163.05444082234123,0.09999999999999432,0.1,-5.689893001203927e-15,0.0,9,2,218,86,63.23417105723948,64.06593153527164,37.63333333333347
163.89999999999498,163.15444082234123,0.09999999999999432,0.1,-5.689893001203927e-15,0.0,9,2,219,86,62.94544529302433,63.96593153527164,37.73333333333346
163.99999999999497,163.25444082234122,0.09999999999999432,0.1,-5.689893001203927e-15,0.0,9,2,219,85,62.69657779131051,63.86593153527164,37.83333333333346
164.09999999999496,163.39064082234123,0.13620000000000232,0.1,0.036200000000002314,0.0,9,2,217,85,66.48854564455804,63.76593153527164,37.933333333333465
164.19999999999496,163.49064082234122,0.09999999999999432,0.1,-5.689893001203927e-15,0.0,9,2,217,84,66.27095587277928,63.66593153527164,38.03333333333346
164.29999999999495,163.59064082234121,0.09999999999999432,0.1,-5.689893001203927e-15,0.0,9,2,217,84,66.0419935684873,63.56593153527164,38.13333333333346
164.39999999999495,163.7506408223412,0.1599999999999966,0.1,0.059999999999996584,0.0,9,2,217,83,72.49705317283362,63.465931535271636,38.23333333333346
164.49999999999494,163.8506408223412,0.09999999999999432,0.1,-5.689893001203927e-15,0.0,10,2,218,83,62.54778338936258,67.42561008580141,34.51000000000011
164.59999999999494,163.9506408223412,0.09999999999999432,0.1,-5.689893001203927e-15,0.0,10,2,218,83,62.27445966952977,67.32561008580142,34.61000000000011
164.69999999999493,164.0506408223412,0.09999999999999432,0.1,-5.689893001203927e-15,0.0,10,2,218,83,62.024029449456826,67.22561008580142,34.71000000000011
164.79999999999492,164.1506408223412,0.09999999999999432,0.1,-5.689893001203927e-15,0.0,10,2,218,83,61.77360367570052,67.12561008580143,34.81000000000011
164.89999999999492,164.25064082234118,0.09999999999999432,0.1,-5.689893001203927e-15,0.0,10,2,217,83,61.523202898433325,67.02561008580143,34.91000000000011
164.9999999999949,164.35064082234118,0.09999999999999432,0.1,-5.689893001203927e-15,0.0,10,2,216,83,61.272815351647935,66.92561008580144,35.01000000000011
165.0999999999949,164.57064082234118,0.21999999999999886,0.1,0.11999999999999886,0.0,10,2,214,82,73.022436238679,66.82561008580144,35.11000000000011
165.1999999999949,164.73064082234117,0.1599999999999966,0.1,0.059999999999996584,0.0,10,2,212,81,78.7720635543503,66.72561008580145,35.21000000000011
165.2999999999949,164.83064082234117,0.09999999999999432,0.1,-5.689893001203927e-15,0.0,11,2,212,80,69.08147138529245,66.62561008580145,32.10909090909101
165.3999999999949,164.99004082234117,0.1594000000000051,0.1,0.05940000000000509,0.0,11,2,214,80,74.1537376925188,66.52561008580146,32.20909090909101
165.49999999999488,165.09004082234117,0.09999999999999432,0.1,-5.689893001203927e-15,0.0,11,2,215,80,73.87051728551025,66.42561008580147,32.30909090909101
165.59999999999488,165.19004082234116,0.09999999999999432,0.1,-5.689893001203927e-15,0.0,11,2,216,80,73.58621059259738,66.32561008580147,32.409090909091006
165.69999999999487,165.29004082234115,0.09999999999999432,0.1,-5.689893001203927e-15,0.0,11,2,218,80,73.30087075778734,66.22561008580148,32.50909090909101
165.79999999999487,165.39004082234115,0.09999999999999432,0.1,-5.689893001203927e-15,0.0,11,2,218,81,73.01432846229642,66.12561008580148,32.60909090909101
165.89999999999486,165.49004082234114,0.09999999999999432,0.1,-5.689893001203927e-15,0.0,11,2,219,81,72.72794928661231,66.02561008580149,32.70909090909101
165.99999999999486,165.59004082234114,0.09999999999999432,0.1,-5.689893001203927e-15,0.0,11,2,219,81,72.44226889974183,65.9256100858015,32.809090909091005
166.09999999999485,165.69004082234113,0.09999999999999432,0.1,-5.689893001203927e-15,0.0,11,2,218,81,72.17170645118631,65.8256100858015,32.909090909091006
166.19999999999484,165.79004082234113,0.09999999999999432,0.1,-5.689893001203927e-15,0.0,11,2,217,80,71.91912875805964,65.7256100858015,33.00909090909101
166.29999999999484,165.89004082234112,0.09999999999999432,0.1,-5.689893001203927e-15,0.0,11,2,217,80,71.67243692922771,65.62561008580151,33.10909090909101
166.39999999999483,165.99004082234111,0.09999999999999432,0.1,-5.689893001203927e-15,0.0,11,2,218,80,71.43300165898636,65.52561008580152,33.20909090909101
166.49999999999483,166.0900408223411,0.09999999999999432,0.1,-5.689893001203927e-15,0.0,11,2,217,80,71.18814010669531,65.42561008580152,33.309090909091005
166.59999999999482,166.1900408223411,0.09999999999999432,0.1,-5.689893001203927e-15,0.0,11,2,217,79,70.93277270247314,65.32561008580153,33.409090909091006
166.69999999999482,166.2900408223411,0.09999999999999432,0.1,-5.689893001203927e-15,0.0,11,2,217,79,70.69024308731869,65.22561008580153,33.50909090909101
166.7999999999948,166.3900408223411,0.09999999999999432,0.1,-5.689893001203927e-15,0.0,11,2,217,79,70.4422480383069,65.02290505940991,33.60909090909101
166.8999999999948,166.4900408223411,0.09999999999999432,0.1,-5.689893001203927e-15,0.0,11,2,217,79,70.20466752847955,64.41746073052872,33.709090909091
166.9999999999948,166.59004082234108,0.09999999999999432,0.1,-5.689893001203927e-15,0.0,11,2,216,79,69.9675659028719,63.817460730528715,33.809090909091005
167.0999999999948,166.40973913932768,-0.180301683013397,0.1,-5.384581669432009e-15,0.2803016830133916,10,2,216,79,73.90048269650308,64.82561008580156,29.73000000000011
167.1999999999948,166.50973913932768,0.09999999999999432,0.1,-5.689893001203927e-15,0.0,10,2,217,79,73.64968875675135,64.72561008580156,29.83000000000011
167.29999999999478,166.60973913932767,0.09999999999999432,0.1,-5.689893001203927e-15,0.0,10,2,217,79,72.82359388313148,64.62561008580157,29.93000000000011
167.39999999999478,166.70973913932767,0.09999999999999432,0.1,-5.689893001203927e-15,0.0,10,2,217,79,72.02165846365571,64.52561008580157,30.030000000000108
167.49999999999477,165.96486112069505,-0.7448780186326189,0.1,-5.88418203051333e-15,0.844878018632613,8,2,217,79,79.08912597839428,68.1957608626266,25.500000000000156
167.59999999999476,166.06486112069504,0.09999999999999432,0.1,-5.689893001203927e-15,0.0,8,2,217,79,78.11066496635145,67.57819915985033,25.600000000000158
167.69999999999476,166.16486112069504,0.09999999999999432,0.1,-5.689893001203927e-15,0.0,8,2,217,79,77.80164314998929,66.96084252555535,25.700000000000156
167.79999999999475,166.26486112069503,0.09999999999999432,0.1,-5.689893001203927e-15,0.0,8,2,216,80,76.81621826406477,66.35289792575713,25.800000000000157
167.89999999999475,166.36486112069502,0.09999999999999432,0.1,-5.689893001203927e-15,0.0,8,2,217,81,75.83872883238391,65.7336648076983,25.90000000000016
167.99999999999474,166.46486112069502,0.09999999999999432,0.1,-5.689893001203927e-15,0.0,8,2,217,82,75.48579476728123,65.12703601679436,26.00000000000016
168.09999999999474,166.564861120695,0.09999999999999432,0.1,-5.689893001203927e-15,0.0,8,2,218,82,75.13213621119134,64.51588207721578,26.10000000000016
168.19999999999473,166.664861120695,0.09999999999999432,0.1,-5.689893001203927e-15,0.0,8,2,219,82,74.77671521612156,63.89357185977175,26.200000000000163
168.29999999999472,166.824861120695,0.1599999999999966,0.1,0.059999999999996584,0.0,8,2,219,82,81.92170447162854,63.27535039980573,26.30000000000016
168.39999999999472,166.924861120695,0.09999999999999432,0.1,-5.689893001203927e-15,0.0,9,2,218,81,69.70602104360243,62.67535039980573,23.47777777777792
168.4999999999947,167.024861120695,0.09999999999999432,0.1,-5.689893001203927e-15,0.0,9,2,217,82,69.30710149002601,62.07535039980573,23.57777777777792
168.5999999999947,167.124861120695,0.09999999999999432,0.1,-5.689893001203927e-15,0.0,9,2,217,82,68.92689174273207,61.47535039980573,23.677777777777926
168.6999999999947,166.27645140886503,-0.8484097118299587,0.1,-3.4416913763379853e-15,0.9484097118299553,8,2,217,83,65.25795847946394,60.875350399805725,22.450000000000138
168.7999999999947,166.37645140886502,0.09999999999999432,0.1,-5.689893001203927e-15,0.0,8,2,216,83,64.90687107416903,60.275350399805724,22.55000000000014
168.8999999999947,166.47645140886502,0.09999999999999432,0.1,-5.689893001203927e-15,0.0,8,2,216,83,64.54803987977981,59.61168842256897,22.65000000000014
168.99999999999469,166.576451408865,0.09999999999999432,0.1,-5.689893001203927e-15,0.0,8,2,216,83,64.17992995324681,58.88243026091072,22.75000000000014
169.09999999999468,166.676451408865,0.09999999999999432,0.1,-5.689893001203927e-15,0.0,8,2,216,83,63.79801958878706,58.76593153527157,22.85000000000014
169.19999999999467,166.776451408865,0.09999999999999432,0.1,-5.689893001203927e-15,0.0,8,2,216,84,63.45278509224615,58.66593153527157,22.95000000000014
169.29999999999467,166.876451408865,0.09999999999999432,0.1,-5.689893001203927e-15,0.0,8,2,215,84,63.1380037989289,58.56593153527157,23.050000000000143
169.39999999999466,166.976451408865,0.09999999999999432,0.1,-5.689893001203927e-15,0.0,8,2,214,84,62.84632904161084,58.465931535271565,23.15000000000014
169.49999999999466,167.07645140886498,0.09999999999999432,0.1,-5.689893001203927e-15,0.0,8,2,215,83,62.59489534292121,58.365931535271564,23.250000000000142
169.59999999999465,167.17645140886498,0.09999999999999432,0.1,-5.689893001203927e-15,0.0,8,2,215,83,62.35504668337212,58.26593153527156,23.350000000000144
169.69999999999465,167.27645140886497,0.09999999999999432,0.1,-5.689893001203927e-15,0.0,8,2,215,84,62.12173222104118,58.16593153527156,23.450000000000145
169.79999999999464,167.37645140886497,0.09999999999999432,0.1,-5.689893001203927e-15,0.0,8,2,214,84,61.89614268958341,58.06593153527156,23.550000000000146
169.89999999999463,167.47645140886496,0.09999999999999432,0.1,-5.689893001203927e-15,0.0,8,2,214,84,61.6701381202734,57.96593153527156,23.650000000000144
169.99999999999463,167.57645140886495,0.09999999999999432,0.1,-5.689893001203927e-15,0.0,8,2,214,85,61.44415101110728,57.86593153527156,23.750000000000146
170.09999999999462,167.67645140886495,0.09999999999999432,0.1,-5.689893001203927e-15,0.0,8,2,214,85,61.21854205341538,57.765931535271555,23.850000000000147
170.19999999999462,167.77645140886494,0.09999999999999432,0.1,-5.689893001203927e-15,0.0,8,2,213,85,60.99238891069237,57.665931535271554,23.95000000000015
170.2999999999946,167.87645140886494,0.09999999999999432,0.1,-5.689893001203927e-15,0.0,8,2,213,85,60.76627042116872,57.56593153527155,24.05000000000015
170.3999999999946,167.97645140886493,0.09999999999999432,0.1,-5.689893001203927e-15,0.0,8,2,213,85,60.540665636710855,57.46593153527155,24.15000000000015
170.4999999999946,168.07645140886493,0.09999999999999432,0.1,-5.689893001203927e-15,0.0,8,2,214,85,60.315067774747575,57.36593153527155,24.25000000000015
170.5999999999946,168.17645140886492,0.09999999999999432,0.1,-5.689893001203927e-15,0.0,8,2,214,85,60.08761659564158,57.26593153527155,24.35000000000015
170.6999999999946,168.27645140886492,0.09999999999999432,0.1,-5.689893001203927e-15,0.0,8,2,215,85,59.860300500613434,57.16593153527155,24.450000000000152
170.79999999999458,168.3764514088649,0.09999999999999432,0.1,-5.689893001203927e-15,0.0,8,2,216,86,59.63227017034832,57.065931535271545,24.550000000000153
170.89999999999458,168.4764514088649,0.09999999999999432,0.1,-5.689893001203927e-15,0.0,8,2,217,86,59.356334679843016,56.965931535271544,24.650000000000155
170.99999999999457,168.5764514088649,0.09999999999999432,0.1,-5.689893001203927e-15,0.0,8,2,217,86,59.16856613229976,56.86593153527154,24.750000000000156
171.09999999999457,168.6764514088649,0.09999999999999432,0.1,-5.689893001203927e-15,0.0,8,2,216,86,58.98998426880549,56.76593153527154,24.850000000000154
171.19999999999456,168.7764514088649,0.09999999999999432,0.1,-5.689893001203927e-15,0.0,8,2,216,86,58.817954574346885,56.66593153527154,24.950000000000156
171.29999999999455,168.87645140886488,0.09999999999999432,0.1,-5.689893001203927e-15,0.0,8,2,217,86,58.655454574346884,56.56593153527154,25.050000000000157
171.39999999999455,168.97645140886488,0.09999999999999432,0.1,-5.689893001203927e-15,0.0,8,2,217,86,58.49295457434688,56.46593153527154,25.15000000000016
171.49999999999454,169.07645140886487,0.09999999999999432,0.1,-5.689893001203927e-15,0.0,8,2,219,86,58.32558984028725,56.365931535271535,25.25000000000016
171.59999999999454,169.17645140886486,0.09999999999999432,0.1,-5.689893001203927e-15,0.0,8,2,219,86,58.15858303776085,56.265931535271534,25.35000000000016
171.69999999999453,169.27645140886486,0.09999999999999432,0.1,-5.689893001203927e-15,0.0,8,2,218,87,57.99608303776085,56.16593153527153,25.45000000000016
171.79999999999453,169.37645140886485,0.09999999999999432,0.1,-5.689893001203927e-15,0.0,8,2,218,87,57.82771624479565,56.06593153527153,25.55000000000016
171.89999999999452,169.47645140886485,0.09999999999999432,0.1,-5.689893001203927e-15,0.0,8,2,219,87,57.659798332629805,55.96593153527153,25.650000000000162
171.99999999999451,169.57645140886484,0.09999999999999432,0.1,-5.689893001203927e-15,0.0,8,2,222,87,57.4972983326298,55.86593153527153,25.750000000000163
172.0999999999945,169.67645140886484,0.09999999999999432,0.1,-5.689893001203927e-15,0.0,8,2,223,87,57.3347983326298,55.76593153527153,25.850000000000165
172.1999999999945,169.77645140886483,0.09999999999999432,0.1,-5.689893001203927e-15,0.0,8,2,222,87,57.1722983326298,55.665931535271525,25.950000000000166
172.2999999999945,169.87645140886482,0.09999999999999432,0.1,-5.689893001203927e-15,0.0,8,2,221,86,57.009798332629806,55.565931535271524,26.050000000000164
172.3999999999945,169.97645140886482,0.09999999999999432,0.1,-5.689893001203927e-15,0.0,8,2,221,86,56.847298332629805,55.46593153527152,26.150000000000166
172.4999999999945,170.0764514088648,0.09999999999999432,0.1,-5.689893001203927e-15,0.0,8,2,221,86,56.6847983326298,55.36593153527152,26.250000000000167
172.59999999999448,170.1764514088648,0.09999999999999432,0.1,-5.689893001203927e-15,0.0,8,2,221,86,56.5222983326298,55.26593153527152,26.35000000000017
172.69999999999447,170.2764514088648,0.09999999999999432,0.1,-5.689893001203927e-15,0.0,8,2,221,86,56.35979833262981,55.16593153527152,26.45000000000017
172.79999999999447,170.3764514088648,0.09999999999999432,0.1,-5.689893001203927e-15,0.0,8,2,221,86,56.197298332629806,55.06593153527152,26.550000000000168
172.89999999999446,170.4764514088648,0.09999999999999432,0.1,-5.689893001203927e-15,0.0,8,2,221,87,56.034798332629805,54.965931535271515,26.65000000000017
172.99999999999446,170.57645140886478,0.09999999999999432,0.1,-5.689893001203927e-15,0.0,8,2,219,87,55.8722983326298,54.865931535271514,26.75000000000017
173.09999999999445,170.67645140886478,0.09999999999999432,0.1,-5.689893001203927e-15,0.0,8,2,218,87,55.70979833262981,54.76593153527151,26.850000000000172
173.19999999999445,170.77645140886477,0.09999999999999432,0.1,-5.689893001203927e-15,0.0,8,2,218,87,55.54729833262981,54.66593153527151,26.950000000000173
173.29999999999444,170.87645140886477,0.09999999999999432,0.1,-5.689893001203927e-15,0.0,8,2,219,87,55.384798332629806,54.56593153527151,27.05000000000017
173.39999999999444,170.97645140886476,0.09999999999999432,0.1,-5.689893001203927e-15,0.0,8,2,220,88,55.222298332629805,54.46593153527151,27.150000000000173
173.49999999999443,171.07645140886476,0.09999999999999432,0.1,-5.689893001203927e-15,0.0,8,2,220,88,55.05979833262981,54.36593153527151,27.250000000000174
173.59999999999442,171.17645140886475,0.09999999999999432,0.1,-5.689893001203927e-15,0.0,8,2,220,88,54.89729833262981,54.265931535271505,27.350000000000176
173.69999999999442,171.27645140886474,0.09999999999999432,0.1,-5.689893001203927e-15,0.0,8,2,222,88,54.73479833262981,54.165931535271504,27.450000000000177
173.7999999999944,171.37645140886474,0.09999999999999432,0.1,-5.689893001203927e-15,0.0,8,2,223,88,54.57485039895335,54.0659315352715,27.550000000000175
173.8999999999944,171.47645140886473,0.09999999999999432,0.1,-5.689893001203927e-15,0.0,8,2,223,88,54.44487643211512,53.9659315352715,27.650000000000176
173.9999999999944,171.57645140886473,0.09999999999999432,0.1,-5.689893001203927e-15,0.0,8,2,224,88,54.32988944869601,53.8659315352715,27.750000000000178
174.0999999999944,171.67645140886472,0.09999999999999432,0.1,-5.689893001203927e-15,0.0,8,2,224,87,54.22239595698645,53.7659315352715,27.85000000000018
174.1999999999944,171.77645140886472,0.09999999999999432,0.1,-5.689893001203927e-15,0.0,8,2,226,87,54.12239595698645,53.6659315352715,27.95000000000018
174.29999999999438,171.8764514088647,0.09999999999999432,0.1,-5.689893001203927e-15,0.0,8,2,226,87,54.02239595698645,53.565931535271496,28.050000000000182
174.39999999999438,171.9764514088647,0.09999999999999432,0.1,-5.689893001203927e-15,0.0,8,2,226,87,53.92239595698645,53.465931535271494,28.15000000000018
174.49999999999437,172.0764514088647,0.09999999999999432,0.1,-5.689893001203927e-15,0.0,8,2,227,87,53.822395956986455,53.36593153527149,28.25000000000018
174.59999999999437,172.1764514088647,0.09999999999999432,0.1,-5.689893001203927e-15,0.0,8,2,227,87,53.72239595698645,53.26593153527149,28.350000000000183
174.69999999999436,172.2764514088647,0.09999999999999432,0.1,-5.689893001203927e-15,0.0,8,2,228,87,53.62239595698645,53.16593153527149,28.450000000000184
174.79999999999436,172.37645140886468,0.09999999999999432,0.1,-5.689893001203927e-15,0.0,8,2,228,88,53.52239595698645,53.06593153527149,28.550000000000185
174.89999999999435,172.47645140886468,0.09999999999999432,0.1,-5.689893001203927e-15,0.0,8,2,228,87,53.422395956986456,52.96593153527149,28.650000000000183
174.99999999999434,172.57645140886467,0.09999999999999432,0.1,-5.689893001203927e-15,0.0,8,2,227,87,53.322395956986455,52.865931535271486,28.750000000000185
175.09999999999434,172.67645140886466,0.09999999999999432,0.1,-5.689893001203927e-15,0.0,8,2,227,86,53.22239595698645,52.765931535271484,28.850000000000186
175.19999999999433,172.77645140886466,0.09999999999999432,0.1,-5.689893001203927e-15,0.0,8,2,226,86,53.12239595698645,52.66593153527148,28.950000000000188
175.29999999999433,172.87645140886465,0.09999999999999432,0.1,-5.689893001203927e-15,0.0,8,2,224,86,53.02239595698646,52.56593153527148,29.05000000000019
175.39999999999432,172.97645140886465,0.09999999999999432,0.1,-5.689893001203927e-15,0.0,8,2,223,86,52.922395956986456,52.46593153527148,29.15000000000019
175.49999999999432,173.07645140886464,0.09999999999999432,0.1,-5.689893001203927e-15,0.0,8,2,222,86,52.822395956986455,52.36593153527148,29.25000000000019
175.5999999999943,173.17645140886464,0.09999999999999432,0.1,-5.689893001203927e-15,0.0,8,2,221,86,52.72239595698646,52.26593153527148,29.35000000000019
175.6999999999943,173.27645140886463,0.09999999999999432,0.1,-5.689893001203927e-15,0.0,8,2,220,86,52.62239595698646,52.165931535271476,29.45000000000019
175.7999999999943,173.37645140886463,0.09999999999999432,0.1,-5.689893001203927e-15,0.0,8,2,220,86,52.52239595698646,52.065931535271474,29.550000000000193
175.8999999999943,173.47645140886462,0.09999999999999432,0.1,-5.689893001203927e-15,0.0,8,2,220,86,52.422395956986456,51.96593153527147,29.650000000000194
175.9999999999943,173.5764514088646,0.09999999999999432,0.1,-5.689893001203927e-15,0.0,8,2,223,86,52.32239595698646,51.86593153527147,29.750000000000192
176.09999999999428,173.6764514088646,0.09999999999999432,0.1,-5.689893001203927e-15,0.0,8,2,223,85,52.22239595698646,51.76593153527147,29.850000000000193
176.19999999999428,173.7764514088646,0.09999999999999432,0.1,-5.689893001203927e-15,0.0,8,2,224,85,52.12239595698646,51.66593153527147,29.950000000000195
176.29999999999427,173.8764514088646,0.09999999999999432,0.1,-5.689893001203927e-15,0.0,8,2,224,85,52.02239595698646,51.56593153527147,30.050000000000196
176.39999999999426,173.9764514088646,0.09999999999999432,0.1,-5.689893001203927e-15,0.0,8,2,224,85,51.92239595698646,51.465931535271466,30.150000000000198
176.49999999999426,174.07645140886459,0.09999999999999432,0.1,-5.689893001203927e-15,0.0,8,2,224,85,51.82239595698646,51.365931535271464,30.250000000000195
176.59999999999425,174.17645140886458,0.09999999999999432,0.1,-5.689893001203927e-15,0.0,8,2,224,86,51.72239595698646,51.26593153527146,30.350000000000197
176.69999999999425,174.27645140886457,0.09999999999999432,0.1,-5.689893001203927e-15,0.0,8,2,225,86,51.622395956986466,51.16593153527146,30.4500000000002
176.79999999999424,174.37645140886457,0.09999999999999432,0.1,-5.689893001203927e-15,0.0,8,2,225,85,51.522395956986465,51.06593153527146,30.5500000000002
176.89999999999424,174.47645140886456,0.09999999999999432,0.1,-5.689893001203927e-15,0.0,8,2,224,85,51.42239595698646,50.96593153527146,30.6500000000002
176.99999999999423,174.57645140886456,0.09999999999999432,0.1,-5.689893001203927e-15,0.0,8,2,225,85,51.32239595698646,50.86593153527146,30.7500000000002
177.09999999999422,174.67645140886455,0.09999999999999432,0.1,-5.689893001203927e-15,0.0,8,2,226,84,51.22239595698647,50.765931535271456,30.8500000000002
177.19999999999422,174.77645140886455,0.09999999999999432,0.1,-5.689893001203927e-15,0.0,8,2,226,84,51.122395956986466,50.665931535271454,30.950000000000202
177.2999999999942,174.87645140886454,0.09999999999999432,0.1,-5.689893001203927e-15,0.0,8,2,227,81,51.022395956986465,50.56593153527145,31.050000000000203
177.3999999999942,174.97645140886453,0.09999999999999432,0.1,-5.689893001203927e-15,0.0,8,2,227,81,50.92239595698647,50.46593153527145,31.150000000000205
177.4999999999942,175.07645140886453,0.09999999999999432,0.1,-5.689893001203927e-15,0.0,8,2,228,81,50.82239595698647,50.36593153527145,31.250000000000206
177.5999999999942,175.17645140886452,0.09999999999999432,0.1,-5.689893001203927e-15,0.0,8,2,228,81,50.72239595698647,50.26593153527145,31.350000000000204
177.6999999999942,175.27645140886452,0.09999999999999432,0.1,-5.689893001203927e-15,0.0,8,2,227,80,50.622395956986466,50.16593153527145,31.450000000000205
177.79999999999418,175.3764514088645,0.09999999999999432,0.1,-5.689893001203927e-15,0.0,8,2,226,80,50.52239595698647,50.065931535271446,31.550000000000207
177.89999999999418,175.4764514088645,0.09999999999999432,0.1,-5.689893001203927e-15,0.0,8,2,226,80,50.42239595698647,49.965931535271444,31.650000000000208
177.99999999999417,175.5764514088645,0.09999999999999432,0.1,-5.689893001203927e-15,0.0,8,2,226,80,50.32239595698647,49.86593153527144,31.75000000000021
178.09999999999417,175.6764514088645,0.09999999999999432,0.1,-5.689893001203927e-15,0.0,8,2,226,80,50.222395956986475,49.76593153527144,31.850000000000207
178.19999999999416,175.7764514088645,0.09999999999999432,0.1,-5.689893001203927e-15,0.0,8,2,227,78,50.12239595698647,49.66593153527144,31.95000000000021
178.29999999999416,175.87645140886448,0.09999999999999432,0.1,-5.689893001203927e-15,0.0,8,2,226,78,50.02239595698647,49.56593153527144,32.05000000000021
178.39999999999415,175.97645140886448,0.09999999999999432,0.1,-5.689893001203927e-15,0.0,8,2,225,78,49.92239595698647,49.46593153527144,32.15000000000021
178.49999999999415,176.07645140886447,0.09999999999999432,0.1,-5.689893001203927e-15,0.0,8,2,225,78,49.822395956986476,49.365931535271436,32.25000000000021
178.59999999999414,176.17645140886447,0.09999999999999432,0.1,-5.689893001203927e-15,0.0,8,2,225,78,49.722395956986475,49.265931535271434,32.350000000000215
178.69999999999413,176.27645140886446,0.09999999999999432,0.1,-5.689893001203927e-15,0.0,8,2,225,78,49.62239595698647,49.16593153527143,32.450000000000216
178.79999999999413,176.37645140886445,0.09999999999999432,0.1,-5.689893001203927e-15,0.0,8,2,224,78,49.52239595698648,49.06593153527143,32.55000000000022
178.89999999999412,176.47645140886445,0.09999999999999432,0.1,-5.689893001203927e-15,0.0,8,2,224,78,49.42239595698648,48.96593153527143,32.65000000000021
178.99999999999412,176.57645140886444,0.09999999999999432,0.1,-5.689893001203927e-15,0.0,8,2,224,78,49.322395956986476,48.86593153527143,32.75000000000021
179.0999999999941,176.67645140886444,0.09999999999999432,0.1,-5.689893001203927e-15,0.0,8,2,225,77,49.222395956986475,48.76593153527143,32.850000000000215
179.1999999999941,176.77645140886443,0.09999999999999432,0.1,-5.689893001203927e-15,0.0,8,2,226,77,49.12239595698648,48.665931535271426,32.950000000000216
179.2999999999941,176.87645140886443,0.09999999999999432,0.1,-5.689893001203927e-15,0.0,8,2,227,77,49.02239595698648,48.565931535271424,33.05000000000022
179.3999999999941,176.97645140886442,0.09999999999999432,0.1,-5.689893001203927e-15,0.0,8,2,226,76,48.92239595698648,48.46593153527142,33.15000000000022
179.4999999999941,177.07645140886441,0.09999999999999432,0.1,-5.689893001203927e-15,0.0,8,2,225,76,48.82239595698648,48.36593153527142,33.25000000000022
179.59999999999408,177.1764514088644,0.09999999999999432,0.1,-5.689893001203927e-15,0.0,8,2,224,76,48.72239595698648,48.26593153527142,33.35000000000022
179.69999999999408,177.2764514088644,0.09999999999999432,0.1,-5.689893001203927e-15,0.0,8,2,223,76,48.62239595698648,48.16593153527142,33.450000000000216
179.79999999999407,177.3764514088644,0.09999999999999432,0.1,-5.689893001203927e-15,0.0,8,2,223,76,48.52239595698648,48.06593153527142,33.55000000000022
179.89999999999407,177.4764514088644,0.09999999999999432,0.1,-5.689893001203927e-15,0.0,8,2,223,76,48.422395956986485,47.965931535271416,33.65000000000022
179.99999999999406,177.5764514088644,0.09999999999999432,0.1,-5.689893001203927e-15,0.0,8,2,223,76,48.32239595698648,47.865931535271415,33.75000000000022
180.09999999999405,177.67645140886438,0.09999999999999432,0.1,-5.689893001203927e-15,0.0,8,2,224,76,48.22239595698648,47.76593153527141,33.85000000000022
180.19999999999405,177.77645140886438,0.09999999999999432,0.1,-5.689893001203927e-15,0.0,8,2,224,76,48.12239595698648,47.66593153527141,33.950000000000216
180.29999999999404,177.87645140886437,0.09999999999999432,0.1,-5.689893001203927e-15,0.0,8,2,224,76,48.022395956986486,47.56593153527141,34.05000000000022
180.39999999999404,177.97645140886436,0.09999999999999432,0.1,-5.689893001203927e-15,0.0,8,2,224,76,47.922395956986485,47.46593153527141,34.15000000000022
180.49999999999403,178.07645140886436,0.09999999999999432,0.1,-5.689893001203927e-15,0.0,8,2,225,77,47.82239595698648,47.36593153527141,34.25000000000022
180.59999999999403,178.17645140886435,0.09999999999999432,0.1,-5.689893001203927e-15,0.0,8,2,224,77,47.72239595698649,47.265931535271406,34.35000000000022
180.69999999999402,178.27645140886435,0.09999999999999432,0.1,-5.689893001203927e-15,0.0,8,2,223,77,47.62239595698649,47.165931535271405,34.450000000000216
180.79999999999401,178.37645140886434,0.09999999999999432,0.1,-5.689893001203927e-15,0.0,8,2,223,76,47.522395956986486,47.0659315352714,34.55000000000022
180.899999999994,178.47645140886434,0.09999999999999432,0.1,-5.689893001203927e-15,0.0,8,2,223,76,47.422395956986485,46.9659315352714,34.65000000000022
180.999999999994,178.57645140886433,0.09999999999999432,0.1,-5.689893001203927e-15,0.0,8,2,223,76,47.32239595698649,46.8659315352714,34.75000000000022
181.099999999994,178.67645140886432,0.09999999999999432,0.1,-5.689893001203927e-15,0.0,8,2,222,76,47.22239595698649,46.7659315352714,34.85000000000022
181.199999999994,178.77645140886432,0.09999999999999432,0.1,-5.689893001203927e-15,0.0,8,2,222,76,47.12239595698649,46.6659315352714,34.950000000000216
181.299999999994,178.8764514088643,0.09999999999999432,0.1,-5.689893001203927e-15,0.0,8,2,221,76,47.02239595698649,46.565931535271396,35.05000000000022
181.39999999999398,178.9764514088643,0.09999999999999432,0.1,-5.689893001203927e-15,0.0,8,2,220,76,46.92239595698649,46.465931535271395,35.15000000000022
181.49999999999397,179.0764514088643,0.09999999999999432,0.1,-5.689893001203927e-15,0.0,8,2,221,76,46.82239595698649,46.36593153527139,35.25000000000022
181.59999999999397,179.1764514088643,0.09999999999999432,0.1,-5.689893001203927e-15,0.0,8,2,221,76,46.72239595698649,46.26593153527139,35.35000000000022
181.69999999999396,179.2764514088643,0.09999999999999432,0.1,-5.689893001203927e-15,0.0,8,2,221,75,46.622395956986495,46.16593153527139,35.45000000000022
181.79999999999396,179.37645140886428,0.09999999999999432,0.1,-5.689893001203927e-15,0.0,8,2,221,75,46.52239595698649,46.06593153527139,35.55000000000022
181.89999999999395,179.47645140886428,0.09999999999999432,0.1,-5.689893001203927e-15,0.0,8,2,221,75,46.42239595698649,45.96593153527139,35.65000000000022
181.99999999999395,179.57645140886427,0.09999999999999432,0.1,-5.689893001203927e-15,0.0,8,2,221,74,46.3223959569865,45.865931535271386,35.75000000000022
182.09999999999394,179.67645140886427,0.09999999999999432,0.1,-5.689893001203927e-15,0.0,8,2,221,73,46.222395956986496,45.765931535271385,35.85000000000022
182.19999999999393,179.77645140886426,0.09999999999999432,0.1,-5.689893001203927e-15,0.0,8,2,220,73,46.122395956986495,45.66593153527138,35.95000000000022
182.29999999999393,179.87645140886426,0.09999999999999432,0.1,-5.689893001203927e-15,0.0,8,2,220,73,46.02239595698649,45.56593153527138,36.050000000000225
182.39999999999392,179.43425446748526,-0.44219694137899523,0.1,-1.887379141862766e-15,0.5421969413789933,6,2,220,73,52.193245586332104,47.37760013480814,32.233333333333526
182.49999999999392,179.53425446748525,0.09999999999999432,0.1,-5.689893001203927e-15,0.0,6,2,221,72,52.09324558633211,47.27760013480814,32.33333333333353
182.5999999999939,179.63425446748525,0.09999999999999432,0.1,-5.689893001203927e-15,0.0,6,2,220,72,51.99324558633211,47.17760013480814,32.43333333333353
182.6999999999939,179.79425446748525,0.1599999999999966,0.1,0.059999999999996584,0.0,6,2,219,72,61.569223761858716,71.76826979080026,32.53333333333353
182.7999999999939,179.89425446748524,0.09999999999999432,0.1,-5.689893001203927e-15,0.0,6,2,219,72,61.27901211116552,71.66826979080027,32.63333333333353
182.8999999999939,179.99425446748523,0.09999999999999432,0.1,-5.689893001203927e-15,0.0,6,2,219,72,60.98196687292893,71.56826979080027,32.73333333333353
182.9999999999939,180.15425446748523,0.1599999999999966,0.1,0.059999999999996584,0.0,6,2,219,73,70.71530020626233,71.46826979080028,32.833333333333535
183.09999999999388,180.25425446748523,0.09999999999999432,0.1,-5.689893001203927e-15,0.0,7,2,219,73,56.79706985566052,57.76613829144156,28.242857142857314
183.19999999999388,180.35425446748522,0.09999999999999432,0.1,-5.689893001203927e-15,0.0,7,2,221,73,56.470592200418324,57.155471307853524,28.34285714285732
183.29999999999387,180.4542544674852,0.09999999999999432,0.1,-5.689893001203927e-15,0.0,7,2,222,73,56.14040801419252,56.500403857508005,28.442857142857317
183.39999999999387,180.5542544674852,0.09999999999999432,0.1,-5.689893001203927e-15,0.0,7,2,222,72,55.823714969247405,55.88416909806251,28.54285714285732
183.49999999999386,180.6542544674852,0.09999999999999432,0.1,-5.689893001203927e-15,0.0,7,2,223,72,55.504999583620084,55.26367171081438,28.64285714285732
183.59999999999386,180.7542544674852,0.09999999999999432,0.1,-5.689893001203927e-15,0.0,7,2,223,72,55.18819750545182,54.6498005826947,28.74285714285732
183.69999999999385,180.8542544674852,0.09999999999999432,0.1,-5.689893001203927e-15,0.0,7,2,225,72,54.87103936242553,54.03530061988179,28.842857142857323
183.79999999999384,180.95425446748519,0.09999999999999432,0.1,-5.689893001203927e-15,0.0,7,2,225,72,54.55216792200031,53.42697574874744,28.94285714285732
183.89999999999384,181.05425446748518,0.09999999999999432,0.1,-5.689893001203927e-15,0.0,7,2,225,72,54.23482918993953,52.81944263924129,29.042857142857322
183.99999999999383,181.15425446748517,0.09999999999999432,0.1,-5.689893001203927e-15,0.0,7,2,224,72,53.91738871470193,52.20340346407108,29.142857142857327
184.09999999999383,181.31425446748517,0.1599999999999966,0.1,0.059999999999996584,0.0,7,2,224,72,62.08524449656097,50.99115364459291,29.242857142857325
184.19999999999382,181.41425446748516,0.09999999999999432,0.1,-5.689893001203927e-15,0.0,7,2,223,72,61.68592906058833,49.77620222720906,29.342857142857326
184.29999999999382,181.51425446748516,0.09999999999999432,0.1,-5.689893001203927e-15,0.0,7,2,222,72,61.28068853029486,48.55610147815335,29.442857142857328
184.3999999999938,181.61425446748515,0.09999999999999432,0.1,-5.689893001203927e-15,0.0,7,2,221,72,60.87781992445638,47.337988624407735,29.542857142857326
184.4999999999938,181.71425446748515,0.09999999999999432,0.1,-5.689893001203927e-15,0.0,7,2,220,73,60.47218025702967,46.123390057122705,29.64285714285733
184.5999999999938,181.81425446748514,0.09999999999999432,0.1,-5.689893001203927e-15,0.0,7,2,221,73,60.06854174772382,45.17760013480811,29.742857142857332
184.6999999999938,181.91425446748514,0.09999999999999432,0.1,-5.689893001203927e-15,0.0,7,2,221,73,59.66440094798606,45.07760013480811,29.84285714285733
184.7999999999938,182.01425446748513,0.09999999999999432,0.1,-5.689893001203927e-15,0.0,7,2,221,73,59.25437111328649,44.97760013480811,29.94285714285733
184.89999999999378,182.11425446748513,0.09999999999999432,0.1,-5.689893001203927e-15,0.0,7,2,222,73,58.83978891946058,44.877600134808105,30.042857142857336
184.99999999999378,182.21425446748512,0.09999999999999432,0.1,-5.689893001203927e-15,0.0,7,2,221,73,58.42775100441274,44.777600134808104,30.142857142857338
185.09999999999377,182.3142544674851,0.09999999999999432,0.1,-5.689893001203927e-15,0.0,7,2,223,73,58.01592572700988,44.6776001348081,30.242857142857336
185.19999999999376,182.4142544674851,0.09999999999999432,0.1,-5.689893001203927e-15,0.0,7,2,223,73,57.60525761010342,44.5776001348081,30.342857142857337
185.29999999999376,182.5142544674851,0.09999999999999432,0.1,-5.689893001203927e-15,0.0,7,2,224,73,57.19603877409656,44.4776001348081,30.442857142857342
185.39999999999375,182.6142544674851,0.09999999999999432,0.1,-5.689893001203927e-15,0.0,7,2,225,73,56.78799264996355,44.3776001348081,30.54285714285734
185.49999999999375,182.7142544674851,0.09999999999999432,0.1,-5.689893001203927e-15,0.0,7,2,224,73,56.37907627068181,44.2776001348081,30.64285714285734
185.59999999999374,182.81425446748509,0.09999999999999432,0.1,-5.689893001203927e-15,0.0,7,2,225,73,55.96857991013286,44.177600134808095,30.742857142857343
185.69999999999374,182.91425446748508,0.09999999999999432,0.1,-5.689893001203927e-15,0.0,7,2,225,73,55.55875390110976,44.077600134808094,30.842857142857344
185.79999999999373,183.01425446748507,0.09999999999999432,0.1,-5.689893001203927e-15,0.0,7,2,225,73,55.15076855952854,43.97760013480809,30.942857142857346
185.89999999999372,183.11425446748507,0.09999999999999432,0.1,-5.689893001203927e-15,0.0,7,2,224,73,54.74428764789509,43.87760013480809,31.042857142857347
185.99999999999372,183.21425446748506,0.09999999999999432,0.1,-5.689893001203927e-15,0.0,7,2,224,73,54.33392752734396,43.77760013480809,31.14285714285735
186.0999999999937,183.31425446748506,0.09999999999999432,0.1,-5.689893001203927e-15,0.0,7,2,224,73,53.92245195679044,43.67760013480809,31.24285714285735
186.1999999999937,183.41425446748505,0.09999999999999432,0.1,-5.689893001203927e-15,0.0,7,2,225,73,53.513607068732576,43.57760013480809,31.34285714285735
186.2999999999937,183.51425446748505,0.09999999999999432,0.1,-5.689893001203927e-15,0.0,7,2,226,73,53.10474415011798,43.477600134808085,31.442857142857353
186.3999999999937,183.61425446748504,0.09999999999999432,0.1,-5.689893001203927e-15,0.0,7,2,225,73,52.696746599317386,43.377600134808084,31.54285714285735
186.4999999999937,183.71425446748503,0.09999999999999432,0.1,-5.689893001203927e-15,0.0,7,2,226,73,52.285054772059375,43.27760013480808,31.642857142857356
186.59999999999368,183.81425446748503,0.09999999999999432,0.1,-5.689893001203927e-15,0.0,7,2,226,72,51.87128870545424,43.17760013480808,31.742857142857357
186.69999999999368,183.91425446748502,0.09999999999999432,0.1,-5.689893001203927e-15,0.0,7,2,226,73,51.46476495624261,43.07760013480808,31.842857142857355
186.79999999999367,184.01425446748502,0.09999999999999432,0.1,-5.689893001203927e-15,0.0,7,2,226,73,51.04765402543804,42.97760013480808,31.942857142857356
186.89999999999367,184.114254467485,0.09999999999999432,0.1,-5.689893001203927e-15,0.0,7,2,225,72,50.64225047995423,42.87760013480808,32.04285714285736
186.99999999999366,184.214254467485,0.09999999999999432,0.1,-5.689893001203927e-15,0.0,7,2,226,72,50.229470532087554,42.777600134808075,32.14285714285736
187.09999999999366,184.314254467485,0.09999999999999432,0.1,-5.689893001203927e-15,0.0,7,2,226,73,49.8164805493574,42.677600134808074,32.24285714285736
187.19999999999365,184.414254467485,0.09999999999999432,0.1,-5.689893001203927e-15,0.0,7,2,225,73,49.40213230772384,42.57760013480807,32.34285714285736
187.29999999999364,184.514254467485,0.09999999999999432,0.1,-5.689893001203927e-15,0.0,7,2,225,73,48.99042652016714,42.47760013480807,32.44285714285736
187.39999999999364,184.61425446748498,0.09999999999999432,0.1,-5.689893001203927e-15,0.0,7,2,226,73,48.57731631742719,42.37760013480807,32.542857142857365
187.49999999999363,184.71425446748498,0.09999999999999432,0.1,-5.689893001203927e-15,0.0,7,2,226,73,48.16801660536481,42.27760013480807,32.64285714285736
187.59999999999363,184.81425446748497,0.09999999999999432,0.1,-5.689893001203927e-15,0.0,7,2,226,73,47.76003093857944,42.17760013480807,32.74285714285737
187.69999999999362,184.91425446748497,0.09999999999999432,0.1,-5.689893001203927e-15,0.0,7,2,226,73,47.352595723815156,42.077600134808065,32.84285714285736
187.79999999999362,185.01425446748496,0.09999999999999432,0.1,-5.689893001203927e-15,0.0,7,2,227,73,46.94277930465069,41.977600134808064,32.94285714285736
187.8999999999936,185.11425446748495,0.09999999999999432,0.1,-5.689893001203927e-15,0.0,7,2,228,74,46.53504058791963,41.87760013480806,33.042857142857365
187.9999999999936,185.21425446748495,0.09999999999999432,0.1,-5.689893001203927e-15,0.0,7,2,228,74,46.12593063743863,41.77760013480806,33.142857142857366
188.0999999999936,185.31425446748494,0.09999999999999432,0.1,-5.689893001203927e-15,0.0,7,2,228,74,45.717862648063225,41.67760013480806,33.24285714285737
188.1999999999936,185.41425446748494,0.09999999999999432,0.1,-5.689893001203927e-15,0.0,7,2,230,74,45.30817437175106,41.57760013480806,33.34285714285737
188.2999999999936,185.51425446748493,0.09999999999999432,0.1,-5.689893001203927e-15,0.0,6,2,231,74,52.566909533503384,60.15517056080574,28.166666666666828
188.39999999999358,185.61425446748493,0.09999999999999432,0.1,-5.689893001203927e-15,0.0,6,2,232,74,52.29259170310729,59.55517056080574,28.266666666666833
188.49999999999358,185.71425446748492,0.09999999999999432,0.1,-5.689893001203927e-15,0.0,6,2,234,74,52.01242520639381,58.95517056080574,28.36666666666683
188.59999999999357,185.81425446748491,0.09999999999999432,0.1,-5.689893001203927e-15,0.0,6,2,233,75,51.74491826522629,58.35517056080574,28.466666666666836
188.69999999999357,185.9142544674849,0.09999999999999432,0.1,-5.689893001203927e-15,0.0,6,2,232,75,51.47701502652965,57.75517056080574,28.566666666666833
188.79999999999356,186.0142544674849,0.09999999999999432,0.1,-5.689893001203927e-15,0.0,6,2,233,76,51.20810650569186,57.155170560805736,28.66666666666683
188.89999999999355,186.1142544674849,0.09999999999999432,0.1,-5.689893001203927e-15,0.0,6,2,234,77,50.938531465902905,56.555170560805735,28.766666666666836
188.99999999999355,186.2142544674849,0.09999999999999432,0.1,-5.689893001203927e-15,0.0,6,2,234,77,50.74129671628602,56.38916173531315,28.866666666666834
189.09999999999354,186.3142544674849,0.09999999999999432,0.1,-5.689893001203927e-15,0.0,6,2,235,77,50.55724772185337,56.28916173531315,28.96666666666684
189.19999999999354,186.41425446748488,0.09999999999999432,0.1,-5.689893001203927e-15,0.0,6,2,234,77,50.37130901468731,56.18916173531315,29.066666666666837
189.29999999999353,186.51425446748488,0.09999999999999432,0.1,-5.689893001203927e-15,0.0,6,2,234,76,50.18452080309812,56.08916173531315,29.166666666666842
189.39999999999353,186.61425446748487,0.09999999999999432,0.1,-5.689893001203927e-15,0.0,6,2,234,76,49.99824415646912,55.98916173531315,29.26666666666684
189.49999999999352,186.71425446748486,0.09999999999999432,0.1,-5.689893001203927e-15,0.0,6,2,234,76,49.81151911986609,55.889161735313145,29.366666666666845
189.5999999999935,186.81425446748486,0.09999999999999432,0.1,-5.689893001203927e-15,0.0,6,2,234,76,49.62660822706301,55.789161735313144,29.466666666666843
189.6999999999935,186.91425446748485,0.09999999999999432,0.1,-5.689893001203927e-15,0.0,6,2,234,76,49.44272381079662,55.68916173531314,29.566666666666844
189.7999999999935,187.01425446748485,0.09999999999999432,0.1,-5.689893001203927e-15,0.0,6,2,235,76,49.256170838092665,55.58916173531314,29.666666666666845
189.8999999999935,187.11425446748484,0.09999999999999432,0.1,-5.689893001203927e-15,0.0,6,2,234,76,49.061018369727215,55.48916173531314,29.766666666666847
189.9999999999935,187.21425446748484,0.09999999999999432,0.1,-5.689893001203927e-15,0.0,6,2,234,77,48.875609759421785,55.38916173531314,29.86666666666685
190.09999999999349,187.31425446748483,0.09999999999999432,0.1,-5.689893001203927e-15,0.0,6,2,232,78,48.69092831447427,55.28916173531314,29.96666666666685
190.19999999999348,187.41425446748482,0.09999999999999432,0.1,-5.689893001203927e-15,0.0,6,2,234,78,48.50617630267919,55.189161735313135,30.06666666666685
190.29999999999347,187.51425446748482,0.09999999999999432,0.1,-5.689893001203927e-15,0.0,6,2,235,78,48.32214275325409,55.089161735313134,30.166666666666853
190.39999999999347,187.6142544674848,0.09999999999999432,0.1,-5.689893001203927e-15,0.0,6,2,235,78,48.136682504544034,54.98916173531313,30.26666666666685
190.49999999999346,187.7142544674848,0.09999999999999432,0.1,-5.689893001203927e-15,0.0,6,2,234,78,47.94952926899489,54.88916173531313,30.366666666666855
190.59999999999346,187.8142544674848,0.09999999999999432,0.1,-5.689893001203927e-15,0.0,6,2,233,78,47.764408551569794,54.78916173531313,30.466666666666853
190.69999999999345,187.9142544674848,0.09999999999999432,0.1,-5.689893001203927e-15,0.0,6,2,233,78,47.57766580190906,54.68916173531313,30.56666666666686
190.79999999999345,188.0142544674848,0.09999999999999432,0.1,-5.689893001203927e-15,0.0,6,2,232,78,47.39075993355815,54.58916173531313,30.666666666666856
190.89999999999344,188.11425446748478,0.09999999999999432,0.1,-5.689893001203927e-15,0.0,6,2,231,77,47.19684835833717,54.489161735313125,30.76666666666686
190.99999999999343,188.21425446748478,0.09999999999999432,0.1,-5.689893001203927e-15,0.0,6,2,231,77,47.000771433300876,54.389161735313124,30.86666666666686
191.09999999999343,188.31425446748477,0.09999999999999432,0.1,-5.689893001203927e-15,0.0,6,2,233,77,46.80891737805778,54.28916173531312,30.966666666666857
191.19999999999342,188.41425446748477,0.09999999999999432,0.1,-5.689893001203927e-15,0.0,6,2,233,78,46.61031170613192,54.18916173531312,31.066666666666862
191.29999999999342,188.51425446748476,0.09999999999999432,0.1,-5.689893001203927e-15,0.0,6,2,233,79,46.42096041400415,54.08916173531312,31.16666666666686
191.3999999999934,188.61425446748476,0.09999999999999432,0.1,-5.689893001203927e-15,0.0,6,2,233,79,46.23762708067082,53.98916173531312,31.266666666666865
191.4999999999934,188.71425446748475,0.09999999999999432,0.1,-5.689893001203927e-15,0.0,6,2,233,79,46.05429374733748,53.88916173531312,31.366666666666863
191.5999999999934,188.81425446748474,0.09999999999999432,0.1,-5.689893001203927e-15,0.0,6,2,235,79,45.87096041400415,53.789161735313115,31.466666666666868
191.6999999999934,188.91425446748474,0.09999999999999432,0.1,-5.689893001203927e-15,0.0,6,2,236,79,45.687627080670815,53.689161735313114,31.566666666666865
191.7999999999934,189.01425446748473,0.09999999999999432,0.1,-5.689893001203927e-15,0.0,6,2,237,79,45.50429374733748,53.58916173531311,31.66666666666687
191.89999999999338,189.11425446748473,0.09999999999999432,0.1,-5.689893001203927e-15,0.0,6,2,236,79,45.320960414004155,53.48916173531311,31.76666666666687
191.99999999999338,189.21425446748472,0.09999999999999432,0.1,-5.689893001203927e-15,0.0,6,2,235,79,45.13762708067082,53.38916173531311,31.86666666666687
192.09999999999337,189.31425446748472,0.09999999999999432,0.1,-5.689893001203927e-15,0.0,6,2,235,79,44.95429374733749,53.28916173531311,31.96666666666687
192.19999999999337,189.4142544674847,0.09999999999999432,0.1,-5.689893001203927e-15,0.0,6,2,236,79,44.77096041400415,53.18916173531311,32.06666666666687
192.29999999999336,189.5142544674847,0.09999999999999432,0.1,-5.689893001203927e-15,0.0,6,2,236,79,44.58762708067081,53.089161735313105,32.16666666666688
192.39999999999336,189.6142544674847,0.09999999999999432,0.1,-5.689893001203927e-15,0.0,6,2,238,78,44.40429374733748,52.989161735313104,32.26666666666687
192.49999999999335,189.7142544674847,0.09999999999999432,0.1,-5.689893001203927e-15,0.0,6,2,238,79,44.220960414004146,52.8891617353131,32.36666666666688
192.59999999999334,189.8142544674847,0.09999999999999432,0.1,-5.689893001203927e-15,0.0,6,2,237,79,44.03762708067082,52.7891617353131,32.466666666666875
192.69999999999334,189.91425446748468,0.09999999999999432,0.1,-5.689893001203927e-15,0.0,6,2,235,79,43.854293747337486,52.6891617353131,32.56666666666688
192.79999999999333,190.01425446748468,0.09999999999999432,0.1,-5.689893001203927e-15,0.0,6,2,236,79,43.67096041400415,52.5891617353131,32.66666666666688
192.89999999999333,190.11425446748467,0.09999999999999432,0.1,-5.689893001203927e-15,0.0,6,2,236,79,43.48762708067082,52.4891617353131,32.76666666666688
192.99999999999332,190.27425446748467,0.1599999999999966,0.1,0.059999999999996584,0.0,6,2,234,79,53.304293747337546,52.389161735313095,32.86666666666688
193.09999999999332,190.37425446748466,0.09999999999999432,0.1,-5.689893001203927e-15,0.0,6,2,235,79,53.14852697782675,52.289161735313094,32.96666666666688
193.1999999999933,190.47425446748466,0.09999999999999432,0.1,-5.689893001203927e-15,0.0,6,2,235,79,52.927536279801195,52.18916173531309,33.06666666666688
193.2999999999933,190.57425446748465,0.09999999999999432,0.1,-5.689893001203927e-15,0.0,6,2,235,79,52.74420294646787,52.08916173531309,33.166666666666885
193.3999999999933,190.67425446748464,0.09999999999999432,0.1,-5.689893001203927e-15,0.0,6,2,235,78,52.560869613134535,51.98916173531309,33.266666666666886
193.4999999999933,190.77425446748464,0.09999999999999432,0.1,-5.689893001203927e-15,0.0,6,2,236,78,52.392984728251825,51.88916173531309,33.36666666666689
193.5999999999933,190.87425446748463,0.09999999999999432,0.1,-5.689893001203927e-15,0.0,6,2,237,78,52.29298472825183,51.78916173531309,33.46666666666689
193.69999999999328,190.97425446748463,0.09999999999999432,0.1,-5.689893001203927e-15,0.0,6,2,237,78,52.19298472825182,51.689161735313085,33.56666666666689
193.79999999999328,191.07425446748462,0.09999999999999432,0.1,-5.689893001203927e-15,0.0,6,2,236,78,52.09298472825183,51.589161735313084,33.66666666666689
193.89999999999327,191.17425446748462,0.09999999999999432,0.1,-5.689893001203927e-15,0.0,6,2,237,78,51.99298472825183,51.48916173531308,33.76666666666689
193.99999999999326,191.2742544674846,0.09999999999999432,0.1,-5.689893001203927e-15,0.0,6,2,239,78,51.892984728251825,51.38916173531308,33.866666666666895
194.09999999999326,191.3742544674846,0.09999999999999432,0.1,-5.689893001203927e-15,0.0,6,2,239,77,51.79298472825183,51.28916173531308,33.966666666666896
194.19999999999325,191.4742544674846,0.09999999999999432,0.1,-5.689893001203927e-15,0.0,6,2,240,77,51.69298472825182,51.18916173531308,34.0666666666669
194.29999999999325,191.5742544674846,0.09999999999999432,0.1,-5.689893001203927e-15,0.0,6,2,240,77,51.59298472825183,51.08916173531308,34.16666666666689
194.39999999999324,191.6742544674846,0.09999999999999432,0.1,-5.689893001203927e-15,0.0,6,2,240,77,51.49298472825183,50.989161735313075,34.2666666666669
194.49999999999324,191.77425446748458,0.09999999999999432,0.1,-5.689893001203927e-15,0.0,6,2,240,77,51.392984728251825,50.889161735313074,34.366666666666895
194.59999999999323,191.87425446748458,0.09999999999999432,0.1,-5.689893001203927e-15,0.0,6,2,240,76,51.29298472825183,50.78916173531307,34.4666666666669
194.69999999999322,191.97425446748457,0.09999999999999432,0.1,-5.689893001203927e-15,0.0,6,2,240,76,51.19298472825182,50.68916173531307,34.5666666666669
194.79999999999322,192.07425446748456,0.09999999999999432,0.1,-5.689893001203927e-15,0.0,6,2,239,76,51.09298472825183,50.58916173531307,34.666666666666906
194.8999999999932,192.17425446748456,0.09999999999999432,0.1,-5.689893001203927e-15,0.0,6,2,238,76,50.99298472825183,50.48916173531307,34.7666666666669
194.9999999999932,192.27425446748455,0.09999999999999432,0.1,-5.689893001203927e-15,0.0,6,2,239,76,50.892984728251825,50.38916173531307,34.86666666666691
195.0999999999932,192.37425446748455,0.09999999999999432,0.1,-5.689893001203927e-15,0.0,6,2,239,75,50.79298472825183,50.289161735313066,34.9666666666669
195.1999999999932,192.47425446748454,0.09999999999999432,0.1,-5.689893001203927e-15,0.0,6,2,238,75,50.69298472825182,50.189161735313064,35.066666666666904
195.2999999999932,192.57425446748454,0.09999999999999432,0.1,-5.689893001203927e-15,0.0,6,2,238,75,50.59298472825183,50.08916173531306,35.166666666666906
195.39999999999318,192.67425446748453,0.09999999999999432,0.1,-5.689893001203927e-15,0.0,6,2,238,74,50.49298472825183,49.98916173531306,35.26666666666691
195.49999999999318,192.77425446748452,0.09999999999999432,0.1,-5.689893001203927e-15,0.0,6,2,237,73,50.392984728251825,49.88916173531306,35.36666666666691
195.59999999999317,192.87425446748452,0.09999999999999432,0.1,-5.689893001203927e-15,0.0,6,2,236,73,50.29298472825183,49.78916173531306,35.46666666666691
195.69999999999317,192.9742544674845,0.09999999999999432,0.1,-5.689893001203927e-15,0.0,6,2,236,73,50.19298472825182,49.68916173531306,35.56666666666691
195.79999999999316,193.0742544674845,0.09999999999999432,0.1,-5.689893001203927e-15,0.0,6,2,235,73,50.09298472825183,49.589161735313056,35.66666666666691
195.89999999999316,193.1742544674845,0.09999999999999432,0.1,-5.689893001203927e-15,0.0,6,2,234,73,49.99298472825183,49.489161735313054,35.766666666666914
195.99999999999315,193.2742544674845,0.09999999999999432,0.1,-5.689893001203927e-15,0.0,6,2,234,72,49.892984728251825,49.38916173531305,35.866666666666916
196.09999999999314,193.3742544674845,0.09999999999999432,0.1,-5.689893001203927e-15,0.0,6,2,234,72,49.79298472825183,49.28916173531305,35.96666666666692
196.19999999999314,193.47425446748449,0.09999999999999432,0.1,-5.689893001203927e-15,0.0,6,2,233,72,49.69298472825182,49.18916173531305,36.06666666666691
196.29999999999313,193.57425446748448,0.09999999999999432,0.1,-5.689893001203927e-15,0.0,6,2,234,72,49.59298472825183,49.08916173531305,36.16666666666691
196.39999999999313,193.67425446748447,0.09999999999999432,0.1,-5.689893001203927e-15,0.0,6,2,233,72,49.49298472825183,48.98916173531305,36.266666666666914
196.49999999999312,193.77425446748447,0.09999999999999432,0.1,-5.689893001203927e-15,0.0,6,2,233,72,49.392984728251825,48.889161735313046,36.366666666666916
196.59999999999312,193.87425446748446,0.09999999999999432,0.1,-5.689893001203927e-15,0.0,6,2,234,72,49.29298472825183,48.789161735313044,36.46666666666692
196.6999999999931,193.97425446748446,0.09999999999999432,0.1,-5.689893001203927e-15,0.0,6,2,234,72,49.19298472825182,48.68916173531304,36.56666666666691
196.7999999999931,194.07425446748445,0.09999999999999432,0.1,-5.689893001203927e-15,0.0,6,2,233,72,49.09298472825183,48.58916173531304,36.66666666666691
196.8999999999931,194.17425446748445,0.09999999999999432,0.1,-5.689893001203927e-15,0.0,6,2,232,72,48.99298472825183,48.48916173531304,36.766666666666914
196.9999999999931,194.27425446748444,0.09999999999999432,0.1,-5.689893001203927e-15,0.0,6,2,233,72,48.89298472825183,48.38916173531304,36.866666666666916
197.0999999999931,194.37425446748443,0.09999999999999432,0.1,-5.689893001203927e-15,0.0,6,2,235,72,48.79298472825183,48.28916173531304,36.96666666666692
197.19999999999308,194.47425446748443,0.09999999999999432,0.1,-5.689893001203927e-15,0.0,6,2,236,72,48.69298472825182,48.189161735313036,37.06666666666691
197.29999999999308,194.57425446748442,0.09999999999999432,0.1,-5.689893001203927e-15,0.0,6,2,236,72,48.59298472825183,48.089161735313034,37.16666666666691
197.39999999999307,194.67425446748442,0.09999999999999432,0.1,-5.689893001203927e-15,0.0,6,2,236,72,48.49298472825183,47.98916173531303,37.266666666666914
197.49999999999307,194.7742544674844,0.09999999999999432,0.1,-5.689893001203927e-15,0.0,6,2,237,73,48.39298472825183,47.88916173531303,37.36666666666691
197.59999999999306,194.8742544674844,0.09999999999999432,0.1,-5.689893001203927e-15,0.0,6,2,236,73,48.29298472825183,47.78916173531303,37.46666666666692
197.69999999999305,194.9742544674844,0.09999999999999432,0.1,-5.689893001203927e-15,0.0,6,2,237,74,48.19298472825182,47.68916173531303,37.56666666666691
197.79999999999305,195.0742544674844,0.09999999999999432,0.1,-5.689893001203927e-15,0.0,6,2,237,74,48.09298472825183,47.58916173531303,37.66666666666691
197.89999999999304,195.1742544674844,0.09999999999999432,0.1,-5.689893001203927e-15,0.0,6,2,238,74,47.99298472825183,47.489161735313026,37.766666666666914
197.99999999999304,195.27425446748438,0.09999999999999432,0.1,-5.689893001203927e-15,0.0,6,2,237,75,47.89298472825183,47.389161735313024,37.86666666666691
198.09999999999303,195.37425446748438,0.09999999999999432,0.1,-5.689893001203927e-15,0.0,6,2,238,75,47.79298472825183,47.28916173531302,37.96666666666692
198.19999999999303,195.47425446748437,0.09999999999999432,0.1,-5.689893001203927e-15,0.0,6,2,238,74,47.69298472825182,47.18916173531302,38.06666666666691
198.29999999999302,195.57425446748437,0.09999999999999432,0.1,-5.689893001203927e-15,0.0,6,2,238,75,47.59298472825183,47.08916173531302,38.16666666666691
198.399999999993,195.67425446748436,0.09999999999999432,0.1,-5.689893001203927e-15,0.0,6,2,238,75,47.49298472825183,46.98916173531302,38.266666666666914
198.499999999993,195.77425446748435,0.09999999999999432,0.1,-5.689893001203927e-15,0.0,6,2,237,75,47.39298472825183,46.88916173531302,38.36666666666691
198.599999999993,195.87425446748435,0.09999999999999432,0.1,-5.689893001203927e-15,0.0,6,2,238,75,47.29298472825183,46.789161735313016,38.46666666666692
198.699999999993,195.97425446748434,0.09999999999999432,0.1,-5.689893001203927e-15,0.0,6,2,237,75,47.19298472825182,46.689161735313014,38.56666666666691
198.799999999993,196.07425446748434,0.09999999999999432,0.1,-5.689893001203927e-15,0.0,6,2,237,75,47.09298472825183,46.58916173531301,38.66666666666691
198.89999999999299,196.17425446748433,0.09999999999999432,0.1,-5.689893001203927e-15,0.0,6,2,237,74,46.99298472825183,46.48916173531301,38.766666666666914
198.99999999999298,196.27425446748433,0.09999999999999432,0.1,-5.689893001203927e-15,0.0,6,2,237,74,46.89298472825183,46.38916173531301,38.86666666666691
199.09999999999297,196.37425446748432,0.09999999999999432,0.1,-5.689893001203927e-15,0.0,6,2,237,74,46.57580855811261,45.74183886468171,38.96666666666692
199.19999999999297,196.4952544674843,0.1209999999999809,0.1,0.020999999999980895,0.0,6,2,236,73,49.803883794709144,45.11029028426084,39.06666666666691
199.29999999999296,196.5952544674843,0.09999999999999432,0.1,-5.689893001203927e-15,0.0,6,2,237,73,49.574821533760485,44.499316955622774,39.16666666666691
199.39999999999296,196.6952544674843,0.09999999999999432,0.1,-5.689893001203927e-15,0.0,6,2,236,73,49.285205561266366,43.8920014031974,39.266666666666914
199.49999999999295,196.8552544674843,0.1599999999999966,0.1,0.059999999999996584,0.0,6,2,234,74,59.09126189839363,43.792001403197396,39.36666666666691
199.59999999999295,196.95525446748428,0.09999999999999432,0.1,-5.689893001203927e-15,0.0,7,2,235,75,46.890282226428496,43.692001403197395,33.842857142857355
199.69999999999294,197.05525446748427,0.09999999999999432,0.1,-5.689893001203927e-15,0.0,7,2,235,75,46.632316365661175,43.59200140319739,33.942857142857356
199.79999999999293,197.15525446748427,0.09999999999999432,0.1,-5.689893001203927e-15,0.0,7,2,234,75,46.37857338656212,43.49200140319739,34.04285714285736
199.89999999999293,197.25525446748426,0.09999999999999432,0.1,-5.689893001203927e-15,0.0,7,2,233,75,46.13063191453998,43.39200140319739,34.14285714285735
199.99999999999292,197.35525446748426,0.09999999999999432,0.1,-5.689893001203927e-15,0.0,7,2,233,75,45.87904982252291,43.29200140319739,34.24285714285735
200.09999999999292,197.45525446748425,0.09999999999999432,0.1,-5.689893001203927e-15,0.0,7,2,234,75,45.63140368977978,43.19200140319739,34.342857142857355
200.1999999999929,197.55525446748425,0.09999999999999432,0.1,-5.689893001203927e-15,0.0,7,2,234,75,45.38516467739971,43.092001403197386,34.442857142857356
200.2999999999929,197.65525446748424,0.09999999999999432,0.1,-5.689893001203927e-15,0.0,7,2,233,75,45.1162979101389,42.992001403197385,34.54285714285736
200.3999999999929,197.75525446748424,0.09999999999999432,0.1,-5.689893001203927e-15,0.0,7,2,234,75,44.873236407382095,42.89200140319738,34.64285714285736
200.4999999999929,197.85525446748423,0.09999999999999432,0.1,-5.689893001203927e-15,0.0,7,2,233,75,44.62979978813718,42.79200140319738,34.74285714285735
200.5999999999929,198.01525446748423,0.1599999999999966,0.1,0.059999999999996584,0.0,7,2,232,75,52.95755166792511,42.69200140319738,34.842857142857355
200.69999999999288,198.11525446748422,0.09999999999999432,0.1,-5.689893001203927e-15,0.0,7,2,232,74,52.712894641678346,42.59200140319738,34.942857142857356
200.79999999999288,198.21525446748421,0.09999999999999432,0.1,-5.689893001203927e-15,0.0,7,2,232,74,52.46546442994505,42.49200140319738,35.04285714285736
200.89999999999287,198.3152544674842,0.09999999999999432,0.1,-5.689893001203927e-15,0.0,7,2,230,74,52.22218977254482,42.392001403197376,35.14285714285736
200.99999999999287,198.4152544674842,0.09999999999999432,0.1,-5.689893001203927e-15,0.0,7,2,230,74,51.97638715111025,42.292001403197375,35.24285714285735
201.09999999999286,198.5152544674842,0.09999999999999432,0.1,-5.689893001203927e-15,0.0,7,2,229,74,51.73051938792986,42.192001403197374,35.34285714285736
201.19999999999285,198.6152544674842,0.09999999999999432,0.1,-5.689893001203927e-15,0.0,7,2,229,73,51.48503579131225,42.09200140319737,35.442857142857356
201.29999999999285,198.7152544674842,0.09999999999999432,0.1,-5.689893001203927e-15,0.0,7,2,228,73,51.24120091903563,41.99200140319737,35.54285714285736
201.39999999999284,198.81525446748418,0.09999999999999432,0.1,-5.689893001203927e-15,0.0,7,2,227,72,50.997487891253506,41.89200140319737,35.64285714285736
201.49999999999284,198.91525446748417,0.09999999999999432,0.1,-5.689893001203927e-15,0.0,7,2,227,73,50.751318120369504,41.79200140319737,35.74285714285736
201.59999999999283,199.01525446748417,0.09999999999999432,0.1,-5.689893001203927e-15,0.0,7,2,225,73,50.50694363003443,41.69200140319737,35.84285714285736
201.69999999999283,199.11525446748416,0.09999999999999432,0.1,-5.689893001203927e-15,0.0,7,2,225,73,50.26173626883197,41.592001403197365,35.942857142857356
201.79999999999282,199.21525446748416,0.09999999999999432,0.1,-5.689893001203927e-15,0.0,7,2,225,73,50.018586034693094,41.492001403197364,36.04285714285736
201.89999999999281,199.31525446748415,0.09999999999999432,0.1,-5.689893001203927e-15,0.0,7,2,225,73,49.77561346161116,41.39200140319736,36.14285714285736
201.9999999999928,199.41525446748415,0.09999999999999432,0.1,-5.689893001203927e-15,0.0,7,2,225,73,49.53204324473144,41.29200140319736,36.24285714285736
202.0999999999928,199.51525446748414,0.09999999999999432,0.1,-5.689893001203927e-15,0.0,7,2,225,73,49.2816423432259,41.19200140319736,36.34285714285736
202.1999999999928,199.61525446748414,0.09999999999999432,0.1,-5.689893001203927e-15,0.0,7,2,225,72,49.03122063301051,41.09200140319736,36.44285714285736
202.2999999999928,199.71525446748413,0.09999999999999432,0.1,-5.689893001203927e-15,0.0,7,2,225,72,48.769357417980096,40.99200140319736,36.54285714285736
202.3999999999928,199.81525446748412,0.09999999999999432,0.1,-5.689893001203927e-15,0.0,7,2,225,72,48.51521569659351,40.892001403197355,36.64285714285736
202.49999999999278,199.91525446748412,0.09999999999999432,0.1,-5.689893001203927e-15,0.0,7,2,224,73,48.26326398555968,40.792001403197354,36.74285714285736
202.59999999999278,200.0152544674841,0.09999999999999432,0.1,-5.689893001203927e-15,0.0,7,2,223,73,48.007197275518585,40.69200140319735,36.84285714285736
202.69999999999277,200.1152544674841,0.09999999999999432,0.1,-5.689893001203927e-15,0.0,7,2,223,74,47.75524556448476,40.59200140319735,36.942857142857356
202.79999999999276,200.2152544674841,0.09999999999999432,0.1,-5.689893001203927e-15,0.0,7,2,225,74,47.51890289290172,40.49200140319735,37.042857142857365
202.89999999999276,200.3152544674841,0.09999999999999432,0.1,-5.689893001203927e-15,0.0,7,2,224,73,47.309847649623116,40.39200140319735,37.14285714285736
202.99999999999275,200.4152544674841,0.09999999999999432,0.1,-5.689893001203927e-15,0.0,6,2,225,72,54.998415974313986,51.56826979080052,34.266666666666836
203.09999999999275,200.51525446748408,0.09999999999999432,0.1,-5.689893001203927e-15,0.0,6,2,225,72,54.776682339310646,51.46826979080052,34.36666666666684
203.19999999999274,200.61525446748408,0.09999999999999432,0.1,-5.689893001203927e-15,0.0,6,2,226,72,54.569885198051935,51.36826979080052,34.46666666666683
203.29999999999274,200.77525446748407,0.1599999999999966,0.1,0.059999999999996584,0.0,6,2,226,72,64.35056028738639,51.26826979080052,34.56666666666684
203.39999999999273,200.87525446748407,0.09999999999999432,0.1,-5.689893001203927e-15,0.0,7,2,226,72,51.406786048904564,51.168269790800515,29.728571428571573
203.49999999999272,200.97525446748406,0.09999999999999432,0.1,-5.689893001203927e-15,0.0,7,2,226,72,51.12219559951209,51.068269790800514,29.82857142857157
203.59999999999272,201.07525446748406,0.09999999999999432,0.1,-5.689893001203927e-15,0.0,7,2,227,71,50.85932873973267,50.96826979080051,29.928571428571576
203.6999999999927,201.17525446748405,0.09999999999999432,0.1,-5.689893001203927e-15,0.0,7,2,226,72,50.58578142022526,50.86826979080051,30.028571428571574
203.7999999999927,201.31465446748405,0.13939999999999486,0.1,0.039399999999994856,0.0,7,2,226,72,55.951536654310395,50.76826979080051,30.128571428571576
203.8999999999927,201.41465446748404,0.09999999999999432,0.1,-5.689893001203927e-15,0.0,7,2,226,71,55.69326848870207,50.66826979080051,30.228571428571573
203.9999999999927,201.51465446748404,0.09999999999999432,0.1,-5.689893001203927e-15,0.0,7,2,228,71,55.41838163572709,50.56826979080051,30.32857142857157
204.0999999999927,201.61465446748403,0.09999999999999432,0.1,-5.689893001203927e-15,0.0,7,2,228,71,55.14499242252813,50.468269790800505,30.428571428571576
204.19999999999268,201.71465446748402,0.09999999999999432,0.1,-5.689893001203927e-15,0.0,7,2,227,71,54.88227677751995,50.368269790800504,30.528571428571574
204.29999999999268,201.81465446748402,0.09999999999999432,0.1,-5.689893001203927e-15,0.0,7,2,227,71,54.6089660075706,50.2682697908005,30.628571428571576
204.39999999999267,201.914654467484,0.09999999999999432,0.1,-5.689893001203927e-15,0.0,7,2,227,71,54.402723548956295,50.1682697908005,30.728571428571573
204.49999999999267,202.014654467484,0.09999999999999432,0.1,-5.689893001203927e-15,0.0,7,2,226,71,54.20091938987167,50.0682697908005,30.82857142857157
204.59999999999266,202.114654467484,0.09999999999999432,0.1,-5.689893001203927e-15,0.0,7,2,226,71,54.05140223171277,49.9682697908005,30.928571428571576
204.69999999999266,202.214654467484,0.09999999999999432,0.1,-5.689893001203927e-15,0.0,7,2,227,71,53.92110428175821,49.8682697908005,31.028571428571574
204.79999999999265,202.314654467484,0.09999999999999432,0.1,-5.689893001203927e-15,0.0,7,2,227,71,53.80139467109029,49.768269790800495,31.128571428571576
204.89999999999264,202.41465446748398,0.09999999999999432,0.1,-5.689893001203927e-15,0.0,7,2,229,71,53.671173959170616,49.668269790800494,31.228571428571573
204.99999999999264,202.51465446748398,0.09999999999999432,0.1,-5.689893001203927e-15,0.0,7,2,228,70,53.55151346889627,49.56826979080049,31.32857142857157
205.09999999999263,202.61465446748397,0.09999999999999432,0.1,-5.689893001203927e-15,0.0,7,2,228,70,53.42136959740228,49.46826979080049,31.428571428571576
205.19999999999263,202.71465446748397,0.09999999999999432,0.1,-5.689893001203927e-15,0.0,7,2,228,69,53.301757974657505,49.36826979080049,31.528571428571574
205.29999999999262,202.81465446748396,0.09999999999999432,0.1,-5.689893001203927e-15,0.0,7,2,229,69,53.171690548026845,49.26826979080049,31.628571428571572
205.39999999999262,202.91465446748396,0.09999999999999432,0.1,-5.689893001203927e-15,0.0,7,2,229,69,53.05212754124931,49.16826979080049,31.728571428571573
205.4999999999926,203.01465446748395,0.09999999999999432,0.1,-5.689893001203927e-15,0.0,7,2,228,69,52.92213616595591,49.068269790800485,31.82857142857157
205.5999999999926,203.11465446748394,0.09999999999999432,0.1,-5.689893001203927e-15,0.0,7,2,228,69,52.802621524878305,48.968269790800484,31.928571428571576
205.6999999999926,203.21465446748394,0.09999999999999432,0.1,-5.689893001203927e-15,0.0,7,2,227,69,52.67270580942191,48.86826979080048,32.028571428571574
205.7999999999926,203.31465446748393,0.09999999999999432,0.1,-5.689893001203927e-15,0.0,7,2,228,69,52.55323928506527,48.76826979080048,32.12857142857157
205.8999999999926,203.41465446748393,0.09999999999999432,0.1,-5.689893001203927e-15,0.0,7,2,227,69,52.423398839961,48.66826979080048,32.22857142857158
205.99999999999258,203.51465446748392,0.09999999999999432,0.1,-5.689893001203927e-15,0.0,7,2,227,70,52.30398018462806,48.56826979080048,32.32857142857157
206.09999999999258,203.61465446748392,0.09999999999999432,0.1,-5.689893001203927e-15,0.0,7,2,226,70,52.17421462239606,48.46826979080048,32.42857142857157
206.19999999999257,203.7146544674839,0.09999999999999432,0.1,-5.689893001203927e-15,0.0,7,2,226,70,52.054843589664635,48.368269790800476,32.528571428571574
206.29999999999256,203.8146544674839,0.09999999999999432,0.1,-5.689893001203927e-15,0.0,7,2,226,70,51.9251525248197,48.268269790800474,32.62857142857157
206.39999999999256,203.9146544674839,0.09999999999999432,0.1,-5.689893001203927e-15,0.0,7,2,226,70,51.80582886953619,48.16826979080047,32.72857142857158
206.49999999999255,204.0146544674839,0.09999999999999432,0.1,-5.689893001203927e-15,0.0,7,2,225,71,51.67621191857757,48.06826979080047,32.82857142857157
206.59999999999255,204.1146544674839,0.09999999999999432,0.1,-5.689893001203927e-15,0.0,7,2,225,72,51.556935396850356,47.96826979080047,32.92857142857157
206.69999999999254,204.21465446748388,0.09999999999999432,0.1,-5.689893001203927e-15,0.0,7,2,225,72,51.42739217825148,47.86826979080047,33.028571428571574
206.79999999999254,204.31465446748388,0.09999999999999432,0.1,-5.689893001203927e-15,0.0,7,2,224,72,51.30816254744447,47.76826979080047,33.12857142857157
206.89999999999253,204.41465446748387,0.09999999999999432,0.1,-5.689893001203927e-15,0.0,7,2,224,72,51.178692681642815,47.668269790800466,33.22857142857158
206.99999999999253,204.51465446748387,0.09999999999999432,0.1,-5.689893001203927e-15,0.0,7,2,224,71,51.05950970036896,47.568269790800464,33.32857142857157
207.09999999999252,204.61465446748386,0.09999999999999432,0.1,-5.689893001203927e-15,0.0,7,2,226,70,50.930112809755926,47.46826979080046,33.42857142857157
207.1999999999925,204.71465446748385,0.09999999999999432,0.1,-5.689893001203927e-15,0.0,7,2,227,71,50.81097623787081,47.36826979080046,33.528571428571574
207.2999999999925,204.81465446748385,0.09999999999999432,0.1,-5.689893001203927e-15,0.0,7,2,227,71,50.681651946781656,47.26826979080046,33.62857142857157
207.3999999999925,204.91465446748384,0.09999999999999432,0.1,-5.689893001203927e-15,0.0,7,2,227,71,50.56256154537709,47.16826979080046,33.72857142857158
207.4999999999925,205.01465446748384,0.09999999999999432,0.1,-5.689893001203927e-15,0.0,7,2,226,71,50.43330948008096,47.06826979080046,33.82857142857157
207.5999999999925,205.11465446748383,0.09999999999999432,0.1,-5.689893001203927e-15,0.0,7,2,226,72,50.31426501147861,46.968269790800456,33.92857142857157
207.69999999999249,205.21465446748383,0.09999999999999432,0.1,-5.689893001203927e-15,0.0,7,2,226,73,50.18615767130509,46.868269790800454,34.028571428571574
207.79999999999248,205.31465446748382,0.09999999999999432,0.1,-5.689893001203927e-15,0.0,7,2,225,73,50.066579375685095,46.76826979080045,34.12857142857157
207.89999999999247,205.4146544674838,0.09999999999999432,0.1,-5.689893001203927e-15,0.0,7,2,225,73,49.93758215424973,46.66826979080045,34.22857142857157
207.99999999999247,205.5146544674838,0.09999999999999432,0.1,-5.689893001203927e-15,0.0,7,2,225,73,49.81743792867193,46.56826979080045,34.32857142857157
208.09999999999246,205.6146544674838,0.09999999999999432,0.1,-5.689893001203927e-15,0.0,7,2,224,72,49.68653733631453,46.46826979080045,34.42857142857157
208.19999999999246,205.7146544674838,0.09999999999999432,0.1,-5.689893001203927e-15,0.0,7,2,224,72,49.566444468459125,46.36826979080045,34.528571428571574
208.29999999999245,205.8146544674838,0.09999999999999432,0.1,-5.689893001203927e-15,0.0,7,2,225,72,49.43562421644439,46.268269790800446,34.62857142857157
208.39999999999245,205.91465446748379,0.09999999999999432,0.1,-5.689893001203927e-15,0.0,7,2,225,72,49.315582441929955,46.168269790800444,34.72857142857157
208.49999999999244,206.01465446748378,0.09999999999999432,0.1,-5.689893001203927e-15,0.0,7,2,225,72,49.184842116678496,46.06826979080044,34.82857142857157
208.59999999999243,206.11465446748377,0.09999999999999432,0.1,-5.689893001203927e-15,0.0,7,2,226,72,49.06485117248459,45.96826979080044,34.92857142857157
208.69999999999243,206.21465446748377,0.09999999999999432,0.1,-5.689893001203927e-15,0.0,7,2,225,72,48.934190362546076,45.86826979080044,35.028571428571574
208.79999999999242,206.31465446748376,0.09999999999999432,0.1,-5.689893001203927e-15,0.0,7,2,225,72,48.81424998700625,45.76826979080044,35.12857142857157
208.89999999999242,206.41465446748376,0.09999999999999432,0.1,-5.689893001203927e-15,0.0,7,2,225,72,48.683668283048426,45.66826979080044,35.22857142857157
208.9999999999924,206.51465446748375,0.09999999999999432,0.1,-5.689893001203927e-15,0.0,7,2,224,72,48.56377821584324,45.568269790800436,35.32857142857157
209.0999999999924,206.61465446748375,0.09999999999999432,0.1,-5.689893001203927e-15,0.0,7,2,224,72,48.433275210641035,45.468269790800434,35.42857142857157
209.1999999999924,206.71465446748374,0.09999999999999432,0.1,-5.689893001203927e-15,0.0,7,2,223,72,48.31343519279114,45.36826979080043,35.52857142857157
209.2999999999924,206.81465446748373,0.09999999999999432,0.1,-5.689893001203927e-15,0.0,7,2,224,71,48.183010481215796,45.26826979080043,35.62857142857157
209.3999999999924,206.91465446748373,0.09999999999999432,0.1,-5.689893001203927e-15,0.0,7,2,225,71,48.063220255075024,45.16826979080043,35.72857142857157
209.49999999999238,207.01465446748372,0.09999999999999432,0.1,-5.689893001203927e-15,0.0,7,2,225,72,47.932873434083334,45.06826979080043,35.82857142857157
209.59999999999238,207.11465446748372,0.09999999999999432,0.1,-5.689893001203927e-15,0.0,7,2,224,72,47.81313274333185,44.96826979080043,35.92857142857157
209.69999999999237,207.2146544674837,0.09999999999999432,0.1,-5.689893001203927e-15,0.0,7,2,223,72,47.6828634119554,44.868269790800426,36.02857142857157
209.79999999999237,207.3146544674837,0.09999999999999432,0.1,-5.689893001203927e-15,0.0,7,2,224,72,47.563172001592854,44.768269790800424,36.12857142857157
209.89999999999236,207.4146544674837,0.09999999999999432,0.1,-5.689893001203927e-15,0.0,7,2,223,71,47.43297976092737,44.66826979080042,36.22857142857157
209.99999999999235,207.5146544674837,0.09999999999999432,0.1,-5.689893001203927e-15,0.0,7,2,224,72,47.3133373772661,44.56826979080042,36.32857142857157
210.09999999999235,207.6146544674837,0.09999999999999432,0.1,-5.689893001203927e-15,0.0,7,2,224,72,47.183221830460795,44.46826979080042,36.42857142857157
210.19999999999234,207.71465446748368,0.09999999999999432,0.1,-5.689893001203927e-15,0.0,7,2,224,72,47.063628221119096,44.36826979080042,36.52857142857157
210.29999999999234,207.81465446748368,0.09999999999999432,0.1,-5.689893001203927e-15,0.0,7,2,225,72,46.933588973366106,44.26826979080042,36.62857142857157
210.39999999999233,207.91465446748367,0.09999999999999432,0.1,-5.689893001203927e-15,0.0,7,2,225,72,46.81404388726151,44.168269790800416,36.72857142857157
210.49999999999233,208.01465446748367,0.09999999999999432,0.1,-5.689893001203927e-15,0.0,7,2,227,72,46.68408054578537,44.068269790800414,36.82857142857157
210.59999999999232,208.11465446748366,0.09999999999999432,0.1,-5.689893001203927e-15,0.0,7,2,227,71,46.56458373312792,43.96826979080041,36.928571428571566
210.69999999999231,208.21465446748365,0.09999999999999432,0.1,-5.689893001203927e-15,0.0,7,2,226,72,46.434695907175126,43.86826979080041,37.02857142857157
210.7999999999923,208.31465446748365,0.09999999999999432,0.1,-5.689893001203927e-15,0.0,7,2,225,72,46.31524711946076,43.76826979080041,37.12857142857157
210.8999999999923,208.41465446748364,0.09999999999999432,0.1,-5.689893001203927e-15,0.0,7,2,225,72,46.18543442028933,43.66826979080041,37.22857142857157
210.9999999999923,208.51465446748364,0.09999999999999432,0.1,-5.689893001203927e-15,0.0,7,2,224,72,46.06603341029322,43.56826979080041,37.32857142857157
211.0999999999923,208.61465446748363,0.09999999999999432,0.1,-5.689893001203927e-15,0.0,7,2,223,72,45.936295451162394,43.468269790800406,37.428571428571566
211.1999999999923,208.71465446748363,0.09999999999999432,0.1,-5.689893001203927e-15,0.0,7,2,223,72,45.8169419729324,43.368269790800404,37.52857142857157
211.29999999999228,208.81465446748362,0.09999999999999432,0.1,-5.689893001203927e-15,0.0,7,2,224,73,45.687278369092255,43.2682697908004,37.62857142857157
211.39999999999227,208.91465446748362,0.09999999999999432,0.1,-5.689893001203927e-15,0.0,7,2,223,73,45.567972177942366,43.1682697908004,37.72857142857157
211.49999999999227,209.0146544674836,0.09999999999999432,0.1,-5.689893001203927e-15,0.0,7,2,224,74,45.43838254662362,43.0682697908004,37.82857142857157
211.59999999999226,209.1146544674836,0.09999999999999432,0.1,-5.689893001203927e-15,0.0,7,2,225,74,45.31912339912743,42.9682697908004,37.928571428571566
211.69999999999226,209.2146544674836,0.09999999999999432,0.1,-5.689893001203927e-15,0.0,7,2,225,74,45.18960735953124,42.8682697908004,38.02857142857157
211.79999999999225,209.3146544674836,0.09999999999999432,0.1,-5.689893001203927e-15,0.0,7,2,224,75,45.07039501351546,42.768269790800396,38.12857142857157
211.89999999999225,209.4146544674836,0.09999999999999432,0.1,-5.689893001203927e-15,0.0,7,2,223,75,44.94095218680328,42.668269790800395,38.22857142857157
211.99999999999224,209.51465446748358,0.09999999999999432,0.1,-5.689893001203927e-15,0.0,7,2,223,75,44.82178640134129,42.56826979080039,38.32857142857157
212.09999999999224,209.61465446748358,0.09999999999999432,0.1,-5.689893001203927e-15,0.0,7,2,223,74,44.69241641062477,42.46826979080039,38.428571428571566
212.19999999999223,209.71465446748357,0.09999999999999432,0.1,-5.689893001203927e-15,0.0,7,2,224,75,44.573296946030204,42.36826979080039,38.52857142857157
212.29999999999222,209.81465446748356,0.09999999999999432,0.1,-5.689893001203927e-15,0.0,7,2,224,74,44.44399941636116,42.26826979080039,38.62857142857157
212.39999999999222,209.91465446748356,0.09999999999999432,0.1,-5.689893001203927e-15,0.0,7,2,222,74,44.32492603418151,42.16826979080039,38.72857142857157
212.4999999999922,210.01465446748355,0.09999999999999432,0.1,-5.689893001203927e-15,0.0,7,2,221,74,44.19677049552835,42.068269790800386,38.82857142857157
212.5999999999922,210.11465446748355,0.09999999999999432,0.1,-5.689893001203927e-15,0.0,7,2,219,74,44.07716154754525,41.968269790800385,38.928571428571566
212.6999999999922,210.21465446748354,0.09999999999999432,0.1,-5.689893001203927e-15,0.0,7,2,218,72,43.94811322910158,41.86826979080038,39.02857142857157
212.7999999999922,210.31465446748354,0.09999999999999432,0.1,-5.689893001203927e-15,0.0,7,2,219,73,43.8279365078089,41.76826979080038,39.12857142857156
212.8999999999922,210.41465446748353,0.09999999999999432,0.1,-5.689893001203927e-15,0.0,7,2,217,73,43.69698508148252,41.66826979080038,39.22857142857157
212.99999999999218,210.51465446748352,0.09999999999999432,0.1,-5.689893001203927e-15,0.0,7,2,218,73,43.57685988519504,41.56826979080038,39.32857142857157
213.09999999999218,210.61465446748352,0.09999999999999432,0.1,-5.689893001203927e-15,0.0,7,2,217,74,43.44598906089656,41.46826979080038,39.428571428571566
213.19999999999217,210.7146544674835,0.09999999999999432,0.1,-5.689893001203927e-15,0.0,7,2,217,73,43.325915124371704,41.368269790800376,39.52857142857157
213.29999999999217,210.8146544674835,0.09999999999999432,0.1,-5.689893001203927e-15,0.0,7,2,218,74,43.19512448717461,41.268269790800375,39.62857142857156
213.39999999999216,210.9146544674835,0.09999999999999432,0.1,-5.689893001203927e-15,0.0,7,2,218,74,43.07510154653524,41.16826979080037,39.72857142857157
213.49999999999216,211.0146544674835,0.09999999999999432,0.1,-5.689893001203927e-15,0.0,7,2,218,74,42.94439068364903,41.06826979080037,39.82857142857157
213.59999999999215,211.1146544674835,0.09999999999999432,0.1,-5.689893001203927e-15,0.0,7,2,218,74,42.82441847637637,40.96826979080037,39.928571428571566
213.69999999999214,211.21465446748348,0.09999999999999432,0.1,-5.689893001203927e-15,0.0,7,2,219,74,42.69378697713552,40.86826979080037,40.02857142857157
213.79999999999214,211.31465446748348,0.09999999999999432,0.1,-5.689893001203927e-15,0.0,7,2,219,74,42.57386524206223,40.76826979080037,40.12857142857156
213.89999999999213,211.41465446748347,0.09999999999999432,0.1,-5.689893001203927e-15,0.0,7,2,219,74,42.44331269791523,40.668269790800366,40.22857142857156
213.99999999999213,211.51465446748347,0.09999999999999432,0.1,-5.689893001203927e-15,0.0,7,2,220,74,42.323441175218406,40.568269790800365,40.32857142857157
214.09999999999212,211.61465446748346,0.09999999999999432,0.1,-5.689893001203927e-15,0.0,7,2,219,73,42.19296717971692,40.46826979080036,40.428571428571566
214.19999999999212,211.71465446748346,0.09999999999999432,0.1,-5.689893001203927e-15,0.0,7,2,219,73,42.0731456109112,40.36826979080036,40.52857142857157
214.2999999999921,211.81465446748345,0.09999999999999432,0.1,-5.689893001203927e-15,0.0,7,2,219,73,41.942749759699225,40.26826979080036,40.62857142857156
214.3999999999921,211.91465446748344,0.09999999999999432,0.1,-5.689893001203927e-15,0.0,7,2,218,73,41.82297788762987,40.16826979080036,40.72857142857156
214.4999999999921,212.01465446748344,0.09999999999999432,0.1,-5.689893001203927e-15,0.0,7,2,218,73,41.69265977843297,40.06826979080036,40.82857142857157
214.5999999999921,212.11465446748343,0.09999999999999432,0.1,-5.689893001203927e-15,0.0,7,2,218,73,41.57293734726903,39.968269790800356,40.928571428571566
214.6999999999921,212.21465446748343,0.09999999999999432,0.1,-5.689893001203927e-15,0.0,7,2,218,73,41.442696579883595,39.868269790800355,41.02857142857157
214.79999999999208,212.31465446748342,0.09999999999999432,0.1,-5.689893001203927e-15,0.0,7,2,219,73,41.323023335111124,39.76826979080035,41.12857142857156
214.89999999999208,212.41465446748342,0.09999999999999432,0.1,-5.689893001203927e-15,0.0,7,2,219,74,41.19285951139374,39.66826979080035,41.22857142857156
214.99999999999207,212.5146544674834,0.09999999999999432,0.1,-5.689893001203927e-15,0.0,7,2,220,74,41.07323519980897,39.56826979080035,41.32857142857157
215.09999999999206,212.6146544674834,0.09999999999999432,0.1,-5.689893001203927e-15,0.0,7,2,221,74,40.94314792366581,39.46826979080035,41.428571428571566
215.19999999999206,212.7146544674834,0.09999999999999432,0.1,-5.689893001203927e-15,0.0,7,2,221,74,40.82357229336843,39.36826979080035,41.52857142857157
215.29999999999205,212.8146544674834,0.09999999999999432,0.1,-5.689893001203927e-15,0.0,7,2,221,74,40.69356117074468,39.268269790800346,41.62857142857156
215.39999999999205,212.9146544674834,0.09999999999999432,0.1,-5.689893001203927e-15,0.0,7,2,221,74,40.57403397113112,39.168269790800345,41.72857142857156
215.49999999999204,213.01465446748338,0.09999999999999432,0.1,-5.689893001203927e-15,0.0,7,2,220,73,40.4440986100005,39.06826979080034,41.82857142857157
215.59999999999204,213.11465446748338,0.09999999999999432,0.1,-5.689893001203927e-15,0.0,7,2,219,73,40.324619591757255,38.96826979080034,41.928571428571566
215.69999999999203,213.21465446748337,0.09999999999999432,0.1,-5.689893001203927e-15,0.0,7,2,218,73,40.1947596021116,38.86826979080034,42.02857142857157
215.79999999999202,213.31465446748336,0.09999999999999432,0.1,-5.689893001203927e-15,0.0,7,2,218,73,40.075328517208604,38.76826979080034,42.12857142857156
215.89999999999202,213.41465446748336,0.09999999999999432,0.1,-5.689893001203927e-15,0.0,7,2,217,71,39.94554351104741,38.66826979080034,42.22857142857156
215.999999999992,213.51465446748335,0.09999999999999432,0.1,-5.689893001203927e-15,0.0,7,2,217,70,39.82616011273141,38.568269790800336,42.32857142857157
216.099999999992,213.61465446748335,0.09999999999999432,0.1,-5.689893001203927e-15,0.0,7,2,216,70,39.69644970405157,38.468269790800335,42.428571428571566
216.199999999992,213.71465446748334,0.09999999999999432,0.1,-5.689893001203927e-15,0.0,7,2,217,71,39.57711374683953,38.36826979080033,42.52857142857157
216.299999999992,213.81465446748334,0.09999999999999432,0.1,-5.689893001203927e-15,0.0,7,2,217,71,39.447477551625006,38.26826979080033,42.62857142857156
216.399999999992,213.91465446748333,0.09999999999999432,0.1,-5.689893001203927e-15,0.0,7,2,217,71,39.32818879129765,38.16826979080033,42.72857142857156
216.49999999999199,214.01465446748333,0.09999999999999432,0.1,-5.689893001203927e-15,0.0,7,2,218,71,39.19862642750926,38.06826979080033,42.82857142857157
216.59999999999198,214.11465446748332,0.09999999999999432,0.1,-5.689893001203927e-15,0.0,7,2,217,71,39.07938462110449,37.96826979080033,42.928571428571566
216.69999999999197,214.2146544674833,0.09999999999999432,0.1,-5.689893001203927e-15,0.0,7,2,217,71,38.949895708669715,37.868269790800326,43.02857142857157
216.79999999999197,214.3146544674833,0.09999999999999432,0.1,-5.689893001203927e-15,0.0,7,2,217,71,38.83070061447615,37.768269790800325,43.12857142857156
216.89999999999196,214.4146544674833,0.09999999999999432,0.1,-5.689893001203927e-15,0.0,7,2,217,71,38.701284775279056,37.66826979080032,43.22857142857157
216.99999999999196,214.5146544674833,0.09999999999999432,0.1,-5.689893001203927e-15,0.0,7,2,218,71,38.58213615282963,37.56826979080032,43.32857142857157
217.09999999999195,214.6146544674833,0.09999999999999432,0.1,-5.689893001203927e-15,0.0,7,2,218,71,38.45279301070074,37.46826979080032,43.428571428571566
217.19999999999195,214.71465446748329,0.09999999999999432,0.1,-5.689893001203927e-15,0.0,7,2,218,71,38.333690620766255,37.36826979080032,43.52857142857157
217.29999999999194,214.81465446748328,0.09999999999999432,0.1,-5.689893001203927e-15,0.0,7,2,218,71,38.205486726640956,37.26826979080032,43.62857142857156
217.39999999999193,214.91465446748327,0.09999999999999432,0.1,-5.689893001203927e-15,0.0,7,2,217,72,38.08584702645362,37.168269790800316,43.72857142857157
217.49999999999193,215.01465446748327,0.09999999999999432,0.1,-5.689893001203927e-15,0.0,7,2,217,72,37.95674744456805,37.068269790800315,43.82857142857157
217.59999999999192,215.11465446748326,0.09999999999999432,0.1,-5.689893001203927e-15,0.0,7,2,219,72,37.83653812171519,36.96826979080031,43.928571428571566
217.69999999999192,215.21465446748326,0.09999999999999432,0.1,-5.689893001203927e-15,0.0,7,2,219,72,37.705535695843004,36.86826979080031,44.02857142857157
217.7999999999919,215.31465446748325,0.09999999999999432,0.1,-5.689893001203927e-15,0.0,7,2,219,72,37.585378065823015,36.76826979080031,44.12857142857157
217.8999999999919,215.41465446748325,0.09999999999999432,0.1,-5.689893001203927e-15,0.0,7,2,219,72,37.454456504516315,36.66826979080031,44.22857142857157
217.9999999999919,215.51465446748324,0.09999999999999432,0.1,-5.689893001203927e-15,0.0,7,2,219,72,37.334350301222685,36.56826979080031,44.32857142857157
218.0999999999919,215.61465446748323,0.09999999999999432,0.1,-5.689893001203927e-15,0.0,7,2,218,72,37.203509188203476,36.468269790800306,44.428571428571566
218.1999999999919,215.71465446748323,0.09999999999999432,0.1,-5.689893001203927e-15,0.0,7,2,218,71,37.08345414689954,36.368269790800305,44.52857142857157
218.29999999999188,215.81465446748322,0.09999999999999432,0.1,-5.689893001203927e-15,0.0,7,2,220,71,36.952693068032765,36.268269790800304,44.62857142857157
218.39999999999188,215.91465446748322,0.09999999999999432,0.1,-5.689893001203927e-15,0.0,7,2,219,71,36.83268892534469,36.1682697908003,44.72857142857157
218.49999999999187,216.0146544674832,0.09999999999999432,0.1,-5.689893001203927e-15,0.0,6,2,219,71,42.84513880586383,39.240922695876364,43.400000000000084
218.59999999999187,216.1146544674832,0.09999999999999432,0.1,-5.689893001203927e-15,0.0,6,2,219,71,42.72185971542522,39.00124815324472,43.500000000000085
218.69999999999186,216.2146544674832,0.09999999999999432,0.1,-5.689893001203927e-15,0.0,6,2,220,71,42.58615709689969,38.68703244209152,43.60000000000008
218.79999999999185,216.3146544674832,0.09999999999999432,0.1,-5.689893001203927e-15,0.0,6,2,219,71,42.46293677837783,38.44771053096035,43.70000000000008
218.89999999999185,216.4146544674832,0.09999999999999432,0.1,-5.689893001203927e-15,0.0,6,2,220,72,42.32732609842959,38.13404645127088,43.800000000000075
218.99999999999184,216.51465446748318,0.09999999999999432,0.1,-5.689893001203927e-15,0.0,6,2,220,72,42.20416424927594,37.895075356349,43.900000000000084
219.09999999999184,216.61465446748318,0.09999999999999432,0.1,-5.689893001203927e-15,0.0,6,2,221,72,42.06864503461973,37.581960068411725,44.000000000000085
219.19999999999183,216.71465446748317,0.09999999999999432,0.1,-5.689893001203927e-15,0.0,6,2,221,72,41.94554135384323,37.34333798375276,44.10000000000008
219.29999999999183,216.81465446748317,0.09999999999999432,0.1,-5.689893001203927e-15,0.0,6,2,221,72,41.810113133630196,37.030768662474536,44.20000000000008
219.39999999999182,216.91465446748316,0.09999999999999432,0.1,-5.689893001203927e-15,0.0,6,2,221,71,41.68706732178925,36.79249379142886,44.300000000000075
219.49999999999181,217.01465446748315,0.09999999999999432,0.1,-5.689893001203927e-15,0.0,6,2,221,71,41.55172962759438,36.48046762625967,44.400000000000084
219.5999999999918,217.11465446748315,0.09999999999999432,0.1,-5.689893001203927e-15,0.0,6,2,221,72,41.42874138678886,36.242538181426504,44.500000000000085
219.6999999999918,217.21465446748314,0.09999999999999432,0.1,-5.689893001203927e-15,0.0,6,2,220,72,41.29349375259854,35.93105237628459,44.60000000000008
219.7999999999918,217.31465446748314,0.09999999999999432,0.1,-5.689893001203927e-15,0.0,6,2,220,71,41.17056278646185,35.693466579464435,44.70000000000008
219.8999999999918,217.41465446748313,0.09999999999999432,0.1,-5.689893001203927e-15,0.0,6,2,220,71,41.03540474866141,35.382518352661826,44.80000000000009
219.9999999999918,217.51465446748313,0.09999999999999432,0.1,-5.689893001203927e-15,0.0,6,2,220,70,40.65259208674447,35.14527443480904,44.900000000000084
220.09999999999178,217.61465446748312,0.09999999999999432,0.1,-5.689893001203927e-15,0.0,6,2,219,70,40.350856517439205,34.83486101897747,45.000000000000085
220.19999999999177,217.7418544674831,0.12719999999998777,0.1,0.027199999999987762,0.0,6,2,218,70,44.59470588430182,34.59795722015319,45.10000000000008
220.29999999999177,217.8418544674831,0.09999999999999432,0.1,-5.689893001203927e-15,0.0,6,2,220,70,44.290721272214036,34.28807586217036,45.20000000000008
220.39999999999176,217.9418544674831,0.09999999999999432,0.1,-5.689893001203927e-15,0.0,6,2,222,70,43.98124191349539,34.168269790800274,45.30000000000009
220.49999999999176,218.0418544674831,0.09999999999999432,0.1,-5.689893001203927e-15,0.0,6,2,222,70,43.66199473124249,34.06826979080027,45.400000000000084
220.59999999999175,218.14185446748309,0.09999999999999432,0.1,-5.689893001203927e-15,0.0,6,2,222,69,43.355412201677375,33.96826979080027,45.500000000000085
220.69999999999175,218.24185446748308,0.09999999999999432,0.1,-5.689893001203927e-15,0.0,6,2,221,69,43.04720927138715,33.86826979080027,45.60000000000008
220.79999999999174,218.34185446748307,0.09999999999999432,0.1,-5.689893001203927e-15,0.0,6,2,220,69,42.75775624137729,33.76826979080027,45.70000000000008
220.89999999999173,218.44185446748307,0.09999999999999432,0.1,-5.689893001203927e-15,0.0,6,2,219,67,42.45359118412497,33.66826979080027,45.80000000000009
220.99999999999173,218.54185446748306,0.09999999999999432,0.1,-5.689893001203927e-15,0.0,6,2,218,68,42.15226006565913,33.568269790800265,45.900000000000084
221.09999999999172,218.64185446748306,0.09999999999999432,0.1,-5.689893001203927e-15,0.0,6,2,218,68,41.82844747429723,33.468269790800264,46.000000000000085
221.19999999999172,218.74185446748305,0.09999999999999432,0.1,-5.689893001203927e-15,0.0,6,2,217,68,41.52806008454677,33.36826979080026,46.10000000000009
221.2999999999917,218.84185446748305,0.09999999999999432,0.1,-5.689893001203927e-15,0.0,6,2,217,68,41.226849772533946,33.26826979080026,46.20000000000008
221.3999999999917,218.94185446748304,0.09999999999999432,0.1,-5.689893001203927e-15,0.0,6,2,217,68,40.93769984932281,33.16826979080026,46.30000000000009
221.4999999999917,219.04185446748303,0.09999999999999432,0.1,-5.689893001203927e-15,0.0,6,2,216,68,40.63657550967663,33.06826979080026,46.40000000000009
221.5999999999917,219.14185446748303,0.09999999999999432,0.1,-5.689893001203927e-15,0.0,6,2,215,69,40.34748026155522,32.96826979080026,46.500000000000085
221.6999999999917,219.24185446748302,0.09999999999999432,0.1,-5.689893001203927e-15,0.0,6,2,214,68,40.04644145170354,32.868269790800255,46.60000000000009
221.79999999999168,219.34185446748302,0.09999999999999432,0.1,-5.689893001203927e-15,0.0,6,2,214,68,39.75740059721313,32.768269790800254,46.70000000000008
221.89999999999168,219.441854467483,0.09999999999999432,0.1,-5.689893001203927e-15,0.0,6,2,213,69,39.456446876862096,32.66826979080025,46.80000000000009
221.99999999999167,219.541854467483,0.09999999999999432,0.1,-5.689893001203927e-15,0.0,6,2,213,69,39.16746013599288,32.56826979080025,46.90000000000009
222.09999999999167,219.641854467483,0.09999999999999432,0.1,-5.689893001203927e-15,0.0,6,2,212,67,38.8665910671152,32.46826979080025,47.000000000000085
222.19999999999166,219.741854467483,0.09999999999999432,0.1,-5.689893001203927e-15,0.0,6,2,211,67,38.577658161298814,32.36826979080025,47.10000000000009
222.29999999999166,219.841854467483,0.09999999999999432,0.1,-5.689893001203927e-15,0.0,6,2,210,67,38.27687330812209,32.26826979080025,47.20000000000008
222.39999999999165,219.94185446748298,0.09999999999999432,0.1,-5.689893001203927e-15,0.0,6,2,211,67,37.987993960224195,32.168269790800245,47.30000000000009
222.49999999999164,220.04185446748298,0.09999999999999432,0.1,-5.689893001203927e-15,0.0,6,2,211,67,37.68854517433739,32.068269790800244,47.40000000000009
222.59999999999164,220.19565446748297,0.15379999999998972,0.1,0.05379999999998972,0.0,6,2,210,67,46.36571004765284,31.968269790800242,47.500000000000085
222.69999999999163,220.29565446748296,0.09999999999999432,0.1,-5.689893001203927e-15,0.0,7,2,211,67,35.8897506314828,31.86826979080024,40.814285714285795
222.79999999999163,220.39565446748296,0.09999999999999432,0.1,-5.689893001203927e-15,0.0,7,2,211,66,35.5418392411931,31.76826979080024,40.91428571428579
222.89999999999162,220.49565446748295,0.09999999999999432,0.1,-5.689893001203927e-15,0.0,7,2,211,66,35.196661773655784,31.668269790800238,41.01428571428579
222.99999999999162,220.59565446748294,0.09999999999999432,0.1,-5.689893001203927e-15,0.0,7,2,211,66,34.862288812843026,31.568269790800237,41.11428571428579
223.0999999999916,220.69565446748294,0.09999999999999432,0.1,-5.689893001203927e-15,0.0,7,2,211,67,34.51719164014606,31.468269790800235,41.21428571428579
223.1999999999916,220.85565446748294,0.1599999999999966,0.1,0.059999999999996584,0.0,7,2,209,67,42.62386974373661,31.368269790800234,41.314285714285795
223.2999999999916,220.95565446748293,0.09999999999999432,0.1,-5.689893001203927e-15,0.0,7,2,209,67,42.143638460041004,31.268269790800232,41.41428571428579
223.3999999999916,221.11165446748294,0.1560000000000059,0.1,0.056000000000005906,0.0,7,2,209,67,49.37429503412479,30.177818507459563,41.51428571428579
223.4999999999916,221.21165446748293,0.09999999999999432,0.1,-5.689893001203927e-15,0.0,8,2,208,68,39.513718901569995,29.998540435855272,36.42500000000007
223.59999999999158,221.31165446748292,0.09999999999999432,0.1,-5.689893001203927e-15,0.0,8,2,207,69,38.840889278330195,29.39854043585527,36.52500000000007
223.69999999999158,221.41165446748292,0.09999999999999432,0.1,-5.689893001203927e-15,0.0,8,2,207,69,38.200401929227866,28.975729169517713,36.62500000000007
223.79999999999157,221.5116544674829,0.09999999999999432,0.1,-5.689893001203927e-15,0.0,8,2,206,70,37.651726429832806,28.87572916951771,36.725000000000065
223.89999999999156,221.6716544674829,0.1599999999999966,0.1,0.059999999999996584,0.0,8,2,204,70,44.59654952720395,63.429804477465936,36.82500000000007
223.99999999999156,221.7716544674829,0.09999999999999432,0.1,-5.689893001203927e-15,0.0,8,2,204,70,44.08594257523438,63.329804477465935,36.92500000000007
224.09999999999155,221.8716544674829,0.09999999999999432,0.1,-5.689893001203927e-15,0.0,8,2,204,70,43.5863731634232,63.22980447746593,37.02500000000007
224.19999999999155,222.0754544674829,0.2038000000000011,0.1,0.10380000000000109,0.0,8,2,201,69,56.077857565135226,63.12980447746593,37.12500000000007
224.29999999999154,222.1754544674829,0.09999999999999432,0.1,-5.689893001203927e-15,0.0,9,2,201,69,46.649894504792684,63.02980447746593,33.10000000000006
224.39999999999154,222.2754544674829,0.09999999999999432,0.1,-5.689893001203927e-15,0.0,8,2,200,69,51.98885796199644,68.68971156565182,30.337500000000006
224.49999999999153,222.37545446748288,0.09999999999999432,0.1,-5.689893001203927e-15,0.0,8,2,200,69,51.49783620682591,68.08971156565183,30.437500000000004
224.59999999999152,222.47545446748288,0.09999999999999432,0.1,-5.689893001203927e-15,0.0,8,2,200,69,51.00795750046154,67.48971156565183,30.537500000000005
224.69999999999152,222.57545446748287,0.09999999999999432,0.1,-5.689893001203927e-15,0.0,7,2,200,69,57.99440194272359,66.88971156565184,21.742857142857293
224.7999999999915,222.73545446748287,0.1599999999999966,0.1,0.059999999999996584,0.0,7,2,198,69,66.2352784715549,71.18691124505159,21.84285714285729
224.8999999999915,222.83545446748286,0.09999999999999432,0.1,-5.689893001203927e-15,0.0,7,2,198,69,65.99719175784163,71.0869112450516,21.942857142857292
224.9999999999915,222.93545446748286,0.09999999999999432,0.1,-5.689893001203927e-15,0.0,7,2,197,68,65.72849606157038,70.51088308521209,22.04285714285729
225.0999999999915,223.03545446748285,0.09999999999999432,0.1,-5.689893001203927e-15,0.0,7,2,198,68,65.46928149860807,69.91088308521209,22.14285714285729
225.1999999999915,223.19545446748285,0.1599999999999966,0.1,0.059999999999996584,0.0,7,2,198,68,73.66380879705024,70.78691124505161,22.242857142857297
225.29999999999148,223.35545446748284,0.1599999999999966,0.1,0.059999999999996584,0.0,7,2,196,68,81.90372937203767,79.83235524887682,22.342857142857294
225.39999999999148,223.45545446748284,0.09999999999999432,0.1,-5.689893001203927e-15,0.0,7,2,197,68,81.58609605913962,79.2089220585904,22.442857142857296
225.49999999999147,223.59625446748282,0.1407999999999845,0.1,0.04079999999998449,0.0,7,2,196,68,87.06983004885087,78.59244694058067,22.542857142857294
225.59999999999147,223.69625446748282,0.09999999999999432,0.1,-5.689893001203927e-15,0.0,8,2,196,68,72.84036791834968,74.9,19.825000000000134
225.69999999999146,223.83345446748282,0.1372000000000071,0.1,0.03720000000000709,0.0,8,2,195,68,77.17525182707419,77.37316181235326,19.925000000000136
225.79999999999146,223.93345446748282,0.09999999999999432,0.1,-5.689893001203927e-15,0.0,8,2,195,68,76.91813732693568,76.70299152486228,20.025000000000137
225.89999999999145,224.0334544674828,0.09999999999999432,0.1,-5.689893001203927e-15,0.0,8,2,195,68,76.628403935727,76.09803783330729,20.12500000000014
225.99999999999145,224.1334544674828,0.09999999999999432,0.1,-5.689893001203927e-15,0.0,8,2,195,68,76.3371988664448,75.49123658701345,20.225000000000136
226.09999999999144,224.2334544674828,0.09999999999999432,0.1,-5.689893001203927e-15,0.0,8,2,193,68,76.04266819781252,74.86929122981135,20.325000000000138
226.19999999999143,224.3334544674828,0.09999999999999432,0.1,-5.689893001203927e-15,0.0,8,2,192,69,75.73077933837372,74.2587849887059,20.42500000000014
226.29999999999143,224.4334544674828,0.09999999999999432,0.1,-5.689893001203927e-15,0.0,8,2,193,69,75.42498878200277,73.64501711605186,20.52500000000014
226.39999999999142,224.53345446748278,0.09999999999999432,0.1,-5.689893001203927e-15,0.0,8,2,193,70,75.13718627081053,73.04259702651393,20.625000000000142
226.49999999999142,224.67505446748277,0.14159999999998263,0.1,0.04159999999998262,0.0,8,2,192,70,80.04932730123639,72.43972526992061,20.72500000000014
226.5999999999914,224.77505446748276,0.09999999999999432,0.1,-5.689893001203927e-15,0.0,8,2,193,70,79.76626689228127,71.83828655446284,20.82500000000014
226.6999999999914,224.87505446748276,0.09999999999999432,0.1,-5.689893001203927e-15,0.0,8,2,193,70,79.4453625373804,71.23102338103936,20.925000000000143
226.7999999999914,224.97505446748275,0.09999999999999432,0.1,-5.689893001203927e-15,0.0,8,2,193,71,79.1567557360617,70.62216897048972,21.025000000000144
226.8999999999914,225.07505446748274,0.09999999999999432,0.1,-5.689893001203927e-15,0.0,8,2,192,71,78.86657229063643,70.00070140708749,21.125000000000146
226.9999999999914,225.17505446748274,0.09999999999999432,0.1,-5.689893001203927e-15,0.0,8,2,193,71,78.57750337265475,69.38815006323411,21.225000000000144
227.09999999999138,225.27505446748273,0.09999999999999432,0.1,-5.689893001203927e-15,0.0,8,2,193,71,78.32566054619029,68.88691124505172,21.325000000000145
227.19999999999138,225.37505446748273,0.09999999999999432,0.1,-5.689893001203927e-15,0.0,8,2,192,71,78.16216311832942,68.78691124505173,21.425000000000146
227.29999999999137,225.47505446748272,0.09999999999999432,0.1,-5.689893001203927e-15,0.0,8,2,191,71,77.9994059702456,68.68691124505173,21.525000000000148
227.39999999999137,225.57505446748272,0.09999999999999432,0.1,-5.689893001203927e-15,0.0,8,2,190,71,77.83480624346312,68.58691124505174,21.62500000000015
227.49999999999136,225.6750544674827,0.09999999999999432,0.1,-5.689893001203927e-15,0.0,8,2,189,71,77.6694063636359,68.48691124505174,21.725000000000147
227.59999999999135,225.7750544674827,0.09999999999999432,0.1,-5.689893001203927e-15,0.0,8,2,190,71,77.50505483637745,68.38691124505175,21.82500000000015
227.69999999999135,225.8750544674827,0.09999999999999432,0.1,-5.689893001203927e-15,0.0,8,2,190,71,77.34050032577379,68.28691124505175,21.92500000000015
227.79999999999134,225.9750544674827,0.09999999999999432,0.1,-5.689893001203927e-15,0.0,8,2,189,71,77.17656397626585,68.18691124505176,22.02500000000015
227.89999999999134,226.0750544674827,0.09999999999999432,0.1,-5.689893001203927e-15,0.0,8,2,189,72,77.01198440541059,68.08691124505177,22.125000000000153
227.99999999999133,226.17505446748268,0.09999999999999432,0.1,-5.689893001203927e-15,0.0,8,2,190,71,76.84658312897801,67.98691124505177,22.22500000000015
228.09999999999133,226.27505446748268,0.09999999999999432,0.1,-5.689893001203927e-15,0.0,8,2,190,71,76.6836317506677,67.88691124505178,22.325000000000152
228.19999999999132,226.37505446748267,0.09999999999999432,0.1,-5.689893001203927e-15,0.0,8,2,190,71,76.51847817614888,67.78691124505178,22.425000000000153
228.29999999999131,226.47505446748266,0.09999999999999432,0.1,-5.689893001203927e-15,0.0,8,2,190,71,76.35470949828104,67.68691124505179,22.525000000000155
228.3999999999913,226.57505446748266,0.09999999999999432,0.1,-5.689893001203927e-15,0.0,8,2,190,71,76.19182586588262,67.5869112450518,22.625000000000153
228.4999999999913,226.67505446748265,0.09999999999999432,0.1,-5.689893001203927e-15,0.0,8,2,190,71,76.02828416255696,67.4869112450518,22.725000000000154
228.5999999999913,226.77505446748265,0.09999999999999432,0.1,-5.689893001203927e-15,0.0,8,2,190,71,75.8629873475133,67.3869112450518,22.825000000000156
228.6999999999913,226.87505446748264,0.09999999999999432,0.1,-5.689893001203927e-15,0.0,8,2,190,71,75.69824029422473,67.28691124505181,22.925000000000153
228.7999999999913,226.97505446748264,0.09999999999999432,0.1,-5.689893001203927e-15,0.0,8,2,191,71,75.53313279039543,67.18691124505182,23.025000000000155
228.89999999999128,227.07505446748263,0.09999999999999432,0.1,-5.689893001203927e-15,0.0,8,2,191,71,75.36841656557002,67.08691124505182,23.125000000000153
228.99999999999127,227.17505446748262,0.09999999999999432,0.1,-5.689893001203927e-15,0.0,8,2,192,71,75.20501185052842,66.98691124505183,23.225000000000154
229.09999999999127,227.27505446748262,0.09999999999999432,0.1,-5.689893001203927e-15,0.0,8,2,192,71,75.040764048732,66.88691124505183,23.325000000000156
229.19999999999126,227.3750544674826,0.09999999999999432,0.1,-5.689893001203927e-15,0.0,8,2,193,69,74.87776548324621,66.78691124505184,23.425000000000153
229.29999999999126,227.4750544674826,0.09999999999999432,0.1,-5.689893001203927e-15,0.0,8,2,192,69,74.70736268190942,66.68691124505185,23.525000000000155
229.39999999999125,227.5750544674826,0.09999999999999432,0.1,-5.689893001203927e-15,0.0,8,2,192,69,74.53717322582729,66.58691124505185,23.625000000000153
229.49999999999125,227.6750544674826,0.09999999999999432,0.1,-5.689893001203927e-15,0.0,8,2,192,70,74.36581504934668,66.48691124505186,23.725000000000154
229.59999999999124,227.7750544674826,0.09999999999999432,0.1,-5.689893001203927e-15,0.0,8,2,192,70,74.20086633703067,66.38691124505186,23.825000000000152
229.69999999999123,227.87505446748258,0.09999999999999432,0.1,-5.689893001203927e-15,0.0,8,2,192,70,74.03713361795614,66.28691124505187,23.925000000000153
229.79999999999123,227.97505446748258,0.09999999999999432,0.1,-5.689893001203927e-15,0.0,8,2,192,70,73.87380355173681,66.18691124505187,24.02500000000015
229.89999999999122,228.07505446748257,0.09999999999999432,0.1,-5.689893001203927e-15,0.0,8,2,193,70,73.70928445647068,66.08691124505188,24.125000000000153
229.99999999999122,228.17505446748257,0.09999999999999432,0.1,-5.689893001203927e-15,0.0,8,2,192,70,73.53757203876647,65.98691124505189,24.22500000000015
230.0999999999912,228.27505446748256,0.09999999999999432,0.1,-5.689893001203927e-15,0.0,8,2,192,71,73.36492308649639,65.88691124505189,24.325000000000152
230.1999999999912,228.37505446748256,0.09999999999999432,0.1,-5.689893001203927e-15,0.0,8,2,192,71,73.2015912383588,65.7869112450519,24.42500000000015
230.2999999999912,228.47505446748255,0.09999999999999432,0.1,-5.689893001203927e-15,0.0,8,2,191,71,73.03622959571328,65.6869112450519,24.52500000000015
230.3999999999912,228.57505446748254,0.09999999999999432,0.1,-5.689893001203927e-15,0.0,8,2,191,71,72.87219391701828,65.58691124505191,24.62500000000015
230.4999999999912,228.67505446748254,0.09999999999999432,0.1,-5.689893001203927e-15,0.0,8,2,193,71,72.7078559838452,65.48691124505191,24.72500000000015
230.59999999999118,228.77505446748253,0.09999999999999432,0.1,-5.689893001203927e-15,0.0,8,2,191,71,72.54325531665002,65.38691124505192,24.82500000000015
230.69999999999118,228.87505446748253,0.09999999999999432,0.1,-5.689893001203927e-15,0.0,8,2,190,71,72.37979846711022,65.28691124505193,24.92500000000015
230.79999999999117,228.97505446748252,0.09999999999999432,0.1,-5.689893001203927e-15,0.0,8,2,193,71,72.21589776420275,65.18691124505193,25.025000000000148
230.89999999999117,229.07505446748252,0.09999999999999432,0.1,-5.689893001203927e-15,0.0,8,2,193,72,72.04359003041252,65.08691124505194,25.12500000000015
230.99999999999116,229.1750544674825,0.09999999999999432,0.1,-5.689893001203927e-15,0.0,8,2,194,72,71.87223611088449,64.98691124505194,25.225000000000147
231.09999999999116,229.2750544674825,0.09999999999999432,0.1,-5.689893001203927e-15,0.0,8,2,194,71,71.69205646389439,64.88691124505195,25.32500000000015
231.19999999999115,229.3750544674825,0.09999999999999432,0.1,-5.689893001203927e-15,0.0,8,2,195,72,71.52101747335415,64.78691124505195,25.425000000000146
231.29999999999114,229.4750544674825,0.09999999999999432,0.1,-5.689893001203927e-15,0.0,8,2,195,72,71.35055972619955,64.68691124505196,25.525000000000148
231.39999999999114,229.5750544674825,0.09999999999999432,0.1,-5.689893001203927e-15,0.0,8,2,195,72,71.1794232300831,64.58691124505197,25.625000000000146
231.49999999999113,229.67505446748248,0.09999999999999432,0.1,-5.689893001203927e-15,0.0,8,2,195,72,71.01692323008311,64.48691124505197,25.725000000000147
231.59999999999113,229.77505446748248,0.09999999999999432,0.1,-5.689893001203927e-15,0.0,8,2,196,72,70.85442323008311,64.38691124505198,25.825000000000145
231.69999999999112,229.87505446748247,0.09999999999999432,0.1,-5.689893001203927e-15,0.0,8,2,195,72,70.69192323008312,64.28691124505198,25.925000000000146
231.79999999999112,229.97505446748247,0.09999999999999432,0.1,-5.689893001203927e-15,0.0,8,2,196,72,70.52942323008311,64.18691124505199,26.025000000000144
231.8999999999911,230.07505446748246,0.09999999999999432,0.1,-5.689893001203927e-15,0.0,8,2,197,72,70.36692323008312,64.086911245052,26.125000000000146
231.9999999999911,230.17505446748245,0.09999999999999432,0.1,-5.689893001203927e-15,0.0,8,2,197,72,70.20442323008312,63.98691124505199,26.225000000000144
232.0999999999911,230.27505446748245,0.09999999999999432,0.1,-5.689893001203927e-15,0.0,8,2,196,72,70.04192323008311,63.88691124505199,26.325000000000145
232.1999999999911,230.37505446748244,0.09999999999999432,0.1,-5.689893001203927e-15,0.0,8,2,196,72,69.87942323008312,63.78691124505199,26.425000000000143
232.2999999999911,230.47505446748244,0.09999999999999432,0.1,-5.689893001203927e-15,0.0,8,2,197,72,69.71692323008313,63.68691124505199,26.525000000000144
232.39999999999108,230.57505446748243,0.09999999999999432,0.1,-5.689893001203927e-15,0.0,8,2,197,72,69.55442323008313,63.586911245051986,26.625000000000142
232.49999999999108,230.67505446748243,0.09999999999999432,0.1,-5.689893001203927e-15,0.0,8,2,197,72,69.42841063339482,63.486911245051985,26.725000000000144
232.59999999999107,230.77505446748242,0.09999999999999432,0.1,-5.689893001203927e-15,0.0,8,2,197,72,69.32841063339481,63.386911245051984,26.82500000000014
232.69999999999106,230.8750544674824,0.09999999999999432,0.1,-5.689893001203927e-15,0.0,8,2,196,72,69.22841063339482,63.28691124505198,26.925000000000143
232.79999999999106,230.9750544674824,0.09999999999999432,0.1,-5.689893001203927e-15,0.0,8,2,197,72,69.12841063339482,63.18691124505198,27.02500000000014
232.89999999999105,231.0750544674824,0.09999999999999432,0.1,-5.689893001203927e-15,0.0,8,2,196,72,69.02841063339481,63.08691124505198,27.125000000000142
232.99999999999105,231.1750544674824,0.09999999999999432,0.1,-5.689893001203927e-15,0.0,8,2,196,72,68.92841063339482,62.98691124505198,27.22500000000014
233.09999999999104,231.2750544674824,0.09999999999999432,0.1,-5.689893001203927e-15,0.0,8,2,196,72,68.12479547746179,62.88691124505198,27.32500000000014
233.19999999999104,230.2985739750791,-0.976480492403283,0.1,-1.4210854715202004e-14,1.076480492403269,7,2,195,72,62.2214735113382,54.129804477465804,29.828571428571593
233.29999999999103,230.3985739750791,0.09999999999999432,0.1,-5.689893001203927e-15,0.0,7,2,194,71,62.1214735113382,54.0298044774658,29.92857142857159
233.39999999999102,230.4985739750791,0.09999999999999432,0.1,-5.689893001203927e-15,0.0,7,2,194,71,62.02147351133821,53.9298044774658,30.02857142857159
233.49999999999102,230.5985739750791,0.09999999999999432,0.1,-5.689893001203927e-15,0.0,7,2,194,71,61.921473511338206,53.8298044774658,30.128571428571593
233.599999999991,230.69857397507909,0.09999999999999432,0.1,-5.689893001203927e-15,0.0,7,2,193,71,61.821473511338205,53.7298044774658,30.22857142857159
233.699999999991,230.79857397507908,0.09999999999999432,0.1,-5.689893001203927e-15,0.0,7,2,193,72,61.72147351133821,53.6298044774658,30.32857142857159
233.799999999991,230.89857397507907,0.09999999999999432,0.1,-5.689893001203927e-15,0.0,7,2,191,72,61.62147351133821,53.529804477465795,30.42857142857159
233.899999999991,230.99857397507907,0.09999999999999432,0.1,-5.689893001203927e-15,0.0,7,2,190,72,61.521473511338215,53.429804477465794,30.52857142857159
233.999999999991,231.09857397507906,0.09999999999999432,0.1,-5.689893001203927e-15,0.0,7,2,190,71,61.42147351133821,53.32980447746579,30.628571428571586
234.09999999999098,231.19857397507906,0.09999999999999432,0.1,-5.689893001203927e-15,0.0,7,2,192,71,61.321473511338205,53.22980447746579,30.728571428571588
234.19999999999098,231.29857397507905,0.09999999999999432,0.1,-5.689893001203927e-15,0.0,7,2,192,71,61.22147351133821,53.12980447746579,30.82857142857159
234.29999999999097,231.39857397507905,0.09999999999999432,0.1,-5.689893001203927e-15,0.0,7,2,194,71,61.12147351133821,53.02980447746579,30.928571428571587
234.39999999999097,231.49857397507904,0.09999999999999432,0.1,-5.689893001203927e-15,0.0,7,2,194,71,61.021473511338215,52.92980447746579,31.028571428571585
234.49999999999096,231.59857397507903,0.09999999999999432,0.1,-5.689893001203927e-15,0.0,7,2,195,71,60.92147351133821,52.829804477465785,31.128571428571586
234.59999999999096,231.69857397507903,0.09999999999999432,0.1,-5.689893001203927e-15,0.0,7,2,197,71,60.82147351133822,52.729804477465784,31.228571428571588
234.69999999999095,231.79857397507902,0.09999999999999432,0.1,-5.689893001203927e-15,0.0,7,2,196,71,60.72147351133822,52.62980447746578,31.328571428571585
234.79999999999094,231.89857397507902,0.09999999999999432,0.1,-5.689893001203927e-15,0.0,7,2,196,71,60.62147351133821,52.52980447746578,31.428571428571587
234.89999999999094,231.998573975079,0.09999999999999432,0.1,-5.689893001203927e-15,0.0,7,2,196,71,60.521473511338215,52.42980447746578,31.528571428571585
234.99999999999093,232.098573975079,0.09999999999999432,0.1,-5.689893001203927e-15,0.0,7,2,196,71,60.42147351133821,52.32980447746578,31.628571428571583
235.09999999999093,232.198573975079,0.09999999999999432,0.1,-5.689893001203927e-15,0.0,7,2,197,71,60.32147351133822,52.22980447746578,31.728571428571588
235.19999999999092,232.298573975079,0.09999999999999432,0.1,-5.689893001203927e-15,0.0,7,2,195,72,60.22147351133822,52.129804477465775,31.828571428571585
235.29999999999092,232.398573975079,0.09999999999999432,0.1,-5.689893001203927e-15,0.0,7,2,195,72,60.121473511338216,52.029804477465774,31.928571428571583
235.3999999999909,232.49857397507898,0.09999999999999432,0.1,-5.689893001203927e-15,0.0,7,2,195,72,60.02147351133822,51.92980447746577,32.02857142857158
235.4999999999909,232.59857397507898,0.09999999999999432,0.1,-5.689893001203927e-15,0.0,7,2,194,72,59.92147351133822,51.82980447746577,32.12857142857158
235.5999999999909,232.69857397507897,0.09999999999999432,0.1,-5.689893001203927e-15,0.0,7,2,193,73,59.821473511338226,51.72980447746577,32.228571428571584
235.6999999999909,232.79857397507897,0.09999999999999432,0.1,-5.689893001203927e-15,0.0,7,2,193,73,59.72147351133822,51.62980447746577,32.32857142857158
235.7999999999909,232.89857397507896,0.09999999999999432,0.1,-5.689893001203927e-15,0.0,7,2,195,73,59.621473511338216,51.52980447746577,32.42857142857158
235.89999999999088,232.99857397507895,0.09999999999999432,0.1,-5.689893001203927e-15,0.0,7,2,194,73,59.52147351133822,51.429804477465765,32.52857142857158
235.99999999999088,233.09857397507895,0.09999999999999432,0.1,-5.689893001203927e-15,0.0,7,2,195,73,59.42147351133822,51.329804477465764,32.62857142857158
236.09999999999087,233.19857397507894,0.09999999999999432,0.1,-5.689893001203927e-15,0.0,7,2,197,73,59.321473511338226,51.22980447746576,32.728571428571584
236.19999999999087,233.35857397507894,0.1599999999999966,0.1,0.059999999999996584,0.0,7,2,197,73,66.60314886089665,59.16082529072549,32.82857142857158
236.29999999999086,232.30034012827412,-1.058233846804825,0.1,0.05999999999997807,1.218233846804803,4,2,197,74,97.79966433644917,124.43511290312611,43.12500000000023
236.39999999999085,232.4003401282741,0.09999999999999432,0.1,-5.689893001203927e-15,0.0,4,2,196,74,94.94966433644917,118.83511290312612,43.22500000000023
236.49999999999085,232.5003401282741,0.09999999999999432,0.1,-5.689893001203927e-15,0.0,4,2,195,74,93.34821891752834,118.2293312274428,43.32500000000023
236.59999999999084,232.6003401282741,0.09999999999999432,0.1,-5.689893001203927e-15,0.0,4,2,195,74,90.49677349860752,112.62354955175948,43.425000000000225
236.69999999999084,232.7003401282741,0.09999999999999432,0.1,-5.689893001203927e-15,0.0,4,2,195,74,90.14159016663703,112.01493498415644,43.525000000000226
236.79999999999083,232.8003401282741,0.09999999999999432,0.1,-5.689893001203927e-15,0.0,4,2,194,74,87.28640683466652,106.4063204165534,43.62500000000023
236.89999999999083,232.90034012827408,0.09999999999999432,0.1,-5.689893001203927e-15,0.0,4,2,194,74,84.41448894721545,100.76248464165123,43.72500000000022
236.99999999999082,233.00034012827408,0.09999999999999432,0.1,-5.689893001203927e-15,0.0,4,2,194,74,82.79712883698373,100.12776442118778,43.82500000000022
237.0999999999908,233.10034012827407,0.09999999999999432,0.1,-5.689893001203927e-15,0.0,4,2,195,74,81.18095301159642,99.50023234070333,43.925000000000225
237.1999999999908,233.20034012827406,0.09999999999999432,0.1,-5.689893001203927e-15,0.0,4,2,194,74,79.57850649384191,98.89334852410302,44.02500000000022
237.2999999999908,232.31745494475302,-0.8828851835210401,0.1,7.105427357601002e-15,0.9828851835210471,3,2,194,74,72.87086942932149,69.32300062900966,54.9000000000003
237.3999999999908,232.41745494475302,0.09999999999999432,0.1,-5.689893001203927e-15,0.0,3,2,195,74,70.93649583264114,69.22300062900966,55.000000000000306
237.4999999999908,232.517454944753,0.09999999999999432,0.1,-5.689893001203927e-15,0.0,3,2,195,74,70.66595119998932,69.12300062900967,55.10000000000031
237.59999999999079,232.617454944753,0.09999999999999432,0.1,-5.689893001203927e-15,0.0,3,2,194,74,68.73135195700966,69.02300062900967,55.2000000000003
237.69999999999078,232.717454944753,0.09999999999999432,0.1,-5.689893001203927e-15,0.0,3,2,194,74,68.46040273803365,68.92300062900968,55.300000000000296
237.79999999999077,232.817454944753,0.09999999999999432,0.1,-5.689893001203927e-15,0.0,3,2,193,73,66.52278685239098,68.82300062900968,55.4000000000003
237.89999999999077,232.917454944753,0.09999999999999432,0.1,-5.689893001203927e-15,0.0,3,2,194,73,66.25590848944059,68.72300062900969,55.500000000000306
237.99999999999076,233.01745494475298,0.09999999999999432,0.1,-5.689893001203927e-15,0.0,3,2,195,72,65.98903012649019,68.6230006290097,55.6000000000003
238.09999999999076,233.11745494475298,0.09999999999999432,0.1,-5.689893001203927e-15,0.0,3,2,194,72,65.72236345982353,68.5230006290097,55.700000000000294
238.19999999999075,233.21745494475297,0.09999999999999432,0.1,-5.689893001203927e-15,0.0,3,2,194,72,65.45569679315686,68.4230006290097,55.800000000000296
238.29999999999075,233.31745494475297,0.09999999999999432,0.1,-5.689893001203927e-15,0.0,3,2,194,72,65.17452462213129,68.32300062900971,55.9000000000003
238.39999999999074,232.44781942515903,-0.8696355195939418,0.1,3.1086244689504383e-15,0.9696355195939449,2,2,194,72,48.85742330368805,68.22300062900972,64.5500000000003
238.49999999999073,232.54781942515902,0.09999999999999432,0.1,-5.689893001203927e-15,0.0,2,2,193,72,48.75742330368805,68.12300062900972,64.65000000000029
238.59999999999073,232.647819425159,0.09999999999999432,0.1,-5.689893001203927e-15,0.0,2,2,192,72,48.65742330368805,68.02300062900973,64.7500000000003
238.69999999999072,232.747819425159,0.09999999999999432,0.1,-5.689893001203927e-15,0.0,2,2,193,72,48.557423303688054,67.92300062900974,64.85000000000029
238.79999999999072,232.847819425159,0.09999999999999432,0.1,-5.689893001203927e-15,0.0,2,2,192,72,48.45742330368806,67.82300062900974,64.95000000000029
238.8999999999907,232.947819425159,0.09999999999999432,0.1,-5.689893001203927e-15,0.0,2,2,192,73,48.35742330368806,67.72300062900975,65.0500000000003
238.9999999999907,233.047819425159,0.09999999999999432,0.1,-5.689893001203927e-15,0.0,2,2,191,73,48.25742330368806,67.62300062900975,65.15000000000029
239.0999999999907,233.14781942515899,0.09999999999999432,0.1,-5.689893001203927e-15,0.0,2,2,191,73,48.15742330368806,67.52300062900976,65.25000000000028
239.1999999999907,233.24781942515898,0.09999999999999432,0.1,-5.689893001203927e-15,0.0,2,2,191,73,48.05742330368807,67.42300062900976,65.35000000000028
239.2999999999907,233.34781942515897,0.09999999999999432,0.1,-5.689893001203927e-15,0.0,2,2,191,73,47.95742330368807,67.32300062900977,65.45000000000027
239.39999999999068,233.44781942515897,0.09999999999999432,0.1,-5.689893001203927e-15,0.0,2,2,193,73,47.857423303688066,67.22300062900977,65.55000000000028
239.49999999999068,233.54781942515896,0.09999999999999432,0.1,-5.689893001203927e-15,0.0,2,2,195,73,47.75742330368807,67.12300062900978,65.65000000000028
239.59999999999067,233.64781942515896,0.09999999999999432,0.1,-5.689893001203927e-15,0.0,2,2,196,74,47.65742330368808,67.02300062900979,65.75000000000027
239.69999999999067,233.74781942515895,0.09999999999999432,0.1,-5.689893001203927e-15,0.0,2,2,196,74,47.557423303688076,66.92300062900979,65.85000000000028
239.79999999999066,233.84781942515895,0.09999999999999432,0.1,-5.689893001203927e-15,0.0,2,2,197,74,47.457423303688074,66.8230006290098,65.95000000000027
239.89999999999065,233.94781942515894,0.09999999999999432,0.1,-5.689893001203927e-15,0.0,2,2,197,74,47.35742330368808,66.7230006290098,66.05000000000027
239.99999999999065,234.04781942515893,0.09999999999999432,0.1,-5.689893001203927e-15,0.0,2,2,196,74,47.257423303688086,66.62300062900981,66.15000000000026
240.09999999999064,234.14781942515893,0.09999999999999432,0.1,-5.689893001203927e-15,0.0,2,2,196,74,47.157423303688084,66.52300062900981,66.25000000000026
240.19999999999064,234.24781942515892,0.09999999999999432,0.1,-5.689893001203927e-15,0.0,2,2,195,74,47.05742330368808,66.42300062900982,66.35000000000026
240.29999999999063,234.34781942515892,0.09999999999999432,0.1,-5.689893001203927e-15,0.0,2,2,194,74,46.95742330368809,66.32300062900983,66.45000000000026
240.39999999999063,234.4478194251589,0.09999999999999432,0.1,-5.689893001203927e-15,0.0,2,2,194,74,46.857423303688094,66.22300062900983,66.55000000000025
240.49999999999062,234.5478194251589,0.09999999999999432,0.1,-5.689893001203927e-15,0.0,2,2,193,74,46.75742330368809,66.12300062900984,66.65000000000026
240.59999999999062,234.6478194251589,0.09999999999999432,0.1,-5.689893001203927e-15,0.0,2,2,195,74,46.65742330368809,66.02300062900984,66.75000000000026
240.6999999999906,234.7478194251589,0.09999999999999432,0.1,-5.689893001203927e-15,0.0,2,2,196,74,46.5574233036881,65.92300062900985,66.85000000000025
240.7999999999906,234.8478194251589,0.09999999999999432,0.1,-5.689893001203927e-15,0.0,2,2,196,74,46.4574233036881,65.82300062900985,66.95000000000024
240.8999999999906,234.94781942515888,0.09999999999999432,0.1,-5.689893001203927e-15,0.0,2,2,196,74,46.3574233036881,65.72300062900986,67.05000000000024
240.9999999999906,235.04781942515888,0.09999999999999432,0.1,-5.689893001203927e-15,0.0,2,2,196,74,46.2574233036881,65.62300062900987,67.15000000000025
241.0999999999906,235.14781942515887,0.09999999999999432,0.1,-5.689893001203927e-15,0.0,2,2,196,74,46.157423303688105,65.52300062900987,67.25000000000024
241.19999999999058,235.24781942515887,0.09999999999999432,0.1,-5.689893001203927e-15,0.0,2,2,197,74,46.05742330368811,65.42300062900988,67.35000000000024
241.29999999999058,235.34781942515886,0.09999999999999432,0.1,-5.689893001203927e-15,0.0,2,2,198,75,45.95742330368811,65.32300062900988,67.45000000000024
241.39999999999057,235.44781942515885,0.09999999999999432,0.1,-5.689893001203927e-15,0.0,2,2,197,75,45.85742330368811,65.22300062900989,67.55000000000024
241.49999999999056,235.54781942515885,0.09999999999999432,0.1,-5.689893001203927e-15,0.0,2,2,200,75,45.757423303688114,65.1230006290099,67.65000000000023
241.59999999999056,235.64781942515884,0.09999999999999432,0.1,-5.689893001203927e-15,0.0,2,2,200,75,45.65742330368812,65.0230006290099,67.75000000000023
241.69999999999055,235.74781942515884,0.09999999999999432,0.1,-5.689893001203927e-15,0.0,2,2,199,74,45.55742330368812,64.9230006290099,67.85000000000022
241.79999999999055,235.84781942515883,0.09999999999999432,0.1,-5.689893001203927e-15,0.0,2,2,199,74,45.45742330368812,64.82300062900991,67.95000000000023
241.89999999999054,235.94781942515883,0.09999999999999432,0.1,-5.689893001203927e-15,0.0,2,2,198,74,45.35742330368812,64.72300062900992,68.05000000000022
241.99999999999054,236.04781942515882,0.09999999999999432,0.1,-5.689893001203927e-15,0.0,2,2,197,74,45.25742330368813,64.62300062900992,68.15000000000022
242.09999999999053,236.14781942515881,0.09999999999999432,0.1,-5.689893001203927e-15,0.0,2,2,197,74,45.15742330368813,64.52300062900993,68.25000000000023
242.19999999999052,236.2478194251588,0.09999999999999432,0.1,-5.689893001203927e-15,0.0,2,2,197,75,45.057423303688125,64.42300062900993,68.35000000000022
242.29999999999052,236.3478194251588,0.09999999999999432,0.1,-5.689893001203927e-15,0.0,2,2,197,75,44.95742330368813,64.32300062900994,68.45000000000022
242.3999999999905,236.4478194251588,0.09999999999999432,0.1,-5.689893001203927e-15,0.0,2,2,196,75,44.85742330368814,64.22300062900995,68.55000000000021
242.4999999999905,236.5478194251588,0.09999999999999432,0.1,-5.689893001203927e-15,0.0,2,2,195,76,44.757423303688135,64.12300062900995,68.6500000000002
242.5999999999905,236.6478194251588,0.09999999999999432,0.1,-5.689893001203927e-15,0.0,2,2,195,76,44.657423303688134,64.02300062900996,68.75000000000021
242.6999999999905,236.74781942515878,0.09999999999999432,0.1,-5.689893001203927e-15,0.0,2,2,195,76,44.55742330368814,63.923000629009955,68.85000000000021
242.7999999999905,236.84781942515878,0.09999999999999432,0.1,-5.689893001203927e-15,0.0,2,2,195,76,44.45742330368813,63.823000629009954,68.9500000000002
242.89999999999048,236.94781942515877,0.09999999999999432,0.1,-5.689893001203927e-15,0.0,2,2,194,76,44.35742330368814,63.72300062900995,69.05000000000021
242.99999999999048,237.04781942515876,0.09999999999999432,0.1,-5.689893001203927e-15,0.0,2,2,195,76,44.25742330368813,63.62300062900995,69.1500000000002
243.09999999999047,237.14781942515876,0.09999999999999432,0.1,-5.689893001203927e-15,0.0,2,2,194,76,43.764923303688136,62.73800062900995,69.2500000000002
243.19999999999047,237.24781942515875,0.09999999999999432,0.1,-5.689893001203927e-15,0.0,2,2,194,76,43.271923303688126,61.85200062900995,69.3500000000002
243.29999999999046,237.34781942515875,0.09999999999999432,0.1,-5.689893001203927e-15,0.0,2,2,194,77,42.77842330368813,60.96500062900995,69.45000000000019
243.39999999999046,237.44781942515874,0.09999999999999432,0.1,-5.689893001203927e-15,0.0,2,2,193,78,42.28442330368813,60.07700062900995,69.5500000000002
243.49999999999045,237.54781942515874,0.09999999999999432,0.1,-5.689893001203927e-15,0.0,2,2,193,77,41.78992330368813,59.18800062900995,69.65000000000019
243.59999999999044,237.64781942515873,0.09999999999999432,0.1,-5.689893001203927e-15,0.0,2,2,194,77,41.29492330368812,58.29800062900995,69.75000000000018
243.69999999999044,237.74781942515872,0.09999999999999432,0.1,-5.689893001203927e-15,0.0,2,2,194,78,40.79942330368813,57.40700062900995,69.8500000000002
243.79999999999043,237.84781942515872,0.09999999999999432,0.1,-5.689893001203927e-15,0.0,2,2,193,78,40.30342330368813,56.515000629009954,69.95000000000019
243.89999999999043,237.9478194251587,0.09999999999999432,0.1,-5.689893001203927e-15,0.0,2,2,193,78,39.80692330368812,55.62200062900995,70.05000000000018
243.99999999999042,238.0478194251587,0.09999999999999432,0.1,-5.689893001203927e-15,0.0,2,2,193,78,39.30992330368812,54.728000629009955,70.15000000000018
244.09999999999042,238.1478194251587,0.09999999999999432,0.1,-5.689893001203927e-15,0.0,2,2,192,78,38.81242330368813,53.83300062900996,70.25000000000017
244.1999999999904,238.2478194251587,0.09999999999999432,0.1,-5.689893001203927e-15,0.0,2,2,191,78,38.31442330368813,52.93700062900996,70.35000000000018
244.2999999999904,238.3478194251587,0.09999999999999432,0.1,-5.689893001203927e-15,0.0,2,2,191,78,37.81592330368812,52.04000062900996,70.45000000000017
244.3999999999904,238.44781942515868,0.09999999999999432,0.1,-5.689893001203927e-15,0.0,2,2,190,77,37.31692330368813,51.142000629009964,70.55000000000017
244.4999999999904,238.54781942515868,0.09999999999999432,0.1,-5.689893001203927e-15,0.0,2,2,189,77,36.81742330368813,50.24300062900996,70.65000000000018
244.5999999999904,238.64781942515867,0.09999999999999432,0.1,-5.689893001203927e-15,0.0,2,2,189,77,36.31742330368813,49.343000629009964,70.75000000000017
244.69999999999038,238.74781942515867,0.09999999999999432,0.1,-5.689893001203927e-15,0.0,2,2,189,77,35.81692330368813,48.44200062900997,70.85000000000016
244.79999999999038,238.84781942515866,0.09999999999999432,0.1,-5.689893001203927e-15,0.0,2,2,189,77,35.31592330368812,47.54000062900997,70.95000000000016
244.89999999999037,238.94781942515866,0.09999999999999432,0.1,-5.689893001203927e-15,0.0,2,2,189,77,34.81442330368813,46.63700062900997,71.05000000000015
244.99999999999037,239.04781942515865,0.09999999999999432,0.1,-5.689893001203927e-15,0.0,2,2,190,77,34.31242330368813,45.73300062900997,71.15000000000016
245.09999999999036,239.14781942515864,0.09999999999999432,0.1,-5.689893001203927e-15,0.0,2,2,191,77,33.80992330368812,44.82800062900997,71.25000000000016
245.19999999999035,239.24781942515864,0.09999999999999432,0.1,-5.689893001203927e-15,0.0,2,2,191,77,33.30692330368812,43.92200062900997,71.35000000000015
245.29999999999035,239.34781942515863,0.09999999999999432,0.1,-5.689893001203927e-15,0.0,2,2,191,78,32.80342330368813,43.015000629009975,71.45000000000016
245.39999999999034,239.44781942515863,0.09999999999999432,0.1,-5.689893001203927e-15,0.0,2,2,191,79,32.03595648452137,42.107000629009974,71.55000000000015
245.49999999999034,239.3341703017583,-0.11364912340033584,0.1,-8.132383655379272e-15,0.2136491234003277,1,2,191,79,41.198000629009975,41.198000629009975,80.89999999999968
245.59999999999033,239.4341703017583,0.09999999999999432,0.1,-5.689893001203927e-15,0.0,1,2,190,79,40.28800062900998,40.28800062900998,80.99999999999967
245.69999999999033,239.53417030175828,0.09999999999999432,0.1,-5.689893001203927e-15,0.0,1,2,191,79,39.37700062900998,39.37700062900998,81.09999999999967
245.79999999999032,239.63417030175827,0.09999999999999432,0.1,-5.689893001203927e-15,0.0,1,2,191,79,38.46500062900998,38.46500062900998,81.19999999999966
245.8999999999903,239.73417030175827,0.09999999999999432,0.1,-5.689893001203927e-15,0.0,1,2,191,79,37.55200062900998,37.55200062900998,81.29999999999966
245.9999999999903,239.83417030175826,0.09999999999999432,0.1,-5.689893001203927e-15,0.0,1,2,192,79,36.63800062900998,36.63800062900998,81.39999999999965
246.0999999999903,239.93417030175826,0.09999999999999432,0.1,-5.689893001203927e-15,0.0,1,2,192,79,35.72300062900998,35.72300062900998,81.49999999999964
246.1999999999903,240.03417030175825,0.09999999999999432,0.1,-5.689893001203927e-15,0.0,1,2,192,79,34.807000629009984,34.807000629009984,81.59999999999964
246.2999999999903,240.13417030175825,0.09999999999999432,0.1,-5.689893001203927e-15,0.0,1,2,192,79,33.89000062900999,33.89000062900999,81.69999999999963
246.39999999999029,240.23417030175824,0.09999999999999432,0.1,-5.689893001203927e-15,0.0,1,2,193,79,32.97200062900999,32.97200062900999,81.79999999999963
246.49999999999028,240.33417030175823,0.09999999999999432,0.1,-5.689893001203927e-15,0.0,1,2,192,79,32.05300062900999,32.05300062900999,81.89999999999962
246.59999999999027,240.43417030175823,0.09999999999999432,0.1,-5.689893001203927e-15,0.0,1,2,193,79,31.133000629009995,31.133000629009995,81.99999999999962
246.69999999999027,240.53417030175822,0.09999999999999432,0.1,-5.689893001203927e-15,0.0,1,2,196,79,30.21200062901,30.21200062901,82.09999999999961
246.79999999999026,240.63417030175822,0.09999999999999432,0.1,-5.689893001203927e-15,0.0,1,2,195,80,29.290000629010002,29.290000629010002,82.1999999999996
246.89999999999026,240.7341703017582,0.09999999999999432,0.1,-5.689893001203927e-15,0.0,1,2,196,81,28.367000629010004,28.367000629010004,82.2999999999996
246.99999999999025,240.8341703017582,0.09999999999999432,0.1,-5.689893001203927e-15,0.0,1,2,196,80,27.443000629010008,27.443000629010008,82.3999999999996
247.09999999999025,240.9341703017582,0.09999999999999432,0.1,-5.689893001203927e-15,0.0,1,2,196,80,26.51800062901001,26.51800062901001,82.49999999999959
247.19999999999024,241.0341703017582,0.09999999999999432,0.1,-5.689893001203927e-15,0.0,1,2,194,80,25.592000629010013,25.592000629010013,82.59999999999958
247.29999999999023,241.1341703017582,0.09999999999999432,0.1,-5.689893001203927e-15,0.0,1,2,193,80,24.665000629010017,24.665000629010017,82.69999999999958
247.39999999999023,241.23417030175818,0.09999999999999432,0.1,-5.689893001203927e-15,0.0,1,2,193,80,23.73700062901002,23.73700062901002,82.79999999999957
247.49999999999022,241.33417030175818,0.09999999999999432,0.1,-5.689893001203927e-15,0.0,1,2,192,80,22.80800062901002,22.80800062901002,82.89999999999957
247.59999999999022,241.43417030175817,0.09999999999999432,0.1,-5.689893001203927e-15,0.0,1,2,193,81,21.878000629010025,21.878000629010025,82.99999999999956
247.6999999999902,241.53417030175817,0.09999999999999432,0.1,-5.689893001203927e-15,0.0,1,2,192,81,20.947000629010027,20.947000629010027,83.09999999999955
247.7999999999902,241.63417030175816,0.09999999999999432,0.1,-5.689893001203927e-15,0.0,1,2,191,81,20.01500062901003,20.01500062901003,83.19999999999955
247.8999999999902,241.73417030175816,0.09999999999999432,0.1,-5.689893001203927e-15,0.0,1,2,191,81,19.082000629010032,19.082000629010032,83.29999999999954
247.9999999999902,241.83417030175815,0.09999999999999432,0.1,-5.689893001203927e-15,0.0,1,2,190,81,18.148000629010035,18.148000629010035,83.39999999999954
248.0999999999902,241.93417030175814,0.09999999999999432,0.1,-5.689893001203927e-15,0.0,1,2,190,81,17.21300062901004,17.21300062901004,83.49999999999953
248.19999999999018,242.03417030175814,0.09999999999999432,0.1,-5.689893001203927e-15,0.0,1,2,190,81,16.277000629010043,16.277000629010043,83.59999999999953
248.29999999999018,242.13417030175813,0.09999999999999432,0.1,-5.689893001203927e-15,0.0,1,2,190,81,15.340000629010047,15.340000629010047,83.69999999999952
248.39999999999017,242.23417030175813,0.09999999999999432,0.1,-5.689893001203927e-15,0.0,1,2,189,81,14.402000629010052,14.402000629010052,83.79999999999951
248.49999999999017,242.33417030175812,0.09999999999999432,0.1,-5.689893001203927e-15,0.0,1,2,189,81,13.463000629010057,13.463000629010057,83.89999999999951
248.59999999999016,242.43417030175812,0.09999999999999432,0.1,-5.689893001203927e-15,0.0,1,2,189,81,12.523000629010063,12.523000629010063,83.9999999999995
248.69999999999015,242.5341703017581,0.09999999999999432,0.1,-5.689893001203927e-15,0.0,1,2,188,80,11.582000629010068,11.582000629010068,84.0999999999995
248.79999999999015,242.6341703017581,0.09999999999999432,0.1,-5.689893001203927e-15,0.0,1,2,188,80,10.640000629010073,10.640000629010073,84.19999999999949
248.89999999999014,242.7341703017581,0.09999999999999432,0.1,-5.689893001203927e-15,0.0,1,2,188,79,9.697000629010079,9.697000629010079,84.29999999999949
248.99999999999014,242.8341703017581,0.09999999999999432,0.1,-5.689893001203927e-15,0.0,1,2,187,78,8.753000629010085,8.753000629010085,84.39999999999948
249.09999999999013,242.9341703017581,0.09999999999999432,0.1,-5.689893001203927e-15,0.0,1,2,188,79,7.808000629010091,7.808000629010091,84.49999999999947
249.19999999999013,243.03417030175808,0.09999999999999432,0.1,-5.689893001203927e-15,0.0,1,2,187,79,6.8620006290100966,6.8620006290100966,84.59999999999947
249.29999999999012,243.13417030175808,0.09999999999999432,0.1,-5.689893001203927e-15,0.0,1,2,187,79,5.915000629010102,5.915000629010102,84.69999999999946
249.39999999999011,243.23417030175807,0.09999999999999432,0.1,-5.689893001203927e-15,0.0,1,2,187,79,4.967000629010108,4.967000629010108,84.79999999999946
249.4999999999901,243.33417030175806,0.09999999999999432,0.1,-5.689893001203927e-15,0.0,1,2,187,79,4.018000629010113,4.018000629010113,84.89999999999945
249.5999999999901,243.43417030175806,0.09999999999999432,0.1,-5.689893001203927e-15,0.0,1,2,187,78,3.0680006290101187,3.0680006290101187,84.99999999999945
249.6999999999901,243.53417030175805,0.09999999999999432,0.1,-5.689893001203927e-15,0.0,1,2,187,78,2.117000629010124,2.117000629010124,85.09999999999944
249.7999999999901,243.63417030175805,0.09999999999999432,0.1,-5.689893001203927e-15,0.0,1,2,187,78,1.1650006290101296,1.1650006290101296,85.19999999999943
249.8999999999901,243.73417030175804,0.09999999999999432,0.1,-5.689893001203927e-15,0.0,1,2,188,78,0.21200062901013517,0.21200062901013517,85.29999999999943
249.99999999999008,243.83417030175804,0.09999999999999432,0.1,-5.689893001203927e-15,0.0,1,2,188,78,-0.741999370989859,-0.741999370989859,85.39999999999942
250.09999999999008,243.93417030175803,0.09999999999999432,0.1,-5.689893001203927e-15,0.0,0,2,189,78,0.0,0.0,0.0
