sim_time,score,score_delta,time_bonus,fruit_bonus,predation_penalty,num_agents,num_predators,num_fruits,num_trees,mean_energy,median_energy,mean_age
0.1,0.1,0.1,0.1,0.0,0.0,5,0,32,41,149.9,149.9,0.1
0.2,0.2,0.1,0.1,0.0,0.0,5,0,32,40,149.17430978362617,149.28274152823064,0.2
0.30000000000000004,0.30000000000000004,0.10000000000000003,0.1,2.7755575615628914e-17,0.0,5,0,32,38,148.56606961084339,148.6703851000313,0.30000000000000004
0.4,0.4,0.09999999999999998,0.1,-2.7755575615628914e-17,0.0,5,0,32,39,148.02603866077655,148.06171436510303,0.4
0.5,0.5,0.09999999999999998,0.1,-2.7755575615628914e-17,0.0,5,0,32,38,147.5154211842953,147.45614473583154,0.5
0.6,0.6,0.09999999999999998,0.1,-2.7755575615628914e-17,0.0,5,0,32,38,146.9990546447374,146.8464292627548,0.6
0.7,0.7,0.09999999999999998,0.1,-2.7755575615628914e-17,0.0,5,0,33,35,146.48183496308167,146.23005972302414,0.7
0.7999999999999999,0.7999999999999999,0.09999999999999998,0.1,-2.7755575615628914e-17,0.0,5,0,33,35,145.99459166418515,145.62976039785565,0.7999999999999999
0.8999999999999999,0.8999999999999999,0.09999999999999998,0.1,-2.7755575615628914e-17,0.0,5,0,33,36,145.54008295045057,145.03504687904146,0.9
0.9999999999999999,0.9999999999999999,0.09999999999999998,0.1,-2.7755575615628914e-17,0.0,5,0,33,37,145.1036132515413,144.41602799564333,0.9999999999999998
1.0999999999999999,1.0999999999999999,0.09999999999999998,0.1,-2.7755575615628914e-17,0.0,5,0,33,36,144.69995531783212,143.80770883938402,1.0999999999999999
1.2,1.2,0.10000000000000009,0.1,8.326672684688674e-17,0.0,5,0,34,37,144.29705279999408,143.20397293468756,1.2
1.3,1.3,0.10000000000000009,0.1,8.326672684688674e-17,0.0,5,0,35,37,143.89088821294962,142.59283528312855,1.3
1.4000000000000001,1.4000000000000001,0.10000000000000009,0.1,8.326672684688674e-17,0.0,5,0,35,36,143.48602833284204,141.9823876085391,1.4000000000000001
1.5000000000000002,1.5000000000000002,0.10000000000000009,0.1,8.326672684688674e-17,0.0,5,0,35,36,143.0802029995137,141.36803898928542,1.5000000000000002
1.6000000000000003,1.6000000000000003,0.10000000000000009,0.1,8.326672684688674e-17,0.0,5,0,35,36,142.6728904067884,140.7499252538223,1.6000000000000003
1.7000000000000004,1.7000000000000004,0.10000000000000009,0.1,8.326672684688674e-17,0.0,5,0,35,37,142.2342580095682,140.17815099210364,1.7000000000000004
1.8000000000000005,1.8000000000000005,0.10000000000000009,0.1,8.326672684688674e-17,0.0,5,0,36,37,141.81237545793317,140.07815099210364,1.8000000000000003
1.9000000000000006,1.9000000000000006,0.10000000000000009,0.1,8.326672684688674e-17,0.0,5,0,36,38,141.3932462212654,139.97815099210365,1.9000000000000008
2.0000000000000004,2.0000000000000004,0.09999999999999987,0.1,-1.3877787807814457e-16,0.0,5,0,36,38,140.98588418577523,139.87815099210366,2.0000000000000004
2.1000000000000005,2.1000000000000005,0.10000000000000009,0.1,8.326672684688674e-17,0.0,5,0,36,38,140.57683132577355,139.77815099210366,2.1000000000000005
2.2000000000000006,2.2000000000000006,0.10000000000000009,0.1,8.326672684688674e-17,0.0,5,0,36,38,140.16822782068039,139.67815099210367,2.2000000000000006
2.3000000000000007,2.3000000000000007,0.10000000000000009,0.1,8.326672684688674e-17,0.0,5,0,37,38,139.762472611723,139.57815099210367,2.3000000000000007
2.400000000000001,2.400000000000001,0.10000000000000009,0.1,8.326672684688674e-17,0.0,5,0,37,38,139.35650334746356,139.37898461516627,2.400000000000001
2.500000000000001,2.500000000000001,0.10000000000000009,0.1,8.326672684688674e-17,0.0,5,0,37,38,138.9360053908565,138.69732820568998,2.500000000000001
2.600000000000001,2.600000000000001,0.10000000000000009,0.1,8.326672684688674e-17,0.0,5,0,37,39,138.52737136852207,138.09732820569,2.600000000000001
2.700000000000001,2.700000000000001,0.10000000000000009,0.1,8.326672684688674e-17,0.0,5,0,37,39,138.12582971538737,137.49732820569,2.700000000000001
2.800000000000001,2.800000000000001,0.10000000000000009,0.1,8.326672684688674e-17,0.0,5,0,38,39,137.72026834858025,136.89732820569,2.800000000000001
2.9000000000000012,2.9000000000000012,0.10000000000000009,0.1,8.326672684688674e-17,0.0,5,0,38,40,137.3107873468706,136.29732820569,2.9000000000000012
3.0000000000000013,3.0000000000000013,0.10000000000000009,0.1,8.326672684688674e-17,0.0,5,0,39,40,136.9052092910643,135.69732820569,3.0000000000000013
3.1000000000000014,3.1000000000000014,0.10000000000000009,0.1,8.326672684688674e-17,0.0,5,0,39,40,136.49838978802802,135.09732820569002,3.1000000000000014
3.2000000000000015,3.2000000000000015,0.10000000000000009,0.1,8.326672684688674e-17,0.0,5,0,39,41,136.09296486412126,134.49732820569002,3.2000000000000015
3.3000000000000016,3.3000000000000016,0.10000000000000009,0.1,8.326672684688674e-17,0.0,5,0,39,41,135.6900219820869,133.89732820569003,3.3000000000000016
3.4000000000000017,3.4000000000000017,0.10000000000000009,0.1,8.326672684688674e-17,0.0,5,0,41,41,135.2865375961397,133.29732820569004,3.4000000000000012
3.5000000000000018,3.5000000000000018,0.10000000000000009,0.1,8.326672684688674e-17,0.0,5,0,42,41,134.8811320952096,132.69732820569004,3.5000000000000013
3.600000000000002,3.600000000000002,0.10000000000000009,0.1,8.326672684688674e-17,0.0,5,0,42,40,134.47685233074577,132.09732820569005,3.6000000000000023
3.700000000000002,3.700000000000002,0.10000000000000009,0.1,8.326672684688674e-17,0.0,5,0,43,40,134.07545307524074,131.49732820569005,3.700000000000002
3.800000000000002,3.800000000000002,0.10000000000000009,0.1,8.326672684688674e-17,0.0,5,0,43,41,133.68927319990613,130.99319109489295,3.800000000000002
3.900000000000002,3.900000000000002,0.10000000000000009,0.1,8.326672684688674e-17,0.0,5,0,43,42,133.34140145726798,130.69112253949442,3.900000000000002
4.000000000000002,4.000000000000002,0.09999999999999964,0.1,-3.608224830031759e-16,0.0,5,0,44,42,133.01892458729824,130.49008826179514,4.000000000000002
4.100000000000001,4.100000000000001,0.09999999999999964,0.1,-3.608224830031759e-16,0.0,5,0,44,42,132.7055499684552,130.3395711229455,4.100000000000001
4.200000000000001,4.200000000000001,0.09999999999999964,0.1,-3.608224830031759e-16,0.0,5,0,44,43,132.39994955549423,130.2395711229455,4.200000000000001
4.300000000000001,4.300000000000001,0.09999999999999964,0.1,-3.608224830031759e-16,0.0,5,0,44,43,132.09492241682452,130.1395711229455,4.300000000000001
4.4,4.4,0.09999999999999964,0.1,-3.608224830031759e-16,0.0,5,0,44,44,131.78767729212038,130.03957112294552,4.4
4.5,4.5,0.09999999999999964,0.1,-3.608224830031759e-16,0.0,5,0,44,45,131.47188330841078,129.93957112294552,4.5
4.6,4.6,0.09999999999999964,0.1,-3.608224830031759e-16,0.0,5,0,44,45,131.1689464239405,129.83957112294553,4.6
4.699999999999999,4.699999999999999,0.09999999999999964,0.1,-3.608224830031759e-16,0.0,5,0,44,46,130.86892093305883,129.73957112294553,4.699999999999999
4.799999999999999,4.799999999999999,0.09999999999999964,0.1,-3.608224830031759e-16,0.0,5,0,44,47,130.5669208528354,129.63957112294554,4.799999999999999
4.899999999999999,4.899999999999999,0.09999999999999964,0.1,-3.608224830031759e-16,0.0,5,0,44,48,130.2645169209109,129.53957112294555,4.899999999999999
4.999999999999998,4.999999999999998,0.09999999999999964,0.1,-3.608224830031759e-16,0.0,5,0,44,49,129.96224784803834,129.43957112294555,4.999999999999998
5.099999999999998,5.099999999999998,0.09999999999999964,0.1,-3.608224830031759e-16,0.0,5,0,44,49,129.65023158279604,129.33957112294556,5.099999999999998
5.1999999999999975,5.1999999999999975,0.09999999999999964,0.1,-3.608224830031759e-16,0.0,5,0,44,50,129.34006839387635,129.23957112294556,5.1999999999999975
5.299999999999997,5.299999999999997,0.09999999999999964,0.1,-3.608224830031759e-16,0.0,5,0,45,50,129.0317675860818,129.13957112294557,5.299999999999997
5.399999999999997,5.399999999999997,0.09999999999999964,0.1,-3.608224830031759e-16,0.0,5,0,46,51,128.71998148748102,129.03957112294557,5.399999999999997
5.4999999999999964,5.4999999999999964,0.09999999999999964,0.1,-3.608224830031759e-16,0.0,5,0,46,49,128.40846214451904,128.93957112294558,5.4999999999999964
5.599999999999996,5.599999999999996,0.09999999999999964,0.1,-3.608224830031759e-16,0.0,5,0,46,49,128.1050253383592,128.83957112294559,5.599999999999996
5.699999999999996,5.699999999999996,0.09999999999999964,0.1,-3.608224830031759e-16,0.0,5,0,46,50,127.80377781804873,128.7395711229456,5.699999999999996
5.799999999999995,5.799999999999995,0.09999999999999964,0.1,-3.608224830031759e-16,0.0,5,0,46,50,127.50217825958373,128.6395711229456,5.799999999999995
5.899999999999995,5.899999999999995,0.09999999999999964,0.1,-3.608224830031759e-16,0.0,5,0,47,50,127.19903711162706,128.5395711229456,5.899999999999995
5.999999999999995,5.999999999999995,0.09999999999999964,0.1,-3.608224830031759e-16,0.0,5,0,47,50,126.89575908912916,128.4395711229456,5.999999999999995
6.099999999999994,6.099999999999994,0.09999999999999964,0.1,-3.608224830031759e-16,0.0,5,0,47,51,126.5910129854,128.3395711229456,6.099999999999994
6.199999999999994,6.199999999999994,0.09999999999999964,0.1,-3.608224830031759e-16,0.0,5,0,47,50,126.29101298539999,128.23957112294562,6.199999999999994
6.299999999999994,6.299999999999994,0.09999999999999964,0.1,-3.608224830031759e-16,0.0,5,0,47,51,125.99101298539999,128.13957112294563,6.299999999999994
6.399999999999993,6.399999999999993,0.09999999999999964,0.1,-3.608224830031759e-16,0.0,5,0,48,52,125.6910129854,128.03957112294563,6.399999999999993
6.499999999999993,6.499999999999993,0.09999999999999964,0.1,-3.608224830031759e-16,0.0,5,0,49,52,125.3910129854,127.93957112294564,6.499999999999993
6.5999999999999925,6.5999999999999925,0.09999999999999964,0.1,-3.608224830031759e-16,0.0,5,0,50,52,125.09101298540001,127.83957112294564,6.5999999999999925
6.699999999999992,6.699999999999992,0.09999999999999964,0.1,-3.608224830031759e-16,0.0,5,0,50,52,124.79101298540002,127.73957112294565,6.699999999999991
6.799999999999992,6.799999999999992,0.09999999999999964,0.1,-3.608224830031759e-16,0.0,5,0,51,52,124.52486545139459,127.63957112294565,6.799999999999992
6.8999999999999915,6.8999999999999915,0.09999999999999964,0.1,-3.608224830031759e-16,0.0,5,0,51,52,124.28320466458823,127.53957112294566,6.8999999999999915
6.999999999999991,6.999999999999991,0.09999999999999964,0.1,-3.608224830031759e-16,0.0,5,0,51,52,124.0546088488205,127.43957112294567,6.999999999999991
7.099999999999991,7.099999999999991,0.09999999999999964,0.1,-3.608224830031759e-16,0.0,5,0,51,52,123.83350621260311,127.33957112294567,7.099999999999992
7.19999999999999,7.19999999999999,0.09999999999999964,0.1,-3.608224830031759e-16,0.0,5,0,51,52,123.62077381715577,127.23957112294568,7.19999999999999
7.29999999999999,7.29999999999999,0.09999999999999964,0.1,-3.608224830031759e-16,0.0,5,0,52,52,123.40804142170842,127.13957112294568,7.29999999999999
7.39999999999999,7.39999999999999,0.09999999999999964,0.1,-3.608224830031759e-16,0.0,5,0,52,52,123.19530902626107,127.03957112294569,7.39999999999999
7.499999999999989,7.499999999999989,0.09999999999999964,0.1,-3.608224830031759e-16,0.0,5,0,52,52,122.98257663081372,126.9395711229457,7.4999999999999885
7.599999999999989,7.599999999999989,0.09999999999999964,0.1,-3.608224830031759e-16,0.0,5,0,52,52,122.78257663081374,126.8395711229457,7.599999999999989
7.699999999999989,7.699999999999989,0.09999999999999964,0.1,-3.608224830031759e-16,0.0,5,0,52,52,122.58257663081375,126.7395711229457,7.699999999999989
7.799999999999988,7.799999999999988,0.09999999999999964,0.1,-3.608224830031759e-16,0.0,5,0,54,52,122.38257663081374,126.63957112294571,7.799999999999988
7.899999999999988,7.899999999999988,0.09999999999999964,0.1,-3.608224830031759e-16,0.0,5,0,54,52,122.18762494197381,126.53957112294572,7.899999999999989
7.999999999999988,7.999999999999988,0.09999999999999964,0.1,-3.608224830031759e-16,0.0,5,0,54,52,122.08762494197381,126.43957112294572,7.999999999999988
8.099999999999987,8.099999999999987,0.09999999999999964,0.1,-3.608224830031759e-16,0.0,5,0,54,52,121.9876249419738,126.33957112294573,8.099999999999987
8.199999999999987,8.199999999999987,0.09999999999999964,0.1,-3.608224830031759e-16,0.0,5,0,54,52,121.88762494197383,126.23957112294573,8.199999999999987
8.299999999999986,8.299999999999986,0.09999999999999964,0.1,-3.608224830031759e-16,0.0,5,0,54,52,121.78762494197383,126.13957112294574,8.299999999999986
8.399999999999986,8.399999999999986,0.09999999999999964,0.1,-3.608224830031759e-16,0.0,5,0,55,52,121.68762494197384,126.03957112294574,8.399999999999986
8.499999999999986,8.499999999999986,0.09999999999999964,0.1,-3.608224830031759e-16,0.0,5,0,55,52,121.58762494197383,125.93957112294575,8.499999999999986
8.599999999999985,8.599999999999985,0.09999999999999964,0.1,-3.608224830031759e-16,0.0,5,0,55,53,121.48762494197385,125.83957112294576,8.599999999999985
8.699999999999985,8.699999999999985,0.09999999999999964,0.1,-3.608224830031759e-16,0.0,5,0,56,54,121.38762494197385,125.73957112294576,8.699999999999985
8.799999999999985,8.799999999999985,0.09999999999999964,0.1,-3.608224830031759e-16,0.0,5,0,56,54,121.28762494197386,125.63957112294577,8.799999999999985
8.899999999999984,8.899999999999984,0.09999999999999964,0.1,-3.608224830031759e-16,0.0,5,0,57,54,121.18762494197385,125.53957112294577,8.899999999999984
8.999999999999984,8.999999999999984,0.09999999999999964,0.1,-3.608224830031759e-16,0.0,5,0,57,55,121.08762494197387,125.43957112294578,8.999999999999984
9.099999999999984,9.099999999999984,0.09999999999999964,0.1,-3.608224830031759e-16,0.0,5,0,57,55,120.98762494197388,125.33957112294578,9.099999999999984
9.199999999999983,9.199999999999983,0.09999999999999964,0.1,-3.608224830031759e-16,0.0,5,0,57,55,120.88762494197388,125.23957112294579,9.199999999999983
9.299999999999983,9.299999999999983,0.09999999999999964,0.1,-3.608224830031759e-16,0.0,5,0,57,55,120.78762494197387,125.1395711229458,9.299999999999983
9.399999999999983,9.399999999999983,0.09999999999999964,0.1,-3.608224830031759e-16,0.0,5,0,57,55,120.6876249419739,125.0395711229458,9.399999999999983
9.499999999999982,9.499999999999982,0.09999999999999964,0.1,-3.608224830031759e-16,0.0,5,0,57,55,120.5876249419739,124.93957112294581,9.499999999999982
9.599999999999982,9.599999999999982,0.09999999999999964,0.1,-3.608224830031759e-16,0.0,5,0,58,56,120.4876249419739,124.83957112294581,9.599999999999982
9.699999999999982,9.699999999999982,0.09999999999999964,0.1,-3.608224830031759e-16,0.0,5,0,58,57,120.3876249419739,124.73957112294582,9.699999999999982
9.799999999999981,9.799999999999981,0.09999999999999964,0.1,-3.608224830031759e-16,0.0,5,0,58,57,120.28762494197392,124.63957112294582,9.799999999999981
9.89999999999998,9.89999999999998,0.09999999999999964,0.1,-3.608224830031759e-16,0.0,5,0,59,57,120.18762494197392,124.53957112294583,9.89999999999998
9.99999999999998,9.99999999999998,0.09999999999999964,0.1,-3.608224830031759e-16,0.0,5,0,59,57,120.08762494197393,124.43957112294584,9.99999999999998
10.09999999999998,10.09999999999998,0.09999999999999964,0.1,-3.608224830031759e-16,0.0,5,0,59,57,119.98762494197392,124.33957112294584,10.09999999999998
10.19999999999998,10.19999999999998,0.09999999999999964,0.1,-3.608224830031759e-16,0.0,5,0,59,57,119.88762494197394,124.23957112294585,10.19999999999998
10.29999999999998,10.29999999999998,0.09999999999999964,0.1,-3.608224830031759e-16,0.0,5,0,59,57,119.78762494197395,124.13957112294585,10.29999999999998
10.399999999999979,10.399999999999979,0.09999999999999964,0.1,-3.608224830031759e-16,0.0,5,0,59,57,119.68762494197395,124.03957112294586,10.399999999999979
10.499999999999979,10.499999999999979,0.09999999999999964,0.1,-3.608224830031759e-16,0.0,5,0,59,58,119.58762494197394,123.93957112294586,10.499999999999979
10.599999999999978,10.599999999999978,0.09999999999999964,0.1,-3.608224830031759e-16,0.0,5,0,59,58,119.48762494197396,123.83957112294587,10.599999999999978
10.699999999999978,10.699999999999978,0.09999999999999964,0.1,-3.608224830031759e-16,0.0,5,0,59,58,119.38762494197397,123.73957112294588,10.699999999999978
10.799999999999978,10.799999999999978,0.09999999999999964,0.1,-3.608224830031759e-16,0.0,5,0,59,59,119.28762494197397,123.63957112294588,10.799999999999978
10.899999999999977,10.899999999999977,0.09999999999999964,0.1,-3.608224830031759e-16,0.0,5,0,60,60,119.18762494197397,123.53957112294589,10.899999999999977
10.999999999999977,10.999999999999977,0.09999999999999964,0.1,-3.608224830031759e-16,0.0,5,0,60,60,119.08762494197398,123.43957112294589,10.999999999999977
11.099999999999977,11.099999999999977,0.09999999999999964,0.1,-3.608224830031759e-16,0.0,5,0,60,60,118.98762494197399,123.3395711229459,11.099999999999977
11.199999999999976,11.199999999999976,0.09999999999999964,0.1,-3.608224830031759e-16,0.0,5,0,61,61,118.887624941974,123.2395711229459,11.199999999999976
11.299999999999976,11.299999999999976,0.09999999999999964,0.1,-3.608224830031759e-16,0.0,5,0,62,61,118.78762494197399,123.13957112294591,11.299999999999976
11.399999999999975,11.399999999999975,0.09999999999999964,0.1,-3.608224830031759e-16,0.0,5,0,62,61,118.68762494197401,123.03957112294592,11.399999999999975
11.499999999999975,11.499999999999975,0.09999999999999964,0.1,-3.608224830031759e-16,0.0,5,0,62,61,118.58762494197401,122.93957112294592,11.499999999999975
11.599999999999975,11.599999999999975,0.09999999999999964,0.1,-3.608224830031759e-16,0.0,5,0,62,62,118.48762494197402,122.83957112294593,11.599999999999975
11.699999999999974,11.699999999999974,0.09999999999999964,0.1,-3.608224830031759e-16,0.0,5,0,62,62,118.38762494197401,122.73957112294593,11.699999999999974
11.799999999999974,11.799999999999974,0.09999999999999964,0.1,-3.608224830031759e-16,0.0,5,0,62,63,118.28762494197403,122.63957112294594,11.799999999999974
11.899999999999974,11.899999999999974,0.09999999999999964,0.1,-3.608224830031759e-16,0.0,5,0,62,64,118.18762494197404,122.53957112294594,11.899999999999974
11.999999999999973,11.999999999999973,0.09999999999999964,0.1,-3.608224830031759e-16,0.0,5,0,62,63,118.08762494197404,122.43957112294595,11.999999999999973
12.099999999999973,12.099999999999973,0.09999999999999964,0.1,-3.608224830031759e-16,0.0,5,0,63,63,117.98762494197403,122.33957112294596,12.099999999999973
12.199999999999973,12.199999999999973,0.09999999999999964,0.1,-3.608224830031759e-16,0.0,5,0,63,63,117.88762494197405,122.23957112294596,12.199999999999973
12.299999999999972,12.299999999999972,0.09999999999999964,0.1,-3.608224830031759e-16,0.0,5,0,63,63,117.78762494197406,122.13957112294597,12.299999999999972
12.399999999999972,12.399999999999972,0.09999999999999964,0.1,-3.608224830031759e-16,0.0,5,0,63,63,117.68762494197406,122.03957112294597,12.399999999999972
12.499999999999972,12.499999999999972,0.09999999999999964,0.1,-3.608224830031759e-16,0.0,5,0,63,63,117.58762494197406,121.93957112294598,12.499999999999972
12.599999999999971,12.599999999999971,0.09999999999999964,0.1,-3.608224830031759e-16,0.0,5,0,63,63,117.48762494197408,121.83957112294598,12.599999999999971
12.69999999999997,12.69999999999997,0.09999999999999964,0.1,-3.608224830031759e-16,0.0,5,0,63,63,117.38762494197408,121.73957112294599,12.69999999999997
12.79999999999997,12.79999999999997,0.09999999999999964,0.1,-3.608224830031759e-16,0.0,5,0,63,64,117.28762494197409,121.639571122946,12.79999999999997
12.89999999999997,12.89999999999997,0.09999999999999964,0.1,-3.608224830031759e-16,0.0,5,0,63,64,117.18762494197408,121.539571122946,12.899999999999972
12.99999999999997,12.99999999999997,0.09999999999999964,0.1,-3.608224830031759e-16,0.0,5,0,63,64,117.0876249419741,121.439571122946,12.999999999999968
13.09999999999997,13.09999999999997,0.09999999999999964,0.1,-3.608224830031759e-16,0.0,5,0,63,64,116.9876249419741,121.33957112294601,13.09999999999997
13.199999999999969,13.199999999999969,0.09999999999999964,0.1,-3.608224830031759e-16,0.0,5,0,63,64,116.88762494197411,121.23957112294602,13.199999999999969
13.299999999999969,13.299999999999969,0.09999999999999964,0.1,-3.608224830031759e-16,0.0,5,0,63,65,116.7876249419741,121.13957112294602,13.299999999999969
13.399999999999968,13.399999999999968,0.09999999999999964,0.1,-3.608224830031759e-16,0.0,5,0,63,66,116.68762494197412,121.03957112294603,13.399999999999968
13.499999999999968,13.499999999999968,0.09999999999999964,0.1,-3.608224830031759e-16,0.0,5,0,63,67,116.58762494197413,120.93957112294603,13.499999999999968
13.599999999999968,13.599999999999968,0.09999999999999964,0.1,-3.608224830031759e-16,0.0,5,0,63,66,116.48762494197413,120.83957112294604,13.59999999999997
13.699999999999967,13.699999999999967,0.09999999999999964,0.1,-3.608224830031759e-16,0.0,5,0,64,67,116.38762494197412,120.73957112294605,13.699999999999966
13.799999999999967,13.799999999999967,0.09999999999999964,0.1,-3.608224830031759e-16,0.0,5,0,64,68,116.28762494197414,120.63957112294605,13.799999999999965
13.899999999999967,13.899999999999967,0.09999999999999964,0.1,-3.608224830031759e-16,0.0,5,0,64,68,116.18762494197415,120.53957112294606,13.899999999999967
13.999999999999966,13.999999999999966,0.09999999999999964,0.1,-3.608224830031759e-16,0.0,5,0,64,68,116.08762494197416,120.43957112294606,13.999999999999966
14.099999999999966,14.099999999999966,0.09999999999999964,0.1,-3.608224830031759e-16,0.0,5,0,64,68,115.98762494197415,120.33957112294607,14.099999999999966
14.199999999999966,14.199999999999966,0.09999999999999964,0.1,-3.608224830031759e-16,0.0,5,0,64,68,115.88762494197417,120.23957112294607,14.199999999999966
14.299999999999965,14.299999999999965,0.09999999999999964,0.1,-3.608224830031759e-16,0.0,5,0,64,68,115.78762494197417,120.13957112294608,14.299999999999965
14.399999999999965,14.399999999999965,0.09999999999999964,0.1,-3.608224830031759e-16,0.0,5,0,64,68,115.68762494197418,120.03957112294609,14.399999999999967
14.499999999999964,14.499999999999964,0.09999999999999964,0.1,-3.608224830031759e-16,0.0,5,0,64,69,115.58762494197417,119.93957112294609,14.499999999999966
14.599999999999964,14.599999999999964,0.09999999999999964,0.1,-3.608224830031759e-16,0.0,5,0,64,69,115.48762494197419,119.8395711229461,14.599999999999962
14.699999999999964,14.699999999999964,0.09999999999999964,0.1,-3.608224830031759e-16,0.0,5,0,64,69,115.3876249419742,119.7395711229461,14.699999999999964
14.799999999999963,14.799999999999963,0.09999999999999964,0.1,-3.608224830031759e-16,0.0,5,0,64,69,115.2876249419742,119.63957112294611,14.799999999999963
14.899999999999963,14.899999999999963,0.09999999999999964,0.1,-3.608224830031759e-16,0.0,5,0,64,69,115.18762494197419,119.53957112294611,14.899999999999963
14.999999999999963,14.999999999999963,0.09999999999999964,0.1,-3.608224830031759e-16,0.0,5,0,64,69,115.08762494197421,119.43957112294612,14.999999999999963
15.099999999999962,15.099999999999962,0.09999999999999964,0.1,-3.608224830031759e-16,0.0,5,0,64,69,114.98762494197422,119.33957112294613,15.099999999999962
15.199999999999962,15.199999999999962,0.09999999999999964,0.1,-3.608224830031759e-16,0.0,5,0,64,69,114.88762494197422,119.23957112294613,15.199999999999964
15.299999999999962,15.299999999999962,0.09999999999999964,0.1,-3.608224830031759e-16,0.0,5,0,64,69,114.78762494197422,119.13957112294614,15.29999999999996
15.399999999999961,15.399999999999961,0.09999999999999964,0.1,-3.608224830031759e-16,0.0,5,0,64,70,114.68762494197424,119.03957112294614,15.39999999999996
15.499999999999961,15.499999999999961,0.09999999999999964,0.1,-3.608224830031759e-16,0.0,5,0,64,70,114.58762494197424,118.93957112294615,15.499999999999961
15.59999999999996,15.59999999999996,0.09999999999999964,0.1,-3.608224830031759e-16,0.0,5,0,64,71,114.48762494197425,118.83957112294615,15.59999999999996
15.69999999999996,15.69999999999996,0.09999999999999964,0.1,-3.608224830031759e-16,0.0,5,0,64,72,114.38762494197424,118.73957112294616,15.69999999999996
15.79999999999996,15.79999999999996,0.09999999999999964,0.1,-3.608224830031759e-16,0.0,5,0,64,72,114.28762494197426,118.63957112294617,15.79999999999996
15.89999999999996,15.89999999999996,0.09999999999999964,0.1,-3.608224830031759e-16,0.0,5,0,64,72,114.18762494197426,118.53957112294617,15.89999999999996
15.99999999999996,15.99999999999996,0.09999999999999964,0.1,-3.608224830031759e-16,0.0,5,0,65,72,114.08762494197427,118.43957112294618,15.999999999999961
16.09999999999996,16.09999999999996,0.09999999999999964,0.1,-3.608224830031759e-16,0.0,5,0,65,72,113.98762494197426,118.33957112294618,16.09999999999996
16.19999999999996,16.19999999999996,0.10000000000000142,0.1,1.4155343563970746e-15,0.0,5,0,65,72,113.88762494197428,118.23957112294619,16.19999999999996
16.29999999999996,16.29999999999996,0.10000000000000142,0.1,1.4155343563970746e-15,0.0,5,0,65,72,113.78762494197429,118.1395711229462,16.29999999999996
16.399999999999963,16.399999999999963,0.10000000000000142,0.1,1.4155343563970746e-15,0.0,5,0,65,73,113.68762494197429,118.0395711229462,16.399999999999963
16.499999999999964,16.499999999999964,0.10000000000000142,0.1,1.4155343563970746e-15,0.0,5,0,65,73,113.58762494197428,117.9395711229462,16.499999999999964
16.599999999999966,16.599999999999966,0.10000000000000142,0.1,1.4155343563970746e-15,0.0,5,0,65,74,113.4876249419743,117.83957112294621,16.599999999999966
16.699999999999967,16.699999999999967,0.10000000000000142,0.1,1.4155343563970746e-15,0.0,5,0,65,74,113.38762494197431,117.73957112294622,16.699999999999967
16.79999999999997,16.79999999999997,0.10000000000000142,0.1,1.4155343563970746e-15,0.0,5,0,65,74,113.28762494197431,117.63957112294622,16.79999999999997
16.89999999999997,16.89999999999997,0.10000000000000142,0.1,1.4155343563970746e-15,0.0,5,0,65,74,113.1876249419743,117.53957112294623,16.89999999999997
16.99999999999997,16.99999999999997,0.10000000000000142,0.1,1.4155343563970746e-15,0.0,5,0,65,74,113.08762494197433,117.43957112294623,16.99999999999997
17.099999999999973,17.099999999999973,0.10000000000000142,0.1,1.4155343563970746e-15,0.0,5,0,65,75,112.98762494197433,117.33957112294624,17.099999999999973
17.199999999999974,17.199999999999974,0.10000000000000142,0.1,1.4155343563970746e-15,0.0,5,0,65,75,112.88762494197434,117.23957112294624,17.199999999999974
17.299999999999976,17.299999999999976,0.10000000000000142,0.1,1.4155343563970746e-15,0.0,5,0,66,75,112.78762494197433,117.13957112294625,17.299999999999976
17.399999999999977,17.399999999999977,0.10000000000000142,0.1,1.4155343563970746e-15,0.0,5,0,66,75,112.68762494197435,117.03957112294626,17.399999999999977
17.49999999999998,17.49999999999998,0.10000000000000142,0.1,1.4155343563970746e-15,0.0,5,0,66,75,112.58762494197435,116.93957112294626,17.49999999999998
17.59999999999998,17.59999999999998,0.10000000000000142,0.1,1.4155343563970746e-15,0.0,5,0,67,75,112.48762494197436,116.83957112294627,17.59999999999998
17.69999999999998,17.69999999999998,0.10000000000000142,0.1,1.4155343563970746e-15,0.0,5,0,67,74,112.38762494197435,116.73957112294627,17.69999999999998
17.799999999999983,17.799999999999983,0.10000000000000142,0.1,1.4155343563970746e-15,0.0,5,0,67,74,112.28762494197437,116.63957112294628,17.799999999999983
17.899999999999984,17.899999999999984,0.10000000000000142,0.1,1.4155343563970746e-15,0.0,5,0,67,74,112.18762494197438,116.53957112294628,17.899999999999984
17.999999999999986,17.999999999999986,0.10000000000000142,0.1,1.4155343563970746e-15,0.0,5,0,67,74,112.08762494197438,116.43957112294629,17.999999999999986
18.099999999999987,18.099999999999987,0.10000000000000142,0.1,1.4155343563970746e-15,0.0,5,0,67,74,111.98762494197437,116.3395711229463,18.099999999999987
18.19999999999999,18.19999999999999,0.10000000000000142,0.1,1.4155343563970746e-15,0.0,5,0,67,74,111.8876249419744,116.2395711229463,18.19999999999999
18.29999999999999,18.29999999999999,0.10000000000000142,0.1,1.4155343563970746e-15,0.0,5,0,67,74,111.7876249419744,116.13957112294631,18.29999999999999
18.39999999999999,18.39999999999999,0.10000000000000142,0.1,1.4155343563970746e-15,0.0,5,0,68,74,111.6876249419744,116.03957112294631,18.39999999999999
18.499999999999993,18.499999999999993,0.10000000000000142,0.1,1.4155343563970746e-15,0.0,5,0,68,75,111.5876249419744,115.93957112294632,18.499999999999993
18.599999999999994,18.599999999999994,0.10000000000000142,0.1,1.4155343563970746e-15,0.0,5,0,68,75,111.48762494197442,115.83957112294632,18.599999999999994
18.699999999999996,18.699999999999996,0.10000000000000142,0.1,1.4155343563970746e-15,0.0,5,0,69,75,111.38762494197442,115.73957112294633,18.699999999999996
18.799999999999997,18.799999999999997,0.10000000000000142,0.1,1.4155343563970746e-15,0.0,5,0,69,76,111.28762494197443,115.63957112294634,18.799999999999997
18.9,18.9,0.10000000000000142,0.1,1.4155343563970746e-15,0.0,5,0,69,76,111.18762494197442,115.53957112294634,18.9
19.0,19.0,0.10000000000000142,0.1,1.4155343563970746e-15,0.0,5,0,69,76,111.08762494197444,115.43957112294635,19.0
19.1,19.1,0.10000000000000142,0.1,1.4155343563970746e-15,0.0,5,0,69,76,110.98762494197445,115.33957112294635,19.1
19.200000000000003,19.200000000000003,0.10000000000000142,0.1,1.4155343563970746e-15,0.0,5,0,69,76,110.88762494197445,115.23957112294636,19.200000000000003
19.300000000000004,19.300000000000004,0.10000000000000142,0.1,1.4155343563970746e-15,0.0,5,0,69,76,110.78762494197444,115.13957112294636,19.300000000000004
19.400000000000006,19.400000000000006,0.10000000000000142,0.1,1.4155343563970746e-15,0.0,5,0,69,75,110.68762494197446,115.03957112294637,19.400000000000006
19.500000000000007,19.500000000000007,0.10000000000000142,0.1,1.4155343563970746e-15,0.0,5,0,70,74,110.58762494197447,114.93957112294638,19.500000000000007
19.60000000000001,19.60000000000001,0.10000000000000142,0.1,1.4155343563970746e-15,0.0,5,0,70,74,110.37376069325339,114.27024987934098,19.60000000000001
19.70000000000001,19.70000000000001,0.10000000000000142,0.1,1.4155343563970746e-15,0.0,5,0,70,74,110.1737606932534,113.67024987934099,19.70000000000001
19.80000000000001,19.80000000000001,0.10000000000000142,0.1,1.4155343563970746e-15,0.0,5,0,70,73,109.9737606932534,113.07024987934099,19.80000000000001
19.900000000000013,19.900000000000013,0.10000000000000142,0.1,1.4155343563970746e-15,0.0,5,0,70,73,109.77376069325342,112.470249879341,19.900000000000013
20.000000000000014,20.000000000000014,0.10000000000000142,0.1,1.4155343563970746e-15,0.0,5,0,70,73,109.30738781205598,111.870249879341,20.000000000000014
20.100000000000016,20.140200000000014,0.1402000000000001,0.1,0.0402000000000001,0.0,5,0,69,73,116.93465541660865,120.605687710641,20.100000000000016
20.200000000000017,20.283000000000015,0.14280000000000115,0.1,0.04280000000000114,0.0,6,0,68,73,100.05351523712706,95.24643672039981,16.850000000000012
20.30000000000002,20.383000000000017,0.10000000000000142,0.1,1.4155343563970746e-15,0.0,7,0,68,73,81.81677718884903,74.9,14.542857142857157
20.40000000000002,20.48300000000002,0.10000000000000142,0.1,1.4155343563970746e-15,0.0,7,0,68,73,81.34067392329348,74.2884888986409,14.642857142857157
20.50000000000002,20.58300000000002,0.10000000000000142,0.1,1.4155343563970746e-15,0.0,7,0,68,73,80.87137051727412,73.66702703374199,14.742857142857158
20.600000000000023,20.68300000000002,0.10000000000000142,0.1,1.4155343563970746e-15,0.0,7,0,68,73,80.40157145209254,73.04433509028263,14.84285714285716
20.700000000000024,20.783000000000023,0.10000000000000142,0.1,1.4155343563970746e-15,0.0,7,0,68,74,79.93310192066069,72.42871034749642,14.94285714285716
20.800000000000026,20.883000000000024,0.10000000000000142,0.1,1.4155343563970746e-15,0.0,7,0,68,74,79.46347506024986,71.80739062591202,15.04285714285716
20.900000000000027,20.983000000000025,0.10000000000000142,0.1,1.4155343563970746e-15,0.0,7,0,68,74,79.0030161000636,71.18417790460819,15.142857142857162
21.00000000000003,21.083000000000027,0.10000000000000142,0.1,1.4155343563970746e-15,0.0,7,0,69,74,78.54514642108848,70.57909015178224,15.242857142857163
21.10000000000003,21.23420000000003,0.1512000000000029,0.1,0.05120000000000288,0.0,7,0,68,74,85.3989598118603,88.91359456383518,15.342857142857165
21.20000000000003,21.33420000000003,0.10000000000000142,0.1,1.4155343563970746e-15,0.0,7,0,68,74,84.93717269521747,88.81359456383518,15.442857142857164
21.300000000000033,21.434200000000033,0.10000000000000142,0.1,1.4155343563970746e-15,0.0,7,0,68,74,84.47656625167816,88.71359456383519,15.542857142857168
21.400000000000034,21.534200000000034,0.10000000000000142,0.1,1.4155343563970746e-15,0.0,7,0,68,74,84.01866544398592,88.61359456383519,15.642857142857167
21.500000000000036,21.634200000000035,0.10000000000000142,0.1,1.4155343563970746e-15,0.0,7,0,68,75,83.56076172155574,88.5135945638352,15.742857142857167
21.600000000000037,21.734200000000037,0.10000000000000142,0.1,1.4155343563970746e-15,0.0,7,0,68,75,83.11784966607259,88.4135945638352,15.84285714285717
21.70000000000004,21.83420000000004,0.10000000000000142,0.1,1.4155343563970746e-15,0.0,7,0,68,75,82.77289100213103,88.31359456383521,15.94285714285717
21.80000000000004,21.93420000000004,0.10000000000000142,0.1,1.4155343563970746e-15,0.0,7,0,68,75,82.45615415058728,88.21359456383522,16.04285714285717
21.90000000000004,22.03420000000004,0.10000000000000142,0.1,1.4155343563970746e-15,0.0,7,0,68,75,82.13066558153365,88.11359456383522,16.142857142857174
22.000000000000043,22.134200000000043,0.10000000000000142,0.1,1.4155343563970746e-15,0.0,7,0,69,74,81.82397310452086,88.01359456383523,16.242857142857172
22.100000000000044,22.234200000000044,0.10000000000000142,0.1,1.4155343563970746e-15,0.0,7,0,69,75,81.58111596166371,87.91359456383523,16.342857142857174
22.200000000000045,22.334200000000045,0.10000000000000142,0.1,1.4155343563970746e-15,0.0,7,0,69,76,81.33825881880658,87.81359456383524,16.442857142857175
22.300000000000047,22.434200000000047,0.10000000000000142,0.1,1.4155343563970746e-15,0.0,7,0,69,76,81.09540167594943,87.71359456383524,16.542857142857176
22.40000000000005,22.534200000000048,0.10000000000000142,0.1,1.4155343563970746e-15,0.0,7,0,69,76,80.8525445330923,87.61359456383525,16.642857142857178
22.50000000000005,22.63420000000005,0.10000000000000142,0.1,1.4155343563970746e-15,0.0,7,0,69,76,80.60968739023515,87.51359456383526,16.74285714285718
22.60000000000005,22.73420000000005,0.10000000000000142,0.1,1.4155343563970746e-15,0.0,7,0,69,76,80.3973115754488,87.41359456383526,16.84285714285718
22.700000000000053,22.834200000000052,0.10000000000000142,0.1,1.4155343563970746e-15,0.0,7,0,69,77,80.20540938234133,87.31359456383527,16.942857142857182
22.800000000000054,22.934200000000054,0.10000000000000142,0.1,1.4155343563970746e-15,0.0,7,0,70,77,80.02374400007331,87.21359456383527,17.04285714285718
22.900000000000055,23.087000000000057,0.1528000000000027,0.1,0.052800000000002706,0.0,7,0,69,77,87.40884258123403,92.54643672039997,17.142857142857185
23.000000000000057,23.187000000000058,0.10000000000000142,0.1,1.4155343563970746e-15,0.0,7,0,69,77,87.30884258123403,92.44643672039997,17.242857142857183
23.10000000000006,23.28700000000006,0.10000000000000142,0.1,1.4155343563970746e-15,0.0,7,0,69,77,87.20884258123404,92.34643672039998,17.342857142857184
23.20000000000006,23.38700000000006,0.10000000000000142,0.1,1.4155343563970746e-15,0.0,7,0,70,77,87.10884258123404,92.24643672039998,17.442857142857186
23.30000000000006,23.487000000000062,0.10000000000000142,0.1,1.4155343563970746e-15,0.0,7,0,70,77,87.00884258123403,92.14643672039999,17.542857142857187
23.400000000000063,23.587000000000064,0.10000000000000142,0.1,1.4155343563970746e-15,0.0,7,0,70,77,86.90884258123404,92.0464367204,17.64285714285719
23.500000000000064,23.687000000000065,0.10000000000000142,0.1,1.4155343563970746e-15,0.0,7,0,71,77,86.80884258123406,91.9464367204,17.74285714285719
23.600000000000065,23.787000000000067,0.10000000000000142,0.1,1.4155343563970746e-15,0.0,7,0,72,77,86.70884258123405,91.8464367204,17.84285714285719
23.700000000000067,23.887000000000068,0.10000000000000142,0.1,1.4155343563970746e-15,0.0,7,0,73,77,86.60884258123406,91.74643672040001,17.94285714285719
23.800000000000068,23.98700000000007,0.10000000000000142,0.1,1.4155343563970746e-15,0.0,7,0,73,77,86.50884258123406,91.64643672040002,18.04285714285719
23.90000000000007,24.08700000000007,0.10000000000000142,0.1,1.4155343563970746e-15,0.0,7,0,73,77,86.40884258123405,91.54643672040002,18.142857142857192
24.00000000000007,24.187000000000072,0.10000000000000142,0.1,1.4155343563970746e-15,0.0,7,0,73,77,86.30884258123407,91.44643672040003,18.242857142857194
24.100000000000072,24.287000000000074,0.10000000000000142,0.1,1.4155343563970746e-15,0.0,7,0,73,78,86.20884258123407,91.34643672040004,18.342857142857195
24.200000000000074,24.387000000000075,0.10000000000000142,0.1,1.4155343563970746e-15,0.0,7,0,73,78,86.10884258123407,91.24643672040004,18.442857142857196
24.300000000000075,24.487000000000076,0.10000000000000142,0.1,1.4155343563970746e-15,0.0,7,0,73,78,86.00884258123408,91.14643672040005,18.542857142857198
24.400000000000077,24.587000000000078,0.10000000000000142,0.1,1.4155343563970746e-15,0.0,7,0,74,78,85.90884258123408,91.04643672040005,18.6428571428572
24.500000000000078,24.68700000000008,0.10000000000000142,0.1,1.4155343563970746e-15,0.0,7,0,74,77,85.80884258123409,90.94643672040006,18.742857142857197
24.60000000000008,24.78700000000008,0.10000000000000142,0.1,1.4155343563970746e-15,0.0,7,0,74,77,85.7088425812341,90.84643672040006,18.842857142857202
24.70000000000008,24.887000000000082,0.10000000000000142,0.1,1.4155343563970746e-15,0.0,7,0,74,77,85.60884258123409,90.74643672040007,18.9428571428572
24.800000000000082,24.987000000000084,0.10000000000000142,0.1,1.4155343563970746e-15,0.0,7,0,74,77,85.5088425812341,90.64643672040008,19.0428571428572
24.900000000000084,25.087000000000085,0.10000000000000142,0.1,1.4155343563970746e-15,0.0,7,0,74,77,85.4088425812341,90.54643672040008,19.142857142857203
25.000000000000085,25.187000000000086,0.10000000000000142,0.1,1.4155343563970746e-15,0.0,7,0,75,77,85.3088425812341,90.44643672040009,19.2428571428572
25.100000000000087,25.287000000000088,0.10000000000000142,0.1,1.4155343563970746e-15,0.0,7,0,76,76,85.20884258123411,90.34643672040009,19.342857142857206
25.200000000000088,25.38700000000009,0.10000000000000142,0.1,1.4155343563970746e-15,0.0,7,0,76,76,85.1088425812341,90.2464367204001,19.442857142857207
25.30000000000009,25.48700000000009,0.10000000000000142,0.1,1.4155343563970746e-15,0.0,7,0,76,76,85.00884258123412,90.1464367204001,19.542857142857205
25.40000000000009,25.587000000000092,0.10000000000000142,0.1,1.4155343563970746e-15,0.0,7,0,77,76,84.90884258123413,90.04643672040011,19.642857142857206
25.500000000000092,25.687000000000094,0.10000000000000142,0.1,1.4155343563970746e-15,0.0,7,0,77,77,84.80884258123412,89.94643672040011,19.742857142857208
25.600000000000094,25.787000000000095,0.10000000000000142,0.1,1.4155343563970746e-15,0.0,7,0,77,77,84.70884258123412,89.84643672040012,19.84285714285721
25.700000000000095,25.887000000000096,0.10000000000000142,0.1,1.4155343563970746e-15,0.0,7,0,77,77,84.60884258123413,89.74643672040013,19.94285714285721
25.800000000000097,25.987000000000098,0.10000000000000142,0.1,1.4155343563970746e-15,0.0,7,0,77,77,84.50884258123413,89.64643672040013,20.04285714285721
25.900000000000098,26.0870000000001,0.10000000000000142,0.1,1.4155343563970746e-15,0.0,7,0,77,77,84.40884258123414,89.54643672040014,20.142857142857213
26.0000000000001,26.1870000000001,0.10000000000000142,0.1,1.4155343563970746e-15,0.0,7,0,77,77,84.30884258123413,89.44643672040014,20.242857142857215
26.1000000000001,26.287000000000102,0.10000000000000142,0.1,1.4155343563970746e-15,0.0,7,0,77,77,84.20884258123415,89.34643672040015,20.342857142857213
26.200000000000102,26.387000000000103,0.10000000000000142,0.1,1.4155343563970746e-15,0.0,7,0,77,78,84.10884258123416,89.24643672040015,20.442857142857214
26.300000000000104,26.487000000000105,0.10000000000000142,0.1,1.4155343563970746e-15,0.0,7,0,77,78,84.00884258123415,89.14643672040016,20.542857142857212
26.400000000000105,26.587000000000106,0.10000000000000142,0.1,1.4155343563970746e-15,0.0,7,0,77,78,83.90884258123415,89.04643672040017,20.642857142857217
26.500000000000107,26.687000000000108,0.10000000000000142,0.1,1.4155343563970746e-15,0.0,7,0,77,79,83.80884258123415,88.94643672040017,20.74285714285722
26.600000000000108,26.78700000000011,0.10000000000000142,0.1,1.4155343563970746e-15,0.0,7,0,77,79,83.70884258123417,88.84643672040018,20.842857142857216
26.70000000000011,26.88700000000011,0.10000000000000142,0.1,1.4155343563970746e-15,0.0,7,0,77,77,83.60884258123417,88.74643672040018,20.942857142857218
26.80000000000011,26.987000000000112,0.10000000000000142,0.1,1.4155343563970746e-15,0.0,7,0,77,78,83.50884258123416,88.64643672040019,21.042857142857223
26.900000000000112,27.087000000000113,0.10000000000000142,0.1,1.4155343563970746e-15,0.0,7,0,77,78,83.40884258123417,88.5464367204002,21.14285714285722
27.000000000000114,27.187000000000115,0.10000000000000142,0.1,1.4155343563970746e-15,0.0,7,0,78,79,83.30884258123419,88.4464367204002,21.242857142857222
27.100000000000115,27.287000000000116,0.10000000000000142,0.1,1.4155343563970746e-15,0.0,7,0,79,79,83.20884258123418,88.3464367204002,21.34285714285722
27.200000000000117,27.387000000000118,0.10000000000000142,0.1,1.4155343563970746e-15,0.0,7,0,79,80,83.10884258123419,88.24643672040021,21.442857142857225
27.300000000000118,27.48700000000012,0.10000000000000142,0.1,1.4155343563970746e-15,0.0,7,0,81,80,83.00884258123418,88.14643672040022,21.542857142857226
27.40000000000012,27.58700000000012,0.10000000000000142,0.1,1.4155343563970746e-15,0.0,7,0,82,81,82.9088425812342,88.04643672040022,21.642857142857224
27.50000000000012,27.687000000000122,0.10000000000000142,0.1,1.4155343563970746e-15,0.0,7,0,82,81,82.8088425812342,87.94643672040023,21.742857142857225
27.600000000000122,27.787000000000123,0.10000000000000142,0.1,1.4155343563970746e-15,0.0,7,0,82,81,82.7088425812342,87.84643672040023,21.84285714285723
27.700000000000124,27.887000000000125,0.10000000000000142,0.1,1.4155343563970746e-15,0.0,7,0,82,81,82.6088425812342,87.74643672040024,21.94285714285723
27.800000000000125,27.987000000000126,0.10000000000000142,0.1,1.4155343563970746e-15,0.0,7,0,83,81,82.50884258123422,87.64643672040025,22.04285714285723
27.900000000000126,28.087000000000128,0.10000000000000142,0.1,1.4155343563970746e-15,0.0,7,0,84,82,82.40884258123421,87.54643672040025,22.142857142857228
28.000000000000128,28.18700000000013,0.10000000000000142,0.1,1.4155343563970746e-15,0.0,7,0,84,82,82.30884258123422,87.44643672040026,22.24285714285723
28.10000000000013,28.28700000000013,0.10000000000000142,0.1,1.4155343563970746e-15,0.0,7,0,84,83,82.20884258123421,87.34643672040026,22.342857142857234
28.20000000000013,28.387000000000132,0.10000000000000142,0.1,1.4155343563970746e-15,0.0,7,0,84,84,82.10884258123421,87.24643672040027,22.442857142857232
28.300000000000132,28.487000000000133,0.10000000000000142,0.1,1.4155343563970746e-15,0.0,7,0,85,85,82.00884258123423,87.14643672040027,22.542857142857233
28.400000000000134,28.587000000000135,0.10000000000000142,0.1,1.4155343563970746e-15,0.0,7,0,86,85,81.90884258123423,87.04643672040028,22.642857142857235
28.500000000000135,28.687000000000136,0.10000000000000142,0.1,1.4155343563970746e-15,0.0,7,0,86,85,81.80884258123423,86.94643672040029,22.742857142857236
28.600000000000136,28.787000000000138,0.10000000000000142,0.1,1.4155343563970746e-15,0.0,7,0,86,85,81.70884258123424,86.84643672040029,22.842857142857238
28.700000000000138,28.88700000000014,0.10000000000000142,0.1,1.4155343563970746e-15,0.0,7,0,86,85,81.60884258123424,86.7464367204003,22.942857142857235
28.80000000000014,28.98700000000014,0.10000000000000142,0.1,1.4155343563970746e-15,0.0,7,0,86,85,81.50884258123425,86.6464367204003,23.042857142857237
28.90000000000014,29.087000000000142,0.10000000000000142,0.1,1.4155343563970746e-15,0.0,7,0,86,86,81.40884258123424,86.54643672040031,23.142857142857242
29.000000000000142,29.187000000000143,0.10000000000000142,0.1,1.4155343563970746e-15,0.0,7,0,86,86,81.30884258123425,86.44643672040031,23.24285714285724
29.100000000000144,29.287000000000145,0.10000000000000142,0.1,1.4155343563970746e-15,0.0,7,0,86,87,81.20884258123426,86.34643672040032,23.34285714285724
29.200000000000145,29.387000000000146,0.10000000000000142,0.1,1.4155343563970746e-15,0.0,7,0,86,88,81.10884258123426,86.24643672040033,23.442857142857243
29.300000000000146,29.487000000000148,0.10000000000000142,0.1,1.4155343563970746e-15,0.0,7,0,87,88,81.00884258123426,86.14643672040033,23.54285714285724
29.400000000000148,29.58700000000015,0.10000000000000142,0.1,1.4155343563970746e-15,0.0,7,0,87,88,80.90884258123427,86.04643672040034,23.642857142857245
29.50000000000015,29.68700000000015,0.10000000000000142,0.1,1.4155343563970746e-15,0.0,7,0,87,87,80.80884258123426,85.94643672040034,23.742857142857243
29.60000000000015,29.787000000000152,0.10000000000000142,0.1,1.4155343563970746e-15,0.0,7,0,87,87,80.70884258123428,85.84643672040035,23.842857142857245
29.700000000000152,29.887000000000153,0.10000000000000142,0.1,1.4155343563970746e-15,0.0,7,0,87,87,80.60884258123427,85.74643672040035,23.942857142857246
29.800000000000153,29.987000000000155,0.10000000000000142,0.1,1.4155343563970746e-15,0.0,7,0,88,87,80.50884258123428,85.64643672040036,24.042857142857248
29.900000000000155,30.087000000000156,0.10000000000000142,0.1,1.4155343563970746e-15,0.0,7,0,89,87,80.40884258123428,85.54643672040037,24.14285714285725
30.000000000000156,30.187000000000157,0.10000000000000142,0.1,1.4155343563970746e-15,0.0,7,0,90,87,80.30884258123429,85.44643672040037,24.24285714285725
30.100000000000158,30.28700000000016,0.10000000000000142,0.1,1.4155343563970746e-15,0.0,7,0,90,87,80.2088425812343,85.34643672040038,24.342857142857248
30.20000000000016,30.38700000000016,0.10000000000000142,0.1,1.4155343563970746e-15,0.0,7,0,90,87,80.1088425812343,85.24643672040038,24.442857142857253
30.30000000000016,30.48700000000016,0.10000000000000142,0.1,1.4155343563970746e-15,0.0,7,0,91,87,80.00884258123429,85.14643672040039,24.54285714285725
30.400000000000162,30.587000000000163,0.10000000000000142,0.1,1.4155343563970746e-15,0.0,7,0,91,87,79.90884258123431,85.0464367204004,24.642857142857252
30.500000000000163,30.687000000000165,0.10000000000000142,0.1,1.4155343563970746e-15,0.0,7,0,91,87,79.8088425812343,84.9464367204004,24.742857142857254
30.600000000000165,30.787000000000166,0.10000000000000142,0.1,1.4155343563970746e-15,0.0,7,0,91,86,79.70884258123431,84.8464367204004,24.84285714285725
30.700000000000166,30.887000000000167,0.10000000000000142,0.1,1.4155343563970746e-15,0.0,7,0,92,87,79.60884258123431,84.74643672040041,24.942857142857257
30.800000000000168,30.98700000000017,0.10000000000000142,0.1,1.4155343563970746e-15,0.0,7,0,93,87,79.5088425812343,84.64643672040042,25.042857142857258
30.90000000000017,31.08700000000017,0.10000000000000142,0.1,1.4155343563970746e-15,0.0,7,0,93,87,79.40884258123432,84.54643672040042,25.142857142857256
31.00000000000017,31.18700000000017,0.10000000000000142,0.1,1.4155343563970746e-15,0.0,7,0,95,87,79.30884258123433,84.44643672040043,25.242857142857257
31.100000000000172,31.287000000000173,0.10000000000000142,0.1,1.4155343563970746e-15,0.0,7,0,95,86,79.20884258123432,84.34643672040043,25.34285714285726
31.200000000000173,31.387000000000175,0.10000000000000142,0.1,1.4155343563970746e-15,0.0,7,0,95,86,79.10884258123433,84.24643672040044,25.44285714285726
31.300000000000175,31.487000000000176,0.10000000000000142,0.1,1.4155343563970746e-15,0.0,7,0,95,87,79.00884258123433,84.14643672040044,25.54285714285726
31.400000000000176,31.587000000000177,0.10000000000000142,0.1,1.4155343563970746e-15,0.0,7,0,96,87,78.90884258123434,84.04643672040045,25.64285714285726
31.500000000000178,31.68700000000018,0.10000000000000142,0.1,1.4155343563970746e-15,0.0,7,0,96,87,78.80884258123434,83.94643672040046,25.742857142857265
31.60000000000018,31.78700000000018,0.10000000000000142,0.1,1.4155343563970746e-15,0.0,7,0,96,87,78.70884258123434,83.84643672040046,25.842857142857266
31.70000000000018,31.88700000000018,0.10000000000000142,0.1,1.4155343563970746e-15,0.0,7,0,96,87,78.60884258123436,83.74643672040047,25.942857142857264
31.800000000000182,31.987000000000183,0.10000000000000142,0.1,1.4155343563970746e-15,0.0,7,0,96,87,78.50884258123436,83.64643672040047,26.042857142857265
31.900000000000183,32.08700000000018,0.09999999999999787,0.1,-2.1371793224034263e-15,0.0,7,0,96,87,78.40884258123435,83.54643672040048,26.142857142857263
32.000000000000185,32.18700000000018,0.10000000000000142,0.1,1.4155343563970746e-15,0.0,7,0,96,88,78.30884258123436,83.44643672040048,26.242857142857268
32.100000000000186,32.287000000000184,0.10000000000000142,0.1,1.4155343563970746e-15,0.0,7,0,96,88,78.20884258123435,83.34643672040049,26.34285714285727
32.20000000000019,32.387000000000185,0.10000000000000142,0.1,1.4155343563970746e-15,0.0,7,0,96,88,78.10884258123437,83.2464367204005,26.442857142857267
32.30000000000019,32.48700000000019,0.10000000000000142,0.1,1.4155343563970746e-15,0.0,7,0,97,87,78.00884258123438,83.1464367204005,26.54285714285727
32.40000000000019,32.58700000000019,0.10000000000000142,0.1,1.4155343563970746e-15,0.0,7,0,98,87,77.90884258123437,83.04643672040051,26.642857142857274
32.50000000000019,32.68700000000019,0.10000000000000142,0.1,1.4155343563970746e-15,0.0,7,0,99,87,77.66684032183275,82.94643672040051,26.74285714285727
32.60000000000019,32.78700000000019,0.10000000000000142,0.1,1.4155343563970746e-15,0.0,7,0,99,87,77.49541175040417,82.84643672040052,26.842857142857273
32.700000000000195,32.91540000000019,0.12839999999999918,0.1,0.028399999999999176,0.0,7,0,98,87,81.38112603611846,82.74643672040052,26.94285714285727
32.800000000000196,33.01540000000019,0.10000000000000142,0.1,1.4155343563970746e-15,0.0,7,0,98,87,81.24184124209022,82.64643672040053,27.042857142857276
32.9000000000002,33.11540000000019,0.10000000000000142,0.1,1.4155343563970746e-15,0.0,7,0,98,86,81.06981366833065,82.54643672040054,27.142857142857277
33.0000000000002,33.215400000000194,0.10000000000000142,0.1,1.4155343563970746e-15,0.0,7,0,98,86,80.89838509690208,82.44643672040054,27.242857142857275
33.1000000000002,33.315400000000196,0.10000000000000142,0.1,1.4155343563970746e-15,0.0,7,0,98,87,80.72695652547351,82.34643672040055,27.342857142857277
33.2000000000002,33.4154000000002,0.10000000000000142,0.1,1.4155343563970746e-15,0.0,7,0,98,87,80.55552795404493,82.24643672040055,27.44285714285728
33.3000000000002,33.5154000000002,0.10000000000000142,0.1,1.4155343563970746e-15,0.0,7,0,98,87,80.38409938261637,82.14643672040056,27.54285714285728
33.400000000000205,33.6154000000002,0.10000000000000142,0.1,1.4155343563970746e-15,0.0,7,0,99,87,80.2126708111878,82.04643672040056,27.64285714285728
33.500000000000206,33.7154000000002,0.10000000000000142,0.1,1.4155343563970746e-15,0.0,7,0,100,86,80.03214767158256,81.94643672040057,27.74285714285728
33.60000000000021,33.8154000000002,0.10000000000000142,0.1,1.4155343563970746e-15,0.0,7,0,100,86,79.85088139657208,81.84643672040058,27.84285714285728
33.70000000000021,33.915400000000204,0.10000000000000142,0.1,1.4155343563970746e-15,0.0,7,0,100,87,79.6794528251435,81.74643672040058,27.942857142857285
33.80000000000021,34.015400000000206,0.10000000000000142,0.1,1.4155343563970746e-15,0.0,7,0,101,87,79.50802425371494,81.64643672040059,28.042857142857283
33.90000000000021,34.11540000000021,0.10000000000000142,0.1,1.4155343563970746e-15,0.0,7,0,102,87,79.33659568228639,81.54643672040059,28.142857142857284
34.00000000000021,34.21540000000021,0.10000000000000142,0.1,1.4155343563970746e-15,0.0,7,0,102,87,79.16516711085781,81.4464367204006,28.242857142857286
34.100000000000215,34.31540000000021,0.10000000000000142,0.1,1.4155343563970746e-15,0.0,7,0,103,87,78.99373853942924,81.3464367204006,28.342857142857287
34.200000000000216,34.41540000000021,0.10000000000000142,0.1,1.4155343563970746e-15,0.0,7,0,103,87,78.82230996800067,81.24643672040061,28.44285714285729
34.30000000000022,34.51540000000021,0.10000000000000142,0.1,1.4155343563970746e-15,0.0,7,0,103,87,78.6508813965721,81.14643672040062,28.542857142857287
34.40000000000022,34.615400000000214,0.10000000000000142,0.1,1.4155343563970746e-15,0.0,7,0,103,87,78.47945282514354,81.04643672040062,28.642857142857288
34.50000000000022,34.715400000000216,0.10000000000000142,0.1,1.4155343563970746e-15,0.0,7,0,105,87,78.30802425371496,80.94643672040063,28.742857142857293
34.60000000000022,34.81540000000022,0.10000000000000142,0.1,1.4155343563970746e-15,0.0,7,0,105,87,78.1365956822864,80.84643672040063,28.84285714285729
34.70000000000022,34.91540000000022,0.10000000000000142,0.1,1.4155343563970746e-15,0.0,7,0,105,87,77.96516711085783,80.74643672040064,28.942857142857292
34.800000000000225,35.01540000000022,0.10000000000000142,0.1,1.4155343563970746e-15,0.0,7,0,105,87,77.79373853942926,80.64643672040064,29.042857142857294
34.900000000000226,35.11540000000022,0.10000000000000142,0.1,1.4155343563970746e-15,0.0,7,0,106,86,77.62230996800069,80.54643672040065,29.14285714285729
35.00000000000023,35.21540000000022,0.10000000000000142,0.1,1.4155343563970746e-15,0.0,7,0,107,86,77.45088139657211,80.44643672040065,29.242857142857297
35.10000000000023,35.315400000000224,0.10000000000000142,0.1,1.4155343563970746e-15,0.0,7,0,109,86,77.27945282514357,80.34643672040066,29.342857142857294
35.20000000000023,35.415400000000226,0.10000000000000142,0.1,1.4155343563970746e-15,0.0,7,0,109,86,77.108024253715,80.24643672040067,29.442857142857296
35.30000000000023,35.51540000000023,0.10000000000000142,0.1,1.4155343563970746e-15,0.0,7,0,109,86,76.93659568228642,80.14643672040067,29.542857142857297
35.40000000000023,35.61540000000023,0.10000000000000142,0.1,1.4155343563970746e-15,0.0,7,0,110,86,76.76516711085786,80.04643672040068,29.6428571428573
35.500000000000234,35.71540000000023,0.10000000000000142,0.1,1.4155343563970746e-15,0.0,7,0,110,87,76.59970448375596,79.94643672040068,29.7428571428573
35.600000000000236,35.81540000000023,0.10000000000000142,0.1,1.4155343563970746e-15,0.0,7,0,111,87,76.46697317020501,79.84643672040069,29.8428571428573
35.70000000000024,35.91540000000023,0.10000000000000142,0.1,1.4155343563970746e-15,0.0,7,0,111,87,76.35060751342952,79.7464367204007,29.9428571428573
35.80000000000024,36.015400000000234,0.10000000000000142,0.1,1.4155343563970746e-15,0.0,7,0,113,87,76.2424246850418,79.6464367204007,30.042857142857304
35.90000000000024,36.115400000000236,0.10000000000000142,0.1,1.4155343563970746e-15,0.0,7,0,113,88,76.14242468504179,79.5464367204007,30.142857142857302
36.00000000000024,36.21540000000024,0.10000000000000142,0.1,1.4155343563970746e-15,0.0,7,0,115,88,76.04242468504181,79.44643672040071,30.242857142857304
36.10000000000024,36.31540000000024,0.10000000000000142,0.1,1.4155343563970746e-15,0.0,7,0,115,88,75.94242468504181,79.34643672040072,30.342857142857305
36.200000000000244,36.41540000000024,0.10000000000000142,0.1,1.4155343563970746e-15,0.0,7,0,115,88,75.8424246850418,79.24643672040072,30.442857142857303
36.300000000000246,36.51540000000024,0.10000000000000142,0.1,1.4155343563970746e-15,0.0,7,0,116,88,75.74242468504181,79.14643672040073,30.542857142857308
36.40000000000025,36.61540000000024,0.10000000000000142,0.1,1.4155343563970746e-15,0.0,7,0,116,88,75.64242468504183,79.04643672040073,30.64285714285731
36.50000000000025,36.715400000000244,0.10000000000000142,0.1,1.4155343563970746e-15,0.0,7,0,116,89,75.54242468504182,78.94643672040074,30.74285714285731
36.60000000000025,36.815400000000245,0.10000000000000142,0.1,1.4155343563970746e-15,0.0,7,0,116,89,75.44242468504183,78.84643672040075,30.84285714285731
36.70000000000025,36.91540000000025,0.10000000000000142,0.1,1.4155343563970746e-15,0.0,7,0,116,90,75.34242468504182,78.74643672040075,30.942857142857314
36.80000000000025,37.01540000000025,0.10000000000000142,0.1,1.4155343563970746e-15,0.0,7,0,116,90,75.24242468504183,78.64643672040076,31.042857142857315
36.900000000000254,37.11540000000025,0.10000000000000142,0.1,1.4155343563970746e-15,0.0,7,0,116,90,75.14242468504185,78.54643672040076,31.142857142857313
37.000000000000256,37.21540000000025,0.10000000000000142,0.1,1.4155343563970746e-15,0.0,7,0,117,90,75.04242468504184,78.44643672040077,31.242857142857314
37.10000000000026,37.31540000000025,0.10000000000000142,0.1,1.4155343563970746e-15,0.0,7,0,117,91,74.94242468504184,78.34643672040077,31.34285714285732
37.20000000000026,37.415400000000254,0.10000000000000142,0.1,1.4155343563970746e-15,0.0,7,0,117,91,74.84242468504183,78.24643672040078,31.44285714285732
37.30000000000026,37.515400000000255,0.10000000000000142,0.1,1.4155343563970746e-15,0.0,7,0,118,91,74.74242468504185,78.14643672040079,31.542857142857322
37.40000000000026,37.61540000000026,0.10000000000000142,0.1,1.4155343563970746e-15,0.0,7,0,118,91,74.64242468504186,78.04643672040079,31.64285714285732
37.50000000000026,37.71540000000026,0.10000000000000142,0.1,1.4155343563970746e-15,0.0,7,0,118,92,74.54242468504185,77.9464367204008,31.742857142857325
37.600000000000264,37.81540000000026,0.10000000000000142,0.1,1.4155343563970746e-15,0.0,7,0,119,93,74.44242468504186,77.8464367204008,31.842857142857326
37.700000000000266,37.91540000000026,0.10000000000000142,0.1,1.4155343563970746e-15,0.0,7,0,119,93,74.34242468504188,77.74643672040081,31.942857142857324
37.80000000000027,38.01540000000026,0.10000000000000142,0.1,1.4155343563970746e-15,0.0,7,0,119,93,74.24242468504187,77.64643672040081,32.04285714285733
37.90000000000027,38.115400000000264,0.10000000000000142,0.1,1.4155343563970746e-15,0.0,7,0,119,93,74.14242468504187,77.54643672040082,32.14285714285733
38.00000000000027,38.215400000000265,0.10000000000000142,0.1,1.4155343563970746e-15,0.0,7,0,119,93,74.04242468504188,77.44643672040083,32.24285714285733
38.10000000000027,38.31540000000027,0.10000000000000142,0.1,1.4155343563970746e-15,0.0,7,0,120,94,73.94242468504187,77.34643672040083,32.34285714285733
38.20000000000027,38.41540000000027,0.10000000000000142,0.1,1.4155343563970746e-15,0.0,7,0,120,94,73.84242468504189,77.24643672040084,32.442857142857335
38.300000000000274,38.51540000000027,0.10000000000000142,0.1,1.4155343563970746e-15,0.0,7,0,120,94,73.74242468504188,77.14643672040084,32.542857142857336
38.400000000000276,38.61540000000027,0.10000000000000142,0.1,1.4155343563970746e-15,0.0,7,0,120,94,73.64242468504189,77.04643672040085,32.64285714285734
38.50000000000028,38.71540000000027,0.10000000000000142,0.1,1.4155343563970746e-15,0.0,7,0,120,94,73.5424246850419,76.94643672040085,32.74285714285734
38.60000000000028,38.815400000000274,0.10000000000000142,0.1,1.4155343563970746e-15,0.0,7,0,120,94,73.4424246850419,76.84643672040086,32.84285714285734
38.70000000000028,38.915400000000275,0.10000000000000142,0.1,1.4155343563970746e-15,0.0,7,0,120,94,73.3424246850419,76.74643672040087,32.94285714285734
38.80000000000028,39.01540000000028,0.10000000000000142,0.1,1.4155343563970746e-15,0.0,7,0,120,94,73.2424246850419,76.64643672040087,33.04285714285734
38.90000000000028,39.11540000000028,0.10000000000000142,0.1,1.4155343563970746e-15,0.0,7,0,121,94,73.1424246850419,76.54643672040088,33.142857142857345
39.000000000000284,39.21540000000028,0.10000000000000142,0.1,1.4155343563970746e-15,0.0,7,0,122,94,73.04242468504192,76.44643672040088,33.242857142857346
39.100000000000286,39.31540000000028,0.10000000000000142,0.1,1.4155343563970746e-15,0.0,7,0,123,94,72.94242468504191,76.34643672040089,33.34285714285735
39.20000000000029,39.41540000000028,0.10000000000000142,0.1,1.4155343563970746e-15,0.0,7,0,123,94,72.84242468504192,76.2464367204009,33.44285714285735
39.30000000000029,39.515400000000284,0.10000000000000142,0.1,1.4155343563970746e-15,0.0,7,0,123,94,72.74242468504193,76.1464367204009,33.54285714285735
39.40000000000029,39.615400000000285,0.10000000000000142,0.1,1.4155343563970746e-15,0.0,7,0,123,94,72.64242468504192,76.0464367204009,33.64285714285735
39.50000000000029,39.71540000000029,0.10000000000000142,0.1,1.4155343563970746e-15,0.0,7,0,124,95,72.54242468504194,75.94643672040091,33.74285714285735
39.60000000000029,39.81540000000029,0.10000000000000142,0.1,1.4155343563970746e-15,0.0,7,0,126,95,72.44242468504193,75.84643672040092,33.842857142857355
39.700000000000294,39.91540000000029,0.10000000000000142,0.1,1.4155343563970746e-15,0.0,7,0,126,95,72.34242468504193,75.74643672040092,33.942857142857356
39.800000000000296,40.01540000000029,0.10000000000000142,0.1,1.4155343563970746e-15,0.0,7,0,127,95,72.24242468504194,75.64643672040093,34.04285714285736
39.9000000000003,40.11540000000029,0.10000000000000142,0.1,1.4155343563970746e-15,0.0,7,0,127,95,72.14242468504195,75.54643672040093,34.14285714285736
40.0000000000003,40.215400000000294,0.10000000000000142,0.1,1.4155343563970746e-15,0.0,7,0,127,95,72.04242468504195,75.44643672040094,34.24285714285736
40.1000000000003,40.315400000000295,0.10000000000000142,0.1,1.4155343563970746e-15,0.0,7,0,127,96,71.94242468504196,75.34643672040094,34.34285714285736
40.2000000000003,40.4154000000003,0.10000000000000142,0.1,1.4155343563970746e-15,0.0,7,0,128,96,71.84242468504195,75.24643672040095,34.44285714285736
40.3000000000003,40.5154000000003,0.10000000000000142,0.1,1.4155343563970746e-15,0.0,7,0,128,96,71.74242468504197,75.14643672040096,34.542857142857365
40.400000000000304,40.6154000000003,0.10000000000000142,0.1,1.4155343563970746e-15,0.0,7,0,130,96,71.64242468504196,75.04643672040096,34.642857142857366
40.500000000000306,40.7154000000003,0.10000000000000142,0.1,1.4155343563970746e-15,0.0,7,0,130,96,71.54242468504196,74.94643672040097,34.74285714285737
40.60000000000031,40.8154000000003,0.10000000000000142,0.1,1.4155343563970746e-15,0.0,7,0,130,96,71.44242468504197,74.84643672040097,34.84285714285737
40.70000000000031,40.915400000000304,0.10000000000000142,0.1,1.4155343563970746e-15,0.0,7,0,130,96,71.34242468504198,74.74643672040098,34.94285714285737
40.80000000000031,41.015400000000305,0.10000000000000142,0.1,1.4155343563970746e-15,0.0,7,0,130,96,71.24242468504198,74.64643672040098,35.04285714285737
40.90000000000031,41.11540000000031,0.10000000000000142,0.1,1.4155343563970746e-15,0.0,7,0,130,96,71.14242468504197,74.54643672040099,35.14285714285737
41.00000000000031,41.21540000000031,0.10000000000000142,0.1,1.4155343563970746e-15,0.0,7,0,131,96,71.04242468504198,74.446436720401,35.242857142857375
41.100000000000314,41.31540000000031,0.10000000000000142,0.1,1.4155343563970746e-15,0.0,7,0,131,96,70.94242468504198,74.346436720401,35.342857142857376
41.200000000000315,41.41540000000031,0.10000000000000142,0.1,1.4155343563970746e-15,0.0,7,0,131,96,70.84242468504199,74.24643672040101,35.44285714285738
41.30000000000032,41.51540000000031,0.10000000000000142,0.1,1.4155343563970746e-15,0.0,7,0,131,96,70.742424685042,74.14643672040101,35.54285714285738
41.40000000000032,41.615400000000314,0.10000000000000142,0.1,1.4155343563970746e-15,0.0,7,0,131,96,70.642424685042,74.04643672040102,35.64285714285738
41.50000000000032,41.715400000000315,0.10000000000000142,0.1,1.4155343563970746e-15,0.0,7,0,131,96,70.54242468504201,73.94643672040102,35.74285714285738
41.60000000000032,41.81540000000032,0.10000000000000142,0.1,1.4155343563970746e-15,0.0,7,0,132,97,70.44242468504201,73.84643672040103,35.84285714285738
41.70000000000032,41.91540000000032,0.10000000000000142,0.1,1.4155343563970746e-15,0.0,7,0,132,97,70.342424685042,73.74643672040104,35.942857142857385
41.800000000000324,42.01540000000032,0.10000000000000142,0.1,1.4155343563970746e-15,0.0,7,0,133,97,70.24242468504201,73.64643672040104,36.042857142857386
41.900000000000325,42.11540000000032,0.10000000000000142,0.1,1.4155343563970746e-15,0.0,7,0,133,97,70.14242468504202,73.54643672040105,36.14285714285739
42.00000000000033,42.21540000000032,0.10000000000000142,0.1,1.4155343563970746e-15,0.0,7,0,134,97,70.04242468504202,73.44643672040105,36.24285714285739
42.10000000000033,42.315400000000324,0.10000000000000142,0.1,1.4155343563970746e-15,0.0,7,0,134,97,69.94242468504203,73.34643672040106,36.34285714285739
42.20000000000033,42.415400000000325,0.10000000000000142,0.1,1.4155343563970746e-15,0.0,7,0,135,98,69.84242468504203,73.24643672040106,36.44285714285739
42.30000000000033,42.51540000000033,0.10000000000000142,0.1,1.4155343563970746e-15,0.0,7,0,136,98,69.74242468504204,73.14643672040107,36.54285714285739
42.40000000000033,42.61540000000033,0.10000000000000142,0.1,1.4155343563970746e-15,0.0,7,0,137,98,69.64242468504203,73.04643672040108,36.642857142857395
42.500000000000334,42.71540000000033,0.10000000000000142,0.1,1.4155343563970746e-15,0.0,7,0,138,98,69.54242468504204,72.94643672040108,36.742857142857396
42.600000000000335,42.81540000000033,0.10000000000000142,0.1,1.4155343563970746e-15,0.0,7,0,138,98,69.44242468504204,72.84643672040109,36.8428571428574
42.70000000000034,42.91540000000033,0.10000000000000142,0.1,1.4155343563970746e-15,0.0,7,0,138,98,69.34242468504205,72.74643672040109,36.9428571428574
42.80000000000034,43.015400000000334,0.10000000000000142,0.1,1.4155343563970746e-15,0.0,7,0,138,98,69.24242468504205,72.6464367204011,37.04285714285739
42.90000000000034,43.115400000000335,0.10000000000000142,0.1,1.4155343563970746e-15,0.0,7,0,138,99,69.14242468504206,72.5464367204011,37.1428571428574
43.00000000000034,43.215400000000336,0.10000000000000142,0.1,1.4155343563970746e-15,0.0,7,0,138,99,69.04242468504206,72.44643672040111,37.2428571428574
43.10000000000034,43.31540000000034,0.10000000000000142,0.1,1.4155343563970746e-15,0.0,7,0,140,99,68.94242468504207,72.34643672040112,37.3428571428574
43.200000000000344,43.41540000000034,0.10000000000000142,0.1,1.4155343563970746e-15,0.0,7,0,140,99,68.84242468504206,72.24643672040112,37.442857142857406
43.300000000000345,43.51540000000034,0.10000000000000142,0.1,1.4155343563970746e-15,0.0,7,0,140,99,68.74242468504207,72.14643672040113,37.54285714285741
43.40000000000035,43.61540000000034,0.10000000000000142,0.1,1.4155343563970746e-15,0.0,7,0,140,99,68.64242468504207,72.04643672040113,37.64285714285741
43.50000000000035,43.71540000000034,0.10000000000000142,0.1,1.4155343563970746e-15,0.0,7,0,140,99,68.54242468504208,71.94643672040114,37.74285714285741
43.60000000000035,43.815400000000345,0.10000000000000142,0.1,1.4155343563970746e-15,0.0,7,0,140,99,68.44242468504208,71.84643672040114,37.842857142857405
43.70000000000035,43.915400000000346,0.10000000000000142,0.1,1.4155343563970746e-15,0.0,7,0,141,99,68.34242468504208,71.74643672040115,37.94285714285741
43.80000000000035,44.01540000000035,0.10000000000000142,0.1,1.4155343563970746e-15,0.0,7,0,142,99,68.2424246850421,71.64643672040116,38.042857142857414
43.900000000000354,44.11540000000035,0.10000000000000142,0.1,1.4155343563970746e-15,0.0,7,0,142,99,68.14242468504209,71.54643672040116,38.142857142857416
44.000000000000355,44.21540000000035,0.10000000000000142,0.1,1.4155343563970746e-15,0.0,7,0,142,99,68.04242468504209,71.44643672040117,38.24285714285742
44.10000000000036,44.31540000000035,0.10000000000000142,0.1,1.4155343563970746e-15,0.0,7,0,143,99,67.9424246850421,71.34643672040117,38.34285714285742
44.20000000000036,44.41540000000035,0.10000000000000142,0.1,1.4155343563970746e-15,0.0,7,0,144,99,67.8424246850421,71.24643672040118,38.44285714285742
44.30000000000036,44.515400000000355,0.10000000000000142,0.1,1.4155343563970746e-15,0.0,7,0,144,99,67.74242468504211,71.14643672040118,38.54285714285742
44.40000000000036,44.615400000000356,0.10000000000000142,0.1,1.4155343563970746e-15,0.0,7,0,144,100,67.64242468504212,71.04643672040119,38.642857142857416
44.50000000000036,44.71540000000036,0.10000000000000142,0.1,1.4155343563970746e-15,0.0,7,0,145,100,67.5424246850421,70.9464367204012,38.742857142857424
44.600000000000364,44.81540000000036,0.10000000000000142,0.1,1.4155343563970746e-15,0.0,7,0,147,100,67.44242468504213,70.8464367204012,38.842857142857426
44.700000000000365,44.91540000000036,0.10000000000000142,0.1,1.4155343563970746e-15,0.0,7,0,148,100,67.34242468504212,70.7464367204012,38.94285714285742
44.80000000000037,45.01540000000036,0.10000000000000142,0.1,1.4155343563970746e-15,0.0,7,0,148,100,67.24242468504212,70.64643672040121,39.04285714285743
44.90000000000037,45.11540000000036,0.10000000000000142,0.1,1.4155343563970746e-15,0.0,7,0,148,100,67.14242468504213,70.54643672040122,39.14285714285743
45.00000000000037,45.215400000000365,0.10000000000000142,0.1,1.4155343563970746e-15,0.0,7,0,148,100,67.04242468504212,70.44643672040122,39.24285714285743
45.10000000000037,45.315400000000366,0.10000000000000142,0.1,1.4155343563970746e-15,0.0,7,0,148,100,66.94242468504214,70.34643672040123,39.34285714285743
45.20000000000037,45.41540000000037,0.10000000000000142,0.1,1.4155343563970746e-15,0.0,7,0,149,101,66.84242468504213,70.24643672040123,39.44285714285743
45.300000000000374,45.51540000000037,0.10000000000000142,0.1,1.4155343563970746e-15,0.0,7,0,149,101,66.74242468504214,70.14643672040124,39.542857142857436
45.400000000000375,45.61540000000037,0.10000000000000142,0.1,1.4155343563970746e-15,0.0,7,0,149,101,66.64242468504214,70.04643672040125,39.64285714285744
45.50000000000038,45.71540000000037,0.10000000000000142,0.1,1.4155343563970746e-15,0.0,7,0,149,101,66.54242468504215,69.94643672040125,39.74285714285744
45.60000000000038,45.81540000000037,0.10000000000000142,0.1,1.4155343563970746e-15,0.0,7,0,150,101,66.44242468504216,69.84643672040126,39.84285714285744
45.70000000000038,45.915400000000375,0.10000000000000142,0.1,1.4155343563970746e-15,0.0,7,0,150,101,66.34242468504216,69.74643672040126,39.94285714285744
45.80000000000038,46.015400000000376,0.10000000000000142,0.1,1.4155343563970746e-15,0.0,7,0,150,101,66.24242468504215,69.64643672040127,40.04285714285744
45.90000000000038,46.11540000000038,0.10000000000000142,0.1,1.4155343563970746e-15,0.0,7,0,150,101,66.14242468504217,69.54643672040127,40.142857142857444
46.000000000000384,46.21540000000038,0.10000000000000142,0.1,1.4155343563970746e-15,0.0,7,0,152,101,66.04242468504216,69.44643672040128,40.24285714285744
46.100000000000385,46.31540000000038,0.10000000000000142,0.1,1.4155343563970746e-15,0.0,7,0,152,102,65.94242468504217,69.34643672040129,40.34285714285745
46.20000000000039,46.41540000000038,0.10000000000000142,0.1,1.4155343563970746e-15,0.0,7,0,152,102,65.84242468504218,69.24643672040129,40.44285714285745
46.30000000000039,46.51540000000038,0.10000000000000142,0.1,1.4155343563970746e-15,0.0,7,0,155,103,65.74242468504217,69.1464367204013,40.54285714285744
46.40000000000039,46.615400000000385,0.10000000000000142,0.1,1.4155343563970746e-15,0.0,7,0,155,103,65.64242468504219,69.0464367204013,40.64285714285745
46.50000000000039,46.715400000000386,0.10000000000000142,0.1,1.4155343563970746e-15,0.0,7,0,155,103,65.54242468504218,68.94643672040131,40.74285714285745
46.60000000000039,46.81540000000039,0.10000000000000142,0.1,1.4155343563970746e-15,0.0,7,0,155,103,65.44242468504218,68.84643672040131,40.842857142857454
46.700000000000394,46.91540000000039,0.10000000000000142,0.1,1.4155343563970746e-15,0.0,7,0,155,103,65.34242468504219,68.74643672040132,40.942857142857456
46.800000000000395,47.01540000000039,0.10000000000000142,0.1,1.4155343563970746e-15,0.0,7,0,156,103,65.2424246850422,68.64643672040133,41.04285714285745
46.9000000000004,47.11540000000039,0.10000000000000142,0.1,1.4155343563970746e-15,0.0,7,0,157,104,65.14242468504219,68.54643672040133,41.14285714285746
47.0000000000004,47.21540000000039,0.10000000000000142,0.1,1.4155343563970746e-15,0.0,7,0,157,104,65.04242468504219,68.44643672040134,41.24285714285746
47.1000000000004,47.315400000000395,0.10000000000000142,0.1,1.4155343563970746e-15,0.0,7,0,157,104,64.9424246850422,68.34643672040134,41.34285714285746
47.2000000000004,47.415400000000396,0.10000000000000142,0.1,1.4155343563970746e-15,0.0,7,0,157,104,64.84242468504219,68.24643672040135,41.44285714285746
47.3000000000004,47.5154000000004,0.10000000000000142,0.1,1.4155343563970746e-15,0.0,7,0,157,104,64.74242468504221,68.14643672040135,41.542857142857464
47.400000000000404,47.6154000000004,0.10000000000000142,0.1,1.4155343563970746e-15,0.0,7,0,157,104,64.6424246850422,68.04643672040136,41.642857142857466
47.500000000000405,47.7154000000004,0.10000000000000142,0.1,1.4155343563970746e-15,0.0,7,0,158,104,64.5424246850422,67.94643672040137,41.74285714285747
47.600000000000406,47.8154000000004,0.10000000000000142,0.1,1.4155343563970746e-15,0.0,7,0,158,104,64.44242468504221,67.84643672040137,41.84285714285746
47.70000000000041,47.9154000000004,0.10000000000000142,0.1,1.4155343563970746e-15,0.0,7,0,158,105,64.34242468504222,67.74643672040138,41.94285714285747
47.80000000000041,48.015400000000405,0.10000000000000142,0.1,1.4155343563970746e-15,0.0,7,0,159,105,64.24242468504221,67.64643672040138,42.04285714285747
47.90000000000041,48.115400000000406,0.10000000000000142,0.1,1.4155343563970746e-15,0.0,7,0,159,106,64.14242468504222,67.54643672040139,42.142857142857466
48.00000000000041,48.21540000000041,0.10000000000000142,0.1,1.4155343563970746e-15,0.0,7,0,159,106,64.04242468504222,67.4464367204014,42.242857142857474
48.10000000000041,48.31540000000041,0.10000000000000142,0.1,1.4155343563970746e-15,0.0,7,0,160,106,63.942424685042226,67.3464367204014,42.342857142857476
48.200000000000415,48.41540000000041,0.10000000000000142,0.1,1.4155343563970746e-15,0.0,7,0,160,106,63.842424685042225,67.2464367204014,42.44285714285748
48.300000000000416,48.51540000000041,0.10000000000000142,0.1,1.4155343563970746e-15,0.0,7,0,161,107,63.74242468504223,67.14643672040141,42.54285714285748
48.40000000000042,48.61540000000041,0.10000000000000142,0.1,1.4155343563970746e-15,0.0,7,0,163,107,63.64242468504223,67.04643672040142,42.64285714285747
48.50000000000042,48.715400000000415,0.10000000000000142,0.1,1.4155343563970746e-15,0.0,7,0,164,107,63.542424685042235,66.94643672040142,42.74285714285748
48.60000000000042,48.815400000000416,0.10000000000000142,0.1,1.4155343563970746e-15,0.0,7,0,165,107,63.44242468504223,66.84643672040143,42.84285714285748
48.70000000000042,48.91540000000042,0.10000000000000142,0.1,1.4155343563970746e-15,0.0,7,0,165,107,63.34242468504224,66.74643672040143,42.942857142857484
48.80000000000042,49.01540000000042,0.10000000000000142,0.1,1.4155343563970746e-15,0.0,7,0,165,107,63.24242468504224,66.64643672040144,43.042857142857486
48.900000000000425,49.11540000000042,0.10000000000000142,0.1,1.4155343563970746e-15,0.0,7,0,165,107,63.14242468504225,66.54643672040145,43.14285714285749
49.000000000000426,49.21540000000042,0.10000000000000142,0.1,1.4155343563970746e-15,0.0,7,0,165,107,63.04242468504225,66.44643672040145,43.24285714285749
49.10000000000043,49.31540000000042,0.10000000000000142,0.1,1.4155343563970746e-15,0.0,7,0,165,107,62.94242468504225,66.34643672040146,43.34285714285749
49.20000000000043,49.415400000000425,0.10000000000000142,0.1,1.4155343563970746e-15,0.0,7,0,167,107,62.84242468504225,66.24643672040146,43.442857142857484
49.30000000000043,49.515400000000426,0.10000000000000142,0.1,1.4155343563970746e-15,0.0,7,0,168,108,62.74242468504225,66.14643672040147,43.54285714285749
49.40000000000043,49.61540000000043,0.10000000000000142,0.1,1.4155343563970746e-15,0.0,7,0,168,109,62.64242468504226,66.04643672040147,43.642857142857494
49.50000000000043,49.71540000000043,0.10000000000000142,0.1,1.4155343563970746e-15,0.0,7,0,169,109,62.542424685042256,65.94643672040148,43.74285714285749
49.600000000000435,49.81540000000043,0.10000000000000142,0.1,1.4155343563970746e-15,0.0,7,0,170,109,62.44242468504227,65.84643672040148,43.8428571428575
49.700000000000436,49.91540000000043,0.10000000000000142,0.1,1.4155343563970746e-15,0.0,7,0,172,109,62.34242468504227,65.74643672040149,43.9428571428575
49.80000000000044,50.01540000000043,0.10000000000000142,0.1,1.4155343563970746e-15,0.0,7,0,173,109,62.24242468504227,65.6464367204015,44.0428571428575
49.90000000000044,50.115400000000434,0.10000000000000142,0.1,1.4155343563970746e-15,0.0,7,0,173,110,62.14242468504227,65.5464367204015,44.1428571428575
50.00000000000044,50.215400000000436,0.10000000000000142,0.1,1.4155343563970746e-15,0.0,7,0,175,110,62.04242468504227,65.44643672040151,44.242857142857495
50.10000000000044,50.31540000000044,0.10000000000000142,0.1,1.4155343563970746e-15,0.0,7,0,160,110,61.942424685042276,65.34643672040151,44.342857142857504
50.20000000000044,50.41540000000044,0.10000000000000142,0.1,1.4155343563970746e-15,0.0,7,0,152,110,61.842424685042275,65.24643672040152,44.442857142857505
50.300000000000445,50.51540000000044,0.10000000000000142,0.1,1.4155343563970746e-15,0.0,7,0,148,110,61.74242468504228,65.14643672040152,44.54285714285751
50.400000000000446,50.61540000000044,0.10000000000000142,0.1,1.4155343563970746e-15,0.0,7,0,146,111,61.64242468504228,65.04643672040153,44.64285714285751
50.50000000000045,50.71540000000044,0.10000000000000142,0.1,1.4155343563970746e-15,0.0,7,0,146,111,61.54242468504229,64.94643672040154,44.74285714285751
50.60000000000045,50.815400000000444,0.10000000000000142,0.1,1.4155343563970746e-15,0.0,7,0,147,111,61.44242468504229,64.84643672040154,44.84285714285751
50.70000000000045,50.915400000000446,0.10000000000000142,0.1,1.4155343563970746e-15,0.0,7,0,148,111,61.342424685042296,64.74643672040155,44.94285714285751
50.80000000000045,51.01540000000045,0.10000000000000142,0.1,1.4155343563970746e-15,0.0,7,0,148,111,61.242424685042295,64.64643672040155,45.04285714285751
50.90000000000045,51.11540000000045,0.10000000000000142,0.1,1.4155343563970746e-15,0.0,7,0,147,111,61.14242468504229,64.54643672040156,45.142857142857515
51.000000000000455,51.21540000000045,0.10000000000000142,0.1,1.4155343563970746e-15,0.0,7,0,148,111,61.0424246850423,64.44643672040156,45.24285714285752
51.100000000000456,51.31540000000045,0.10000000000000142,0.1,1.4155343563970746e-15,0.0,7,0,151,111,60.9424246850423,64.34643672040157,45.34285714285751
51.20000000000046,51.41540000000045,0.10000000000000142,0.1,1.4155343563970746e-15,0.0,7,0,152,111,60.84242468504231,64.24643672040158,45.44285714285752
51.30000000000046,51.515400000000454,0.10000000000000142,0.1,1.4155343563970746e-15,0.0,7,0,152,111,60.74242468504231,64.14643672040158,45.54285714285752
51.40000000000046,51.615400000000456,0.10000000000000142,0.1,1.4155343563970746e-15,0.0,7,0,151,111,60.642424685042315,64.04643672040159,45.64285714285752
51.50000000000046,51.71540000000046,0.10000000000000142,0.1,1.4155343563970746e-15,0.0,7,0,150,111,60.54242468504231,63.946436720401586,45.742857142857524
51.60000000000046,51.81540000000046,0.10000000000000142,0.1,1.4155343563970746e-15,0.0,7,0,151,111,60.44242468504232,63.846436720401584,45.84285714285752
51.700000000000465,51.91540000000046,0.10000000000000142,0.1,1.4155343563970746e-15,0.0,7,0,152,111,60.34242468504232,63.74643672040158,45.94285714285753
51.800000000000466,52.01540000000046,0.10000000000000142,0.1,1.4155343563970746e-15,0.0,7,0,152,111,60.242424685042316,63.64643672040158,46.04285714285753
51.90000000000047,52.11540000000046,0.10000000000000142,0.1,1.4155343563970746e-15,0.0,7,0,153,112,60.14242468504232,63.54643672040158,46.14285714285753
52.00000000000047,52.215400000000464,0.10000000000000142,0.1,1.4155343563970746e-15,0.0,7,0,153,112,60.04242468504232,63.44643672040158,46.24285714285753
52.10000000000047,52.315400000000466,0.10000000000000142,0.1,1.4155343563970746e-15,0.0,7,0,155,112,59.942424685042326,63.34643672040158,46.34285714285753
52.20000000000047,52.41540000000047,0.10000000000000142,0.1,1.4155343563970746e-15,0.0,7,0,155,112,59.842424685042324,63.246436720401576,46.442857142857534
52.30000000000047,52.51540000000047,0.10000000000000142,0.1,1.4155343563970746e-15,0.0,7,0,157,112,59.74242468504233,63.146436720401574,46.542857142857535
52.400000000000475,52.61540000000047,0.10000000000000142,0.1,1.4155343563970746e-15,0.0,7,0,157,112,59.64242468504233,63.04643672040157,46.64285714285753
52.500000000000476,52.71540000000047,0.10000000000000142,0.1,1.4155343563970746e-15,0.0,7,0,157,112,59.54242468504233,62.94643672040157,46.74285714285754
52.60000000000048,52.81540000000047,0.10000000000000142,0.1,1.4155343563970746e-15,0.0,7,0,158,112,59.44242468504233,62.84643672040157,46.84285714285754
52.70000000000048,52.915400000000474,0.10000000000000142,0.1,1.4155343563970746e-15,0.0,7,0,158,112,59.34242468504233,62.74643672040157,46.942857142857534
52.80000000000048,53.015400000000476,0.10000000000000142,0.1,1.4155343563970746e-15,0.0,7,0,158,113,59.24242468504234,62.64643672040157,47.04285714285754
52.90000000000048,53.11540000000048,0.10000000000000142,0.1,1.4155343563970746e-15,0.0,7,0,158,113,59.142424685042336,62.546436720401566,47.142857142857544
53.00000000000048,53.21540000000048,0.10000000000000142,0.1,1.4155343563970746e-15,0.0,7,0,158,113,59.04242468504234,62.446436720401564,47.242857142857545
53.100000000000485,53.31540000000048,0.10000000000000142,0.1,1.4155343563970746e-15,0.0,7,0,159,113,58.94242468504234,62.34643672040156,47.34285714285755
53.200000000000486,53.41540000000048,0.10000000000000142,0.1,1.4155343563970746e-15,0.0,7,0,158,113,58.84242468504234,62.24643672040156,47.44285714285754
53.30000000000049,53.51540000000048,0.10000000000000142,0.1,1.4155343563970746e-15,0.0,7,0,158,113,58.742424685042344,62.14643672040156,47.54285714285755
53.40000000000049,53.615400000000484,0.10000000000000142,0.1,1.4155343563970746e-15,0.0,7,0,160,113,58.64242468504234,62.04643672040156,47.64285714285755
53.50000000000049,53.715400000000486,0.10000000000000142,0.1,1.4155343563970746e-15,0.0,7,0,161,113,58.54242468504235,61.94643672040156,47.74285714285755
53.60000000000049,53.81540000000049,0.10000000000000142,0.1,1.4155343563970746e-15,0.0,7,0,160,113,58.44242468504235,61.846436720401556,47.842857142857554
53.70000000000049,53.91540000000049,0.10000000000000142,0.1,1.4155343563970746e-15,0.0,7,0,160,113,58.34242468504235,61.746436720401555,47.942857142857555
53.800000000000495,54.01540000000049,0.10000000000000142,0.1,1.4155343563970746e-15,0.0,7,0,159,114,58.24242468504235,61.64643672040155,48.04285714285756
53.900000000000496,54.11540000000049,0.10000000000000142,0.1,1.4155343563970746e-15,0.0,7,0,158,114,58.14242468504235,61.54643672040155,48.14285714285756
54.0000000000005,54.21540000000049,0.10000000000000142,0.1,1.4155343563970746e-15,0.0,7,0,159,114,58.042424685042356,61.44643672040155,48.24285714285755
54.1000000000005,54.315400000000494,0.10000000000000142,0.1,1.4155343563970746e-15,0.0,7,0,161,114,57.942424685042354,61.34643672040155,48.34285714285756
54.2000000000005,54.415400000000496,0.10000000000000142,0.1,1.4155343563970746e-15,0.0,7,0,162,114,57.84242468504236,61.24643672040155,48.44285714285756
54.3000000000005,54.5154000000005,0.10000000000000142,0.1,1.4155343563970746e-15,0.0,7,0,162,114,57.74242468504236,61.146436720401546,48.54285714285756
54.4000000000005,54.6154000000005,0.10000000000000142,0.1,1.4155343563970746e-15,0.0,7,0,163,114,57.642424685042364,61.046436720401545,48.642857142857565
54.500000000000504,54.7154000000005,0.10000000000000142,0.1,1.4155343563970746e-15,0.0,7,0,163,114,57.54242468504236,60.94643672040154,48.74285714285757
54.600000000000506,54.8154000000005,0.10000000000000142,0.1,1.4155343563970746e-15,0.0,7,0,164,115,57.44242468504236,60.84643672040154,48.84285714285757
54.70000000000051,54.9154000000005,0.10000000000000142,0.1,1.4155343563970746e-15,0.0,7,0,165,115,57.34242468504237,60.74643672040154,48.94285714285757
54.80000000000051,55.015400000000504,0.10000000000000142,0.1,1.4155343563970746e-15,0.0,7,0,165,114,57.242424685042366,60.64643672040154,49.042857142857564
54.90000000000051,55.115400000000506,0.10000000000000142,0.1,1.4155343563970746e-15,0.0,7,0,165,114,57.14242468504237,60.54643672040154,49.14285714285757
55.00000000000051,55.21540000000051,0.10000000000000142,0.1,1.4155343563970746e-15,0.0,7,0,165,114,57.04242468504237,60.446436720401536,49.242857142857574
55.10000000000051,55.31540000000051,0.10000000000000142,0.1,1.4155343563970746e-15,0.0,7,0,165,114,56.942424685042376,60.346436720401535,49.342857142857575
55.200000000000514,55.41540000000051,0.10000000000000142,0.1,1.4155343563970746e-15,0.0,7,0,165,114,56.842424685042374,60.24643672040153,49.44285714285758
55.300000000000516,55.51540000000051,0.10000000000000142,0.1,1.4155343563970746e-15,0.0,7,0,165,114,56.74242468504237,60.14643672040153,49.54285714285758
55.40000000000052,55.61540000000051,0.10000000000000142,0.1,1.4155343563970746e-15,0.0,7,0,165,114,56.64242468504238,60.04643672040153,49.64285714285758
55.50000000000052,55.715400000000514,0.10000000000000142,0.1,1.4155343563970746e-15,0.0,7,0,164,114,56.54242468504238,59.94643672040153,49.74285714285758
55.60000000000052,55.815400000000515,0.10000000000000142,0.1,1.4155343563970746e-15,0.0,7,0,164,113,56.44242468504238,59.84643672040153,49.842857142857575
55.70000000000052,55.91540000000052,0.10000000000000142,0.1,1.4155343563970746e-15,0.0,7,0,164,113,56.34242468504238,59.746436720401526,49.942857142857584
55.80000000000052,56.01540000000052,0.10000000000000142,0.1,1.4155343563970746e-15,0.0,7,0,164,112,56.24242468504239,59.646436720401525,50.042857142857585
55.900000000000524,56.11540000000052,0.10000000000000142,0.1,1.4155343563970746e-15,0.0,7,0,166,112,56.142424685042386,59.54643672040152,50.14285714285758
56.000000000000526,56.21540000000052,0.10000000000000142,0.1,1.4155343563970746e-15,0.0,7,0,168,112,56.042424685042384,59.44643672040152,50.24285714285759
56.10000000000053,56.31540000000052,0.10000000000000142,0.1,1.4155343563970746e-15,0.0,7,0,168,112,55.94242468504239,59.34643672040152,50.34285714285759
56.20000000000053,56.415400000000524,0.10000000000000142,0.1,1.4155343563970746e-15,0.0,7,0,169,113,55.84242468504239,59.24643672040152,50.44285714285759
56.30000000000053,56.515400000000525,0.10000000000000142,0.1,1.4155343563970746e-15,0.0,7,0,171,112,55.742424685042394,59.14643672040152,50.54285714285759
56.40000000000053,56.61540000000053,0.10000000000000142,0.1,1.4155343563970746e-15,0.0,7,0,171,111,55.64242468504239,59.046436720401516,50.642857142857586
56.50000000000053,56.71540000000053,0.10000000000000142,0.1,1.4155343563970746e-15,0.0,7,0,173,112,55.5424246850424,58.946436720401515,50.742857142857595
56.600000000000534,56.81540000000053,0.10000000000000142,0.1,1.4155343563970746e-15,0.0,7,0,175,112,55.4424246850424,58.84643672040151,50.842857142857596
56.700000000000536,56.91540000000053,0.10000000000000142,0.1,1.4155343563970746e-15,0.0,7,0,174,112,55.342424685042396,58.74643672040151,50.9428571428576
56.80000000000054,57.01540000000053,0.10000000000000142,0.1,1.4155343563970746e-15,0.0,7,0,174,111,55.2424246850424,58.64643672040151,51.0428571428576
56.90000000000054,57.115400000000534,0.10000000000000142,0.1,1.4155343563970746e-15,0.0,7,0,174,111,55.1424246850424,58.54643672040151,51.1428571428576
57.00000000000054,57.215400000000535,0.10000000000000142,0.1,1.4155343563970746e-15,0.0,7,0,173,110,55.042424685042405,58.44643672040151,51.2428571428576
57.10000000000054,57.31540000000054,0.10000000000000142,0.1,1.4155343563970746e-15,0.0,7,0,174,110,54.942424685042404,58.346436720401506,51.3428571428576
57.20000000000054,57.41540000000054,0.10000000000000142,0.1,1.4155343563970746e-15,0.0,7,0,174,110,54.84242468504241,58.246436720401505,51.4428571428576
57.300000000000544,57.51540000000054,0.10000000000000142,0.1,1.4155343563970746e-15,0.0,7,0,175,110,54.74242468504241,58.1464367204015,51.542857142857606
57.400000000000546,57.61540000000054,0.10000000000000142,0.1,1.4155343563970746e-15,0.0,7,0,177,110,54.64242468504241,58.0464367204015,51.64285714285761
57.50000000000055,57.71540000000054,0.10000000000000142,0.1,1.4155343563970746e-15,0.0,7,0,177,109,54.54242468504241,57.9464367204015,51.7428571428576
57.60000000000055,57.815400000000544,0.10000000000000142,0.1,1.4155343563970746e-15,0.0,7,0,178,109,54.44242468504241,57.8464367204015,51.84285714285761
57.70000000000055,57.915400000000545,0.10000000000000142,0.1,1.4155343563970746e-15,0.0,7,0,179,109,54.23362076032806,57.7464367204015,51.94285714285761
57.80000000000055,58.07540000000055,0.1600000000000037,0.1,0.06000000000000369,0.0,7,0,178,109,62.63362076032811,75.4822488124852,52.04285714285761
57.90000000000055,58.17540000000055,0.10000000000000142,0.1,1.4155343563970746e-15,0.0,7,0,177,109,62.4856594066095,75.3822488124852,52.142857142857615
58.000000000000554,58.27540000000055,0.10000000000000142,0.1,1.4155343563970746e-15,0.0,7,0,176,108,62.304129458113856,75.28224881248521,52.24285714285761
58.100000000000556,58.37540000000055,0.10000000000000142,0.1,1.4155343563970746e-15,0.0,7,0,176,109,62.13270088668529,75.18224881248521,52.34285714285762
58.20000000000056,58.475400000000555,0.10000000000000142,0.1,1.4155343563970746e-15,0.0,7,0,177,109,61.96127231525673,75.08224881248522,52.44285714285762
58.30000000000056,58.61980000000056,0.14440000000000452,0.1,0.04440000000000452,0.0,7,0,177,109,68.13270088668533,74.98224881248522,52.54285714285762
58.40000000000056,58.77980000000056,0.1600000000000037,0.1,0.06000000000000369,0.0,8,0,176,109,63.84404635918913,74.88224881248523,46.075000000000415
58.50000000000056,58.879800000000564,0.10000000000000142,0.1,1.4155343563970746e-15,0.0,8,0,176,108,63.60301802553124,74.78224881248524,46.175000000000416
58.60000000000056,58.979800000000566,0.10000000000000142,0.1,1.4155343563970746e-15,0.0,8,0,176,108,63.356027252401965,74.68224881248524,46.27500000000042
58.700000000000564,59.07980000000057,0.10000000000000142,0.1,1.4155343563970746e-15,0.0,8,0,175,107,63.163033093035224,74.58224881248525,46.37500000000042
58.800000000000566,59.17980000000057,0.10000000000000142,0.1,1.4155343563970746e-15,0.0,8,0,176,106,63.0499319048852,74.48224881248525,46.47500000000042
58.90000000000057,59.27980000000057,0.10000000000000142,0.1,1.4155343563970746e-15,0.0,8,0,176,106,62.949931904885204,74.38224881248526,46.57500000000042
59.00000000000057,59.37980000000057,0.10000000000000142,0.1,1.4155343563970746e-15,0.0,8,0,177,106,62.8499319048852,74.28224881248526,46.67500000000042
59.10000000000057,59.47980000000057,0.10000000000000142,0.1,1.4155343563970746e-15,0.0,8,0,176,106,62.74993190488521,74.18224881248527,46.775000000000425
59.20000000000057,59.579800000000574,0.10000000000000142,0.1,1.4155343563970746e-15,0.0,8,0,177,106,62.64993190488521,74.08224881248528,46.875000000000426
59.30000000000057,59.679800000000576,0.10000000000000142,0.1,1.4155343563970746e-15,0.0,8,0,177,106,62.54993190488521,73.98224881248528,46.97500000000043
59.400000000000574,59.77980000000058,0.10000000000000142,0.1,1.4155343563970746e-15,0.0,8,0,178,105,62.44993190488521,73.88224881248529,47.07500000000043
59.500000000000576,59.87980000000058,0.10000000000000142,0.1,1.4155343563970746e-15,0.0,8,0,178,105,62.34993190488522,73.78224881248529,47.17500000000043
59.60000000000058,59.97980000000058,0.10000000000000142,0.1,1.4155343563970746e-15,0.0,8,0,178,105,62.249931904885216,73.6822488124853,47.27500000000043
59.70000000000058,60.07980000000058,0.10000000000000142,0.1,1.4155343563970746e-15,0.0,8,0,179,105,62.14993190488522,73.5822488124853,47.37500000000043
59.80000000000058,60.17980000000058,0.10000000000000142,0.1,1.4155343563970746e-15,0.0,8,0,180,105,62.04993190488522,73.48224881248531,47.475000000000435
59.90000000000058,60.279800000000584,0.10000000000000142,0.1,1.4155343563970746e-15,0.0,8,0,181,105,61.949931904885226,73.38224881248532,47.575000000000436
60.00000000000058,60.379800000000586,0.10000000000000142,0.1,1.4155343563970746e-15,0.0,8,0,183,105,61.849931904885224,73.28224881248532,47.67500000000044
60.100000000000584,60.47980000000059,0.10000000000000142,0.1,1.4155343563970746e-15,0.0,8,0,185,105,61.74993190488523,73.18224881248533,47.77500000000044
60.200000000000585,60.57980000000059,0.10000000000000142,0.1,1.4155343563970746e-15,0.0,8,0,186,106,61.649931904885236,73.08224881248533,47.87500000000044
60.30000000000059,60.67980000000059,0.10000000000000142,0.1,1.4155343563970746e-15,0.0,8,0,186,106,61.549931904885234,72.98224881248534,47.97500000000044
60.40000000000059,60.77980000000059,0.10000000000000142,0.1,1.4155343563970746e-15,0.0,8,0,187,106,61.44993190488524,72.88224881248534,48.07500000000044
60.50000000000059,60.87980000000059,0.10000000000000142,0.1,1.4155343563970746e-15,0.0,8,0,187,106,61.34993190488524,72.78224881248535,48.175000000000445
60.60000000000059,60.979800000000594,0.10000000000000142,0.1,1.4155343563970746e-15,0.0,8,0,188,106,61.249931904885244,72.68224881248535,48.275000000000446
60.70000000000059,61.079800000000596,0.10000000000000142,0.1,1.4155343563970746e-15,0.0,8,0,191,105,61.14993190488524,72.58224881248536,48.37500000000045
60.800000000000594,61.1798000000006,0.10000000000000142,0.1,1.4155343563970746e-15,0.0,8,0,193,105,61.04993190488525,72.48224881248537,48.47500000000045
60.900000000000595,61.2798000000006,0.10000000000000142,0.1,1.4155343563970746e-15,0.0,8,0,193,105,60.94993190488525,72.38224881248537,48.57500000000045
61.0000000000006,61.3798000000006,0.10000000000000142,0.1,1.4155343563970746e-15,0.0,8,0,194,105,60.84993190488525,72.28224881248538,48.67500000000045
61.1000000000006,61.4798000000006,0.10000000000000142,0.1,1.4155343563970746e-15,0.0,8,0,194,104,60.74993190488525,72.18224881248538,48.77500000000045
61.2000000000006,61.5798000000006,0.10000000000000142,0.1,1.4155343563970746e-15,0.0,8,0,194,104,60.64993190488526,72.08224881248539,48.875000000000455
61.3000000000006,61.679800000000604,0.10000000000000142,0.1,1.4155343563970746e-15,0.0,8,0,194,104,60.487062274600675,71.9822488124854,48.975000000000456
61.4000000000006,61.779800000000606,0.10000000000000142,0.1,1.4155343563970746e-15,0.0,8,0,193,104,60.32239756607006,71.8822488124854,49.07500000000046
61.500000000000604,61.87980000000061,0.10000000000000142,0.1,1.4155343563970746e-15,0.0,8,0,192,104,60.157430196506546,71.7822488124854,49.17500000000046
61.600000000000605,61.97980000000061,0.10000000000000142,0.1,1.4155343563970746e-15,0.0,8,0,193,103,59.9849144380031,71.68224881248541,49.27500000000046
61.70000000000061,62.07980000000061,0.10000000000000142,0.1,1.4155343563970746e-15,0.0,8,0,193,104,59.82241443800311,71.58224881248542,49.37500000000046
61.80000000000061,62.17980000000061,0.10000000000000142,0.1,1.4155343563970746e-15,0.0,8,0,193,105,59.659914438003106,71.48224881248542,49.47500000000046
61.90000000000061,62.27980000000061,0.10000000000000142,0.1,1.4155343563970746e-15,0.0,8,0,193,105,59.49741443800311,71.38224881248543,49.575000000000465
62.00000000000061,62.379800000000614,0.10000000000000142,0.1,1.4155343563970746e-15,0.0,8,0,194,105,59.33491443800311,71.28224881248543,49.675000000000466
62.10000000000061,62.479800000000616,0.10000000000000142,0.1,1.4155343563970746e-15,0.0,8,0,196,106,59.172414438003116,71.18224881248544,49.77500000000047
62.200000000000614,62.57980000000062,0.10000000000000142,0.1,1.4155343563970746e-15,0.0,8,0,196,106,59.009914438003115,71.08224881248545,49.87500000000047
62.300000000000615,62.67980000000062,0.10000000000000142,0.1,1.4155343563970746e-15,0.0,8,0,195,106,58.84741443800312,70.98224881248545,49.97500000000047
62.40000000000062,62.77980000000062,0.10000000000000142,0.1,1.4155343563970746e-15,0.0,8,0,197,106,58.68491443800312,70.88224881248546,50.07500000000047
62.50000000000062,62.87980000000062,0.10000000000000142,0.1,1.4155343563970746e-15,0.0,8,0,198,107,58.522414438003125,70.78224881248546,50.175000000000466
62.60000000000062,62.97980000000062,0.10000000000000142,0.1,1.4155343563970746e-15,0.0,8,0,199,106,58.35991443800312,70.68224881248547,50.27500000000047
62.70000000000062,63.079800000000624,0.10000000000000142,0.1,1.4155343563970746e-15,0.0,8,0,199,106,58.19741443800313,70.58224881248547,50.37500000000047
62.80000000000062,63.179800000000625,0.10000000000000142,0.1,1.4155343563970746e-15,0.0,8,0,202,105,58.09048370357892,70.48224881248548,50.47500000000047
62.900000000000624,63.27980000000063,0.10000000000000142,0.1,1.4155343563970746e-15,0.0,8,0,202,105,57.99048370357892,70.38224881248549,50.57500000000047
63.000000000000625,63.37980000000063,0.10000000000000142,0.1,1.4155343563970746e-15,0.0,8,0,202,105,57.89048370357892,70.28224881248549,50.67500000000047
63.10000000000063,63.47980000000063,0.10000000000000142,0.1,1.4155343563970746e-15,0.0,8,0,204,104,57.79048370357893,70.1822488124855,50.775000000000475
63.20000000000063,63.57980000000063,0.10000000000000142,0.1,1.4155343563970746e-15,0.0,8,0,204,105,57.69048370357893,70.0822488124855,50.875000000000476
63.30000000000063,63.67980000000063,0.10000000000000142,0.1,1.4155343563970746e-15,0.0,8,0,205,105,57.522989320606655,69.98224881248551,50.97500000000048
63.40000000000063,63.779800000000634,0.10000000000000142,0.1,1.4155343563970746e-15,0.0,8,0,205,105,57.36048932060666,69.88224881248551,51.07500000000048
63.50000000000063,63.879800000000635,0.10000000000000142,0.1,1.4155343563970746e-15,0.0,8,0,205,105,57.195549882910804,69.78224881248552,51.17500000000048
63.600000000000634,63.97980000000064,0.10000000000000142,0.1,1.4155343563970746e-15,0.0,8,0,209,105,57.0330498829108,69.68224881248553,51.27500000000048
63.700000000000635,64.07980000000063,0.09999999999999432,0.1,-5.689893001203927e-15,0.0,8,0,209,106,56.87054988291081,69.58224881248553,51.37500000000048
63.80000000000064,64.17980000000063,0.09999999999999432,0.1,-5.689893001203927e-15,0.0,8,0,210,106,56.70804988291081,69.48224881248554,51.475000000000485
63.90000000000064,64.27980000000062,0.09999999999999432,0.1,-5.689893001203927e-15,0.0,8,0,210,106,56.53759213575621,69.38224881248554,51.575000000000486
64.00000000000064,64.37980000000061,0.09999999999999432,0.1,-5.689893001203927e-15,0.0,8,0,212,106,56.36644444331252,69.28224881248555,51.67500000000049
64.10000000000063,64.47980000000061,0.09999999999999432,0.1,-5.689893001203927e-15,0.0,8,0,212,106,56.19598669615793,69.18224881248555,51.77500000000048
64.20000000000063,64.5798000000006,0.09999999999999432,0.1,-5.689893001203927e-15,0.0,8,0,215,106,56.024105170132884,69.08224881248556,51.87500000000048
64.30000000000062,64.6798000000006,0.09999999999999432,0.1,-5.689893001203927e-15,0.0,8,0,216,105,55.86160517013288,68.98224881248557,51.97500000000048
64.40000000000062,64.77980000000059,0.09999999999999432,0.1,-5.689893001203927e-15,0.0,8,0,216,105,55.69910517013289,68.88224881248557,52.07500000000047
64.50000000000061,64.87980000000059,0.09999999999999432,0.1,-5.689893001203927e-15,0.0,8,0,216,105,55.53660517013289,68.78224881248558,52.17500000000047
64.6000000000006,64.97980000000058,0.09999999999999432,0.1,-5.689893001203927e-15,0.0,8,0,217,106,55.37410517013289,68.68224881248558,52.27500000000047
64.7000000000006,65.07980000000057,0.09999999999999432,0.1,-5.689893001203927e-15,0.0,8,0,217,106,55.2116051701329,68.58224881248559,52.37500000000046
64.8000000000006,65.17980000000057,0.09999999999999432,0.1,-5.689893001203927e-15,0.0,8,0,217,105,55.0491051701329,68.4822488124856,52.47500000000046
64.90000000000059,65.30920000000056,0.12939999999998975,0.1,0.02939999999998974,0.0,8,0,217,105,58.56160517013289,68.3822488124856,52.57500000000046
65.00000000000058,65.45080000000056,0.14159999999999684,0.1,0.041599999999996834,0.0,8,0,217,106,63.41576530208519,69.0622660223418,52.67500000000045
65.10000000000058,65.58240000000055,0.13159999999999172,0.1,0.03159999999999172,0.0,8,0,216,106,67.07855415102871,69.59084445329873,52.77500000000045
65.20000000000057,65.68240000000054,0.09999999999999432,0.1,-5.689893001203927e-15,0.0,8,0,217,106,66.77426167176127,69.49084445329873,52.87500000000045
65.30000000000057,65.78240000000054,0.09999999999999432,0.1,-5.689893001203927e-15,0.0,8,0,218,105,66.49058059242834,69.39084445329874,52.97500000000044
65.40000000000056,65.88240000000053,0.09999999999999432,0.1,-5.689893001203927e-15,0.0,8,0,219,106,66.31866086833804,69.29084445329875,53.07500000000044
65.50000000000055,65.98240000000052,0.09999999999999432,0.1,-5.689893001203927e-15,0.0,8,0,222,106,66.15616086833805,69.19084445329875,53.17500000000044
65.60000000000055,66.08240000000052,0.09999999999999432,0.1,-5.689893001203927e-15,0.0,8,0,222,107,65.99366086833805,69.09084445329876,53.27500000000043
65.70000000000054,66.18240000000051,0.09999999999999432,0.1,-5.689893001203927e-15,0.0,8,0,224,107,65.83116086833806,68.99084445329876,53.37500000000043
65.80000000000054,66.28240000000051,0.09999999999999432,0.1,-5.689893001203927e-15,0.0,8,0,224,107,65.66866086833807,68.89084445329877,53.47500000000043
65.90000000000053,66.3824000000005,0.09999999999999432,0.1,-5.689893001203927e-15,0.0,8,0,224,107,65.50616086833806,68.79084445329877,53.57500000000043
66.00000000000053,66.4824000000005,0.09999999999999432,0.1,-5.689893001203927e-15,0.0,8,0,225,108,65.3469273875246,68.69084445329878,53.67500000000042
66.10000000000052,66.58240000000049,0.09999999999999432,0.1,-5.689893001203927e-15,0.0,8,0,225,108,65.21731064711788,68.59084445329879,53.77500000000042
66.20000000000051,66.68240000000048,0.09999999999999432,0.1,-5.689893001203927e-15,0.0,8,0,225,108,65.10250227691452,68.49084445329879,53.87500000000042
66.30000000000051,66.78240000000048,0.09999999999999432,0.1,-5.689893001203927e-15,0.0,8,0,225,107,64.99509809181284,68.3908444532988,53.97500000000041
66.4000000000005,66.88240000000047,0.09999999999999432,0.1,-5.689893001203927e-15,0.0,8,0,226,107,64.89509809181284,68.2908444532988,54.07500000000041
66.5000000000005,66.98240000000047,0.09999999999999432,0.1,-5.689893001203927e-15,0.0,8,0,226,108,64.79509809181285,68.19084445329881,54.17500000000041
66.60000000000049,67.08240000000046,0.09999999999999432,0.1,-5.689893001203927e-15,0.0,8,0,226,108,64.69509809181285,68.09084445329881,54.275000000000404
66.70000000000049,67.18240000000046,0.09999999999999432,0.1,-5.689893001203927e-15,0.0,8,0,226,107,64.59509809181286,67.99084445329882,54.3750000000004
66.80000000000048,67.28240000000045,0.09999999999999432,0.1,-5.689893001203927e-15,0.0,8,0,227,108,64.49509809181286,67.89084445329883,54.4750000000004
66.90000000000047,67.38240000000044,0.09999999999999432,0.1,-5.689893001203927e-15,0.0,8,0,229,107,64.39509809181286,67.79084445329883,54.575000000000394
67.00000000000047,67.48240000000044,0.09999999999999432,0.1,-5.689893001203927e-15,0.0,8,0,229,106,64.29509809181286,67.69084445329884,54.67500000000039
67.10000000000046,67.58240000000043,0.09999999999999432,0.1,-5.689893001203927e-15,0.0,8,0,229,105,64.19509809181287,67.59084445329884,54.77500000000039
67.20000000000046,67.68240000000043,0.09999999999999432,0.1,-5.689893001203927e-15,0.0,8,0,230,105,64.09509809181287,67.49084445329885,54.875000000000384
67.30000000000045,67.78240000000042,0.09999999999999432,0.1,-5.689893001203927e-15,0.0,8,0,231,105,63.99509809181288,67.39084445329885,54.97500000000038
67.40000000000045,67.88240000000042,0.09999999999999432,0.1,-5.689893001203927e-15,0.0,8,0,231,105,63.89509809181288,67.29084445329886,55.07500000000038
67.50000000000044,67.98240000000041,0.09999999999999432,0.1,-5.689893001203927e-15,0.0,8,0,230,105,63.79509809181289,67.19084445329887,55.175000000000374
67.60000000000043,68.0824000000004,0.09999999999999432,0.1,-5.689893001203927e-15,0.0,8,0,230,105,63.69509809181289,67.09084445329887,55.27500000000037
67.70000000000043,68.1824000000004,0.09999999999999432,0.1,-5.689893001203927e-15,0.0,8,0,230,104,63.59509809181289,66.99084445329888,55.37500000000037
67.80000000000042,68.2824000000004,0.09999999999999432,0.1,-5.689893001203927e-15,0.0,8,0,229,103,63.4950980918129,66.89084445329888,55.475000000000364
67.90000000000042,68.38240000000039,0.09999999999999432,0.1,-5.689893001203927e-15,0.0,8,0,229,103,63.395098091812905,66.79084445329889,55.57500000000036
68.00000000000041,68.48240000000038,0.09999999999999432,0.1,-5.689893001203927e-15,0.0,8,0,231,103,63.29509809181291,66.6908444532989,55.67500000000036
68.1000000000004,68.58240000000038,0.09999999999999432,0.1,-5.689893001203927e-15,0.0,8,0,231,101,63.19509809181291,66.5908444532989,55.775000000000354
68.2000000000004,68.68240000000037,0.09999999999999432,0.1,-5.689893001203927e-15,0.0,8,0,231,102,63.095098091812915,66.4908444532989,55.87500000000035
68.3000000000004,68.78240000000037,0.09999999999999432,0.1,-5.689893001203927e-15,0.0,8,0,233,103,62.99509809181292,66.39084445329891,55.97500000000035
68.40000000000039,68.88240000000036,0.09999999999999432,0.1,-5.689893001203927e-15,0.0,8,0,233,103,62.895098091812926,66.29084445329892,56.075000000000344
68.50000000000038,68.98240000000035,0.09999999999999432,0.1,-5.689893001203927e-15,0.0,8,0,234,102,62.79509809181293,66.19084445329892,56.17500000000034
68.60000000000038,69.08240000000035,0.09999999999999432,0.1,-5.689893001203927e-15,0.0,8,0,233,102,62.69509809181293,66.09084445329893,56.27500000000034
68.70000000000037,69.18240000000034,0.09999999999999432,0.1,-5.689893001203927e-15,0.0,8,0,233,102,62.595098091812936,65.99084445329893,56.375000000000334
68.80000000000037,69.28240000000034,0.09999999999999432,0.1,-5.689893001203927e-15,0.0,8,0,233,100,62.40909809181294,65.89084445329894,56.475000000000335
68.90000000000036,69.38240000000033,0.09999999999999432,0.1,-5.689893001203927e-15,0.0,8,0,233,100,62.222973091812946,65.79084445329894,56.57500000000033
69.00000000000036,69.48240000000033,0.09999999999999432,0.1,-5.689893001203927e-15,0.0,8,0,234,100,62.036723091812945,65.69084445329895,56.675000000000324
69.10000000000035,69.58240000000032,0.09999999999999432,0.1,-5.689893001203927e-15,0.0,8,0,234,99,61.85034809181295,65.59084445329896,56.775000000000325
69.20000000000034,69.68240000000031,0.09999999999999432,0.1,-5.689893001203927e-15,0.0,8,0,235,98,61.66384809181295,65.49084445329896,56.87500000000032
69.30000000000034,69.78240000000031,0.09999999999999432,0.1,-5.689893001203927e-15,0.0,8,0,236,98,61.47722309181295,65.39084445329897,56.975000000000314
69.40000000000033,69.8824000000003,0.09999999999999432,0.1,-5.689893001203927e-15,0.0,8,0,237,98,61.290473091812956,65.29084445329897,57.075000000000315
69.50000000000033,69.9824000000003,0.09999999999999432,0.1,-5.689893001203927e-15,0.0,8,0,237,98,61.10359809181296,65.19084445329898,57.17500000000031
69.60000000000032,70.08240000000029,0.09999999999999432,0.1,-5.689893001203927e-15,0.0,8,0,239,98,60.916598091812965,65.09084445329898,57.275000000000304
69.70000000000032,70.18240000000029,0.09999999999999432,0.1,-5.689893001203927e-15,0.0,8,0,239,98,60.72947309181296,64.99084445329899,57.375000000000306
69.80000000000031,70.28240000000028,0.09999999999999432,0.1,-5.689893001203927e-15,0.0,8,0,239,98,60.54222309181297,64.890844453299,57.4750000000003
69.9000000000003,70.38240000000027,0.09999999999999432,0.1,-5.689893001203927e-15,0.0,8,0,239,98,60.354848091812975,64.790844453299,57.575000000000294
70.0000000000003,70.48240000000027,0.09999999999999432,0.1,-5.689893001203927e-15,0.0,8,0,242,98,60.167348091812975,64.69084445329901,57.675000000000296
70.10000000000029,70.58240000000026,0.09999999999999432,0.1,-5.689893001203927e-15,0.0,8,0,242,98,59.97972309181298,64.59084445329901,57.77500000000029
70.20000000000029,70.68240000000026,0.09999999999999432,0.1,-5.689893001203927e-15,0.0,8,0,244,98,59.79197309181298,64.49084445329902,57.875000000000284
70.30000000000028,70.78240000000025,0.09999999999999432,0.1,-5.689893001203927e-15,0.0,8,0,244,98,59.60409809181298,64.39084445329902,57.975000000000286
70.40000000000028,70.88240000000025,0.09999999999999432,0.1,-5.689893001203927e-15,0.0,8,0,245,98,59.416098091812984,64.29084445329903,58.07500000000028
70.50000000000027,70.98240000000024,0.09999999999999432,0.1,-5.689893001203927e-15,0.0,8,0,246,98,59.227973091812984,64.19084445329904,58.175000000000274
70.60000000000026,71.08240000000023,0.09999999999999432,0.1,-5.689893001203927e-15,0.0,8,0,247,98,59.03972309181299,64.09084445329904,58.275000000000276
70.70000000000026,71.18240000000023,0.09999999999999432,0.1,-5.689893001203927e-15,0.0,8,0,248,99,58.85134809181299,63.99084445329904,58.37500000000027
70.80000000000025,71.28240000000022,0.09999999999999432,0.1,-5.689893001203927e-15,0.0,8,0,248,99,58.66284809181299,63.89084445329904,58.475000000000264
70.90000000000025,71.38240000000022,0.09999999999999432,0.1,-5.689893001203927e-15,0.0,8,0,249,99,58.47422309181299,63.79084445329904,58.575000000000266
71.00000000000024,71.48240000000021,0.09999999999999432,0.1,-5.689893001203927e-15,0.0,8,0,250,99,58.28547309181299,63.690844453299036,58.67500000000026
71.10000000000024,71.5824000000002,0.09999999999999432,0.1,-5.689893001203927e-15,0.0,8,0,250,99,58.09659809181299,63.590844453299034,58.775000000000254
71.20000000000023,71.6824000000002,0.09999999999999432,0.1,-5.689893001203927e-15,0.0,8,0,249,100,57.90759809181299,63.49084445329903,58.875000000000256
71.30000000000022,71.7824000000002,0.09999999999999432,0.1,-5.689893001203927e-15,0.0,8,0,249,99,57.718473091812996,63.39084445329903,58.97500000000025
71.40000000000022,71.88240000000019,0.09999999999999432,0.1,-5.689893001203927e-15,0.0,8,0,249,99,57.529223091812995,63.29084445329903,59.075000000000244
71.50000000000021,71.98240000000018,0.09999999999999432,0.1,-5.689893001203927e-15,0.0,8,0,249,99,57.339848091812996,63.19084445329903,59.175000000000246
71.60000000000021,72.08240000000018,0.09999999999999432,0.1,-5.689893001203927e-15,0.0,8,0,249,99,57.150348091812994,63.09084445329903,59.27500000000024
71.7000000000002,72.18240000000017,0.09999999999999432,0.1,-5.689893001203927e-15,0.0,8,0,249,98,56.960723091813,62.990844453299026,59.375000000000234
71.8000000000002,72.28240000000017,0.09999999999999432,0.1,-5.689893001203927e-15,0.0,8,0,249,98,56.770973091813,62.890844453299025,59.475000000000236
71.90000000000019,72.38240000000016,0.09999999999999432,0.1,-5.689893001203927e-15,0.0,8,0,251,98,56.581098091813004,62.79084445329902,59.57500000000023
72.00000000000018,72.48240000000015,0.09999999999999432,0.1,-5.689893001203927e-15,0.0,8,0,251,98,56.391098091813,62.69084445329902,59.675000000000225
72.10000000000018,72.58240000000015,0.09999999999999432,0.1,-5.689893001203927e-15,0.0,8,0,251,98,56.200973091813005,62.59084445329902,59.775000000000226
72.20000000000017,72.68240000000014,0.09999999999999432,0.1,-5.689893001203927e-15,0.0,8,0,250,97,56.010723091813006,62.49084445329902,59.87500000000022
72.30000000000017,72.78240000000014,0.09999999999999432,0.1,-5.689893001203927e-15,0.0,8,0,250,96,55.820348091813,62.39084445329902,59.97500000000022
72.40000000000016,72.88240000000013,0.09999999999999432,0.1,-5.689893001203927e-15,0.0,8,0,250,96,55.62984809181301,62.290844453299016,60.075000000000216
72.50000000000016,72.98240000000013,0.09999999999999432,0.1,-5.689893001203927e-15,0.0,8,0,250,96,55.439223091813005,62.190844453299015,60.17500000000021
72.60000000000015,73.08240000000012,0.09999999999999432,0.1,-5.689893001203927e-15,0.0,8,0,250,95,55.24847309181301,62.09084445329901,60.27500000000021
72.70000000000014,73.18240000000011,0.09999999999999432,0.1,-5.689893001203927e-15,0.0,8,0,252,95,55.05759809181301,61.99084445329901,60.375000000000206
72.80000000000014,73.28240000000011,0.09999999999999432,0.1,-5.689893001203927e-15,0.0,8,0,252,95,54.86659809181301,61.89084445329901,60.4750000000002
72.90000000000013,73.3824000000001,0.09999999999999432,0.1,-5.689893001203927e-15,0.0,8,0,252,94,54.67547309181301,61.79084445329901,60.5750000000002
73.00000000000013,73.4824000000001,0.09999999999999432,0.1,-5.689893001203927e-15,0.0,8,0,252,94,54.484223091813014,61.69084445329901,60.675000000000196
73.10000000000012,73.58240000000009,0.09999999999999432,0.1,-5.689893001203927e-15,0.0,8,0,253,94,54.29284809181301,61.590844453299006,60.77500000000019
73.20000000000012,73.68240000000009,0.09999999999999432,0.1,-5.689893001203927e-15,0.0,8,0,255,95,54.101348091813016,61.490844453299005,60.87500000000019
73.30000000000011,73.78240000000008,0.09999999999999432,0.1,-5.689893001203927e-15,0.0,8,0,256,95,53.90972309181302,61.390844453299,60.975000000000186
73.4000000000001,73.88240000000008,0.09999999999999432,0.1,-5.689893001203927e-15,0.0,8,0,256,95,53.71797309181302,61.290844453299,61.07500000000018
73.5000000000001,73.98240000000007,0.09999999999999432,0.1,-5.689893001203927e-15,0.0,8,0,257,95,53.52609809181302,61.190844453299,61.17500000000018
73.6000000000001,74.08240000000006,0.09999999999999432,0.1,-5.689893001203927e-15,0.0,8,0,257,95,53.33409809181302,61.090844453299,61.275000000000176
73.70000000000009,74.18240000000006,0.09999999999999432,0.1,-5.689893001203927e-15,0.0,8,0,257,95,53.14197309181302,60.990844453299,61.37500000000017
73.80000000000008,74.28240000000005,0.09999999999999432,0.1,-5.689893001203927e-15,0.0,7,0,256,95,60.63600056314608,60.890844453298996,59.70000000000018
73.90000000000008,74.38240000000005,0.09999999999999432,0.1,-5.689893001203927e-15,0.0,7,0,256,94,60.43057199171751,60.790844453298995,59.80000000000018
74.00000000000007,74.48240000000004,0.09999999999999432,0.1,-5.689893001203927e-15,0.0,7,0,256,94,60.225000563146075,60.69084445329899,59.90000000000018
74.10000000000007,74.58240000000004,0.09999999999999432,0.1,-5.689893001203927e-15,0.0,7,0,256,94,60.01928627743179,60.59084445329899,60.00000000000017
74.20000000000006,74.68240000000003,0.09999999999999432,0.1,-5.689893001203927e-15,0.0,7,0,256,93,59.813429134574655,60.49084445329899,60.10000000000017
74.30000000000005,74.78240000000002,0.09999999999999432,0.1,-5.689893001203927e-15,0.0,7,0,257,93,59.60742913457465,60.39084445329899,60.200000000000166
74.40000000000005,74.88240000000002,0.09999999999999432,0.1,-5.689893001203927e-15,0.0,7,0,258,93,59.401286277431794,60.29084445329899,60.30000000000017
74.50000000000004,74.98240000000001,0.09999999999999432,0.1,-5.689893001203927e-15,0.0,7,0,258,94,59.19500056314608,60.190844453298986,60.40000000000016
74.60000000000004,75.0824,0.09999999999999432,0.1,-5.689893001203927e-15,0.0,7,0,257,94,58.98857199171751,60.090844453298985,60.50000000000016
74.70000000000003,75.1824,0.09999999999999432,0.1,-5.689893001203927e-15,0.0,7,0,257,94,58.782000563146084,59.99084445329898,60.60000000000016
74.80000000000003,75.2824,0.09999999999999432,0.1,-5.689893001203927e-15,0.0,7,0,257,95,58.5752862774318,59.89084445329898,60.70000000000016
74.90000000000002,75.38239999999999,0.09999999999999432,0.1,-5.689893001203927e-15,0.0,7,0,259,95,58.36842913457465,59.79084445329898,60.800000000000146
75.00000000000001,75.48239999999998,0.09999999999999432,0.1,-5.689893001203927e-15,0.0,7,0,259,95,58.161429134574654,59.69084445329898,60.90000000000015
75.10000000000001,75.58239999999998,0.09999999999999432,0.1,-5.689893001203927e-15,0.0,7,0,259,95,57.9542862774318,59.59084445329898,61.00000000000015
75.2,75.68239999999997,0.09999999999999432,0.1,-5.689893001203927e-15,0.0,7,0,258,95,57.74700056314608,59.490844453298976,61.10000000000014
75.3,75.78239999999997,0.09999999999999432,0.1,-5.689893001203927e-15,0.0,7,0,257,95,57.539571991717516,59.390844453298975,61.200000000000145
75.39999999999999,75.88239999999996,0.09999999999999432,0.1,-5.689893001203927e-15,0.0,7,0,258,95,57.33200056314609,59.29084445329897,61.30000000000014
75.49999999999999,75.98239999999996,0.09999999999999432,0.1,-5.689893001203927e-15,0.0,7,0,258,95,57.1242862774318,59.19084445329897,61.40000000000014
75.59999999999998,76.08239999999995,0.09999999999999432,0.1,-5.689893001203927e-15,0.0,7,0,257,94,56.91642913457465,59.09084445329897,61.50000000000013
75.69999999999997,76.18239999999994,0.09999999999999432,0.1,-5.689893001203927e-15,0.0,7,0,257,93,56.70842913457466,58.99084445329897,61.60000000000013
75.79999999999997,76.28239999999994,0.09999999999999432,0.1,-5.689893001203927e-15,0.0,7,0,257,93,56.27853668037971,58.89084445329897,61.700000000000124
75.89999999999996,76.44239999999994,0.1599999999999966,0.1,0.059999999999996584,0.0,7,0,257,93,64.49882239466547,58.790844453298966,61.800000000000125
75.99999999999996,76.54239999999993,0.09999999999999432,0.1,-5.689893001203927e-15,0.0,7,0,257,93,64.15960521385503,58.690844453298965,61.90000000000013
76.09999999999995,76.64239999999992,0.09999999999999432,0.1,-5.689893001203927e-15,0.0,7,0,258,93,63.825510348550736,58.59084445329896,62.00000000000012
76.19999999999995,76.74239999999992,0.09999999999999432,0.1,-5.689893001203927e-15,0.0,7,0,259,93,63.61679606283646,58.49084445329896,62.10000000000012
76.29999999999994,76.84239999999991,0.09999999999999432,0.1,-5.689893001203927e-15,0.0,7,0,259,93,63.407938919979316,58.39084445329896,62.20000000000012
76.39999999999993,76.9423999999999,0.09999999999999432,0.1,-5.689893001203927e-15,0.0,7,0,260,93,63.19893891997931,58.29084445329896,62.30000000000012
76.49999999999993,77.0423999999999,0.09999999999999432,0.1,-5.689893001203927e-15,0.0,7,0,260,93,62.989796062836454,58.19084445329896,62.400000000000105
76.59999999999992,77.1423999999999,0.09999999999999432,0.1,-5.689893001203927e-15,0.0,7,0,260,93,62.78051034855075,58.090844453298956,62.50000000000011
76.69999999999992,77.24239999999989,0.09999999999999432,0.1,-5.689893001203927e-15,0.0,7,0,260,93,62.571081777122174,57.990844453298955,62.6000000000001
76.79999999999991,77.34239999999988,0.09999999999999432,0.1,-5.689893001203927e-15,0.0,6,0,261,93,73.04138727122826,62.40310087002034,60.350000000000136
76.8999999999999,77.44239999999988,0.09999999999999432,0.1,-5.689893001203927e-15,0.0,6,0,261,94,72.94138727122827,62.30310087002034,60.45000000000013
76.9999999999999,77.54239999999987,0.09999999999999432,0.1,-5.689893001203927e-15,0.0,6,0,263,94,72.84138727122827,62.203100870020336,60.550000000000125
77.0999999999999,77.64239999999987,0.09999999999999432,0.1,-5.689893001203927e-15,0.0,6,0,264,93,72.74138727122828,62.103100870020334,60.65000000000013
77.19999999999989,77.74239999999986,0.09999999999999432,0.1,-5.689893001203927e-15,0.0,6,0,264,93,72.64138727122827,62.00310087002033,60.75000000000012
77.29999999999988,77.88639999999985,0.14399999999999125,0.1,0.04399999999999124,0.0,6,0,263,93,79.76742874247796,100.1185148498401,60.85000000000013
77.39999999999988,77.98639999999985,0.09999999999999432,0.1,-5.689893001203927e-15,0.0,6,0,263,93,79.58409540914462,99.5185148498401,60.950000000000124
77.49999999999987,78.08639999999984,0.09999999999999432,0.1,-5.689893001203927e-15,0.0,6,0,262,93,79.35702346178019,98.65608316565347,61.05000000000012
77.59999999999987,78.18639999999984,0.09999999999999432,0.1,-5.689893001203927e-15,0.0,6,0,262,94,79.17369012844686,98.05608316565348,61.15000000000012
77.69999999999986,78.28639999999983,0.09999999999999432,0.1,-5.689893001203927e-15,0.0,6,0,261,95,78.99035679511353,97.45608316565348,61.250000000000114
77.79999999999986,78.38639999999982,0.09999999999999432,0.1,-5.689893001203927e-15,0.0,6,0,261,95,78.80702346178019,96.85608316565349,61.350000000000115
77.89999999999985,78.48639999999982,0.09999999999999432,0.1,-5.689893001203927e-15,0.0,6,0,262,95,78.7070234617802,96.7560831656535,61.45000000000011
77.99999999999984,78.58639999999981,0.09999999999999432,0.1,-5.689893001203927e-15,0.0,6,0,261,94,78.6070234617802,96.6560831656535,61.550000000000104
78.09999999999984,78.68639999999981,0.09999999999999432,0.1,-5.689893001203927e-15,0.0,6,0,262,94,78.50702346178021,96.5560831656535,61.65000000000011
78.19999999999983,78.7863999999998,0.09999999999999432,0.1,-5.689893001203927e-15,0.0,6,0,262,94,78.40702346178021,96.45608316565351,61.75000000000011
78.29999999999983,78.8863999999998,0.09999999999999432,0.1,-5.689893001203927e-15,0.0,6,0,262,94,78.3070234617802,96.35608316565352,61.8500000000001
78.39999999999982,78.98639999999979,0.09999999999999432,0.1,-5.689893001203927e-15,0.0,6,0,262,95,78.20702346178021,96.25608316565352,61.9500000000001
78.49999999999982,79.08639999999978,0.09999999999999432,0.1,-5.689893001203927e-15,0.0,6,0,261,95,78.1070234617802,96.15608316565353,62.0500000000001
78.59999999999981,79.18639999999978,0.09999999999999432,0.1,-5.689893001203927e-15,0.0,6,0,261,94,78.00702346178021,96.05608316565353,62.15000000000009
78.6999999999998,79.28639999999977,0.09999999999999432,0.1,-5.689893001203927e-15,0.0,6,0,262,93,77.90702346178021,95.95608316565354,62.25000000000009
78.7999999999998,79.38639999999977,0.09999999999999432,0.1,-5.689893001203927e-15,0.0,6,0,262,93,77.69118932032181,95.85608316565354,62.35000000000009
78.89999999999979,79.48639999999976,0.09999999999999432,0.1,-5.689893001203927e-15,0.0,6,0,262,93,77.50785598698847,95.75608316565355,62.450000000000095
78.99999999999979,79.64639999999976,0.1599999999999966,0.1,0.059999999999996584,0.0,6,0,261,93,87.32452265365521,108.48688341748677,62.55000000000009
79.09999999999978,79.74639999999975,0.09999999999999432,0.1,-5.689893001203927e-15,0.0,6,0,261,94,87.17547986060731,108.38688341748677,62.650000000000084
79.19999999999978,79.84639999999975,0.09999999999999432,0.1,-5.689893001203927e-15,0.0,6,0,261,94,86.98606894512774,108.28688341748678,62.750000000000085
79.29999999999977,79.94639999999974,0.09999999999999432,0.1,-5.689893001203927e-15,0.0,6,0,261,94,86.8027356117944,108.18688341748678,62.85000000000008
79.39999999999976,80.04639999999974,0.09999999999999432,0.1,-5.689893001203927e-15,0.0,6,0,261,94,86.49629993605816,108.08688341748679,62.95000000000008
79.49999999999976,80.14639999999973,0.09999999999999432,0.1,-5.689893001203927e-15,0.0,6,0,260,93,86.26379993605816,107.9868834174868,63.050000000000075
79.59999999999975,80.24639999999972,0.09999999999999432,0.1,-5.689893001203927e-15,0.0,6,0,262,92,86.0311332693915,107.8868834174868,63.15000000000007
79.69999999999975,80.34639999999972,0.09999999999999432,0.1,-5.689893001203927e-15,0.0,6,0,263,91,85.79829993605817,107.7868834174868,63.25000000000008
79.79999999999974,80.44639999999971,0.09999999999999432,0.1,-5.689893001203927e-15,0.0,6,0,263,91,85.56529993605818,107.68688341748681,63.35000000000007
79.89999999999974,80.54639999999971,0.09999999999999432,0.1,-5.689893001203927e-15,0.0,6,0,264,92,85.33213326939152,107.58688341748682,63.45000000000007
79.99999999999973,80.6463999999997,0.09999999999999432,0.1,-5.689893001203927e-15,0.0,6,0,264,92,85.09879993605819,107.48688341748682,63.55000000000007
80.09999999999972,80.7463999999997,0.09999999999999432,0.1,-5.689893001203927e-15,0.0,6,0,263,92,84.8652999360582,107.38688341748683,63.65000000000006
80.19999999999972,80.84639999999969,0.09999999999999432,0.1,-5.689893001203927e-15,0.0,6,0,262,92,84.63163326939153,107.28688341748683,63.75000000000006
80.29999999999971,80.94639999999968,0.09999999999999432,0.1,-5.689893001203927e-15,0.0,6,0,263,92,84.3977999360582,107.18688341748684,63.85000000000006
80.39999999999971,81.04639999999968,0.09999999999999432,0.1,-5.689893001203927e-15,0.0,6,0,263,92,84.1637999360582,107.08688341748685,63.95000000000005
80.4999999999997,81.14639999999967,0.09999999999999432,0.1,-5.689893001203927e-15,0.0,6,0,263,92,83.92963326939154,106.98688341748685,64.05000000000005
80.5999999999997,81.24639999999967,0.09999999999999432,0.1,-5.689893001203927e-15,0.0,6,0,265,92,83.69529993605822,106.88688341748686,64.15000000000005
80.69999999999969,81.34639999999966,0.09999999999999432,0.1,-5.689893001203927e-15,0.0,6,0,266,92,83.46079993605821,106.78688341748686,64.25000000000004
80.79999999999968,81.44639999999966,0.09999999999999432,0.1,-5.689893001203927e-15,0.0,6,0,267,92,83.22613326939155,106.68688341748687,64.35000000000005
80.89999999999968,81.54639999999965,0.09999999999999432,0.1,-5.689893001203927e-15,0.0,6,0,266,92,82.99129993605823,106.58688341748687,64.45000000000005
80.99999999999967,81.64639999999964,0.09999999999999432,0.1,-5.689893001203927e-15,0.0,6,0,265,92,82.75629993605823,106.48688341748688,64.55000000000005
81.09999999999967,81.74639999999964,0.09999999999999432,0.1,-5.689893001203927e-15,0.0,6,0,264,92,82.52113326939157,106.38688341748689,64.65000000000005
81.19999999999966,81.84639999999963,0.09999999999999432,0.1,-5.689893001203927e-15,0.0,6,0,263,92,82.28579993605824,106.28688341748689,64.75000000000004
81.29999999999966,81.94639999999963,0.09999999999999432,0.1,-5.689893001203927e-15,0.0,6,0,263,92,82.05029993605824,106.1868834174869,64.85000000000004
81.39999999999965,82.04639999999962,0.09999999999999432,0.1,-5.689893001203927e-15,0.0,6,0,263,92,81.81463326939156,106.0868834174869,64.95000000000003
81.49999999999964,82.14639999999962,0.09999999999999432,0.1,-5.689893001203927e-15,0.0,6,0,263,92,81.57879993605825,105.98688341748691,65.05000000000003
81.59999999999964,82.24639999999961,0.09999999999999432,0.1,-5.689893001203927e-15,0.0,6,0,263,92,81.34279993605826,105.88688341748691,65.15000000000003
81.69999999999963,82.3463999999996,0.09999999999999432,0.1,-5.689893001203927e-15,0.0,6,0,262,92,81.10663326939158,105.78688341748692,65.25000000000003
81.79999999999963,82.4463999999996,0.09999999999999432,0.1,-5.689893001203927e-15,0.0,6,0,264,92,80.87029993605826,105.68688341748692,65.35000000000002
81.89999999999962,82.5463999999996,0.09999999999999432,0.1,-5.689893001203927e-15,0.0,6,0,267,92,80.63379993605825,105.58688341748693,65.45000000000003
81.99999999999962,82.64639999999959,0.09999999999999432,0.1,-5.689893001203927e-15,0.0,6,0,267,91,80.3971332693916,105.48688341748694,65.55000000000003
82.09999999999961,82.74639999999958,0.09999999999999432,0.1,-5.689893001203927e-15,0.0,6,0,267,91,80.16029993605827,105.38688341748694,65.65000000000002
82.1999999999996,82.84639999999958,0.09999999999999432,0.1,-5.689893001203927e-15,0.0,6,0,267,91,79.7884709334132,105.28688341748695,65.75000000000001
82.2999999999996,82.94639999999957,0.09999999999999432,0.1,-5.689893001203927e-15,0.0,6,0,269,91,79.4679709334132,105.18688341748695,65.85000000000001
82.3999999999996,83.04639999999957,0.09999999999999432,0.1,-5.689893001203927e-15,0.0,6,0,270,91,79.14730426674653,105.08688341748696,65.95000000000002
82.49999999999959,83.17539999999956,0.12899999999999068,0.1,0.028999999999990672,0.0,6,0,269,91,83.65980426674653,104.98688341748696,66.05000000000001
82.59999999999958,83.27539999999955,0.09999999999999432,0.1,-5.689893001203927e-15,0.0,6,0,269,91,83.39315215782771,104.88688341748697,66.15000000000002
82.69999999999958,83.37539999999954,0.09999999999999432,0.1,-5.689893001203927e-15,0.0,6,0,269,91,83.05026424971527,104.78688341748698,66.25000000000001
82.79999999999957,83.47539999999954,0.09999999999999432,0.1,-5.689893001203927e-15,0.0,6,0,270,91,82.71648701534467,104.68688341748698,66.35000000000001
82.89999999999957,83.57539999999953,0.09999999999999432,0.1,-5.689893001203927e-15,0.0,6,0,271,91,82.39498701534467,104.58688341748699,66.45
82.99999999999956,83.67539999999953,0.09999999999999432,0.1,-5.689893001203927e-15,0.0,6,0,272,91,82.07332034867801,104.486883417487,66.55
83.09999999999955,83.77539999999952,0.09999999999999432,0.1,-5.689893001203927e-15,0.0,6,0,272,91,81.75148701534468,104.386883417487,66.64999999999999
83.19999999999955,83.87539999999952,0.09999999999999432,0.1,-5.689893001203927e-15,0.0,6,0,272,90,81.42948701534469,104.286883417487,66.75
83.29999999999954,83.97539999999951,0.09999999999999432,0.1,-5.689893001203927e-15,0.0,6,0,272,90,81.10732034867802,104.18688341748701,66.85
83.39999999999954,84.0753999999995,0.09999999999999432,0.1,-5.689893001203927e-15,0.0,6,0,272,91,80.7849870153447,104.08688341748702,66.94999999999999
83.49999999999953,84.1753999999995,0.09999999999999432,0.1,-5.689893001203927e-15,0.0,6,0,273,91,80.4624870153447,103.98688341748702,67.05
83.59999999999953,84.2985999999995,0.12319999999999709,0.1,0.023199999999997084,0.0,6,0,272,90,84.0064870153447,103.88688341748703,67.14999999999999
83.69999999999952,84.39859999999949,0.09999999999999432,0.1,-5.689893001203927e-15,0.0,6,0,271,91,83.7255527745905,103.78688341748703,67.24999999999999
83.79999999999951,84.49859999999948,0.09999999999999432,0.1,-5.689893001203927e-15,0.0,6,0,271,91,83.36074486928658,103.68688341748704,67.34999999999998
83.89999999999951,84.59859999999948,0.09999999999999432,0.1,-5.689893001203927e-15,0.0,6,0,271,91,83.03757820261991,103.58688341748704,67.44999999999997
83.9999999999995,84.75859999999948,0.1599999999999966,0.1,0.059999999999996584,0.0,6,0,269,90,92.71424486928665,107.22050329896679,67.54999999999998
84.0999999999995,84.85859999999947,0.09999999999999432,0.1,-5.689893001203927e-15,0.0,7,0,268,90,75.61675972040845,74.9,57.999999999999986
84.19999999999949,84.95859999999946,0.09999999999999432,0.1,-5.689893001203927e-15,0.0,7,0,268,90,75.20644752055732,74.10516623718239,58.09999999999998
84.29999999999949,85.05859999999946,0.09999999999999432,0.1,-5.689893001203927e-15,0.0,7,0,267,90,74.82715189429587,73.3930968533521,58.199999999999974
84.39999999999948,85.15859999999945,0.09999999999999432,0.1,-5.689893001203927e-15,0.0,7,0,267,90,74.50594434239319,72.89785043158848,58.29999999999997
84.49999999999947,85.25859999999945,0.09999999999999432,0.1,-5.689893001203927e-15,0.0,7,0,267,90,74.28523005667891,72.79785043158849,58.39999999999997
84.59999999999947,85.35859999999944,0.09999999999999432,0.1,-5.689893001203927e-15,0.0,7,0,266,90,74.06437291382179,72.69785043158849,58.49999999999996
84.69999999999946,85.45859999999944,0.09999999999999432,0.1,-5.689893001203927e-15,0.0,7,0,266,90,73.84337291382178,72.5978504315885,58.59999999999996
84.79999999999946,85.55859999999943,0.09999999999999432,0.1,-5.689893001203927e-15,0.0,7,0,266,89,73.62223005667893,72.4978504315885,58.69999999999995
84.89999999999945,85.65859999999942,0.09999999999999432,0.1,-5.689893001203927e-15,0.0,7,0,266,89,73.40094434239322,72.39785043158851,58.799999999999955
84.99999999999945,85.75859999999942,0.09999999999999432,0.1,-5.689893001203927e-15,0.0,7,0,266,90,73.17951577096464,72.29785043158851,58.89999999999994
85.09999999999944,85.85859999999941,0.09999999999999432,0.1,-5.689893001203927e-15,0.0,7,0,265,91,72.95794434239323,72.19785043158852,58.99999999999994
85.19999999999943,85.95859999999941,0.09999999999999432,0.1,-5.689893001203927e-15,0.0,7,0,265,91,72.73623005667893,72.09785043158853,59.099999999999945
85.29999999999943,86.0585999999994,0.09999999999999432,0.1,-5.689893001203927e-15,0.0,7,0,266,91,72.5143729138218,71.99785043158853,59.19999999999994
85.39999999999942,86.1585999999994,0.09999999999999432,0.1,-5.689893001203927e-15,0.0,7,0,265,91,72.29237291382181,71.89785043158854,59.29999999999993
85.49999999999942,86.25859999999939,0.09999999999999432,0.1,-5.689893001203927e-15,0.0,7,0,265,90,72.07023005667895,71.79785043158854,59.39999999999993
85.59999999999941,86.35859999999938,0.09999999999999432,0.1,-5.689893001203927e-15,0.0,7,0,265,90,71.84794434239323,71.69785043158855,59.49999999999993
85.6999999999994,86.45859999999938,0.09999999999999432,0.1,-5.689893001203927e-15,0.0,7,0,264,89,71.62551577096467,71.59785043158855,59.599999999999916
85.7999999999994,86.55859999999937,0.09999999999999432,0.1,-5.689893001203927e-15,0.0,7,0,265,89,71.40294434239324,71.49785043158856,59.69999999999992
85.8999999999994,86.65859999999937,0.09999999999999432,0.1,-5.689893001203927e-15,0.0,7,0,264,88,71.18023005667897,71.39785043158857,59.79999999999991
85.99999999999939,86.75859999999936,0.09999999999999432,0.1,-5.689893001203927e-15,0.0,7,0,263,88,70.95737291382183,71.29785043158857,59.89999999999991
86.09999999999938,86.85859999999936,0.09999999999999432,0.1,-5.689893001203927e-15,0.0,7,0,263,88,70.73437291382183,71.19785043158858,59.9999999999999
86.19999999999938,86.95859999999935,0.09999999999999432,0.1,-5.689893001203927e-15,0.0,7,0,263,87,70.51123005667897,71.09785043158858,60.0999999999999
86.29999999999937,87.05859999999934,0.09999999999999432,0.1,-5.689893001203927e-15,0.0,7,0,262,87,70.28794434239327,70.99785043158859,60.199999999999896
86.39999999999937,87.15859999999934,0.09999999999999432,0.1,-5.689893001203927e-15,0.0,7,0,263,87,70.06451577096469,70.8978504315886,60.2999999999999
86.49999999999936,87.25859999999933,0.09999999999999432,0.1,-5.689893001203927e-15,0.0,7,0,264,87,69.84094434239327,70.7978504315886,60.399999999999885
86.59999999999935,87.35859999999933,0.09999999999999432,0.1,-5.689893001203927e-15,0.0,7,0,265,85,69.61723005667899,70.6978504315886,60.499999999999886
86.69999999999935,87.45859999999932,0.09999999999999432,0.1,-5.689893001203927e-15,0.0,7,0,266,84,69.39337291382185,70.59785043158861,60.59999999999989
86.79999999999934,87.55859999999932,0.09999999999999432,0.1,-5.689893001203927e-15,0.0,7,0,266,84,69.074230056679,70.49785043158862,60.699999999999875
86.89999999999934,87.65859999999931,0.09999999999999432,0.1,-5.689893001203927e-15,0.0,7,0,267,85,68.75480148525044,70.39785043158862,60.799999999999876
86.99999999999933,87.7585999999993,0.09999999999999432,0.1,-5.689893001203927e-15,0.0,7,0,268,85,68.43508719953614,70.29785043158863,60.89999999999987
87.09999999999933,87.8585999999993,0.09999999999999432,0.1,-5.689893001203927e-15,0.0,7,0,269,85,68.11508719953615,70.19785043158863,60.99999999999987
87.19999999999932,87.9585999999993,0.09999999999999432,0.1,-5.689893001203927e-15,0.0,7,0,268,85,67.79480148525043,70.09785043158864,61.09999999999986
87.29999999999932,88.05859999999929,0.09999999999999432,0.1,-5.689893001203927e-15,0.0,7,0,268,86,67.47423005667902,69.99785043158865,61.19999999999986
87.39999999999931,88.15859999999928,0.09999999999999432,0.1,-5.689893001203927e-15,0.0,7,0,269,85,67.15337291382187,69.89785043158865,61.299999999999855
87.4999999999993,88.25859999999928,0.09999999999999432,0.1,-5.689893001203927e-15,0.0,7,0,268,85,66.83223005667902,69.79785043158866,61.39999999999986
87.5999999999993,88.35859999999927,0.09999999999999432,0.1,-5.689893001203927e-15,0.0,7,0,270,85,66.51080148525044,69.69785043158866,61.499999999999844
87.69999999999929,88.45859999999927,0.09999999999999432,0.1,-5.689893001203927e-15,0.0,7,0,270,85,66.18908719953616,69.59785043158867,61.599999999999845
87.79999999999929,88.55859999999926,0.09999999999999432,0.1,-5.689893001203927e-15,0.0,7,0,271,85,65.86708719953617,69.49785043158867,61.69999999999984
87.89999999999928,88.65859999999925,0.09999999999999432,0.1,-5.689893001203927e-15,0.0,7,0,271,85,65.54480148525046,69.39785043158868,61.799999999999834
87.99999999999928,88.75859999999925,0.09999999999999432,0.1,-5.689893001203927e-15,0.0,7,0,271,85,65.22223005667904,69.29785043158869,61.89999999999983
88.09999999999927,88.85859999999924,0.09999999999999432,0.1,-5.689893001203927e-15,0.0,7,0,272,85,64.89937291382189,69.19785043158869,61.99999999999983
88.19999999999926,88.95859999999924,0.09999999999999432,0.1,-5.689893001203927e-15,0.0,7,0,273,85,64.57623005667904,69.0978504315887,62.09999999999983
88.29999999999926,89.05859999999923,0.09999999999999432,0.1,-5.689893001203927e-15,0.0,7,0,273,85,64.25280148525047,68.9978504315887,62.19999999999982
88.39999999999925,89.15859999999923,0.09999999999999432,0.1,-5.689893001203927e-15,0.0,7,0,273,85,63.92908719953619,68.89785043158871,62.29999999999982
88.49999999999925,89.25859999999922,0.09999999999999432,0.1,-5.689893001203927e-15,0.0,7,0,273,85,63.60508719953619,68.79785043158871,62.399999999999814
88.59999999999924,89.35859999999921,0.09999999999999432,0.1,-5.689893001203927e-15,0.0,7,0,274,85,63.280801485250485,68.69785043158872,62.49999999999981
88.69999999999924,89.45859999999921,0.09999999999999432,0.1,-5.689893001203927e-15,0.0,7,0,274,85,62.956230056679054,68.59785043158872,62.5999999999998
88.79999999999923,89.5585999999992,0.09999999999999432,0.1,-5.689893001203927e-15,0.0,7,0,275,85,62.63137291382192,68.49785043158873,62.699999999999804
88.89999999999922,89.6585999999992,0.09999999999999432,0.1,-5.689893001203927e-15,0.0,7,0,275,86,62.30623005667906,68.39785043158874,62.7999999999998
88.99999999999922,89.75859999999919,0.09999999999999432,0.1,-5.689893001203927e-15,0.0,7,0,275,85,61.980801485250495,68.29785043158874,62.89999999999979
89.09999999999921,89.85859999999919,0.09999999999999432,0.1,-5.689893001203927e-15,0.0,7,0,275,85,61.65508719953622,68.19785043158875,62.99999999999979
89.1999999999992,89.95859999999918,0.09999999999999432,0.1,-5.689893001203927e-15,0.0,7,0,274,86,61.32908719953622,68.09785043158875,63.09999999999979
89.2999999999992,90.05859999999917,0.09999999999999432,0.1,-5.689893001203927e-15,0.0,7,0,274,86,61.00280148525051,67.99785043158876,63.19999999999978
89.3999999999992,90.15859999999917,0.09999999999999432,0.1,-5.689893001203927e-15,0.0,7,0,274,86,60.67623005667908,67.89785043158876,63.29999999999978
89.49999999999919,90.25859999999916,0.09999999999999432,0.1,-5.689893001203927e-15,0.0,7,0,275,86,60.349372913821945,67.79785043158877,63.39999999999977
89.59999999999918,90.35859999999916,0.09999999999999432,0.1,-5.689893001203927e-15,0.0,6,0,275,86,70.26559448038093,81.900503298967,59.133333333333205
89.69999999999918,90.45859999999915,0.09999999999999432,0.1,-5.689893001203927e-15,0.0,6,0,274,87,70.04976114704759,81.105503298967,59.2333333333332
89.79999999999917,90.55859999999915,0.09999999999999432,0.1,-5.689893001203927e-15,0.0,6,0,274,87,69.8337611470476,80.309503298967,59.333333333333194
89.89999999999917,90.65859999999914,0.09999999999999432,0.1,-5.689893001203927e-15,0.0,6,0,275,86,69.61759448038093,79.512503298967,59.433333333333195
89.99999999999916,90.75859999999913,0.09999999999999432,0.1,-5.689893001203927e-15,0.0,6,0,277,86,69.40126114704759,78.714503298967,59.53333333333319
90.09999999999916,90.85859999999913,0.09999999999999432,0.1,-5.689893001203927e-15,0.0,6,0,277,86,69.1847611470476,77.91550329896701,59.633333333333184
90.19999999999915,90.95859999999912,0.09999999999999432,0.1,-5.689893001203927e-15,0.0,6,0,278,86,68.96809448038094,77.11550329896701,59.73333333333318
90.29999999999914,91.05859999999912,0.09999999999999432,0.1,-5.689893001203927e-15,0.0,6,0,279,86,68.7512611470476,76.31450329896701,59.83333333333317
90.39999999999914,91.15859999999911,0.09999999999999432,0.1,-5.689893001203927e-15,0.0,6,0,280,86,68.53426114704762,75.51250329896702,59.933333333333174
90.49999999999913,91.2585999999991,0.09999999999999432,0.1,-5.689893001203927e-15,0.0,6,0,280,86,68.31709448038094,74.70950329896702,60.03333333333317
90.59999999999913,91.3585999999991,0.09999999999999432,0.1,-5.689893001203927e-15,0.0,6,0,280,86,68.09976114704762,73.90550329896702,60.13333333333316
90.69999999999912,91.4585999999991,0.09999999999999432,0.1,-5.689893001203927e-15,0.0,6,0,280,85,67.88226114704761,73.10050329896703,60.23333333333316
90.79999999999912,91.55859999999909,0.09999999999999432,0.1,-5.689893001203927e-15,0.0,6,0,280,85,67.66459448038096,72.29450329896703,60.333333333333165
90.89999999999911,91.65859999999908,0.09999999999999432,0.1,-5.689893001203927e-15,0.0,6,0,281,85,67.44676114704762,71.48750329896703,60.43333333333316
90.9999999999991,91.75859999999908,0.09999999999999432,0.1,-5.689893001203927e-15,0.0,6,0,282,85,67.22876114704762,70.67950329896703,60.533333333333154
91.0999999999991,91.85859999999907,0.09999999999999432,0.1,-5.689893001203927e-15,0.0,6,0,282,85,67.01059448038096,69.87050329896704,60.63333333333315
91.1999999999991,91.95859999999907,0.09999999999999432,0.1,-5.689893001203927e-15,0.0,6,0,282,85,66.79226114704763,69.06050329896703,60.73333333333314
91.29999999999909,92.05859999999906,0.09999999999999432,0.1,-5.689893001203927e-15,0.0,6,0,281,85,66.57376114704763,68.24950329896704,60.833333333333144
91.39999999999908,92.15859999999905,0.09999999999999432,0.1,-5.689893001203927e-15,0.0,6,0,282,85,66.35509448038097,67.43750329896704,60.93333333333314
91.49999999999908,92.25859999999905,0.09999999999999432,0.1,-5.689893001203927e-15,0.0,6,0,282,84,66.13626114704765,66.62450329896704,61.03333333333313
91.59999999999907,92.35859999999904,0.09999999999999432,0.1,-5.689893001203927e-15,0.0,6,0,282,84,65.91726114704764,65.81050329896705,61.13333333333313
91.69999999999906,92.45859999999904,0.09999999999999432,0.1,-5.689893001203927e-15,0.0,6,0,283,85,65.56961352958453,65.5978504315889,61.23333333333312
91.79999999999906,92.55859999999903,0.09999999999999432,0.1,-5.689893001203927e-15,0.0,6,0,282,85,65.26694686291786,65.4978504315889,61.33333333333312
91.89999999999905,92.65859999999903,0.09999999999999432,0.1,-5.689893001203927e-15,0.0,6,0,283,85,64.96411352958454,65.3978504315889,61.43333333333312
91.99999999999905,92.78159999999902,0.12299999999999045,0.1,0.022999999999990445,0.0,6,0,281,85,68.49444686291787,65.29785043158891,61.53333333333311
92.09999999999904,92.88159999999901,0.09999999999999432,0.1,-5.689893001203927e-15,0.0,6,0,282,85,68.24468235214619,65.19785043158892,61.633333333333105
92.19999999999904,92.981599999999,0.09999999999999432,0.1,-5.689893001203927e-15,0.0,6,0,281,85,67.94090370540245,65.09785043158892,61.733333333333114
92.29999999999903,93.081599999999,0.09999999999999432,0.1,-5.689893001203927e-15,0.0,6,0,281,85,67.63584408108693,64.99785043158893,61.83333333333311
92.39999999999903,93.181599999999,0.09999999999999432,0.1,-5.689893001203927e-15,0.0,6,0,281,85,67.32872054430061,64.89785043158894,61.9333333333331
92.49999999999902,93.28159999999899,0.09999999999999432,0.1,-5.689893001203927e-15,0.0,6,0,281,85,67.02450046799656,64.79785043158894,62.0333333333331
92.59999999999901,93.38159999999898,0.09999999999999432,0.1,-5.689893001203927e-15,0.0,6,0,281,86,66.718878329874,64.69785043158895,62.13333333333309
92.69999999999901,93.48159999999898,0.09999999999999432,0.1,-5.689893001203927e-15,0.0,6,0,280,86,66.40199913361056,64.59785043158895,62.23333333333309
92.799999999999,93.58159999999897,0.09999999999999432,0.1,-5.689893001203927e-15,0.0,6,0,282,85,66.08798652017263,64.49785043158896,62.33333333333309
92.899999999999,93.68159999999897,0.09999999999999432,0.1,-5.689893001203927e-15,0.0,6,0,282,85,65.78040546613924,64.39785043158896,62.43333333333308
92.99999999999899,93.78159999999896,0.09999999999999432,0.1,-5.689893001203927e-15,0.0,6,0,282,85,65.38491674859019,64.29785043158897,62.533333333333076
93.09999999999899,93.91819999999896,0.1366000000000014,0.1,0.03660000000000138,0.0,6,0,283,86,71.08785438020368,81.67396883718366,62.63333333333308
93.19999999999898,94.01819999999896,0.09999999999999432,0.1,-5.689893001203927e-15,0.0,6,0,283,86,70.6910728748166,81.07396883718367,62.73333333333307
93.29999999999897,94.11819999999895,0.09999999999999432,0.1,-5.689893001203927e-15,0.0,6,0,282,86,70.24721811092526,80.15999612736725,62.833333333333066
93.39999999999897,94.21819999999894,0.09999999999999432,0.1,-5.689893001203927e-15,0.0,6,0,283,86,69.84738695054324,79.574916204452,62.93333333333306
93.49999999999896,94.31819999999894,0.09999999999999432,0.1,-5.689893001203927e-15,0.0,6,0,283,86,69.53744113120412,79.474916204452,63.033333333333054
93.59999999999896,94.41819999999893,0.09999999999999432,0.1,-5.689893001203927e-15,0.0,6,0,283,86,69.22116413499799,79.374916204452,63.13333333333306
93.69999999999895,94.51819999999893,0.09999999999999432,0.1,-5.689893001203927e-15,0.0,6,0,283,86,68.9035707894441,79.27491620445201,63.23333333333306
93.79999999999895,94.61819999999892,0.09999999999999432,0.1,-5.689893001203927e-15,0.0,6,0,283,85,68.5975707894441,79.17491620445202,63.33333333333305
93.89999999999894,94.71819999999892,0.09999999999999432,0.1,-5.689893001203927e-15,0.0,6,0,282,86,68.29140412277745,79.07491620445202,63.433333333333046
93.99999999999893,94.81819999999891,0.09999999999999432,0.1,-5.689893001203927e-15,0.0,6,0,282,86,67.98507078944411,78.97491620445203,63.53333333333305
94.09999999999893,94.9181999999989,0.09999999999999432,0.1,-5.689893001203927e-15,0.0,6,0,282,86,67.67857078944411,78.87491620445203,63.63333333333304
94.19999999999892,95.0181999999989,0.09999999999999432,0.1,-5.689893001203927e-15,0.0,6,0,284,86,67.37190412277745,78.77491620445204,63.733333333333036
94.29999999999892,95.1181999999989,0.09999999999999432,0.1,-5.689893001203927e-15,0.0,6,0,284,86,67.06507078944412,78.67491620445205,63.83333333333303
94.39999999999891,95.25259999999889,0.1343999999999994,0.1,0.0343999999999994,0.0,6,0,284,86,72.49140412277745,78.57491620445205,63.933333333333024
94.4999999999989,95.35259999999889,0.09999999999999432,0.1,-5.689893001203927e-15,0.0,6,0,284,86,72.1852715804639,78.47491620445206,64.03333333333303
94.5999999999989,95.45259999999888,0.09999999999999432,0.1,-5.689893001203927e-15,0.0,6,0,285,87,71.85989393994195,78.37491620445206,64.13333333333303
94.6999999999989,95.58959999999888,0.13700000000000045,0.1,0.03700000000000045,0.0,6,0,283,87,77.71906060660862,91.4398325328836,64.23333333333302
94.79999999999889,95.68959999999888,0.09999999999999432,0.1,-5.689893001203927e-15,0.0,6,0,283,86,77.41950289512732,90.88848626399576,64.33333333333302
94.89999999999888,95.78959999999887,0.09999999999999432,0.1,-5.689893001203927e-15,0.0,6,0,284,87,77.07499722211958,90.06845222594933,64.43333333333301
94.99999999999888,95.88959999999886,0.09999999999999432,0.1,-5.689893001203927e-15,0.0,6,0,285,87,76.76699722211958,89.46845222594933,64.533333333333
95.09999999999887,95.98959999999886,0.09999999999999432,0.1,-5.689893001203927e-15,0.0,6,0,286,87,76.47951395147022,88.99255260205317,64.633333333333
95.19999999999887,96.08959999999885,0.09999999999999432,0.1,-5.689893001203927e-15,0.0,6,0,287,86,76.25451395147023,88.89255260205317,64.733333333333
95.29999999999886,96.18959999999885,0.09999999999999432,0.1,-5.689893001203927e-15,0.0,6,0,287,85,76.02934728480356,88.79255260205318,64.83333333333299
95.39999999999885,96.28959999999884,0.09999999999999432,0.1,-5.689893001203927e-15,0.0,6,0,287,85,75.80401395147024,88.69255260205318,64.933333333333
95.49999999999885,96.38959999999884,0.09999999999999432,0.1,-5.689893001203927e-15,0.0,6,0,287,85,75.57851395147024,88.59255260205319,65.03333333333299
95.59999999999884,96.48959999999883,0.09999999999999432,0.1,-5.689893001203927e-15,0.0,6,0,287,85,75.35284728480357,88.4925526020532,65.13333333333298
95.69999999999884,96.58959999999882,0.09999999999999432,0.1,-5.689893001203927e-15,0.0,6,0,287,85,75.12701395147025,88.3925526020532,65.23333333333298
95.79999999999883,96.68959999999882,0.09999999999999432,0.1,-5.689893001203927e-15,0.0,6,0,287,86,74.90101395147025,88.2925526020532,65.33333333333297
95.89999999999883,96.78959999999881,0.09999999999999432,0.1,-5.689893001203927e-15,0.0,6,0,287,85,74.67484728480359,88.19255260205321,65.43333333333298
95.99999999999882,96.88959999999881,0.09999999999999432,0.1,-5.689893001203927e-15,0.0,6,0,288,85,74.44851395147026,88.09255260205322,65.53333333333298
96.09999999999881,96.9895999999988,0.09999999999999432,0.1,-5.689893001203927e-15,0.0,6,0,288,86,74.22201395147026,87.99255260205322,65.63333333333297
96.19999999999881,97.0895999999988,0.09999999999999432,0.1,-5.689893001203927e-15,0.0,6,0,287,86,73.9953472848036,87.89255260205323,65.73333333333296
96.2999999999988,97.18959999999879,0.09999999999999432,0.1,-5.689893001203927e-15,0.0,6,0,287,86,73.76851395147027,87.79255260205323,65.83333333333296
96.3999999999988,97.28959999999879,0.09999999999999432,0.1,-5.689893001203927e-15,0.0,6,0,286,85,73.54151395147026,87.69255260205324,65.93333333333295
96.49999999999879,97.38959999999878,0.09999999999999432,0.1,-5.689893001203927e-15,0.0,6,0,285,85,73.3143472848036,87.59255260205325,66.03333333333295
96.59999999999879,97.48959999999877,0.09999999999999432,0.1,-5.689893001203927e-15,0.0,6,0,284,85,73.08701395147027,87.49255260205325,66.13333333333294
96.69999999999878,97.58959999999877,0.09999999999999432,0.1,-5.689893001203927e-15,0.0,6,0,285,85,72.69851395147028,87.39255260205326,66.23333333333294
96.79999999999878,97.68959999999876,0.09999999999999432,0.1,-5.689893001203927e-15,0.0,6,0,285,85,72.30968061813695,87.29255260205326,66.33333333333294
96.89999999999877,97.78959999999876,0.09999999999999432,0.1,-5.689893001203927e-15,0.0,6,0,285,85,71.9205139514703,87.19255260205327,66.43333333333294
96.99999999999876,97.88959999999875,0.09999999999999432,0.1,-5.689893001203927e-15,0.0,6,0,285,85,71.5310139514703,87.09255260205327,66.53333333333293
97.09999999999876,97.98959999999875,0.09999999999999432,0.1,-5.689893001203927e-15,0.0,6,0,285,85,71.14118061813697,86.99255260205328,66.63333333333293
97.19999999999875,98.08959999999874,0.09999999999999432,0.1,-5.689893001203927e-15,0.0,6,0,285,85,70.75101395147031,86.89255260205329,66.73333333333294
97.29999999999875,98.18959999999873,0.09999999999999432,0.1,-5.689893001203927e-15,0.0,6,0,285,85,70.36051395147031,86.79255260205329,66.83333333333293
97.39999999999874,98.28959999999873,0.09999999999999432,0.1,-5.689893001203927e-15,0.0,6,0,285,85,69.96968061813699,86.6925526020533,66.93333333333293
97.49999999999874,98.38959999999872,0.09999999999999432,0.1,-5.689893001203927e-15,0.0,6,0,286,85,69.57851395147033,86.5925526020533,67.03333333333292
97.59999999999873,98.48959999999872,0.09999999999999432,0.1,-5.689893001203927e-15,0.0,6,0,286,86,69.18701395147032,86.49255260205331,67.13333333333291
97.69999999999872,98.58959999999871,0.09999999999999432,0.1,-5.689893001203927e-15,0.0,6,0,285,86,68.795180618137,86.39255260205331,67.23333333333291
97.79999999999872,98.6895999999987,0.09999999999999432,0.1,-5.689893001203927e-15,0.0,6,0,285,86,68.40301395147034,86.29255260205332,67.3333333333329
97.89999999999871,98.7895999999987,0.09999999999999432,0.1,-5.689893001203927e-15,0.0,6,0,287,86,68.01051395147034,85.29837775427279,67.4333333333329
97.9999999999987,98.8895999999987,0.09999999999999432,0.1,-5.689893001203927e-15,0.0,6,0,287,86,67.61768061813702,84.21937775427281,67.53333333333289
98.0999999999987,98.98959999999869,0.09999999999999432,0.1,-5.689893001203927e-15,0.0,6,0,287,86,67.22451395147036,83.13937775427283,67.63333333333289
98.1999999999987,99.08959999999868,0.09999999999999432,0.1,-5.689893001203927e-15,0.0,6,0,288,86,66.83101395147037,82.05837775427285,67.7333333333329
98.29999999999869,99.18959999999868,0.09999999999999432,0.1,-5.689893001203927e-15,0.0,6,0,288,86,66.43718061813705,80.97637775427287,67.83333333333289
98.39999999999868,99.28959999999867,0.09999999999999432,0.1,-5.689893001203927e-15,0.0,6,0,288,87,66.04301395147037,79.89337775427289,67.93333333333288
98.49999999999868,99.38959999999867,0.09999999999999432,0.1,-5.689893001203927e-15,0.0,6,0,287,88,65.64851395147038,78.80937775427292,68.03333333333288
98.59999999999867,99.48959999999866,0.09999999999999432,0.1,-5.689893001203927e-15,0.0,6,0,286,88,65.25368061813707,77.72437775427294,68.13333333333289
98.69999999999867,99.58959999999865,0.09999999999999432,0.1,-5.689893001203927e-15,0.0,6,0,285,88,64.8585139514704,76.63837775427295,68.23333333333288
98.79999999999866,99.68959999999865,0.09999999999999432,0.1,-5.689893001203927e-15,0.0,6,0,284,88,64.4630139514704,75.55137775427298,68.33333333333287
98.89999999999866,99.78959999999864,0.09999999999999432,0.1,-5.689893001203927e-15,0.0,6,0,284,88,64.06718061813707,74.463377754273,68.43333333333287
98.99999999999865,99.88959999999864,0.09999999999999432,0.1,-5.689893001203927e-15,0.0,6,0,285,89,63.67101395147042,73.97491620445231,68.53333333333286
99.09999999999864,99.98959999999863,0.09999999999999432,0.1,-5.689893001203927e-15,0.0,6,0,286,89,63.274513951470425,73.87491620445232,68.63333333333286
99.19999999999864,100.08959999999863,0.09999999999999432,0.1,-5.689893001203927e-15,0.0,6,0,286,89,62.8776806181371,73.77491620445232,68.73333333333285
99.29999999999863,100.18959999999862,0.09999999999999432,0.1,-5.689893001203927e-15,0.0,6,0,285,88,62.480513951470435,73.67491620445233,68.83333333333285
99.39999999999863,100.28959999999861,0.09999999999999432,0.1,-5.689893001203927e-15,0.0,6,0,285,88,62.08301395147044,73.57491620445234,68.93333333333284
99.49999999999862,100.38959999999861,0.09999999999999432,0.1,-5.689893001203927e-15,0.0,5,0,284,88,74.37331608197114,73.47491620445234,66.95999999999945
99.59999999999862,100.4895999999986,0.09999999999999432,0.1,-5.689893001203927e-15,0.0,5,0,283,89,74.07431608197115,73.37491620445235,67.05999999999946
99.69999999999861,100.5895999999986,0.09999999999999432,0.1,-5.689893001203927e-15,0.0,5,0,282,89,73.77511608197116,73.27491620445235,67.15999999999946
99.7999999999986,100.68959999999859,0.09999999999999432,0.1,-5.689893001203927e-15,0.0,5,0,280,89,73.47571608197116,73.17491620445236,67.25999999999945
99.8999999999986,100.78959999999859,0.09999999999999432,0.1,-5.689893001203927e-15,0.0,5,0,281,89,73.17611608197117,73.07491620445236,67.35999999999945
99.9999999999986,100.88959999999858,0.09999999999999432,0.1,-5.689893001203927e-15,0.0,5,0,281,89,72.87631608197117,72.97491620445237,67.45999999999944
100.09999999999859,100.98959999999857,0.09999999999999432,0.1,-5.689893001203927e-15,0.0,5,0,280,89,72.57631608197117,72.87491620445238,67.55999999999945
100.19999999999858,101.08959999999857,0.09999999999999432,0.1,-5.689893001203927e-15,0.0,5,0,279,89,72.2761160819712,72.77491620445238,67.65999999999943
100.29999999999858,101.18959999999856,0.09999999999999432,0.1,-5.689893001203927e-15,0.0,5,0,280,89,71.97571608197119,72.67491620445239,67.75999999999944
100.39999999999857,101.28959999999856,0.09999999999999432,0.1,-5.689893001203927e-15,0.0,5,0,280,88,71.6751160819712,72.57491620445239,67.85999999999943
100.49999999999856,101.38959999999855,0.09999999999999432,0.1,-5.689893001203927e-15,0.0,5,0,280,88,71.3743160819712,72.4749162044524,67.95999999999943
100.59999999999856,101.48959999999855,0.09999999999999432,0.1,-5.689893001203927e-15,0.0,5,0,281,88,71.07331608197121,72.3749162044524,68.05999999999942
100.69999999999855,101.58959999999854,0.09999999999999432,0.1,-5.689893001203927e-15,0.0,5,0,279,88,70.77211608197122,72.27491620445241,68.15999999999943
100.79999999999855,101.68959999999853,0.09999999999999432,0.1,-5.689893001203927e-15,0.0,5,0,278,87,70.47071608197122,72.17491620445242,68.25999999999942
100.89999999999854,101.78959999999853,0.09999999999999432,0.1,-5.689893001203927e-15,0.0,5,0,278,87,70.16911608197123,72.07491620445242,68.35999999999942
100.99999999999854,101.88959999999852,0.09999999999999432,0.1,-5.689893001203927e-15,0.0,5,0,277,87,69.7289077318671,71.97491620445243,68.45999999999941
101.09999999999853,101.98959999999852,0.09999999999999432,0.1,-5.689893001203927e-15,0.0,5,0,277,87,69.30449385510104,71.87491620445243,68.5599999999994
101.19999999999852,102.19319999999851,0.20359999999999445,0.1,0.10359999999999445,0.0,5,0,276,87,89.59987997833508,82.89255260205351,68.65999999999941
101.29999999999852,102.4617999999985,0.2685999999999922,0.1,0.16859999999999217,0.0,6,0,272,87,98.26831208194345,82.79255260205352,57.31666666666617
101.39999999999851,102.5617999999985,0.09999999999999432,0.1,-5.689893001203927e-15,0.0,7,0,271,87,80.23318228669504,74.9,49.228571428571
101.49999999999851,102.6617999999985,0.09999999999999432,0.1,-5.689893001203927e-15,0.0,7,0,273,87,79.6515494637805,73.76242884615235,49.328571428571
101.5999999999985,102.82179999999849,0.1599999999999966,0.1,0.059999999999996584,0.0,7,0,272,87,87.69530011069445,82.49255260205354,49.428571428571
101.6999999999985,102.98179999999849,0.1599999999999966,0.1,0.059999999999996584,0.0,7,0,271,87,95.81901780971614,82.39255260205354,49.528571428571
101.79999999999849,103.08179999999848,0.09999999999999432,0.1,-5.689893001203927e-15,0.0,8,0,273,86,80.2517277504669,82.29255260205355,43.437499999999616
101.89999999999849,103.22459999999847,0.14279999999999404,0.1,0.04279999999999404,0.0,8,0,271,87,85.01188190536136,82.19255260205355,43.53749999999962
101.99999999999848,103.32459999999847,0.09999999999999432,0.1,-5.689893001203927e-15,0.0,9,0,271,87,72.26321515243745,73.0141402281051,38.799999999999656
102.09999999999847,103.46759999999847,0.14300000000000068,0.1,0.04300000000000068,0.0,9,0,270,88,76.41403061737003,72.30207084427482,38.89999999999966
102.19999999999847,103.67779999999847,0.2102000000000004,0.1,0.11020000000000038,0.0,9,0,267,88,88.10693109326652,71.59000146044454,38.99999999999965
102.29999999999846,103.77779999999846,0.09999999999999432,0.1,-5.689893001203927e-15,0.0,10,0,267,88,76.30044421928166,70.81969077852584,35.19999999999969
102.39999999999846,103.91679999999846,0.1389999999999958,0.1,0.03899999999999579,0.0,10,0,264,88,79.57471871876129,73.81845528445868,35.299999999999685
102.49999999999845,104.13679999999846,0.21999999999999886,0.1,0.11999999999999886,0.0,10,0,262,88,91.02781874693088,85.0868834174881,35.399999999999686
102.59999999999845,104.35679999999846,0.21999999999999886,0.1,0.11999999999999886,0.0,10,0,259,88,102.41479820378717,104.36642438928062,35.49999999999968
102.69999999999844,104.51679999999845,0.1599999999999966,0.1,0.059999999999996584,0.0,11,0,257,88,95.73721386542839,84.88688341748811,32.37272727272698
102.79999999999843,104.77319999999845,0.2563999999999993,0.1,0.1563999999999993,0.0,11,0,254,87,109.35323745768423,103.35494733325986,32.472727272726985
102.89999999999843,104.93319999999845,0.1599999999999966,0.1,0.059999999999996584,0.0,12,0,253,87,102.70410300945288,103.25494733325986,29.8666666666664
102.99999999999842,105.03319999999844,0.09999999999999432,0.1,-5.689893001203927e-15,0.0,13,0,253,87,92.44282578713417,81.09255260205362,27.669230769230523
103.09999999999842,105.13319999999844,0.09999999999999432,0.1,-5.689893001203927e-15,0.0,13,0,254,87,91.9992644165085,80.99255260205362,27.76923076923052
103.19999999999841,105.23319999999843,0.09999999999999432,0.1,-5.689893001203927e-15,0.0,13,0,253,87,91.60328630621551,80.89255260205363,27.86923076923052
103.2999999999984,105.37439999999843,0.14119999999999777,0.1,0.041199999999997766,0.0,13,0,251,87,94.42159096813769,84.28688341748814,27.969230769230517
103.3999999999984,105.47439999999843,0.09999999999999432,0.1,-5.689893001203927e-15,0.0,13,0,252,88,94.09393709823074,84.18688341748815,28.06923076923052
103.4999999999984,105.57439999999842,0.09999999999999432,0.1,-5.689893001203927e-15,0.0,13,0,251,88,93.76395577177642,84.08688341748815,28.169230769230516
103.59999999999839,105.67439999999841,0.09999999999999432,0.1,-5.689893001203927e-15,0.0,13,0,251,88,93.43544845127053,83.98688341748816,28.269230769230514
103.69999999999838,105.77439999999841,0.09999999999999432,0.1,-5.689893001203927e-15,0.0,13,0,250,88,93.09205672206248,83.88688341748816,28.369230769230516
103.79999999999838,105.8743999999984,0.09999999999999432,0.1,-5.689893001203927e-15,0.0,13,0,249,88,92.75973228810254,83.78688341748817,28.469230769230514
103.89999999999837,106.0343999999984,0.1599999999999966,0.1,0.059999999999996584,0.0,13,0,248,88,97.05295503445565,102.25494733325992,28.569230769230515
103.99999999999837,106.1343999999984,0.09999999999999432,0.1,-5.689893001203927e-15,0.0,13,0,249,88,96.74854032011389,102.15494733325993,28.66923076923051
104.09999999999836,106.23439999999839,0.09999999999999432,0.1,-5.689893001203927e-15,0.0,13,0,249,88,96.41353717799282,102.05494733325993,28.76923076923051
104.19999999999835,106.39439999999838,0.1599999999999966,0.1,0.059999999999996584,0.0,13,0,247,88,100.74456225959464,101.95494733325994,28.86923076923051
104.29999999999835,106.49439999999838,0.09999999999999432,0.1,-5.689893001203927e-15,0.0,14,0,245,88,91.52977082941645,91.20384806645407,26.907142857142617
104.39999999999834,106.59439999999837,0.09999999999999432,0.1,-5.689893001203927e-15,0.0,14,0,245,87,91.18512770434833,90.33768220824352,27.007142857142615
104.49999999999834,106.75439999999837,0.1599999999999966,0.1,0.059999999999996584,0.0,14,0,244,87,95.1622378981269,101.65494733325995,27.107142857142613
104.59999999999833,106.90719999999837,0.15279999999999916,0.1,0.05279999999999915,0.0,14,0,243,87,98.65031785324673,110.03419679449941,27.20714285714261
104.69999999999833,107.00719999999836,0.09999999999999432,0.1,-5.689893001203927e-15,0.0,14,0,243,87,98.33891666895194,109.93419679449941,27.307142857142612
104.79999999999832,107.21179999999836,0.20459999999999923,0.1,0.10459999999999922,0.0,14,0,240,87,105.49426751797178,109.83419679449942,27.40714285714261
104.89999999999831,107.31179999999836,0.09999999999999432,0.1,-5.689893001203927e-15,0.0,16,0,239,88,88.97154091041958,89.27626840235295,24.081249999999784
104.99999999999831,107.53179999999836,0.21999999999999886,0.1,0.11999999999999886,0.0,16,0,238,87,96.05659141814498,89.17626840235296,24.181249999999782
105.0999999999983,107.74239999999836,0.21059999999999945,0.1,0.11059999999999945,0.0,17,0,236,87,95.05086736479251,89.07626840235297,22.85882352941156
105.1999999999983,107.84239999999835,0.09999999999999432,0.1,-5.689893001203927e-15,0.0,17,0,236,87,94.6583804812832,88.97626840235297,22.958823529411557
105.29999999999829,107.94239999999834,0.09999999999999432,0.1,-5.689893001203927e-15,0.0,17,0,236,87,94.2300211224852,88.87626840235298,23.05882352941156
105.39999999999829,108.04239999999834,0.09999999999999432,0.1,-5.689893001203927e-15,0.0,17,0,238,86,93.83544791977167,88.77626840235298,23.158823529411556
105.49999999999828,108.14239999999833,0.09999999999999432,0.1,-5.689893001203927e-15,0.0,17,0,238,86,93.54360544556135,88.67626840235299,23.258823529411558
105.59999999999827,108.24239999999833,0.09999999999999432,0.1,-5.689893001203927e-15,0.0,17,0,240,86,93.26066426909077,88.576268402353,23.358823529411556
105.69999999999827,108.34239999999832,0.09999999999999432,0.1,-5.689893001203927e-15,0.0,16,0,240,86,98.97761967626681,100.45494733326002,18.318749999999884
105.79999999999826,108.44239999999832,0.09999999999999432,0.1,-5.689893001203927e-15,0.0,16,0,241,86,98.74134591307323,100.35494733326003,18.418749999999882
105.89999999999826,108.60239999999831,0.1599999999999966,0.1,0.059999999999996584,0.0,16,0,241,87,102.26278341307325,108.73419679449948,18.518749999999883
105.99999999999825,108.7023999999983,0.09999999999999432,0.1,-5.689893001203927e-15,0.0,16,0,241,87,102.05286818097157,108.63419679449949,18.61874999999988
106.09999999999825,108.8023999999983,0.09999999999999432,0.1,-5.689893001203927e-15,0.0,16,0,239,87,101.81291823067464,108.5341967944995,18.718749999999883
106.19999999999824,108.9023999999983,0.09999999999999432,0.1,-5.689893001203927e-15,0.0,16,0,240,87,101.61124674607939,108.4341967944995,18.81874999999988
106.29999999999824,109.00239999999829,0.09999999999999432,0.1,-5.689893001203927e-15,0.0,16,0,239,87,101.4449342460794,108.3341967944995,18.918749999999882
106.39999999999823,109.10239999999828,0.09999999999999432,0.1,-5.689893001203927e-15,0.0,16,0,239,87,101.27855924607941,108.23419679449951,19.01874999999988
106.49999999999822,109.20239999999828,0.09999999999999432,0.1,-5.689893001203927e-15,0.0,16,0,238,87,101.11212174607941,108.13419679449952,19.118749999999878
106.59999999999822,109.30239999999827,0.09999999999999432,0.1,-5.689893001203927e-15,0.0,16,0,237,87,100.94562174607941,108.03419679449952,19.21874999999988
106.69999999999821,109.40239999999827,0.09999999999999432,0.1,-5.689893001203927e-15,0.0,16,0,236,87,100.77905924607943,107.93419679449953,19.318749999999877
106.7999999999982,109.50239999999826,0.09999999999999432,0.1,-5.689893001203927e-15,0.0,16,0,236,86,100.61243424607943,107.83419679449953,19.41874999999988
106.8999999999982,109.60239999999825,0.09999999999999432,0.1,-5.689893001203927e-15,0.0,16,0,236,85,100.44574674607944,107.73419679449954,19.518749999999876
106.9999999999982,109.70239999999825,0.09999999999999432,0.1,-5.689893001203927e-15,0.0,16,0,237,85,100.27899674607944,107.63419679449954,19.618749999999874
107.09999999999819,109.80239999999824,0.09999999999999432,0.1,-5.689893001203927e-15,0.0,16,0,236,86,100.11218424607945,107.53419679449955,19.718749999999876
107.19999999999818,109.90239999999824,0.09999999999999432,0.1,-5.689893001203927e-15,0.0,16,0,237,86,99.94530924607946,107.43419679449956,19.818749999999874
107.29999999999818,110.00239999999823,0.09999999999999432,0.1,-5.689893001203927e-15,0.0,16,0,236,87,99.77837174607946,107.33419679449956,19.918749999999875
107.39999999999817,110.10239999999823,0.09999999999999432,0.1,-5.689893001203927e-15,0.0,16,0,236,87,99.61137174607947,107.23419679449957,20.018749999999873
107.49999999999817,110.20239999999822,0.09999999999999432,0.1,-5.689893001203927e-15,0.0,16,0,234,88,99.44430924607947,107.13419679449957,20.11874999999987
107.59999999999816,110.30239999999822,0.09999999999999432,0.1,-5.689893001203927e-15,0.0,16,0,233,88,99.27718424607947,107.03419679449958,20.218749999999872
107.69999999999816,110.40239999999821,0.09999999999999432,0.1,-5.689893001203927e-15,0.0,16,0,232,88,99.10999674607949,106.93419679449958,20.31874999999987
107.79999999999815,110.5023999999982,0.09999999999999432,0.1,-5.689893001203927e-15,0.0,16,0,233,88,98.9427467460795,106.83419679449959,20.41874999999987
107.89999999999814,110.6023999999982,0.09999999999999432,0.1,-5.689893001203927e-15,0.0,16,0,233,88,98.7754342460795,106.7341967944996,20.51874999999987
107.99999999999814,110.70239999999819,0.09999999999999432,0.1,-5.689893001203927e-15,0.0,16,0,233,87,98.6080592460795,106.6341967944996,20.61874999999987
108.09999999999813,110.80239999999819,0.09999999999999432,0.1,-5.689893001203927e-15,0.0,16,0,235,88,98.44062174607951,106.53419679449961,20.71874999999987
108.19999999999813,110.90239999999818,0.09999999999999432,0.1,-5.689893001203927e-15,0.0,16,0,235,88,98.27312174607951,106.43419679449961,20.818749999999866
108.29999999999812,111.00239999999818,0.09999999999999432,0.1,-5.689893001203927e-15,0.0,16,0,236,87,98.10555924607952,106.33419679449962,20.918749999999868
108.39999999999812,111.10239999999817,0.09999999999999432,0.1,-5.689893001203927e-15,0.0,16,0,235,87,97.93793424607952,106.23419679449962,21.018749999999866
108.49999999999811,111.20239999999816,0.09999999999999432,0.1,-5.689893001203927e-15,0.0,16,0,235,87,97.77024674607954,106.13419679449963,21.118749999999864
108.5999999999981,111.30239999999816,0.09999999999999432,0.1,-5.689893001203927e-15,0.0,16,0,236,87,97.60249674607954,106.03419679449964,21.218749999999865
108.6999999999981,111.40239999999815,0.09999999999999432,0.1,-5.689893001203927e-15,0.0,16,0,236,87,97.43468424607954,105.93419679449964,21.318749999999863
108.7999999999981,111.50239999999815,0.09999999999999432,0.1,-5.689893001203927e-15,0.0,16,0,237,87,97.26680924607955,105.83419679449965,21.418749999999864
108.89999999999809,111.60239999999814,0.09999999999999432,0.1,-5.689893001203927e-15,0.0,16,0,238,87,97.09887174607955,105.73419679449965,21.518749999999862
108.99999999999808,111.70239999999814,0.09999999999999432,0.1,-5.689893001203927e-15,0.0,16,0,239,87,96.93087174607956,105.63419679449966,21.61874999999986
109.09999999999808,111.80239999999813,0.09999999999999432,0.1,-5.689893001203927e-15,0.0,16,0,238,87,96.76280924607957,105.53419679449966,21.71874999999986
109.19999999999807,111.90239999999812,0.09999999999999432,0.1,-5.689893001203927e-15,0.0,16,0,238,86,96.59468424607957,105.43419679449967,21.81874999999986
109.29999999999806,112.00239999999812,0.09999999999999432,0.1,-5.689893001203927e-15,0.0,16,0,238,87,96.42649674607958,105.33419679449968,21.91874999999986
109.39999999999806,112.10239999999811,0.09999999999999432,0.1,-5.689893001203927e-15,0.0,16,0,239,87,96.25824674607959,105.23419679449968,22.01874999999986
109.49999999999805,112.20239999999811,0.09999999999999432,0.1,-5.689893001203927e-15,0.0,16,1,240,87,96.0899342460796,105.13419679449969,22.118749999999856
109.59999999999805,112.3023999999981,0.09999999999999432,0.1,-5.689893001203927e-15,0.0,16,1,240,87,95.9215592460796,105.03419679449969,22.218749999999858
109.69999999999804,112.4023999999981,0.09999999999999432,0.1,-5.689893001203927e-15,0.0,16,1,240,87,95.7531217460796,104.9341967944997,22.318749999999856
109.79999999999804,112.50239999999809,0.09999999999999432,0.1,-5.689893001203927e-15,0.0,16,1,240,87,95.5846217460796,104.8341967944997,22.418749999999854
109.89999999999803,112.60239999999808,0.09999999999999432,0.1,-5.689893001203927e-15,0.0,16,1,241,87,95.41605924607961,104.73419679449971,22.518749999999855
109.99999999999802,112.70239999999808,0.09999999999999432,0.1,-5.689893001203927e-15,0.0,16,1,241,87,95.24743424607962,104.63419679449972,22.618749999999853
110.09999999999802,112.80239999999807,0.09999999999999432,0.1,-5.689893001203927e-15,0.0,16,1,239,87,95.07874674607963,104.53419679449972,22.718749999999854
110.19999999999801,112.90239999999807,0.09999999999999432,0.1,-5.689893001203927e-15,0.0,16,1,238,87,94.90999674607963,104.43419679449973,22.818749999999852
110.29999999999801,113.00239999999806,0.09999999999999432,0.1,-5.689893001203927e-15,0.0,16,1,237,87,94.74118424607964,104.33419679449973,22.91874999999985
110.399999999998,113.10239999999806,0.09999999999999432,0.1,-5.689893001203927e-15,0.0,16,1,236,87,94.51587174607964,104.23419679449974,23.01874999999985
110.499999999998,113.20239999999805,0.09999999999999432,0.1,-5.689893001203927e-15,0.0,16,1,236,87,94.29043424607966,104.13419679449974,23.11874999999985
110.59999999999799,113.30239999999804,0.09999999999999432,0.1,-5.689893001203927e-15,0.0,16,1,236,87,94.06487174607966,104.03419679449975,23.218749999999847
110.69999999999798,113.40239999999804,0.09999999999999432,0.1,-5.689893001203927e-15,0.0,16,1,236,87,93.83918424607967,103.93419679449975,23.31874999999985
110.79999999999798,113.50239999999803,0.09999999999999432,0.1,-5.689893001203927e-15,0.0,16,1,235,87,93.61337174607966,103.83419679449976,23.418749999999847
110.89999999999797,113.60239999999803,0.09999999999999432,0.1,-5.689893001203927e-15,0.0,16,1,234,88,93.38743424607968,103.73419679449977,23.518749999999848
110.99999999999797,113.70239999999802,0.09999999999999432,0.1,-5.689893001203927e-15,0.0,16,1,237,87,93.16137174607968,103.63419679449977,23.618749999999846
111.09999999999796,113.80239999999802,0.09999999999999432,0.1,-5.689893001203927e-15,0.0,16,1,236,87,92.93518424607969,103.53419679449978,23.718749999999844
111.19999999999796,113.90239999999801,0.09999999999999432,0.1,-5.689893001203927e-15,0.0,16,1,237,87,92.7088717460797,103.43419679449978,23.818749999999845
111.29999999999795,114.002399999998,0.09999999999999432,0.1,-5.689893001203927e-15,0.0,16,1,236,87,92.4824342460797,103.33419679449979,23.918749999999843
111.39999999999795,114.102399999998,0.09999999999999432,0.1,-5.689893001203927e-15,0.0,16,1,236,87,92.2558717460797,103.2341967944998,24.01874999999984
111.49999999999794,114.202399999998,0.09999999999999432,0.1,-5.689893001203927e-15,0.0,16,1,236,87,92.02918424607971,103.1341967944998,24.118749999999842
111.59999999999793,114.30239999999799,0.09999999999999432,0.1,-5.689893001203927e-15,0.0,16,1,236,87,91.80237174607971,103.0341967944998,24.21874999999984
111.69999999999793,114.40239999999798,0.09999999999999432,0.1,-5.689893001203927e-15,0.0,16,1,237,87,91.57543424607972,102.93419679449981,24.31874999999984
111.79999999999792,114.50239999999798,0.09999999999999432,0.1,-5.689893001203927e-15,0.0,16,1,237,88,91.29798750126652,102.83419679449982,24.41874999999984
111.89999999999792,114.66239999999797,0.1599999999999966,0.1,0.059999999999996584,0.0,15,1,236,87,101.26908316121398,104.89433888685578,18.699999999999967
111.99999999999791,114.76239999999797,0.09999999999999432,0.1,-5.689893001203927e-15,0.0,15,1,236,87,101.07569235477197,104.79433888685578,18.799999999999965
112.0999999999979,114.92239999999796,0.1599999999999966,0.1,0.059999999999996584,0.0,15,1,236,88,104.77592832664904,109.68785338892484,18.899999999999967
112.1999999999979,115.16579999999797,0.24340000000000828,0.1,0.14340000000000827,0.0,16,1,232,88,105.35782820589907,104.5943388868558,17.818749999999966
112.2999999999979,115.29359999999797,0.12779999999999347,0.1,0.02779999999999347,0.0,17,1,230,88,99.01782372916436,102.33419679449985,16.870588235294086
112.39999999999789,115.50819999999796,0.21459999999999013,0.1,0.11459999999999013,0.0,17,1,227,88,105.39715294202894,104.3943388868558,16.970588235294084
112.49999999999788,115.60819999999795,0.09999999999999432,0.1,-5.689893001203927e-15,0.0,18,1,227,88,97.86759223807776,102.13419679449986,16.127777777777748
112.59999999999788,115.88439999999795,0.2762000000000029,0.1,0.17620000000000288,0.0,18,1,223,86,107.29509221749316,104.19433888685582,16.227777777777746
112.69999999999787,115.98439999999795,0.09999999999999432,0.1,-5.689893001203927e-15,0.0,20,1,224,86,93.7950238554983,99.15067343062994,14.704999999999973
112.79999999999787,116.14439999999794,0.1599999999999966,0.1,0.059999999999996584,0.0,20,1,223,87,96.4479089449693,101.83419679449987,14.804999999999973
112.89999999999786,116.28279999999793,0.1383999999999901,0.1,0.03839999999999008,0.0,20,1,222,87,98.07318550534357,101.73419679449988,14.90499999999997
112.99999999999785,116.44279999999793,0.1599999999999966,0.1,0.059999999999996584,0.0,20,1,221,86,100.83147006815773,101.63419679449989,15.00499999999997
113.09999999999785,116.62539999999792,0.18259999999999366,0.1,0.08259999999999365,0.0,21,1,219,86,98.51027650405658,99.44285338892499,14.390476190476162
113.19999999999784,116.72539999999792,0.09999999999999432,0.1,-5.689893001203927e-15,0.0,22,1,219,86,92.62444168894727,95.31956295064269,13.83636363636361
113.29999999999784,116.88539999999792,0.1599999999999966,0.1,0.059999999999996584,0.0,22,1,218,86,95.05394684163271,97.38185338892502,13.936363636363609
113.39999999999783,117.07959999999791,0.19419999999999504,0.1,0.09419999999999504,0.0,22,1,216,86,99.08571214862981,96.34985338892504,14.036363636363609
113.49999999999783,117.29959999999791,0.21999999999999886,0.1,0.11999999999999886,0.0,23,1,215,86,98.67646547987968,95.31685338892505,13.526086956521713
113.59999999999782,117.65679999999792,0.35720000000000596,0.1,0.257200000000006,0.0,24,1,209,86,103.94667548537149,94.28285338892508,13.062499999999973
113.69999999999781,117.87679999999791,0.21999999999999886,0.1,0.11999999999999886,0.0,25,1,206,86,103.31885554631327,93.2478533889251,12.639999999999976
113.79999999999781,118.09679999999791,0.21999999999999886,0.1,0.11999999999999886,0.0,27,1,203,86,97.95806241482741,85.66416904808786,11.80370370370368
113.8999999999978,118.1967999999979,0.09999999999999432,0.1,-5.689893001203927e-15,0.0,29,1,202,86,89.17369317363892,80.79208311469071,11.08965517241377
113.9999999999978,118.2967999999979,0.09999999999999432,0.1,-5.689893001203927e-15,0.0,29,1,202,86,88.84005054410561,80.17626840235347,11.189655172413769
114.09999999999779,118.3967999999979,0.09999999999999432,0.1,-5.689893001203927e-15,0.0,29,1,201,86,88.54023179903092,80.07626840235348,11.28965517241377
114.19999999999779,118.51899999999789,0.12219999999999231,0.1,0.02219999999999231,0.0,29,1,199,86,89.03070664123226,79.97626840235348,11.38965517241377
114.29999999999778,118.61899999999788,0.09999999999999432,0.1,-5.689893001203927e-15,0.0,29,1,199,86,88.76693051452615,79.87626840235349,11.48965517241377
114.39999999999777,118.81599999999787,0.19699999999998852,0.1,0.09699999999998851,0.0,29,1,197,86,91.83814474214674,79.7762684023535,11.58965517241377
114.49999999999777,118.96459999999786,0.14859999999998763,0.1,0.048599999999987625,0.0,31,1,195,86,85.62629284911901,75.06561264783224,10.941935483870946
114.59999999999776,119.23379999999786,0.2691999999999979,0.1,0.16919999999999788,0.0,31,1,191,86,90.77368172662965,78.45542295288335,11.041935483870946
114.69999999999776,119.33379999999785,0.09999999999999432,0.1,-5.689893001203927e-15,0.0,33,1,193,86,83.4721514250576,74.9,10.472727272727251
114.79999999999775,119.49379999999785,0.1599999999999966,0.1,0.059999999999996584,0.0,33,1,191,86,84.9255658113854,74.76561264783226,10.572727272727251
114.89999999999775,119.83379999999785,0.3400000000000034,0.1,0.2400000000000034,0.0,33,1,187,86,91.90320440001115,79.06416904808792,10.672727272727252
114.99999999999774,119.99379999999785,0.1599999999999966,0.1,0.059999999999996584,0.0,34,1,186,86,89.98426546596946,78.46416904808792,10.458823529411744
115.09999999999773,120.16079999999783,0.16699999999998738,0.1,0.06699999999998738,0.0,35,1,184,86,88.35959084204306,78.41509035734887,10.25999999999998
115.19999999999773,120.38079999999783,0.21999999999999886,0.1,0.11999999999999886,0.0,35,1,181,87,91.54211190591343,77.85542295288339,10.35999999999998
115.29999999999772,120.48079999999783,0.09999999999999432,0.1,-5.689893001203927e-15,0.0,36,1,181,87,88.06371351274007,77.49265223640522,10.172222222222201
115.39999999999772,120.64079999999782,0.1599999999999966,0.1,0.059999999999996584,0.0,36,1,181,87,89.45509073368748,77.6554229528834,10.272222222222203
115.49999999999771,120.74079999999782,0.09999999999999432,0.1,-5.689893001203927e-15,0.0,36,1,180,87,89.23047664626228,77.5554229528834,10.3722222222222
115.5999999999977,120.84079999999781,0.09999999999999432,0.1,-5.689893001203927e-15,0.0,36,1,179,87,89.01367159481808,77.45542295288341,10.472222222222202
115.6999999999977,120.37460019492369,-0.46619980507412606,0.1,-1.0547118733938987e-14,0.5661998050741155,35,1,178,86,89.729801707679,77.35542295288342,10.568571428571406
115.7999999999977,120.47460019492368,0.09999999999999432,0.1,-5.689893001203927e-15,0.0,35,1,179,86,89.55320548019742,77.25542295288342,10.668571428571406
115.89999999999769,120.59680019492367,0.12219999999999231,0.1,0.02219999999999231,0.0,35,1,179,86,89.94400082155812,76.73098437374722,10.768571428571407
115.99999999999768,120.69680019492367,0.09999999999999432,0.1,-5.689893001203927e-15,0.0,36,1,178,86,86.52651432934357,75.83109356617966,10.569444444444423
116.09999999999768,120.83180019492366,0.1349999999999909,0.1,0.0349999999999909,0.0,36,1,177,87,87.21810174251256,76.53098437374723,10.669444444444423
116.19999999999767,120.93180019492365,0.09999999999999432,0.1,-5.689893001203927e-15,0.0,36,1,177,87,86.97458692675868,76.43098437374724,10.769444444444424
116.29999999999767,121.03180019492365,0.09999999999999432,0.1,-5.689893001203927e-15,0.0,36,1,177,86,86.77412068526854,76.33098437374724,10.869444444444422
116.39999999999766,121.13180019492364,0.09999999999999432,0.1,-5.689893001203927e-15,0.0,36,1,177,86,86.61257625711096,76.23098437374725,10.969444444444424
116.49999999999766,121.23180019492364,0.09999999999999432,0.1,-5.689893001203927e-15,0.0,36,1,177,86,86.46816670871341,76.13098437374725,11.069444444444422
116.59999999999765,121.33180019492363,0.09999999999999432,0.1,-5.689893001203927e-15,0.0,36,1,176,86,86.32750004204675,76.03098437374726,11.169444444444423
116.69999999999764,121.43180019492362,0.09999999999999432,0.1,-5.689893001203927e-15,0.0,36,1,177,86,86.18680559760232,75.93098437374726,11.269444444444423
116.79999999999764,121.53180019492362,0.09999999999999432,0.1,-5.689893001203927e-15,0.0,36,1,177,86,86.04608337538009,75.83098437374727,11.369444444444422
116.89999999999763,121.63180019492361,0.09999999999999432,0.1,-5.689893001203927e-15,0.0,36,1,178,86,85.9053333753801,75.73098437374728,11.469444444444422
116.99999999999763,121.73180019492361,0.09999999999999432,0.1,-5.689893001203927e-15,0.0,36,1,176,84,85.76455559760232,75.63098437374728,11.569444444444422
117.09999999999762,121.8318001949236,0.09999999999999432,0.1,-5.689893001203927e-15,0.0,36,1,175,83,85.62821198805452,75.53098437374729,11.669444444444421
117.19999999999762,121.9318001949236,0.09999999999999432,0.1,-5.689893001203927e-15,0.0,36,1,176,83,85.49655407216952,75.4309843737473,11.76944444444442
117.29999999999761,122.03180019492359,0.09999999999999432,0.1,-5.689893001203927e-15,0.0,36,1,176,84,85.34546324774553,75.3309843737473,11.86944444444442
117.3999999999976,122.13180019492358,0.09999999999999432,0.1,-5.689893001203927e-15,0.0,36,1,176,84,85.20417858767928,75.2309843737473,11.96944444444442
117.4999999999976,122.23180019492358,0.09999999999999432,0.1,-5.689893001203927e-15,0.0,36,1,176,84,85.0631092725036,75.13098437374731,12.069444444444422
117.59999999999759,122.39180019492358,0.1599999999999966,0.1,0.059999999999996584,0.0,36,1,176,84,86.58883149472585,76.57626840235368,12.16944444444442
117.69999999999759,122.55180019492357,0.1599999999999966,0.1,0.059999999999996584,0.0,36,1,176,84,88.1186312412284,76.47626840235368,12.26944444444442
117.79999999999758,122.71180019492357,0.1599999999999966,0.1,0.059999999999996584,0.0,37,1,175,84,86.53632454432801,74.9,12.037837837837815
117.89999999999758,122.81180019492356,0.09999999999999432,0.1,-5.689893001203927e-15,0.0,37,1,175,84,86.37522073270347,74.73098437374733,12.137837837837814
117.99999999999757,122.91180019492356,0.09999999999999432,0.1,-5.689893001203927e-15,0.0,37,1,176,84,86.209483523421,74.63098437374734,12.237837837837814
118.09999999999756,123.05380019492355,0.1419999999999959,0.1,0.0419999999999959,0.0,37,1,175,82,87.19113217206966,76.0762684023537,12.337837837837814
118.19999999999756,123.15380019492355,0.09999999999999432,0.1,-5.689893001203927e-15,0.0,37,1,176,82,87.03987341863052,75.97626840235371,12.437837837837813
118.29999999999755,123.37360019492354,0.21979999999999222,0.1,0.11979999999999222,0.0,37,1,173,82,90.0751002958738,75.87626840235372,12.537837837837813
118.39999999999755,123.53360019492354,0.1599999999999966,0.1,0.059999999999996584,0.0,39,1,172,82,85.53464422116583,74.9,11.994871794871772
118.49999999999754,123.63360019492353,0.09999999999999432,0.1,-5.689893001203927e-15,0.0,40,1,171,82,82.5563363342408,74.22629012465966,11.794999999999977
118.59999999999754,123.79360019492353,0.1599999999999966,0.1,0.059999999999996584,0.0,40,1,170,83,83.82619397217368,73.62629012465966,11.894999999999978
118.69999999999753,123.89360019492352,0.09999999999999432,0.1,-5.689893001203927e-15,0.0,40,1,170,83,83.60063944711708,73.02629012465967,11.994999999999978
118.79999999999752,123.99360019492352,0.09999999999999432,0.1,-5.689893001203927e-15,0.0,40,1,170,83,83.3730447497371,72.42629012465967,12.094999999999978
118.89999999999752,124.15360019492351,0.1599999999999966,0.1,0.059999999999996584,0.0,40,1,169,82,84.64669054887808,71.82629012465968,12.194999999999977
118.99999999999751,124.25360019492351,0.09999999999999432,0.1,-5.689893001203927e-15,0.0,41,1,169,81,81.74519511813921,71.22629012465968,11.997560975609733
119.09999999999751,124.3536001949235,0.09999999999999432,0.1,-5.689893001203927e-15,0.0,41,1,168,82,81.50690336770954,70.91607456488542,12.097560975609733
119.1999999999975,124.50060019492349,0.14699999999999136,0.1,0.046999999999991354,0.0,41,1,167,82,82.42107459017288,70.81607456488543,12.197560975609733
119.2999999999975,124.77660019492349,0.27599999999999625,0.1,0.17599999999999624,0.0,41,1,164,82,86.48927138841506,73.52700567892786,12.297560975609734
119.39999999999749,124.93660019492349,0.1599999999999966,0.1,0.059999999999996584,0.0,42,1,162,81,85.03981275179132,74.08341448636963,12.104761904761883
119.49999999999748,125.15240019492349,0.21580000000000155,0.1,0.11580000000000154,0.0,42,1,160,81,87.5618676290049,73.66782080207395,12.204761904761884
119.59999999999748,125.25240019492348,0.09999999999999432,0.1,-5.689893001203927e-15,0.0,43,1,160,81,84.721783439878,73.36330761341932,12.020930232558118
119.69999999999747,125.41240019492348,0.1599999999999966,0.1,0.059999999999996584,0.0,43,1,158,82,85.88951585012367,73.53746274040006,12.120930232558116
119.79999999999747,125.57060019492347,0.15819999999999368,0.1,0.05819999999999367,0.0,43,1,157,81,87.01189975784575,73.67566851197704,12.220930232558118
119.89999999999746,125.67060019492347,0.09999999999999432,0.1,-5.689893001203927e-15,0.0,43,1,157,81,86.78449148729787,73.06251081845767,12.320930232558117
119.99999999999746,125.83060019492346,0.1599999999999966,0.1,0.059999999999996584,0.0,43,1,158,81,87.80760005710873,72.63151671681663,12.420930232558119
120.09999999999745,125.98060019492345,0.14999999999999147,0.1,0.04999999999999147,0.0,44,1,157,81,86.02065350679311,74.07626840235382,12.238636363636344
120.19999999999744,126.12180019492345,0.14119999999999777,0.1,0.041199999999997766,0.0,45,1,157,81,84.11134325597658,73.97626840235382,12.066666666666647
120.29999999999744,126.24260019492344,0.12079999999998847,0.1,0.020799999999988467,0.0,45,1,155,82,84.21618285717706,73.87626840235383,12.166666666666647
120.39999999999743,126.38520019492343,0.1425999999999874,0.1,0.0425999999999874,0.0,45,1,153,82,84.81226635127015,73.77626840235384,12.266666666666646
120.49999999999743,126.48520019492342,0.09999999999999432,0.1,-5.689893001203927e-15,0.0,46,1,154,81,82.08145344214181,73.5548036318918,12.09999999999998
120.59999999999742,126.58520019492342,0.09999999999999432,0.1,-5.689893001203927e-15,0.0,46,1,155,82,81.7243820851355,73.13607334657824,12.199999999999982
120.69999999999742,126.79700019492341,0.21179999999999666,0.1,0.11179999999999665,0.0,46,1,152,81,83.79187913907326,73.58405835661344,12.29999999999998
120.79999999999741,126.89700019492341,0.09999999999999432,0.1,-5.689893001203927e-15,0.0,46,1,152,81,83.4477676550912,73.37626840235386,12.399999999999979
120.8999999999974,127.13540019492339,0.2383999999999844,0.1,0.1383999999999844,0.0,46,1,149,82,86.07036576988956,74.12337875145096,12.49999999999998
120.9999999999974,127.29540019492339,0.1599999999999966,0.1,0.059999999999996584,0.0,47,1,148,83,84.61972371707404,74.02337875145096,12.334042553191471
121.0999999999974,127.5430001949234,0.2476000000000056,0.1,0.1476000000000056,0.0,47,1,145,83,87.36094183786994,74.95460478070622,12.43404255319147
121.19999999999739,127.64300019492339,0.09999999999999432,0.1,-5.689893001203927e-15,0.0,47,1,144,83,86.97861754517002,74.85460478070623,12.53404255319147
121.29999999999738,127.74300019492338,0.09999999999999432,0.1,-5.689893001203927e-15,0.0,47,1,144,81,86.60535786571279,74.75460478070623,12.634042553191472
121.39999999999738,127.84300019492338,0.09999999999999432,0.1,-5.689893001203927e-15,0.0,47,1,144,81,86.25165445440767,74.65460478070624,12.73404255319147
121.49999999999737,128.00300019492337,0.1599999999999966,0.1,0.059999999999996584,0.0,47,1,144,81,87.16515184948409,74.55460478070624,12.834042553191471
121.59999999999737,128.16300019492337,0.1599999999999966,0.1,0.059999999999996584,0.0,47,1,143,81,88.10920465872982,74.45460478070625,12.934042553191471
121.69999999999736,128.26300019492336,0.09999999999999432,0.1,-5.689893001203927e-15,0.0,47,1,143,81,87.7989742200131,74.35460478070625,13.03404255319147
121.79999999999735,128.36300019492336,0.09999999999999432,0.1,-5.689893001203927e-15,0.0,47,1,143,81,87.50685713707946,74.25460478070626,13.134042553191472
121.89999999999735,128.54740019492337,0.18440000000001078,0.1,0.08440000000001077,0.0,47,1,141,82,89.01128560703141,77.07188791769306,13.23404255319147
121.99999999999734,128.75360019492337,0.2061999999999955,0.1,0.10619999999999549,0.0,48,1,141,82,88.56827803861351,76.97188791769307,13.058333333333316
122.09999999999734,128.85360019492336,0.09999999999999432,0.1,-5.689893001203927e-15,0.0,50,1,140,83,83.73263786491128,74.9,12.635999999999983
122.19999999999733,129.07360019492336,0.21999999999999886,0.1,0.11999999999999886,0.0,50,1,138,83,85.818013143067,74.17414302366993,12.735999999999983
122.29999999999733,129.23360019492335,0.1599999999999966,0.1,0.059999999999996584,0.0,51,1,137,83,84.52874930564906,73.46066975394504,12.586274509803905
122.39999999999732,129.33360019492335,0.09999999999999432,0.1,-5.689893001203927e-15,0.0,52,1,138,83,82.11041918228531,73.6546047807063,12.444230769230753
122.49999999999731,129.58500019492334,0.25139999999998963,0.1,0.15139999999998963,0.0,52,1,135,83,84.721928561509,74.04577790032639,12.544230769230753
122.59999999999731,129.68500019492333,0.09999999999999432,0.1,-5.689893001203927e-15,0.0,53,1,136,83,82.38132985331636,73.4546047807063,12.407547169811304
122.6999999999973,129.84500019492333,0.1599999999999966,0.1,0.059999999999996584,0.0,53,1,136,83,83.22662149691239,73.35460478070631,12.507547169811305
122.7999999999973,129.94500019492332,0.09999999999999432,0.1,-5.689893001203927e-15,0.0,53,1,136,83,82.94881479915745,73.22685460834333,12.607547169811305
122.89999999999729,130.04500019492332,0.09999999999999432,0.1,-5.689893001203927e-15,0.0,53,1,135,82,82.67687729722515,72.8754307610636,12.707547169811306
122.99999999999729,130.1654001949233,0.1203999999999894,0.1,0.0203999999999894,0.0,53,1,134,82,82.80231669329169,72.7754307610636,12.807547169811304
123.09999999999728,130.2654001949233,0.09999999999999432,0.1,-5.689893001203927e-15,0.0,53,1,134,82,82.40629025560389,72.67543076106361,12.907547169811304
123.19999999999727,130.4248001949233,0.1594000000000051,0.1,0.05940000000000509,0.0,53,1,133,83,83.28791326593709,72.57543076106361,13.007547169811305
123.29999999999727,130.5248001949233,0.09999999999999432,0.1,-5.689893001203927e-15,0.0,54,1,132,83,81.05249965396418,72.47543076106362,12.866666666666651
123.39999999999726,130.6248001949233,0.09999999999999432,0.1,-5.689893001203927e-15,0.0,54,1,132,84,80.80565445933091,72.37543076106363,12.96666666666665
123.49999999999726,130.7696001949233,0.1448000000000036,0.1,0.04480000000000359,0.0,54,1,133,85,81.40260163048795,72.55460478070636,13.06666666666665
123.59999999999725,130.8696001949233,0.09999999999999432,0.1,-5.689893001203927e-15,0.0,54,1,132,85,81.17612357050494,72.45460478070636,13.16666666666665
123.69999999999725,131.0196001949233,0.15000000000000568,0.1,0.05000000000000568,0.0,54,1,131,85,81.88006493986279,72.15280905922884,13.266666666666652
123.79999999999724,131.1196001949233,0.09999999999999432,0.1,-5.689893001203927e-15,0.0,54,1,131,85,81.67159499334326,71.97543076106365,13.366666666666651
123.89999999999723,131.2196001949233,0.09999999999999432,0.1,-5.689893001203927e-15,0.0,54,1,132,85,81.45939312883257,71.87543076106365,13.46666666666665
123.99999999999723,131.37960019492328,0.1599999999999966,0.1,0.059999999999996584,0.0,54,1,131,85,82.33210857130196,71.59713299955547,13.56666666666665
124.09999999999722,131.47960019492328,0.09999999999999432,0.1,-5.689893001203927e-15,0.0,54,1,130,85,82.09810878586832,71.49713299955548,13.66666666666665
124.19999999999722,131.63500019492326,0.155399999999986,0.1,0.05539999999998599,0.0,54,1,130,86,82.8860280007868,71.39713299955548,13.76666666666665
124.29999999999721,131.73500019492326,0.09999999999999432,0.1,-5.689893001203927e-15,0.0,54,1,130,87,82.65428997969896,71.29713299955549,13.86666666666665
124.3999999999972,131.83500019492325,0.09999999999999432,0.1,-5.689893001203927e-15,0.0,54,1,130,87,82.421504869679,71.19713299955549,13.96666666666665
124.4999999999972,131.93500019492325,0.09999999999999432,0.1,-5.689893001203927e-15,0.0,54,1,129,88,82.20327524322872,71.0971329995555,14.06666666666665
124.5999999999972,132.07240019492323,0.1373999999999853,0.1,0.037399999999985306,0.0,54,1,128,87,82.68307185600221,70.9971329995555,14.16666666666665
124.69999999999719,132.17240019492323,0.09999999999999432,0.1,-5.689893001203927e-15,0.0,55,1,128,86,80.52412885351677,69.47626840235408,14.009090909090892
124.79999999999718,132.27240019492322,0.09999999999999432,0.1,-5.689893001203927e-15,0.0,55,1,128,86,80.25465176688849,68.74776717912043,14.109090909090893
124.89999999999718,132.37240019492322,0.09999999999999432,0.1,-5.689893001203927e-15,0.0,55,1,128,86,79.96473988030407,67.90631104709917,14.209090909090893
124.99999999999717,132.49820019492321,0.12579999999999814,0.1,0.02579999999999813,0.0,55,1,127,85,80.14231734421345,67.80631104709917,14.309090909090893
125.09999999999717,132.6804001949232,0.1821999999999946,0.1,0.08219999999999458,0.0,55,1,125,84,81.35496986311288,70.49713299955553,14.409090909090892
125.19999999999716,132.7804001949232,0.09999999999999432,0.1,-5.689893001203927e-15,0.0,55,1,125,84,81.06434666151536,70.39713299955554,14.509090909090892
125.29999999999715,132.8804001949232,0.09999999999999432,0.1,-5.689893001203927e-15,0.0,55,1,127,84,80.73333472289382,70.29713299955554,14.609090909090893
125.39999999999715,132.9804001949232,0.09999999999999432,0.1,-5.689893001203927e-15,0.0,55,1,128,84,80.43455017965108,70.19713299955555,14.709090909090893
125.49999999999714,133.0804001949232,0.09999999999999432,0.1,-5.689893001203927e-15,0.0,55,1,128,84,80.15444102139234,69.59041670942486,14.809090909090893
125.59999999999714,133.2996001949232,0.21920000000000073,0.1,0.11920000000000072,0.0,55,1,125,85,82.0387395560761,68.88765522539305,14.90909090909089
125.69999999999713,133.39960019492318,0.09999999999999432,0.1,-5.689893001203927e-15,0.0,56,1,125,85,79.85833787997994,68.18489374136124,14.742857142857124
125.79999999999713,133.55960019492318,0.1599999999999966,0.1,0.059999999999996584,0.0,56,1,124,85,80.6438080912335,67.48213225732943,14.842857142857126
125.89999999999712,133.71960019492317,0.1599999999999966,0.1,0.059999999999996584,0.0,57,1,123,85,79.58032170191198,66.90631104709922,14.68245614035086
125.99999999999712,133.86280019492318,0.14320000000000732,0.1,0.043200000000007316,0.0,57,1,123,85,79.91649775002102,66.80631104709923,14.78245614035086
126.09999999999711,134.05960019492318,0.1967999999999961,0.1,0.09679999999999608,0.0,57,1,121,85,81.34560188210084,69.49713299955559,14.882456140350861
126.1999999999971,134.15960019492317,0.09999999999999432,0.1,-5.689893001203927e-15,0.0,57,1,122,86,80.9367799023673,69.3971329995556,14.982456140350859
126.2999999999971,134.25960019492317,0.09999999999999432,0.1,-5.689893001203927e-15,0.0,57,1,121,86,80.51104444130968,69.2971329995556,15.08245614035086
126.39999999999709,134.35960019492316,0.09999999999999432,0.1,-5.689893001203927e-15,0.0,57,1,122,86,80.09575051387951,69.1971329995556,15.182456140350858
126.49999999999709,134.51960019492316,0.1599999999999966,0.1,0.059999999999996584,0.0,57,1,121,86,80.73689747205977,69.09713299955561,15.28245614035086
126.59999999999708,134.61960019492315,0.09999999999999432,0.1,-5.689893001203927e-15,0.0,57,1,121,86,80.19585706785706,68.99713299955562,15.38245614035086
126.69999999999708,134.76700019492316,0.14740000000000464,0.1,0.04740000000000463,0.0,58,1,120,86,78.93112108668943,69.35460478070654,15.217241379310327
126.79999999999707,134.92640019492316,0.1594000000000051,0.1,0.05940000000000509,0.0,58,1,119,86,79.42002099523177,69.25460478070654,15.317241379310326
126.89999999999706,135.02640019492316,0.09999999999999432,0.1,-5.689893001203927e-15,0.0,59,1,119,86,77.42046057083502,68.69713299955563,15.157627118644049
126.99999999999706,135.12640019492315,0.09999999999999432,0.1,-5.689893001203927e-15,0.0,59,1,118,86,77.16772937948573,68.59713299955564,15.257627118644049
127.09999999999705,135.22640019492314,0.09999999999999432,0.1,-5.689893001203927e-15,0.0,58,1,118,86,78.28337626690909,68.95460478070656,13.777586206896563
127.19999999999705,135.32640019492314,0.09999999999999432,0.1,-5.689893001203927e-15,0.0,58,1,117,86,78.06969873178636,68.85460478070657,13.877586206896565
127.29999999999704,135.42640019492313,0.09999999999999432,0.1,-5.689893001203927e-15,0.0,58,1,117,86,77.8647350920584,68.75460478070657,13.977586206896564
127.39999999999704,135.52640019492313,0.09999999999999432,0.1,-5.689893001203927e-15,0.0,58,1,116,86,77.6586193462148,68.65460478070658,14.077586206896564
127.49999999999703,135.62640019492312,0.09999999999999432,0.1,-5.689893001203927e-15,0.0,58,1,115,86,77.45156355324534,68.55460478070658,14.177586206896565
127.59999999999702,135.72640019492312,0.09999999999999432,0.1,-5.689893001203927e-15,0.0,58,1,114,86,77.24838429870826,68.45460478070659,14.277586206896563
127.69999999999702,135.8264001949231,0.09999999999999432,0.1,-5.689893001203927e-15,0.0,58,1,114,87,77.05319590349853,68.3546047807066,14.377586206896563
127.79999999999701,135.9264001949231,0.09999999999999432,0.1,-5.689893001203927e-15,0.0,58,1,114,86,76.86736234777099,67.81944929553904,14.477586206896564
127.89999999999701,136.0264001949231,0.09999999999999432,0.1,-5.689893001203927e-15,0.0,58,1,114,85,76.68672564710431,67.69713299955569,14.577586206896564
127.999999999997,136.1264001949231,0.09999999999999432,0.1,-5.689893001203927e-15,0.0,58,1,114,84,76.43114430549451,67.5971329995557,14.677586206896565
128.099999999997,136.2264001949231,0.09999999999999432,0.1,-5.689893001203927e-15,0.0,58,1,116,84,76.1741450349569,67.12109583524833,14.777586206896563
128.199999999997,136.32640019492308,0.09999999999999432,0.1,-5.689893001203927e-15,0.0,58,1,116,84,75.92554259920432,66.74886920336313,14.877586206896563
128.299999999997,136.42640019492308,0.09999999999999432,0.1,-5.689893001203927e-15,0.0,58,1,116,84,75.67184875455676,66.47412322465901,14.977586206896564
128.399999999997,135.88477502986603,-0.5416251650570416,0.1,-5.551115123125783e-15,0.641625165057036,57,1,116,84,75.63280670986126,66.2503907085467,15.310526315789486
128.499999999997,135.98477502986603,0.09999999999999432,0.1,-5.689893001203927e-15,0.0,57,1,116,84,75.40081341070106,66.08672873130995,15.410526315789486
128.59999999999698,136.08477502986602,0.09999999999999432,0.1,-5.689893001203927e-15,0.0,57,1,116,84,75.17336792659849,65.92306675407319,15.510526315789486
128.69999999999698,136.18477502986602,0.09999999999999432,0.1,-5.689893001203927e-15,0.0,57,1,116,83,74.94251053588924,65.8230667540732,15.610526315789487
128.79999999999697,136.284775029866,0.09999999999999432,0.1,-5.689893001203927e-15,0.0,57,1,116,83,74.71479963257461,65.7230667540732,15.710526315789485
128.89999999999696,136.384775029866,0.09999999999999432,0.1,-5.689893001203927e-15,0.0,57,1,116,83,74.48585407054821,65.62306675407321,15.810526315789486
128.99999999999696,136.484775029866,0.09999999999999432,0.1,-5.689893001203927e-15,0.0,57,1,116,83,74.25725186154696,65.52306675407321,15.910526315789488
129.09999999999695,136.584775029866,0.09999999999999432,0.1,-5.689893001203927e-15,0.0,57,1,116,83,74.02821423579923,65.42306675407322,16.010526315789487
129.19999999999695,136.684775029866,0.09999999999999432,0.1,-5.689893001203927e-15,0.0,57,1,117,83,73.8019977828809,65.32306675407322,16.110526315789485
129.29999999999694,136.815775029866,0.13100000000000023,0.1,0.031000000000000222,0.0,57,1,116,82,74.14184777984403,65.22306675407323,16.210526315789487
129.39999999999694,136.91577502986598,0.09999999999999432,0.1,-5.689893001203927e-15,0.0,57,1,117,82,73.94428407384142,65.12306675407324,16.310526315789488
129.49999999999693,137.01577502986598,0.09999999999999432,0.1,-5.689893001203927e-15,0.0,57,1,117,82,73.7381800132328,65.02306675407324,16.410526315789486
129.59999999999692,137.11577502986597,0.09999999999999432,0.1,-5.689893001203927e-15,0.0,57,1,118,82,73.53775128018671,64.92306675407325,16.510526315789487
129.69999999999692,137.21577502986597,0.09999999999999432,0.1,-5.689893001203927e-15,0.0,57,1,119,82,73.34611611743493,64.82306675407325,16.610526315789485
129.7999999999969,137.31577502986596,0.09999999999999432,0.1,-5.689893001203927e-15,0.0,57,1,119,83,73.16948024055782,64.72306675407326,16.710526315789487
129.8999999999969,137.41577502986596,0.09999999999999432,0.1,-5.689893001203927e-15,0.0,57,1,118,83,72.99914791448464,64.62306675407326,16.810526315789488
129.9999999999969,137.51577502986595,0.09999999999999432,0.1,-5.689893001203927e-15,0.0,57,1,118,84,72.8384853739076,64.52306675407327,16.91052631578949
130.0999999999969,137.61577502986594,0.09999999999999432,0.1,-5.689893001203927e-15,0.0,57,1,117,84,72.68157774131562,64.42306675407328,17.010526315789487
130.1999999999969,137.71577502986594,0.09999999999999432,0.1,-5.689893001203927e-15,0.0,57,1,117,84,72.52496963722434,64.32306675407328,17.11052631578949
130.29999999999688,137.81577502986593,0.09999999999999432,0.1,-5.689893001203927e-15,0.0,57,1,118,84,72.3671968629933,64.22306675407329,17.21052631578949
130.39999999999688,137.91577502986593,0.09999999999999432,0.1,-5.689893001203927e-15,0.0,57,1,118,84,72.21101208162452,64.12306675407329,17.31052631578949
130.49999999999687,138.01577502986592,0.09999999999999432,0.1,-5.689893001203927e-15,0.0,57,1,119,84,72.05461958345984,64.0230667540733,17.41052631578949
130.59999999999687,138.11577502986592,0.09999999999999432,0.1,-5.689893001203927e-15,0.0,57,1,120,84,71.89478354381373,63.9230667540733,17.51052631578949
130.69999999999686,138.2157750298659,0.09999999999999432,0.1,-5.689893001203927e-15,0.0,57,1,121,85,71.73864027793884,63.823066754073295,17.610526315789492
130.79999999999686,138.3157750298659,0.09999999999999432,0.1,-5.689893001203927e-15,0.0,57,1,121,85,71.5841479245362,63.723066754073294,17.71052631578949
130.89999999999685,138.4157750298659,0.09999999999999432,0.1,-5.689893001203927e-15,0.0,57,1,120,85,71.437451654992,63.62306675407329,17.81052631578949
130.99999999999685,138.5157750298659,0.09999999999999432,0.1,-5.689893001203927e-15,0.0,56,1,120,86,72.58124288909275,63.90868739226493,16.933928571428588
131.09999999999684,138.6157750298659,0.09999999999999432,0.1,-5.689893001203927e-15,0.0,56,1,120,86,72.44642941828604,63.42306675407329,17.03392857142859
131.19999999999683,138.71577502986588,0.09999999999999432,0.1,-5.689893001203927e-15,0.0,56,1,120,86,72.31195493214156,63.32306675407329,17.13392857142859
131.29999999999683,138.81577502986588,0.09999999999999432,0.1,-5.689893001203927e-15,0.0,56,1,123,86,72.17370983655877,63.22306675407329,17.23392857142859
131.39999999999682,138.93577502986588,0.12000000000000455,0.1,0.020000000000004542,0.0,56,1,124,85,72.39632559374498,63.123066754073285,17.33392857142859
131.49999999999682,139.09577502986588,0.1599999999999966,0.1,0.059999999999996584,0.0,57,1,123,85,71.60853586444834,63.023066754073284,17.129824561403527
131.5999999999968,139.19577502986587,0.09999999999999432,0.1,-5.689893001203927e-15,0.0,57,1,124,85,71.46113503762959,62.92306675407328,17.22982456140353
131.6999999999968,139.29577502986587,0.09999999999999432,0.1,-5.689893001203927e-15,0.0,57,1,125,85,71.32754102599559,62.82306675407328,17.32982456140353
131.7999999999968,139.45577502986586,0.1599999999999966,0.1,0.059999999999996584,0.0,57,1,124,85,72.24784197121807,62.72306675407328,17.42982456140353
131.8999999999968,139.55577502986586,0.09999999999999432,0.1,-5.689893001203927e-15,0.0,58,1,125,85,70.44768496620928,63.69713299955589,17.229310344827606
131.9999999999968,139.69437502986585,0.13859999999999673,0.1,0.03859999999999672,0.0,58,1,123,85,70.9625015663688,63.59713299955589,17.329310344827608
132.09999999999678,139.79437502986585,0.09999999999999432,0.1,-5.689893001203927e-15,0.0,58,1,123,85,70.82710862345795,63.49713299955589,17.42931034482761
132.19999999999678,139.89437502986584,0.09999999999999432,0.1,-5.689893001203927e-15,0.0,58,1,123,85,70.68351522012674,63.397132999555886,17.52931034482761
132.29999999999677,139.99437502986584,0.09999999999999432,0.1,-5.689893001203927e-15,0.0,58,1,123,85,70.54338397625742,63.297132999555885,17.62931034482761
132.39999999999677,140.09437502986583,0.09999999999999432,0.1,-5.689893001203927e-15,0.0,58,1,123,85,70.40094015908812,63.19713299955588,17.729310344827613
132.49999999999676,140.22497502986582,0.13059999999998695,0.1,0.030599999999986943,0.0,58,1,122,85,70.7794535077394,63.09713299955588,17.82931034482761
132.59999999999675,140.3249750298658,0.09999999999999432,0.1,-5.689893001203927e-15,0.0,58,1,121,84,70.63210399961386,62.99713299955588,17.929310344827613
132.69999999999675,140.4249750298658,0.09999999999999432,0.1,-5.689893001203927e-15,0.0,58,1,121,83,70.48004031623526,62.89713299955588,18.029310344827614
132.79999999999674,140.5635750298658,0.13859999999999673,0.1,0.03859999999999672,0.0,58,1,120,83,70.93831576746297,62.79713299955588,18.129310344827612
132.89999999999674,140.7835750298658,0.21999999999999886,0.1,0.11999999999999886,0.0,58,1,118,83,72.81842320468468,63.154604780706826,18.229310344827617
132.99999999999673,140.9435750298658,0.1599999999999966,0.1,0.059999999999996584,0.0,59,1,116,83,71.97129020999643,63.054604780706825,18.020338983050877
133.09999999999673,141.1635750298658,0.21999999999999886,0.1,0.11999999999999886,0.0,60,1,114,84,72.1541984064496,63.302544163093906,17.82000000000003
133.19999999999672,141.2635750298658,0.09999999999999432,0.1,-5.689893001203927e-15,0.0,60,1,114,84,71.92888446141112,63.202544163093904,17.92000000000003
133.29999999999671,141.36357502986579,0.09999999999999432,0.1,-5.689893001203927e-15,0.0,60,1,114,84,71.71328825279492,63.1025441630939,18.02000000000003
133.3999999999967,141.4913750298658,0.12780000000000769,0.1,0.02780000000000768,0.0,60,1,114,84,71.9693542023465,63.0025441630939,18.12000000000003
133.4999999999967,141.5913750298658,0.09999999999999432,0.1,-5.689893001203927e-15,0.0,60,1,114,85,71.78632298518785,62.9025441630939,18.22000000000003
133.5999999999967,141.7155750298658,0.12420000000000186,0.1,0.02420000000000186,0.0,60,1,113,85,71.98643786938918,62.8025441630939,18.320000000000032
133.6999999999967,141.8525750298658,0.13700000000000045,0.1,0.03700000000000045,0.0,60,1,113,84,72.41537120614909,62.7025441630939,18.420000000000034
133.7999999999967,141.95257502986578,0.09999999999999432,0.1,-5.689893001203927e-15,0.0,60,1,114,84,72.21081625218669,62.602544163093896,18.520000000000035
133.89999999999668,142.05257502986578,0.09999999999999432,0.1,-5.689893001203927e-15,0.0,60,1,115,84,71.95793709292839,62.502544163093894,18.620000000000037
133.99999999999667,142.15257502986577,0.09999999999999432,0.1,-5.689893001203927e-15,0.0,60,1,116,84,71.69293022779995,62.40254416309389,18.720000000000034
134.09999999999667,142.25257502986577,0.09999999999999432,0.1,-5.689893001203927e-15,0.0,60,1,117,82,71.44510558466527,62.30254416309389,18.820000000000036
134.19999999999666,142.35257502986576,0.09999999999999432,0.1,-5.689893001203927e-15,0.0,60,1,117,81,71.20478208603294,62.20254416309389,18.920000000000034
134.29999999999666,142.45257502986576,0.09999999999999432,0.1,-5.689893001203927e-15,0.0,60,1,117,81,70.93433043667807,61.754604780706806,19.02000000000004
134.39999999999665,142.55257502986575,0.09999999999999432,0.1,-5.689893001203927e-15,0.0,60,1,117,81,70.6124035545357,61.654604780706805,19.12000000000004
134.49999999999665,142.76537502986574,0.21279999999998722,0.1,0.11279999999998722,0.0,60,1,117,81,72.19092759060469,62.90708274965086,19.220000000000038
134.59999999999664,142.95117502986574,0.1858000000000004,0.1,0.0858000000000004,0.0,60,1,116,81,73.317277271144,62.80708274965086,19.32000000000004
134.69999999999663,143.05117502986573,0.09999999999999432,0.1,-5.689893001203927e-15,0.0,61,1,116,82,71.40075582845466,61.3546047807068,19.10327868852463
134.79999999999663,142.4412916842646,-0.6098833456011334,0.1,3.1086244689504383e-15,0.7098833456011365,60,1,116,82,71.07791258091295,61.2546047807068,19.250000000000043
134.89999999999662,142.58969168426458,0.148399999999981,0.1,0.048399999999980986,0.0,60,1,115,82,71.57701111233521,60.69713299955585,19.35000000000004
134.99999999999662,142.73469168426456,0.1449999999999818,0.1,0.044999999999981805,0.0,60,1,114,82,72.01761088679369,61.054604780706796,19.450000000000042
135.0999999999966,142.83469168426456,0.09999999999999432,0.1,-5.689893001203927e-15,0.0,60,1,114,82,71.70996312896472,60.954604780706795,19.550000000000047
135.1999999999966,142.93469168426455,0.09999999999999432,0.1,-5.689893001203927e-15,0.0,60,1,114,82,71.3965368768455,60.854604780706794,19.650000000000045
135.2999999999966,143.03469168426454,0.09999999999999432,0.1,-5.689893001203927e-15,0.0,60,1,114,82,71.08765658448051,60.75460478070679,19.750000000000046
135.3999999999966,143.16269168426453,0.1279999999999859,0.1,0.027999999999985897,0.0,60,1,112,82,71.24324421585318,60.65460478070679,19.850000000000044
135.4999999999966,143.26269168426452,0.09999999999999432,0.1,-5.689893001203927e-15,0.0,60,1,113,82,70.92966292284703,60.55460478070679,19.95000000000005
135.59999999999658,143.36269168426452,0.09999999999999432,0.1,-5.689893001203927e-15,0.0,60,1,114,82,70.61609660662643,60.45460478070679,20.05000000000005
135.69999999999658,143.50749168426452,0.1448000000000036,0.1,0.04480000000000359,0.0,60,1,114,82,71.05468850537822,61.707082749650844,20.15000000000005
135.79999999999657,143.60749168426452,0.09999999999999432,0.1,-5.689893001203927e-15,0.0,60,1,114,82,70.7473844152933,61.60708274965084,20.25000000000005
135.89999999999657,143.7074916842645,0.09999999999999432,0.1,-5.689893001203927e-15,0.0,60,1,114,82,70.44815499524165,61.50708274965084,20.350000000000048
135.99999999999656,143.8074916842645,0.09999999999999432,0.1,-5.689893001203927e-15,0.0,60,1,113,82,70.13973718416044,61.40708274965084,20.450000000000053
136.09999999999656,143.9074916842645,0.09999999999999432,0.1,-5.689893001203927e-15,0.0,60,1,113,82,69.8447378137926,61.30708274965084,20.550000000000054
136.19999999999655,144.0074916842645,0.09999999999999432,0.1,-5.689893001203927e-15,0.0,60,1,113,82,69.55054082749722,61.205017133462555,20.650000000000052
136.29999999999654,144.1074916842645,0.09999999999999432,0.1,-5.689893001203927e-15,0.0,60,1,113,83,69.26201287205978,60.482029448228424,20.750000000000053
136.39999999999654,144.20749168426448,0.09999999999999432,0.1,-5.689893001203927e-15,0.0,60,1,113,84,68.97045751530548,59.76253403487049,20.85000000000006
136.49999999999653,144.30749168426448,0.09999999999999432,0.1,-5.689893001203927e-15,0.0,60,1,113,84,68.68751681128616,59.554604780706775,20.950000000000056
136.59999999999653,144.40749168426447,0.09999999999999432,0.1,-5.689893001203927e-15,0.0,60,1,112,85,68.40674623290715,59.454604780706774,21.050000000000058
136.69999999999652,144.50749168426447,0.09999999999999432,0.1,-5.689893001203927e-15,0.0,60,1,113,85,68.1261455810377,59.35460478070677,21.150000000000055
136.79999999999652,144.60749168426446,0.09999999999999432,0.1,-5.689893001203927e-15,0.0,60,1,112,85,67.8440199562524,59.25460478070677,21.25000000000006
136.8999999999965,144.70749168426445,0.09999999999999432,0.1,-5.689893001203927e-15,0.0,60,1,113,84,67.5659028054162,59.15460478070677,21.350000000000062
136.9999999999965,144.80749168426445,0.09999999999999432,0.1,-5.689893001203927e-15,0.0,60,1,113,84,67.28792151357315,59.05460478070677,21.45000000000006
137.0999999999965,144.90749168426444,0.09999999999999432,0.1,-5.689893001203927e-15,0.0,60,1,113,84,66.99451126191622,58.95460478070677,21.55000000000006
137.1999999999965,145.00749168426444,0.09999999999999432,0.1,-5.689893001203927e-15,0.0,60,1,113,84,66.70653028878279,58.854604780706765,21.650000000000066
137.2999999999965,145.19889168426442,0.19139999999998736,0.1,0.09139999999998735,0.0,60,1,112,84,67.94207972487911,58.754604780706764,21.750000000000064
137.39999999999648,145.29889168426442,0.09999999999999432,0.1,-5.689893001203927e-15,0.0,60,1,112,84,67.6576612199202,58.65460478070676,21.850000000000065
137.49999999999648,145.3988916842644,0.09999999999999432,0.1,-5.689893001203927e-15,0.0,60,1,112,84,67.35655643544737,58.55460478070676,21.950000000000063
137.59999999999647,145.6188916842644,0.21999999999999886,0.1,0.11999999999999886,0.0,60,1,110,83,69.06149289543686,59.80708274965082,22.050000000000068
137.69999999999646,145.7188916842644,0.09999999999999432,0.1,-5.689893001203927e-15,0.0,61,1,110,83,67.23546183389209,59.707082749650816,21.788524590164
137.79999999999646,145.9146916842644,0.19579999999999131,0.1,0.09579999999999131,0.0,61,1,108,83,68.49971500081378,59.607082749650814,21.888524590164003
137.89999999999645,146.0146916842644,0.09999999999999432,0.1,-5.689893001203927e-15,0.0,61,1,109,83,68.2204934491511,58.93524142814341,21.988524590164005
137.99999999999645,146.2346916842644,0.21999999999999886,0.1,0.11999999999999886,0.0,61,1,106,83,69.88632145541935,58.23247994411159,22.088524590164003
138.09999999999644,146.3946916842644,0.1599999999999966,0.1,0.059999999999996584,0.0,63,1,105,83,67.54310636250295,57.95460478070675,21.487301587301655
138.19999999999644,146.55389168426439,0.15919999999999845,0.1,0.05919999999999845,0.0,64,1,103,83,66.72011495655647,57.85460478070675,21.25156250000007
138.29999999999643,146.65389168426438,0.09999999999999432,0.1,-5.689893001203927e-15,0.0,64,1,104,83,66.42959731080879,57.75460478070675,21.351562500000068
138.39999999999642,146.75389168426437,0.09999999999999432,0.1,-5.689893001203927e-15,0.0,64,1,105,83,66.13525502091257,57.65460478070675,21.45156250000007
138.49999999999642,146.85389168426437,0.09999999999999432,0.1,-5.689893001203927e-15,0.0,64,1,104,83,65.8396823112087,57.55460478070675,21.55156250000007
138.5999999999964,146.95389168426436,0.09999999999999432,0.1,-5.689893001203927e-15,0.0,64,1,105,83,65.54335792321477,57.454604780706745,21.65156250000007
138.6999999999964,147.05389168426436,0.09999999999999432,0.1,-5.689893001203927e-15,0.0,64,1,105,83,65.25651348292611,57.354604780706744,21.751562500000073
138.7999999999964,147.15389168426435,0.09999999999999432,0.1,-5.689893001203927e-15,0.0,64,1,106,83,64.97192810972223,57.25460478070674,21.851562500000075
138.8999999999964,147.30309168426436,0.14920000000000755,0.1,0.04920000000000754,0.0,64,1,108,83,65.45687381147151,58.5070827496508,21.951562500000076
138.9999999999964,147.46309168426436,0.1599999999999966,0.1,0.059999999999996584,0.0,64,1,107,83,66.11001692321824,58.4070827496508,22.051562500000077
139.09999999999638,147.56309168426435,0.09999999999999432,0.1,-5.689893001203927e-15,0.0,64,1,108,83,65.82623252702585,58.307082749650796,22.15156250000008
139.19999999999638,147.66309168426434,0.09999999999999432,0.1,-5.689893001203927e-15,0.0,64,1,108,82,65.54197872546631,58.207082749650795,22.251562500000077
139.29999999999637,147.76309168426434,0.09999999999999432,0.1,-5.689893001203927e-15,0.0,64,1,107,82,65.25839684537037,58.10708274965079,22.351562500000078
139.39999999999637,147.86309168426433,0.09999999999999432,0.1,-5.689893001203927e-15,0.0,64,1,107,82,64.94555553761165,58.00708274965079,22.45156250000008
139.49999999999636,147.96309168426433,0.09999999999999432,0.1,-5.689893001203927e-15,0.0,64,1,107,82,64.64479028455503,57.90708274965079,22.55156250000008
139.59999999999636,148.08529168426432,0.12219999999999231,0.1,0.02219999999999231,0.0,64,1,106,82,64.68862798630913,57.80708274965079,22.651562500000082
139.69999999999635,148.1852916842643,0.09999999999999432,0.1,-5.689893001203927e-15,0.0,64,1,105,82,64.38700047667425,57.70708274965079,22.751562500000084
139.79999999999634,148.2852916842643,0.09999999999999432,0.1,-5.689893001203927e-15,0.0,64,1,105,81,64.0944874175116,57.607082749650786,22.851562500000085
139.89999999999634,148.4452916842643,0.1599999999999966,0.1,0.059999999999996584,0.0,63,1,104,81,65.78070077177551,57.507082749650785,22.900000000000087
139.99999999999633,148.5452916842643,0.09999999999999432,0.1,-5.689893001203927e-15,0.0,64,1,104,81,64.0893664747211,57.476640646285915,22.642187500000084
140.09999999999633,148.6452916842643,0.09999999999999432,0.1,-5.689893001203927e-15,0.0,64,1,104,81,63.799924331173415,57.30708274965078,22.742187500000085
140.19999999999632,148.7452916842643,0.09999999999999432,0.1,-5.689893001203927e-15,0.0,64,1,104,81,63.5167839776335,57.20708274965078,22.842187500000087
140.29999999999632,148.84529168426428,0.09999999999999432,0.1,-5.689893001203927e-15,0.0,63,1,104,81,64.24246656488752,57.10708274965078,23.022222222222315
140.3999999999963,148.99889168426427,0.15359999999998308,0.1,0.05359999999998308,0.0,63,1,102,81,64.81274531069754,57.00708274965078,23.122222222222312
140.4999999999963,149.09889168426426,0.09999999999999432,0.1,-5.689893001203927e-15,0.0,63,1,101,81,64.53634887757485,56.907082749650776,23.222222222222317
140.5999999999963,149.19889168426425,0.09999999999999432,0.1,-5.689893001203927e-15,0.0,63,1,101,81,64.26211237739616,56.807082749650775,23.322222222222315
140.6999999999963,149.29889168426425,0.09999999999999432,0.1,-5.689893001203927e-15,0.0,63,1,101,81,63.99223371997525,56.294206469123495,23.422222222222317
140.7999999999963,149.39889168426424,0.09999999999999432,0.1,-5.689893001203927e-15,0.0,63,1,101,82,63.73231073053132,55.56900951413041,23.522222222222318
140.89999999999628,149.49889168426424,0.09999999999999432,0.1,-5.689893001203927e-15,0.0,63,1,101,82,63.47443464511218,55.15460478070671,23.62222222222232
140.99999999999628,149.59889168426423,0.09999999999999432,0.1,-5.689893001203927e-15,0.0,63,1,101,82,63.22363292144073,55.05460478070671,23.72222222222232
141.09999999999627,149.69889168426423,0.09999999999999432,0.1,-5.689893001203927e-15,0.0,63,1,100,82,62.977802423562494,54.58227693448723,23.822222222222322
141.19999999999627,149.79889168426422,0.09999999999999432,0.1,-5.689893001203927e-15,0.0,63,1,99,83,62.73104406239544,54.39713299955576,23.92222222222232
141.29999999999626,149.8988916842642,0.09999999999999432,0.1,-5.689893001203927e-15,0.0,63,1,99,83,62.48236484516751,54.29713299955576,24.022222222222325
141.39999999999625,149.9988916842642,0.09999999999999432,0.1,-5.689893001203927e-15,0.0,63,1,99,82,62.234143965675585,54.197132999555755,24.122222222222323
141.49999999999625,150.0988916842642,0.09999999999999432,0.1,-5.689893001203927e-15,0.0,63,1,99,82,61.986253471799365,54.097132999555754,24.222222222222328
141.59999999999624,150.2588916842642,0.1599999999999966,0.1,0.059999999999996584,0.0,63,1,97,82,62.69008443571853,54.4546047807067,24.322222222222326
141.69999999999624,150.3588916842642,0.09999999999999432,0.1,-5.689893001203927e-15,0.0,63,1,98,82,62.445249157312695,54.3546047807067,24.422222222222327
141.79999999999623,150.4588916842642,0.09999999999999432,0.1,-5.689893001203927e-15,0.0,63,1,99,82,62.19932963872883,54.2546047807067,24.52222222222233
141.89999999999623,150.55889168426418,0.09999999999999432,0.1,-5.689893001203927e-15,0.0,62,1,99,82,62.960867139731995,55.507082749650756,24.717741935483982
141.99999999999622,150.65889168426418,0.09999999999999432,0.1,-5.689893001203927e-15,0.0,62,1,99,82,62.717117089005384,55.407082749650755,24.817741935483983
142.09999999999621,150.75889168426417,0.09999999999999432,0.1,-5.689893001203927e-15,0.0,62,1,99,82,62.4764024913979,55.30708274965075,24.91774193548398
142.1999999999962,150.85889168426417,0.09999999999999432,0.1,-5.689893001203927e-15,0.0,62,1,99,82,62.23153195094549,55.20708274965075,25.017741935483983
142.2999999999962,150.95889168426416,0.09999999999999432,0.1,-5.689893001203927e-15,0.0,62,1,98,82,61.98901834814511,55.10708274965075,25.117741935483984
142.3999999999962,151.11889168426416,0.1599999999999966,0.1,0.059999999999996584,0.0,62,1,97,82,62.71479269435765,54.6521680303762,25.217741935483986
142.4999999999962,151.21889168426415,0.09999999999999432,0.1,-5.689893001203927e-15,0.0,63,1,97,82,61.08556353972318,53.55460478070669,24.91746031746043
142.5999999999962,151.31889168426414,0.09999999999999432,0.1,-5.689893001203927e-15,0.0,63,1,98,82,60.835034050097676,53.206831210727216,25.017460317460433
142.69999999999618,151.47889168426414,0.1599999999999966,0.1,0.059999999999996584,0.0,62,1,97,83,62.54882891682428,53.35460478070669,25.264516129032376
142.79999999999617,151.57889168426414,0.09999999999999432,0.1,-5.689893001203927e-15,0.0,62,1,97,83,62.3217181137145,53.254604780706686,25.364516129032378
142.89999999999617,151.67889168426413,0.09999999999999432,0.1,-5.689893001203927e-15,0.0,62,1,98,83,62.09113293792259,53.154604780706684,25.46451612903238
142.99999999999616,151.77889168426412,0.09999999999999432,0.1,-5.689893001203927e-15,0.0,62,1,100,83,61.873386984935706,53.05460478070668,25.56451612903238
143.09999999999616,151.87889168426412,0.09999999999999432,0.1,-5.689893001203927e-15,0.0,62,1,101,83,61.65468753856123,52.95460478070668,25.66451612903238
143.19999999999615,151.9788916842641,0.09999999999999432,0.1,-5.689893001203927e-15,0.0,62,1,101,83,61.43408357878316,52.85460478070668,25.764516129032383
143.29999999999615,152.0788916842641,0.09999999999999432,0.1,-5.689893001203927e-15,0.0,62,1,101,83,61.20734936920251,52.75460478070668,25.864516129032385
143.39999999999614,152.1788916842641,0.09999999999999432,0.1,-5.689893001203927e-15,0.0,62,1,101,82,60.983576379771456,52.65460478070668,25.964516129032386
143.49999999999613,152.2788916842641,0.09999999999999432,0.1,-5.689893001203927e-15,0.0,62,1,101,82,60.767529410851154,52.554604780706676,26.064516129032388
143.59999999999613,152.3788916842641,0.09999999999999432,0.1,-5.689893001203927e-15,0.0,62,1,102,82,60.554560099133305,52.454604780706674,26.164516129032386
143.69999999999612,152.47889168426408,0.09999999999999432,0.1,-5.689893001203927e-15,0.0,62,1,102,82,60.336311099746176,52.35460478070667,26.264516129032387
143.79999999999612,152.57889168426408,0.09999999999999432,0.1,-5.689893001203927e-15,0.0,62,1,102,82,60.11661712170543,52.25460478070667,26.36451612903239
143.8999999999961,152.67889168426407,0.09999999999999432,0.1,-5.689893001203927e-15,0.0,62,1,102,82,59.90125113055965,52.15460478070667,26.46451612903239
143.9999999999961,152.77889168426407,0.09999999999999432,0.1,-5.689893001203927e-15,0.0,62,1,102,83,59.68371699793301,52.05460478070667,26.56451612903239
144.0999999999961,152.87889168426406,0.09999999999999432,0.1,-5.689893001203927e-15,0.0,62,1,103,83,59.4683440500822,51.95460478070667,26.66451612903239
144.1999999999961,152.97889168426406,0.09999999999999432,0.1,-5.689893001203927e-15,0.0,62,1,103,83,59.23085448311831,51.583896733798284,26.764516129032394
144.2999999999961,153.07889168426405,0.09999999999999432,0.1,-5.689893001203927e-15,0.0,62,1,104,84,59.003564938097405,51.297132999555714,26.864516129032395
144.39999999999608,153.17889168426404,0.09999999999999432,0.1,-5.689893001203927e-15,0.0,62,1,104,84,58.77624566334693,51.19713299955571,26.964516129032397
144.49999999999608,153.30169168426403,0.12279999999998381,0.1,0.022799999999983805,0.0,62,1,102,84,58.921220791293116,51.09713299955571,27.0645161290324
144.59999999999607,153.40169168426402,0.09999999999999432,0.1,-5.689893001203927e-15,0.0,63,1,102,84,57.37154932486284,50.65909159303583,26.734920634920773
144.69999999999607,153.50169168426402,0.09999999999999432,0.1,-5.689893001203927e-15,0.0,63,1,102,83,57.14103340394051,50.55909159303583,26.834920634920774
144.79999999999606,153.601691684264,0.09999999999999432,0.1,-5.689893001203927e-15,0.0,63,1,103,83,56.91176642022019,49.95957483798736,26.934920634920772
144.89999999999606,153.701691684264,0.09999999999999432,0.1,-5.689893001203927e-15,0.0,63,1,104,82,56.687394020714756,49.723066754073095,27.034920634920777
144.99999999999605,153.801691684264,0.09999999999999432,0.1,-5.689893001203927e-15,0.0,63,1,104,81,56.463608791098466,49.62306675407309,27.134920634920775
145.09999999999604,153.901691684264,0.09999999999999432,0.1,-5.689893001203927e-15,0.0,63,1,104,82,56.2413645728186,49.52306675407309,27.23492063492078
145.19999999999604,154.001691684264,0.09999999999999432,0.1,-5.689893001203927e-15,0.0,63,1,104,82,56.0229841764528,49.42306675407309,27.334920634920778
145.29999999999603,154.10169168426398,0.09999999999999432,0.1,-5.689893001203927e-15,0.0,63,1,105,82,55.82056220170699,49.32306675407309,27.43492063492078
145.39999999999603,154.20169168426398,0.09999999999999432,0.1,-5.689893001203927e-15,0.0,63,1,105,82,55.61256269863856,49.22306675407309,27.53492063492078
145.49999999999602,154.30169168426397,0.09999999999999432,0.1,-5.689893001203927e-15,0.0,63,1,105,81,55.421866566703066,49.123066754073086,27.634920634920782
145.59999999999602,154.40169168426397,0.09999999999999432,0.1,-5.689893001203927e-15,0.0,63,1,107,81,55.23682177569881,49.023066754073085,27.734920634920783
145.699999999996,154.50169168426396,0.09999999999999432,0.1,-5.689893001203927e-15,0.0,63,1,106,82,55.04373147217222,48.92306675407308,27.834920634920785
145.799999999996,154.60169168426395,0.09999999999999432,0.1,-5.689893001203927e-15,0.0,63,1,106,83,54.843222357590314,48.82306675407308,27.934920634920783
145.899999999996,154.70169168426395,0.09999999999999432,0.1,-5.689893001203927e-15,0.0,63,1,107,82,54.66002572647886,48.72306675407308,28.034920634920788
145.999999999996,154.80169168426394,0.09999999999999432,0.1,-5.689893001203927e-15,0.0,63,1,108,81,54.47968797405835,48.62306675407308,28.134920634920785
146.099999999996,154.94029168426394,0.13859999999999673,0.1,0.03859999999999672,0.0,63,1,108,81,54.91711757888673,48.52306675407308,28.23492063492079
146.19999999999598,155.04029168426393,0.09999999999999432,0.1,-5.689893001203927e-15,0.0,63,1,108,81,54.73308173351242,48.423066754073076,28.33492063492079
146.29999999999598,155.14029168426393,0.09999999999999432,0.1,-5.689893001203927e-15,0.0,63,1,109,81,54.542505770588235,48.323066754073075,28.434920634920793
146.39999999999597,155.26029168426393,0.12000000000000455,0.1,0.020000000000004542,0.0,63,1,109,81,54.68876979898049,48.22306675407307,28.53492063492079
146.49999999999596,155.36029168426393,0.09999999999999432,0.1,-5.689893001203927e-15,0.0,63,1,109,81,54.51955257182069,48.12306675407307,28.634920634920793
146.59999999999596,155.46029168426392,0.09999999999999432,0.1,-5.689893001203927e-15,0.0,63,1,109,80,54.34221928264722,48.02306675407307,28.734920634920794
146.69999999999595,155.56029168426392,0.09999999999999432,0.1,-5.689893001203927e-15,0.0,63,1,110,80,54.1685938365299,47.92306675407307,28.834920634920795
146.79999999999595,155.6602916842639,0.09999999999999432,0.1,-5.689893001203927e-15,0.0,63,1,110,80,54.00463119141332,47.82306675407307,28.934920634920797
146.89999999999594,155.7602916842639,0.09999999999999432,0.1,-5.689893001203927e-15,0.0,63,1,109,80,53.8395946174329,47.723066754073066,29.034920634920798
146.99999999999594,155.8602916842639,0.09999999999999432,0.1,-5.689893001203927e-15,0.0,63,1,109,80,53.68292162370966,47.623066754073065,29.134920634920796
147.09999999999593,155.9602916842639,0.09999999999999432,0.1,-5.689893001203927e-15,0.0,63,1,110,80,53.52606862873496,47.523066754073064,29.2349206349208
147.19999999999592,156.0602916842639,0.09999999999999432,0.1,-5.689893001203927e-15,0.0,63,1,110,81,53.3681957918263,47.42306675407306,29.3349206349208
147.29999999999592,156.16029168426388,0.09999999999999432,0.1,-5.689893001203927e-15,0.0,63,1,110,81,53.21268984125673,47.32306675407306,29.434920634920804
147.3999999999959,156.26029168426388,0.09999999999999432,0.1,-5.689893001203927e-15,0.0,63,1,111,81,53.06078528245587,47.22306675407306,29.5349206349208
147.4999999999959,156.36029168426387,0.09999999999999432,0.1,-5.689893001203927e-15,0.0,63,1,111,81,52.912065214718375,47.12306675407306,29.634920634920803
147.5999999999959,156.46029168426386,0.09999999999999432,0.1,-5.689893001203927e-15,0.0,63,1,112,80,52.771865447987,47.02306675407306,29.734920634920805
147.6999999999959,156.56029168426386,0.09999999999999432,0.1,-5.689893001203927e-15,0.0,63,1,111,80,52.632771182499475,46.923066754073055,29.834920634920806
147.7999999999959,156.66029168426385,0.09999999999999432,0.1,-5.689893001203927e-15,0.0,63,1,111,80,52.4986508943546,46.823066754073054,29.934920634920807
147.89999999999588,156.76029168426385,0.09999999999999432,0.1,-5.689893001203927e-15,0.0,63,1,111,80,52.34882496788811,46.72306675407305,30.03492063492081
147.99999999999588,156.86029168426384,0.09999999999999432,0.1,-5.689893001203927e-15,0.0,63,1,111,80,52.197303005174426,46.62306675407305,30.13492063492081
148.09999999999587,156.96029168426384,0.09999999999999432,0.1,-5.689893001203927e-15,0.0,63,1,110,80,52.04129821610054,46.52306675407305,30.23492063492081
148.19999999999587,157.06029168426383,0.09999999999999432,0.1,-5.689893001203927e-15,0.0,63,1,109,80,51.887111045047675,46.42306675407305,30.334920634920813
148.29999999999586,157.16029168426383,0.09999999999999432,0.1,-5.689893001203927e-15,0.0,62,1,109,80,52.583422317190205,46.95909159303578,30.380645161290502
148.39999999999586,157.26029168426382,0.09999999999999432,0.1,-5.689893001203927e-15,0.0,62,1,109,80,52.44908111149106,46.85909159303578,30.4806451612905
148.49999999999585,157.3602916842638,0.09999999999999432,0.1,-5.689893001203927e-15,0.0,62,1,109,80,52.31477151969714,46.53629530937095,30.5806451612905
148.59999999999584,157.4602916842638,0.09999999999999432,0.1,-5.689893001203927e-15,0.0,62,1,109,81,52.18402561136894,46.02306675407304,30.680645161290503
148.69999999999584,157.5852916842638,0.125,0.1,0.024999999999999994,0.0,62,1,110,81,52.45757939453861,46.559091593035774,30.780645161290504
148.79999999999583,157.6852916842638,0.09999999999999432,0.1,-5.689893001203927e-15,0.0,62,1,110,81,52.331381962124844,46.45909159303577,30.880645161290506
148.89999999999583,157.7852916842638,0.09999999999999432,0.1,-5.689893001203927e-15,0.0,62,1,111,80,52.199978455822,46.35909159303577,30.980645161290504
148.99999999999582,157.8852916842638,0.09999999999999432,0.1,-5.689893001203927e-15,0.0,62,1,111,81,52.0693987093305,46.25909159303577,31.080645161290505
149.09999999999582,157.98529168426379,0.09999999999999432,0.1,-5.689893001203927e-15,0.0,62,1,112,81,51.93869212373556,46.15909159303577,31.18064516129051
149.1999999999958,158.1420916842638,0.15680000000000405,0.1,0.05680000000000404,0.0,62,1,113,81,52.72401692247741,46.05909159303577,31.28064516129051
149.2999999999958,158.24209168426378,0.09999999999999432,0.1,-5.689893001203927e-15,0.0,62,1,113,81,52.5967716614182,45.959091593035765,31.380645161290513
149.3999999999958,158.34209168426378,0.09999999999999432,0.1,-5.689893001203927e-15,0.0,62,1,114,81,52.464154264632505,45.859091593035764,31.480645161290514
149.4999999999958,158.44209168426377,0.09999999999999432,0.1,-5.689893001203927e-15,0.0,62,1,115,81,52.338010018991184,45.75909159303576,31.580645161290512
149.5999999999958,158.54209168426377,0.09999999999999432,0.1,-5.689893001203927e-15,0.0,62,1,117,81,52.21488964998556,45.65909159303576,31.680645161290514
149.69999999999578,158.64209168426376,0.09999999999999432,0.1,-5.689893001203927e-15,0.0,62,1,118,81,52.09345529354172,45.55909159303576,31.780645161290515
149.79999999999578,158.74209168426376,0.09999999999999432,0.1,-5.689893001203927e-15,0.0,62,1,120,82,51.973561650359706,45.45909159303576,31.880645161290516
149.89999999999577,158.84209168426375,0.09999999999999432,0.1,-5.689893001203927e-15,0.0,61,1,121,82,52.70556388946056,45.35909159303576,31.89180327868872
149.99999999999577,158.94209168426374,0.09999999999999432,0.1,-5.689893001203927e-15,0.0,61,1,122,82,52.59552862035165,45.259091593035755,31.991803278688717
150.09999999999576,159.04209168426374,0.09999999999999432,0.1,-5.689893001203927e-15,0.0,61,1,122,82,52.48549269528843,45.159091593035754,32.09180327868872
150.19999999999575,159.14209168426373,0.09999999999999432,0.1,-5.689893001203927e-15,0.0,60,1,122,83,53.25081116806861,45.39713299955563,31.92166666666686
150.29999999999575,159.24209168426373,0.09999999999999432,0.1,-5.689893001203927e-15,0.0,60,1,122,83,53.14060925879856,45.29713299955563,32.02166666666686
150.39999999999574,159.34209168426372,0.09999999999999432,0.1,-5.689893001203927e-15,0.0,60,1,123,82,53.030406982295496,45.19713299955563,32.12166666666686
150.49999999999574,159.44209168426372,0.09999999999999432,0.1,-5.689893001203927e-15,0.0,60,1,122,81,52.92020478943959,45.097132999555626,32.22166666666686
150.59999999999573,159.5420916842637,0.09999999999999432,0.1,-5.689893001203927e-15,0.0,60,1,122,81,52.810003218458924,44.997132999555625,32.321666666666864
150.69999999999573,159.6420916842637,0.09999999999999432,0.1,-5.689893001203927e-15,0.0,60,1,122,81,52.699801445254685,44.89713299955562,32.421666666666866
150.79999999999572,159.7420916842637,0.09999999999999432,0.1,-5.689893001203927e-15,0.0,60,1,122,81,52.58959971811227,44.79713299955562,32.52166666666687
150.8999999999957,159.8420916842637,0.09999999999999432,0.1,-5.689893001203927e-15,0.0,60,1,122,81,52.479398333416995,44.69713299955562,32.62166666666687
150.9999999999957,159.9420916842637,0.09999999999999432,0.1,-5.689893001203927e-15,0.0,60,1,123,81,52.369196837363596,44.59713299955562,32.72166666666687
151.0999999999957,160.04209168426368,0.09999999999999432,0.1,-5.689893001203927e-15,0.0,60,1,124,81,52.258995366674974,44.49713299955562,32.82166666666687
151.1999999999957,160.14209168426368,0.09999999999999432,0.1,-5.689893001203927e-15,0.0,60,1,124,80,52.148794084561224,44.397132999555616,32.92166666666687
151.2999999999957,160.24209168426367,0.09999999999999432,0.1,-5.689893001203927e-15,0.0,60,1,125,81,52.03859274112605,44.297132999555615,33.02166666666687
151.39999999999569,160.34209168426366,0.09999999999999432,0.1,-5.689893001203927e-15,0.0,60,1,128,81,51.906070242117,44.19713299955561,33.121666666666876
151.49999999999568,160.49689168426366,0.1547999999999945,0.1,0.05479999999999449,0.0,60,1,127,81,52.69082380321824,44.55460478070656,33.22166666666688
151.59999999999567,160.59689168426365,0.09999999999999432,0.1,-5.689893001203927e-15,0.0,60,1,127,81,52.55797243695896,44.45460478070656,33.32166666666687
151.69999999999567,160.69689168426365,0.09999999999999432,0.1,-5.689893001203927e-15,0.0,60,1,127,81,52.4191244923297,44.35460478070656,33.42166666666687
151.79999999999566,160.79689168426364,0.09999999999999432,0.1,-5.689893001203927e-15,0.0,60,1,129,81,52.29041385726825,44.25460478070656,33.52166666666688
151.89999999999566,160.89689168426364,0.09999999999999432,0.1,-5.689893001203927e-15,0.0,60,1,129,82,52.1617319515639,44.154604780706556,33.621666666666876
151.99999999999565,160.99689168426363,0.09999999999999432,0.1,-5.689893001203927e-15,0.0,60,1,130,81,52.03769957389099,44.054604780706555,33.72166666666688
152.09999999999565,161.09689168426362,0.09999999999999432,0.1,-5.689893001203927e-15,0.0,60,1,130,81,51.9230407681747,43.95460478070655,33.82166666666688
152.19999999999564,161.19689168426362,0.09999999999999432,0.1,-5.689893001203927e-15,0.0,60,1,131,80,51.8127036145512,43.85460478070655,33.92166666666688
152.29999999999563,161.2968916842636,0.09999999999999432,0.1,-5.689893001203927e-15,0.0,60,1,133,79,51.70239422851065,43.75460478070655,34.02166666666688
152.39999999999563,161.3968916842636,0.09999999999999432,0.1,-5.689893001203927e-15,0.0,60,1,133,80,51.4884315193779,43.65460478070655,34.12166666666688
152.49999999999562,161.4968916842636,0.09999999999999432,0.1,-5.689893001203927e-15,0.0,60,1,134,79,51.141178899272646,43.55460478070655,34.221666666666884
152.59999999999562,161.6306916842636,0.1338000000000079,0.1,0.03380000000000791,0.0,60,1,133,79,51.46599511138824,44.33207440733402,34.32166666666689
152.6999999999956,161.7536916842636,0.12299999999999045,0.1,0.022999999999990445,0.0,60,1,132,79,51.4627959150175,43.56787905343122,34.42166666666689
152.7999999999956,161.8536916842636,0.09999999999999432,0.1,-5.689893001203927e-15,0.0,60,1,133,79,51.1019809851458,43.25460478070654,34.52166666666689
152.8999999999956,162.0736916842636,0.21999999999999886,0.1,0.11999999999999886,0.0,59,1,131,80,53.75630624054,43.15460478070654,34.554237288135816
152.9999999999956,162.1736916842636,0.09999999999999432,0.1,-5.689893001203927e-15,0.0,60,1,131,81,52.08951957543645,44.4070827496506,34.07833333333355
153.0999999999956,162.27369168426358,0.09999999999999432,0.1,-5.689893001203927e-15,0.0,60,1,131,80,51.85280434326993,44.3070827496506,34.17833333333355
153.19999999999558,162.37369168426358,0.09999999999999432,0.1,-5.689893001203927e-15,0.0,60,1,132,80,51.61739698338115,44.207082749650596,34.278333333333556
153.29999999999558,162.47369168426357,0.09999999999999432,0.1,-5.689893001203927e-15,0.0,60,1,133,80,51.37645641803908,44.107082749650594,34.37833333333356
153.39999999999557,162.57369168426357,0.09999999999999432,0.1,-5.689893001203927e-15,0.0,60,1,134,81,51.140758505589375,44.00708274965059,34.47833333333356
153.49999999999557,162.67369168426356,0.09999999999999432,0.1,-5.689893001203927e-15,0.0,60,1,135,81,50.90572308169637,43.90708274965059,34.57833333333356
153.59999999999556,161.9912021308636,-0.6824895533999609,0.1,-4.6629367034256575e-15,0.7824895533999562,59,1,135,82,50.213944746741234,42.45460478070653,35.111864406779894
153.69999999999555,162.14480213086358,0.15359999999998308,0.1,0.05359999999998308,0.0,59,1,133,83,50.904910486929104,42.35460478070653,35.211864406779895
153.79999999999555,162.24480213086358,0.09999999999999432,0.1,-5.689893001203927e-15,0.0,59,1,133,84,50.69888157977812,42.25460478070653,35.3118644067799
153.89999999999554,162.34480213086357,0.09999999999999432,0.1,-5.689893001203927e-15,0.0,58,1,134,84,51.36338361949542,43.507082749650586,35.32586206896575
153.99999999999554,162.44480213086356,0.09999999999999432,0.1,-5.689893001203927e-15,0.0,58,1,134,84,51.156184039977205,43.407082749650584,35.42586206896575
154.09999999999553,162.58460213086357,0.13980000000000814,0.1,0.039800000000008134,0.0,57,1,135,84,52.559874955614575,43.30708274965058,35.80526315789498
154.19999999999553,162.68460213086357,0.09999999999999432,0.1,-5.689893001203927e-15,0.0,57,1,135,84,52.38626433554787,43.20708274965058,35.90526315789497
154.29999999999552,162.78460213086356,0.09999999999999432,0.1,-5.689893001203927e-15,0.0,57,1,135,84,52.2053321525889,43.10708274965058,36.00526315789498
154.39999999999552,162.88460213086356,0.09999999999999432,0.1,-5.689893001203927e-15,0.0,57,1,136,84,52.05170482980527,43.00708274965058,36.105263157894974
154.4999999999955,162.98460213086355,0.09999999999999432,0.1,-5.689893001203927e-15,0.0,57,1,136,84,51.91918692666413,42.90708274965058,36.20526315789498
154.5999999999955,163.08460213086354,0.09999999999999432,0.1,-5.689893001203927e-15,0.0,57,1,138,84,51.794519601429215,42.807082749650576,36.30526315789498
154.6999999999955,163.18460213086354,0.09999999999999432,0.1,-5.689893001203927e-15,0.0,57,1,139,85,51.67590313270614,42.707082749650574,36.405263157894986
154.7999999999955,163.28460213086353,0.09999999999999432,0.1,-5.689893001203927e-15,0.0,57,1,140,85,51.5581166709005,42.60708274965057,36.50526315789498
154.8999999999955,163.38460213086353,0.09999999999999432,0.1,-5.689893001203927e-15,0.0,57,1,140,86,51.44022584232268,42.50708274965057,36.60526315789498
154.99999999999548,163.48460213086352,0.09999999999999432,0.1,-5.689893001203927e-15,0.0,57,1,141,86,51.3222700738495,42.40708274965057,36.70526315789499
155.09999999999548,163.58460213086352,0.09999999999999432,0.1,-5.689893001203927e-15,0.0,57,1,142,87,51.20927516462574,42.30708274965057,36.805263157894984
155.19999999999547,163.6846021308635,0.09999999999999432,0.1,-5.689893001203927e-15,0.0,57,1,142,87,51.09843776727165,42.20708274965057,36.90526315789499
155.29999999999546,163.7846021308635,0.09999999999999432,0.1,-5.689893001203927e-15,0.0,57,1,142,87,50.987369204698794,42.107082749650566,37.00526315789499
155.39999999999546,163.8846021308635,0.09999999999999432,0.1,-5.689893001203927e-15,0.0,57,1,143,88,50.876287996726575,42.007082749650564,37.105263157894996
155.49999999999545,163.9846021308635,0.09999999999999432,0.1,-5.689893001203927e-15,0.0,57,1,143,88,50.76548340229021,41.90708274965056,37.20526315789499
155.59999999999545,164.0846021308635,0.09999999999999432,0.1,-5.689893001203927e-15,0.0,57,1,143,88,50.65352784616945,41.80708274965056,37.30526315789499
155.69999999999544,164.18460213086348,0.09999999999999432,0.1,-5.689893001203927e-15,0.0,57,1,144,87,50.54183739953446,41.70708274965056,37.40526315789499
155.79999999999544,164.28460213086348,0.09999999999999432,0.1,-5.689893001203927e-15,0.0,57,1,143,87,50.430347419641095,41.60708274965056,37.505263157894994
155.89999999999543,164.38460213086347,0.09999999999999432,0.1,-5.689893001203927e-15,0.0,57,1,144,87,50.318462414215034,41.50708274965056,37.605263157895
155.99999999999542,164.48460213086346,0.09999999999999432,0.1,-5.689893001203927e-15,0.0,57,1,144,87,50.20573822545525,41.407082749650556,37.705263157895
156.09999999999542,164.58460213086346,0.09999999999999432,0.1,-5.689893001203927e-15,0.0,56,1,144,86,50.99119570972435,47.47975791007849,37.7178571428574
156.1999999999954,164.68460213086345,0.09999999999999432,0.1,-5.689893001203927e-15,0.0,56,1,143,86,50.88026589929881,47.37975791007849,37.817857142857406
156.2999999999954,164.78460213086345,0.09999999999999432,0.1,-5.689893001203927e-15,0.0,56,1,143,86,50.76933608887327,47.27975791007849,37.91785714285741
156.3999999999954,164.88460213086344,0.09999999999999432,0.1,-5.689893001203927e-15,0.0,55,1,143,86,51.581322432290634,47.179757910078486,37.76909090909117
156.4999999999954,164.98460213086344,0.09999999999999432,0.1,-5.689893001203927e-15,0.0,55,1,143,86,51.47019389803918,47.079757910078484,37.86909090909117
156.5999999999954,165.08460213086343,0.09999999999999432,0.1,-5.689893001203927e-15,0.0,55,1,142,84,51.35906536378772,46.97975791007848,37.96909090909117
156.69999999999538,165.18460213086342,0.09999999999999432,0.1,-5.689893001203927e-15,0.0,55,1,142,84,51.247936829536265,46.87975791007848,38.06909090909118
156.79999999999538,165.28460213086342,0.09999999999999432,0.1,-5.689893001203927e-15,0.0,54,1,142,84,52.087005567689445,49.78182492881093,38.100000000000264
156.89999999999537,165.4310021308634,0.14639999999997144,0.1,0.046399999999971436,0.0,54,1,140,84,52.834930208729624,49.681824928810926,38.200000000000266
156.99999999999537,165.53100213086338,0.09999999999999432,0.1,-5.689893001203927e-15,0.0,54,1,139,84,52.733172777407894,49.581824928810924,38.30000000000027
157.09999999999536,165.63100213086338,0.09999999999999432,0.1,-5.689893001203927e-15,0.0,54,1,139,84,52.62129109382982,49.48182492881092,38.40000000000027
157.19999999999536,165.73100213086337,0.09999999999999432,0.1,-5.689893001203927e-15,0.0,54,1,141,84,52.50585105006077,49.38182492881092,38.50000000000027
157.29999999999535,165.89100213086337,0.1599999999999966,0.1,0.059999999999996584,0.0,54,1,141,83,53.505627542952816,49.28182492881092,38.60000000000027
157.39999999999534,166.02200213086337,0.13100000000000023,0.1,0.031000000000000222,0.0,55,1,142,83,52.53352377244115,49.18182492881092,37.99818181818208
157.49999999999534,166.12200213086336,0.09999999999999432,0.1,-5.689893001203927e-15,0.0,55,1,142,83,52.412561937003154,49.08182492881092,38.098181818182084
157.59999999999533,166.24780213086336,0.12579999999999814,0.1,0.02579999999999813,0.0,55,1,141,82,52.760507148293286,48.981824928810916,38.198181818182086
157.69999999999533,166.34780213086336,0.09999999999999432,0.1,-5.689893001203927e-15,0.0,55,1,141,82,52.651533245185725,48.881824928810914,38.298181818182094
157.79999999999532,166.50160213086335,0.15379999999998972,0.1,0.05379999999998972,0.0,55,1,140,82,53.516221268871895,48.78182492881091,38.398181818182096
157.89999999999532,166.60160213086334,0.09999999999999432,0.1,-5.689893001203927e-15,0.0,56,1,139,82,52.005782233177975,53.93150364703093,37.81250000000027
157.9999999999953,166.70160213086334,0.09999999999999432,0.1,-5.689893001203927e-15,0.0,56,1,139,82,51.880975758015204,53.83150364703093,37.912500000000264
158.0999999999953,166.80160213086333,0.09999999999999432,0.1,-5.689893001203927e-15,0.0,56,1,139,81,51.68093382426476,53.73150364703093,38.01250000000027
158.1999999999953,166.90160213086332,0.09999999999999432,0.1,-5.689893001203927e-15,0.0,56,1,139,81,51.56387028102853,53.631503647030925,38.112500000000274
158.2999999999953,167.00160213086332,0.09999999999999432,0.1,-5.689893001203927e-15,0.0,56,1,139,81,51.41655893114969,53.531503647030924,38.21250000000027
158.3999999999953,167.1510021308633,0.14939999999998577,0.1,0.04939999999998576,0.0,56,1,138,81,52.15990679867632,53.43150364703092,38.31250000000028
158.49999999999528,167.2510021308633,0.09999999999999432,0.1,-5.689893001203927e-15,0.0,56,1,138,80,52.0239712102895,53.33150364703092,38.41250000000027
158.59999999999528,167.3510021308633,0.09999999999999432,0.1,-5.689893001203927e-15,0.0,56,1,138,81,51.884691812241144,53.23150364703092,38.51250000000027
158.69999999999527,167.4510021308633,0.09999999999999432,0.1,-5.689893001203927e-15,0.0,56,1,138,81,51.744932752076075,53.13150364703092,38.61250000000028
158.79999999999526,167.55100213086328,0.09999999999999432,0.1,-5.689893001203927e-15,0.0,56,1,138,82,51.6059346989112,53.03150364703092,38.712500000000276
158.89999999999526,167.65100213086328,0.09999999999999432,0.1,-5.689893001203927e-15,0.0,56,1,139,83,51.466919056955625,52.931503647030915,38.81250000000028
158.99999999999525,167.75100213086327,0.09999999999999432,0.1,-5.689893001203927e-15,0.0,56,1,141,83,51.32810846473433,52.831503647030914,38.912500000000286
159.09999999999525,167.85100213086326,0.09999999999999432,0.1,-5.689893001203927e-15,0.0,56,1,140,83,51.188091846072,52.73150364703091,39.01250000000028
159.19999999999524,167.95100213086326,0.09999999999999432,0.1,-5.689893001203927e-15,0.0,56,1,140,83,51.04680144577172,52.63150364703091,39.11250000000029
159.29999999999524,168.05100213086325,0.09999999999999432,0.1,-5.689893001203927e-15,0.0,56,1,140,84,50.9054500031362,52.53150364703091,39.21250000000028
159.39999999999523,168.15100213086325,0.09999999999999432,0.1,-5.689893001203927e-15,0.0,56,1,139,84,50.76419994059256,52.43150364703091,39.312500000000284
159.49999999999523,168.25100213086324,0.09999999999999432,0.1,-5.689893001203927e-15,0.0,56,1,139,83,50.62415909506372,52.33150364703091,39.41250000000029
159.59999999999522,168.35100213086324,0.09999999999999432,0.1,-5.689893001203927e-15,0.0,56,1,140,83,50.48430048691539,52.231503647030905,39.51250000000029
159.6999999999952,168.45100213086323,0.09999999999999432,0.1,-5.689893001203927e-15,0.0,56,1,140,83,50.332356498318525,52.131503647030904,39.61250000000029
159.7999999999952,168.55100213086322,0.09999999999999432,0.1,-5.689893001203927e-15,0.0,56,1,140,84,50.18156316657498,52.0315036470309,39.7125000000003
159.8999999999952,168.71100213086322,0.1599999999999966,0.1,0.059999999999996584,0.0,56,1,141,84,51.102117693515005,51.9315036470309,39.81250000000029
159.9999999999952,168.81100213086322,0.09999999999999432,0.1,-5.689893001203927e-15,0.0,55,1,141,85,51.88109527450574,51.8315036470309,39.950909090909384
160.0999999999952,168.9110021308632,0.09999999999999432,0.1,-5.689893001203927e-15,0.0,55,1,140,85,51.72739272575075,51.7315036470309,40.050909090909386
160.19999999999519,169.0110021308632,0.09999999999999432,0.1,-5.689893001203927e-15,0.0,55,1,139,84,51.57421979594353,51.6315036470309,40.15090909090939
160.29999999999518,169.1110021308632,0.09999999999999432,0.1,-5.689893001203927e-15,0.0,55,1,139,84,51.42077261347564,51.531503647030895,40.25090909090939
160.39999999999517,169.2110021308632,0.09999999999999432,0.1,-5.689893001203927e-15,0.0,55,1,139,85,51.22941280785175,51.431503647030894,40.35090909090939
160.49999999999517,169.3110021308632,0.09999999999999432,0.1,-5.689893001203927e-15,0.0,55,1,139,85,51.049299812099065,51.33150364703089,40.45090909090939
160.59999999999516,169.41100213086318,0.09999999999999432,0.1,-5.689893001203927e-15,0.0,55,1,139,85,50.8670258897542,51.23150364703089,40.55090909090939
160.69999999999516,169.51100213086318,0.09999999999999432,0.1,-5.689893001203927e-15,0.0,55,1,139,85,50.687343702496236,51.13150364703089,40.650909090909394
160.79999999999515,169.61100213086317,0.09999999999999432,0.1,-5.689893001203927e-15,0.0,55,1,139,85,50.50757281116401,51.03150364703089,40.75090909090939
160.89999999999515,169.71100213086316,0.09999999999999432,0.1,-5.689893001203927e-15,0.0,55,1,138,85,50.32778443140707,50.93150364703089,40.85090909090939
160.99999999999514,169.81100213086316,0.09999999999999432,0.1,-5.689893001203927e-15,0.0,55,1,140,85,50.149060017620116,50.831503647030885,40.9509090909094
161.09999999999513,169.91100213086315,0.09999999999999432,0.1,-5.689893001203927e-15,0.0,55,1,140,85,49.97547189952905,50.731503647030884,41.0509090909094
161.19999999999513,170.01100213086315,0.09999999999999432,0.1,-5.689893001203927e-15,0.0,55,1,140,85,49.81156882518102,50.63150364703088,41.1509090909094
161.29999999999512,170.11100213086314,0.09999999999999432,0.1,-5.689893001203927e-15,0.0,55,1,140,85,49.65420736089259,50.525701530712055,41.2509090909094
161.39999999999512,170.21100213086314,0.09999999999999432,0.1,-5.689893001203927e-15,0.0,55,1,140,86,49.50567096551851,49.81363214688176,41.3509090909094
161.4999999999951,170.31100213086313,0.09999999999999432,0.1,-5.689893001203927e-15,0.0,55,1,141,85,49.36275886828098,49.10156276305146,41.4509090909094
161.5999999999951,170.41100213086312,0.09999999999999432,0.1,-5.689893001203927e-15,0.0,55,1,141,85,49.22130122822455,48.389493379221165,41.5509090909094
161.6999999999951,170.51100213086312,0.09999999999999432,0.1,-5.689893001203927e-15,0.0,55,1,141,85,49.08194610293524,47.67742399539087,41.65090909090941
161.7999999999951,170.6110021308631,0.09999999999999432,0.1,-5.689893001203927e-15,0.0,55,1,141,85,48.945971639061,47.17123761966442,41.75090909090941
161.8999999999951,170.7110021308631,0.09999999999999432,0.1,-5.689893001203927e-15,0.0,55,1,141,85,48.81393047639621,46.86814443180119,41.85090909090941
161.99999999999508,170.8110021308631,0.09999999999999432,0.1,-5.689893001203927e-15,0.0,55,1,143,84,48.68319215809985,46.666597837869574,41.950909090909406
162.09999999999508,170.9110021308631,0.09999999999999432,0.1,-5.689893001203927e-15,0.0,55,1,143,84,48.55325134993332,46.51582454090377,42.05090909090941
162.19999999999507,171.0110021308631,0.09999999999999432,0.1,-5.689893001203927e-15,0.0,55,1,143,85,48.41191128553616,46.41582454090377,42.15090909090941
162.29999999999507,171.11100213086308,0.09999999999999432,0.1,-5.689893001203927e-15,0.0,55,1,142,86,48.2741448173185,46.31582454090377,42.25090909090941
162.39999999999506,171.27100213086308,0.1599999999999966,0.1,0.059999999999996584,0.0,55,1,141,86,49.22741090644767,46.21582454090377,42.35090909090942
162.49999999999505,171.37100213086308,0.09999999999999432,0.1,-5.689893001203927e-15,0.0,55,1,142,86,49.0948083758992,46.115824540903766,42.45090909090942
162.59999999999505,171.5862021308631,0.21520000000001005,0.1,0.11520000000001004,0.0,55,1,140,86,51.046475718014605,46.015824540903765,42.550909090909414
162.69999999999504,171.68620213086308,0.09999999999999432,0.1,-5.689893001203927e-15,0.0,56,1,139,86,49.55198749000978,49.13150364703086,41.89107142857175
162.79999999999504,171.82880213086307,0.1425999999999874,0.1,0.0425999999999874,0.0,56,1,138,86,50.163544467689256,49.03150364703086,41.99107142857175
162.89999999999503,171.92880213086306,0.09999999999999432,0.1,-5.689893001203927e-15,0.0,56,2,137,87,50.01750839914418,48.93150364703086,42.09107142857175
162.99999999999503,172.02880213086306,0.09999999999999432,0.1,-5.689893001203927e-15,0.0,56,2,137,88,49.8617452440027,48.83150364703086,42.19107142857175
163.09999999999502,172.12880213086305,0.09999999999999432,0.1,-5.689893001203927e-15,0.0,55,2,136,88,50.62477013413154,48.731503647030856,42.2818181818185
163.19999999999501,172.26320213086305,0.1343999999999994,0.1,0.0343999999999994,0.0,55,2,135,88,51.112233856898214,48.631503647030854,42.3818181818185
163.299999999995,172.36320213086304,0.09999999999999432,0.1,-5.689893001203927e-15,0.0,56,2,136,88,49.60326194508377,48.59200939374339,41.72500000000032
163.399999999995,172.46320213086304,0.09999999999999432,0.1,-5.689893001203927e-15,0.0,56,2,135,87,49.39545274994954,48.49200939374339,41.82500000000032
163.499999999995,172.59980213086303,0.13659999999998718,0.1,0.03659999999998717,0.0,56,2,134,87,49.866538966632675,48.33150364703085,41.92500000000032
163.599999999995,172.69980213086302,0.09999999999999432,0.1,-5.689893001203927e-15,0.0,56,2,135,87,49.64074490387564,48.23150364703085,42.025000000000325
163.699999999995,172.85980213086302,0.1599999999999966,0.1,0.059999999999996584,0.0,56,2,134,87,50.500813121262,48.13150364703085,42.12500000000033
163.79999999999498,172.959802130863,0.09999999999999432,0.1,-5.689893001203927e-15,0.0,56,2,134,88,50.28456293948143,48.031503647030846,42.22500000000032
163.89999999999498,173.106602130863,0.14679999999998472,0.1,0.046799999999984715,0.0,56,2,133,87,50.90613520316249,47.931503647030844,42.32500000000033
163.99999999999497,173.206602130863,0.09999999999999432,0.1,-5.689893001203927e-15,0.0,56,2,133,87,50.71233018362754,47.83150364703084,42.42500000000033
164.09999999999496,173.35540213086298,0.14879999999999427,0.1,0.048799999999994265,0.0,56,2,133,87,51.393148029500715,47.79200939374338,42.52500000000033
164.19999999999496,173.45540213086298,0.09999999999999432,0.1,-5.689893001203927e-15,0.0,56,2,133,87,51.214804533263546,47.692009393743376,42.625000000000334
164.29999999999495,173.60380213086296,0.148399999999981,0.1,0.048399999999980986,0.0,56,2,132,87,51.88950751797409,47.592009393743375,42.72500000000033
164.39999999999495,173.70380213086295,0.09999999999999432,0.1,-5.689893001203927e-15,0.0,56,2,132,87,51.71112350798461,47.49200939374337,42.82500000000034
164.49999999999494,173.80380213086295,0.09999999999999432,0.1,-5.689893001203927e-15,0.0,56,2,132,87,51.535622352715244,47.39200939374337,42.92500000000034
164.59999999999494,173.90380213086294,0.09999999999999432,0.1,-5.689893001203927e-15,0.0,56,2,131,87,51.36316155091828,47.29200939374337,43.02500000000033
164.69999999999493,174.00380213086294,0.09999999999999432,0.1,-5.689893001203927e-15,0.0,55,2,131,87,52.144806816783856,47.19200939374337,43.09636363636397
164.79999999999492,174.10380213086293,0.09999999999999432,0.1,-5.689893001203927e-15,0.0,55,2,131,88,51.99062267833632,47.09200939374337,43.19636363636398
164.89999999999492,174.20380213086293,0.09999999999999432,0.1,-5.689893001203927e-15,0.0,55,2,131,88,51.83671750775313,46.992009393743366,43.29636363636398
164.9999999999949,174.30380213086292,0.09999999999999432,0.1,-5.689893001203927e-15,0.0,55,2,131,88,51.670826553284115,46.892009393743365,43.39636363636398
165.0999999999949,174.4038021308629,0.09999999999999432,0.1,-5.689893001203927e-15,0.0,55,2,132,88,51.50499971323577,46.79200939374336,43.49636363636398
165.1999999999949,174.5038021308629,0.09999999999999432,0.1,-5.689893001203927e-15,0.0,55,2,132,88,51.33926451159885,46.69200939374336,43.59636363636398
165.2999999999949,174.6038021308629,0.09999999999999432,0.1,-5.689893001203927e-15,0.0,55,2,132,88,51.17354544977383,46.59200939374336,43.69636363636398
165.3999999999949,174.7038021308629,0.09999999999999432,0.1,-5.689893001203927e-15,0.0,55,2,132,88,51.00751995792032,46.49200939374336,43.79636363636398
165.49999999999488,174.8038021308629,0.09999999999999432,0.1,-5.689893001203927e-15,0.0,55,2,132,88,50.84071439440573,46.39200939374336,43.89636363636398
165.59999999999488,174.90380213086289,0.09999999999999432,0.1,-5.689893001203927e-15,0.0,55,2,133,88,50.67396695030282,46.292009393743356,43.99636363636399
165.69999999999487,175.00380213086288,0.09999999999999432,0.1,-5.689893001203927e-15,0.0,55,2,133,88,50.50719456272635,46.192009393743355,44.09636363636399
165.79999999999487,175.10380213086287,0.09999999999999432,0.1,-5.689893001203927e-15,0.0,55,2,133,88,50.34136561524504,46.09200939374335,44.196363636363984
165.89999999999486,175.20380213086287,0.09999999999999432,0.1,-5.689893001203927e-15,0.0,55,2,134,88,50.17518702718917,45.99200939374335,44.296363636363985
165.99999999999486,175.30380213086286,0.09999999999999432,0.1,-5.689893001203927e-15,0.0,55,2,134,88,50.00899250407732,45.89200939374335,44.396363636363986
166.09999999999485,175.40380213086286,0.09999999999999432,0.1,-5.689893001203927e-15,0.0,54,2,134,87,50.769089116576204,46.67606747540458,44.388888888889234
166.19999999999484,175.50380213086285,0.09999999999999432,0.1,-5.689893001203927e-15,0.0,54,2,135,87,50.60153178741712,46.11081524962557,44.488888888889235
166.29999999999484,175.60380213086285,0.09999999999999432,0.1,-5.689893001203927e-15,0.0,54,2,136,87,50.43400892771739,45.592009393743346,44.58888888888924
166.39999999999483,175.70380213086284,0.09999999999999432,0.1,-5.689893001203927e-15,0.0,54,2,136,87,50.26638781177495,45.492009393743345,44.68888888888924
166.49999999999483,175.80380213086283,0.09999999999999432,0.1,-5.689893001203927e-15,0.0,54,2,136,87,50.10187289929423,45.39200939374334,44.78888888888924
166.59999999999482,175.90380213086283,0.09999999999999432,0.1,-5.689893001203927e-15,0.0,54,2,136,87,49.93963787432552,45.29200939374334,44.88888888888924
166.69999999999482,176.00380213086282,0.09999999999999432,0.1,-5.689893001203927e-15,0.0,54,2,136,87,49.777048820234256,45.19200939374334,44.98888888888924
166.7999999999948,176.10380213086282,0.09999999999999432,0.1,-5.689893001203927e-15,0.0,54,2,137,87,49.617859623100735,45.09200939374334,45.088888888889244
166.8999999999948,176.2038021308628,0.09999999999999432,0.1,-5.689893001203927e-15,0.0,54,2,137,87,49.459055907765276,44.99200939374334,45.18888888888924
166.9999999999948,176.3274021308628,0.12359999999998195,0.1,0.02359999999998194,0.0,54,2,136,86,49.73700021473745,44.892009393743336,45.28888888888924
167.0999999999948,176.4274021308628,0.09999999999999432,0.1,-5.689893001203927e-15,0.0,54,2,136,85,49.58043480795048,44.792009393743335,45.38888888888924
167.1999999999948,176.52740213086278,0.09999999999999432,0.1,-5.689893001203927e-15,0.0,54,2,137,84,49.41654162654203,44.692009393743334,45.48888888888924
167.29999999999478,176.62740213086278,0.09999999999999432,0.1,-5.689893001203927e-15,0.0,53,2,137,84,50.17987215717906,44.59200939374333,45.66037735849092
167.39999999999478,176.72740213086277,0.09999999999999432,0.1,-5.689893001203927e-15,0.0,53,2,137,84,49.995891358281,44.49200939374333,45.76037735849092
167.49999999999477,176.82740213086277,0.09999999999999432,0.1,-5.689893001203927e-15,0.0,53,2,137,83,49.820451957216804,44.39200939374333,45.86037735849092
167.59999999999476,177.01980213086276,0.19239999999999213,0.1,0.09239999999999213,0.0,53,2,135,83,51.390371940934116,44.29200939374333,45.960377358490916
167.69999999999476,177.11980213086275,0.09999999999999432,0.1,-5.689893001203927e-15,0.0,53,2,135,83,51.22000676591855,44.19200939374333,46.060377358490925
167.79999999999475,177.21980213086275,0.09999999999999432,0.1,-5.689893001203927e-15,0.0,53,2,136,83,51.04680829622487,44.092009393743325,46.16037735849092
167.89999999999475,177.31980213086274,0.09999999999999432,0.1,-5.689893001203927e-15,0.0,52,2,136,84,51.86304821458778,45.34168380703874,46.57307692307729
167.99999999999474,177.41980213086273,0.09999999999999432,0.1,-5.689893001203927e-15,0.0,52,2,136,84,51.69696395784319,44.913693563606884,46.67307692307728
168.09999999999474,177.51980213086273,0.09999999999999432,0.1,-5.689893001203927e-15,0.0,52,2,137,83,51.53258813135734,44.145693563606876,46.773076923077284
168.19999999999473,177.61980213086272,0.09999999999999432,0.1,-5.689893001203927e-15,0.0,52,2,137,83,51.36938398018263,43.79200939374332,46.873076923077285
168.29999999999472,177.71980213086272,0.09999999999999432,0.1,-5.689893001203927e-15,0.0,52,2,137,83,51.20472740060107,43.69200939374332,46.97307692307728
168.39999999999472,177.8798021308627,0.1599999999999966,0.1,0.059999999999996584,0.0,52,2,136,83,52.1940119388527,44.841683807038734,47.07307692307729
168.4999999999947,177.9798021308627,0.09999999999999432,0.1,-5.689893001203927e-15,0.0,52,2,136,83,52.030634150094606,44.74168380703873,47.17307692307728
168.5999999999947,178.0798021308627,0.09999999999999432,0.1,-5.689893001203927e-15,0.0,52,2,136,83,51.86600268542239,44.64168380703873,47.273076923077284
168.6999999999947,178.1798021308627,0.09999999999999432,0.1,-5.689893001203927e-15,0.0,51,2,136,83,52.71933479005871,44.54168380703873,47.38431372549056
168.7999999999947,178.2798021308627,0.09999999999999432,0.1,-5.689893001203927e-15,0.0,51,2,136,83,52.55462914720872,44.44168380703873,47.48431372549056
168.8999999999947,178.37980213086269,0.09999999999999432,0.1,-5.689893001203927e-15,0.0,51,2,136,83,52.389823213394834,44.34168380703873,47.58431372549055
168.99999999999469,178.47980213086268,0.09999999999999432,0.1,-5.689893001203927e-15,0.0,50,2,136,83,53.271842046234006,46.579763015843966,47.308000000000355
169.09999999999468,178.63980213086268,0.1599999999999966,0.1,0.059999999999996584,0.0,50,2,135,83,54.30539784742535,46.479763015843965,47.40800000000036
169.19999999999467,178.73980213086267,0.09999999999999432,0.1,-5.689893001203927e-15,0.0,50,2,137,83,54.13942284351551,46.37976301584396,47.50800000000036
169.29999999999467,178.83980213086267,0.09999999999999432,0.1,-5.689893001203927e-15,0.0,50,2,137,83,53.968906830030825,46.27976301584396,47.60800000000036
169.39999999999466,179.05980213086266,0.21999999999999886,0.1,0.11999999999999886,0.0,50,2,136,83,56.20259445959989,46.17976301584396,47.708000000000354
169.49999999999466,179.15980213086266,0.09999999999999432,0.1,-5.689893001203927e-15,0.0,51,2,137,83,53.95711668109263,49.38498588192361,45.778431372549356
169.59999999999465,179.31420213086264,0.15439999999998122,0.1,0.05439999999998121,0.0,51,2,136,84,54.832671146061024,49.28498588192361,45.878431372549365
169.69999999999465,179.41420213086263,0.09999999999999432,0.1,-5.689893001203927e-15,0.0,51,2,137,85,54.64669727689187,49.18498588192361,45.97843137254936
169.79999999999464,179.51420213086263,0.09999999999999432,0.1,-5.689893001203927e-15,0.0,51,2,137,86,54.449437576433304,49.08498588192361,46.07843137254936
169.89999999999463,179.61420213086262,0.09999999999999432,0.1,-5.689893001203927e-15,0.0,51,2,137,86,54.24801733855886,48.984985881923606,46.178431372549355
169.99999999999463,179.71420213086262,0.09999999999999432,0.1,-5.689893001203927e-15,0.0,50,2,137,86,55.16374717089056,58.60402801960386,45.82600000000034
170.09999999999462,179.8142021308626,0.09999999999999432,0.1,-5.689893001203927e-15,0.0,50,2,137,86,54.973544337364665,58.50402801960386,45.92600000000034
170.19999999999462,179.9142021308626,0.09999999999999432,0.1,-5.689893001203927e-15,0.0,50,2,136,86,54.77058610279574,58.40402801960386,46.02600000000034
170.2999999999946,180.0142021308626,0.09999999999999432,0.1,-5.689893001203927e-15,0.0,50,2,136,87,54.568220239966934,58.304028019603855,46.12600000000034
170.3999999999946,180.1142021308626,0.09999999999999432,0.1,-5.689893001203927e-15,0.0,50,2,136,87,54.36379450380565,58.204028019603854,46.22600000000034
170.4999999999946,180.2142021308626,0.09999999999999432,0.1,-5.689893001203927e-15,0.0,50,2,136,87,54.159017939545365,57.94189411185479,46.32600000000034
170.5999999999946,180.31420213086258,0.09999999999999432,0.1,-5.689893001203927e-15,0.0,50,2,137,87,53.95355014014231,57.22742347035409,46.42600000000034
170.6999999999946,180.41420213086258,0.09999999999999432,0.1,-5.689893001203927e-15,0.0,50,2,137,87,53.75549778622076,56.51340171743961,46.52600000000034
170.79999999999458,180.51420213086257,0.09999999999999432,0.1,-5.689893001203927e-15,0.0,50,2,136,87,53.55987512780097,55.798281850773535,46.62600000000034
170.89999999999458,180.61420213086257,0.09999999999999432,0.1,-5.689893001203927e-15,0.0,50,2,137,87,53.36668211692735,55.08373223071265,46.72600000000034
170.99999999999457,180.71420213086256,0.09999999999999432,0.1,-5.689893001203927e-15,0.0,50,2,136,87,53.18189236520646,54.36345665873638,46.82600000000034
171.09999999999457,180.81420213086255,0.09999999999999432,0.1,-5.689893001203927e-15,0.0,50,2,136,86,52.99738066306119,53.57690549241792,46.92600000000034
171.19999999999456,180.97420213086255,0.1599999999999966,0.1,0.059999999999996584,0.0,50,2,135,86,54.01397804439853,52.808744592053266,47.02600000000034
171.29999999999455,181.07420213086255,0.09999999999999432,0.1,-5.689893001203927e-15,0.0,51,2,134,86,52.281187038415354,52.05621558111812,46.203921568627784
171.39999999999455,181.17420213086254,0.09999999999999432,0.1,-5.689893001203927e-15,0.0,51,2,134,86,52.08995531334019,51.34414619728782,46.30392156862778
171.49999999999454,181.27420213086253,0.09999999999999432,0.1,-5.689893001203927e-15,0.0,51,2,134,86,51.90248755768118,50.63207681345752,46.40392156862779
171.59999999999454,181.37420213086253,0.09999999999999432,0.1,-5.689893001203927e-15,0.0,51,2,134,86,51.71445010207849,49.920007429627226,46.50392156862779
171.69999999999453,181.53420213086252,0.1599999999999966,0.1,0.059999999999996584,0.0,51,2,132,87,52.70460386521329,49.20793804579693,46.60392156862778
171.79999999999453,181.63420213086252,0.09999999999999432,0.1,-5.689893001203927e-15,0.0,51,2,132,87,52.51674090829286,48.49586866196663,46.703921568627784
171.89999999999452,181.80760213086253,0.1734000000000151,0.1,0.07340000000001509,0.0,51,2,130,87,53.76726544826173,52.53820827512081,46.80392156862778
171.99999999999451,181.90760213086253,0.09999999999999432,0.1,-5.689893001203927e-15,0.0,52,2,131,87,52.07054309862822,52.119477989807244,46.00384615384648
172.0999999999945,182.06760213086253,0.1599999999999966,0.1,0.059999999999996584,0.0,52,2,130,87,53.01965381077851,56.50402801960383,46.103846153846476
172.1999999999945,182.16760213086252,0.09999999999999432,0.1,-5.689893001203927e-15,0.0,51,2,130,87,53.86887877154164,56.40402801960383,46.070588235294444
172.2999999999945,182.2676021308625,0.09999999999999432,0.1,-5.689893001203927e-15,0.0,51,2,130,87,53.67850435354991,56.30402801960383,46.170588235294446
172.3999999999945,182.3676021308625,0.09999999999999432,0.1,-5.689893001203927e-15,0.0,51,2,130,87,53.488589094292294,56.204028019603825,46.27058823529444
172.4999999999945,182.5276021308625,0.1599999999999966,0.1,0.059999999999996584,0.0,51,2,131,87,54.475074950059,56.104028019603824,46.37058823529444
172.59999999999448,182.6276021308625,0.09999999999999432,0.1,-5.689893001203927e-15,0.0,52,2,131,86,52.758217107859316,56.00402801960382,45.57884615384648
172.69999999999447,182.7276021308625,0.09999999999999432,0.1,-5.689893001203927e-15,0.0,52,2,131,86,52.4817781692058,55.90402801960382,45.67884615384647
172.79999999999447,182.8276021308625,0.09999999999999432,0.1,-5.689893001203927e-15,0.0,52,2,132,87,52.25167131933892,55.80402801960382,45.778846153846466
172.89999999999446,182.92760213086248,0.09999999999999432,0.1,-5.689893001203927e-15,0.0,52,2,132,87,51.92814507898372,55.70402801960382,45.878846153846474
172.99999999999446,183.02760213086248,0.09999999999999432,0.1,-5.689893001203927e-15,0.0,52,2,133,87,51.681634758161024,55.60402801960382,45.97884615384647
173.09999999999445,183.12760213086247,0.09999999999999432,0.1,-5.689893001203927e-15,0.0,52,2,133,87,51.36317220448059,55.504028019603815,46.07884615384648
173.19999999999445,183.22760213086246,0.09999999999999432,0.1,-5.689893001203927e-15,0.0,52,2,135,87,51.05843263295063,55.404028019603814,46.17884615384647
173.29999999999444,183.32760213086246,0.09999999999999432,0.1,-5.689893001203927e-15,0.0,52,2,135,87,50.8196358278332,55.30402801960381,46.278846153846466
173.39999999999444,183.42760213086245,0.09999999999999432,0.1,-5.689893001203927e-15,0.0,52,2,136,87,50.51025836347788,55.20402801960381,46.378846153846474
173.49999999999443,183.52760213086245,0.09999999999999432,0.1,-5.689893001203927e-15,0.0,52,2,136,87,50.283266110192386,55.10402801960381,46.47884615384647
173.59999999999442,183.62760213086244,0.09999999999999432,0.1,-5.689893001203927e-15,0.0,52,2,135,87,50.05597764392857,55.00402801960381,46.57884615384648
173.69999999999442,183.72760213086244,0.09999999999999432,0.1,-5.689893001203927e-15,0.0,52,2,134,87,49.827606614954405,54.90402801960381,46.67884615384647
173.7999999999944,183.82760213086243,0.09999999999999432,0.1,-5.689893001203927e-15,0.0,52,2,135,87,49.60003260014844,54.804028019603805,46.77884615384648
173.8999999999944,183.92760213086243,0.09999999999999432,0.1,-5.689893001203927e-15,0.0,51,2,135,87,50.3675095768817,54.58538734071421,46.37450980392189
173.9999999999944,184.02760213086242,0.09999999999999432,0.1,-5.689893001203927e-15,0.0,51,2,136,87,50.15123698379691,53.882625856682395,46.4745098039219
174.0999999999944,184.1276021308624,0.09999999999999432,0.1,-5.689893001203927e-15,0.0,50,2,137,86,50.9636118113789,54.5040280196038,46.12000000000032
174.1999999999944,184.2276021308624,0.09999999999999432,0.1,-5.689893001203927e-15,0.0,50,2,138,86,50.765464743156265,54.4040280196038,46.220000000000326
174.29999999999438,184.3276021308624,0.09999999999999432,0.1,-5.689893001203927e-15,0.0,49,2,138,86,51.60723022655133,54.4040280196038,46.4183673469391
174.39999999999438,184.4276021308624,0.09999999999999432,0.1,-5.689893001203927e-15,0.0,49,2,139,86,51.41933029108483,54.3040280196038,46.5183673469391
174.49999999999437,184.5876021308624,0.1599999999999966,0.1,0.059999999999996584,0.0,48,2,139,86,53.552539428620214,59.29145609013146,46.32500000000032
174.59999999999437,184.6876021308624,0.09999999999999432,0.1,-5.689893001203927e-15,0.0,48,2,139,86,53.36654095315697,58.69145609013146,46.42500000000032
174.69999999999436,184.78760213086238,0.09999999999999432,0.1,-5.689893001203927e-15,0.0,48,2,139,86,53.13717065269358,58.09145609013146,46.52500000000032
174.79999999999436,184.88760213086238,0.09999999999999432,0.1,-5.689893001203927e-15,0.0,48,2,139,85,52.92589707396932,57.49145609013146,46.62500000000032
174.89999999999435,185.03060213086238,0.14300000000000068,0.1,0.04300000000000068,0.0,48,2,139,85,53.61714714454239,56.891456090131456,46.725000000000314
174.99999999999434,185.13060213086237,0.09999999999999432,0.1,-5.689893001203927e-15,0.0,49,2,142,85,51.82294018317761,56.089845569706924,45.871428571428886
175.09999999999434,185.23060213086237,0.09999999999999432,0.1,-5.689893001203927e-15,0.0,49,2,142,85,51.608674245139255,55.69145609013145,45.97142857142889
175.19999999999433,185.33060213086236,0.09999999999999432,0.1,-5.689893001203927e-15,0.0,49,2,142,85,51.384545667551684,55.09145609013145,46.07142857142889
175.29999999999433,185.49060213086236,0.1599999999999966,0.1,0.059999999999996584,0.0,49,2,142,84,52.39559308891845,55.718302066791054,46.17142857142889
175.39999999999432,185.71060213086236,0.21999999999999886,0.1,0.11999999999999886,0.0,49,2,140,84,54.631529408941915,55.2522092617165,46.271428571428885
175.49999999999432,185.81060213086235,0.09999999999999432,0.1,-5.689893001203927e-15,0.0,50,2,142,84,52.30489116521784,54.77004123087507,44.2400000000003
175.5999999999943,185.10687788497737,-0.7037242458849846,0.1,0.05639999999997858,0.8601242458849632,49,2,141,84,52.47729987361275,53.10402801960378,45.118367346939074
175.6999999999943,185.23167788497736,0.12479999999999336,0.1,0.024799999999993355,0.0,50,2,140,84,51.18173770274068,53.8097100578206,44.316000000000294
175.7999999999943,185.33167788497735,0.09999999999999432,0.1,-5.689893001203927e-15,0.0,50,2,140,85,50.90439915690003,53.3381905246121,44.416000000000295
175.8999999999943,185.49167788497735,0.1599999999999966,0.1,0.059999999999996584,0.0,50,2,140,85,51.83619419849423,53.81600964121642,44.5160000000003
175.9999999999943,185.65167788497735,0.1599999999999966,0.1,0.059999999999996584,0.0,51,2,139,85,51.253803722345765,52.704028019603776,43.74313725490226
176.09999999999428,185.75167788497734,0.09999999999999432,0.1,-5.689893001203927e-15,0.0,52,2,140,85,49.548628013651445,52.604028019603774,43.00192307692336
176.19999999999428,185.87167788497734,0.12000000000000455,0.1,0.020000000000004542,0.0,52,2,139,84,49.663331394365656,52.50402801960377,43.10192307692336
176.29999999999427,185.54018917488963,-0.3314887100877115,0.1,0.11999999999999622,0.5514887100877077,51,2,137,85,51.581940303960046,52.40402801960377,42.90392156862774
176.39999999999426,185.64018917488963,0.09999999999999432,0.1,-5.689893001203927e-15,0.0,52,2,137,85,49.859988260932404,52.30402801960377,42.17884615384643
176.49999999999426,185.80018917488962,0.1599999999999966,0.1,0.059999999999996584,0.0,52,2,136,85,50.733968878323694,53.21600964121641,42.27884615384643
176.59999999999425,186.02018917488962,0.21999999999999886,0.1,0.11999999999999886,0.0,53,2,135,85,50.396196236267166,52.10402801960377,41.58113207547197
176.69999999999425,186.12018917488962,0.09999999999999432,0.1,-5.689893001203927e-15,0.0,54,2,135,85,48.725141910018834,52.004028019603766,40.911111111111374
176.79999999999424,186.2201891748896,0.09999999999999432,0.1,-5.689893001203927e-15,0.0,54,2,135,85,48.45375092602311,51.904028019603764,41.011111111111376
176.89999999999424,186.3201891748896,0.09999999999999432,0.1,-5.689893001203927e-15,0.0,52,2,135,85,50.059511116473786,52.816009641216404,40.26538461538486
176.99999999999423,186.4201891748896,0.09999999999999432,0.1,-5.689893001203927e-15,0.0,52,2,134,84,49.792393707445186,52.7160096412164,40.36538461538487
177.09999999999422,186.5201891748896,0.09999999999999432,0.1,-5.689893001203927e-15,0.0,52,2,134,84,49.533157861511654,52.6160096412164,40.46538461538486
177.19999999999422,186.6201891748896,0.09999999999999432,0.1,-5.689893001203927e-15,0.0,52,2,134,84,49.27041389803158,52.5160096412164,40.565384615384865
177.2999999999942,186.72018917488958,0.09999999999999432,0.1,-5.689893001203927e-15,0.0,51,2,135,84,49.98093135588816,51.959009257341435,41.42352941176496
177.3999999999942,186.82018917488958,0.09999999999999432,0.1,-5.689893001203927e-15,0.0,51,2,136,84,49.74306990030111,51.306864066631036,41.52352941176496
177.4999999999942,186.92018917488957,0.09999999999999432,0.1,-5.689893001203927e-15,0.0,51,2,136,85,49.50549861094694,51.204028019603754,41.623529411764956
177.5999999999942,187.02018917488957,0.09999999999999432,0.1,-5.689893001203927e-15,0.0,51,2,136,85,49.26565331081233,51.10402801960375,41.72352941176496
177.6999999999942,187.12018917488956,0.09999999999999432,0.1,-5.689893001203927e-15,0.0,50,2,137,84,50.01751446927632,52.01600964121639,42.54200000000025
177.79999999999418,187.26438917488954,0.14419999999998367,0.1,0.04419999999998367,0.0,50,2,136,84,50.671951228177576,53.289845569706884,42.64200000000025
177.89999999999418,187.46158917488955,0.19720000000000937,0.1,0.09720000000000936,0.0,50,2,134,84,52.39255237431611,56.647917690175674,42.74200000000025
177.99999999999417,186.9660734136985,-0.4955157611910579,0.1,-5.995204332975845e-15,0.5955157611910519,49,2,135,85,52.02100350627297,53.08984556970688,42.21020408163291
178.09999999999417,187.0660734136985,0.09999999999999432,0.1,-5.689893001203927e-15,0.0,48,2,138,85,52.89518698894326,56.44791769017567,43.0083333333336
178.19999999999416,187.2860734136985,0.21999999999999886,0.1,0.11999999999999886,0.0,48,2,137,84,55.18452796487341,56.34791769017567,43.1083333333336
178.29999999999416,187.38607341369848,0.09999999999999432,0.1,-5.689893001203927e-15,0.0,49,2,138,84,53.35236894713193,56.24791769017567,42.328571428571685
178.39999999999415,187.50727341369847,0.12119999999998754,0.1,0.021199999999987534,0.0,50,2,137,83,51.99298975015072,56.14791769017567,41.58200000000025
178.49999999999415,187.60727341369846,0.09999999999999432,0.1,-5.689893001203927e-15,0.0,50,2,137,83,51.781972035800365,56.047917690175666,41.68200000000025
178.59999999999414,187.70727341369846,0.09999999999999432,0.1,-5.689893001203927e-15,0.0,50,2,137,83,51.5074792064237,55.947917690175665,41.78200000000025
178.69999999999413,187.86727341369846,0.1599999999999966,0.1,0.059999999999996584,0.0,50,2,137,82,52.47407113966927,55.84791769017566,41.882000000000254
178.79999999999413,188.02667341369846,0.1594000000000051,0.1,0.05940000000000509,0.0,49,2,137,81,54.55472682125219,55.74791769017566,41.50204081632677
178.89999999999412,188.18667341369846,0.1599999999999966,0.1,0.059999999999996584,0.0,49,2,139,81,55.5485476248578,55.45331863433357,41.60204081632677
178.99999999999412,188.36667341369846,0.18000000000000682,0.1,0.08000000000000682,0.0,50,2,138,81,55.2784730265328,56.08401911467898,40.87000000000024
179.0999999999941,188.61007341369844,0.24339999999997985,0.1,0.14339999999997985,0.0,50,2,134,81,57.39451313581993,56.130845985203585,40.23600000000023
179.1999999999941,188.71007341369844,0.09999999999999432,0.1,-5.689893001203927e-15,0.0,50,2,134,81,57.13069116093231,56.030845985203584,40.336000000000226
179.2999999999941,188.81007341369843,0.09999999999999432,0.1,-5.689893001203927e-15,0.0,50,2,134,81,56.88780318055228,55.93084598520358,40.43600000000023
179.3999999999941,188.91007341369843,0.09999999999999432,0.1,-5.689893001203927e-15,0.0,51,2,136,81,55.05714485691631,55.83084598520358,39.74313725490218
179.4999999999941,189.07007341369842,0.1599999999999966,0.1,0.059999999999996584,0.0,51,2,135,80,56.00913505173303,55.73084598520358,39.84313725490218
179.59999999999408,189.17007341369842,0.09999999999999432,0.1,-5.689893001203927e-15,0.0,51,2,136,80,55.80978328052816,55.63084598520358,39.94313725490218
179.69999999999408,189.2700734136984,0.09999999999999432,0.1,-5.689893001203927e-15,0.0,51,2,137,79,55.607981821668744,55.53084598520358,40.04313725490218
179.79999999999407,189.11404939585665,-0.15602401784175868,0.1,1.3877787807814457e-15,0.25602401784176004,50,2,137,79,56.00289605800357,56.492788599480164,40.50600000000022
179.89999999999407,189.21404939585665,0.09999999999999432,0.1,-5.689893001203927e-15,0.0,50,2,137,79,55.812278897040414,56.39278859948016,40.60600000000022
179.99999999999406,189.31404939585664,0.09999999999999432,0.1,-5.689893001203927e-15,0.0,50,2,137,78,55.62116142059445,56.29278859948016,40.70600000000022
180.09999999999405,189.41404939585664,0.09999999999999432,0.1,-5.689893001203927e-15,0.0,50,2,137,78,55.430012710205055,56.19278859948016,40.80600000000022
180.19999999999405,189.51404939585663,0.09999999999999432,0.1,-5.689893001203927e-15,0.0,50,2,137,79,55.19281914693744,56.09278859948016,40.90600000000022
180.29999999999404,189.67404939585663,0.1599999999999966,0.1,0.059999999999996584,0.0,50,2,137,77,56.170909965822894,56.485383618778556,41.00600000000022
180.39999999999404,189.7960493958566,0.12199999999998568,0.1,0.02199999999998567,0.0,50,2,137,77,56.38669104679177,56.385383618778555,41.106000000000215
180.49999999999403,189.8960493958566,0.09999999999999432,0.1,-5.689893001203927e-15,0.0,50,2,136,78,56.14542272431864,56.28538361877855,41.206000000000216
180.59999999999403,190.1150493958566,0.2189999999999941,0.1,0.11899999999999408,0.0,50,2,135,78,58.290050715359705,57.0551000341394,41.30600000000021
180.69999999999402,190.2150493958566,0.09999999999999432,0.1,-5.689893001203927e-15,0.0,51,2,134,78,56.43537158826751,56.08538361877855,40.59607843137275
180.79999999999401,190.3750493958566,0.1599999999999966,0.1,0.059999999999996584,0.0,51,2,133,78,57.193147517867835,55.98538361877855,40.696078431372754
180.899999999994,190.4750493958566,0.09999999999999432,0.1,-5.689893001203927e-15,0.0,52,2,134,78,55.38233692565013,55.88538361877855,40.01346153846175
180.999999999994,190.57504939585658,0.09999999999999432,0.1,-5.689893001203927e-15,0.0,52,2,134,79,55.125234573549854,55.56862853058618,40.11346153846174
181.099999999994,190.73504939585658,0.1599999999999966,0.1,0.059999999999996584,0.0,52,2,134,79,56.0334106665266,55.685383618778545,40.213461538461736
181.199999999994,190.83504939585657,0.09999999999999432,0.1,-5.689893001203927e-15,0.0,53,2,135,79,54.26428703460292,55.092788599480144,39.55471698113227
181.299999999994,190.98504939585658,0.15000000000000568,0.1,0.05000000000000568,0.0,53,2,134,79,54.949352770167486,54.99278859948014,39.65471698113227
181.39999999999398,191.08504939585657,0.09999999999999432,0.1,-5.689893001203927e-15,0.0,53,2,134,79,54.708435842681645,54.89278859948014,39.754716981132276
181.49999999999397,191.18504939585657,0.09999999999999432,0.1,-5.689893001203927e-15,0.0,53,2,135,79,54.47716686574552,54.79278859948014,39.85471698113227
181.59999999999397,191.28504939585656,0.09999999999999432,0.1,-5.689893001203927e-15,0.0,53,2,135,78,54.2740991745071,54.69278859948014,39.95471698113227
181.69999999999396,191.38504939585656,0.09999999999999432,0.1,-5.689893001203927e-15,0.0,53,2,135,78,54.08770023269054,54.59278859948014,40.054716981132266
181.79999999999396,191.48504939585655,0.09999999999999432,0.1,-5.689893001203927e-15,0.0,53,2,136,78,53.91691215017369,54.492788599480136,40.15471698113227
181.89999999999395,191.58504939585654,0.09999999999999432,0.1,-5.689893001203927e-15,0.0,53,2,137,78,53.7484025623491,54.392788599480134,40.25471698113226
181.99999999999395,191.68504939585654,0.09999999999999432,0.1,-5.689893001203927e-15,0.0,53,2,141,78,53.58098095738275,54.29278859948013,40.35471698113227
182.09999999999394,191.78504939585653,0.09999999999999432,0.1,-5.689893001203927e-15,0.0,53,2,141,78,53.41466472666779,53.8654231893086,40.454716981132265
182.19999999999393,191.88504939585653,0.09999999999999432,0.1,-5.689893001203927e-15,0.0,53,2,141,78,53.248274688305884,53.23175115612756,40.554716981132266
182.29999999999393,191.98504939585652,0.09999999999999432,0.1,-5.689893001203927e-15,0.0,53,2,141,78,53.08181247322169,52.93084598520354,40.65471698113226
182.39999999999392,192.08504939585652,0.09999999999999432,0.1,-5.689893001203927e-15,0.0,53,2,141,78,52.91527634674502,52.83084598520354,40.75471698113226
182.49999999999392,192.1850493958565,0.09999999999999432,0.1,-5.689893001203927e-15,0.0,53,2,141,78,52.7486598909689,52.73084598520354,40.854716981132256
182.5999999999939,192.2850493958565,0.09999999999999432,0.1,-5.689893001203927e-15,0.0,53,2,142,78,52.58197356319498,52.630845985203536,40.954716981132265
182.6999999999939,192.3850493958565,0.09999999999999432,0.1,-5.689893001203927e-15,0.0,53,2,142,79,52.415211010773405,52.530845985203534,41.05471698113226
182.7999999999939,192.4850493958565,0.09999999999999432,0.1,-5.689893001203927e-15,0.0,53,2,143,79,52.24837828699206,52.43084598520353,41.15471698113226
182.8999999999939,192.5850493958565,0.09999999999999432,0.1,-5.689893001203927e-15,0.0,53,2,143,79,52.08146935988817,52.29614419078168,41.254716981132255
182.9999999999939,192.68504939585648,0.09999999999999432,0.1,-5.689893001203927e-15,0.0,53,2,144,79,51.914471067290556,52.19614419078168,41.354716981132256
183.09999999999388,192.78504939585648,0.09999999999999432,0.1,-5.689893001203927e-15,0.0,53,2,145,79,51.7474007717066,51.98401911467892,41.45471698113225
183.19999999999388,192.88504939585647,0.09999999999999432,0.1,-5.689893001203927e-15,0.0,53,2,145,77,51.58025665465635,51.88401911467892,41.55471698113225
183.29999999999387,192.98504939585646,0.09999999999999432,0.1,-5.689893001203927e-15,0.0,53,2,144,77,51.40305878179411,51.78401911467892,41.65471698113225
183.39999999999387,193.11704939585647,0.132000000000005,0.1,0.032000000000005,0.0,53,2,143,77,51.68485306119434,51.147917690175596,41.75471698113225
183.49999999999386,193.24764939585646,0.13059999999998695,0.1,0.030599999999986943,0.0,53,2,143,75,51.945662017017405,51.047917690175595,41.85471698113225
183.59999999999386,193.40764939585645,0.1599999999999966,0.1,0.059999999999996584,0.0,53,2,141,75,52.77445502084086,51.59614419078167,41.95471698113224
183.69999999999385,193.56764939585645,0.1599999999999966,0.1,0.059999999999996584,0.0,53,2,140,76,53.594005661603994,51.49614419078167,42.05471698113225
183.79999999999384,193.72764939585645,0.1599999999999966,0.1,0.059999999999996584,0.0,53,2,140,76,54.460950470772445,51.39614419078167,42.154716981132246
183.89999999999384,193.91224939585643,0.184599999999989,0.1,0.08459999999998899,0.0,54,2,138,76,54.317777404029826,51.33084598520352,41.47407407407424
183.99999999999383,194.07224939585643,0.1599999999999966,0.1,0.059999999999996584,0.0,54,2,137,76,55.187822057723686,51.7234832028653,41.57407407407423
184.09999999999383,194.17224939585643,0.09999999999999432,0.1,-5.689893001203927e-15,0.0,54,2,136,76,54.93082352051723,51.6234832028653,41.674074074074234
184.19999999999382,194.27224939585642,0.09999999999999432,0.1,-5.689893001203927e-15,0.0,54,2,136,77,54.68126254956516,51.5234832028653,41.774074074074235
184.29999999999382,194.4706493958564,0.19839999999999236,0.1,0.09839999999999235,0.0,54,2,133,77,56.24377597391203,51.4234832028653,41.87407407407423
184.3999999999938,194.5706493958564,0.09999999999999432,0.1,-5.689893001203927e-15,0.0,54,2,135,77,55.984468510396525,51.3234832028653,41.97407407407423
184.4999999999938,194.6706493958564,0.09999999999999432,0.1,-5.689893001203927e-15,0.0,54,2,135,77,55.703791840905374,51.223483202865296,42.074074074074225
184.5999999999938,194.7972493958564,0.12659999999999627,0.1,0.026599999999996266,0.0,54,2,135,77,55.92446267793596,51.123483202865295,42.17407407407423
184.6999999999938,194.8972493958564,0.09999999999999432,0.1,-5.689893001203927e-15,0.0,55,2,135,77,54.19505859443547,51.02348320286529,41.50727272727288
184.7999999999938,195.0572493958564,0.1599999999999966,0.1,0.059999999999996584,0.0,55,2,135,77,55.00401226031616,50.69439394359273,41.60727272727288
184.89999999999378,195.15724939585638,0.09999999999999432,0.1,-5.689893001203927e-15,0.0,55,2,135,76,54.74775669179046,50.3308459852035,41.70727272727288
184.99999999999378,195.25724939585638,0.09999999999999432,0.1,-5.689893001203927e-15,0.0,55,2,135,76,54.512049063961896,50.2308459852035,41.80727272727287
185.09999999999377,195.35724939585637,0.09999999999999432,0.1,-5.689893001203927e-15,0.0,55,2,136,77,54.250344904200894,50.1308459852035,41.90727272727287
185.19999999999376,195.45724939585637,0.09999999999999432,0.1,-5.689893001203927e-15,0.0,55,2,136,77,53.98885682035909,49.72085638094743,42.00727272727287
185.29999999999376,195.55724939585636,0.09999999999999432,0.1,-5.689893001203927e-15,0.0,55,2,137,77,53.72753072393126,49.24791769017557,42.10727272727287
185.39999999999375,195.65724939585635,0.09999999999999432,0.1,-5.689893001203927e-15,0.0,55,2,138,77,53.45821216993582,49.14791769017557,42.20727272727287
185.49999999999375,195.4271556592401,-0.23009373661625432,0.1,5.551115123125783e-15,0.33009373661625985,54,2,139,77,53.56943284036365,49.696144190781645,41.91666666666679
185.59999999999374,195.5271556592401,0.09999999999999432,0.1,-5.689893001203927e-15,0.0,54,2,139,77,53.32005045147483,49.596144190781644,42.016666666666794
185.69999999999374,195.60304778800105,0.0758921287609553,0.1,0.042999999999992405,0.06710787123903711,53,2,138,77,54.758350688079425,49.53084598520349,41.6924528301888
185.79999999999373,195.76304778800105,0.1599999999999966,0.1,0.059999999999996584,0.0,53,2,137,77,55.46995487228878,49.43084598520349,41.79245283018879
185.89999999999372,195.89284778800103,0.1297999999999888,0.1,0.029799999999988808,0.0,54,2,138,77,54.28751054724184,49.823483202865276,41.11851851851863
185.99999999999372,195.99284778800103,0.09999999999999432,0.1,-5.689893001203927e-15,0.0,54,2,138,76,53.9638192808196,49.723483202865275,41.21851851851862
186.0999999999937,196.09284778800102,0.09999999999999432,0.1,-5.689893001203927e-15,0.0,54,2,139,76,53.39849796847403,49.62348320286527,41.31851851851862
186.1999999999937,196.19284778800102,0.09999999999999432,0.1,-5.689893001203927e-15,0.0,54,2,139,76,53.016150685374036,49.52348320286527,41.418518518518624
186.2999999999937,196.292847788001,0.09999999999999432,0.1,-5.689893001203927e-15,0.0,54,2,139,77,52.557812349620775,49.42348320286527,41.51851851851862
186.3999999999937,196.392847788001,0.09999999999999432,0.1,-5.689893001203927e-15,0.0,54,2,139,77,52.14994669764138,49.13814329469001,41.61851851851862
186.4999999999937,196.492847788001,0.09999999999999432,0.1,-5.689893001203927e-15,0.0,54,2,141,77,51.9100824457644,48.73084598520348,41.718518518518614
186.59999999999368,196.592847788001,0.09999999999999432,0.1,-5.689893001203927e-15,0.0,54,2,141,77,51.67134679985108,48.63084598520348,41.818518518518616
186.69999999999368,196.692847788001,0.09999999999999432,0.1,-5.689893001203927e-15,0.0,54,2,141,77,51.43444724169577,48.53084598520348,41.91851851851862
186.79999999999367,196.79284778800098,0.09999999999999432,0.1,-5.689893001203927e-15,0.0,54,2,141,77,51.198116484700215,48.430845985203476,42.01851851851861
186.89999999999367,196.40861657203274,-0.38423121596824217,0.1,-1.5765166949677223e-14,0.4842312159682264,53,2,141,77,51.00766213480342,48.296144190781625,42.892452830188766
186.99999999999366,196.50861657203274,0.09999999999999432,0.1,-5.689893001203927e-15,0.0,53,2,141,77,50.77188706756948,47.9098863950197,42.992452830188775
187.09999999999366,196.1356707222528,-0.3729458497799385,0.1,-1.454392162258955e-14,0.47294584977992393,52,2,142,76,50.59953717789478,48.09614419078162,43.796153846153935
187.19999999999365,196.2356707222528,0.09999999999999432,0.1,-5.689893001203927e-15,0.0,52,2,142,76,50.365036795751614,47.99614419078162,43.89615384615393
187.29999999999364,196.3356707222528,0.09999999999999432,0.1,-5.689893001203927e-15,0.0,52,2,142,77,50.105343742013275,47.89614419078162,43.99615384615394
187.39999999999364,196.43567072225278,0.09999999999999432,0.1,-5.689893001203927e-15,0.0,52,2,142,77,49.844875785338964,47.79614419078162,44.09615384615393
187.49999999999363,196.53567072225277,0.09999999999999432,0.1,-5.689893001203927e-15,0.0,52,2,144,78,49.58340309297971,47.69614419078162,44.19615384615393
187.59999999999363,196.63567072225277,0.09999999999999432,0.1,-5.689893001203927e-15,0.0,52,2,144,78,49.32256322157726,47.596144190781615,44.29615384615393
187.69999999999362,196.73567072225276,0.09999999999999432,0.1,-5.689893001203927e-15,0.0,52,2,144,78,49.06037105571669,47.496144190781614,44.39615384615392
187.79999999999362,196.83567072225276,0.09999999999999432,0.1,-5.689893001203927e-15,0.0,52,2,144,78,48.78419301509744,46.747917690175534,44.49615384615393
187.8999999999936,196.93567072225275,0.09999999999999432,0.1,-5.689893001203927e-15,0.0,52,2,145,78,48.50630266564484,46.64791769017553,44.596153846153925
187.9999999999936,197.03567072225275,0.09999999999999432,0.1,-5.689893001203927e-15,0.0,52,2,145,78,48.22689826602326,46.54791769017553,44.69615384615392
188.0999999999936,197.19567072225274,0.1599999999999966,0.1,0.059999999999996584,0.0,52,2,143,78,48.95343844340671,46.44791769017553,44.79615384615392
188.1999999999936,197.29567072225274,0.09999999999999432,0.1,-5.689893001203927e-15,0.0,52,2,143,78,48.61961611770201,46.34791769017553,44.896153846153915
188.2999999999936,197.44367072225273,0.14799999999999613,0.1,0.04799999999999613,0.0,52,2,142,78,49.223708677116015,46.24791769017553,44.99615384615391
188.39999999999358,197.54367072225273,0.09999999999999432,0.1,-5.689893001203927e-15,0.0,52,2,143,78,48.91494409321202,46.147917690175525,45.09615384615392
188.49999999999358,197.64367072225272,0.09999999999999432,0.1,-5.689893001203927e-15,0.0,52,2,143,78,48.58736330465744,46.047917690175524,45.19615384615391
188.59999999999357,197.74367072225272,0.09999999999999432,0.1,-5.689893001203927e-15,0.0,52,2,144,78,48.27301739164693,45.94791769017552,45.296153846153906
188.69999999999357,197.8860707222527,0.14239999999998076,0.1,0.04239999999998076,0.0,51,2,143,79,49.806634252286564,45.84791769017552,44.58039215686282
188.79999999999356,197.9860707222527,0.09999999999999432,0.1,-5.689893001203927e-15,0.0,51,2,142,79,49.05852795894284,45.84791769017552,43.298039215686345
188.89999999999355,198.1248707222527,0.13880000000000337,0.1,0.03880000000000336,0.0,51,2,141,80,49.53740495098856,46.2961441907816,43.39803921568634
188.99999999999355,198.2248707222527,0.09999999999999432,0.1,-5.689893001203927e-15,0.0,51,2,139,80,49.26541704106703,46.196144190781595,43.49803921568634
189.09999999999354,198.32487072225268,0.09999999999999432,0.1,-5.689893001203927e-15,0.0,51,2,138,80,48.99219294433113,46.096144190781594,43.598039215686335
189.19999999999354,198.45887072225267,0.13399999999998613,0.1,0.033999999999986125,0.0,50,2,138,80,50.3895687620746,46.078770095992276,43.030000000000065
189.29999999999353,198.55887072225266,0.09999999999999432,0.1,-5.689893001203927e-15,0.0,49,2,138,80,51.20731526723629,45.978770095992274,42.45306122448986
189.39999999999353,198.65887072225266,0.09999999999999432,0.1,-5.689893001203927e-15,0.0,48,2,138,80,52.03768091293903,45.91567296564818,42.09166666666672
189.49999999999352,198.81887072225265,0.1599999999999966,0.1,0.059999999999996584,0.0,48,2,137,80,53.053191655797555,45.815672965648176,42.19166666666671
189.5999999999935,198.91887072225265,0.09999999999999432,0.1,-5.689893001203927e-15,0.0,48,2,137,80,52.82500724043914,45.715672965648174,42.291666666666714
189.6999999999935,199.01887072225264,0.09999999999999432,0.1,-5.689893001203927e-15,0.0,48,2,138,79,52.60135513497764,45.61567296564817,42.391666666666715
189.7999999999935,199.11887072225264,0.09999999999999432,0.1,-5.689893001203927e-15,0.0,48,2,138,79,52.37703882712068,45.51567296564817,42.49166666666671
189.8999999999935,199.21887072225263,0.09999999999999432,0.1,-5.689893001203927e-15,0.0,48,2,138,79,52.10504687215652,45.41567296564817,42.59166666666671
189.9999999999935,199.31887072225263,0.09999999999999432,0.1,-5.689893001203927e-15,0.0,48,2,138,79,51.8368827390614,45.31567296564817,42.69166666666671
190.09999999999349,199.41887072225262,0.09999999999999432,0.1,-5.689893001203927e-15,0.0,48,2,138,79,51.56834367762033,45.21567296564817,42.79166666666671
190.19999999999348,199.51887072225261,0.09999999999999432,0.1,-5.689893001203927e-15,0.0,48,2,138,79,51.30034117961868,45.115672965648166,42.89166666666671
190.29999999999347,199.6614707222526,0.1425999999999874,0.1,0.0425999999999874,0.0,48,2,137,79,51.9193213203225,45.015672965648164,42.9916666666667
190.39999999999347,199.8214707222526,0.1599999999999966,0.1,0.059999999999996584,0.0,48,2,136,79,52.91385764952572,44.91567296564816,43.0916666666667
190.49999999999346,199.9214707222526,0.09999999999999432,0.1,-5.689893001203927e-15,0.0,49,2,136,78,51.05786638252023,44.77877009599226,42.31224489795922
190.59999999999346,200.0214707222526,0.09999999999999432,0.1,-5.689893001203927e-15,0.0,49,2,136,77,50.7849778076133,44.678770095992256,42.41224489795922
190.69999999999345,200.12147072225258,0.09999999999999432,0.1,-5.689893001203927e-15,0.0,49,2,136,78,50.46000146257166,44.49614419078157,42.51224489795921
190.79999999999345,200.2654707222526,0.14400000000000546,0.1,0.04400000000000545,0.0,49,2,135,78,51.035105123322296,44.47877009599225,42.612244897959215
190.89999999999344,200.36547072225258,0.09999999999999432,0.1,-5.689893001203927e-15,0.0,49,2,136,78,50.70850687773684,44.37877009599225,42.712244897959216
190.99999999999343,200.52547072225258,0.1599999999999966,0.1,0.059999999999996584,0.0,49,2,135,79,51.60934827791217,44.315672965648155,42.812244897959204
191.09999999999343,200.62547072225257,0.09999999999999432,0.1,-5.689893001203927e-15,0.0,49,2,135,79,51.31093452847661,44.21567296564815,42.912244897959205
191.19999999999342,200.72547072225257,0.09999999999999432,0.1,-5.689893001203927e-15,0.0,49,2,136,79,51.04866915462011,44.11567296564815,43.0122448979592
191.29999999999342,200.82547072225256,0.09999999999999432,0.1,-5.689893001203927e-15,0.0,49,2,136,80,50.791611390535614,44.01567296564815,43.1122448979592
191.3999999999934,200.98547072225256,0.1599999999999966,0.1,0.059999999999996584,0.0,49,2,135,80,51.759484862753624,43.91567296564815,43.2122448979592
191.4999999999934,201.08547072225255,0.09999999999999432,0.1,-5.689893001203927e-15,0.0,50,2,136,79,49.97047639703286,43.81567296564815,42.44800000000001
191.5999999999934,201.21167072225253,0.126199999999983,0.1,0.026199999999982987,0.0,50,2,135,79,50.21127557641886,43.715672965648146,42.54800000000001
191.6999999999934,201.41847072225252,0.206799999999987,0.1,0.10679999999998699,0.0,50,2,134,80,51.53138487594885,44.023483202865194,42.64200000000002
191.7999999999934,201.51847072225252,0.09999999999999432,0.1,-5.689893001203927e-15,0.0,50,2,134,80,51.2403936148322,43.92348320286519,42.742000000000004
191.89999999999338,201.6784707222525,0.1599999999999966,0.1,0.059999999999996584,0.0,49,2,134,80,53.218204649900876,43.82348320286519,42.10816326530613
191.99999999999338,201.7784707222525,0.09999999999999432,0.1,-5.689893001203927e-15,0.0,48,2,133,79,54.04029845072234,54.190839448800546,41.824999999999996
192.09999999999337,201.8784707222525,0.09999999999999432,0.1,-5.689893001203927e-15,0.0,48,2,134,78,53.767738160759315,54.090839448800544,41.925
192.19999999999337,202.0156707222525,0.1372000000000071,0.1,0.03720000000000709,0.0,48,2,134,78,54.27115194409868,55.038047745466855,42.025
192.29999999999336,202.1156707222525,0.09999999999999432,0.1,-5.689893001203927e-15,0.0,48,2,135,78,54.01279622532135,54.938047745466854,42.12499999999999
192.39999999999336,202.2156707222525,0.09999999999999432,0.1,-5.689893001203927e-15,0.0,48,2,138,78,53.73684224714851,54.83804774546685,42.224999999999994
192.49999999999335,202.3156707222525,0.09999999999999432,0.1,-5.689893001203927e-15,0.0,48,2,138,78,53.47390228865816,54.73804774546685,42.324999999999996
192.59999999999334,202.4156707222525,0.09999999999999432,0.1,-5.689893001203927e-15,0.0,47,2,139,79,54.39838577706585,54.63804774546685,41.66808510638297
192.69999999999334,202.51567072225248,0.09999999999999432,0.1,-5.689893001203927e-15,0.0,47,2,140,78,54.195502087197944,54.53804774546685,41.76808510638297
192.79999999999333,202.61567072225247,0.09999999999999432,0.1,-5.689893001203927e-15,0.0,47,2,140,78,53.99009194372275,54.43804774546685,41.86808510638297
192.89999999999333,202.77567072225247,0.1599999999999966,0.1,0.059999999999996584,0.0,47,2,140,78,54.99547333660099,54.338047745466845,41.96808510638297
192.99999999999332,202.90967072225246,0.13399999999998613,0.1,0.033999999999986125,0.0,47,2,141,77,55.466084588058635,54.238047745466844,42.068085106382966
193.09999999999332,203.09127072225246,0.1816000000000031,0.1,0.08160000000000309,0.0,48,2,138,77,55.225471354616396,55.641382063023514,41.29166666666665
193.1999999999933,203.29687072225246,0.205600000000004,0.1,0.105600000000004,0.0,48,2,135,77,57.14052468279298,55.54138206302351,41.39166666666665
193.2999999999933,203.39687072225246,0.09999999999999432,0.1,-5.689893001203927e-15,0.0,50,2,134,77,53.569262786165616,55.44138206302351,39.835999999999984
193.3999999999933,203.54187072225244,0.1449999999999818,0.1,0.044999999999981805,0.0,50,2,133,77,54.175511219901665,55.34138206302351,39.935999999999986
193.4999999999933,203.68347072225242,0.14159999999998263,0.1,0.04159999999998262,0.0,50,2,132,77,54.222358560241226,55.24138206302351,38.60999999999998
193.5999999999933,203.8070707222524,0.12359999999998195,0.1,0.02359999999998194,0.0,51,2,132,77,52.85018136180189,55.14138206302351,37.95294117647057
193.69999999999328,203.9670707222524,0.1599999999999966,0.1,0.059999999999996584,0.0,51,2,131,77,53.72790413726494,55.041382063023505,38.05294117647057
193.79999999999328,204.0670707222524,0.09999999999999432,0.1,-5.689893001203927e-15,0.0,51,2,132,77,53.429880124344535,54.941382063023504,38.15294117647056
193.89999999999327,204.2270707222524,0.1599999999999966,0.1,0.059999999999996584,0.0,51,2,132,78,54.314153608228956,54.8413820630235,38.252941176470564
193.99999999999326,204.3270707222524,0.09999999999999432,0.1,-5.689893001203927e-15,0.0,51,2,133,78,54.02396351485052,54.7413820630235,38.35294117647056
194.09999999999326,204.42707072225238,0.09999999999999432,0.1,-5.689893001203927e-15,0.0,51,2,133,78,53.73939776397756,54.6413820630235,38.45294117647056
194.19999999999325,204.52707072225238,0.09999999999999432,0.1,-5.689893001203927e-15,0.0,51,2,134,77,53.39124489182771,54.5413820630235,38.55294117647056
194.29999999999325,204.68547072225238,0.15840000000000032,0.1,0.05840000000000031,0.0,51,2,134,77,54.260412613103924,54.68799684545344,38.65294117647056
194.39999999999324,204.78547072225237,0.09999999999999432,0.1,-5.689893001203927e-15,0.0,51,2,134,77,53.92164005966071,54.58799684545344,38.75294117647056
194.49999999999324,204.88547072225236,0.09999999999999432,0.1,-5.689893001203927e-15,0.0,51,2,133,77,53.64889121803257,54.48799684545344,38.85294117647056
194.59999999999323,204.98547072225236,0.09999999999999432,0.1,-5.689893001203927e-15,0.0,51,2,134,78,53.30846006397244,54.387996845453436,38.95294117647055
194.69999999999322,205.08547072225235,0.09999999999999432,0.1,-5.689893001203927e-15,0.0,51,2,135,78,53.03964243821551,54.287996845453435,39.052941176470554
194.79999999999322,205.24547072225235,0.1599999999999966,0.1,0.059999999999996584,0.0,51,2,135,78,53.87947636495483,54.18799684545343,39.152941176470556
194.8999999999932,205.40547072225235,0.1599999999999966,0.1,0.059999999999996584,0.0,52,2,134,78,53.25053388085031,54.08799684545343,38.499999999999964
194.9999999999932,205.50547072225234,0.09999999999999432,0.1,-5.689893001203927e-15,0.0,52,2,135,77,52.911915758171375,53.98799684545343,38.599999999999966
195.0999999999932,205.62787072225234,0.12239999999999895,0.1,0.02239999999999895,0.0,52,2,135,77,53.07244725593634,53.88799684545343,38.69999999999996
195.1999999999932,205.72787072225233,0.09999999999999432,0.1,-5.689893001203927e-15,0.0,52,2,135,77,52.80030723106343,53.78799684545343,38.79999999999996
195.2999999999932,205.89387072225233,0.16599999999999682,0.1,0.06599999999999681,0.0,51,2,133,78,54.899126995883144,53.687996845453426,37.83921568627449
195.39999999999318,205.99387072225232,0.09999999999999432,0.1,-5.689893001203927e-15,0.0,52,2,134,78,53.12720787954124,54.026174615529854,37.21153846153844
195.49999999999318,206.09387072225232,0.09999999999999432,0.1,-5.689893001203927e-15,0.0,52,2,134,78,52.85250658945051,53.92617461552985,37.31153846153844
195.59999999999317,206.23427072225232,0.14039999999999964,0.1,0.04039999999999963,0.0,52,2,133,78,53.3733281311117,53.9914414014342,37.41153846153844
195.69999999999317,206.3862707222523,0.1519999999999868,0.1,0.05199999999998681,0.0,52,2,133,78,54.122068022683735,54.06440559291641,37.511538461538436
195.79999999999316,205.18057419225644,-1.205696529995862,0.1,6.661338147750939e-15,1.3056965299958687,51,2,134,78,52.369398258390646,53.62617461552985,37.5098039215686
195.89999999999316,205.28057419225644,0.09999999999999432,0.1,-5.689893001203927e-15,0.0,51,2,135,78,52.136352536843326,53.52617461552985,37.6098039215686
195.99999999999315,205.38057419225643,0.09999999999999432,0.1,-5.689893001203927e-15,0.0,51,2,135,78,51.91991436174734,53.426174615529845,37.7098039215686
196.09999999999314,205.48057419225643,0.09999999999999432,0.1,-5.689893001203927e-15,0.0,51,2,134,78,51.71184876180058,53.326174615529844,37.809803921568594
196.19999999999314,205.58057419225642,0.09999999999999432,0.1,-5.689893001203927e-15,0.0,51,2,135,78,51.503704730481275,53.22617461552984,37.909803921568596
196.29999999999313,205.68057419225642,0.09999999999999432,0.1,-5.689893001203927e-15,0.0,51,2,138,78,51.30102248785775,53.12617461552984,38.00980392156859
196.39999999999313,205.7805741922564,0.09999999999999432,0.1,-5.689893001203927e-15,0.0,50,2,138,78,52.15264216020909,53.19144140143419,37.19199999999998
196.49999999999312,205.8805741922564,0.09999999999999432,0.1,-5.689893001203927e-15,0.0,50,2,139,78,51.97228088254851,53.09144140143419,37.29199999999997
196.59999999999312,205.9805741922564,0.09999999999999432,0.1,-5.689893001203927e-15,0.0,50,2,139,78,51.80489939770584,52.99144140143419,37.39199999999997
196.6999999999931,206.0805741922564,0.09999999999999432,0.1,-5.689893001203927e-15,0.0,50,2,139,78,51.63904147996999,52.891441401434186,37.49199999999997
196.7999999999931,206.1805741922564,0.09999999999999432,0.1,-5.689893001203927e-15,0.0,50,2,140,78,51.47312356223415,52.791441401434184,37.59199999999997
196.8999999999931,206.28057419225638,0.09999999999999432,0.1,-5.689893001203927e-15,0.0,50,2,141,78,51.307145644498306,52.69144140143418,37.69199999999997
196.9999999999931,206.38057419225638,0.09999999999999432,0.1,-5.689893001203927e-15,0.0,50,2,141,78,51.14110772676246,52.59144140143418,37.791999999999966
197.0999999999931,206.54057419225637,0.1599999999999966,0.1,0.059999999999996584,0.0,50,2,140,78,52.175009809026626,52.66910887403999,37.89199999999997
197.19999999999308,206.64057419225637,0.09999999999999432,0.1,-5.689893001203927e-15,0.0,50,2,141,77,52.00885189129078,52.39144140143418,37.99199999999997
197.29999999999308,206.74057419225636,0.09999999999999432,0.1,-5.689893001203927e-15,0.0,50,2,142,78,51.84255941270464,52.29144140143418,38.09199999999996
197.39999999999307,206.84057419225635,0.09999999999999432,0.1,-5.689893001203927e-15,0.0,50,2,144,78,51.676024106720476,52.191441401434176,38.191999999999965
197.49999999999307,206.94057419225635,0.09999999999999432,0.1,-5.689893001203927e-15,0.0,49,2,144,77,52.594317319852955,52.091441401434174,37.459183673469354
197.59999999999306,207.04057419225634,0.09999999999999432,0.1,-5.689893001203927e-15,0.0,49,2,143,77,52.44149381050533,51.99144140143417,37.559183673469356
197.69999999999305,207.14057419225634,0.09999999999999432,0.1,-5.689893001203927e-15,0.0,49,2,145,77,52.28898274965298,51.89144140143417,37.65918367346936
197.79999999999305,207.24057419225633,0.09999999999999432,0.1,-5.689893001203927e-15,0.0,49,2,144,77,52.137021421486615,51.79144140143417,37.75918367346935
197.89999999999304,207.34057419225633,0.09999999999999432,0.1,-5.689893001203927e-15,0.0,49,2,145,77,51.98522987100356,51.69144140143417,37.85918367346935
197.99999999999304,207.44057419225632,0.09999999999999432,0.1,-5.689893001203927e-15,0.0,49,2,145,77,51.8332449288085,51.59144140143417,37.95918367346935
198.09999999999303,207.5943741922563,0.15379999999998972,0.1,0.05379999999998972,0.0,49,2,144,77,52.77908211575174,52.260239657056005,38.05918367346935
198.19999999999303,207.6943741922563,0.09999999999999432,0.1,-5.689893001203927e-15,0.0,49,2,144,77,52.62711961991565,52.160239657056,38.15918367346935
198.29999999999302,207.7943741922563,0.09999999999999432,0.1,-5.689893001203927e-15,0.0,49,2,144,77,52.475180540819075,52.060239657056,38.259183673469344
198.399999999993,207.8943741922563,0.09999999999999432,0.1,-5.689893001203927e-15,0.0,49,2,144,77,52.32209626096409,51.960239657056,38.359183673469346
198.499999999993,207.9943741922563,0.09999999999999432,0.1,-5.689893001203927e-15,0.0,49,2,146,77,52.15265629285938,51.860239657056,38.45918367346935
198.599999999993,208.09437419225628,0.09999999999999432,0.1,-5.689893001203927e-15,0.0,49,2,146,77,51.98318816142501,51.760239657056,38.55918367346935
198.699999999993,208.19437419225628,0.09999999999999432,0.1,-5.689893001203927e-15,0.0,49,2,146,77,51.81365647862331,51.660239657055996,38.65918367346934
198.799999999993,208.29437419225627,0.09999999999999432,0.1,-5.689893001203927e-15,0.0,49,2,147,77,51.64536026518375,51.560239657055995,38.759183673469344
198.89999999999299,208.39437419225627,0.09999999999999432,0.1,-5.689893001203927e-15,0.0,49,2,146,77,51.47706316591785,51.46023965705599,38.859183673469346
198.99999999999298,208.49437419225626,0.09999999999999432,0.1,-5.689893001203927e-15,0.0,49,2,147,77,51.30733920548886,51.36023965705599,38.95918367346934
199.09999999999297,208.59437419225625,0.09999999999999432,0.1,-5.689893001203927e-15,0.0,49,2,147,77,51.137550661384836,51.26023965705599,39.05918367346934
199.19999999999297,208.69437419225625,0.09999999999999432,0.1,-5.689893001203927e-15,0.0,49,2,147,77,50.96899640062935,51.16023965705599,39.15918367346934
199.29999999999296,208.79437419225624,0.09999999999999432,0.1,-5.689893001203927e-15,0.0,49,2,147,77,50.80045440340427,51.06023965705599,39.25918367346934
199.39999999999296,208.89437419225624,0.09999999999999432,0.1,-5.689893001203927e-15,0.0,49,2,148,77,50.63176848671765,50.960239657055986,39.35918367346934
199.49999999999295,208.99437419225623,0.09999999999999432,0.1,-5.689893001203927e-15,0.0,49,2,149,77,50.463104040512974,50.860239657055985,39.45918367346934
199.59999999999295,209.09437419225623,0.09999999999999432,0.1,-5.689893001203927e-15,0.0,49,2,149,77,50.29525445920859,50.76023965705598,39.55918367346934
199.69999999999294,209.19437419225622,0.09999999999999432,0.1,-5.689893001203927e-15,0.0,49,2,149,77,50.12759802250926,50.66023965705598,39.659183673469336
199.79999999999293,209.2943741922562,0.09999999999999432,0.1,-5.689893001203927e-15,0.0,49,2,150,77,49.95870850509257,50.56023965705598,39.75918367346933
199.89999999999293,209.3943741922562,0.09999999999999432,0.1,-5.689893001203927e-15,0.0,49,2,149,77,49.79046990917802,50.20756694110219,39.85918367346933
199.99999999999292,209.5543741922562,0.1599999999999966,0.1,0.059999999999996584,0.0,49,2,148,78,50.847288360467985,50.36023965705598,39.95918367346933
200.09999999999292,209.6543741922562,0.09999999999999432,0.1,-5.689893001203927e-15,0.0,50,2,147,78,49.163964675522784,50.260239657055976,39.25999999999995
200.1999999999929,209.7543741922562,0.09999999999999432,0.1,-5.689893001203927e-15,0.0,50,2,147,78,48.98855975323024,50.160239657055975,39.35999999999994
200.2999999999929,209.8543741922562,0.09999999999999432,0.1,-5.689893001203927e-15,0.0,50,2,147,78,48.814066026602426,50.06023965705597,39.459999999999944
200.3999999999929,209.95437419225618,0.09999999999999432,0.1,-5.689893001203927e-15,0.0,50,2,148,78,48.63922924783309,49.96023965705597,39.55999999999994
200.4999999999929,210.05437419225618,0.09999999999999432,0.1,-5.689893001203927e-15,0.0,50,2,148,78,48.464396259473006,49.86023965705597,39.65999999999994
200.5999999999929,210.18617419225617,0.13179999999999836,0.1,0.03179999999999836,0.0,50,2,147,78,48.92562023731136,49.76023965705597,39.75999999999994
200.69999999999288,210.28617419225617,0.09999999999999432,0.1,-5.689893001203927e-15,0.0,50,2,148,78,48.25229100557292,49.66023965705597,38.607999999999926
200.79999999999288,210.38617419225616,0.09999999999999432,0.1,-5.689893001203927e-15,0.0,50,2,149,78,48.06262881948543,49.560239657055966,38.70799999999993
200.89999999999287,210.48617419225616,0.09999999999999432,0.1,-5.689893001203927e-15,0.0,50,2,149,78,47.880625328319056,49.460239657055965,38.80799999999992
200.99999999999287,210.58617419225615,0.09999999999999432,0.1,-5.689893001203927e-15,0.0,50,2,151,78,47.6884240514561,49.36023965705596,38.90799999999992
201.09999999999286,210.68617419225615,0.09999999999999432,0.1,-5.689893001203927e-15,0.0,50,2,151,78,47.49594017314865,49.26023965705596,39.007999999999925
201.19999999999285,210.81357419225614,0.1273999999999944,0.1,0.0273999999999944,0.0,50,2,149,79,47.851295841807875,49.16023965705596,39.107999999999926
201.29999999999285,210.91357419225614,0.09999999999999432,0.1,-5.689893001203927e-15,0.0,50,2,149,79,47.66209619775899,49.06023965705596,39.20799999999993
201.39999999999284,211.01357419225613,0.09999999999999432,0.1,-5.689893001203927e-15,0.0,49,2,149,79,48.448164460328286,48.96023965705596,39.91020408163257
201.49999999999284,211.11357419225612,0.09999999999999432,0.1,-5.689893001203927e-15,0.0,48,2,148,79,49.32179450590866,49.02376101544201,38.3958333333333
201.59999999999283,211.21357419225612,0.09999999999999432,0.1,-5.689893001203927e-15,0.0,48,2,147,79,49.16097920403511,48.92376101544201,38.4958333333333
201.69999999999283,211.3135741922561,0.09999999999999432,0.1,-5.689893001203927e-15,0.0,48,2,147,79,49.00309195931191,48.82376101544201,38.595833333333296
201.79999999999282,211.4135741922561,0.09999999999999432,0.1,-5.689893001203927e-15,0.0,48,2,147,79,48.84531177406157,48.72376101544201,38.6958333333333
201.89999999999281,211.5135741922561,0.09999999999999432,0.1,-5.689893001203927e-15,0.0,48,2,147,79,48.670470457676366,48.62376101544201,38.7958333333333
201.9999999999928,211.6135741922561,0.09999999999999432,0.1,-5.689893001203927e-15,0.0,48,2,147,79,48.495281809147514,48.523761015442005,38.89583333333329
202.0999999999928,211.7135741922561,0.09999999999999432,0.1,-5.689893001203927e-15,0.0,47,2,147,79,49.39112592354014,48.423761015442004,38.20638297872337
202.1999999999928,211.81357419225608,0.09999999999999432,0.1,-5.689893001203927e-15,0.0,47,2,147,79,49.2290189837646,48.323761015442,38.30638297872337
202.2999999999928,211.91357419225608,0.09999999999999432,0.1,-5.689893001203927e-15,0.0,47,2,147,79,49.06686929991466,48.223761015442,38.40638297872337
202.3999999999928,212.01357419225607,0.09999999999999432,0.1,-5.689893001203927e-15,0.0,47,2,147,79,48.90476997107758,48.123761015442,38.506382978723366
202.49999999999278,212.11357419225607,0.09999999999999432,0.1,-5.689893001203927e-15,0.0,47,2,146,79,48.721238008851294,48.023761015442,38.60638297872337
202.59999999999278,212.21357419225606,0.09999999999999432,0.1,-5.689893001203927e-15,0.0,47,2,146,79,48.53909366489795,47.923761015442,38.70638297872336
202.69999999999277,212.31357419225606,0.09999999999999432,0.1,-5.689893001203927e-15,0.0,47,2,146,79,48.35693239874756,47.823761015441995,38.80638297872336
202.79999999999276,212.41357419225605,0.09999999999999432,0.1,-5.689893001203927e-15,0.0,47,2,146,78,48.17396723356465,47.723761015441994,38.906382978723364
202.89999999999276,212.51357419225604,0.09999999999999432,0.1,-5.689893001203927e-15,0.0,46,2,146,78,49.05601355185457,51.81213009541372,38.31086956521734
202.99999999999275,212.61357419225604,0.09999999999999432,0.1,-5.689893001203927e-15,0.0,46,2,146,78,48.83714509417557,51.71213009541372,38.41086956521734
203.09999999999275,212.71357419225603,0.09999999999999432,0.1,-5.689893001203927e-15,0.0,46,2,146,79,48.63493670499017,51.61213009541372,38.51086956521734
203.19999999999274,212.84737419225604,0.1338000000000079,0.1,0.03380000000000791,0.0,46,2,145,79,49.168046173085315,51.51213009541372,38.61086956521734
203.29999999999274,212.99437419225603,0.14699999999999136,0.1,0.046999999999991354,0.0,46,2,147,77,49.98914882499271,51.412130095413715,38.71086956521734
203.39999999999273,213.13297419225603,0.13859999999999673,0.1,0.03859999999999672,0.0,47,2,149,77,49.011683499187924,47.123761015441985,37.98723404255314
203.49999999999272,213.23297419225602,0.09999999999999432,0.1,-5.689893001203927e-15,0.0,48,2,149,77,47.23190040475612,47.023761015441984,37.295833333333285
203.59999999999272,212.88730037080717,-0.3456738214488553,0.1,0.02899999999997993,0.4746738214488352,46,2,148,78,48.605837042758715,51.11213009541371,37.795652173912984
203.6999999999927,212.98730037080716,0.09999999999999432,0.1,-5.689893001203927e-15,0.0,44,2,147,78,50.58380887337114,56.66191741171711,38.62954545454539
203.7999999999927,213.14730037080716,0.1599999999999966,0.1,0.059999999999996584,0.0,44,2,146,78,51.69881538365166,56.56191741171711,38.72954545454539
203.8999999999927,213.30730037080716,0.1599999999999966,0.1,0.059999999999996584,0.0,44,2,145,78,52.82488443179905,56.46191741171711,38.82954545454539
203.9999999999927,213.40730037080715,0.09999999999999432,0.1,-5.689893001203927e-15,0.0,45,2,145,78,50.85458122180487,55.193003708859,38.0666666666666
204.0999999999927,213.50730037080714,0.09999999999999432,0.1,-5.689893001203927e-15,0.0,45,2,147,78,50.610536149132955,54.69197976715576,38.16666666666659
204.19999999999268,213.66730037080714,0.1599999999999966,0.1,0.059999999999996584,0.0,45,2,146,77,51.70129946455441,56.161917411717106,38.266666666666595
204.29999999999268,213.76730037080713,0.09999999999999432,0.1,-5.689893001203927e-15,0.0,45,2,145,78,51.458862101048496,56.061917411717104,38.366666666666596
204.39999999999267,213.88990037080714,0.1226000000000056,0.1,0.022600000000005588,0.0,45,2,144,79,51.710028794088366,55.9619174117171,38.4666666666666
204.49999999999267,213.98990037080713,0.09999999999999432,0.1,-5.689893001203927e-15,0.0,45,2,144,78,51.470921327016136,55.8619174117171,38.56666666666659
204.59999999999266,214.14950037080712,0.1595999999999833,0.1,0.059599999999983305,0.0,45,2,142,79,52.554407315169385,55.7619174117171,38.66666666666659
204.69999999999266,214.35690037080713,0.2074000000000069,0.1,0.1074000000000069,0.0,46,2,140,79,52.96590881127235,56.069034304055904,37.926086956521665
204.79999999999265,214.45690037080712,0.09999999999999432,0.1,-5.689893001203927e-15,0.0,47,2,140,79,51.06154801110366,55.5619174117171,37.219148936170136
204.89999999999264,214.5569003708071,0.09999999999999432,0.1,-5.689893001203927e-15,0.0,47,2,140,79,50.80324599098128,55.461917411717096,37.31914893617014
204.99999999999264,214.6569003708071,0.09999999999999432,0.1,-5.689893001203927e-15,0.0,47,2,139,79,50.547515893807166,55.361917411717094,37.41914893617014
205.09999999999263,214.7569003708071,0.09999999999999432,0.1,-5.689893001203927e-15,0.0,47,2,139,79,50.30010804390946,55.26191741171709,37.51914893617014
205.19999999999263,214.9169003708071,0.1599999999999966,0.1,0.059999999999996584,0.0,47,2,138,79,51.33514783050959,55.16191741171709,37.619148936170134
205.29999999999262,215.0169003708071,0.09999999999999432,0.1,-5.689893001203927e-15,0.0,48,2,138,80,49.50829766294589,55.06191741171709,36.93541666666659
205.39999999999262,215.1769003708071,0.1599999999999966,0.1,0.059999999999996584,0.0,48,2,137,80,50.49876037861144,55.369034304055894,37.035416666666585
205.4999999999926,215.27690037080708,0.09999999999999432,0.1,-5.689893001203927e-15,0.0,48,2,138,80,50.246843416241056,55.26903430405589,37.135416666666586
205.5999999999926,215.37690037080708,0.09999999999999432,0.1,-5.689893001203927e-15,0.0,48,2,138,80,50.002734941632234,55.16903430405589,37.23541666666659
205.6999999999926,215.47690037080707,0.09999999999999432,0.1,-5.689893001203927e-15,0.0,48,2,138,80,49.75938431691187,54.661917411717084,37.33541666666658
205.7999999999926,215.57690037080707,0.09999999999999432,0.1,-5.689893001203927e-15,0.0,48,2,139,80,49.51779279975639,54.56191741171708,37.43541666666658
205.8999999999926,215.67690037080706,0.09999999999999432,0.1,-5.689893001203927e-15,0.0,48,2,138,80,49.282735369013466,54.46191741171708,37.535416666666585
205.99999999999258,215.77690037080706,0.09999999999999432,0.1,-5.689893001203927e-15,0.0,48,2,138,80,49.04588504765436,54.36191741171708,37.63541666666658
206.09999999999258,215.87690037080705,0.09999999999999432,0.1,-5.689893001203927e-15,0.0,48,2,138,79,48.81704579322075,54.26191741171708,37.73541666666658
206.19999999999257,215.97690037080704,0.09999999999999432,0.1,-5.689893001203927e-15,0.0,48,2,139,79,48.59303604110956,54.16191741171708,37.83541666666658
206.29999999999256,216.10450037080705,0.12760000000000105,0.1,0.02760000000000104,0.0,48,2,138,79,48.94354292221211,54.061917411717076,37.935416666666576
206.39999999999256,216.20450037080704,0.09999999999999432,0.1,-5.689893001203927e-15,0.0,48,2,138,79,48.723686730208065,53.961917411717074,38.03541666666658
206.49999999999255,216.36450037080704,0.1599999999999966,0.1,0.059999999999996584,0.0,48,2,137,79,49.74672746759473,53.86191741171707,38.13541666666658
206.59999999999255,216.46450037080703,0.09999999999999432,0.1,-5.689893001203927e-15,0.0,49,2,137,78,48.0002417713733,48.11213009541367,37.45714285714276
206.69999999999254,216.56450037080702,0.09999999999999432,0.1,-5.689893001203927e-15,0.0,48,2,137,79,48.77158444143179,53.66191741171707,38.268749999999905
206.79999999999254,216.66450037080702,0.09999999999999432,0.1,-5.689893001203927e-15,0.0,48,2,137,79,48.548369781645256,53.56191741171707,38.368749999999906
206.89999999999253,216.764500370807,0.09999999999999432,0.1,-5.689893001203927e-15,0.0,48,2,137,79,48.34324151508772,53.46191741171707,38.46874999999991
206.99999999999253,216.864500370807,0.09999999999999432,0.1,-5.689893001203927e-15,0.0,47,2,137,79,49.197061721822514,53.361917411717066,37.527659574468004
207.09999999999252,216.964500370807,0.09999999999999432,0.1,-5.689893001203927e-15,0.0,47,2,137,80,49.01629360198505,53.16354193621416,37.627659574468005
207.1999999999925,217.064500370807,0.09999999999999432,0.1,-5.689893001203927e-15,0.0,47,2,137,80,48.83458977295373,52.39702963204253,37.727659574468
207.2999999999925,217.164500370807,0.09999999999999432,0.1,-5.689893001203927e-15,0.0,47,2,136,80,48.64410646314561,51.65595730392812,37.827659574468
207.3999999999925,217.26450037080699,0.09999999999999432,0.1,-5.689893001203927e-15,0.0,47,2,135,80,48.47250915147301,50.91899247182808,37.927659574468
207.4999999999925,217.36450037080698,0.09999999999999432,0.1,-5.689893001203927e-15,0.0,47,2,136,79,48.31422774648646,50.18558458965465,38.027659574468
207.5999999999925,217.46450037080697,0.09999999999999432,0.1,-5.689893001203927e-15,0.0,47,2,136,79,48.16210726636505,49.44060741865488,38.127659574468
207.69999999999249,217.58470037080696,0.12019999999998277,0.1,0.02019999999998276,0.0,47,2,134,79,48.43238619056847,48.7076545492117,38.22765957446799
207.79999999999248,217.68470037080695,0.09999999999999432,0.1,-5.689893001203927e-15,0.0,47,2,134,79,48.27960128406072,47.93344933805392,38.327659574467994
207.89999999999247,217.78470037080695,0.09999999999999432,0.1,-5.689893001203927e-15,0.0,47,2,135,79,48.117876598101994,47.16069731485822,38.427659574467995
207.99999999999247,217.88470037080694,0.09999999999999432,0.1,-5.689893001203927e-15,0.0,47,2,135,79,47.96500081346043,46.71213009541365,38.52765957446799
208.09999999999246,217.98470037080693,0.09999999999999432,0.1,-5.689893001203927e-15,0.0,47,2,136,79,47.811860274883585,46.61213009541365,38.62765957446799
208.19999999999246,218.08470037080693,0.09999999999999432,0.1,-5.689893001203927e-15,0.0,47,2,135,77,47.659329580371434,46.512130095413646,38.72765957446799
208.29999999999245,218.18470037080692,0.09999999999999432,0.1,-5.689893001203927e-15,0.0,47,2,135,77,47.50652352262676,46.412130095413644,38.827659574467994
208.39999999999245,218.3375003708069,0.15279999999998495,0.1,0.05279999999998494,0.0,47,2,134,76,48.44051063823188,51.961917411717046,38.92765957446799
208.49999999999244,218.4825003708069,0.1449999999999818,0.1,0.044999999999981805,0.0,47,2,133,76,49.222821317783904,51.861917411717045,39.02765957446799
208.59999999999243,218.58250037080688,0.09999999999999432,0.1,-5.689893001203927e-15,0.0,48,2,134,76,47.483529141579965,51.76191741171704,38.31458333333324
208.69999999999243,218.74250037080688,0.1599999999999966,0.1,0.059999999999996584,0.0,48,2,134,77,48.53481567152173,51.66191741171704,38.41458333333323
208.79999999999242,218.89390037080688,0.15139999999999532,0.1,0.05139999999999531,0.0,49,2,134,77,47.888420428982826,51.56191741171704,37.73061224489786
208.89999999999242,218.99390037080687,0.09999999999999432,0.1,-5.689893001203927e-15,0.0,49,2,134,78,47.69050737310317,51.46191741171704,37.830612244897864
208.9999999999924,219.09390037080686,0.09999999999999432,0.1,-5.689893001203927e-15,0.0,49,2,134,78,47.49381211742538,51.36191741171704,37.93061224489786
209.0999999999924,219.19390037080686,0.09999999999999432,0.1,-5.689893001203927e-15,0.0,49,2,135,78,47.29742276764051,51.261917411717036,38.03061224489786
209.1999999999924,219.31630037080686,0.12239999999999895,0.1,0.02239999999999895,0.0,49,2,134,78,47.5586574772489,51.56903430405584,38.13061224489786
209.2999999999924,219.41630037080685,0.09999999999999432,0.1,-5.689893001203927e-15,0.0,48,2,134,78,48.350994647035606,51.64132642921666,38.4312499999999
209.3999999999924,219.51630037080685,0.09999999999999432,0.1,-5.689893001203927e-15,0.0,48,2,136,78,48.15184230182814,51.54132642921666,38.53124999999989
209.49999999999238,219.61630037080684,0.09999999999999432,0.1,-5.689893001203927e-15,0.0,48,2,137,79,47.95889496731575,51.44132642921666,38.631249999999895
209.59999999999238,219.71630037080683,0.09999999999999432,0.1,-5.689893001203927e-15,0.0,48,2,137,80,47.77176040685209,51.34132642921666,38.731249999999896
209.69999999999237,219.81630037080683,0.09999999999999432,0.1,-5.689893001203927e-15,0.0,48,2,139,80,47.58288792773909,51.241326429216656,38.83124999999989
209.79999999999237,219.91630037080682,0.09999999999999432,0.1,-5.689893001203927e-15,0.0,48,2,139,80,47.398471332808896,51.141326429216655,38.93124999999989
209.89999999999236,220.03690037080682,0.12059999999999604,0.1,0.020599999999996038,0.0,48,2,138,80,47.637440993492596,51.04132642921665,39.03124999999989
209.99999999999235,220.1369003708068,0.09999999999999432,0.1,-5.689893001203927e-15,0.0,48,2,140,81,47.451501950664,50.94132642921665,39.13124999999989
210.09999999999235,220.2369003708068,0.09999999999999432,0.1,-5.689893001203927e-15,0.0,48,2,140,80,47.26021159773078,50.84132642921665,39.23124999999989
210.19999999999234,220.3577003708068,0.12080000000000268,0.1,0.020800000000002677,0.0,47,2,139,79,48.52859683852287,50.74132642921665,39.74680851063818
210.29999999999234,220.51030037080682,0.15260000000000673,0.1,0.052600000000006725,0.0,47,2,138,79,49.42565183776793,50.64132642921665,39.84680851063818
210.39999999999233,220.6103003708068,0.09999999999999432,0.1,-5.689893001203927e-15,0.0,48,2,138,79,47.59892316807096,50.541326429216646,39.11666666666655
210.49999999999233,220.8303003708068,0.21999999999999886,0.1,0.11999999999999886,0.0,48,2,137,79,49.826589087470616,51.04172137091463,39.21666666666655
210.59999999999232,221.0503003708068,0.21999999999999886,0.1,0.11999999999999886,0.0,48,2,137,79,51.576035690828554,50.94172137091463,37.07291666666659
210.69999999999231,221.1503003708068,0.09999999999999432,0.1,-5.689893001203927e-15,0.0,49,2,138,80,49.7450515377552,50.24132642921664,36.41632653061217
210.7999999999923,221.3021003708068,0.1518000000000086,0.1,0.05180000000000859,0.0,49,2,137,80,50.54587162185542,50.14132642921664,36.51632653061217
210.8999999999923,221.4021003708068,0.09999999999999432,0.1,-5.689893001203927e-15,0.0,50,2,137,80,48.81172704999676,50.641721370914624,35.885999999999925
210.9999999999923,221.5021003708068,0.09999999999999432,0.1,-5.689893001203927e-15,0.0,50,2,138,80,48.577002036317744,50.54172137091462,35.98599999999992
211.0999999999923,221.6021003708068,0.09999999999999432,0.1,-5.689893001203927e-15,0.0,50,2,138,80,48.353721868401244,50.44172137091462,36.08599999999992
211.1999999999923,221.7021003708068,0.09999999999999432,0.1,-5.689893001203927e-15,0.0,50,2,138,80,48.13815323793399,50.34172137091462,36.18599999999992
211.29999999999228,221.80210037080678,0.09999999999999432,0.1,-5.689893001203927e-15,0.0,50,2,137,80,47.94082326656239,50.24172137091462,36.28599999999992
211.39999999999227,221.90210037080678,0.09999999999999432,0.1,-5.689893001203927e-15,0.0,50,2,137,81,47.7458161579028,50.14172137091462,36.385999999999925
211.49999999999227,222.00210037080677,0.09999999999999432,0.1,-5.689893001203927e-15,0.0,50,2,137,81,47.55073128433415,50.041721370914615,36.48599999999992
211.59999999999226,222.10210037080677,0.09999999999999432,0.1,-5.689893001203927e-15,0.0,50,2,137,81,47.35864778776187,49.941721370914614,36.58599999999992
211.69999999999226,222.20210037080676,0.09999999999999432,0.1,-5.689893001203927e-15,0.0,50,2,136,81,47.167490653874076,49.84172137091461,36.685999999999915
211.79999999999225,222.30210037080676,0.09999999999999432,0.1,-5.689893001203927e-15,0.0,50,2,136,80,46.975071221027264,49.74172137091461,36.785999999999916
211.89999999999225,222.40210037080675,0.09999999999999432,0.1,-5.689893001203927e-15,0.0,50,2,139,79,46.7837316339048,49.64172137091461,36.88599999999992
211.99999999999224,222.50210037080674,0.09999999999999432,0.1,-5.689893001203927e-15,0.0,50,2,139,79,46.59312921186734,49.54172137091461,36.98599999999992
212.09999999999224,222.60210037080674,0.09999999999999432,0.1,-5.689893001203927e-15,0.0,50,2,139,79,46.380280292327015,49.44172137091461,37.08599999999992
212.19999999999223,222.75690037080673,0.1547999999999945,0.1,0.05479999999999449,0.0,50,2,138,80,47.26642610470214,49.1312054109098,37.185999999999915
212.29999999999222,222.85690037080673,0.09999999999999432,0.1,-5.689893001203927e-15,0.0,50,2,138,80,47.05987649988668,48.64132642921662,37.285999999999916
212.39999999999222,222.95690037080672,0.09999999999999432,0.1,-5.689893001203927e-15,0.0,49,2,139,80,47.807015652845955,48.54132642921662,37.40204081632644
212.4999999999922,223.05690037080672,0.09999999999999432,0.1,-5.689893001203927e-15,0.0,49,2,139,79,47.605779227674546,48.441326429216616,37.502040816326435
212.5999999999922,223.2169003708067,0.1599999999999966,0.1,0.059999999999996584,0.0,49,2,139,79,48.318589508664964,48.341326429216615,37.602040816326436
212.6999999999922,223.3769003708067,0.1599999999999966,0.1,0.059999999999996584,0.0,49,2,137,79,48.133262634467584,48.24132642921661,37.70204081632644
212.7999999999922,223.5369003708067,0.1599999999999966,0.1,0.059999999999996584,0.0,49,2,136,79,49.165248966896556,48.7417213709146,37.80204081632644
212.8999999999922,223.6369003708067,0.09999999999999432,0.1,-5.689893001203927e-15,0.0,49,2,137,79,48.97663440949327,48.641721370914595,37.90204081632643
212.99999999999218,223.7369003708067,0.09999999999999432,0.1,-5.689893001203927e-15,0.0,49,2,137,79,48.78812675453671,48.541721370914594,38.002040816326435
213.09999999999218,223.8369003708067,0.09999999999999432,0.1,-5.689893001203927e-15,0.0,49,2,138,79,48.60264273814704,48.44172137091459,38.102040816326436
213.19999999999217,223.93690037080668,0.09999999999999432,0.1,-5.689893001203927e-15,0.0,49,2,138,79,48.41777484913737,48.34172137091459,38.20204081632644
213.29999999999217,224.03690037080668,0.09999999999999432,0.1,-5.689893001203927e-15,0.0,49,2,139,79,48.23057805589643,48.24172137091459,38.30204081632643
213.39999999999216,224.13690037080667,0.09999999999999432,0.1,-5.689893001203927e-15,0.0,49,2,140,79,48.04571811319561,48.14172137091459,38.40204081632643
213.49999999999216,224.23690037080667,0.09999999999999432,0.1,-5.689893001203927e-15,0.0,49,2,140,79,47.86145138693191,48.04172137091459,38.50204081632643
213.59999999999215,224.33690037080666,0.09999999999999432,0.1,-5.689893001203927e-15,0.0,49,2,141,79,47.67442862706909,47.941721370914586,38.602040816326436
213.69999999999214,224.43690037080665,0.09999999999999432,0.1,-5.689893001203927e-15,0.0,49,2,142,79,47.488585528339904,47.841721370914584,38.70204081632643
213.79999999999214,224.53690037080665,0.09999999999999432,0.1,-5.689893001203927e-15,0.0,49,2,141,79,47.302706301755784,47.74172137091458,38.802040816326425
213.89999999999213,224.63690037080664,0.09999999999999432,0.1,-5.689893001203927e-15,0.0,49,2,141,79,47.11677908217394,47.64172137091458,38.902040816326426
213.99999999999213,224.73690037080664,0.09999999999999432,0.1,-5.689893001203927e-15,0.0,49,2,143,78,46.92769566695314,47.54172137091458,39.00204081632643
214.09999999999212,224.83690037080663,0.09999999999999432,0.1,-5.689893001203927e-15,0.0,49,2,143,77,46.74757701867075,47.44172137091458,39.10204081632643
214.19999999999212,224.93690037080663,0.09999999999999432,0.1,-5.689893001203927e-15,0.0,48,2,143,76,47.52969954273893,48.63997975908207,39.80416666666656
214.2999999999921,225.09690037080662,0.1599999999999966,0.1,0.059999999999996584,0.0,48,2,142,75,48.607251906475334,48.539979759082065,39.90416666666656
214.3999999999921,225.19690037080662,0.09999999999999432,0.1,-5.689893001203927e-15,0.0,48,2,143,75,48.44021055112868,48.357935807157965,40.004166666666556
214.4999999999921,225.2969003708066,0.09999999999999432,0.1,-5.689893001203927e-15,0.0,48,2,144,75,48.23732830672592,47.866343217525696,40.10416666666656
214.5999999999921,225.4285003708066,0.13159999999999172,0.1,0.03159999999999172,0.0,48,2,143,74,48.71475316819567,47.92143742890475,40.20416666666656
214.6999999999921,225.5285003708066,0.09999999999999432,0.1,-5.689893001203927e-15,0.0,47,2,143,74,49.575417767977186,47.54282780143578,39.570212765957336
214.79999999999208,225.6885003708066,0.1599999999999966,0.1,0.059999999999996584,0.0,47,2,142,73,50.68564536075166,48.03997975908206,39.67021276595734
214.89999999999208,225.7885003708066,0.09999999999999432,0.1,-5.689893001203927e-15,0.0,47,2,142,73,50.52427210274255,47.93997975908206,39.77021276595734
214.99999999999207,225.88850037080658,0.09999999999999432,0.1,-5.689893001203927e-15,0.0,47,2,143,72,50.36275515138496,47.839979759082055,39.87021276595733
215.09999999999206,225.98850037080658,0.09999999999999432,0.1,-5.689893001203927e-15,0.0,47,2,142,72,50.205955656577736,47.739979759082054,39.970212765957335
215.19999999999206,226.13990037080657,0.15139999999999532,0.1,0.05139999999999531,0.0,47,2,141,72,51.14053263303713,47.63997975908205,40.070212765957336
215.29999999999205,226.23990037080657,0.09999999999999432,0.1,-5.689893001203927e-15,0.0,47,2,141,70,50.984456390046894,47.53997975908205,40.17021276595733
215.39999999999205,226.33990037080656,0.09999999999999432,0.1,-5.689893001203927e-15,0.0,47,2,141,71,50.830066035958446,47.43997975908205,40.27021276595733
215.49999999999204,226.43990037080655,0.09999999999999432,0.1,-5.689893001203927e-15,0.0,47,2,141,71,50.68095059994129,47.33997975908205,40.37021276595733
215.59999999999204,226.53990037080655,0.09999999999999432,0.1,-5.689893001203927e-15,0.0,47,2,141,71,50.53299860513008,47.23997975908205,40.47021276595733
215.69999999999203,226.69170037080656,0.1518000000000086,0.1,0.05180000000000859,0.0,47,2,140,72,51.487331264103226,47.139979759082046,40.57021276595733
215.79999999999202,226.79170037080655,0.09999999999999432,0.1,-5.689893001203927e-15,0.0,48,2,140,72,49.746376245144035,47.18270142948853,39.82499999999988
215.89999999999202,226.89170037080655,0.09999999999999432,0.1,-5.689893001203927e-15,0.0,48,2,140,71,49.585521216330825,47.08270142948853,39.92499999999988
215.999999999992,226.99170037080654,0.09999999999999432,0.1,-5.689893001203927e-15,0.0,48,2,141,71,49.42699128923832,46.98270142948853,40.024999999999885
216.099999999992,227.09170037080654,0.09999999999999432,0.1,-5.689893001203927e-15,0.0,48,2,141,71,49.21937731903477,46.88270142948853,40.12499999999988
216.199999999992,227.31170037080653,0.21999999999999886,0.1,0.11999999999999886,0.0,48,2,140,71,51.512592174696955,46.782701429488526,40.22499999999988
216.299999999992,227.41170037080653,0.09999999999999432,0.1,-5.689893001203927e-15,0.0,49,2,142,71,49.72946466014731,46.682701429488525,39.50408163265295
216.399999999992,227.5627003708065,0.15099999999998204,0.1,0.05099999999998203,0.0,49,2,141,71,50.54471541714904,46.58270142948852,39.60408163265294
216.49999999999199,227.6627003708065,0.09999999999999432,0.1,-5.689893001203927e-15,0.0,49,2,141,70,50.33194815756988,46.48270142948852,39.704081632652944
216.59999999999198,227.7627003708065,0.09999999999999432,0.1,-5.689893001203927e-15,0.0,49,2,141,70,50.13914913451018,46.38270142948852,39.804081632652945
216.69999999999197,227.8627003708065,0.09999999999999432,0.1,-5.689893001203927e-15,0.0,49,2,141,70,49.89805808828435,46.28270142948852,39.90408163265295
216.79999999999197,227.9627003708065,0.09999999999999432,0.1,-5.689893001203927e-15,0.0,49,2,141,70,49.672016911828365,46.18270142948852,40.00408163265294
216.89999999999196,228.06270037080648,0.09999999999999432,0.1,-5.689893001203927e-15,0.0,49,2,141,70,49.45011269545264,45.93997975908203,40.10408163265294
216.99999999999196,228.16270037080648,0.09999999999999432,0.1,-5.689893001203927e-15,0.0,49,2,141,70,49.23167742331976,45.83997975908203,40.204081632652944
217.09999999999195,228.26270037080647,0.09999999999999432,0.1,-5.689893001203927e-15,0.0,49,2,141,71,49.03709152966415,45.739979759082026,40.304081632652945
217.19999999999195,228.36270037080646,0.09999999999999432,0.1,-5.689893001203927e-15,0.0,49,2,141,71,48.85750135525745,45.639979759082024,40.40408163265294
217.29999999999194,228.46270037080646,0.09999999999999432,0.1,-5.689893001203927e-15,0.0,49,2,141,71,48.679121634961575,45.53997975908202,40.50408163265294
217.39999999999193,228.56270037080645,0.09999999999999432,0.1,-5.689893001203927e-15,0.0,49,2,140,71,48.50247433927101,45.43997975908202,40.604081632652935
217.49999999999193,228.66270037080645,0.09999999999999432,0.1,-5.689893001203927e-15,0.0,49,2,140,72,48.325967611884764,45.33997975908202,40.704081632652944
217.59999999999192,228.76270037080644,0.09999999999999432,0.1,-5.689893001203927e-15,0.0,49,2,140,72,48.14814125231002,45.23997975908202,40.80408163265294
217.69999999999192,228.86270037080644,0.09999999999999432,0.1,-5.689893001203927e-15,0.0,49,2,140,72,47.97015852409386,45.13997975908202,40.90408163265294
217.7999999999919,228.96270037080643,0.09999999999999432,0.1,-5.689893001203927e-15,0.0,49,2,140,72,47.79359057221782,45.039979759082016,41.004081632652934
217.8999999999919,229.06270037080643,0.09999999999999432,0.1,-5.689893001203927e-15,0.0,49,2,140,71,47.61700221217852,44.939979759082014,41.104081632652935
217.9999999999919,229.16270037080642,0.09999999999999432,0.1,-5.689893001203927e-15,0.0,49,2,141,72,47.44291769088517,44.83997975908201,41.20408163265294
218.0999999999919,229.32270037080642,0.1599999999999966,0.1,0.059999999999996584,0.0,49,2,141,72,48.498400613587,44.8827014294885,41.30408163265294
218.1999999999919,229.48190037080641,0.15919999999999845,0.1,0.05919999999999845,0.0,49,2,140,72,49.54274498663209,44.7827014294885,41.40408163265293
218.29999999999188,229.5819003708064,0.09999999999999432,0.1,-5.689893001203927e-15,0.0,49,2,139,72,49.37331499900992,44.682701429488496,41.504081632652934
218.39999999999188,229.6819003708064,0.09999999999999432,0.1,-5.689893001203927e-15,0.0,49,2,139,73,49.20265531015861,44.582701429488495,41.604081632652935
218.49999999999187,229.7819003708064,0.09999999999999432,0.1,-5.689893001203927e-15,0.0,49,2,139,73,49.03267898666567,44.48270142948849,41.70408163265294
218.59999999999187,229.9873003708064,0.20539999999999736,0.1,0.10539999999999736,0.0,49,2,137,72,51.0135942014851,44.38270142948849,41.80408163265293
218.69999999999186,230.0873003708064,0.09999999999999432,0.1,-5.689893001203927e-15,0.0,50,2,138,72,49.332036166104125,45.88382396403853,41.06799999999988
218.79999999999185,230.18730037080638,0.09999999999999432,0.1,-5.689893001203927e-15,0.0,50,2,139,72,49.15417451091327,45.783823964038525,41.16799999999987
218.89999999999185,230.28730037080638,0.09999999999999432,0.1,-5.689893001203927e-15,0.0,50,2,140,72,48.98777168952129,45.683823964038524,41.26799999999987
218.99999999999184,230.38730037080637,0.09999999999999432,0.1,-5.689893001203927e-15,0.0,50,2,140,72,48.82995040898903,45.58382396403852,41.367999999999874
219.09999999999184,230.48730037080637,0.09999999999999432,0.1,-5.689893001203927e-15,0.0,50,2,140,72,48.67771761581607,45.48382396403852,41.467999999999876
219.19999999999183,230.58730037080636,0.09999999999999432,0.1,-5.689893001203927e-15,0.0,50,2,141,73,48.5322977214154,45.38382396403852,41.56799999999988
219.29999999999183,230.68730037080635,0.09999999999999432,0.1,-5.689893001203927e-15,0.0,50,2,142,73,48.37440012250667,45.28382396403852,41.66799999999987
219.39999999999182,230.78730037080635,0.09999999999999432,0.1,-5.689893001203927e-15,0.0,50,2,143,73,48.21687400719991,45.18382396403852,41.76799999999987
219.49999999999181,230.88730037080634,0.09999999999999432,0.1,-5.689893001203927e-15,0.0,50,2,143,73,48.05887749863772,45.083823964038515,41.867999999999874
219.5999999999918,230.98730037080634,0.09999999999999432,0.1,-5.689893001203927e-15,0.0,50,2,143,72,47.90118018650616,44.983823964038514,41.967999999999876
219.6999999999918,231.08730037080633,0.09999999999999432,0.1,-5.689893001203927e-15,0.0,50,2,143,73,47.742689310571976,44.88382396403851,42.06799999999988
219.7999999999918,231.18730037080633,0.09999999999999432,0.1,-5.689893001203927e-15,0.0,50,2,144,74,47.53888353128016,44.78382396403851,42.16799999999987
219.8999999999918,231.28730037080632,0.09999999999999432,0.1,-5.689893001203927e-15,0.0,50,2,143,74,47.33531220445447,44.68382396403851,42.267999999999866
219.9999999999918,231.38730037080632,0.09999999999999432,0.1,-5.689893001203927e-15,0.0,50,2,143,74,47.13302445025525,44.26057866995259,42.36799999999987
220.09999999999178,231.4873003708063,0.09999999999999432,0.1,-5.689893001203927e-15,0.0,50,2,143,74,46.931335315241675,43.533578669952576,42.46799999999987
220.19999999999177,231.5873003708063,0.09999999999999432,0.1,-5.689893001203927e-15,0.0,50,2,143,74,46.736401231089886,42.80557866995257,42.56799999999986
220.29999999999177,231.6873003708063,0.09999999999999432,0.1,-5.689893001203927e-15,0.0,50,2,145,74,46.54412097919597,42.68270142948847,42.667999999999864
220.39999999999176,231.7873003708063,0.09999999999999432,0.1,-5.689893001203927e-15,0.0,50,2,145,73,46.3578844208718,42.582701429488466,42.767999999999866
220.49999999999176,231.8873003708063,0.09999999999999432,0.1,-5.689893001203927e-15,0.0,49,2,146,73,47.125253523296124,42.482701429488465,42.842857142857
220.59999999999175,231.98730037080628,0.09999999999999432,0.1,-5.689893001203927e-15,0.0,49,2,147,73,46.957734695239225,42.38270142948846,42.942857142857
220.69999999999175,232.08730037080628,0.09999999999999432,0.1,-5.689893001203927e-15,0.0,49,2,148,73,46.789102361633226,42.28270142948846,43.042857142857
220.79999999999174,232.18730037080627,0.09999999999999432,0.1,-5.689893001203927e-15,0.0,49,2,149,73,46.62022825592581,42.18270142948846,43.142857142857
220.89999999999173,232.28730037080626,0.09999999999999432,0.1,-5.689893001203927e-15,0.0,49,2,150,73,46.45127495647382,42.08270142948846,43.242857142857
220.99999999999173,232.40850037080625,0.12119999999998754,0.1,0.021199999999987534,0.0,49,2,149,74,46.69803975851452,41.98270142948846,43.342857142857
221.09999999999172,232.50850037080625,0.09999999999999432,0.1,-5.689893001203927e-15,0.0,49,2,149,74,46.51595774913091,41.882701429488456,43.442857142857
221.19999999999172,232.60850037080624,0.09999999999999432,0.1,-5.689893001203927e-15,0.0,49,2,149,74,46.33058076382479,41.782701429488455,43.542857142856995
221.2999999999917,232.70850037080623,0.09999999999999432,0.1,-5.689893001203927e-15,0.0,49,2,150,75,46.14469464470513,41.68270142948845,43.642857142857
221.3999999999917,232.80850037080623,0.09999999999999432,0.1,-5.689893001203927e-15,0.0,49,2,150,75,45.96012085781339,41.58270142948845,43.742857142857
221.4999999999917,232.90850037080622,0.09999999999999432,0.1,-5.689893001203927e-15,0.0,49,2,150,76,45.75186685803395,41.48270142948845,43.842857142857
221.5999999999917,233.00850037080622,0.09999999999999432,0.1,-5.689893001203927e-15,0.0,49,2,151,76,45.55097863419592,41.23997975908196,43.942857142856994
221.6999999999917,233.1085003708062,0.09999999999999432,0.1,-5.689893001203927e-15,0.0,49,2,151,76,45.36017689456615,41.13997975908196,44.042857142856995
221.79999999999168,233.2085003708062,0.09999999999999432,0.1,-5.689893001203927e-15,0.0,49,2,151,76,45.17142666019815,41.03997975908196,44.142857142857
221.89999999999168,233.3085003708062,0.09999999999999432,0.1,-5.689893001203927e-15,0.0,49,2,151,76,44.9825947931771,40.93997975908196,44.242857142857
221.99999999999167,233.4085003708062,0.09999999999999432,0.1,-5.689893001203927e-15,0.0,48,2,151,77,45.760043389985725,40.93997975908196,43.50833333333319
222.09999999999167,233.5085003708062,0.09999999999999432,0.1,-5.689893001203927e-15,0.0,48,2,151,77,45.586777525735066,40.839979759081956,43.608333333333185
222.19999999999166,233.60850037080618,0.09999999999999432,0.1,-5.689893001203927e-15,0.0,48,2,151,77,45.41344916148441,40.739979759081955,43.708333333333194
222.29999999999166,233.70850037080618,0.09999999999999432,0.1,-5.689893001203927e-15,0.0,48,2,151,78,45.21757913056708,40.63997975908195,43.80833333333319
222.39999999999165,233.80850037080617,0.09999999999999432,0.1,-5.689893001203927e-15,0.0,48,2,151,78,45.02162576631642,40.53997975908195,43.90833333333319
222.49999999999164,233.90850037080617,0.09999999999999432,0.1,-5.689893001203927e-15,0.0,48,2,151,79,44.82558906873242,40.43997975908195,44.00833333333319
222.59999999999164,234.00850037080616,0.09999999999999432,0.1,-5.689893001203927e-15,0.0,48,2,151,79,44.62946903781509,40.33997975908195,44.108333333333185
222.69999999999163,234.10850037080615,0.09999999999999432,0.1,-5.689893001203927e-15,0.0,48,2,151,79,44.43326567356443,40.23997975908195,44.208333333333194
222.79999999999163,234.20850037080615,0.09999999999999432,0.1,-5.689893001203927e-15,0.0,47,2,152,79,45.181021852211465,40.139979759081946,43.04255319148925
222.89999999999162,234.30850037080614,0.09999999999999432,0.1,-5.689893001203927e-15,0.0,47,2,152,78,44.98260139510442,40.039979759081945,43.14255319148925
222.99999999999162,234.40850037080614,0.09999999999999432,0.1,-5.689893001203927e-15,0.0,47,2,153,79,44.78409583161437,39.93997975908194,43.24255319148925
223.0999999999916,234.50850037080613,0.09999999999999432,0.1,-5.689893001203927e-15,0.0,47,2,154,78,44.58550516174136,39.83997975908194,43.34255319148925
223.1999999999916,234.66850037080613,0.1599999999999966,0.1,0.059999999999996584,0.0,47,2,152,78,45.66342513016622,39.78270142948843,43.442553191489246
223.2999999999916,234.76850037080612,0.09999999999999432,0.1,-5.689893001203927e-15,0.0,47,2,154,78,45.465092427253275,39.682701429488425,43.54255319148925
223.3999999999916,234.86850037080612,0.09999999999999432,0.1,-5.689893001203927e-15,0.0,47,2,153,78,45.266176223895364,39.582701429488424,43.64255319148924
223.4999999999916,234.9685003708061,0.09999999999999432,0.1,-5.689893001203927e-15,0.0,47,2,153,78,45.067245128490434,39.48270142948842,43.74255319148925
223.59999999999158,235.0685003708061,0.09999999999999432,0.1,-5.689893001203927e-15,0.0,47,2,152,78,44.868228926702514,39.38270142948842,43.842553191489245
223.69999999999158,235.1685003708061,0.09999999999999432,0.1,-5.689893001203927e-15,0.0,47,2,152,79,44.66912761853163,39.28270142948842,43.942553191489246
223.79999999999157,235.2685003708061,0.09999999999999432,0.1,-5.689893001203927e-15,0.0,47,2,152,79,44.46994120397777,39.18270142948842,44.04255319148925
223.89999999999156,235.3685003708061,0.09999999999999432,0.1,-5.689893001203927e-15,0.0,47,2,153,79,44.27066968304092,39.08270142948842,44.14255319148924
223.99999999999156,235.46850037080608,0.09999999999999432,0.1,-5.689893001203927e-15,0.0,47,2,152,78,44.0713130557211,38.982701429488415,44.24255319148925
224.09999999999155,235.56850037080608,0.09999999999999432,0.1,-5.689893001203927e-15,0.0,47,2,152,78,43.871871322018286,38.882701429488414,44.342553191489245
224.19999999999155,235.66850037080607,0.09999999999999432,0.1,-5.689893001203927e-15,0.0,47,2,153,78,43.67234448193251,38.78270142948841,44.44255319148924
224.29999999999154,235.76850037080607,0.09999999999999432,0.1,-5.689893001203927e-15,0.0,47,2,153,77,43.47273253546375,38.68270142948841,44.54255319148925
224.39999999999154,235.86850037080606,0.09999999999999432,0.1,-5.689893001203927e-15,0.0,47,2,153,77,43.273035482612016,38.58270142948841,44.64255319148924
224.49999999999153,235.96850037080605,0.09999999999999432,0.1,-5.689893001203927e-15,0.0,47,2,153,76,43.06105700804814,38.48270142948841,44.742553191489236
224.59999999999152,236.06850037080605,0.09999999999999432,0.1,-5.689893001203927e-15,0.0,47,2,152,76,42.8505514445581,38.38270142948841,44.842553191489245
224.69999999999152,236.22850037080605,0.1599999999999966,0.1,0.059999999999996584,0.0,47,2,150,76,43.88862211925998,38.282701429488405,44.94255319148924
224.7999999999915,236.32850037080604,0.09999999999999432,0.1,-5.689893001203927e-15,0.0,47,2,150,77,43.65780438457177,38.182701429488404,45.04255319148925
224.8999999999915,236.42850037080603,0.09999999999999432,0.1,-5.689893001203927e-15,0.0,46,2,150,77,44.42447709972679,39.70581558789622,43.4739130434782
224.9999999999915,236.64790037080604,0.21940000000000737,0.1,0.11940000000000736,0.0,46,2,147,76,46.81496386841086,41.91126107124841,43.57391304347819
225.0999999999915,236.78590037080605,0.13800000000000523,0.1,0.038000000000005224,0.0,47,2,145,76,45.89828243886058,41.81126107124841,42.74680851063823
225.1999999999915,236.94590037080604,0.1599999999999966,0.1,0.059999999999996584,0.0,47,2,143,76,46.95777552401024,41.00448730601309,42.84680851063823
225.29999999999148,237.08970037080604,0.14379999999999882,0.1,0.04379999999999881,0.0,47,2,142,76,47.67880526852731,39.79548730601311,42.946808510638235
225.39999999999148,237.18970037080604,0.09999999999999432,0.1,-5.689893001203927e-15,0.0,48,2,144,76,45.95249078178272,39.20581558789621,42.15208333333327
225.49999999999147,237.28970037080603,0.09999999999999432,0.1,-5.689893001203927e-15,0.0,48,2,143,76,45.69917620386531,39.10581558789621,42.25208333333327
225.59999999999147,237.44970037080603,0.1599999999999966,0.1,0.059999999999996584,0.0,48,2,143,75,46.69821402204957,38.57578735821162,42.35208333333327
225.69999999999146,237.54970037080602,0.09999999999999432,0.1,-5.689893001203927e-15,0.0,48,2,143,75,45.92589450862136,38.90581558789621,41.43124999999993
225.79999999999146,237.70970037080602,0.1599999999999966,0.1,0.059999999999996584,0.0,48,2,142,75,46.90962199393758,38.805815587896205,41.53124999999993
225.89999999999145,237.857500370806,0.1477999999999895,0.1,0.04779999999998949,0.0,49,2,141,75,46.16068058619725,38.705815587896204,40.78367346938768
225.99999999999145,237.957500370806,0.09999999999999432,0.1,-5.689893001203927e-15,0.0,48,2,142,75,46.86924281577526,40.9112610712484,40.30416666666658
226.09999999999144,238.057500370806,0.09999999999999432,0.1,-5.689893001203927e-15,0.0,48,2,141,75,46.62442823899997,40.811261071248396,40.40416666666659
226.19999999999143,238.157500370806,0.09999999999999432,0.1,-5.689893001203927e-15,0.0,48,2,141,74,46.37137223244318,40.711261071248394,40.504166666666585
226.29999999999143,238.25750037080599,0.09999999999999432,0.1,-5.689893001203927e-15,0.0,48,2,142,75,46.131690967486655,40.61126107124839,40.604166666666586
226.39999999999142,238.35750037080598,0.09999999999999432,0.1,-5.689893001203927e-15,0.0,48,2,142,75,45.877348473940714,40.51126107124839,40.70416666666659
226.49999999999142,238.45750037080597,0.09999999999999432,0.1,-5.689893001203927e-15,0.0,48,2,142,75,45.62740782480217,40.41126107124839,40.80416666666658
226.5999999999914,238.55750037080597,0.09999999999999432,0.1,-5.689893001203927e-15,0.0,48,2,142,75,45.384236925102925,40.31126107124839,40.90416666666659
226.6999999999914,238.65750037080596,0.09999999999999432,0.1,-5.689893001203927e-15,0.0,48,2,143,75,45.13970163499923,40.21126107124839,41.004166666666585
226.7999999999914,238.78830037080596,0.1307999999999936,0.1,0.030799999999993583,0.0,48,2,142,75,45.541702020615816,40.37294914053365,41.104166666666586
226.8999999999914,238.88830037080595,0.09999999999999432,0.1,-5.689893001203927e-15,0.0,48,2,142,74,45.31827542942972,40.27294914053365,41.20416666666659
226.9999999999914,238.98830037080594,0.09999999999999432,0.1,-5.689893001203927e-15,0.0,48,2,142,74,45.09000340593895,40.172949140533646,41.30416666666659
227.09999999999138,239.08830037080594,0.09999999999999432,0.1,-5.689893001203927e-15,0.0,48,2,142,74,44.86486786243204,40.072949140533645,41.40416666666659
227.19999999999138,239.18830037080593,0.09999999999999432,0.1,-5.689893001203927e-15,0.0,48,2,142,74,44.63511771645393,39.97294914053364,41.504166666666585
227.29999999999137,239.28830037080593,0.09999999999999432,0.1,-5.689893001203927e-15,0.0,48,2,142,74,44.40985337827556,39.87294914053364,41.604166666666586
227.39999999999137,239.38830037080592,0.09999999999999432,0.1,-5.689893001203927e-15,0.0,48,2,143,74,44.18729598795687,39.77294914053364,41.70416666666659
227.49999999999136,239.48830037080592,0.09999999999999432,0.1,-5.689893001203927e-15,0.0,48,2,143,74,43.97897718036248,39.67294914053364,41.80416666666658
227.59999999999135,239.5883003708059,0.09999999999999432,0.1,-5.689893001203927e-15,0.0,48,2,143,74,43.77258016613607,39.57294914053364,41.90416666666659
227.69999999999135,239.6883003708059,0.09999999999999432,0.1,-5.689893001203927e-15,0.0,48,2,143,74,43.565894530772,39.472949140533636,42.004166666666585
227.79999999999134,239.7883003708059,0.09999999999999432,0.1,-5.689893001203927e-15,0.0,48,2,144,74,43.35931814458965,39.372949140533635,42.104166666666586
227.89999999999134,239.8883003708059,0.09999999999999432,0.1,-5.689893001203927e-15,0.0,48,2,146,74,43.15253753038987,39.27294914053363,42.20416666666659
227.99999999999133,239.9883003708059,0.09999999999999432,0.1,-5.689893001203927e-15,0.0,48,2,146,74,42.94567860359884,39.17294914053363,42.30416666666658
228.09999999999133,240.08830037080588,0.09999999999999432,0.1,-5.689893001203927e-15,0.0,48,2,146,74,42.738978721144484,39.07294914053363,42.40416666666658
228.19999999999132,240.18830037080588,0.09999999999999432,0.1,-5.689893001203927e-15,0.0,48,2,144,74,42.5320402226545,38.8514703740294,42.504166666666585
228.29999999999131,240.28830037080587,0.09999999999999432,0.1,-5.689893001203927e-15,0.0,48,2,143,74,42.32504786826599,38.611261071248364,42.604166666666586
228.3999999999913,240.38830037080587,0.09999999999999432,0.1,-5.689893001203927e-15,0.0,48,2,143,74,42.117891158607655,38.51126107124836,42.70416666666659
228.4999999999913,240.48830037080586,0.09999999999999432,0.1,-5.689893001203927e-15,0.0,48,2,143,74,41.91098342501409,38.41126107124836,42.80416666666659
228.5999999999913,240.58830037080585,0.09999999999999432,0.1,-5.689893001203927e-15,0.0,48,2,142,74,41.70359427706271,38.31126107124836,42.90416666666658
228.6999999999913,240.72410037080584,0.13579999999998904,0.1,0.035799999999989035,0.0,47,2,142,74,43.20794458865402,38.47294914053362,41.485106382978685
228.7999999999913,240.82410037080584,0.09999999999999432,0.1,-5.689893001203927e-15,0.0,47,2,142,74,43.022792661380755,38.37294914053362,41.58510638297869
228.89999999999128,240.92410037080583,0.09999999999999432,0.1,-5.689893001203927e-15,0.0,47,2,142,74,42.83478028404233,38.27294914053362,41.68510638297869
228.99999999999127,241.02410037080583,0.09999999999999432,0.1,-5.689893001203927e-15,0.0,46,2,141,74,43.62198020818503,38.964829525892576,40.20217391304349
229.09999999999127,241.12410037080582,0.09999999999999432,0.1,-5.689893001203927e-15,0.0,46,2,140,75,43.45978470987368,38.864829525892574,40.30217391304349
229.19999999999126,241.22410037080581,0.09999999999999432,0.1,-5.689893001203927e-15,0.0,46,2,139,75,43.297113500778416,38.76482952589257,40.40217391304349
229.29999999999126,241.3241003708058,0.09999999999999432,0.1,-5.689893001203927e-15,0.0,46,2,139,76,43.13463468387176,38.66482952589257,40.50217391304349
229.39999999999125,241.4241003708058,0.09999999999999432,0.1,-5.689893001203927e-15,0.0,46,2,140,76,42.972151661579616,38.56482952589257,40.60217391304349
229.49999999999125,241.5241003708058,0.09999999999999432,0.1,-5.689893001203927e-15,0.0,46,2,141,76,42.81120784474571,38.46482952589257,40.702173913043495
229.59999999999124,241.6241003708058,0.09999999999999432,0.1,-5.689893001203927e-15,0.0,46,2,142,77,42.653362272331364,38.36482952589257,40.80217391304349
229.69999999999123,241.7241003708058,0.09999999999999432,0.1,-5.689893001203927e-15,0.0,46,2,143,77,42.49743313645651,38.264829525892566,40.90217391304349
229.79999999999123,241.82410037080578,0.09999999999999432,0.1,-5.689893001203927e-15,0.0,44,2,143,77,44.276121799756474,38.58602357351017,40.81818181818181
229.89999999999122,241.92410037080577,0.09999999999999432,0.1,-5.689893001203927e-15,0.0,43,2,142,77,45.17336150680318,38.0801889358442,39.73488372093025
229.99999999999122,242.02410037080577,0.09999999999999432,0.1,-5.689893001203927e-15,0.0,43,2,141,78,45.03656628923911,37.96482952589256,39.83488372093025
230.0999999999912,242.12410037080576,0.09999999999999432,0.1,-5.689893001203927e-15,0.0,43,2,142,77,44.899824097384325,37.86482952589256,39.93488372093025
230.1999999999912,242.22410037080576,0.09999999999999432,0.1,-5.689893001203927e-15,0.0,43,2,143,77,44.762837301973896,37.76482952589256,40.034883720930246
230.2999999999912,242.32410037080575,0.09999999999999432,0.1,-5.689893001203927e-15,0.0,43,2,143,77,44.53585348088899,37.66482952589256,40.134883720930254
230.3999999999912,242.42410037080575,0.09999999999999432,0.1,-5.689893001203927e-15,0.0,43,2,144,77,44.31462298640169,37.564829525892556,40.23488372093025
230.4999999999912,242.58010037080575,0.1560000000000059,0.1,0.056000000000005906,0.0,43,2,143,77,45.394637584207686,39.95061233706317,40.33488372093025
230.59999999999118,242.72330037080576,0.14320000000000732,0.1,0.043200000000007316,0.0,43,2,142,76,45.89535447172531,39.85061233706317,40.43488372093025
230.69999999999118,242.82330037080575,0.09999999999999432,0.1,-5.689893001203927e-15,0.0,44,2,142,76,44.060525793718575,39.75061233706317,39.615909090909106
230.79999999999117,242.98330037080575,0.1599999999999966,0.1,0.059999999999996584,0.0,44,2,141,76,45.16544342011138,41.378078986586566,39.715909090909115
230.89999999999117,243.08330037080574,0.09999999999999432,0.1,-5.689893001203927e-15,0.0,44,2,141,77,44.913146344715955,41.278078986586564,39.81590909090911
230.99999999999116,243.18330037080574,0.09999999999999432,0.1,-5.689893001203927e-15,0.0,44,2,141,77,44.66056158659251,41.17807898658656,39.91590909090911
231.09999999999116,243.34330037080574,0.1599999999999966,0.1,0.059999999999996584,0.0,43,2,140,76,46.84010861715078,41.07807898658656,39.66976744186047
231.19999999999115,243.50330037080573,0.1599999999999966,0.1,0.059999999999996584,0.0,44,2,140,76,46.333012904163326,40.97807898658656,38.868181818181824
231.29999999999114,243.72330037080573,0.21999999999999886,0.1,0.11999999999999886,0.0,44,2,138,76,48.813402609968826,49.07310357060145,38.968181818181826
231.39999999999114,243.82330037080573,0.09999999999999432,0.1,-5.689893001203927e-15,0.0,45,2,140,76,46.933121246206134,48.24546204281356,38.20222222222223
231.49999999999113,243.92330037080572,0.09999999999999432,0.1,-5.689893001203927e-15,0.0,44,2,140,75,47.734455607999806,48.873103570601444,38.561363636363645
231.59999999999113,244.0233003708057,0.09999999999999432,0.1,-5.689893001203927e-15,0.0,44,2,140,75,47.466267396592905,48.77310357060144,38.66136363636364
231.69999999999112,244.1233003708057,0.09999999999999432,0.1,-5.689893001203927e-15,0.0,43,2,140,75,48.30146221808254,48.67310357060144,38.255813953488364
231.79999999999112,244.2233003708057,0.09999999999999432,0.1,-5.689893001203927e-15,0.0,43,2,140,76,48.034532967958036,48.57310357060144,38.355813953488365
231.8999999999911,244.3233003708057,0.09999999999999432,0.1,-5.689893001203927e-15,0.0,43,2,140,76,47.767977293752345,48.47310357060144,38.45581395348837
231.9999999999911,244.4233003708057,0.09999999999999432,0.1,-5.689893001203927e-15,0.0,43,2,139,76,47.43797392433115,48.37310357060144,38.55581395348836
232.0999999999911,244.52330037080569,0.09999999999999432,0.1,-5.689893001203927e-15,0.0,43,2,137,76,47.13128508908607,48.273103570601435,38.65581395348836
232.1999999999911,244.62330037080568,0.09999999999999432,0.1,-5.689893001203927e-15,0.0,43,2,136,77,46.82821172697685,48.173103570601434,38.755813953488364
232.2999999999911,244.7819003708057,0.15860000000000696,0.1,0.05860000000000695,0.0,43,2,135,77,47.88623334878958,48.8183966801869,38.855813953488365
232.39999999999108,244.94190037080568,0.1599999999999966,0.1,0.059999999999996584,0.0,42,2,134,77,50.14919078585329,48.81023279046613,38.60952380952379
232.49999999999108,244.90703734297253,-0.03486302783315409,0.1,5.051514762044462e-15,0.13486302783315915,42,2,134,77,48.946578026358566,48.71023279046613,37.447619047619014
232.59999999999107,245.06703734297253,0.1599999999999966,0.1,0.059999999999996584,0.0,42,2,133,78,50.086223095041724,56.389723014934,37.547619047619015
232.69999999999106,245.16703734297252,0.09999999999999432,0.1,-5.689893001203927e-15,0.0,41,2,134,77,51.073164401210875,56.289723014934,35.86097560975611
232.79999999999106,245.26703734297251,0.09999999999999432,0.1,-5.689893001203927e-15,0.0,41,2,134,77,50.82704070398768,56.189723014933996,35.96097560975612
232.89999999999105,245.4270373429725,0.1599999999999966,0.1,0.059999999999996584,0.0,41,2,133,77,52.049030994822125,56.089723014933995,36.06097560975611
232.99999999999105,245.5270373429725,0.09999999999999432,0.1,-5.689893001203927e-15,0.0,42,2,133,77,49.98145859332432,55.98972301493399,35.30238095238097
233.09999999999104,245.6870373429725,0.1599999999999966,0.1,0.059999999999996584,0.0,42,2,132,78,51.15888331142763,55.88972301493399,35.40238095238097
233.19999999999104,245.8470373429725,0.1599999999999966,0.1,0.059999999999996584,0.0,42,2,131,79,52.33796592811595,56.667360156766776,35.502380952380975
233.29999999999103,245.9470373429725,0.09999999999999432,0.1,-5.689893001203927e-15,0.0,42,2,130,79,52.08408154365096,56.417789096429885,35.602380952380976
233.39999999999102,246.0470373429725,0.09999999999999432,0.1,-5.689893001203927e-15,0.0,42,2,130,79,51.83280382758538,55.71502761239807,35.70238095238097
233.49999999999102,246.14703734297248,0.09999999999999432,0.1,-5.689893001203927e-15,0.0,42,2,130,79,51.58855004667103,55.489723014933986,35.80238095238097
233.599999999991,246.33843734297247,0.19139999999998736,0.1,0.09139999999998735,0.0,42,2,128,79,53.540129980234624,55.389723014933985,35.90238095238097
233.699999999991,246.43843734297246,0.09999999999999432,0.1,-5.689893001203927e-15,0.0,43,2,128,79,51.48644282220875,55.28972301493398,35.16744186046513
233.799999999991,246.53843734297246,0.09999999999999432,0.1,-5.689893001203927e-15,0.0,43,2,129,78,51.24949456381568,55.18972301493398,35.26744186046514
233.899999999991,246.63843734297245,0.09999999999999432,0.1,-5.689893001203927e-15,0.0,43,2,130,78,51.013085603330616,55.08972301493398,35.367441860465135
233.999999999991,246.73843734297245,0.09999999999999432,0.1,-5.689893001203927e-15,0.0,43,2,131,78,50.7474598460666,54.727286504176305,35.46744186046514
234.09999999999098,246.83843734297244,0.09999999999999432,0.1,-5.689893001203927e-15,0.0,43,2,131,78,50.48621650280583,53.998406362813384,35.56744186046513
234.19999999999098,246.96383734297243,0.12539999999998486,0.1,0.02539999999998485,0.0,43,2,130,78,50.829764437484535,53.270349409293786,35.66744186046514
234.29999999999097,247.06383734297242,0.09999999999999432,0.1,-5.689893001203927e-15,0.0,43,2,132,78,50.57665861291409,52.55745986163147,35.76744186046514
234.39999999999097,247.1638373429724,0.09999999999999432,0.1,-5.689893001203927e-15,0.0,43,2,132,78,50.32647095423692,51.79277110351178,35.867441860465135
234.49999999999096,247.2638373429724,0.09999999999999432,0.1,-5.689893001203927e-15,0.0,43,2,131,78,50.07861977674559,51.025447200437256,35.96744186046514
234.59999999999096,247.3638373429724,0.09999999999999432,0.1,-5.689893001203927e-15,0.0,43,2,131,78,49.824920362846804,50.285942824377685,36.06744186046513
234.69999999999095,247.4638373429724,0.09999999999999432,0.1,-5.689893001203927e-15,0.0,43,2,132,77,49.57969834103579,49.639194754564606,36.16744186046514
234.79999999999094,247.6238373429724,0.1599999999999966,0.1,0.059999999999996584,0.0,43,2,131,77,50.72729590694405,54.18972301493397,36.26744186046514
234.89999999999094,247.7238373429724,0.09999999999999432,0.1,-5.689893001203927e-15,0.0,43,2,130,78,50.48490164018254,54.089723014933966,36.367441860465135
234.99999999999093,247.82383734297238,0.09999999999999432,0.1,-5.689893001203927e-15,0.0,42,2,130,78,51.43660159999604,54.86736015676675,36.33809523809525
235.09999999999093,247.98383734297238,0.1599999999999966,0.1,0.059999999999996584,0.0,42,2,130,79,52.61555564675815,54.76736015676675,36.43809523809525
235.19999999999092,248.08383734297237,0.09999999999999432,0.1,-5.689893001203927e-15,0.0,42,2,131,80,51.834472446609816,54.66736015676675,33.61428571428579
235.29999999999092,248.18383734297237,0.09999999999999432,0.1,-5.689893001203927e-15,0.0,42,2,131,80,51.60406306044911,54.567360156766746,33.71428571428579
235.3999999999909,248.28383734297236,0.09999999999999432,0.1,-5.689893001203927e-15,0.0,42,2,131,80,51.372830352300404,54.467360156766745,33.814285714285795
235.4999999999909,248.38383734297236,0.09999999999999432,0.1,-5.689893001203927e-15,0.0,42,2,131,80,51.14418251774166,54.36736015676674,33.91428571428579
235.5999999999909,248.48383734297235,0.09999999999999432,0.1,-5.689893001203927e-15,0.0,42,2,131,80,50.91374180284267,54.26736015676674,34.01428571428579
235.6999999999909,248.58383734297234,0.09999999999999432,0.1,-5.689893001203927e-15,0.0,41,2,131,81,51.92970237397034,54.025810366118854,33.54878048780495
235.7999999999909,248.68383734297234,0.09999999999999432,0.1,-5.689893001203927e-15,0.0,41,2,131,81,51.7071588996985,53.58050706895887,33.64878048780495
235.89999999999088,248.78383734297233,0.09999999999999432,0.1,-5.689893001203927e-15,0.0,41,2,131,81,51.489518629500076,53.13520377179889,33.74878048780494
235.99999999999088,248.88383734297233,0.09999999999999432,0.1,-5.689893001203927e-15,0.0,41,2,131,81,51.26398000893519,52.98972301493395,33.84878048780495
236.09999999999087,248.98383734297232,0.09999999999999432,0.1,-5.689893001203927e-15,0.0,41,2,130,81,51.04224832075878,52.88972301493395,33.948780487804946
236.19999999999087,249.08383734297232,0.09999999999999432,0.1,-5.689893001203927e-15,0.0,41,2,130,80,50.820142952021385,52.78972301493395,34.04878048780495
236.29999999999086,249.1838373429723,0.09999999999999432,0.1,-5.689893001203927e-15,0.0,41,2,131,81,50.60204254570452,52.689723014933946,34.14878048780495
236.39999999999085,249.2838373429723,0.09999999999999432,0.1,-5.689893001203927e-15,0.0,41,2,131,81,50.37954001191721,52.589723014933945,34.24878048780495
236.49999999999085,249.4438373429723,0.1599999999999966,0.1,0.059999999999996584,0.0,41,2,130,81,51.62480004321489,53.36736015676673,34.34878048780495
236.59999999999084,249.5438373429723,0.09999999999999432,0.1,-5.689893001203927e-15,0.0,42,2,129,81,49.58061444825594,53.26736015676673,33.63095238095245
236.69999999999084,249.6438373429723,0.09999999999999432,0.1,-5.689893001203927e-15,0.0,42,2,129,81,49.354658667566085,53.167360156766726,33.73095238095245
236.79999999999083,249.74383734297228,0.09999999999999432,0.1,-5.689893001203927e-15,0.0,42,2,129,81,49.13046436665003,53.067360156766725,33.83095238095245
236.89999999999083,249.84383734297228,0.09999999999999432,0.1,-5.689893001203927e-15,0.0,42,2,129,81,48.908020905620866,52.96736015676672,33.930952380952455
236.99999999999082,249.94383734297227,0.09999999999999432,0.1,-5.689893001203927e-15,0.0,42,2,129,81,48.68739077152927,52.86736015676672,34.03095238095245
237.0999999999908,250.04383734297227,0.09999999999999432,0.1,-5.689893001203927e-15,0.0,42,2,129,81,48.47182338181046,52.76736015676672,34.13095238095245
237.1999999999908,250.14383734297226,0.09999999999999432,0.1,-5.689893001203927e-15,0.0,42,2,129,81,48.26542788201521,52.66736015676672,34.23095238095245
237.2999999999908,250.24383734297226,0.09999999999999432,0.1,-5.689893001203927e-15,0.0,42,2,129,81,48.06682258036014,52.56736015676672,34.33095238095245
237.3999999999908,250.34383734297225,0.09999999999999432,0.1,-5.689893001203927e-15,0.0,42,2,129,81,47.86792493597563,52.467360156766716,34.430952380952455
237.4999999999908,250.44383734297224,0.09999999999999432,0.1,-5.689893001203927e-15,0.0,42,2,129,81,47.670126349126676,52.367360156766715,34.530952380952456
237.59999999999079,250.54383734297224,0.09999999999999432,0.1,-5.689893001203927e-15,0.0,42,2,129,81,47.47035501808001,52.26736015676671,34.63095238095245
237.69999999999078,250.64383734297223,0.09999999999999432,0.1,-5.689893001203927e-15,0.0,42,2,128,81,47.27395661840513,52.16736015676671,34.73095238095245
237.79999999999077,250.74383734297223,0.09999999999999432,0.1,-5.689893001203927e-15,0.0,42,2,128,82,47.077085891112276,52.06736015676671,34.83095238095245
237.89999999999077,250.84383734297222,0.09999999999999432,0.1,-5.689893001203927e-15,0.0,42,2,129,82,46.88623487475006,51.96736015676671,34.930952380952455
237.99999999999076,250.94383734297222,0.09999999999999432,0.1,-5.689893001203927e-15,0.0,42,2,129,82,46.695145248846316,51.86736015676671,35.030952380952456
238.09999999999076,251.0438373429722,0.09999999999999432,0.1,-5.689893001203927e-15,0.0,42,2,129,82,46.50801504143998,51.767360156766706,35.13095238095246
238.19999999999075,251.1438373429722,0.09999999999999432,0.1,-5.689893001203927e-15,0.0,42,2,130,82,46.31611454223947,51.667360156766705,35.23095238095246
238.29999999999075,251.2438373429722,0.09999999999999432,0.1,-5.689893001203927e-15,0.0,42,2,130,82,46.12793232949405,51.5673601567667,35.33095238095245
238.39999999999074,251.3438373429722,0.09999999999999432,0.1,-5.689893001203927e-15,0.0,42,2,130,82,45.94377790658007,51.4673601567667,35.430952380952455
238.49999999999073,251.4438373429722,0.09999999999999432,0.1,-5.689893001203927e-15,0.0,42,2,130,82,45.76951108657228,51.3673601567667,35.530952380952456
238.59999999999073,251.54383734297218,0.09999999999999432,0.1,-5.689893001203927e-15,0.0,42,2,130,82,45.59384493940341,51.2673601567667,35.63095238095246
238.69999999999072,251.64383734297218,0.09999999999999432,0.1,-5.689893001203927e-15,0.0,42,2,130,82,45.42384716252325,51.1673601567667,35.73095238095246
238.79999999999072,251.74383734297217,0.09999999999999432,0.1,-5.689893001203927e-15,0.0,42,2,131,82,45.253410791318245,51.067360156766696,35.83095238095246
238.8999999999907,251.84383734297217,0.09999999999999432,0.1,-5.689893001203927e-15,0.0,41,2,132,82,46.189685186208365,50.967360156766695,36.614634146341544
238.9999999999907,251.94383734297216,0.09999999999999432,0.1,-5.689893001203927e-15,0.0,40,2,132,82,47.17515610766802,51.323903478920286,36.737500000000075
239.0999999999907,252.04383734297215,0.09999999999999432,0.1,-5.689893001203927e-15,0.0,40,2,132,82,47.007517241572515,51.223903478920285,36.83750000000008
239.1999999999907,252.14383734297215,0.09999999999999432,0.1,-5.689893001203927e-15,0.0,40,2,132,82,46.83769210914281,51.12390347892028,36.93750000000007
239.2999999999907,252.24383734297214,0.09999999999999432,0.1,-5.689893001203927e-15,0.0,40,2,133,81,46.6642316587841,50.77412904686161,37.03750000000007
239.39999999999068,252.34383734297214,0.09999999999999432,0.1,-5.689893001203927e-15,0.0,40,2,133,81,46.49035117674098,50.46736015676669,37.137500000000074
239.49999999999068,252.44383734297213,0.09999999999999432,0.1,-5.689893001203927e-15,0.0,40,2,133,79,46.30788301770617,50.367360156766686,37.237500000000075
239.59999999999067,252.54383734297213,0.09999999999999432,0.1,-5.689893001203927e-15,0.0,40,2,132,79,46.127588543859034,50.267360156766685,37.33750000000008
239.69999999999067,252.64383734297212,0.09999999999999432,0.1,-5.689893001203927e-15,0.0,40,2,133,80,45.88947129326778,50.167360156766684,37.43750000000007
239.79999999999066,252.7438373429721,0.09999999999999432,0.1,-5.689893001203927e-15,0.0,40,2,133,80,45.65046399311859,50.06736015676668,37.53750000000007
239.89999999999065,252.8438373429721,0.09999999999999432,0.1,-5.689893001203927e-15,0.0,40,2,133,80,45.41651230814786,49.96736015676668,37.63750000000008
239.99999999999065,252.9438373429721,0.09999999999999432,0.1,-5.689893001203927e-15,0.0,40,2,133,80,45.18232955958118,49.86736015676668,37.73750000000008
240.09999999999064,253.0438373429721,0.09999999999999432,0.1,-5.689893001203927e-15,0.0,40,2,133,79,44.9546865655693,49.76736015676668,37.83750000000008
240.19999999999064,253.1438373429721,0.09999999999999432,0.1,-5.689893001203927e-15,0.0,40,2,133,79,44.72636097915144,49.66736015676668,37.93750000000008
240.29999999999063,253.24383734297209,0.09999999999999432,0.1,-5.689893001203927e-15,0.0,40,2,133,79,44.49771324753512,49.567360156766675,38.03750000000008
240.39999999999063,253.34383734297208,0.09999999999999432,0.1,-5.689893001203927e-15,0.0,40,2,133,78,44.269986269720434,49.467360156766674,38.13750000000008
240.49999999999062,253.50383734297208,0.1599999999999966,0.1,0.059999999999996584,0.0,40,2,133,78,45.5456245898949,49.36736015676667,38.237500000000075
240.59999999999062,253.60383734297207,0.09999999999999432,0.1,-5.689893001203927e-15,0.0,40,2,133,78,45.32903657416113,49.26736015676667,38.33750000000008
240.6999999999906,253.75303734297208,0.14920000000000755,0.1,0.04920000000000754,0.0,40,2,133,78,46.3295912494307,49.16736015676667,38.43750000000007
240.7999999999906,253.85303734297207,0.09999999999999432,0.1,-5.689893001203927e-15,0.0,41,2,133,79,44.373515311023354,49.06736015676667,37.60000000000007
240.8999999999906,253.95303734297207,0.09999999999999432,0.1,-5.689893001203927e-15,0.0,41,2,133,80,44.13358948189216,48.50287922053952,37.700000000000074
240.9999999999906,254.05303734297206,0.09999999999999432,0.1,-5.689893001203927e-15,0.0,41,2,135,80,43.8877216950864,47.98972301493388,37.800000000000075
241.0999999999906,254.15303734297206,0.09999999999999432,0.1,-5.689893001203927e-15,0.0,41,2,135,80,43.64789062687931,47.88972301493388,37.90000000000008
241.19999999999058,254.37303734297205,0.21999999999999886,0.1,0.11999999999999886,0.0,41,2,133,80,46.339328079267005,47.37757958102748,38.00000000000007
241.29999999999058,254.47303734297205,0.09999999999999432,0.1,-5.689893001203927e-15,0.0,42,2,133,80,44.435685155520865,47.689723014933875,37.19523809523817
241.39999999999057,254.57303734297204,0.09999999999999432,0.1,-5.689893001203927e-15,0.0,42,2,133,80,44.19498268931808,47.589723014933874,37.29523809523817
241.49999999999056,254.73303734297204,0.1599999999999966,0.1,0.059999999999996584,0.0,42,2,132,80,45.412025248022104,47.48972301493387,37.39523809523817
241.59999999999056,254.83303734297203,0.09999999999999432,0.1,-5.689893001203927e-15,0.0,43,2,132,80,43.576837928007464,44.771607753531065,36.62558139534891
241.69999999999055,254.93303734297203,0.09999999999999432,0.1,-5.689893001203927e-15,0.0,43,2,132,80,43.357976755440234,44.53226003422742,36.725581395348904
241.79999999999055,255.03303734297202,0.09999999999999432,0.1,-5.689893001203927e-15,0.0,43,2,132,80,43.13467652566573,44.29717543096538,36.825581395348905
241.89999999999054,255.19303734297202,0.1599999999999966,0.1,0.059999999999996584,0.0,43,2,131,81,44.31344029342961,47.08972301493387,36.92558139534891
241.99999999999054,255.293037342972,0.09999999999999432,0.1,-5.689893001203927e-15,0.0,43,2,132,82,44.09735620791725,46.989723014933865,37.02558139534891
242.09999999999053,255.393037342972,0.09999999999999432,0.1,-5.689893001203927e-15,0.0,43,2,132,83,43.87938814546608,46.889723014933864,37.12558139534891
242.19999999999052,255.553037342972,0.1599999999999966,0.1,0.059999999999996584,0.0,43,2,132,83,45.05613338460226,46.78972301493386,37.225581395348904
242.29999999999052,255.653037342972,0.09999999999999432,0.1,-5.689893001203927e-15,0.0,44,2,131,83,43.255975344592976,46.68972301493386,36.47954545454552
242.3999999999905,255.778237342972,0.12520000000000664,0.1,0.025200000000006634,0.0,44,2,130,82,43.59941295778023,46.80045722748902,36.579545454545524
242.4999999999905,255.980637342972,0.20239999999998304,0.1,0.10239999999998303,0.0,43,2,127,82,46.80340119746191,46.70045722748902,34.99069767441872
242.5999999999905,256.080637342972,0.10000000000002274,0.1,2.273181642920008e-14,0.0,45,2,126,82,43.420213192633156,46.38972301493386,33.53555555555567
242.6999999999905,256.20143734297204,0.1208000000000311,0.1,0.0208000000000311,0.0,45,2,125,82,43.63423204427316,46.289723014933855,33.63555555555566
242.7999999999905,256.42143734297207,0.22000000000002728,0.1,0.12000000000002728,0.0,45,2,124,82,46.093529773608445,46.189723014933854,33.73555555555566
242.89999999999048,256.6088373429721,0.1874000000000251,0.1,0.0874000000000251,0.0,46,2,122,82,46.244189246793596,46.96736015676664,33.102173913043586
242.99999999999048,256.8060373429721,0.19720000000000937,0.1,0.09720000000000936,0.0,46,2,119,82,48.12967461231271,46.86736015676664,33.20217391304359
243.09999999999047,256.9060373429721,0.10000000000002274,0.1,2.273181642920008e-14,0.0,47,2,121,82,46.3626971415719,46.10045722748901,32.59574468085117
243.19999999999047,257.06383734297214,0.15780000000000882,0.1,0.05780000000000882,0.0,47,2,119,82,47.36129777770926,46.00045722748901,32.69574468085117
243.29999999999046,257.22383734297216,0.160000000000025,0.1,0.060000000000025006,0.0,48,2,119,81,46.910911274045674,46.56736015676663,32.114583333333435
243.39999999999046,257.3238373429722,0.10000000000002274,0.1,2.273181642920008e-14,0.0,48,2,121,81,46.70742624522626,46.46736015676663,32.21458333333344
243.49999999999045,257.44863734297223,0.1248000000000502,0.1,0.0248000000000502,0.0,48,2,120,81,46.99170286594429,46.36736015676663,32.31458333333344
243.59999999999044,257.54863734297226,0.10000000000002274,0.1,2.273181642920008e-14,0.0,48,2,122,82,46.77283309696589,46.26736015676663,32.41458333333344
243.69999999999044,257.6486373429723,0.10000000000002274,0.1,2.273181642920008e-14,0.0,48,2,122,82,46.53320403881376,46.16736015676663,32.51458333333344
243.79999999999043,257.7486373429723,0.10000000000002274,0.1,2.273181642920008e-14,0.0,48,2,122,82,46.31549365843052,46.067360156766625,32.614583333333435
243.89999999999043,257.8486373429723,0.10000000000002274,0.1,2.273181642920008e-14,0.0,48,2,123,81,46.11092675495266,45.967360156766624,32.71458333333344
243.99999999999042,257.94863734297235,0.10000000000002274,0.1,2.273181642920008e-14,0.0,48,2,123,82,45.90505243336185,45.86736015676662,32.81458333333344
244.09999999999042,258.04863734297237,0.10000000000002274,0.1,2.273181642920008e-14,0.0,48,2,123,82,45.66930562932322,45.76736015676662,32.91458333333344
244.1999999999904,258.1486373429724,0.10000000000002274,0.1,2.273181642920008e-14,0.0,48,2,123,82,45.437241253580574,45.66736015676662,33.01458333333344
244.2999999999904,258.2878373429724,0.13920000000001664,0.1,0.03920000000001664,0.0,47,2,123,82,47.015014915256366,46.02390347892021,33.05531914893627
244.3999999999904,258.38783734297243,0.10000000000002274,0.1,2.273181642920008e-14,0.0,47,2,123,82,46.79010311394802,45.92390347892021,33.15531914893627
244.4999999999904,258.54783734297246,0.160000000000025,0.1,0.060000000000025006,0.0,46,2,122,82,48.91534194621194,48.53934358801876,31.27826086956538
244.5999999999904,258.6478373429725,0.10000000000002274,0.1,2.273181642920008e-14,0.0,46,2,122,83,48.721388332521194,48.43934358801876,31.378260869565384
244.69999999999038,258.5365881308475,-0.1112492121249602,0.1,2.7200464103316335e-15,0.21124921212496292,45,2,122,83,49.12677436893775,48.33934358801876,30.76666666666682
244.79999999999038,258.63658813084754,0.10000000000002274,0.1,2.273181642920008e-14,0.0,45,2,123,84,48.93850378311778,48.239343588018755,30.86666666666682
244.89999999999037,258.73658813084757,0.10000000000002274,0.1,2.273181642920008e-14,0.0,45,2,124,84,48.75103010649625,48.139343588018754,30.966666666666825
244.99999999999037,258.8365881308476,0.10000000000002274,0.1,2.273181642920008e-14,0.0,45,2,126,83,48.56289821985349,48.03934358801875,31.066666666666823
245.09999999999036,258.9365881308476,0.10000000000002274,0.1,2.273181642920008e-14,0.0,45,2,127,83,48.37352965720753,47.93934358801875,31.166666666666824
245.19999999999035,259.09658813084764,0.160000000000025,0.1,0.060000000000025006,0.0,45,2,125,83,49.45169314130144,47.83934358801875,31.266666666666822
245.29999999999035,259.25438813084764,0.15780000000000882,0.1,0.05780000000000882,0.0,45,2,124,83,50.50408839106828,47.73934358801875,31.366666666666823
245.39999999999034,259.35438813084767,0.10000000000002274,0.1,2.273181642920008e-14,0.0,46,2,123,83,48.62594900884728,47.75784871468076,30.784782608695803
245.49999999999034,259.5103881308477,0.1560000000000059,0.1,0.056000000000005906,0.0,46,2,124,83,49.61223411291115,47.65784871468076,30.8847826086958
245.59999999999033,259.6701881308477,0.15980000000001837,0.1,0.059800000000018366,0.0,46,2,123,83,50.675920491295635,48.92339094276371,30.984782608695806
245.69999999999033,259.7701881308477,0.10000000000002274,0.1,2.273181642920008e-14,0.0,46,2,123,84,50.446097249679845,48.82339094276371,31.084782608695804
245.79999999999032,259.87018813084774,0.10000000000002274,0.1,2.273181642920008e-14,0.0,46,2,123,84,50.21299297646171,48.72339094276371,31.184782608695805
245.8999999999903,259.97018813084776,0.10000000000002274,0.1,2.273181642920008e-14,0.0,46,2,123,84,49.98807349608212,48.623390942763706,31.284782608695803
245.9999999999903,260.0701881308478,0.10000000000002274,0.1,2.273181642920008e-14,0.0,46,2,123,83,49.76257394111075,48.523390942763704,31.3847826086958
246.0999999999903,260.2833881308478,0.21320000000002892,0.1,0.11320000000002892,0.0,46,2,121,83,51.99899050142612,48.4233909427637,31.484782608695806
246.1999999999903,260.38338813084783,0.10000000000002274,0.1,2.273181642920008e-14,0.0,48,2,124,83,48.56972773484336,48.3233909427637,30.272916666666813
246.2999999999903,260.48338813084786,0.10000000000002274,0.1,2.273181642920008e-14,0.0,48,2,124,82,48.314623477919184,48.2233909427637,30.37291666666681
246.39999999999029,260.5833881308479,0.10000000000002274,0.1,2.273181642920008e-14,0.0,48,2,123,83,48.073340627178375,48.1233909427637,30.47291666666681
246.49999999999028,260.6833881308479,0.10000000000002274,0.1,2.273181642920008e-14,0.0,48,2,122,83,47.83042431820971,48.0233909427637,30.572916666666814
246.59999999999027,260.7833881308479,0.10000000000002274,0.1,2.273181642920008e-14,0.0,48,2,124,83,47.57928009025681,47.923390942763696,30.67291666666681
246.69999999999027,260.9219881308479,0.13859999999999673,0.1,0.03859999999999672,0.0,48,2,123,83,48.153278958414965,48.326173073405975,30.772916666666813
246.79999999999026,261.02198813084794,0.10000000000002274,0.1,2.273181642920008e-14,0.0,48,2,123,84,47.94835341710644,48.226173073405974,30.87291666666681
246.89999999999026,261.17318813084796,0.1512000000000171,0.1,0.05120000000001709,0.0,48,2,122,83,48.82384864328264,48.12617307340597,30.972916666666816
246.99999999999025,261.273188130848,0.10000000000002274,0.1,2.273181642920008e-14,0.0,48,2,122,83,48.648309614192726,48.02617307340597,31.072916666666814
247.09999999999025,261.373188130848,0.10000000000002274,0.1,2.273181642920008e-14,0.0,48,2,122,83,48.469132803671776,47.92617307340597,31.17291666666681
247.19999999999024,261.47318813084803,0.10000000000002274,0.1,2.273181642920008e-14,0.0,48,2,122,83,48.29071521571574,47.82617307340597,31.272916666666813
247.29999999999023,261.57318813084805,0.10000000000002274,0.1,2.273181642920008e-14,0.0,48,2,122,83,48.11422320895527,47.72617307340597,31.37291666666681
247.39999999999023,261.6731881308481,0.10000000000002274,0.1,2.273181642920008e-14,0.0,48,2,122,83,47.934111584883475,47.626173073405965,31.472916666666816
247.49999999999022,261.7731881308481,0.10000000000002274,0.1,2.273181642920008e-14,0.0,48,2,122,83,47.756800653228844,47.526173073405964,31.572916666666814
247.59999999999022,261.9787881308481,0.205600000000004,0.1,0.105600000000004,0.0,48,2,120,83,49.777678562054575,47.42617307340596,31.67291666666681
247.6999999999902,262.0787881308481,0.10000000000002274,0.1,2.273181642920008e-14,0.0,50,2,121,84,46.613366938609026,49.77257335929986,30.50600000000014
247.7999999999902,262.17878813084815,0.10000000000002274,0.1,2.273181642920008e-14,0.0,50,2,120,84,46.4077848002931,49.67257335929986,30.60600000000014
247.8999999999902,262.30538813084814,0.12659999999999627,0.1,0.026599999999996266,0.0,50,2,119,84,46.75199963034981,49.57257335929986,30.70600000000014
247.9999999999902,262.40538813084817,0.10000000000002274,0.1,2.273181642920008e-14,0.0,50,2,120,84,46.567392224335,49.47257335929986,30.80600000000014
248.0999999999902,262.5053881308482,0.10000000000002274,0.1,2.273181642920008e-14,0.0,49,2,120,83,47.340766449097494,49.37257335929986,30.732653061224624
248.19999999999018,262.6053881308482,0.10000000000002274,0.1,2.273181642920008e-14,0.0,49,2,120,83,47.17397369494851,49.272573359299855,30.83265306122463
248.29999999999018,262.70538813084823,0.10000000000002274,0.1,2.273181642920008e-14,0.0,49,2,121,83,46.99544526304824,49.172573359299854,30.932653061224624
248.39999999999017,262.83198813084823,0.12659999999999627,0.1,0.026599999999996266,0.0,48,2,120,83,48.36325291843093,49.89615410088433,31.056250000000137
248.49999999999017,262.93198813084825,0.10000000000002274,0.1,2.273181642920008e-14,0.0,48,2,121,83,48.203428736008384,49.79615410088433,31.15625000000014
248.59999999999016,263.0319881308483,0.10000000000002274,0.1,2.273181642920008e-14,0.0,48,2,121,83,48.03102506665159,49.69615410088433,31.256250000000136
248.69999999999015,263.1319881308483,0.10000000000002274,0.1,2.273181642920008e-14,0.0,48,2,121,82,47.851212015339364,49.59615410088433,31.356250000000134
248.79999999999015,263.25618813084833,0.12420000000003029,0.1,0.02420000000003028,0.0,48,2,119,82,48.17706345299703,50.327594401890515,31.456250000000136
248.89999999999014,263.35618813084835,0.10000000000002274,0.1,2.273181642920008e-14,0.0,48,2,119,83,48.00927586670406,50.227594401890514,31.556250000000134
248.99999999999014,263.6361881308484,0.28000000000002956,0.1,0.18000000000002955,0.0,48,2,116,83,51.5790705085248,50.12759440189051,31.65625000000014
249.09999999999013,263.7361881308484,0.10000000000002274,0.1,2.273181642920008e-14,0.0,49,2,117,84,49.85001882735871,50.02759440189051,31.110204081632784
249.19999999999013,263.8361881308484,0.10000000000002274,0.1,2.273181642920008e-14,0.0,49,2,117,82,49.16739340676685,49.92759440189051,30.83061224489809
249.29999999999012,263.93618813084845,0.10000000000002274,0.1,2.273181642920008e-14,0.0,49,2,118,83,48.979926802523956,49.82759440189051,30.930612244898093
249.39999999999011,264.0961881308485,0.160000000000025,0.1,0.060000000000025006,0.0,49,2,117,83,50.01078122447362,49.72759440189051,31.03061224489809
249.4999999999901,264.1961881308485,0.10000000000002274,0.1,2.273181642920008e-14,0.0,49,2,117,82,49.8224404595657,49.627594401890505,31.130612244898092
249.5999999999901,264.3561881308485,0.160000000000025,0.1,0.060000000000025006,0.0,49,2,116,82,50.851950504851324,50.53042434596336,31.230612244898087
249.6999999999901,264.45618813084855,0.10000000000002274,0.1,2.273181642920008e-14,0.0,49,2,116,82,50.66284370655818,50.43042434596336,31.33061224489809
249.7999999999901,264.55618813084857,0.10000000000002274,0.1,2.273181642920008e-14,0.0,49,2,117,82,50.48363693113127,50.33042434596336,31.430612244898093
249.8999999999901,264.6561881308486,0.10000000000002274,0.1,2.273181642920008e-14,0.0,49,2,117,82,50.305821908955075,50.23042434596336,31.53061224489809
249.99999999999008,264.8161881308486,0.160000000000025,0.1,0.060000000000025006,0.0,49,2,116,82,51.35083039069144,50.130424345963355,31.630612244898092
250.09999999999008,265.00518813084864,0.18900000000002137,0.1,0.08900000000002137,0.0,50,2,114,82,51.432805593727174,50.52450316837509,31.09800000000013
250.19999999999007,265.16518813084866,0.160000000000025,0.1,0.060000000000025006,0.0,51,2,113,82,50.918471953755784,49.768503168375084,30.588235294117773
250.29999999999006,265.2651881308487,0.10000000000002274,0.1,2.273181642920008e-14,0.0,52,2,114,82,49.23335951400304,49.01150316837508,30.100000000000122
250.39999999999006,265.4251881308487,0.160000000000025,0.1,0.060000000000025006,0.0,52,2,113,82,50.149689400382044,48.72759440189049,30.200000000000124
250.49999999999005,265.54998813084876,0.1248000000000502,0.1,0.0248000000000502,0.0,53,2,113,81,48.97656793009961,47.7961541008843,29.730188679245405
250.59999999999005,265.6943881308488,0.14440000000001874,0.1,0.04440000000001873,0.0,53,2,112,81,49.57795620660837,48.52759440189049,29.830188679245403
250.69999999999004,265.7943881308488,0.10000000000002274,0.1,2.273181642920008e-14,0.0,53,2,112,81,49.30721680019678,48.42759440189049,29.9301886792454
250.79999999999004,265.92898813084884,0.13460000000003447,0.1,0.034600000000034464,0.0,53,2,111,81,49.67901134597278,48.32759440189049,30.030188679245402
250.89999999999003,266.08538813084886,0.1564000000000192,0.1,0.056400000000019185,0.0,53,2,108,81,50.522407718185725,49.23042434596334,30.1301886792454
250.99999999999002,266.1853881308489,0.10000000000002274,0.1,2.273181642920008e-14,0.0,53,2,108,81,50.30691615192525,49.13042434596334,30.2301886792454
251.09999999999002,266.4347881308489,0.24940000000003693,0.1,0.14940000000003692,0.0,53,2,105,81,52.899880741089675,49.03042434596334,30.330188679245403
251.19999999999,266.53478813084894,0.10000000000002274,0.1,2.273181642920008e-14,0.0,54,2,104,81,51.244778613865435,48.93042434596334,29.868518518518634
251.29999999999,266.63478813084896,0.10000000000002274,0.1,2.273181642920008e-14,0.0,54,2,105,81,51.009996162327695,48.83042434596334,29.968518518518636
251.39999999999,266.830788130849,0.19600000000002638,0.1,0.09600000000002637,0.0,54,2,103,80,52.55256189416227,48.730424345963335,30.068518518518633
251.49999999999,266.930788130849,0.10000000000002274,0.1,2.273181642920008e-14,0.0,54,2,104,80,52.325268712681336,48.630424345963334,30.168518518518635
251.59999999999,267.09078813084903,0.160000000000025,0.1,0.060000000000025006,0.0,54,2,104,80,53.18906151796005,48.53042434596333,30.268518518518633
251.69999999998998,267.2977881308491,0.20700000000005048,0.1,0.10700000000005047,0.0,55,2,103,80,53.48910420077253,47.427594401890474,29.81818181818193
251.79999999998998,267.4315881308491,0.1338000000000079,0.1,0.03380000000000791,0.0,57,2,102,80,51.103577892026294,46.49615410088428,28.871929824561512
251.89999999998997,267.5315881308491,0.10000000000002274,0.1,2.273181642920008e-14,0.0,57,2,102,80,50.86568331363202,45.85390032408552,28.971929824561514
251.99999999998997,267.63158813084914,0.10000000000002274,0.1,2.273181642920008e-14,0.0,57,2,105,80,50.624985237984816,45.5725733592998,29.071929824561515
252.09999999998996,267.73158813084916,0.10000000000002274,0.1,2.273181642920008e-14,0.0,57,2,105,80,50.382164264427026,45.4725733592998,29.17192982456151
252.19999999998996,267.8315881308492,0.10000000000002274,0.1,2.273181642920008e-14,0.0,56,2,106,80,51.04240420422049,46.09615410088428,28.860714285714387
252.29999999998995,267.9315881308492,0.10000000000002274,0.1,2.273181642920008e-14,0.0,56,2,106,80,50.7998116517364,45.996154100884276,28.960714285714385
252.39999999998994,268.09158813084923,0.160000000000025,0.1,0.060000000000025006,0.0,56,2,104,80,51.64070737620375,45.896154100884274,29.06071428571439
252.49999999998994,268.25158813084926,0.160000000000025,0.1,0.060000000000025006,0.0,56,2,104,81,52.4890717188568,45.79615410088427,29.160714285714388
252.59999999998993,268.4087881308493,0.15720000000004575,0.1,0.05720000000004574,0.0,57,2,103,81,51.91274672229509,45.69615410088427,28.749122807017645
252.69999999998993,268.5087881308493,0.10000000000002274,0.1,2.273181642920008e-14,0.0,58,2,104,80,50.36354281918446,45.59615410088427,28.353448275862167
252.79999999998992,268.60878813084935,0.10000000000002274,0.1,2.273181642920008e-14,0.0,58,2,105,80,50.13514035243641,45.49615410088427,28.453448275862165
252.89999999998992,268.70878813084937,0.10000000000002274,0.1,2.273181642920008e-14,0.0,58,2,105,80,49.90939483959156,45.39615410088427,28.553448275862166
252.9999999999899,268.8087881308494,0.10000000000002274,0.1,2.273181642920008e-14,0.0,58,2,106,80,49.689937805368906,45.296154100884266,28.653448275862164
253.0999999999899,268.9087881308494,0.10000000000002274,0.1,2.273181642920008e-14,0.0,58,2,107,80,49.47584405260969,45.196154100884264,28.753448275862162
253.1999999999899,269.00878813084944,0.10000000000002274,0.1,2.273181642920008e-14,0.0,58,2,107,80,49.26415694678887,45.09615410088426,28.853448275862167
253.2999999999899,269.10878813084946,0.10000000000002274,0.1,2.273181642920008e-14,0.0,58,2,107,80,49.05606451526755,44.99615410088426,28.953448275862165
253.3999999999899,269.2087881308495,0.10000000000002274,0.1,2.273181642920008e-14,0.0,58,2,108,80,48.847071896966355,44.89615410088426,29.053448275862166
253.49999999998988,269.3087881308495,0.10000000000002274,0.1,2.273181642920008e-14,0.0,58,2,106,80,48.641124025460776,44.79615410088426,29.153448275862164
253.59999999998988,269.44858813084954,0.13980000000003656,0.1,0.039800000000036556,0.0,58,2,105,80,49.12081288371619,45.52759440189045,29.253448275862162
253.69999999998987,269.60858813084957,0.160000000000025,0.1,0.060000000000025006,0.0,58,2,104,80,49.94953629813807,45.427594401890445,29.353448275862164
253.79999999998986,269.7085881308496,0.10000000000002274,0.1,2.273181642920008e-14,0.0,59,2,105,80,48.47470732184783,44.496154100884254,28.955932203389924
253.89999999998986,269.8085881308496,0.10000000000002274,0.1,2.273181642920008e-14,0.0,59,2,106,79,48.2668734814476,44.39615410088425,29.055932203389926
253.99999999998985,269.90858813084964,0.10000000000002274,0.1,2.273181642920008e-14,0.0,59,2,107,79,48.066801756043006,44.29615410088425,29.155932203389924
254.09999999998985,270.00858813084966,0.10000000000002274,0.1,2.273181642920008e-14,0.0,59,2,107,79,47.86105337254184,44.19615410088425,29.255932203389925
254.19999999998984,270.1685881308497,0.160000000000025,0.1,0.060000000000025006,0.0,59,2,105,79,48.671880119344834,44.09615410088425,29.355932203389923
254.29999999998984,270.2685881308497,0.10000000000002274,0.1,2.273181642920008e-14,0.0,59,2,105,79,48.464375379257575,43.99615410088425,29.455932203389924
254.39999999998983,270.39318813084975,0.12460000000004356,0.1,0.02460000000004356,0.0,59,2,103,79,48.67523689400019,43.896154100884246,29.555932203389922
254.49999999998983,270.4931881308498,0.10000000000002274,0.1,2.273181642920008e-14,0.0,59,2,104,79,48.474766941547,43.796154100884245,29.655932203389924
254.59999999998982,270.5931881308498,0.10000000000002274,0.1,2.273181642920008e-14,0.0,59,2,104,79,48.25992241442775,43.69615410088424,29.75593220338992
254.6999999999898,270.6931881308498,0.10000000000002274,0.1,2.273181642920008e-14,0.0,59,2,104,79,48.04433739415565,43.59615410088424,29.855932203389923
254.7999999999898,270.79318813084984,0.10000000000002274,0.1,2.273181642920008e-14,0.0,59,2,104,79,47.838888226029184,43.49615410088424,29.955932203389924
254.8999999999898,270.89318813084986,0.10000000000002274,0.1,2.273181642920008e-14,0.0,58,2,106,79,48.48186442963605,44.22759440189043,28.991379310344936
254.9999999999898,271.0327881308499,0.13960000000002992,0.1,0.03960000000002992,0.0,58,2,105,79,48.99266133090728,45.130424345963284,29.091379310344937
255.0999999999898,271.1327881308499,0.10000000000002274,0.1,2.273181642920008e-14,0.0,58,2,106,79,48.82190034217473,45.03042434596328,29.191379310344935
255.19999999998979,271.23278813084994,0.10000000000002274,0.1,2.273181642920008e-14,0.0,58,2,105,79,48.652639373840756,44.93042434596328,29.29137931034494
255.29999999998978,271.33278813084996,0.10000000000002274,0.1,2.273181642920008e-14,0.0,58,2,105,79,48.485576719587804,44.83042434596328,29.391379310344938
255.39999999998977,271.43278813085,0.10000000000002274,0.1,2.273181642920008e-14,0.0,58,2,107,79,48.31829464850668,44.73042434596328,29.491379310344936
255.49999999998977,271.53278813085,0.10000000000002274,0.1,2.273181642920008e-14,0.0,58,2,108,79,48.14901632319623,44.63042434596328,29.591379310344937
255.59999999998976,271.63278813085003,0.10000000000002274,0.1,2.273181642920008e-14,0.0,58,2,108,79,47.981404728239525,44.530424345963276,29.691379310344935
255.69999999998976,271.73278813085005,0.10000000000002274,0.1,2.273181642920008e-14,0.0,58,2,108,79,47.80179392957349,44.430424345963274,29.791379310344936
255.79999999998975,271.8327881308501,0.10000000000002274,0.1,2.273181642920008e-14,0.0,58,2,108,80,47.62218057782772,44.33042434596327,29.891379310344938
255.89999999998975,271.9327881308501,0.10000000000002274,0.1,2.273181642920008e-14,0.0,58,2,108,80,47.443427780565614,44.23042434596327,29.991379310344936
255.99999999998974,272.0327881308501,0.10000000000002274,0.1,2.273181642920008e-14,0.0,58,2,108,79,47.24201200842658,44.13042434596327,30.091379310344937
256.09999999998973,272.13278813085014,0.10000000000002274,0.1,2.273181642920008e-14,0.0,58,2,112,79,47.04376834716591,44.03042434596327,30.191379310344935
256.19999999998976,272.23278813085017,0.10000000000002274,0.1,2.273181642920008e-14,0.0,57,2,112,79,47.67748924220649,43.93042434596327,29.721052631579045
256.2999999999898,272.3327881308502,0.10000000000002274,0.1,2.273181642920008e-14,0.0,57,2,112,78,47.48496183245125,43.830424345963266,29.821052631579047
256.3999999999898,272.4327881308502,0.10000000000002274,0.1,2.273181642920008e-14,0.0,56,2,113,78,48.139148550215744,44.46481539211382,29.632142857142952
256.4999999999898,272.53278813085024,0.10000000000002274,0.1,2.273181642920008e-14,0.0,56,2,113,78,47.95190415233253,44.36481539211382,29.73214285714295
256.59999999998985,272.63278813085026,0.10000000000002274,0.1,2.273181642920008e-14,0.0,56,2,113,79,47.76257023316045,44.26481539211382,29.832142857142948
256.69999999998987,272.7327881308503,0.10000000000002274,0.1,2.273181642920008e-14,0.0,55,2,113,79,48.46914795494503,44.164815392113816,29.163636363636453
256.7999999999899,272.8327881308503,0.10000000000002274,0.1,2.273181642920008e-14,0.0,55,2,113,79,48.29389600111184,44.064815392113815,29.263636363636454
256.8999999999899,272.9327881308503,0.10000000000002274,0.1,2.273181642920008e-14,0.0,55,2,113,79,48.11883271802311,43.62703181660351,29.363636363636456
256.99999999998994,273.03278813085035,0.10000000000002274,0.1,2.273181642920008e-14,0.0,55,2,113,79,47.942784762432964,43.130424345963256,29.463636363636454
257.09999999998996,273.1327881308504,0.10000000000002274,0.1,2.273181642920008e-14,0.0,55,2,114,79,47.76631875392007,43.030424345963254,29.563636363636455
257.19999999999,273.2783881308504,0.14560000000000173,0.1,0.04560000000000172,0.0,55,2,113,80,48.41803239531621,43.66481539211381,29.663636363636453
257.29999999999,273.3783881308504,0.10000000000002274,0.1,2.273181642920008e-14,0.0,55,2,114,80,48.24220236411444,43.56481539211381,29.763636363636454
257.39999999999003,273.4783881308504,0.10000000000002274,0.1,2.273181642920008e-14,0.0,55,2,115,80,48.06578767479004,43.464815392113806,29.863636363636456
257.49999999999005,273.57838813085044,0.10000000000002274,0.1,2.273181642920008e-14,0.0,55,2,115,80,47.88978656217749,43.364815392113805,29.963636363636454
257.5999999999901,273.71078813085046,0.13240000000001828,0.1,0.032400000000018275,0.0,55,2,115,80,48.30300864583959,43.2648153921138,30.063636363636455
257.6999999999901,273.8107881308505,0.10000000000002274,0.1,2.273181642920008e-14,0.0,55,2,115,81,48.12733887783627,43.1648153921138,30.163636363636453
257.7999999999901,273.9107881308505,0.10000000000002274,0.1,2.273181642920008e-14,0.0,55,2,115,81,47.950802536921245,43.0648153921138,30.263636363636454
257.89999999999014,274.01078813085053,0.10000000000002274,0.1,2.273181642920008e-14,0.0,55,2,116,81,47.77421768627087,42.9648153921138,30.363636363636456
257.99999999999017,274.11078813085055,0.10000000000002274,0.1,2.273181642920008e-14,0.0,55,2,116,82,47.59817435820449,42.8648153921138,30.463636363636454
258.0999999999902,274.2107881308506,0.10000000000002274,0.1,2.273181642920008e-14,0.0,55,2,116,81,47.42248400854589,42.764815392113796,30.56363636363645
258.1999999999902,274.3107881308506,0.10000000000002274,0.1,2.273181642920008e-14,0.0,55,2,116,81,47.24657401416235,42.664815392113795,30.66363636363645
258.29999999999023,274.4707881308506,0.160000000000025,0.1,0.060000000000025006,0.0,55,2,115,81,48.14006841524163,45.66586392304749,30.76363636363645
258.39999999999026,274.57078813085064,0.10000000000002274,0.1,2.273181642920008e-14,0.0,55,2,116,82,47.952743028666575,45.56586392304749,30.863636363636452
258.4999999999903,274.67078813085067,0.10000000000002274,0.1,2.273181642920008e-14,0.0,55,2,117,82,47.7616008951789,45.465863923047486,30.96363636363645
258.5999999999903,274.7707881308507,0.10000000000002274,0.1,2.273181642920008e-14,0.0,55,2,117,82,47.576775239747604,45.07708003677251,31.06363636363645
258.6999999999903,274.9045881308507,0.1338000000000079,0.1,0.03380000000000791,0.0,55,2,117,82,47.97911059797001,44.4058536044982,31.16363636363645
258.79999999999035,275.0045881308507,0.10000000000002274,0.1,2.273181642920008e-14,0.0,56,2,117,82,46.501237475069146,43.69191374435841,30.70714285714294
258.89999999999037,275.10458813085074,0.10000000000002274,0.1,2.273181642920008e-14,0.0,56,2,119,82,46.309627714941925,42.98043136006497,30.807142857142942
258.9999999999904,275.20458813085077,0.10000000000002274,0.1,2.273181642920008e-14,0.0,56,2,119,82,45.965034337093094,42.070193763868424,30.90714285714294
259.0999999999904,275.3645881308508,0.160000000000025,0.1,0.060000000000025006,0.0,56,2,118,82,46.832570262109,43.879099794042986,31.00714285714294
259.19999999999044,275.4853881308508,0.1208000000000311,0.1,0.0208000000000311,0.0,55,2,117,82,47.73381130411199,43.779099794042985,30.470909090909167
259.29999999999046,275.6409881308509,0.15560000000004948,0.1,0.05560000000004947,0.0,55,2,116,82,48.55074248357274,43.67909979404298,30.57090909090917
259.3999999999905,275.7409881308509,0.10000000000002274,0.1,2.273181642920008e-14,0.0,56,2,116,82,46.90298367110508,44.56586392304747,30.125000000000075
259.4999999999905,275.8409881308509,0.10000000000002274,0.1,2.273181642920008e-14,0.0,56,2,117,82,46.70687473889034,44.46586392304747,30.225000000000076
259.59999999999053,276.00098813085094,0.160000000000025,0.1,0.060000000000025006,0.0,56,2,116,81,47.583293665956354,44.36586392304747,30.325000000000074
259.69999999999055,276.10098813085096,0.10000000000002274,0.1,2.273181642920008e-14,0.0,56,2,118,81,47.40112084073707,44.26586392304747,30.42500000000007
259.7999999999906,276.260988130851,0.160000000000025,0.1,0.060000000000025006,0.0,56,2,119,81,48.08568657485315,44.16586392304747,30.525000000000073
259.8999999999906,276.360988130851,0.10000000000002274,0.1,2.273181642920008e-14,0.0,57,2,118,81,46.58670676376354,44.065863923047466,30.089473684210596
259.9999999999906,276.46098813085104,0.10000000000002274,0.1,2.273181642920008e-14,0.0,57,2,119,80,46.38496558696851,43.965863923047465,30.189473684210597
260.09999999999064,276.56098813085106,0.10000000000002274,0.1,2.273181642920008e-14,0.0,57,2,119,81,46.197607692147216,43.86586392304746,30.2894736842106
260.19999999999067,276.6609881308511,0.10000000000002274,0.1,2.273181642920008e-14,0.0,57,2,118,81,46.01637268613127,43.76586392304746,30.3894736842106
260.2999999999907,276.7609881308511,0.10000000000002274,0.1,2.273181642920008e-14,0.0,57,2,119,81,45.70179784719513,43.66586392304746,30.489473684210594
260.3999999999907,276.8983881308511,0.13740000000001373,0.1,0.03740000000001373,0.0,57,2,118,81,46.18774073586121,43.56586392304746,30.589473684210596
260.49999999999073,276.99838813085114,0.10000000000002274,0.1,2.273181642920008e-14,0.0,57,2,118,81,45.583539592779765,43.84179477747463,29.90350877192989
260.59999999999076,277.09838813085116,0.10000000000002274,0.1,2.273181642920008e-14,0.0,57,2,118,81,45.40130039327912,43.74179477747463,30.00350877192989
260.6999999999908,277.1983881308512,0.10000000000002274,0.1,2.273181642920008e-14,0.0,57,2,117,81,45.22817300400339,43.64179477747463,30.10350877192989
260.7999999999908,277.2983881308512,0.10000000000002274,0.1,2.273181642920008e-14,0.0,57,2,116,81,44.91933543639482,43.16586392304745,30.203508771929886
260.8999999999908,277.39838813085123,0.10000000000002274,0.1,2.273181642920008e-14,0.0,57,2,117,81,44.73736078921338,43.06586392304745,30.303508771929888
260.99999999999085,277.49838813085125,0.10000000000002274,0.1,2.273181642920008e-14,0.0,57,2,117,81,44.5564644441573,42.96586392304745,30.40350877192989
261.09999999999087,277.5983881308513,0.10000000000002274,0.1,2.273181642920008e-14,0.0,56,2,118,81,45.18414090208497,43.241794777474624,29.66607142857149
261.1999999999909,277.6983881308513,0.10000000000002274,0.1,2.273181642920008e-14,0.0,56,2,119,81,44.87093038023097,43.14179477747462,29.766071428571497
261.2999999999909,277.8583881308513,0.160000000000025,0.1,0.060000000000025006,0.0,56,2,117,81,45.772383090431866,43.04179477747462,29.866071428571495
261.39999999999094,277.95838813085135,0.10000000000002274,0.1,2.273181642920008e-14,0.0,56,2,117,81,45.609192267279425,42.94179477747462,29.966071428571496
261.49999999999096,278.05838813085137,0.10000000000002274,0.1,2.273181642920008e-14,0.0,56,2,117,81,45.437182476593954,42.84179477747462,30.066071428571494
261.599999999991,278.1583881308514,0.10000000000002274,0.1,2.273181642920008e-14,0.0,56,2,117,81,45.27200262311411,42.74179477747462,30.16607142857149
261.699999999991,278.2583881308514,0.10000000000002274,0.1,2.273181642920008e-14,0.0,56,2,118,81,45.1111721602772,42.641794777474615,30.266071428571497
261.79999999999103,278.38958813085145,0.1312000000000353,0.1,0.031200000000035283,0.0,56,2,117,80,45.508471301281965,42.541794777474614,30.366071428571495
261.89999999999105,278.52298813085145,0.13339999999999463,0.1,0.03339999999999463,0.0,57,2,116,81,44.70663105729953,42.44179477747461,29.933333333333398
261.9999999999911,278.62298813085147,0.10000000000002274,0.1,2.273181642920008e-14,0.0,57,2,116,81,44.53734560113471,42.34179477747461,30.0333333333334
262.0999999999911,278.7229881308515,0.10000000000002274,0.1,2.273181642920008e-14,0.0,57,2,115,80,44.36929406728342,42.24179477747461,30.133333333333397
262.1999999999911,278.8229881308515,0.10000000000002274,0.1,2.273181642920008e-14,0.0,56,2,115,80,44.99412550524757,44.34832812782824,29.853571428571485
262.29999999999114,278.92298813085154,0.10000000000002274,0.1,2.273181642920008e-14,0.0,55,2,115,81,45.62554841585828,44.24832812782824,29.48181818181823
262.39999999999117,279.02298813085156,0.10000000000002274,0.1,2.273181642920008e-14,0.0,55,2,115,81,45.45287256788156,44.148328127828236,29.58181818181823
262.4999999999912,279.1637881308516,0.14080000000001291,0.1,0.04080000000001291,0.0,55,2,115,82,46.03979810339457,46.23252651578034,29.681818181818233
262.5999999999912,279.2637881308516,0.10000000000002274,0.1,2.273181642920008e-14,0.0,55,2,115,82,45.89647714138654,46.13252651578034,29.78181818181823
262.69999999999123,279.3637881308516,0.10000000000002274,0.1,2.273181642920008e-14,0.0,55,2,115,82,45.74356133957507,46.03252651578034,29.881818181818232
262.79999999999126,279.49498813085165,0.1312000000000353,0.1,0.031200000000035283,0.0,55,2,114,82,46.163219966738644,45.93252651578034,29.981818181818227
262.8999999999913,279.5949881308517,0.10000000000002274,0.1,2.273181642920008e-14,0.0,55,2,115,81,46.0252846064179,45.83252651578034,30.081818181818228
262.9999999999913,279.6949881308517,0.10000000000002274,0.1,2.273181642920008e-14,0.0,54,2,116,81,46.74714483830751,46.00794004716797,29.12962962962969
263.0999999999913,279.7949881308517,0.10000000000002274,0.1,2.273181642920008e-14,0.0,54,2,117,81,46.59975721085269,45.90794004716797,29.22962962962969
263.19999999999135,279.89498813085174,0.10000000000002274,0.1,2.273181642920008e-14,0.0,53,2,117,82,47.330881697121924,45.53252651578033,28.781132075471753
263.29999999999137,279.99498813085177,0.10000000000002274,0.1,2.273181642920008e-14,0.0,53,2,118,83,47.182261905416524,45.43252651578033,28.88113207547175
263.3999999999914,280.0949881308518,0.10000000000002274,0.1,2.273181642920008e-14,0.0,53,2,119,83,47.03442822985061,45.33252651578033,28.98113207547175
263.4999999999914,280.1949881308518,0.10000000000002274,0.1,2.273181642920008e-14,0.0,53,2,121,83,46.88580036858557,45.23252651578033,29.08113207547175
263.59999999999144,280.29498813085183,0.10000000000002274,0.1,2.273181642920008e-14,0.0,53,2,120,83,46.737516284246716,45.13252651578033,29.181132075471748
263.69999999999146,280.39498813085186,0.10000000000002274,0.1,2.273181642920008e-14,0.0,53,2,122,83,46.58970887000341,45.032526515780326,29.281132075471746
263.7999999999915,280.4949881308519,0.10000000000002274,0.1,2.273181642920008e-14,0.0,52,2,121,83,47.33871604238685,45.20794004716796,28.594230769230816
263.8999999999915,280.5949881308519,0.10000000000002274,0.1,2.273181642920008e-14,0.0,52,2,120,83,47.18955067013572,45.10794004716796,28.694230769230817
263.99999999999153,280.6949881308519,0.10000000000002274,0.1,2.273181642920008e-14,0.0,52,2,120,83,47.040505731674855,45.007940047167956,28.794230769230815
264.09999999999155,280.79498813085195,0.10000000000002274,0.1,2.273181642920008e-14,0.0,52,2,119,83,46.89198701717617,44.907940047167955,28.894230769230816
264.1999999999916,280.89498813085197,0.10000000000002274,0.1,2.273181642920008e-14,0.0,52,2,118,83,46.742608014204286,44.80794004716795,28.994230769230818
264.2999999999916,280.994988130852,0.10000000000002274,0.1,2.273181642920008e-14,0.0,52,2,121,83,46.59399816473637,44.70794004716795,29.094230769230816
264.3999999999916,281.094988130852,0.10000000000002274,0.1,2.273181642920008e-14,0.0,52,2,122,83,46.444825411417725,44.60794004716795,29.194230769230817
264.49999999999164,281.19498813085204,0.10000000000002274,0.1,2.273181642920008e-14,0.0,52,2,123,84,46.296037907914396,44.50794004716795,29.294230769230815
264.59999999999167,281.29498813085206,0.10000000000002274,0.1,2.273181642920008e-14,0.0,52,2,124,84,46.14749874474801,44.40794004716795,29.394230769230816
264.6999999999917,281.3949881308521,0.10000000000002274,0.1,2.273181642920008e-14,0.0,52,2,124,85,45.99761693704132,44.307940047167946,29.494230769230818
264.7999999999917,281.4949881308521,0.10000000000002274,0.1,2.273181642920008e-14,0.0,52,2,123,85,45.847857358218,44.207940047167945,29.59423076923082
264.89999999999173,281.59498813085213,0.10000000000002274,0.1,2.273181642920008e-14,0.0,52,2,123,85,45.69806500920791,44.10794004716794,29.694230769230817
264.99999999999176,281.69498813085215,0.10000000000002274,0.1,2.273181642920008e-14,0.0,52,2,123,85,45.5476085156755,44.00794004716794,29.794230769230815
265.0999999999918,281.7949881308522,0.10000000000002274,0.1,2.273181642920008e-14,0.0,52,2,123,85,45.39794012280167,43.90794004716794,29.894230769230816
265.1999999999918,281.8949881308522,0.10000000000002274,0.1,2.273181642920008e-14,0.0,52,2,124,85,45.24929636588571,43.80794004716794,29.994230769230818
265.2999999999918,281.9949881308522,0.10000000000002274,0.1,2.273181642920008e-14,0.0,52,2,124,85,45.100725467247486,43.4325265157803,30.09423076923082
265.39999999999185,282.09498813085224,0.10000000000002274,0.1,2.273181642920008e-14,0.0,52,2,124,83,44.95184523672764,43.3325265157803,30.194230769230817
265.49999999999187,282.19498813085227,0.10000000000002274,0.1,2.273181642920008e-14,0.0,52,2,125,83,44.80328063475942,43.2325265157803,30.294230769230815
265.5999999999919,282.2949881308523,0.10000000000002274,0.1,2.273181642920008e-14,0.0,52,2,125,83,44.61821896226171,43.1325265157803,30.394230769230816
265.6999999999919,282.3949881308523,0.10000000000002274,0.1,2.273181642920008e-14,0.0,52,2,125,83,44.42769264028355,43.0325265157803,30.494230769230818
265.79999999999194,282.5269881308523,0.132000000000005,0.1,0.032000000000005,0.0,52,2,126,83,44.857665159726054,42.932526515780296,30.59423076923082
265.89999999999196,282.62698813085234,0.10000000000002274,0.1,2.273181642920008e-14,0.0,52,2,126,83,44.673242759143186,42.832526515780295,30.694230769230817
265.999999999992,282.72698813085236,0.10000000000002274,0.1,2.273181642920008e-14,0.0,52,2,126,82,44.486896323054125,42.73252651578029,30.794230769230815
266.099999999992,282.8269881308524,0.10000000000002274,0.1,2.273181642920008e-14,0.0,52,2,126,82,44.30625071174267,42.63252651578029,30.894230769230816
266.19999999999203,282.9269881308524,0.10000000000002274,0.1,2.273181642920008e-14,0.0,52,2,127,81,44.08859270160742,42.53252651578029,30.994230769230818
266.29999999999205,283.0593881308524,0.13240000000001828,0.1,0.032400000000018275,0.0,52,2,126,80,44.511923492169316,42.43252651578029,31.09423076923082
266.3999999999921,283.15938813085245,0.10000000000002274,0.1,2.273181642920008e-14,0.0,52,2,126,80,44.316039014525735,42.33252651578029,31.19423076923082
266.4999999999921,283.3193881308525,0.160000000000025,0.1,0.060000000000025006,0.0,52,2,124,80,45.26581619831805,42.232526515780286,31.294230769230815
266.5999999999921,283.4193881308525,0.10000000000002274,0.1,2.273181642920008e-14,0.0,52,2,124,80,45.0659991245476,42.132526515780285,31.394230769230816
266.69999999999214,283.5193881308525,0.10000000000002274,0.1,2.273181642920008e-14,0.0,52,2,125,80,44.864791661523746,42.03252651578028,31.494230769230818
266.79999999999217,283.61938813085254,0.10000000000002274,0.1,2.273181642920008e-14,0.0,52,2,128,81,44.66538986565216,41.93252651578028,31.59423076923082
266.8999999999922,283.71938813085256,0.10000000000002274,0.1,2.273181642920008e-14,0.0,52,2,129,81,44.46579433459378,41.83252651578028,31.69423076923082
266.9999999999922,283.8193881308526,0.10000000000002274,0.1,2.273181642920008e-14,0.0,52,2,129,81,44.265794069399696,41.73252651578028,31.794230769230822
267.09999999999224,283.9193881308526,0.10000000000002274,0.1,2.273181642920008e-14,0.0,52,2,130,81,44.06728748629392,41.63252651578028,31.894230769230816
267.19999999999226,284.01938813085263,0.10000000000002274,0.1,2.273181642920008e-14,0.0,52,2,130,81,43.86790251369767,41.532526515780276,31.994230769230818
267.2999999999923,284.11938813085266,0.10000000000002274,0.1,2.273181642920008e-14,0.0,52,2,131,81,43.66958632625945,41.432526515780275,32.09423076923082
267.3999999999923,284.2193881308527,0.10000000000002274,0.1,2.273181642920008e-14,0.0,52,2,131,81,43.47100834891516,41.33252651578027,32.19423076923082
267.4999999999923,284.3193881308527,0.10000000000002274,0.1,2.273181642920008e-14,0.0,52,2,131,80,43.259817743446085,41.23252651578027,32.29423076923082
267.59999999999235,284.4193881308527,0.10000000000002274,0.1,2.273181642920008e-14,0.0,52,2,132,80,43.06184932921861,41.13252651578027,32.39423076923082
267.6999999999924,284.55498813085273,0.13560000000001082,0.1,0.03560000000001082,0.0,52,2,132,80,43.548082944784966,41.03252651578027,32.494230769230825
267.7999999999924,284.65498813085276,0.10000000000002274,0.1,2.273181642920008e-14,0.0,52,2,132,80,43.35469386227159,40.93252651578027,32.59423076923082
267.8999999999924,284.7439664165336,0.08897828568086652,0.1,4.279736287582381e-14,0.011021714319176283,51,2,133,80,43.96969089883796,40.832526515780266,33.03529411764711
267.99999999999244,284.87476641653365,0.130800000000022,0.1,0.030800000000022004,0.0,51,2,132,80,44.372925323260944,41.0079400471679,33.13529411764711
268.09999999999246,284.97476641653367,0.10000000000002274,0.1,2.273181642920008e-14,0.0,50,2,132,80,45.08106363091887,41.882401935160175,33.04200000000005
268.1999999999925,285.0747664165337,0.10000000000002274,0.1,2.273181642920008e-14,0.0,50,2,133,80,44.89493660665283,41.78240193516017,33.142000000000046
268.2999999999925,285.1747664165337,0.10000000000002274,0.1,2.273181642920008e-14,0.0,50,2,133,80,44.72036226582162,41.68240193516017,33.24200000000005
268.39999999999253,285.27476641653374,0.10000000000002274,0.1,2.273181642920008e-14,0.0,50,2,133,80,44.55289697250892,41.58240193516017,33.34200000000005
268.49999999999255,285.40916641653376,0.13440000000002783,0.1,0.034400000000027825,0.0,50,2,132,80,45.07366793520668,41.48240193516017,33.44200000000005
268.5999999999926,285.5091664165338,0.10000000000002274,0.1,2.273181642920008e-14,0.0,50,2,132,79,44.91182490785053,41.38240193516017,33.54200000000005
268.6999999999926,285.6091664165338,0.10000000000002274,0.1,2.273181642920008e-14,0.0,50,2,132,79,44.742762506653705,41.282401935160166,33.64200000000005
268.7999999999926,285.70916641653383,0.10000000000002274,0.1,2.273181642920008e-14,0.0,50,2,132,79,44.57426570449407,40.52399812379315,33.742000000000054
268.89999999999264,285.80916641653386,0.10000000000002274,0.1,2.273181642920008e-14,0.0,50,2,132,79,44.40698949813645,40.10794004716789,33.842000000000056
268.99999999999267,285.9091664165339,0.10000000000002274,0.1,2.273181642920008e-14,0.0,50,2,131,79,44.24178744938457,40.007940047167885,33.94200000000005
269.0999999999927,286.0091664165339,0.10000000000002274,0.1,2.273181642920008e-14,0.0,50,2,132,79,44.0868728834837,39.907940047167884,34.04200000000005
269.1999999999927,286.1091664165339,0.10000000000002274,0.1,2.273181642920008e-14,0.0,50,2,132,79,43.93135761075639,39.80794004716788,34.14200000000005
269.29999999999274,286.25076641653396,0.14160000000003947,0.1,0.041600000000039467,0.0,49,2,131,78,45.52849309002458,40.68240193516016,34.546938775510256
269.39999999999276,286.350766416534,0.10000000000002274,0.1,2.273181642920008e-14,0.0,49,2,132,78,45.39129713608429,40.582401935160156,34.64693877551026
269.4999999999928,286.450766416534,0.10000000000002274,0.1,2.273181642920008e-14,0.0,49,2,132,78,45.231756543230304,40.482401935160155,34.74693877551026
269.5999999999928,286.55076641653403,0.10000000000002274,0.1,2.273181642920008e-14,0.0,49,2,132,78,45.073109158040985,40.38240193516015,34.84693877551026
269.6999999999928,286.65076641653405,0.10000000000002274,0.1,2.273181642920008e-14,0.0,48,2,132,78,45.85808975403683,42.55286211999035,34.44166666666671
269.79999999999285,286.7507664165341,0.10000000000002274,0.1,2.273181642920008e-14,0.0,48,2,133,77,45.705760194675655,42.45286211999035,34.54166666666671
269.8999999999929,286.9107664165341,0.160000000000025,0.1,0.060000000000025006,0.0,48,2,136,77,46.80340980198113,44.81917686767091,34.641666666666715
269.9999999999929,287.0107664165341,0.10000000000002274,0.1,2.273181642920008e-14,0.0,48,2,136,77,46.65103857595329,44.71917686767091,34.74166666666671
270.0999999999929,287.16576641653415,0.15500000000002956,0.1,0.05500000000002955,0.0,48,2,135,77,47.64323387397024,44.61917686767091,34.84166666666671
270.19999999999294,287.2657664165342,0.10000000000002274,0.1,2.273181642920008e-14,0.0,49,2,135,77,46.02175551492014,42.052862119990344,34.230612244898005
270.29999999999296,287.3657664165342,0.10000000000002274,0.1,2.273181642920008e-14,0.0,49,2,136,77,45.86967881854029,41.95286211999034,34.330612244898
270.399999999993,287.4657664165342,0.10000000000002274,0.1,2.273181642920008e-14,0.0,49,2,136,77,45.722682934680755,41.85286211999034,34.430612244898
270.499999999993,287.56576641653425,0.10000000000002274,0.1,2.273181642920008e-14,0.0,49,2,136,77,45.57867926781107,41.75286211999034,34.53061224489801
270.59999999999303,287.66576641653427,0.10000000000002274,0.1,2.273181642920008e-14,0.0,49,2,136,77,45.42425797952826,41.65286211999034,34.630612244898
270.69999999999305,287.7657664165343,0.10000000000002274,0.1,2.273181642920008e-14,0.0,49,2,135,76,45.2757723587154,41.55286211999034,34.730612244898005
270.7999999999931,287.8657664165343,0.10000000000002274,0.1,2.273181642920008e-14,0.0,49,2,135,76,45.12969355611665,41.452862119990336,34.830612244898
270.8999999999931,287.96576641653434,0.10000000000002274,0.1,2.273181642920008e-14,0.0,49,2,134,76,44.89461983420988,41.352862119990334,34.930612244898
270.9999999999931,288.1625664165344,0.19680000000005293,0.1,0.09680000000005293,0.0,49,2,131,77,46.66156188441792,43.719176867670896,35.03061224489801
271.09999999999314,288.2847664165344,0.12220000000002074,0.1,0.02220000000002073,0.0,50,2,130,77,45.42274559385965,43.619176867670895,34.43000000000004
271.19999999999317,288.4407664165344,0.1560000000000059,0.1,0.056000000000005906,0.0,50,2,130,77,46.2632601811691,43.51917686767089,34.530000000000044
271.2999999999932,288.5925664165344,0.15179999999998017,0.1,0.05179999999998017,0.0,50,2,128,77,47.00136265168735,43.41917686767089,34.630000000000045
271.3999999999932,288.6925664165344,0.10000000000002274,0.1,2.273181642920008e-14,0.0,50,2,128,77,46.723717585939625,42.96995112195521,34.73000000000005
271.49999999999324,288.84256641653445,0.1500000000000341,0.1,0.0500000000000341,0.0,50,2,127,78,47.42788591190277,43.21917686767089,34.83000000000005
271.59999999999326,288.9425664165345,0.10000000000002274,0.1,2.273181642920008e-14,0.0,50,2,127,78,47.15030628583815,43.11917686767089,34.93000000000004
271.6999999999933,289.0905664165345,0.14800000000002456,0.1,0.04800000000002455,0.0,50,2,127,79,47.825674602587824,43.019176867670886,35.030000000000044
271.7999999999933,289.1905664165345,0.10000000000002274,0.1,2.273181642920008e-14,0.0,50,2,128,79,47.056879201962595,44.04180183961219,34.74400000000005
271.8999999999933,289.35056641653455,0.160000000000025,0.1,0.060000000000025006,0.0,50,2,126,79,47.977959072951215,43.94180183961219,34.844000000000044
271.99999999999335,289.4937664165346,0.14320000000003574,0.1,0.04320000000003574,0.0,50,2,125,78,48.56520481677266,43.84180183961219,34.944000000000045
272.0999999999934,289.6537664165346,0.160000000000025,0.1,0.060000000000025006,0.0,50,2,125,78,49.486182237486304,43.74180183961219,35.04400000000005
272.1999999999934,289.87376641653464,0.22000000000002728,0.1,0.12000000000002728,0.0,51,2,123,77,50.10642879506234,43.641801839612185,34.456862745098086
272.2999999999934,290.12696641653463,0.25319999999999254,0.1,0.15319999999999254,0.0,53,2,121,77,49.88774025958972,43.541801839612184,33.25660377358495
272.39999999999344,290.27376641653467,0.14680000000004156,0.1,0.04680000000004156,0.0,54,2,120,77,49.06712470532171,44.30405497579566,32.74074074074078
272.49999999999346,290.3737664165347,0.10000000000002274,0.1,2.273181642920008e-14,0.0,54,2,120,77,48.777036801076015,44.20405497579566,32.840740740740785
272.5999999999935,290.50516641653473,0.13140000000004193,0.1,0.03140000000004192,0.0,54,2,120,77,49.06000335814806,44.104054975795655,32.940740740740786
272.6999999999935,290.60516641653476,0.10000000000002274,0.1,2.273181642920008e-14,0.0,54,2,120,78,48.73885439669399,44.004054975795654,33.04074074074078
272.79999999999353,290.7051664165348,0.10000000000002274,0.1,2.273181642920008e-14,0.0,54,2,120,79,48.27828709913325,43.90405497579565,33.14074074074079
272.89999999999355,290.2476889758768,-0.4574774406579536,0.1,0.05999999999999839,0.617477440657952,53,2,119,79,48.83866671585461,43.80405497579565,33.81509433962268
272.9999999999936,290.1680139825066,-0.0796749933702472,0.1,0.05800000000000724,0.23767499337025444,52,2,118,79,50.13558059449152,44.41145094953812,33.65769230769235
273.0999999999936,290.3830139825066,0.21500000000003183,0.1,0.11500000000003183,0.0,53,2,116,79,50.60238950899953,43.37145094953813,33.122641509434004
273.1999999999936,290.1343272625372,-0.24868671996938474,0.1,-1.1102230246251565e-16,0.3486867199693846,54,2,117,78,47.81256695955994,45.68096706430785,31.7203703703704
273.29999999999364,290.23432726253725,0.10000000000002274,0.1,2.273181642920008e-14,0.0,54,2,117,78,47.490864607137574,45.58096706430785,31.820370370370398
273.39999999999367,290.3343272625373,0.10000000000002274,0.1,2.273181642920008e-14,0.0,54,2,118,78,47.1091821512667,44.816122423746585,31.9203703703704
273.4999999999937,290.4343272625373,0.10000000000002274,0.1,2.273181642920008e-14,0.0,54,2,117,79,46.72350338351135,44.10405303991629,32.0203703703704
273.5999999999937,290.5343272625373,0.10000000000002274,0.1,2.273181642920008e-14,0.0,54,2,117,79,46.3437832172594,43.39198365608599,32.1203703703704
273.69999999999374,290.74932726253735,0.21500000000003183,0.1,0.11500000000003183,0.0,54,2,115,79,48.09363853211826,43.00405497579564,32.220370370370404
273.79999999999376,290.8493272625374,0.10000000000002274,0.1,2.273181642920008e-14,0.0,54,2,115,79,47.26647041352166,42.90405497579564,31.707407407407434
273.8999999999938,291.0093272625374,0.160000000000025,0.1,0.060000000000025006,0.0,54,2,115,80,47.98840076582251,42.80405497579564,31.807407407407435
273.9999999999938,291.1093272625374,0.10000000000002274,0.1,2.273181642920008e-14,0.0,55,2,117,79,46.269026871429595,41.84180183961216,31.329090909090937
274.0999999999938,291.20932726253744,0.10000000000002274,0.1,2.273181642920008e-14,0.0,55,2,117,79,45.88496150744498,41.74180183961216,31.429090909090938
274.19999999999385,291.42932726253747,0.22000000000002728,0.1,0.12000000000002728,0.0,55,2,115,79,47.638037832031706,44.48183110281948,31.529090909090936
274.2999999999939,291.5893272625375,0.160000000000025,0.1,0.060000000000025006,0.0,54,2,114,79,49.188240018419044,44.78256000224905,31.629629629629655
274.3999999999939,291.7263272625375,0.13700000000000045,0.1,0.03700000000000045,0.0,54,2,113,79,49.45715113147267,44.10711473705338,31.729629629629652
274.4999999999939,291.6625501057272,-0.06377715681031759,0.1,0.029600000000056276,0.19337715681037387,53,2,112,79,50.1755687315422,43.43119997808447,31.87924528301889
274.59999999999394,291.45548461732176,-0.20706548840541927,0.1,-2.7755575615628914e-15,0.3070654884054165,52,2,112,79,49.67240925448032,45.203741248753055,30.93076923076924
274.69999999999396,291.5554846173218,0.10000000000002274,0.1,2.273181642920008e-14,0.0,52,2,113,79,49.2733859534096,44.49167186492276,31.030769230769238
274.799999999994,291.6780846173218,0.12260000000003402,0.1,0.02260000000003401,0.0,52,2,112,79,49.31613842013075,43.77960248109246,31.13076923076924
274.899999999994,291.77808461732184,0.10000000000002274,0.1,2.273181642920008e-14,0.0,52,2,112,79,48.92894339344681,43.067533097262164,31.23076923076924
274.99999999999403,291.87808461732186,0.10000000000002274,0.1,2.273181642920008e-14,0.0,52,2,112,79,48.545883038335994,42.35546371343187,31.330769230769242
275.09999999999405,291.94301823104496,0.06493361372309892,0.1,1.7007228958476617e-14,0.0350663862769181,51,2,112,79,49.03649621968656,41.64339432960157,31.080392156862743
275.1999999999941,292.043018231045,0.10000000000002274,0.1,2.273181642920008e-14,0.0,51,2,114,79,48.652878641980706,41.50405497579562,31.180392156862744
275.2999999999941,292.205018231045,0.16200000000003456,0.1,0.062000000000034555,0.0,51,2,113,77,49.48143673045943,48.2833055480047,31.280392156862746
275.3999999999941,292.30501823104504,0.10000000000002274,0.1,2.273181642920008e-14,0.0,51,2,113,77,48.618910063814326,48.1833055480047,30.7156862745098
275.49999999999415,292.46501823104506,0.160000000000025,0.1,0.060000000000025006,0.0,51,2,112,77,49.38756617037804,47.46904121285267,30.815686274509797
275.59999999999417,292.6250182310451,0.160000000000025,0.1,0.060000000000025006,0.0,52,2,110,77,48.70955899985979,51.46764975862385,30.32307692307692
275.6999999999942,292.7250182310451,0.10000000000002274,0.1,2.273181642920008e-14,0.0,52,2,110,77,48.30084826941025,50.56664975862385,30.42307692307692
275.7999999999942,292.82501823104514,0.10000000000002274,0.1,2.273181642920008e-14,0.0,52,2,110,77,47.91401539419156,49.66464975862385,30.52307692307692
275.89999999999424,292.92501823104516,0.10000000000002274,0.1,2.273181642920008e-14,0.0,51,2,110,76,48.48996852928725,48.761649758623854,30.73529411764705
275.99999999999426,292.6890002743113,-0.2360179567338605,0.1,9.2148511043888e-15,0.3360179567338697,50,2,109,76,48.42111316087678,48.924216425324616,29.192000000000036
276.0999999999943,292.7890002743113,0.10000000000002274,0.1,2.273181642920008e-14,0.0,50,2,109,76,48.07065984351905,48.21214704149432,29.292000000000034
276.1999999999943,292.94900027431135,0.160000000000025,0.1,0.060000000000025006,0.0,50,2,109,76,48.93686852691937,47.50007765766402,29.392000000000035
276.2999999999943,293.04900027431137,0.10000000000002274,0.1,2.273181642920008e-14,0.0,51,2,109,76,47.159192888812925,45.13964975862386,28.915686274509834
276.39999999999435,293.1490002743114,0.10000000000002274,0.1,2.273181642920008e-14,0.0,51,2,109,76,46.82231162555271,44.23164975862386,29.01568627450984
276.4999999999944,293.0368578981918,-0.11214237611960698,0.1,0.022199999999996334,0.23434237611960332,50,2,108,74,47.40226340148774,46.12223292282001,28.382000000000026
276.5999999999944,293.1812578981918,0.14440000000001874,0.1,0.04440000000001873,0.0,50,2,108,74,47.96811660711818,48.06614221633949,28.482000000000024
276.6999999999944,293.2812578981918,0.10000000000002274,0.1,2.273181642920008e-14,0.0,50,2,108,74,47.61699020815048,47.11094540442667,28.582000000000026
276.79999999999444,293.38125789819185,0.10000000000002274,0.1,2.273181642920008e-14,0.0,49,2,108,74,48.22275306302174,46.16635957891962,28.383673469387773
276.89999999999446,293.48125789819187,0.10000000000002274,0.1,2.273181642920008e-14,0.0,49,2,108,74,47.878227554056224,45.722232922820005,28.483673469387774
276.9999999999945,293.5812578981919,0.10000000000002274,0.1,2.273181642920008e-14,0.0,49,2,108,74,47.5440353636018,45.622232922820004,28.583673469387772
277.0999999999945,293.6812578981919,0.10000000000002274,0.1,2.273181642920008e-14,0.0,48,2,108,73,48.194342779568416,45.747367543082134,28.71458333333335
277.19999999999453,293.78125789819194,0.10000000000002274,0.1,2.273181642920008e-14,0.0,48,2,109,73,47.874520734578915,45.429034111239694,28.81458333333335
277.29999999999455,293.94125789819196,0.160000000000025,0.1,0.060000000000025006,0.0,47,2,108,73,49.858328160434475,45.6087214289973,27.438297872340467
277.3999999999946,294.041257898192,0.10000000000002274,0.1,2.273181642920008e-14,0.0,47,2,108,72,49.56005736330184,45.22903411123969,27.53829787234047
277.4999999999946,294.141257898192,0.10000000000002274,0.1,2.273181642920008e-14,0.0,47,2,109,72,49.256532153857016,45.12903411123969,27.63829787234047
277.5999999999946,294.36125789819204,0.22000000000002728,0.1,0.12000000000002728,0.0,47,2,108,72,51.4932331312788,47.64964608589067,27.73829787234047
277.69999999999465,294.46125789819206,0.10000000000002274,0.1,2.273181642920008e-14,0.0,47,2,108,73,51.18665501447424,47.28497716553307,27.838297872340473
277.79999999999467,294.5612578981921,0.10000000000002274,0.1,2.273181642920008e-14,0.0,47,2,108,73,50.901153936605965,47.18497716553307,27.93829787234047
277.8999999999947,294.6612578981921,0.10000000000002274,0.1,2.273181642920008e-14,0.0,46,2,108,73,51.72561896010683,55.088728471612725,28.076086956521785
277.9999999999947,294.7612578981921,0.10000000000002274,0.1,2.273181642920008e-14,0.0,46,2,109,73,51.450390804750164,54.988728471612724,28.176086956521782
278.09999999999474,294.86125789819215,0.10000000000002274,0.1,2.273181642920008e-14,0.0,46,2,109,73,51.17824321377305,54.88872847161272,28.276086956521784
278.19999999999476,294.9612578981922,0.10000000000002274,0.1,2.273181642920008e-14,0.0,46,2,109,73,50.90914319426853,54.78872847161272,28.37608695652178
278.2999999999948,295.0612578981922,0.10000000000002274,0.1,2.273181642920008e-14,0.0,46,2,110,72,50.64924443323654,54.68872847161272,28.47608695652178
278.3999999999948,295.2212578981922,0.160000000000025,0.1,0.060000000000025006,0.0,46,2,109,72,51.698243147781874,54.58872847161272,28.576086956521785
278.4999999999948,295.37585789819224,0.15460000000001628,0.1,0.054600000000016274,0.0,47,2,108,72,50.97432919957796,54.48872847161272,28.068085106383023
278.59999999999485,295.47585789819226,0.10000000000002274,0.1,2.273181642920008e-14,0.0,47,2,108,72,50.715535828491234,54.388728471612716,28.168085106383025
278.6999999999949,295.5758578981923,0.10000000000002274,0.1,2.273181642920008e-14,0.0,47,2,108,72,50.453656911021724,54.288728471612714,28.26808510638302
278.7999999999949,295.6758578981923,0.10000000000002274,0.1,2.273181642920008e-14,0.0,47,2,108,71,50.19373159078912,54.18872847161271,28.36808510638302
278.8999999999949,295.7758578981923,0.10000000000002274,0.1,2.273181642920008e-14,0.0,47,2,109,72,49.938958895852544,54.08872847161271,28.468085106383022
278.99999999999494,295.87585789819235,0.10000000000002274,0.1,2.273181642920008e-14,0.0,47,2,109,72,49.69342715602719,53.6763936157218,28.568085106383023
279.09999999999496,295.9758578981924,0.10000000000002274,0.1,2.273181642920008e-14,0.0,47,2,110,72,49.45396114425699,52.78583028685519,28.668085106383025
279.199999999995,296.0758578981924,0.10000000000002274,0.1,2.273181642920008e-14,0.0,47,2,110,72,49.232080031250945,52.685830286855186,28.76808510638302
279.299999999995,296.1758578981924,0.10000000000002274,0.1,2.273181642920008e-14,0.0,47,2,112,72,49.00874667740209,52.585830286855185,28.86808510638302
279.39999999999503,296.27585789819244,0.10000000000002274,0.1,2.273181642920008e-14,0.0,47,2,112,72,48.78630180086174,52.48583028685518,28.968085106383022
279.49999999999505,296.37585789819246,0.10000000000002274,0.1,2.273181642920008e-14,0.0,47,2,112,73,48.56475207946448,52.38583028685518,29.068085106383023
279.5999999999951,296.5244578981925,0.14860000000004447,0.1,0.04860000000004447,0.0,47,2,112,73,49.37659686695178,52.28583028685518,29.168085106383025
279.6999999999951,296.62445789819253,0.10000000000002274,0.1,2.273181642920008e-14,0.0,47,2,113,71,49.1589477617966,52.18583028685518,29.268085106383026
279.7999999999951,296.74465789819254,0.12020000000001119,0.1,0.02020000000001118,0.0,47,2,112,71,49.362434611043945,52.08583028685518,29.36808510638302
279.89999999999515,296.8676578981926,0.1230000000000473,0.1,0.023000000000047288,0.0,48,2,111,72,48.08111658461704,51.985830286855176,28.856250000000045
279.99999999999517,296.9676578981926,0.10000000000002274,0.1,2.273181642920008e-14,0.0,47,2,111,73,48.860999615852435,51.885830286855175,29.40425531914898
280.0999999999952,297.06765789819264,0.10000000000002274,0.1,2.273181642920008e-14,0.0,47,2,111,73,48.64755988040123,51.78583028685517,29.50425531914898
280.1999999999952,297.16765789819266,0.10000000000002274,0.1,2.273181642920008e-14,0.0,47,2,111,73,48.442654024807354,51.42829536683867,29.604255319148983
280.29999999999524,297.2676578981927,0.10000000000002274,0.1,2.273181642920008e-14,0.0,47,2,110,73,48.242021066810516,50.83634501924396,29.70425531914898
280.39999999999526,297.3676578981927,0.10000000000002274,0.1,2.273181642920008e-14,0.0,47,2,110,73,48.0437600283758,50.244394671649246,29.80425531914898
280.4999999999953,297.4676578981927,0.10000000000002274,0.1,2.273181642920008e-14,0.0,47,2,110,73,47.84885596123664,49.652444324054535,29.90425531914898
280.5999999999953,297.56765789819275,0.10000000000002274,0.1,2.273181642920008e-14,0.0,47,2,110,73,47.659699966790384,49.060493976459824,30.00425531914898
280.6999999999953,297.6676578981928,0.10000000000002274,0.1,2.273181642920008e-14,0.0,47,2,110,74,47.473032113945386,48.46854362886511,30.104255319148983
280.79999999999535,297.7676578981928,0.10000000000002274,0.1,2.273181642920008e-14,0.0,47,2,110,74,47.28759546014887,47.8765932812704,30.20425531914898
280.8999999999954,297.8676578981928,0.10000000000002274,0.1,2.273181642920008e-14,0.0,47,2,110,74,47.103389909743676,47.28464293367569,30.304255319148982
280.9999999999954,297.96765789819284,0.10000000000002274,0.1,2.273181642920008e-14,0.0,47,2,110,75,46.91946218630996,46.69269258608098,30.40425531914898
281.0999999999954,298.06765789819286,0.10000000000002274,0.1,2.273181642920008e-14,0.0,47,2,111,75,46.73572127505673,46.10074223848627,30.50425531914898
281.19999999999544,298.1676578981929,0.10000000000002274,0.1,2.273181642920008e-14,0.0,47,3,111,75,46.55140660637005,45.50879189089156,30.604255319148983
281.29999999999546,298.2676578981929,0.10000000000002274,0.1,2.273181642920008e-14,0.0,46,3,111,75,47.410510785989246,48.43147584230635,29.506521739130495
281.3999999999955,298.36765789819293,0.10000000000002274,0.1,2.273181642920008e-14,0.0,46,3,111,75,47.243419987477786,47.71829377704632,29.606521739130496
281.4999999999955,298.46765789819295,0.10000000000002274,0.1,2.273181642920008e-14,0.0,45,3,111,76,48.13461122473547,47.00504764211276,30.231111111111172
281.59999999999553,298.567657898193,0.10000000000002274,0.1,2.273181642920008e-14,0.0,44,3,111,76,49.090651434464576,50.28583028685515,30.83863636363643
281.69999999999555,298.667657898193,0.10000000000002274,0.1,2.273181642920008e-14,0.0,44,3,111,76,48.95263026299395,50.18583028685515,30.93863636363643
281.7999999999956,298.767657898193,0.10000000000002274,0.1,2.273181642920008e-14,0.0,44,3,112,75,48.814509372308585,50.08583028685515,31.038636363636428
281.8999999999956,298.98765789819305,0.22000000000002728,0.1,0.12000000000002728,0.0,44,3,110,75,51.403427475444126,51.08872847161267,31.13863636363643
281.9999999999956,299.1476578981931,0.160000000000025,0.1,0.060000000000025006,0.0,45,3,109,75,50.85412085520804,50.98872847161267,30.54666666666673
282.09999999999565,299.2476578981931,0.10000000000002274,0.1,2.273181642920008e-14,0.0,46,3,109,75,49.01550325673696,50.888728471612666,29.982608695652235
282.19999999999567,299.3990578981931,0.15140000000002374,0.1,0.05140000000002373,0.0,46,3,109,75,49.929514826552754,50.788728471612664,30.082608695652237
282.2999999999957,299.49905789819314,0.10000000000002274,0.1,2.273181642920008e-14,0.0,47,3,109,75,48.13434265493857,49.58583028685514,29.542553191489425
282.3999999999957,299.59905789819317,0.10000000000002274,0.1,2.273181642920008e-14,0.0,47,3,109,75,47.9128168909429,49.48583028685514,29.64255319148942
282.49999999999574,299.7708578981932,0.17180000000001883,0.1,0.07180000000001882,0.0,47,3,107,75,49.194408864896104,49.813701302200535,29.74255319148942
282.59999999999576,299.8708578981932,0.10000000000002274,0.1,2.273181642920008e-14,0.0,47,3,107,76,48.95831055684549,49.28583028685514,29.842553191489422
282.6999999999958,300.0604578981932,0.18959999999998445,0.1,0.08959999999998444,0.0,47,3,106,76,50.624729474506246,50.61786787487878,29.942553191489424
282.7999999999958,300.2204578981932,0.160000000000025,0.1,0.060000000000025006,0.0,48,3,105,76,50.067212358095475,55.838958537812935,29.41875000000006
282.8999999999958,300.32045789819324,0.10000000000002274,0.1,2.273181642920008e-14,0.0,49,3,104,75,48.29033500942013,50.41786787487878,28.918367346938837
282.99999999999585,300.48045789819327,0.160000000000025,0.1,0.060000000000025006,0.0,49,3,104,75,49.260604245155044,54.65001591184448,29.018367346938835
283.0999999999959,300.6282578981933,0.14780000000001792,0.1,0.04780000000001791,0.0,49,3,103,75,49.975991211478615,53.981796991135354,29.118367346938836
283.1999999999959,300.8092578981933,0.18100000000004002,0.1,0.08100000000004001,0.0,50,3,101,75,49.85249353662799,53.29601811109863,28.63600000000006
283.2999999999959,300.90925789819335,0.10000000000002274,0.1,2.273181642920008e-14,0.0,51,3,102,75,48.15414273232097,52.67971617519176,28.174509803921627
283.39999999999594,301.12845789819335,0.21920000000000073,0.1,0.11920000000000072,0.0,51,3,100,75,50.223507582557964,53.895803038387484,28.274509803921628
283.49999999999596,301.22845789819337,0.10000000000002274,0.1,2.273181642920008e-14,0.0,52,3,100,75,48.536800668846986,53.25145251028197,27.830769230769288
283.599999999996,301.3284578981934,0.10000000000002274,0.1,2.273181642920008e-14,0.0,52,3,100,75,48.278265632647916,52.599764155397246,27.93076923076929
283.699999999996,301.4284578981934,0.10000000000002274,0.1,2.273181642920008e-14,0.0,52,3,102,75,48.041319894759276,51.94510504478251,28.03076923076929
283.79999999999603,301.58845789819344,0.160000000000025,0.1,0.060000000000025006,0.0,52,3,101,75,48.97041252847235,52.016379572441586,28.130769230769285
283.89999999999606,301.68845789819346,0.10000000000002274,0.1,2.273181642920008e-14,0.0,53,3,101,75,47.380283820434016,50.701564669456545,27.70000000000006
283.9999999999961,301.7884578981935,0.10000000000002274,0.1,2.273181642920008e-14,0.0,52,3,101,75,48.099101941281226,51.31272643147168,27.394230769230816
284.0999999999961,301.8884578981935,0.10000000000002274,0.1,2.273181642920008e-14,0.0,51,3,101,75,48.85440986100083,51.12878424131003,27.7960784313726
284.1999999999961,301.98845789819353,0.10000000000002274,0.1,2.273181642920008e-14,0.0,51,3,102,75,48.67890577752965,51.02878424131003,27.896078431372597
284.29999999999615,302.08845789819355,0.10000000000002274,0.1,2.273181642920008e-14,0.0,51,3,102,75,48.503207331083864,50.92878424131003,27.996078431372602
284.39999999999617,302.1884578981936,0.10000000000002274,0.1,2.273181642920008e-14,0.0,51,3,103,75,48.31685706615309,50.828784241310025,28.0960784313726
284.4999999999962,302.2884578981936,0.10000000000002274,0.1,2.273181642920008e-14,0.0,51,3,103,75,48.12270881853512,50.728784241310024,28.1960784313726
284.5999999999962,302.2926520919789,0.004194193785281186,0.1,2.653433028854124e-14,0.09580580621474535,50,3,104,75,48.70952721530613,53.62983648660936,27.040000000000074
284.69999999999624,302.3926520919789,0.10000000000002274,0.1,2.273181642920008e-14,0.0,50,3,106,75,48.55445098759241,53.52983648660936,27.14000000000007
284.79999999999626,302.4926520919789,0.10000000000002274,0.1,2.273181642920008e-14,0.0,50,3,106,75,48.40220667102907,53.42983648660936,27.240000000000073
284.8999999999963,302.65265209197895,0.160000000000025,0.1,0.060000000000025006,0.0,50,3,105,75,49.450142401956384,55.23965261817769,27.340000000000074
284.9999999999963,302.752652091979,0.10000000000002274,0.1,2.273181642920008e-14,0.0,50,3,105,76,49.29708983778009,55.13965261817769,27.440000000000072
285.0999999999963,302.852652091979,0.10000000000002274,0.1,2.273181642920008e-14,0.0,50,3,105,77,49.14559930215013,55.03965261817769,27.540000000000074
285.19999999999635,302.952652091979,0.10000000000002274,0.1,2.273181642920008e-14,0.0,50,3,106,77,48.96676526846048,54.41572538759922,27.64000000000007
285.2999999999964,303.05265209197904,0.10000000000002274,0.1,2.273181642920008e-14,0.0,50,3,106,77,48.78960451975675,53.53857569319801,27.740000000000073
285.3999999999964,303.15265209197906,0.10000000000002274,0.1,2.273181642920008e-14,0.0,49,3,106,76,49.594393999239905,52.82983648660935,28.220408163265382
285.4999999999964,303.2526520919791,0.10000000000002274,0.1,2.273181642920008e-14,0.0,49,3,106,76,49.403182110516994,52.72983648660935,28.32040816326538
285.59999999999644,303.3526520919791,0.10000000000002274,0.1,2.273181642920008e-14,0.0,49,3,106,76,49.17756343653255,52.62983648660935,28.42040816326538
285.69999999999646,302.79085830074325,-0.561793791235857,0.1,1.2656542480726785e-14,0.6617937912358697,48,3,106,76,48.593189848474985,52.52983648660935,26.83125000000012
285.7999999999965,302.8908583007433,0.10000000000002274,0.1,2.273181642920008e-14,0.0,48,3,107,76,48.366939073441124,52.42983648660935,26.93125000000012
285.8999999999965,302.9908583007433,0.10000000000002274,0.1,2.273181642920008e-14,0.0,48,3,107,76,48.13921211758109,52.329836486609345,27.031250000000117
285.99999999999653,303.1508583007433,0.160000000000025,0.1,0.060000000000025006,0.0,48,3,106,76,49.16210083288117,52.229836486609344,27.131250000000122
286.09999999999656,303.25085830074335,0.10000000000002274,0.1,2.273181642920008e-14,0.0,48,3,107,76,48.947630668973346,52.12983648660934,27.23125000000012
286.1999999999966,303.35085830074337,0.10000000000002274,0.1,2.273181642920008e-14,0.0,48,3,107,75,48.7187165127552,52.02983648660934,27.33125000000012
286.2999999999966,303.4508583007434,0.10000000000002274,0.1,2.273181642920008e-14,0.0,48,3,107,75,48.4836398014628,51.92983648660934,27.43125000000012
286.3999999999966,303.5508583007434,0.10000000000002274,0.1,2.273181642920008e-14,0.0,48,3,108,75,48.248388294828466,51.82983648660934,27.531250000000124
286.49999999999665,303.6744583007434,0.12360000000001037,0.1,0.023600000000010363,0.0,48,3,107,76,48.51190331281043,51.72983648660934,27.631250000000122
286.59999999999667,303.77445830074345,0.10000000000002274,0.1,2.273181642920008e-14,0.0,48,3,109,76,47.78987963733314,51.629836486609335,26.827083333333448
286.6999999999967,303.87445830074347,0.10000000000002274,0.1,2.273181642920008e-14,0.0,47,3,109,77,48.577451819216996,51.529836486609334,26.353191489361812
286.7999999999967,304.0344583007435,0.160000000000025,0.1,0.060000000000025006,0.0,47,3,109,77,49.63858851430239,53.33965261817767,26.453191489361814
286.89999999999674,304.1344583007435,0.10000000000002274,0.1,2.273181642920008e-14,0.0,47,3,109,77,49.425283993814496,53.239652618177665,26.553191489361808
286.99999999999676,304.23445830074354,0.10000000000002274,0.1,2.273181642920008e-14,0.0,47,3,110,77,49.21172620595353,53.139652618177664,26.65319148936181
287.0999999999968,304.39445830074357,0.160000000000025,0.1,0.060000000000025006,0.0,47,3,110,77,50.27681779750971,53.03965261817766,26.75319148936181
287.1999999999968,304.4944583007436,0.10000000000002274,0.1,2.273181642920008e-14,0.0,48,3,110,77,48.49916011025851,52.93965261817766,26.295833333333437
287.2999999999968,304.5944583007436,0.10000000000002274,0.1,2.273181642920008e-14,0.0,48,3,113,77,48.17333336811051,52.83965261817766,26.395833333333442
287.39999999999685,303.9525457702827,-0.6419125304608997,0.1,3.5860203695392556e-14,0.7419125304609355,47,3,113,77,47.348570224287634,50.829836486609324,26.959574468085215
287.4999999999969,304.05254577028273,0.10000000000002274,0.1,2.273181642920008e-14,0.0,47,3,113,77,47.1071402047579,50.72983648660932,27.059574468085216
287.5999999999969,304.15254577028276,0.10000000000002274,0.1,2.273181642920008e-14,0.0,47,3,113,77,46.86277894387057,50.62983648660932,27.159574468085218
287.6999999999969,304.2525457702828,0.10000000000002274,0.1,2.273181642920008e-14,0.0,47,3,113,77,46.6279707378601,50.408417890427565,27.25957446808522
287.79999999999694,304.3525457702828,0.10000000000002274,0.1,2.273181642920008e-14,0.0,47,3,114,77,46.43131740990975,50.30841789042756,27.35957446808522
287.89999999999696,304.4525457702828,0.10000000000002274,0.1,2.273181642920008e-14,0.0,47,3,114,77,46.26271926194963,50.20841789042756,27.459574468085222
287.999999999997,304.55254577028285,0.10000000000002274,0.1,2.273181642920008e-14,0.0,46,3,114,77,47.098186023271694,50.229836486609315,27.863043478260984
288.099999999997,304.65254577028287,0.10000000000002274,0.1,2.273181642920008e-14,0.0,46,3,114,77,46.95552125778294,50.129836486609314,27.96304347826099
288.19999999999703,304.7525457702829,0.10000000000002274,0.1,2.273181642920008e-14,0.0,46,3,114,77,46.817526414772225,50.02983648660931,28.063043478260987
288.29999999999706,304.8525457702829,0.10000000000002274,0.1,2.273181642920008e-14,0.0,46,3,114,77,46.68091552778841,49.92983648660931,28.163043478260988
288.3999999999971,304.95254577028294,0.10000000000002274,0.1,2.273181642920008e-14,0.0,46,3,113,77,46.54430464080458,49.82983648660931,28.263043478260986
288.4999999999971,305.05254577028296,0.10000000000002274,0.1,2.273181642920008e-14,0.0,46,3,113,77,46.40907770984764,49.72983648660931,28.363043478260987
288.5999999999971,305.152545770283,0.10000000000002274,0.1,2.273181642920008e-14,0.0,46,3,113,77,46.2738507788907,49.62983648660931,28.46304347826099
288.69999999999715,305.252545770283,0.10000000000002274,0.1,2.273181642920008e-14,0.0,46,3,113,77,46.13723989190687,49.529836486609305,28.56304347826099
288.79999999999717,305.35254577028303,0.10000000000002274,0.1,2.273181642920008e-14,0.0,46,3,114,77,46.00056048175214,49.429836486609304,28.663043478260988
288.8999999999972,305.45254577028305,0.10000000000002274,0.1,2.273181642920008e-14,0.0,46,3,114,77,45.863959634726264,49.3298364866093,28.76304347826099
288.9999999999972,305.5525457702831,0.10000000000002274,0.1,2.273181642920008e-14,0.0,46,3,114,78,45.72734874774243,49.108417890427546,28.863043478260987
289.09999999999724,305.6525457702831,0.10000000000002274,0.1,2.273181642920008e-14,0.0,46,3,114,78,45.59200931790956,49.008417890427545,28.963043478260992
289.19999999999726,305.7525457702831,0.10000000000002274,0.1,2.273181642920008e-14,0.0,46,3,114,77,45.45596234965651,48.90841789042754,29.06304347826099
289.2999999999973,305.87874577028316,0.12620000000003984,0.1,0.02620000000003983,0.0,46,3,114,77,45.89460682475301,48.80841789042754,29.16304347826099
289.3999999999973,305.9787457702832,0.10000000000002274,0.1,2.273181642920008e-14,0.0,46,3,114,77,45.76604102778935,48.70841789042754,29.26304347826099
289.4999999999973,306.0787457702832,0.10000000000002274,0.1,2.273181642920008e-14,0.0,46,3,114,77,45.63828760273037,48.60841789042754,29.363043478260995
289.59999999999735,306.17874577028323,0.10000000000002274,0.1,2.273181642920008e-14,0.0,46,3,114,77,45.51218512880743,48.50841789042754,29.463043478260992
289.6999999999974,306.27874577028325,0.10000000000002274,0.1,2.273181642920008e-14,0.0,46,3,114,76,45.38765277062428,48.408417890427536,29.563043478260994
289.7999999999974,306.3787457702833,0.10000000000002274,0.1,2.273181642920008e-14,0.0,46,3,114,76,45.26271605977145,48.308417890427535,29.66304347826099
289.8999999999974,306.4787457702833,0.10000000000002274,0.1,2.273181642920008e-14,0.0,46,3,115,76,45.13818370158831,48.20841789042753,29.763043478260997
289.99999999999744,306.6141457702833,0.13540000000000418,0.1,0.03540000000000418,0.0,46,3,114,75,45.783216560796475,48.10841789042753,29.863043478260995
290.09999999999746,306.7141457702833,0.10000000000002274,0.1,2.273181642920008e-14,0.0,46,3,114,73,45.65868420261334,48.00841789042753,29.963043478260996
290.1999999999975,306.81414577028335,0.10000000000002274,0.1,2.273181642920008e-14,0.0,45,3,115,73,46.538883584680896,47.90841789042753,28.842222222222365
290.2999999999975,306.91414577028337,0.10000000000002274,0.1,2.273181642920008e-14,0.0,45,3,115,73,46.40334265856686,47.80841789042753,28.942222222222366
290.39999999999753,307.0141457702834,0.10000000000002274,0.1,2.273181642920008e-14,0.0,45,3,115,73,46.2711635326475,47.708417890427526,29.042222222222367
290.49999999999756,307.1141457702834,0.10000000000002274,0.1,2.273181642920008e-14,0.0,45,3,115,74,46.14092635022578,47.608417890427525,29.142222222222365
290.5999999999976,307.21414577028344,0.10000000000002274,0.1,2.273181642920008e-14,0.0,45,3,115,74,46.01158809917896,47.50841789042752,29.242222222222367
290.6999999999976,307.31414577028346,0.10000000000002274,0.1,2.273181642920008e-14,0.0,45,3,115,74,45.883185318383184,47.40841789042752,29.342222222222365
290.7999999999976,307.4141457702835,0.10000000000002274,0.1,2.273181642920008e-14,0.0,45,3,116,74,45.73435903081473,47.30841789042752,29.44222222222237
290.89999999999765,307.5141457702835,0.10000000000002274,0.1,2.273181642920008e-14,0.0,45,3,116,74,45.59349305342339,47.20841789042752,29.54222222222237
290.99999999999767,307.67414577028353,0.160000000000025,0.1,0.060000000000025006,0.0,45,3,115,74,46.78316206989111,47.22983648660927,29.642222222222372
291.0999999999977,307.77414577028355,0.10000000000002274,0.1,2.273181642920008e-14,0.0,45,3,117,74,46.631931947367534,47.12983648660927,29.74222222222237
291.1999999999977,307.92314577028355,0.1490000000000009,0.1,0.049000000000000904,0.0,45,3,115,75,47.57525882753206,47.02983648660927,29.84222222222237
291.29999999999774,308.0831457702836,0.160000000000025,0.1,0.060000000000025006,0.0,46,3,115,75,46.96107145785322,46.92983648660927,29.293478260869712
291.39999999999776,308.1831457702836,0.10000000000002274,0.1,2.273181642920008e-14,0.0,46,3,115,76,46.612588886925906,46.82983648660927,29.39347826086971
291.4999999999978,308.0713434378651,-0.11180233241850601,0.1,1.1213252548714081e-14,0.21180233241851723,45,3,116,77,46.823987981659045,46.729836486609265,29.31111111111126
291.5999999999978,308.1713434378651,0.10000000000002274,0.1,2.273181642920008e-14,0.0,45,3,117,76,46.66094462155008,46.629836486609264,29.411111111111257
291.69999999999783,308.27134343786514,0.10000000000002274,0.1,2.273181642920008e-14,0.0,45,3,117,75,46.308855676927585,46.52983648660926,29.51111111111126
291.79999999999785,308.37134343786516,0.10000000000002274,0.1,2.273181642920008e-14,0.0,45,3,119,75,45.96672583508811,46.42983648660926,29.611111111111256
291.8999999999979,308.4713434378652,0.10000000000002274,0.1,2.273181642920008e-14,0.0,45,3,120,75,45.81304988357936,46.32983648660926,29.711111111111258
291.9999999999979,308.5713434378652,0.10000000000002274,0.1,2.273181642920008e-14,0.0,45,3,120,74,45.47586326915095,46.22983648660926,29.811111111111263
292.0999999999979,308.73134343786523,0.160000000000025,0.1,0.060000000000025006,0.0,44,3,119,74,47.73385192384539,48.03965261817759,30.47500000000015
292.19999999999794,308.83134343786526,0.10000000000002274,0.1,2.273181642920008e-14,0.0,44,3,118,73,47.404213003002795,47.93965261817759,30.575000000000156
292.29999999999797,308.9313434378653,0.10000000000002274,0.1,2.273181642920008e-14,0.0,45,3,118,72,45.65468299156388,45.929836486609254,29.995555555555708
292.399999999998,309.0313434378653,0.10000000000002274,0.1,2.273181642920008e-14,0.0,45,3,120,72,45.49201674824279,45.82983648660925,30.095555555555705
292.499999999998,309.16294343786535,0.13160000000004857,0.1,0.03160000000004856,0.0,45,3,120,72,46.04619032803803,45.72983648660925,30.19555555555571
292.59999999999803,308.9140799114761,-0.24886352638924336,0.1,-3.552713678800501e-15,0.3488635263892398,44,3,120,72,45.94958662654497,47.539652618177584,28.897727272727455
292.69999999999806,309.01407991147613,0.10000000000002274,0.1,2.273181642920008e-14,0.0,44,3,120,72,45.810920066875205,47.43965261817758,28.99772727272745
292.7999999999981,309.16347991147614,0.1494000000000142,0.1,0.04940000000001418,0.0,44,3,119,72,46.601482222243064,47.33965261817758,29.097727272727454
292.8999999999981,309.26347991147617,0.10000000000002274,0.1,2.273181642920008e-14,0.0,45,3,119,72,44.86977510658199,45.329836486609246,28.551111111111286
292.9999999999981,309.4234799114762,0.160000000000025,0.1,0.060000000000025006,0.0,45,3,119,72,45.836583773198335,46.52410849532392,28.65111111111129
293.09999999999815,309.5234799114762,0.10000000000002274,0.1,2.273181642920008e-14,0.0,45,3,119,72,45.47995576818414,45.80838555290095,28.751111111111292
293.19999999999817,309.28760512302375,-0.23587478845246324,0.1,5.551115123125783e-15,0.33587478845246876,44,3,119,71,45.57470990424998,48.72121884406539,29.484090909091094
293.2999999999982,309.3876051230238,0.10000000000002274,0.1,2.273181642920008e-14,0.0,44,3,118,71,45.40974349574353,48.62121884406539,29.584090909091096
293.3999999999982,309.4876051230238,0.10000000000002274,0.1,2.273181642920008e-14,0.0,44,3,119,71,45.230420696638696,48.52121884406539,29.684090909091093
293.49999999999824,309.5876051230238,0.10000000000002274,0.1,2.273181642920008e-14,0.0,44,3,121,71,44.862133328514965,46.49978075438916,29.784090909091095
293.59999999999826,309.68760512302384,0.10000000000002274,0.1,2.273181642920008e-14,0.0,44,3,121,70,44.68194214645252,46.00713955119968,29.884090909091096
293.6999999999983,309.78760512302387,0.10000000000002274,0.1,2.273181642920008e-14,0.0,44,3,121,70,44.311868626138924,44.529836486609234,29.984090909091098
293.7999999999983,309.8876051230239,0.10000000000002274,0.1,2.273181642920008e-14,0.0,44,3,122,70,44.132295269025924,44.42983648660923,30.084090909091103
293.89999999999833,309.9876051230239,0.10000000000002274,0.1,2.273181642920008e-14,0.0,44,3,121,69,43.946070773384626,44.32983648660923,30.184090909091097
293.99999999999835,309.7315684995639,-0.25603662346003375,0.1,4.807265696626928e-14,0.3560366234600818,43,3,121,69,43.947945767709236,44.22983648660923,30.960465116279263
294.0999999999984,309.8915684995639,0.160000000000025,0.1,0.060000000000025006,0.0,43,3,120,69,45.10295897581079,47.53094629400483,31.060465116279268
294.1999999999984,309.9915684995639,0.10000000000002274,0.1,2.273181642920008e-14,0.0,43,3,121,69,44.63321759906771,46.812897753880044,31.16046511627927
294.2999999999984,310.09156849956395,0.10000000000002274,0.1,2.273181642920008e-14,0.0,43,3,121,69,44.40250817398962,46.09228111503539,31.260465116279267
294.39999999999844,310.19156849956397,0.10000000000002274,0.1,2.273181642920008e-14,0.0,43,3,121,69,44.16767780381633,45.374745403573264,31.360465116279272
294.49999999999847,310.291568499564,0.10000000000002274,0.1,2.273181642920008e-14,0.0,43,3,121,70,43.93506927984811,44.64943154530683,31.46046511627927
294.5999999999985,310.391568499564,0.10000000000002274,0.1,2.273181642920008e-14,0.0,43,3,123,71,43.70476770384137,43.92080596057062,31.560465116279275
294.6999999999985,310.49156849956404,0.10000000000002274,0.1,2.273181642920008e-14,0.0,43,3,124,71,43.482679706753544,43.52983648660922,31.660465116279273
294.79999999999853,310.59156849956406,0.10000000000002274,0.1,2.273181642920008e-14,0.0,43,3,124,71,42.994424922568804,43.308417890427464,31.76046511627927
294.89999999999856,310.7119684995641,0.12040000000001783,0.1,0.02040000000001782,0.0,43,3,123,71,43.23100688565965,43.32983648660922,31.860465116279276
294.9999999999986,310.8119684995641,0.10000000000002274,0.1,2.273181642920008e-14,0.0,43,3,123,71,43.0040531276414,43.229836486609216,31.960465116279273
295.0999999999986,310.9119684995641,0.10000000000002274,0.1,2.273181642920008e-14,0.0,43,3,122,71,42.766785607644024,43.129836486609214,32.060465116279275
295.1999999999986,311.01196849956415,0.10000000000002274,0.1,2.273181642920008e-14,0.0,43,3,122,71,42.530524571114306,43.02983648660921,32.160465116279276
295.29999999999865,311.11196849956417,0.10000000000002274,0.1,2.273181642920008e-14,0.0,43,3,122,71,42.29192097329624,42.92983648660921,32.26046511627928
295.39999999999867,311.2719684995642,0.160000000000025,0.1,0.060000000000025006,0.0,43,3,121,71,43.471709035068415,42.82983648660921,32.36046511627928
295.4999999999987,311.3719684995642,0.10000000000002274,0.1,2.273181642920008e-14,0.0,43,3,121,71,43.280046183567336,42.72983648660921,32.46046511627928
295.5999999999987,311.47196849956424,0.10000000000002274,0.1,2.273181642920008e-14,0.0,43,3,121,71,43.09874364645088,42.62983648660921,32.56046511627928
295.69999999999874,311.57196849956426,0.10000000000002274,0.1,2.273181642920008e-14,0.0,43,3,121,71,42.917481747598835,42.529836486609206,32.66046511627928
295.79999999999876,311.6719684995643,0.10000000000002274,0.1,2.273181642920008e-14,0.0,43,3,121,72,42.736172078600625,42.429836486609204,32.760465116279285
295.8999999999988,311.7719684995643,0.10000000000002274,0.1,2.273181642920008e-14,0.0,43,3,121,72,42.5549963002089,42.3298364866092,32.86046511627928
295.9999999999988,311.5605127567231,-0.21145574284122404,0.1,7.716050021144838e-15,0.31145574284123173,42,3,121,72,42.64545188026506,45.51300309018982,33.63333333333355
296.09999999999883,311.6605127567231,0.10000000000002274,0.1,2.273181642920008e-14,0.0,42,3,121,72,42.46905263459394,44.77864082897733,33.733333333333555
296.19999999999885,311.0707341180009,-0.58977863872218,0.1,7.216449660063518e-15,0.6897786387221871,41,3,120,72,41.43042351463224,42.0298364866092,34.09512195121974
296.2999999999989,310.88732301133246,-0.1834111066684727,0.1,3.9468428525424315e-14,0.28341110666851216,40,3,121,73,41.537605538857385,43.32042466800197,34.69000000000023
296.3999999999989,310.9873230113325,0.10000000000002274,0.1,2.273181642920008e-14,0.0,40,3,121,74,41.34411051760721,42.58170277238528,34.790000000000234
296.4999999999989,310.9227266560991,-0.06459635523339102,0.1,3.9218628344883655e-14,0.16459635523343025,39,3,122,74,41.78353075886188,41.86963338855498,35.44358974358999
296.59999999999894,311.0227266560991,0.10000000000002274,0.1,2.273181642920008e-14,0.0,39,3,122,75,41.60345285039087,41.62983648660919,35.54358974358998
296.69999999999897,311.12272665609913,0.10000000000002274,0.1,2.273181642920008e-14,0.0,39,3,122,74,41.42369649934178,41.52983648660919,35.643589743589985
296.799999999999,311.22272665609916,0.10000000000002274,0.1,2.273181642920008e-14,0.0,39,3,121,74,41.24409117828661,41.42983648660919,35.743589743589986
296.899999999999,310.7844466702598,-0.43827998583935823,0.1,2.1094237467877974e-14,0.5382799858393793,38,3,122,74,40.67820707142257,41.32983648660919,36.43157894736868
296.99999999999903,310.8844466702598,0.10000000000002274,0.1,2.273181642920008e-14,0.0,38,3,123,75,40.46241002572301,41.22983648660919,36.53157894736867
297.09999999999906,310.98444667025984,0.10000000000002274,0.1,2.273181642920008e-14,0.0,38,3,123,75,40.24754666597943,41.129836486609186,36.63157894736867
297.1999999999991,311.08444667025987,0.10000000000002274,0.1,2.273181642920008e-14,0.0,38,3,123,75,40.03359627714607,41.029836486609184,36.731578947368675
297.2999999999991,311.1844466702599,0.10000000000002274,0.1,2.273181642920008e-14,0.0,38,3,123,75,39.81831857383253,40.92983648660918,36.831578947368676
297.3999999999991,311.2844466702599,0.10000000000002274,0.1,2.273181642920008e-14,0.0,38,3,123,75,39.60228078838654,40.82983648660918,36.93157894736868
297.49999999999915,311.38444667025993,0.10000000000002274,0.1,2.273181642920008e-14,0.0,38,3,123,75,39.38356524557849,40.72983648660918,37.03157894736868
297.59999999999917,311.48444667025996,0.10000000000002274,0.1,2.273181642920008e-14,0.0,38,3,123,74,39.16321869068181,40.62983648660918,37.13157894736868
297.6999999999992,311.58444667026,0.10000000000002274,0.1,2.273181642920008e-14,0.0,38,3,123,74,38.946266637545335,40.52983648660918,37.231578947368675
297.7999999999992,311.68444667026,0.10000000000002274,0.1,2.273181642920008e-14,0.0,38,3,123,74,38.72597563660057,40.429836486609176,37.33157894736868
297.89999999999924,311.78444667026,0.10000000000002274,0.1,2.273181642920008e-14,0.0,38,3,122,73,38.50997340242434,40.329836486609175,37.43157894736868
297.99999999999926,311.94444667026005,0.160000000000025,0.1,0.060000000000025006,0.0,38,3,121,73,39.87444613015688,40.22983648660917,37.53157894736868
298.0999999999993,312.0858466702601,0.14140000000003283,0.1,0.04140000000003283,0.0,38,3,121,73,40.75018810927161,40.12983648660917,37.63157894736869
298.1999999999993,312.1858466702601,0.10000000000002274,0.1,2.273181642920008e-14,0.0,38,3,121,73,40.53694459386605,40.02983648660917,37.73157894736868
298.29999999999933,312.2858466702601,0.10000000000002274,0.1,2.273181642920008e-14,0.0,38,3,121,73,40.32255607037997,39.92983648660917,37.83157894736868
298.39999999999935,312.38584667026015,0.10000000000002274,0.1,2.273181642920008e-14,0.0,37,3,122,73,41.2109186030823,39.82983648660917,38.41621621621649
298.4999999999994,312.4858466702602,0.10000000000002274,0.1,2.273181642920008e-14,0.0,37,3,122,73,41.009954488794484,39.729836486609166,38.516216216216485
298.5999999999994,312.5858466702602,0.10000000000002274,0.1,2.273181642920008e-14,0.0,37,3,122,73,40.808576741922195,39.629836486609165,38.616216216216486
298.6999999999994,312.6858466702602,0.10000000000002274,0.1,2.273181642920008e-14,0.0,37,3,121,73,40.56028922784074,39.52983648660916,38.71621621621649
298.79999999999944,312.2699930212455,-0.4158536490147071,0.1,-2.375877272697835e-14,0.5158536490146833,35,3,121,73,41.1568083632537,39.42983648660916,38.29714285714312
298.89999999999947,312.36999302124553,0.10000000000002274,0.1,2.273181642920008e-14,0.0,35,3,121,73,40.95684237778383,39.32983648660916,38.39714285714312
298.9999999999995,312.46999302124556,0.10000000000002274,0.1,2.273181642920008e-14,0.0,35,3,123,73,40.76210789075314,39.22983648660916,38.497142857143125
299.0999999999995,312.6299930212456,0.160000000000025,0.1,0.060000000000025006,0.0,35,3,122,73,42.283434878706565,39.12983648660916,38.597142857143126
299.19999999999953,312.7299930212456,0.10000000000002274,0.1,2.273181642920008e-14,0.0,35,3,122,74,41.38533897501385,42.721218844065305,37.58857142857169
299.29999999999956,312.9375930212456,0.20760000000001355,0.1,0.10760000000001355,0.0,35,3,119,73,44.25700778719007,42.621218844065304,37.68857142857169
299.3999999999996,313.03759302124564,0.10000000000002274,0.1,2.273181642920008e-14,0.0,35,3,119,73,44.050735440803564,42.5212188440653,37.78857142857169
299.4999999999996,313.1741930212457,0.13660000000004402,0.1,0.036600000000044014,0.0,35,3,118,74,44.836317011825344,44.36415934223242,37.888571428571694
299.5999999999996,313.3341930212457,0.160000000000025,0.1,0.060000000000025006,0.0,35,3,117,74,46.314480313704635,44.26415934223242,37.988571428571696
299.69999999999965,313.43419302124573,0.10000000000002274,0.1,2.273181642920008e-14,0.0,35,3,117,74,46.084502357963814,44.164159342232416,38.08857142857169
299.79999999999967,313.53419302124576,0.10000000000002274,0.1,2.273181642920008e-14,0.0,35,3,117,74,45.83976410211068,44.064159342232415,38.18857142857169
299.8999999999997,313.6341930212458,0.10000000000002274,0.1,2.273181642920008e-14,0.0,35,3,117,74,45.61878515778121,43.96415934223241,38.2885714285717
299.9999999999997,313.7341930212458,0.10000000000002274,0.1,2.273181642920008e-14,0.0,35,3,117,74,45.42910944032155,43.86415934223241,38.3885714285717
300.09999999999974,313.8341930212458,0.10000000000002274,0.1,2.273181642920008e-14,0.0,35,3,119,74,45.2397197338845,43.76415934223241,38.488571428571696
300.19999999999976,313.93419302124585,0.10000000000002274,0.1,2.273181642920008e-14,0.0,35,3,119,74,45.06725862111637,43.66415934223241,38.5885714285717
300.2999999999998,314.03419302124587,0.10000000000002274,0.1,2.273181642920008e-14,0.0,35,3,119,74,44.89479400485513,43.56415934223241,38.6885714285717
300.3999999999998,314.1341930212459,0.10000000000002274,0.1,2.273181642920008e-14,0.0,35,3,119,74,44.704581590166526,43.464159342232406,38.7885714285717
300.49999999999983,314.2611930212459,0.12700000000000955,0.1,0.027000000000009544,0.0,35,3,118,74,45.285898924355514,45.989347017813245,38.8885714285717
300.59999999999985,314.3611930212459,0.10000000000002274,0.1,2.273181642920008e-14,0.0,35,3,118,74,45.08486712053705,44.892411220250665,38.9885714285717
300.6999999999999,314.46119302124595,0.10000000000002274,0.1,2.273181642920008e-14,0.0,35,3,119,74,44.867747710936975,44.1617205006799,39.088571428571704
300.7999999999999,314.56119302124597,0.10000000000002274,0.1,2.273181642920008e-14,0.0,35,3,119,74,44.65553774111127,43.43059181609768,39.188571428571706
300.8999999999999,314.661193021246,0.10000000000002274,0.1,2.273181642920008e-14,0.0,35,3,119,74,44.44650718007952,42.9641593422324,39.28857142857171
300.99999999999994,314.761193021246,0.10000000000002274,0.1,2.273181642920008e-14,0.0,35,3,119,74,44.23778289143581,42.8641593422324,39.38857142857171
301.09999999999997,314.86119302124604,0.10000000000002274,0.1,2.273181642920008e-14,0.0,34,3,119,74,45.121650203421645,42.7641593422324,38.602941176470864
301.2,314.59467096229776,-0.26652205894828285,0.1,4.829470157119431e-14,0.3665220589483311,33,3,119,74,45.163810976864006,42.664159342232395,39.348484848485136
301.3,314.6946709622978,0.10000000000002274,0.1,2.273181642920008e-14,0.0,33,3,119,74,44.98402203118575,42.564159342232394,39.44848484848514
301.40000000000003,314.7946709622978,0.10000000000002274,0.1,2.273181642920008e-14,0.0,33,3,119,75,44.80483321114292,42.46415934223239,39.54848484848514
301.50000000000006,314.8946709622978,0.10000000000002274,0.1,2.273181642920008e-14,0.0,33,3,119,75,44.625595077789185,42.36415934223239,39.64848484848514
301.6000000000001,315.0196709622978,0.125,0.1,0.024999999999999994,0.0,33,3,118,76,45.20388369927509,43.37424870664928,39.74848484848514
301.7000000000001,315.11967096229785,0.10000000000002274,0.1,2.273181642920008e-14,0.0,33,3,119,76,44.89138610871017,42.16415934223239,39.848484848485136
301.8000000000001,315.21967096229787,0.10000000000002274,0.1,2.273181642920008e-14,0.0,33,3,119,76,44.710886419165234,42.06415934223239,39.94848484848514
301.90000000000015,315.3196709622979,0.10000000000002274,0.1,2.273181642920008e-14,0.0,33,3,119,76,44.531834552538875,41.964159342232385,40.048484848485145
302.00000000000017,315.4196709622979,0.10000000000002274,0.1,2.273181642920008e-14,0.0,33,3,119,76,44.3529566004009,41.692364920354784,40.14848484848514
302.1000000000002,315.51967096229794,0.10000000000002274,0.1,2.273181642920008e-14,0.0,33,3,119,77,44.17419656164304,40.9793470234684,40.24848484848514
302.2000000000002,315.61967096229796,0.10000000000002274,0.1,2.273181642920008e-14,0.0,32,3,121,76,45.376479659483465,41.66415934223238,39.943750000000286
302.30000000000024,315.719670962298,0.10000000000002274,0.1,2.273181642920008e-14,0.0,32,3,121,76,45.194976959948924,41.56415934223238,40.04375000000029
302.40000000000026,315.819670962298,0.10000000000002274,0.1,2.273181642920008e-14,0.0,32,3,122,76,45.01344737979634,41.46415934223238,40.14375000000029
302.5000000000003,315.919670962298,0.10000000000002274,0.1,2.273181642920008e-14,0.0,32,3,122,76,44.83208011243744,41.36415934223238,40.24375000000029
302.6000000000003,316.01967096229805,0.10000000000002274,0.1,2.273181642920008e-14,0.0,32,3,122,76,44.65076516636334,41.264159342232375,40.34375000000029
302.70000000000033,316.1196709622981,0.10000000000002274,0.1,2.273181642920008e-14,0.0,32,3,122,75,44.49198935266544,41.164159342232374,40.44375000000029
302.80000000000035,316.2196709622981,0.10000000000002274,0.1,2.273181642920008e-14,0.0,32,3,123,75,44.344778050146374,41.06415934223237,40.543750000000294
302.9000000000004,316.3196709622981,0.10000000000002274,0.1,2.273181642920008e-14,0.0,32,3,124,75,44.2019493603574,40.96415934223237,40.643750000000296
303.0000000000004,316.41967096229814,0.10000000000002274,0.1,2.273181642920008e-14,0.0,32,3,125,75,44.061309620051524,40.86415934223237,40.7437500000003
303.1000000000004,316.51967096229816,0.10000000000002274,0.1,2.273181642920008e-14,0.0,32,3,125,76,43.6777756200288,40.76415934223237,40.8437500000003
303.20000000000044,316.14783685339904,-0.3718341088991224,0.1,2.6978419498391304e-14,0.47183410889914934,31,3,125,76,43.39441842067159,38.72121884406525,41.61612903225837
303.30000000000047,316.24783685339906,0.10000000000002274,0.1,2.273181642920008e-14,0.0,31,3,125,75,42.96439709709629,34.9298364866091,41.71612903225837
303.4000000000005,316.3478368533991,0.10000000000002274,0.1,2.273181642920008e-14,0.0,31,3,125,75,42.738687248667404,34.829836486609096,41.816129032258374
303.5000000000005,316.4478368533991,0.10000000000002274,0.1,2.273181642920008e-14,0.0,31,3,126,75,42.469252510758,34.729836486609095,41.916129032258375
303.60000000000053,316.54783685339913,0.10000000000002274,0.1,2.273181642920008e-14,0.0,31,3,125,74,42.2284574199707,34.62983648660909,42.01612903225837
303.70000000000056,316.36483791869296,-0.1829989347061769,0.1,1.2212453270876722e-14,0.2829989347061891,30,3,126,74,42.20846849717153,34.52983648660909,42.49666666666698
303.8000000000006,316.524837918693,0.160000000000025,0.1,0.060000000000025006,0.0,30,3,124,73,43.970404528132164,34.42983648660909,42.596666666666984
303.9000000000006,316.624837918693,0.10000000000002274,0.1,2.273181642920008e-14,0.0,31,3,124,73,41.5873988957966,34.32983648660909,41.3225806451616
304.0000000000006,316.724837918693,0.10000000000002274,0.1,2.273181642920008e-14,0.0,31,3,123,73,41.179528917415716,34.22983648660909,41.4225806451616
304.10000000000065,316.82483791869305,0.10000000000002274,0.1,2.273181642920008e-14,0.0,31,3,123,73,40.999651282488166,34.129836486609086,41.5225806451616
304.20000000000067,316.9248379186931,0.10000000000002274,0.1,2.273181642920008e-14,0.0,31,3,123,73,40.822876498717505,34.029836486609085,41.622580645161605
304.3000000000007,316.89972571576254,-0.025112202930529293,0.1,4.035660694512444e-14,0.12511220293056965,30,3,123,72,41.5828925106355,39.29993694602251,42.39666666666699
304.4000000000007,316.99972571576257,0.10000000000002274,0.1,2.273181642920008e-14,0.0,30,3,123,72,41.41828934337241,38.519615252929114,42.49666666666699
304.50000000000074,317.0997257157626,0.10000000000002274,0.1,2.273181642920008e-14,0.0,30,3,123,72,41.253510025025,37.74249657651157,42.59666666666699
304.60000000000076,317.1997257157626,0.10000000000002274,0.1,2.273181642920008e-14,0.0,30,3,123,73,41.087385885565155,36.94657313761353,42.696666666666985
304.7000000000008,317.29972571576263,0.10000000000002274,0.1,2.273181642920008e-14,0.0,30,3,124,73,40.921744538659695,36.15518271994305,42.79666666666699
304.8000000000008,317.39972571576266,0.10000000000002274,0.1,2.273181642920008e-14,0.0,30,3,125,73,40.759397244209026,35.41128833134212,42.89666666666699
304.90000000000083,317.4997257157627,0.10000000000002274,0.1,2.273181642920008e-14,0.0,30,3,125,71,40.598139616076516,34.699218947511824,42.996666666667
305.00000000000085,317.6597257157627,0.160000000000025,0.1,0.060000000000025006,0.0,30,3,125,71,42.43690006003449,38.86415934223234,43.096666666667
305.1000000000009,317.80672571576275,0.1470000000000482,0.1,0.0470000000000482,0.0,30,3,123,71,43.84235978831813,38.76415934223234,43.19666666666699
305.2000000000009,317.9067257157628,0.10000000000002274,0.1,2.273181642920008e-14,0.0,31,3,123,71,41.43692159955044,33.02983648660907,41.90322580645193
305.3000000000009,318.0067257157628,0.10000000000002274,0.1,2.273181642920008e-14,0.0,31,3,124,71,41.221847553274046,32.92983648660907,42.00322580645193
305.40000000000094,318.1067257157628,0.10000000000002274,0.1,2.273181642920008e-14,0.0,31,3,124,71,41.03963715412498,32.82983648660907,42.10322580645193
305.50000000000097,318.20672571576284,0.10000000000002274,0.1,2.273181642920008e-14,0.0,31,3,127,71,40.85760884932549,32.72983648660907,42.20322580645193
305.600000000001,318.30672571576287,0.10000000000002274,0.1,2.273181642920008e-14,0.0,31,3,126,71,40.67570894190413,32.629836486609065,42.303225806451934
305.700000000001,318.4067257157629,0.10000000000002274,0.1,2.273181642920008e-14,0.0,31,3,126,71,40.493564920153055,32.529836486609064,42.403225806451935
305.80000000000103,318.5067257157629,0.10000000000002274,0.1,2.273181642920008e-14,0.0,31,3,126,69,40.31107335478801,32.42983648660906,42.50322580645193
305.90000000000106,318.60672571576293,0.10000000000002274,0.1,2.273181642920008e-14,0.0,31,3,126,68,40.128772183482475,32.32983648660906,42.60322580645194
306.0000000000011,318.70672571576296,0.10000000000002274,0.1,2.273181642920008e-14,0.0,31,3,127,68,39.94958561424444,32.22983648660906,42.70322580645193
306.1000000000011,318.806725715763,0.10000000000002274,0.1,2.273181642920008e-14,0.0,31,3,127,68,39.778299975986116,32.12983648660906,42.80322580645194
306.2000000000011,318.906725715763,0.10000000000002274,0.1,2.273181642920008e-14,0.0,31,3,126,68,39.61127212318342,32.02983648660906,42.903225806451935
306.30000000000115,319.006725715763,0.10000000000002274,0.1,2.273181642920008e-14,0.0,31,3,127,69,39.44596926024074,31.929836486609055,43.00322580645194
306.40000000000117,319.10672571576305,0.10000000000002274,0.1,2.273181642920008e-14,0.0,31,3,127,68,39.283902393926965,31.829836486609054,43.10322580645194
306.5000000000012,319.20672571576307,0.10000000000002274,0.1,2.273181642920008e-14,0.0,31,3,127,68,39.121835527613186,31.729836486609052,43.20322580645194
306.6000000000012,319.3067257157631,0.10000000000002274,0.1,2.273181642920008e-14,0.0,31,3,128,68,38.94000325218264,31.62983648660905,43.30322580645194
306.70000000000124,319.4067257157631,0.10000000000002274,0.1,2.273181642920008e-14,0.0,31,3,129,68,38.757874123498375,31.52983648660905,43.403225806451935
306.80000000000126,319.50672571576314,0.10000000000002274,0.1,2.273181642920008e-14,0.0,31,3,130,68,38.57395169271734,31.429836486609048,43.50322580645194
306.9000000000013,319.60672571576316,0.10000000000002274,0.1,2.273181642920008e-14,0.0,31,3,131,68,38.400643870146645,31.329836486609047,43.60322580645194
307.0000000000013,319.7067257157632,0.10000000000002274,0.1,2.273181642920008e-14,0.0,31,3,131,68,38.20427185862575,31.229836486609045,43.70322580645194
307.10000000000133,319.8067257157632,0.10000000000002274,0.1,2.273181642920008e-14,0.0,30,3,132,68,39.28894788813987,36.76415934223231,44.430000000000334
307.20000000000135,319.90672571576323,0.10000000000002274,0.1,2.273181642920008e-14,0.0,30,3,132,68,39.125065513042834,36.66415934223231,44.530000000000335
307.3000000000014,320.00672571576325,0.10000000000002274,0.1,2.273181642920008e-14,0.0,30,3,133,68,38.95800957527766,36.56415934223231,44.63000000000034
307.4000000000014,320.1067257157633,0.10000000000002274,0.1,2.273181642920008e-14,0.0,30,3,134,68,38.797172225137025,36.46415934223231,44.73000000000034
307.5000000000014,320.2067257157633,0.10000000000002274,0.1,2.273181642920008e-14,0.0,30,3,134,68,38.62017673597401,36.364159342232306,44.83000000000034
307.60000000000144,320.3067257157633,0.10000000000002274,0.1,2.273181642920008e-14,0.0,30,3,135,68,38.45609527468753,36.264159342232304,44.930000000000334
307.70000000000147,320.40672571576334,0.10000000000002274,0.1,2.273181642920008e-14,0.0,30,3,134,68,38.29210632825638,36.1641593422323,45.030000000000335
307.8000000000015,320.50672571576337,0.10000000000002274,0.1,2.273181642920008e-14,0.0,29,3,134,68,39.454518476867264,36.0641593422323,44.75172413793136
307.9000000000015,320.6067257157634,0.10000000000002274,0.1,2.273181642920008e-14,0.0,29,3,135,68,39.30927697783634,35.9641593422323,44.851724137931356
308.00000000000153,320.7067257157634,0.10000000000002274,0.1,2.273181642920008e-14,0.0,29,3,136,68,39.16403547880542,35.8641593422323,44.95172413793136
308.10000000000156,320.8317257157634,0.125,0.1,0.024999999999999994,0.0,29,3,134,68,39.88255555420594,35.7641593422323,45.051724137931366
308.2000000000016,320.96092571576344,0.12920000000002574,0.1,0.029200000000025733,0.0,29,3,133,68,40.75712474046086,35.664159342232296,45.15172413793136
308.3000000000016,321.10472571576344,0.14379999999999882,0.1,0.04379999999999881,0.0,30,3,133,68,39.882647392966554,38.46402996241906,43.74666666666698
308.4000000000016,321.20472571576346,0.10000000000002274,0.1,2.273181642920008e-14,0.0,30,3,133,68,39.713529015794975,38.36402996241906,43.846666666666984
308.50000000000165,321.3047257157635,0.10000000000002274,0.1,2.273181642920008e-14,0.0,30,3,134,68,39.52311004681297,38.26402996241906,43.94666666666698
308.60000000000167,321.4047257157635,0.10000000000002274,0.1,2.273181642920008e-14,0.0,30,3,134,69,39.323910425569736,38.16402996241906,44.04666666666698
308.7000000000017,321.5047257157635,0.10000000000002274,0.1,2.273181642920008e-14,0.0,30,3,135,69,39.136160252151235,38.064029962419056,44.14666666666698
308.8000000000017,321.60472571576355,0.10000000000002274,0.1,2.273181642920008e-14,0.0,30,3,136,69,38.95266743522037,37.964029962419055,44.24666666666698
308.90000000000174,321.7047257157636,0.10000000000002274,0.1,2.273181642920008e-14,0.0,30,3,136,70,38.778757699111026,37.86402996241905,44.346666666666984
309.00000000000176,321.8047257157636,0.10000000000002274,0.1,2.273181642920008e-14,0.0,30,3,136,70,38.609620851454224,37.76402996241905,44.44666666666698
309.1000000000018,321.9647257157636,0.160000000000025,0.1,0.060000000000025006,0.0,30,3,134,70,40.420991841826016,37.66402996241905,44.54666666666698
309.2000000000018,322.06472571576364,0.10000000000002274,0.1,2.273181642920008e-14,0.0,30,3,135,70,40.23445946838638,37.56402996241905,44.64666666666698
309.30000000000183,322.16472571576367,0.10000000000002274,0.1,2.273181642920008e-14,0.0,30,3,135,70,40.04530989179496,37.46402996241905,44.74666666666698
309.40000000000185,322.3201257157637,0.15540000000004284,0.1,0.05540000000004283,0.0,30,3,135,70,41.70539111403493,37.364029962419046,44.846666666666984
309.5000000000019,322.42012571576373,0.10000000000002274,0.1,2.273181642920008e-14,0.0,31,3,135,70,39.34846947843381,36.60964844225151,43.5000000000003
309.6000000000019,322.52012571576375,0.10000000000002274,0.1,2.273181642920008e-14,0.0,31,3,136,70,39.12384286061111,35.844648442251504,43.6000000000003
309.7000000000019,322.6201257157638,0.10000000000002274,0.1,2.273181642920008e-14,0.0,31,3,136,69,38.89884856386007,35.0786484422515,43.7000000000003
309.80000000000194,322.7201257157638,0.10000000000002274,0.1,2.273181642920008e-14,0.0,30,3,136,69,39.96791196792306,36.96402996241904,42.97333333333363
309.90000000000197,322.8201257157638,0.10000000000002274,0.1,2.273181642920008e-14,0.0,30,3,135,69,39.73928017267869,36.86402996241904,43.07333333333363
310.000000000002,322.92012571576385,0.10000000000002274,0.1,2.273181642920008e-14,0.0,30,3,135,69,39.51110239977759,36.76402996241904,43.17333333333363
310.100000000002,323.02012571576387,0.10000000000002274,0.1,2.273181642920008e-14,0.0,30,3,135,69,39.2828816120034,36.664029962419036,43.27333333333363
310.20000000000203,323.1201257157639,0.10000000000002274,0.1,2.273181642920008e-14,0.0,30,3,135,70,39.03333499906423,36.564029962419035,43.37333333333363
310.30000000000206,323.2201257157639,0.10000000000002274,0.1,2.273181642920008e-14,0.0,30,3,135,70,38.781394688337656,36.46402996241903,43.47333333333363
310.4000000000021,323.32012571576394,0.10000000000002274,0.1,2.273181642920008e-14,0.0,30,3,135,70,38.53116627501632,36.36402996241903,43.57333333333363
310.5000000000021,323.42012571576396,0.10000000000002274,0.1,2.273181642920008e-14,0.0,30,3,137,70,38.28091375097655,36.26402996241903,43.67333333333363
310.6000000000021,323.520125715764,0.10000000000002274,0.1,2.273181642920008e-14,0.0,30,3,137,70,38.03096756054445,36.02711969933136,43.77333333333363
310.70000000000215,323.620125715764,0.10000000000002274,0.1,2.273181642920008e-14,0.0,30,3,138,70,37.779707295156406,35.28211969933135,43.87333333333363
310.80000000000217,323.720125715764,0.10000000000002274,0.1,2.273181642920008e-14,0.0,30,3,138,70,37.52805339515441,34.536119699331344,43.97333333333363
310.9000000000022,323.82012571576405,0.10000000000002274,0.1,2.273181642920008e-14,0.0,30,3,139,70,37.2754281504862,33.78911969933134,44.07333333333363
311.0000000000022,323.9201257157641,0.10000000000002274,0.1,2.273181642920008e-14,0.0,30,3,139,70,37.02524137863363,33.04111969933133,44.17333333333363
311.10000000000224,324.0201257157641,0.10000000000002274,0.1,2.273181642920008e-14,0.0,30,3,139,70,36.77514702309519,32.29211969933132,44.27333333333363
311.20000000000226,324.1201257157641,0.10000000000002274,0.1,2.273181642920008e-14,0.0,30,3,139,71,36.5249343588928,31.542119699331316,44.37333333333363
311.3000000000023,324.22012571576414,0.10000000000002274,0.1,2.273181642920008e-14,0.0,30,3,139,71,36.27445313228539,30.791119699331308,44.47333333333363
311.4000000000023,324.32012571576416,0.10000000000002274,0.1,2.273181642920008e-14,0.0,30,3,139,71,36.02414517647791,30.0391196993313,44.57333333333363
311.50000000000233,324.4201257157642,0.10000000000002274,0.1,2.273181642920008e-14,0.0,30,3,140,71,35.773737523270526,29.286119699331294,44.67333333333363
311.60000000000235,324.5201257157642,0.10000000000002274,0.1,2.273181642920008e-14,0.0,30,3,140,71,35.52316217759846,28.532119699331286,44.77333333333363
311.7000000000024,324.62012571576423,0.10000000000002274,0.1,2.273181642920008e-14,0.0,30,3,140,71,35.27872323978338,27.77711969933128,44.87333333333363
311.8000000000024,324.72012571576425,0.10000000000002274,0.1,2.273181642920008e-14,0.0,30,3,140,72,35.03952919301002,27.021119699331273,44.97333333333362
311.9000000000024,324.8201257157643,0.10000000000002274,0.1,2.273181642920008e-14,0.0,30,3,139,73,34.80666362569458,26.329836486608976,45.07333333333362
312.00000000000244,324.9201257157643,0.10000000000002274,0.1,2.273181642920008e-14,0.0,30,3,140,73,34.579641083220395,26.229836486608974,45.17333333333362
312.10000000000247,325.05312571576434,0.1330000000000382,0.1,0.03300000000003819,0.0,30,3,140,73,35.44579069936008,26.129836486608973,45.273333333333625
312.2000000000025,325.15312571576436,0.10000000000002274,0.1,2.273181642920008e-14,0.0,30,3,142,73,35.16502564672229,26.02983648660897,45.373333333333626
312.3000000000025,325.3131257157644,0.160000000000025,0.1,0.060000000000025006,0.0,30,3,141,73,36.88716344024462,25.92983648660897,45.47333333333362
312.40000000000254,325.4131257157644,0.10000000000002274,0.1,2.273181642920008e-14,0.0,31,3,141,73,34.631040452290655,25.82983648660897,44.106451612903506
312.50000000000256,325.51312571576443,0.10000000000002274,0.1,2.273181642920008e-14,0.0,31,3,141,73,34.291097565361824,25.729836486608967,44.20645161290351
312.6000000000026,325.64392571576445,0.130800000000022,0.1,0.030800000000022004,0.0,31,3,140,73,34.963392311548624,25.629836486608966,44.3064516129035
312.7000000000026,325.7439257157645,0.10000000000002274,0.1,2.273181642920008e-14,0.0,30,3,142,73,35.82636975587521,34.064029962419,45.58666666666695
312.8000000000026,325.8439257157645,0.10000000000002274,0.1,2.273181642920008e-14,0.0,30,3,143,73,35.471812882266086,33.49003044051089,45.68666666666695
312.90000000000265,325.9439257157645,0.10000000000002274,0.1,2.273181642920008e-14,0.0,30,3,143,73,35.10187265885171,32.190998387877855,45.78666666666695
313.0000000000027,326.04392571576454,0.10000000000002274,0.1,2.273181642920008e-14,0.0,30,3,144,73,34.731754990683285,30.89213599626391,45.886666666666954
313.1000000000027,326.14392571576457,0.10000000000002274,0.1,2.273181642920008e-14,0.0,30,3,145,72,34.361550095147095,29.59305997700317,45.98666666666695
313.2000000000027,326.2439257157646,0.10000000000002274,0.1,2.273181642920008e-14,0.0,30,3,144,73,33.99112179899931,28.294145348771355,46.08666666666695
313.30000000000274,326.3439257157646,0.10000000000002274,0.1,2.273181642920008e-14,0.0,29,3,143,74,34.7680233324048,26.995027504723762,45.51034482758648
313.40000000000276,326.44392571576464,0.10000000000002274,0.1,2.273181642920008e-14,0.0,29,3,143,74,34.38174930009462,25.69606318465069,45.61034482758648
313.5000000000028,326.54392571576466,0.10000000000002274,0.1,2.273181642920008e-14,0.0,29,3,143,74,33.99540818380047,24.729836486608953,45.710344827586475
313.6000000000028,326.6439257157647,0.10000000000002274,0.1,2.273181642920008e-14,0.0,29,3,143,74,33.60891741978801,24.62983648660895,45.81034482758648
313.70000000000283,326.7439257157647,0.10000000000002274,0.1,2.273181642920008e-14,0.0,29,3,142,74,33.222334369715874,24.52983648660895,45.91034482758648
313.80000000000285,326.8439257157647,0.10000000000002274,0.1,2.273181642920008e-14,0.0,29,3,143,74,32.842376681729554,24.42983648660895,46.01034482758648
313.9000000000029,326.94392571576475,0.10000000000002274,0.1,2.273181642920008e-14,0.0,29,3,143,74,32.47665500220976,24.329836486608947,46.110344827586474
314.0000000000029,327.0439257157648,0.10000000000002274,0.1,2.273181642920008e-14,0.0,29,3,143,74,32.120938846979456,24.229836486608946,46.210344827586475
314.1000000000029,327.1439257157648,0.10000000000002274,0.1,2.273181642920008e-14,0.0,29,3,143,75,31.74164812917306,24.129836486608944,46.310344827586476
314.20000000000294,327.2439257157648,0.10000000000002274,0.1,2.273181642920008e-14,0.0,29,3,143,75,31.366793279456967,23.069229299629768,46.41034482758648
314.30000000000297,327.34392571576484,0.10000000000002274,0.1,2.273181642920008e-14,0.0,28,3,143,75,32.18013419025244,23.92983648660894,45.62500000000027
314.400000000003,327.44392571576486,0.10000000000002274,0.1,2.273181642920008e-14,0.0,27,3,143,74,33.03281177199088,23.82983648660894,45.0444444444447
314.500000000003,327.5439257157649,0.10000000000002274,0.1,2.273181642920008e-14,0.0,27,3,142,75,32.70678993075121,23.72983648660894,45.144444444444694
314.60000000000304,327.6439257157649,0.10000000000002274,0.1,2.273181642920008e-14,0.0,27,3,141,75,32.380621075035485,23.629836486608937,45.244444444444696
314.70000000000306,327.74392571576493,0.10000000000002274,0.1,2.273181642920008e-14,0.0,27,3,140,74,32.054325791743736,23.529836486608936,45.3444444444447
314.8000000000031,327.84392571576495,0.10000000000002274,0.1,2.273181642920008e-14,0.0,27,3,140,73,31.727908717508917,23.429836486608934,45.44444444444469
314.9000000000031,327.943925715765,0.10000000000002274,0.1,2.273181642920008e-14,0.0,27,3,140,74,31.37444245974423,23.329836486608933,45.54444444444469
315.0000000000031,328.043925715765,0.10000000000002274,0.1,2.273181642920008e-14,0.0,27,3,140,74,31.047755674521024,22.717184881642588,45.644444444444694
315.10000000000315,328.143925715765,0.10000000000002274,0.1,2.273181642920008e-14,0.0,27,3,140,73,30.72102979304008,22.148330781792183,45.74444444444469
315.2000000000032,328.24392571576504,0.10000000000002274,0.1,2.273181642920008e-14,0.0,27,3,140,73,30.3941638234531,22.04833078179218,45.84444444444469
315.3000000000032,328.34392571576507,0.10000000000002274,0.1,2.273181642920008e-14,0.0,26,3,140,73,31.26424718455109,22.929836486608927,44.9038461538464
315.4000000000032,328.4439257157651,0.10000000000002274,0.1,2.273181642920008e-14,0.0,25,3,141,74,32.210292369848396,22.829836486608926,46.39200000000025
315.50000000000324,328.5439257157651,0.10000000000002274,0.1,2.273181642920008e-14,0.0,24,3,141,74,33.34138843844476,31.36402996241896,45.54166666666692
315.60000000000326,328.64392571576514,0.10000000000002274,0.1,2.273181642920008e-14,0.0,24,3,141,75,33.094976743181114,31.26402996241896,45.641666666666914
315.7000000000033,328.74392571576516,0.10000000000002274,0.1,2.273181642920008e-14,0.0,24,3,142,75,32.848604326422965,31.164029962418958,45.74166666666692
315.8000000000033,328.8439257157652,0.10000000000002274,0.1,2.273181642920008e-14,0.0,24,3,143,76,32.602160443313025,31.064029962418957,45.84166666666692
315.90000000000333,328.9439257157652,0.10000000000002274,0.1,2.273181642920008e-14,0.0,23,3,143,75,33.769299141551016,30.964029962418955,45.495652173913285
316.00000000000335,329.0439257157652,0.10000000000002274,0.1,2.273181642920008e-14,0.0,23,3,142,75,33.51637587537158,30.864029962418954,45.59565217391328
316.1000000000034,329.0497653815075,0.005839665742257694,0.1,4.9210635566510064e-14,0.09416033425779152,22,3,142,75,34.3700196811038,34.749683541626176,47.46818181818207
316.2000000000034,329.1497653815075,0.10000000000002274,0.1,2.273181642920008e-14,0.0,21,3,144,76,35.819133870023066,33.96468354162617,47.24761904761928
316.3000000000034,329.24976538150753,0.10000000000002274,0.1,2.273181642920008e-14,0.0,21,3,144,76,35.657276540071265,33.178683541626164,47.34761904761928
316.40000000000344,329.34976538150755,0.10000000000002274,0.1,2.273181642920008e-14,0.0,21,3,144,76,35.49533725731697,32.39168354162616,47.44761904761928
316.50000000000347,329.4497653815076,0.10000000000002274,0.1,2.273181642920008e-14,0.0,21,3,144,76,35.333307895324516,31.603683541626154,47.54761904761928
316.6000000000035,329.5497653815076,0.10000000000002274,0.1,2.273181642920008e-14,0.0,21,3,146,76,35.17124586305319,30.81468354162615,47.64761904761927
316.7000000000035,329.6497653815076,0.10000000000002274,0.1,2.273181642920008e-14,0.0,21,3,146,76,35.00914694230771,30.164029962418944,47.747619047619274
316.80000000000354,329.74976538150764,0.10000000000002274,0.1,2.273181642920008e-14,0.0,21,3,147,76,34.84700990839365,30.064029962418942,47.847619047619276
316.90000000000356,329.84976538150767,0.10000000000002274,0.1,2.273181642920008e-14,0.0,21,3,145,76,34.68483475898367,29.96402996241894,47.94761904761928
317.0000000000036,329.9497653815077,0.10000000000002274,0.1,2.273181642920008e-14,0.0,21,3,145,76,34.52254915728258,29.86402996241894,48.04761904761928
317.1000000000036,330.0497653815077,0.10000000000002274,0.1,2.273181642920008e-14,0.0,21,3,145,76,34.36019127690587,29.764029962418938,48.14761904761927
317.2000000000036,330.14976538150773,0.10000000000002274,0.1,2.273181642920008e-14,0.0,21,3,144,76,34.19777638306076,29.664029962418937,48.247619047619274
317.30000000000365,330.24976538150776,0.10000000000002274,0.1,2.273181642920008e-14,0.0,21,3,144,76,34.03533654469553,29.564029962418935,48.34761904761927
317.4000000000037,330.3497653815078,0.10000000000002274,0.1,2.273181642920008e-14,0.0,21,3,144,77,33.87283247452664,29.464029962418934,48.44761904761927
317.5000000000037,330.4497653815078,0.10000000000002274,0.1,2.273181642920008e-14,0.0,21,3,143,78,33.71030038713503,29.364029962418932,48.54761904761927
317.6000000000037,330.5497653815078,0.10000000000002274,0.1,2.273181642920008e-14,0.0,21,3,144,78,33.54770301355593,29.26402996241893,48.647619047619266
317.70000000000374,330.64976538150785,0.10000000000002274,0.1,2.273181642920008e-14,0.0,21,3,145,78,33.344505589722885,29.16402996241893,48.74761904761927
317.80000000000376,330.74976538150787,0.10000000000002274,0.1,2.273181642920008e-14,0.0,21,3,144,78,33.14122073672533,29.064029962418928,48.84761904761926
317.9000000000038,330.8497653815079,0.10000000000002274,0.1,2.273181642920008e-14,0.0,21,3,143,78,32.93784397806189,28.964029962418927,48.94761904761927
318.0000000000038,330.9497653815079,0.10000000000002274,0.1,2.273181642920008e-14,0.0,21,3,144,79,32.73439738290817,28.864029962418925,49.047619047619264
318.10000000000383,331.04976538150794,0.10000000000002274,0.1,2.273181642920008e-14,0.0,21,3,144,79,32.53084185425113,28.764029962418924,49.14761904761926
318.20000000000385,331.14976538150796,0.10000000000002274,0.1,2.273181642920008e-14,0.0,21,3,144,79,32.32718581593916,28.664029962418923,49.24761904761925
318.3000000000039,331.249765381508,0.10000000000002274,0.1,2.273181642920008e-14,0.0,21,3,144,79,32.123084534543466,28.56402996241892,49.34761904761926
318.4000000000039,331.349765381508,0.10000000000002274,0.1,2.273181642920008e-14,0.0,21,3,144,79,31.919066577676105,28.46402996241892,49.447619047619256
318.5000000000039,331.44976538150803,0.10000000000002274,0.1,2.273181642920008e-14,0.0,21,3,146,79,31.71494821963098,28.36402996241892,49.54761904761925
318.60000000000394,331.54976538150805,0.10000000000002274,0.1,2.273181642920008e-14,0.0,21,3,148,79,31.510835567360978,28.264029962418917,49.64761904761926
318.70000000000397,331.6497653815081,0.10000000000002274,0.1,2.273181642920008e-14,0.0,21,3,149,79,31.30637954714134,28.164029962418915,49.74761904761925
318.800000000004,331.7497653815081,0.10000000000002274,0.1,2.273181642920008e-14,0.0,20,3,149,79,32.746322463516016,32.4442119509164,48.02000000000025
318.900000000004,331.8497653815081,0.10000000000002274,0.1,2.273181642920008e-14,0.0,20,3,150,79,32.57944624656395,32.344211950916396,48.120000000000246
319.00000000000404,331.5161212238057,-0.33364415770239475,0.1,4.9682480351975755e-14,0.4336441577024444,19,3,150,79,31.8357296150562,27.86402996241891,46.4315789473687
319.10000000000406,331.61612122380575,0.10000000000002274,0.1,2.273181642920008e-14,0.0,19,3,150,79,31.661509679734134,27.76402996241891,46.5315789473687
319.2000000000041,331.71612122380577,0.10000000000002274,0.1,2.273181642920008e-14,0.0,19,3,150,79,31.468475598345783,27.66402996241891,46.631578947368695
319.3000000000041,331.8161212238058,0.10000000000002274,0.1,2.273181642920008e-14,0.0,19,3,150,79,31.297440676435922,27.564029962418907,46.7315789473687
319.4000000000041,331.9161212238058,0.10000000000002274,0.1,2.273181642920008e-14,0.0,19,3,151,79,31.126355107430815,27.464029962418905,46.8315789473687
319.50000000000415,332.01612122380584,0.10000000000002274,0.1,2.273181642920008e-14,0.0,19,3,152,80,30.955712226462705,27.364029962418904,46.9315789473687
319.6000000000042,332.11612122380586,0.10000000000002274,0.1,2.273181642920008e-14,0.0,19,3,152,79,30.783550976430707,27.264029962418903,47.0315789473687
319.7000000000042,332.2161212238059,0.10000000000002274,0.1,2.273181642920008e-14,0.0,19,3,152,79,30.61344206149227,27.1640299624189,47.131578947368695
319.8000000000042,332.3161212238059,0.10000000000002274,0.1,2.273181642920008e-14,0.0,19,3,152,79,30.443280514974887,27.0640299624189,47.231578947368696
319.90000000000424,332.41612122380593,0.10000000000002274,0.1,2.273181642920008e-14,0.0,19,3,152,79,30.273066336878557,26.9640299624189,47.33157894736869
320.00000000000426,332.51612122380595,0.10000000000002274,0.1,2.273181642920008e-14,0.0,19,3,152,79,30.102799527203274,26.864029962418897,47.43157894736869
320.1000000000043,332.616121223806,0.10000000000002274,0.1,2.273181642920008e-14,0.0,19,3,151,79,29.92912945556817,26.764029962418896,47.53157894736869
320.2000000000043,332.716121223806,0.10000000000002274,0.1,2.273181642920008e-14,0.0,19,3,153,79,29.75589255527995,26.664029962418894,47.63157894736869
320.30000000000433,332.816121223806,0.10000000000002274,0.1,2.273181642920008e-14,0.0,19,3,154,79,29.58546785086783,26.564029962418893,47.731578947368696
320.40000000000435,332.91612122380604,0.10000000000002274,0.1,2.273181642920008e-14,0.0,19,3,154,79,29.414990514876756,26.46402996241889,47.83157894736869
320.5000000000044,333.01612122380607,0.10000000000002274,0.1,2.273181642920008e-14,0.0,18,3,155,79,30.915614825400116,29.139757147634228,46.54444444444472
320.6000000000044,333.1161212238061,0.10000000000002274,0.1,2.273181642920008e-14,0.0,18,3,155,79,30.78161097074288,28.42768776380393,46.64444444444472
320.7000000000044,333.2161212238061,0.10000000000002274,0.1,2.273181642920008e-14,0.0,18,3,155,79,30.664395982285594,28.017817971572857,46.744444444444724
320.80000000000445,333.31612122380614,0.10000000000002274,0.1,2.273181642920008e-14,0.0,18,3,155,79,30.555788488056958,27.762883075457317,46.84444444444472
320.90000000000447,333.41612122380616,0.10000000000002274,0.1,2.273181642920008e-14,0.0,17,3,156,79,32.25304008570384,27.585415627399545,46.77058823529438
321.0000000000045,333.5161212238062,0.10000000000002274,0.1,2.273181642920008e-14,0.0,17,3,157,80,32.15304008570383,27.485415627399544,46.870588235294385
321.1000000000045,333.6161212238062,0.10000000000002274,0.1,2.273181642920008e-14,0.0,17,3,157,80,32.05304008570383,27.385415627399542,46.970588235294386
321.20000000000454,333.7161212238062,0.10000000000002274,0.1,2.273181642920008e-14,0.0,17,3,157,80,31.953040085703833,27.28541562739954,47.07058823529438
321.30000000000456,333.81612122380625,0.10000000000002274,0.1,2.273181642920008e-14,0.0,17,3,158,80,31.85304008570383,27.18541562739954,47.17058823529438
321.4000000000046,333.9161212238063,0.10000000000002274,0.1,2.273181642920008e-14,0.0,17,3,158,80,31.753040085703834,27.085415627399538,47.27058823529438
321.5000000000046,334.0161212238063,0.10000000000002274,0.1,2.273181642920008e-14,0.0,17,3,158,80,31.612792236170602,26.30120218533465,47.370588235294385
321.6000000000046,334.1161212238063,0.10000000000002274,0.1,2.273181642920008e-14,0.0,17,3,158,80,31.476788154768823,25.589132801504356,47.47058823529438
321.70000000000465,334.21612122380634,0.10000000000002274,0.1,2.273181642920008e-14,0.0,17,3,158,80,31.340784073367036,25.164029962418873,47.57058823529438
321.8000000000047,334.31612122380636,0.10000000000002274,0.1,2.273181642920008e-14,0.0,17,3,158,80,31.175547995113085,25.06402996241887,47.670588235294375
321.9000000000047,334.4161212238064,0.10000000000002274,0.1,2.273181642920008e-14,0.0,17,3,158,80,31.010357792609437,24.96402996241887,47.77058823529438
322.0000000000047,334.5161212238064,0.10000000000002274,0.1,2.273181642920008e-14,0.0,17,3,157,80,30.874353711207657,24.86402996241887,47.870588235294385
322.10000000000474,334.61612122380643,0.10000000000002274,0.1,2.273181642920008e-14,0.0,17,3,157,79,30.73834962980587,24.764029962418867,47.97058823529438
322.20000000000476,334.71612122380645,0.10000000000002274,0.1,2.273181642920008e-14,0.0,17,3,157,80,30.60234554840409,24.664029962418866,48.07058823529438
322.3000000000048,334.8161212238065,0.10000000000002274,0.1,2.273181642920008e-14,0.0,17,3,156,79,30.46634146700231,24.564029962418864,48.170588235294375
322.4000000000048,334.9161212238065,0.10000000000002274,0.1,2.273181642920008e-14,0.0,17,3,156,79,30.33033738560053,24.464029962418863,48.27058823529438
322.50000000000483,335.0161212238065,0.10000000000002274,0.1,2.273181642920008e-14,0.0,17,3,157,79,30.15023642295424,24.36402996241886,48.37058823529438
322.60000000000485,335.11612122380654,0.10000000000002274,0.1,2.273181642920008e-14,0.0,17,3,158,78,29.97854921626703,24.26402996241886,48.47058823529438
322.7000000000049,335.2921212238066,0.17600000000004457,0.1,0.07600000000004456,0.0,17,3,157,78,34.27745024487394,24.16402996241886,48.57058823529437
322.8000000000049,335.4465212238066,0.15440000000000964,0.1,0.054400000000009635,0.0,17,3,155,78,35.8560892625731,28.44421195091634,45.70588235294141
322.9000000000049,335.5465212238066,0.10000000000002274,0.1,2.273181642920008e-14,0.0,17,3,155,78,35.640187406870176,28.34421195091634,45.80588235294141
323.00000000000495,335.64652122380664,0.10000000000002274,0.1,2.273181642920008e-14,0.0,17,3,155,78,35.4320217398309,28.244211950916338,45.90588235294141
323.10000000000497,335.74652122380667,0.10000000000002274,0.1,2.273181642920008e-14,0.0,17,3,154,78,35.220438641908686,28.144211950916336,46.005882352941406
323.200000000005,335.8465212238067,0.10000000000002274,0.1,2.273181642920008e-14,0.0,17,3,155,77,35.00508513904412,28.044211950916335,46.1058823529414
323.300000000005,335.9465212238067,0.10000000000002274,0.1,2.273181642920008e-14,0.0,17,3,156,77,34.78940081297829,27.944211950916333,46.2058823529414
323.40000000000504,336.04652122380674,0.10000000000002274,0.1,2.273181642920008e-14,0.0,17,3,155,77,34.57672197660298,27.844211950916332,46.3058823529414
323.50000000000506,336.14652122380676,0.10000000000002274,0.1,2.273181642920008e-14,0.0,17,3,155,76,34.36605906294039,27.74421195091633,46.405882352941404
323.6000000000051,336.2465212238068,0.10000000000002274,0.1,2.273181642920008e-14,0.0,17,3,156,76,34.15709139339491,27.64421195091633,46.5058823529414
323.7000000000051,336.3465212238068,0.10000000000002274,0.1,2.273181642920008e-14,0.0,17,3,156,75,33.91127185615838,27.544211950916328,46.6058823529414
323.8000000000051,336.4465212238068,0.10000000000002274,0.1,2.273181642920008e-14,0.0,17,3,156,75,33.66335477920946,27.444211950916326,46.705882352941394
323.90000000000515,336.54652122380685,0.10000000000002274,0.1,2.273181642920008e-14,0.0,17,3,156,74,33.4161798679276,27.344211950916325,46.8058823529414
324.0000000000052,336.6465212238069,0.10000000000002274,0.1,2.273181642920008e-14,0.0,17,3,156,74,33.16627288880483,27.244211950916323,46.9058823529414
324.1000000000052,336.65769175964823,0.011170535841358742,0.1,2.858824288409778e-14,0.08882946415866985,16,3,155,74,34.421721823809854,28.341230805602898,45.862500000000196
324.2000000000052,336.75769175964825,0.10000000000002274,0.1,2.273181642920008e-14,0.0,16,3,155,74,34.16448564309714,28.241230805602896,45.9625000000002
324.30000000000524,336.8576917596483,0.10000000000002274,0.1,2.273181642920008e-14,0.0,16,3,156,74,33.90642468869763,28.141230805602895,46.0625000000002
324.40000000000526,336.9576917596483,0.10000000000002274,0.1,2.273181642920008e-14,0.0,16,3,157,74,33.649807163323935,28.041230805602893,46.16250000000019
324.5000000000053,337.0576917596483,0.10000000000002274,0.1,2.273181642920008e-14,0.0,16,3,158,74,33.392545573630684,27.941230805602892,46.262500000000195
324.6000000000053,337.15769175964834,0.10000000000002274,0.1,2.273181642920008e-14,0.0,16,3,158,74,33.135223329369715,27.84123080560289,46.362500000000196
324.70000000000533,337.25769175964837,0.10000000000002274,0.1,2.273181642920008e-14,0.0,16,3,159,74,32.879281335692546,27.74123080560289,46.46250000000019
324.80000000000535,337.3576917596484,0.10000000000002274,0.1,2.273181642920008e-14,0.0,16,3,159,74,32.621870457204196,27.641230805602888,46.56250000000019
324.9000000000054,337.4576917596484,0.10000000000002274,0.1,2.273181642920008e-14,0.0,16,3,159,74,32.3630075529927,27.541230805602886,46.66250000000019
325.0000000000054,337.55769175964843,0.10000000000002274,0.1,2.273181642920008e-14,0.0,16,3,158,74,32.107681144382404,27.441230805602885,46.762500000000195
325.1000000000054,337.65769175964846,0.10000000000002274,0.1,2.273181642920008e-14,0.0,14,3,158,74,36.45816970015578,41.572073555250974,47.97857142857161
325.20000000000545,337.7576917596485,0.10000000000002274,0.1,2.273181642920008e-14,0.0,14,3,158,74,36.2222239701854,41.47207355525097,48.07857142857161
325.30000000000547,337.8576917596485,0.10000000000002274,0.1,2.273181642920008e-14,0.0,14,3,158,74,35.98670868116413,41.37207355525097,48.17857142857161
325.4000000000055,337.9576917596485,0.10000000000002274,0.1,2.273181642920008e-14,0.0,14,3,158,74,35.74929410955415,41.27207355525097,48.2785714285716
325.5000000000055,338.05769175964855,0.10000000000002274,0.1,2.273181642920008e-14,0.0,14,3,158,75,35.49383888430483,41.17207355525097,48.378571428571604
325.60000000000554,338.15769175964857,0.10000000000002274,0.1,2.273181642920008e-14,0.0,14,3,158,74,35.25809692466392,41.07207355525097,48.478571428571605
325.70000000000556,338.2782917596486,0.12060000000002447,0.1,0.02060000000002446,0.0,14,3,157,74,36.49285320918133,40.972073555250965,48.5785714285716
325.8000000000056,338.3782917596486,0.10000000000002274,0.1,2.273181642920008e-14,0.0,14,3,157,74,36.27078430544394,40.872073555250964,48.6785714285716
325.9000000000056,338.47829175964864,0.10000000000002274,0.1,2.273181642920008e-14,0.0,14,3,157,74,36.03029659197482,40.77207355525096,48.778571428571595
326.0000000000056,338.57829175964866,0.10000000000002274,0.1,2.273181642920008e-14,0.0,14,3,159,74,35.7900092256841,40.67207355525096,48.8785714285716
326.10000000000565,338.6782917596487,0.10000000000002274,0.1,2.273181642920008e-14,0.0,14,3,159,74,35.54348198963466,40.57207355525096,48.978571428571605
326.2000000000057,338.7782917596487,0.10000000000002274,0.1,2.273181642920008e-14,0.0,14,3,160,74,35.303401306107936,40.47207355525096,49.0785714285716
326.3000000000057,338.87829175964873,0.10000000000002274,0.1,2.273181642920008e-14,0.0,14,3,160,74,35.06213044438337,40.37207355525096,49.1785714285716
326.4000000000057,338.97829175964876,0.10000000000002274,0.1,2.273181642920008e-14,0.0,14,3,161,73,34.823896837106915,40.272073555250955,49.278571428571595
326.50000000000574,339.0782917596488,0.10000000000002274,0.1,2.273181642920008e-14,0.0,14,3,160,73,34.58651794032882,40.172073555250954,49.3785714285716
326.60000000000576,339.1782917596488,0.10000000000002274,0.1,2.273181642920008e-14,0.0,14,3,160,73,34.352289735377305,40.07207355525095,49.47857142857159
326.7000000000058,339.2782917596488,0.10000000000002274,0.1,2.273181642920008e-14,0.0,14,3,160,73,34.11505513803335,39.97207355525095,49.57857142857159
326.8000000000058,339.37829175964885,0.10000000000002274,0.1,2.273181642920008e-14,0.0,14,3,161,74,33.87849315165022,39.87207355525095,49.678571428571594
326.90000000000583,339.47829175964887,0.10000000000002274,0.1,2.273181642920008e-14,0.0,14,3,162,74,33.643417303222314,39.77207355525095,49.77857142857159
327.00000000000585,339.5782917596489,0.10000000000002274,0.1,2.273181642920008e-14,0.0,14,3,162,74,33.40798085726073,39.67207355525095,49.87857142857159
327.1000000000059,339.6782917596489,0.10000000000002274,0.1,2.273181642920008e-14,0.0,14,3,162,74,33.17157931745047,39.572073555250945,49.978571428571584
327.2000000000059,339.77829175964894,0.10000000000002274,0.1,2.273181642920008e-14,0.0,14,3,162,74,32.93569324413463,39.472073555250944,50.07857142857159
327.3000000000059,339.87829175964896,0.10000000000002274,0.1,2.273181642920008e-14,0.0,14,3,165,74,32.69863240641517,39.37207355525094,50.178571428571594
327.40000000000595,339.978291759649,0.10000000000002274,0.1,2.273181642920008e-14,0.0,14,3,164,74,32.46255300148993,39.27207355525094,50.27857142857159
327.50000000000597,340.078291759649,0.10000000000002274,0.1,2.273181642920008e-14,0.0,14,3,164,74,32.22382170655782,39.17207355525094,50.37857142857159
327.600000000006,340.178291759649,0.10000000000002274,0.1,2.273181642920008e-14,0.0,14,3,164,75,31.983511743446567,39.07207355525094,50.478571428571584
327.700000000006,340.27829175964905,0.10000000000002274,0.1,2.273181642920008e-14,0.0,14,3,164,75,31.746828374666823,38.97207355525094,50.578571428571585
327.80000000000604,340.3782917596491,0.10000000000002274,0.1,2.273181642920008e-14,0.0,14,3,164,75,31.51203524715913,38.872073555250935,50.67857142857158
327.90000000000606,340.4782917596491,0.10000000000002274,0.1,2.273181642920008e-14,0.0,14,3,164,74,31.276672201297238,38.250777145744834,50.77857142857158
328.0000000000061,340.5782917596491,0.10000000000002274,0.1,2.273181642920008e-14,0.0,14,3,165,74,31.039853437718396,37.54416401589251,50.87857142857158
328.1000000000061,340.67829175964914,0.10000000000002274,0.1,2.273181642920008e-14,0.0,14,3,165,74,30.804767031215984,36.83755088604019,50.97857142857158
328.2000000000061,340.77829175964916,0.10000000000002274,0.1,2.273181642920008e-14,0.0,14,3,165,75,30.564384620271248,36.13093775618787,51.078571428571585
328.30000000000615,340.8782917596492,0.10000000000002274,0.1,2.273181642920008e-14,0.0,14,3,165,75,30.329214020585916,35.49784146340247,51.17857142857158
328.4000000000062,340.9782917596492,0.10000000000002274,0.1,2.273181642920008e-14,0.0,14,3,165,75,30.112966211360717,35.13129331700977,51.27857142857158
328.5000000000062,341.07829175964923,0.10000000000002274,0.1,2.273181642920008e-14,0.0,14,3,165,75,29.91000550981908,34.89801924381342,51.37857142857158
328.6000000000062,341.17829175964926,0.10000000000002274,0.1,2.273181642920008e-14,0.0,14,3,165,75,29.714473718519315,34.73138220721525,51.47857142857158
328.70000000000624,341.2782917596493,0.10000000000002274,0.1,2.273181642920008e-14,0.0,14,3,166,75,29.523178617563982,34.631382207215246,51.57857142857158
328.80000000000626,341.3782917596493,0.10000000000002274,0.1,2.273181642920008e-14,0.0,14,3,166,75,29.33177917370258,34.531382207215245,51.67857142857157
328.9000000000063,341.4782917596493,0.10000000000002274,0.1,2.273181642920008e-14,0.0,14,3,166,74,29.140008119631865,34.43138220721524,51.778571428571574
329.0000000000063,341.57829175964935,0.10000000000002274,0.1,2.273181642920008e-14,0.0,14,3,167,74,28.947498576538397,34.33138220721524,51.87857142857157
329.10000000000633,341.67829175964937,0.10000000000002274,0.1,2.273181642920008e-14,0.0,14,3,166,75,28.709427973777878,34.23138220721524,51.97857142857157
329.20000000000636,341.8382917596494,0.160000000000025,0.1,0.060000000000025006,0.0,14,3,165,75,32.75738936298536,37.472073555250915,52.07857142857158
329.3000000000064,341.9382917596494,0.10000000000002274,0.1,2.273181642920008e-14,0.0,14,3,165,75,32.54739942970035,37.372073555250914,52.17857142857157
329.4000000000064,342.03829175964944,0.10000000000002274,0.1,2.273181642920008e-14,0.0,14,3,164,75,32.34781840871326,37.27207355525091,52.278571428571574
329.5000000000064,342.13829175964946,0.10000000000002274,0.1,2.273181642920008e-14,0.0,14,3,163,75,32.152998706266914,37.17207355525091,52.37857142857157
329.60000000000645,342.2382917596495,0.10000000000002274,0.1,2.273181642920008e-14,0.0,14,3,163,76,31.960705626579777,37.07207355525091,52.47857142857157
329.70000000000647,342.3382917596495,0.10000000000002274,0.1,2.273181642920008e-14,0.0,14,3,163,76,31.76754130659675,36.97207355525091,52.57857142857157
329.8000000000065,342.43829175964953,0.10000000000002274,0.1,2.273181642920008e-14,0.0,14,3,163,76,31.574768139204867,36.87207355525091,52.678571428571566
329.9000000000065,342.53829175964955,0.10000000000002274,0.1,2.273181642920008e-14,0.0,14,3,163,75,31.38217781817112,36.772073555250905,52.77857142857157
330.00000000000654,342.6382917596496,0.10000000000002274,0.1,2.273181642920008e-14,0.0,14,3,162,75,31.19206157136508,36.672073555250904,52.87857142857156
330.10000000000656,342.7382917596496,0.10000000000002274,0.1,2.273181642920008e-14,0.0,14,3,162,75,30.99898008500883,36.5720735552509,52.97857142857157
330.2000000000066,342.8382917596496,0.10000000000002274,0.1,2.273181642920008e-14,0.0,14,3,162,75,30.803883954753697,35.823257724414354,53.07857142857157
330.3000000000066,342.93829175964964,0.10000000000002274,0.1,2.273181642920008e-14,0.0,14,3,162,75,30.605827894767312,35.04080434740703,53.178571428571566
330.4000000000066,343.03829175964967,0.10000000000002274,0.1,2.273181642920008e-14,0.0,14,3,163,75,30.41320411874504,34.2506846129476,53.27857142857157
330.50000000000665,343.1382917596497,0.10000000000002274,0.1,2.273181642920008e-14,0.0,14,3,163,76,30.236069690894265,33.48291263148453,53.37857142857156
330.6000000000067,343.2382917596497,0.10000000000002274,0.1,2.273181642920008e-14,0.0,14,3,164,76,30.07417618528354,32.73138220721522,53.47857142857156
330.7000000000067,343.33829175964974,0.10000000000002274,0.1,2.273181642920008e-14,0.0,14,3,165,76,29.920251584734952,32.63138220721522,53.57857142857156
330.8000000000067,343.43829175964976,0.10000000000002274,0.1,2.273181642920008e-14,0.0,14,3,165,76,29.771309832493607,32.531382207215216,53.67857142857156
330.90000000000674,343.5382917596498,0.10000000000002274,0.1,2.273181642920008e-14,0.0,14,3,166,76,29.622821462383655,32.431382207215215,53.77857142857156
331.00000000000676,343.6382917596498,0.10000000000002274,0.1,2.273181642920008e-14,0.0,14,3,167,76,29.473110872242987,32.33138220721521,53.87857142857156
331.1000000000068,343.7382917596498,0.10000000000002274,0.1,2.273181642920008e-14,0.0,14,3,167,76,29.324348667297233,32.23138220721521,53.97857142857156
331.2000000000068,343.83829175964985,0.10000000000002274,0.1,2.273181642920008e-14,0.0,14,3,167,77,29.174615810368973,32.13138220721521,54.07857142857156
331.30000000000683,343.93829175964987,0.10000000000002274,0.1,2.273181642920008e-14,0.0,14,3,167,77,29.0277409331577,32.03138220721521,54.17857142857156
331.40000000000686,344.0382917596499,0.10000000000002274,0.1,2.273181642920008e-14,0.0,14,3,168,77,28.87947387783854,31.931382207215208,54.27857142857156
331.5000000000069,344.1382917596499,0.10000000000002274,0.1,2.273181642920008e-14,0.0,14,3,168,77,28.73010603963653,31.831382207215206,54.378571428571554
331.6000000000069,344.23829175964994,0.10000000000002274,0.1,2.273181642920008e-14,0.0,14,3,169,77,28.580785777285957,31.731382207215205,54.478571428571556
331.7000000000069,344.33829175964996,0.10000000000002274,0.1,2.273181642920008e-14,0.0,14,3,170,76,28.43157613946261,31.631382207215204,54.57857142857155
331.80000000000695,344.43829175965,0.10000000000002274,0.1,2.273181642920008e-14,0.0,14,3,172,75,28.284225866883048,31.531382207215202,54.67857142857155
331.90000000000697,344.53829175965,0.10000000000002274,0.1,2.273181642920008e-14,0.0,14,3,172,74,27.95889497416694,31.4313822072152,54.77857142857156
332.000000000007,344.63829175965003,0.10000000000002274,0.1,2.273181642920008e-14,0.0,13,3,171,74,29.770110742543675,31.3313822072152,54.73846153846163
332.100000000007,344.73829175965005,0.10000000000002274,0.1,2.273181642920008e-14,0.0,13,3,172,74,29.42558127678065,31.231382207215198,54.83846153846163
332.20000000000704,344.8982917596501,0.160000000000025,0.1,0.060000000000025006,0.0,13,3,171,74,33.69032930616007,32.0116225108335,54.93846153846163
332.30000000000706,344.9982917596501,0.10000000000002274,0.1,2.273181642920008e-14,0.0,13,3,171,74,33.35444692900875,31.276750669527527,55.038461538461625
332.4000000000071,345.0982917596501,0.10000000000002274,0.1,2.273181642920008e-14,0.0,13,3,172,74,33.00886197349227,30.931382207215194,55.13846153846162
332.5000000000071,345.19829175965015,0.10000000000002274,0.1,2.273181642920008e-14,0.0,13,3,173,74,32.66585643519484,30.831382207215192,55.23846153846163
332.6000000000071,345.29829175965017,0.10000000000002274,0.1,2.273181642920008e-14,0.0,12,3,173,74,35.04034714845403,35.85361820917963,55.06666666666671
332.70000000000715,345.3982917596502,0.10000000000002274,0.1,2.273181642920008e-14,0.0,11,3,173,74,37.91167339196936,35.75361820917963,54.68181818181818
332.8000000000072,345.4982917596502,0.10000000000002274,0.1,2.273181642920008e-14,0.0,11,3,173,74,37.63807570445246,35.653618209179626,54.781818181818174
332.9000000000072,345.59829175965024,0.10000000000002274,0.1,2.273181642920008e-14,0.0,11,3,174,74,37.36490762736865,35.553618209179625,54.881818181818176
333.0000000000072,345.69829175965026,0.10000000000002274,0.1,2.273181642920008e-14,0.0,11,3,174,74,37.09029530680527,35.45361820917962,54.98181818181818
333.10000000000724,345.7982917596503,0.10000000000002274,0.1,2.273181642920008e-14,0.0,11,3,174,74,36.80753010993695,35.35361820917962,55.08181818181817
333.20000000000726,345.8982917596503,0.10000000000002274,0.1,2.273181642920008e-14,0.0,11,3,173,74,36.52407130699583,35.25361820917962,55.18181818181817
333.3000000000073,345.99829175965033,0.10000000000002274,0.1,2.273181642920008e-14,0.0,10,3,173,74,39.8522201519149,39.276078431825184,51.730000000000075
333.4000000000073,346.09829175965035,0.10000000000002274,0.1,2.273181642920008e-14,0.0,10,3,175,74,39.54912520984277,39.17607843182518,51.83000000000008
333.50000000000733,346.1982917596504,0.10000000000002274,0.1,2.273181642920008e-14,0.0,10,3,174,74,39.26095117872077,39.07607843182518,51.93000000000008
333.60000000000736,346.2982917596504,0.10000000000002274,0.1,2.273181642920008e-14,0.0,10,3,174,74,38.97270793092967,38.97607843182518,52.03000000000007
333.7000000000074,346.3982917596504,0.10000000000002274,0.1,2.273181642920008e-14,0.0,10,3,174,74,38.69022030788555,38.87607843182518,52.130000000000074
333.8000000000074,346.49829175965044,0.10000000000002274,0.1,2.273181642920008e-14,0.0,10,3,173,74,38.43579481118219,38.77607843182518,52.230000000000075
333.9000000000074,346.59829175965046,0.10000000000002274,0.1,2.273181642920008e-14,0.0,10,3,173,74,38.193465749072054,38.676078431825175,52.33000000000008
334.00000000000745,346.6982917596505,0.10000000000002274,0.1,2.273181642920008e-14,0.0,10,3,173,74,37.95621184082752,38.576078431825174,52.430000000000064
334.10000000000747,346.7982917596505,0.10000000000002274,0.1,2.273181642920008e-14,0.0,10,3,173,74,37.72830768655021,38.47607843182517,52.530000000000065
334.2000000000075,346.89829175965053,0.10000000000002274,0.1,2.273181642920008e-14,0.0,10,3,174,74,37.49852180088832,38.37607843182517,52.63000000000007
334.3000000000075,346.99829175965056,0.10000000000002274,0.1,2.273181642920008e-14,0.0,10,3,174,74,37.27147271232395,38.27607843182517,52.73000000000006
334.40000000000754,347.0982917596506,0.10000000000002274,0.1,2.273181642920008e-14,0.0,10,3,175,74,37.04215369513144,38.17607843182517,52.83000000000006
334.50000000000756,347.1982917596506,0.10000000000002274,0.1,2.273181642920008e-14,0.0,10,3,174,74,36.81123500469093,38.07607843182517,52.930000000000064
334.6000000000076,347.2982917596506,0.10000000000002274,0.1,2.273181642920008e-14,0.0,10,3,175,74,36.58190323054429,37.976078431825165,53.030000000000065
334.7000000000076,347.39829175965065,0.10000000000002274,0.1,2.273181642920008e-14,0.0,10,3,174,74,36.35442925357322,37.876078431825164,53.13000000000007
334.8000000000076,347.53209175965065,0.1338000000000079,0.1,0.03380000000000791,0.0,10,3,173,74,39.507687613731605,40.89783104943351,53.23000000000006
334.90000000000765,347.6320917596507,0.10000000000002274,0.1,2.273181642920008e-14,0.0,9,3,172,74,43.737598272335234,40.79783104943351,49.75555555555569
335.0000000000077,347.7320917596507,0.10000000000002274,0.1,2.273181642920008e-14,0.0,9,3,172,74,43.563525776115235,40.69783104943351,49.85555555555569
335.1000000000077,347.8320917596507,0.10000000000002274,0.1,2.273181642920008e-14,0.0,9,3,172,74,43.39042073027273,40.59783104943351,49.95555555555569
335.2000000000077,347.93209175965075,0.10000000000002274,0.1,2.273181642920008e-14,0.0,9,3,172,74,43.22241302095826,40.49783104943351,50.055555555555685
335.30000000000774,348.03209175965077,0.10000000000002274,0.1,2.273181642920008e-14,0.0,9,3,172,74,43.05440531164378,40.397831049433506,50.15555555555569
335.40000000000776,348.1320917596508,0.10000000000002274,0.1,2.273181642920008e-14,0.0,9,3,173,74,42.8863976023293,40.297831049433505,50.25555555555569
335.5000000000078,348.2320917596508,0.10000000000002274,0.1,2.273181642920008e-14,0.0,9,3,173,74,42.71838989301482,40.1978310494335,50.35555555555569
335.6000000000078,348.33209175965084,0.10000000000002274,0.1,2.273181642920008e-14,0.0,9,3,174,74,42.55038218370035,40.0978310494335,50.455555555555684
335.70000000000783,348.43209175965086,0.10000000000002274,0.1,2.273181642920008e-14,0.0,9,3,174,74,42.38237447438586,39.9978310494335,50.555555555555685
335.80000000000786,348.5320917596509,0.10000000000002274,0.1,2.273181642920008e-14,0.0,9,3,175,75,42.21436676507139,39.850681054227174,50.65555555555569
335.9000000000079,348.6320917596509,0.10000000000002274,0.1,2.273181642920008e-14,0.0,9,3,175,75,42.04635905575691,39.13861167039688,50.75555555555568
336.0000000000079,348.7320917596509,0.10000000000002274,0.1,2.273181642920008e-14,0.0,9,3,175,75,41.87835134644243,38.42654228656658,50.85555555555568
336.1000000000079,348.83209175965095,0.10000000000002274,0.1,2.273181642920008e-14,0.0,9,3,174,75,41.710343637127956,37.71447290273628,50.955555555555684
336.20000000000795,348.932091759651,0.10000000000002274,0.1,2.273181642920008e-14,0.0,9,3,175,75,41.548477138204696,37.05767441242695,51.055555555555685
336.30000000000797,349.032091759651,0.10000000000002274,0.1,2.273181642920008e-14,0.0,9,3,175,75,41.41754388874306,36.67927516727228,51.15555555555568
336.400000000008,349.132091759651,0.10000000000002274,0.1,2.273181642920008e-14,0.0,9,3,175,75,41.30207726401225,36.44007554469494,51.255555555555674
336.500000000008,349.23209175965104,0.10000000000002274,0.1,2.273181642920008e-14,0.0,9,3,177,74,41.19434395164684,36.27047573340627,51.355555555555675
336.60000000000804,349.33209175965106,0.10000000000002274,0.1,2.273181642920008e-14,0.0,9,3,179,75,41.094343951646835,36.17047573340627,51.45555555555568
336.70000000000806,349.4320917596511,0.10000000000002274,0.1,2.273181642920008e-14,0.0,9,3,179,75,40.88867146563766,36.07047573340627,51.55555555555568
336.8000000000081,349.5320917596511,0.10000000000002274,0.1,2.273181642920008e-14,0.0,9,3,178,75,40.788671465637655,35.97047573340627,51.65555555555567
336.9000000000081,349.63209175965113,0.10000000000002274,0.1,2.273181642920008e-14,0.0,9,3,179,74,40.688671465637654,35.870475733406266,51.755555555555674
337.00000000000813,349.73209175965115,0.10000000000002274,0.1,2.273181642920008e-14,0.0,9,3,178,75,40.58867146563765,35.770475733406265,51.855555555555675
337.10000000000815,349.8320917596512,0.10000000000002274,0.1,2.273181642920008e-14,0.0,9,3,178,75,40.48867146563765,35.67047573340626,51.95555555555567
337.2000000000082,349.9320917596512,0.10000000000002274,0.1,2.273181642920008e-14,0.0,9,3,179,74,40.38867146563766,35.57047573340626,52.05555555555567
337.3000000000082,350.0320917596512,0.10000000000002274,0.1,2.273181642920008e-14,0.0,9,3,178,74,40.28867146563765,35.47047573340626,52.155555555555665
337.4000000000082,350.13209175965125,0.10000000000002274,0.1,2.273181642920008e-14,0.0,9,3,178,74,40.188671465637654,35.37047573340626,52.25555555555567
337.50000000000824,350.23209175965127,0.10000000000002274,0.1,2.273181642920008e-14,0.0,9,3,178,74,40.08867146563765,35.27047573340626,52.35555555555567
337.60000000000827,350.3320917596513,0.10000000000002274,0.1,2.273181642920008e-14,0.0,9,3,178,74,39.98867146563765,35.170475733406256,52.45555555555566
337.7000000000083,350.4320917596513,0.10000000000002274,0.1,2.273181642920008e-14,0.0,9,3,179,75,39.88867146563766,35.070475733406255,52.555555555555664
337.8000000000083,350.53209175965134,0.10000000000002274,0.1,2.273181642920008e-14,0.0,9,3,179,75,39.78867146563765,34.97047573340625,52.65555555555566
337.90000000000833,350.63209175965136,0.10000000000002274,0.1,2.273181642920008e-14,0.0,9,3,179,76,39.688671465637654,34.87047573340625,52.75555555555567
338.00000000000836,350.7320917596514,0.10000000000002274,0.1,2.273181642920008e-14,0.0,9,3,180,76,39.588671465637645,34.77047573340625,52.85555555555566
338.1000000000084,350.8320917596514,0.10000000000002274,0.1,2.273181642920008e-14,0.0,9,3,179,76,39.36771183683151,34.67047573340625,52.95555555555566
338.2000000000084,350.6116130106095,-0.22047874904188802,0.1,1.6708856520608606e-14,0.3204787490419047,8,3,180,76,40.002745594864216,37.497831049433465,48.7250000000002
338.3000000000084,350.71161301060954,0.10000000000002274,0.1,2.273181642920008e-14,0.0,8,3,181,76,39.902745594864214,37.397831049433464,48.8250000000002
338.40000000000845,350.81161301060956,0.10000000000002274,0.1,2.273181642920008e-14,0.0,8,3,182,75,39.80274559486421,37.29783104943346,48.9250000000002
338.50000000000847,350.9116130106096,0.10000000000002274,0.1,2.273181642920008e-14,0.0,8,3,183,75,39.70274559486421,37.19783104943346,49.025000000000205
338.6000000000085,351.0116130106096,0.10000000000002274,0.1,2.273181642920008e-14,0.0,8,3,185,74,39.60274559486422,37.09783104943346,49.1250000000002
338.7000000000085,351.11161301060963,0.10000000000002274,0.1,2.273181642920008e-14,0.0,8,3,185,74,39.502745594864216,36.99783104943346,49.2250000000002
338.80000000000854,351.21161301060965,0.10000000000002274,0.1,2.273181642920008e-14,0.0,8,3,185,74,39.402745594864214,36.89783104943346,49.3250000000002
338.90000000000856,351.3116130106097,0.10000000000002274,0.1,2.273181642920008e-14,0.0,8,3,185,73,39.30274559486421,36.797831049433455,49.425000000000196
339.0000000000086,351.4116130106097,0.10000000000002274,0.1,2.273181642920008e-14,0.0,8,3,184,72,39.09374559486422,36.697831049433454,49.5250000000002
339.1000000000086,351.5116130106097,0.10000000000002274,0.1,2.273181642920008e-14,0.0,8,3,184,72,38.88462059486422,36.59783104943345,49.6250000000002
339.20000000000863,351.61161301060974,0.10000000000002274,0.1,2.273181642920008e-14,0.0,8,3,184,71,38.59840320042673,36.49783104943345,49.7250000000002
339.30000000000865,351.71161301060977,0.10000000000002274,0.1,2.273181642920008e-14,0.0,8,3,184,71,38.313201559195186,36.39783104943345,49.8250000000002
339.4000000000087,351.8116130106098,0.10000000000002274,0.1,2.273181642920008e-14,0.0,8,3,185,72,38.02787491796365,36.29783104943345,49.925000000000196
339.5000000000087,351.9116130106098,0.10000000000002274,0.1,2.273181642920008e-14,0.0,8,3,185,72,37.74242327673211,36.19783104943345,50.0250000000002
339.6000000000087,352.01161301060984,0.10000000000002274,0.1,2.273181642920008e-14,0.0,8,3,186,72,37.45684663550057,36.097831049433445,50.1250000000002
339.70000000000874,352.11161301060986,0.10000000000002274,0.1,2.273181642920008e-14,0.0,8,3,185,72,37.17114499426903,35.997831049433444,50.22500000000019
339.80000000000877,352.2116130106099,0.10000000000002274,0.1,2.273181642920008e-14,0.0,8,3,186,71,36.88531835303749,35.89783104943344,50.325000000000195
339.9000000000088,352.3116130106099,0.10000000000002274,0.1,2.273181642920008e-14,0.0,8,3,186,71,36.59936671180595,35.79783104943344,50.425000000000196
340.0000000000088,352.4116130106099,0.10000000000002274,0.1,2.273181642920008e-14,0.0,8,3,186,72,36.31329007057441,35.69783104943344,50.5250000000002
340.10000000000883,352.51161301060995,0.10000000000002274,0.1,2.273181642920008e-14,0.0,8,3,185,72,36.027088429342875,35.59783104943344,50.6250000000002
340.20000000000886,352.61161301061,0.10000000000002274,0.1,2.273181642920008e-14,0.0,8,3,185,72,35.740761788111335,35.49783104943344,50.72500000000019
340.3000000000089,352.71161301061,0.10000000000002274,0.1,2.273181642920008e-14,0.0,8,3,185,72,35.45431014687979,35.397831049433435,50.825000000000195
340.4000000000089,352.81161301061,0.10000000000002274,0.1,2.273181642920008e-14,0.0,8,3,185,73,35.16773350564826,35.297831049433434,50.925000000000196
340.5000000000089,352.91161301061004,0.10000000000002274,0.1,2.273181642920008e-14,0.0,8,3,185,72,34.88103186441671,35.19783104943343,51.02500000000019
340.60000000000895,353.01161301061006,0.10000000000002274,0.1,2.273181642920008e-14,0.0,8,3,185,72,34.62808329014481,35.09783104943343,51.12500000000019
340.70000000000897,353.1116130106101,0.10000000000002274,0.1,2.273181642920008e-14,0.0,8,3,186,71,34.395984003008856,34.99783104943343,51.22500000000019
340.800000000009,353.2116130106101,0.10000000000002274,0.1,2.273181642920008e-14,0.0,8,3,186,71,34.17424685944088,34.89783104943343,51.325000000000195
340.900000000009,353.31161301061013,0.10000000000002274,0.1,2.273181642920008e-14,0.0,8,3,185,71,33.96287185944088,34.79783104943343,51.425000000000196
341.00000000000904,353.41161301061015,0.10000000000002274,0.1,2.273181642920008e-14,0.0,8,3,185,71,33.75137185944088,34.697831049433425,51.52500000000019
341.10000000000906,353.5116130106102,0.10000000000002274,0.1,2.273181642920008e-14,0.0,8,3,185,71,33.46362185944088,33.890394932793036,51.62500000000019
341.2000000000091,353.6116130106102,0.10000000000002274,0.1,2.273181642920008e-14,0.0,8,3,186,71,33.17562185944088,32.896394932793044,51.72500000000019
341.3000000000091,353.7116130106102,0.10000000000002274,0.1,2.273181642920008e-14,0.0,8,3,185,71,32.88737185944088,31.90139493279305,51.82500000000019
341.40000000000913,353.81161301061024,0.10000000000002274,0.1,2.273181642920008e-14,0.0,8,3,185,71,32.59887185944088,31.370475733406202,51.92500000000019
341.50000000000915,353.91161301061027,0.10000000000002274,0.1,2.273181642920008e-14,0.0,8,3,184,71,32.31012185944088,31.2704757334062,52.02500000000019
341.6000000000092,354.0116130106103,0.10000000000002274,0.1,2.273181642920008e-14,0.0,8,3,184,70,32.02112185944088,31.1704757334062,52.12500000000019
341.7000000000092,354.1116130106103,0.10000000000002274,0.1,2.273181642920008e-14,0.0,8,3,184,70,31.73187185944088,31.070475733406198,52.22500000000019
341.8000000000092,354.21161301061034,0.10000000000002274,0.1,2.273181642920008e-14,0.0,8,3,184,69,31.44237185944088,30.970475733406197,52.32500000000019
341.90000000000924,354.31161301061036,0.10000000000002274,0.1,2.273181642920008e-14,0.0,8,3,183,69,31.15262185944088,30.870475733406195,52.42500000000019
342.00000000000927,354.4116130106104,0.10000000000002274,0.1,2.273181642920008e-14,0.0,8,3,182,69,30.862621859440882,30.770475733406194,52.52500000000019
342.1000000000093,354.5116130106104,0.10000000000002274,0.1,2.273181642920008e-14,0.0,8,3,182,69,30.57237185944088,30.670475733406192,52.625000000000185
342.2000000000093,354.6116130106104,0.10000000000002274,0.1,2.273181642920008e-14,0.0,8,3,181,69,30.28187185944088,30.57047573340619,52.725000000000186
342.30000000000933,354.71161301061045,0.10000000000002274,0.1,2.273181642920008e-14,0.0,8,3,181,69,29.99112185944088,30.47047573340619,52.82500000000019
342.40000000000936,354.8116130106105,0.10000000000002274,0.1,2.273181642920008e-14,0.0,8,3,181,69,29.70012185944088,30.370475733406188,52.92500000000019
342.5000000000094,354.9116130106105,0.10000000000002274,0.1,2.273181642920008e-14,0.0,8,3,180,69,29.408871859440882,30.270475733406187,53.02500000000019
342.6000000000094,355.0116130106105,0.10000000000002274,0.1,2.273181642920008e-14,0.0,8,3,181,69,29.11737185944088,30.170475733406185,53.125000000000185
342.7000000000094,355.11161301061054,0.10000000000002274,0.1,2.273181642920008e-14,0.0,8,3,181,69,28.825621859440883,30.070475733406184,53.225000000000186
342.80000000000945,355.21161301061056,0.10000000000002274,0.1,2.273181642920008e-14,0.0,8,3,180,69,28.53362185944088,29.970475733406182,53.32500000000019
342.90000000000947,355.3116130106106,0.10000000000002274,0.1,2.273181642920008e-14,0.0,8,3,180,69,28.241371859440882,29.87047573340618,53.42500000000018
343.0000000000095,355.4116130106106,0.10000000000002274,0.1,2.273181642920008e-14,0.0,8,3,181,69,27.94887185944088,29.77047573340618,53.52500000000018
343.1000000000095,355.51161301061063,0.10000000000002274,0.1,2.273181642920008e-14,0.0,8,3,182,68,27.656121859440884,29.670475733406178,53.625000000000185
343.20000000000954,355.61161301061065,0.10000000000002274,0.1,2.273181642920008e-14,0.0,8,3,181,68,27.363121859440884,29.570475733406177,53.725000000000186
343.30000000000956,355.7116130106107,0.10000000000002274,0.1,2.273181642920008e-14,0.0,8,3,183,68,27.069871859440884,29.470475733406175,53.82500000000019
343.4000000000096,355.8116130106107,0.10000000000002274,0.1,2.273181642920008e-14,0.0,8,3,182,68,26.776371859440886,29.370475733406174,53.92500000000018
343.5000000000096,355.9116130106107,0.10000000000002274,0.1,2.273181642920008e-14,0.0,8,3,183,68,26.482621859440883,29.270475733406172,54.02500000000018
343.60000000000963,356.01161301061074,0.10000000000002274,0.1,2.273181642920008e-14,0.0,8,3,182,68,26.188621859440886,29.17047573340617,54.125000000000185
343.70000000000965,356.11161301061077,0.10000000000002274,0.1,2.273181642920008e-14,0.0,8,3,182,68,25.894371859440884,29.07047573340617,54.22500000000018
343.8000000000097,356.2116130106108,0.10000000000002274,0.1,2.273181642920008e-14,0.0,8,3,183,68,25.599871859440885,28.668940109649185,54.32500000000018
343.9000000000097,356.3116130106108,0.10000000000002274,0.1,2.273181642920008e-14,0.0,8,3,183,68,25.19049219113143,27.014902763173534,54.42500000000018
344.0000000000097,356.41161301061084,0.10000000000002274,0.1,2.273181642920008e-14,0.0,8,3,183,67,24.816071450038983,25.641536834433946,54.52500000000018
344.10000000000974,356.51161301061086,0.10000000000002274,0.1,2.273181642920008e-14,0.0,8,3,182,67,24.44332229978212,24.353618209179466,54.625000000000185
344.20000000000977,356.6116130106109,0.10000000000002274,0.1,2.273181642920008e-14,0.0,8,3,183,67,24.071666684666166,24.253618209179464,54.72500000000018
344.3000000000098,356.7116130106109,0.10000000000002274,0.1,2.273181642920008e-14,0.0,8,3,182,67,23.699901046744802,24.153618209179463,54.82500000000018
344.4000000000098,356.8116130106109,0.10000000000002274,0.1,2.273181642920008e-14,0.0,8,3,181,67,23.32796609997857,24.05361820917946,54.92500000000018
344.50000000000983,356.91161301061095,0.10000000000002274,0.1,2.273181642920008e-14,0.0,8,3,181,68,22.955338333215167,23.95361820917946,55.025000000000176
344.60000000000986,357.011613010611,0.10000000000002274,0.1,2.273181642920008e-14,0.0,7,3,181,68,26.001073902785542,23.85361820917946,49.728571428571776
344.7000000000099,357.111613010611,0.10000000000002274,0.1,2.273181642920008e-14,0.0,7,3,182,68,25.686618743412634,23.753618209179457,49.82857142857177
344.8000000000099,357.211613010611,0.10000000000002274,0.1,2.273181642920008e-14,0.0,7,3,181,67,25.40752172457578,23.653618209179456,49.92857142857177
344.9000000000099,357.31161301061104,0.10000000000002274,0.1,2.273181642920008e-14,0.0,7,3,182,67,25.128434134596876,23.553618209179454,50.028571428571766
345.00000000000995,357.41161301061106,0.10000000000002274,0.1,2.273181642920008e-14,0.0,7,3,182,68,24.849203687475114,23.453618209179453,50.12857142857177
345.10000000000997,357.5116130106111,0.10000000000002274,0.1,2.273181642920008e-14,0.0,7,3,183,68,24.505549755347726,23.35361820917945,50.228571428571776
345.20000000001,357.6116130106111,0.10000000000002274,0.1,2.273181642920008e-14,0.0,7,3,183,68,24.163515332123048,23.25361820917945,50.32857142857177
345.30000000001,357.71161301061113,0.10000000000002274,0.1,2.273181642920008e-14,0.0,7,3,183,69,23.88354068287226,23.15361820917945,50.42857142857177
345.40000000001004,357.81161301061115,0.10000000000002274,0.1,2.273181642920008e-14,0.0,7,3,184,69,23.603550284578397,23.053618209179447,50.528571428571766
345.50000000001006,357.9116130106112,0.10000000000002274,0.1,2.273181642920008e-14,0.0,7,3,183,68,23.32002021775352,22.953618209179446,50.62857142857177
345.6000000000101,358.0116130106112,0.10000000000002274,0.1,2.273181642920008e-14,0.0,7,3,183,69,23.034924324711913,22.853618209179444,50.72857142857176
345.7000000000101,358.1116130106112,0.10000000000002274,0.1,2.273181642920008e-14,0.0,7,3,184,69,22.750043266985877,22.753618209179443,50.82857142857176
345.80000000001013,358.21161301061125,0.10000000000002274,0.1,2.273181642920008e-14,0.0,7,3,185,69,22.465787204858753,22.65361820917944,50.92857142857177
345.90000000001015,358.31161301061127,0.10000000000002274,0.1,2.273181642920008e-14,0.0,6,3,185,69,26.171439972180778,26.97047573340614,48.56666666666697
346.0000000000102,358.4116130106113,0.10000000000002274,0.1,2.273181642920008e-14,0.0,6,3,185,69,26.07143997218078,26.87047573340614,48.66666666666697
346.1000000000102,358.5116130106113,0.10000000000002274,0.1,2.273181642920008e-14,0.0,6,3,185,70,25.971439972180775,26.770475733406137,48.76666666666697
346.2000000000102,358.61161301061134,0.10000000000002274,0.1,2.273181642920008e-14,0.0,6,3,185,71,25.871439972180777,26.670475733406136,48.866666666666966
346.30000000001024,358.71161301061136,0.10000000000002274,0.1,2.273181642920008e-14,0.0,6,3,186,71,25.771439972180776,26.570475733406134,48.96666666666696
346.40000000001027,358.8116130106114,0.10000000000002274,0.1,2.273181642920008e-14,0.0,6,3,187,71,25.671439972180774,26.470475733406133,49.06666666666697
346.5000000000103,358.9116130106114,0.10000000000002274,0.1,2.273181642920008e-14,0.0,6,3,188,71,25.571439972180773,26.37047573340613,49.16666666666697
346.6000000000103,359.0116130106114,0.10000000000002274,0.1,2.273181642920008e-14,0.0,6,3,187,71,25.47143997218077,26.27047573340613,49.266666666666964
346.70000000001033,359.11161301061145,0.10000000000002274,0.1,2.273181642920008e-14,0.0,6,3,186,71,25.37143997218077,26.17047573340613,49.36666666666696
346.80000000001036,359.2116130106115,0.10000000000002274,0.1,2.273181642920008e-14,0.0,6,3,186,72,25.271439972180772,26.070475733406127,49.46666666666696
346.9000000000104,359.3116130106115,0.10000000000002274,0.1,2.273181642920008e-14,0.0,6,3,186,72,25.171439972180767,25.970475733406126,49.56666666666697
347.0000000000104,359.4116130106115,0.10000000000002274,0.1,2.273181642920008e-14,0.0,6,3,186,71,25.07143997218077,25.870475733406124,49.66666666666696
347.1000000000104,359.51161301061154,0.10000000000002274,0.1,2.273181642920008e-14,0.0,6,3,186,71,24.97143997218077,25.770475733406123,49.76666666666696
347.20000000001045,359.61161301061156,0.10000000000002274,0.1,2.273181642920008e-14,0.0,6,3,186,71,24.871439972180767,25.67047573340612,49.86666666666696
347.30000000001047,359.7116130106116,0.10000000000002274,0.1,2.273181642920008e-14,0.0,6,3,187,71,24.77143997218077,25.57047573340612,49.96666666666696
347.4000000000105,359.8116130106116,0.10000000000002274,0.1,2.273181642920008e-14,0.0,6,3,187,71,24.671439972180764,25.47047573340612,50.066666666666954
347.5000000000105,359.91161301061163,0.10000000000002274,0.1,2.273181642920008e-14,0.0,6,3,187,72,24.571439972180766,25.370475733406117,50.16666666666695
347.60000000001054,360.01161301061165,0.10000000000002274,0.1,2.273181642920008e-14,0.0,6,3,187,72,24.471439972180764,25.270475733406116,50.26666666666696
347.70000000001056,360.1116130106117,0.10000000000002274,0.1,2.273181642920008e-14,0.0,6,3,187,72,24.371439972180763,25.170475733406114,50.36666666666696
347.8000000000106,360.2116130106117,0.10000000000002274,0.1,2.273181642920008e-14,0.0,6,3,186,72,24.27143997218076,25.070475733406113,50.46666666666695
347.9000000000106,360.3116130106117,0.10000000000002274,0.1,2.273181642920008e-14,0.0,6,3,186,72,24.17143997218076,24.97047573340611,50.56666666666695
348.00000000001063,360.41161301061175,0.10000000000002274,0.1,2.273181642920008e-14,0.0,6,3,188,73,24.07143997218076,24.87047573340611,50.66666666666695
348.10000000001065,360.51161301061177,0.10000000000002274,0.1,2.273181642920008e-14,0.0,6,3,188,72,23.97143997218076,24.77047573340611,50.76666666666696
348.2000000000107,360.6116130106118,0.10000000000002274,0.1,2.273181642920008e-14,0.0,6,3,188,72,23.871439972180756,24.670475733406107,50.86666666666695
348.3000000000107,360.7116130106118,0.10000000000002274,0.1,2.273181642920008e-14,0.0,6,3,187,72,23.771439972180758,24.570475733406106,50.966666666666946
348.4000000000107,360.81161301061184,0.10000000000002274,0.1,2.273181642920008e-14,0.0,6,3,187,71,23.67143997218076,24.470475733406104,51.06666666666695
348.50000000001074,360.91161301061186,0.10000000000002274,0.1,2.273181642920008e-14,0.0,6,3,188,71,23.571439972180755,24.370475733406103,51.16666666666695
348.60000000001077,361.0116130106119,0.10000000000002274,0.1,2.273181642920008e-14,0.0,6,3,188,70,23.471439972180757,24.2704757334061,51.26666666666694
348.7000000000108,361.1116130106119,0.10000000000002274,0.1,2.273181642920008e-14,0.0,6,3,188,70,23.371439972180752,24.1704757334061,51.36666666666694
348.8000000000108,361.2116130106119,0.10000000000002274,0.1,2.273181642920008e-14,0.0,6,3,188,70,23.271439972180755,24.0704757334061,51.466666666666946
348.90000000001083,361.31161301061195,0.10000000000002274,0.1,2.273181642920008e-14,0.0,6,3,188,70,23.171439972180753,23.970475733406097,51.56666666666695
349.00000000001086,361.411613010612,0.10000000000002274,0.1,2.273181642920008e-14,0.0,6,3,188,70,23.07143997218075,23.870475733406096,51.66666666666694
349.1000000000109,361.511613010612,0.10000000000002274,0.1,2.273181642920008e-14,0.0,6,3,189,70,22.97143997218075,23.770475733406094,51.766666666666936
349.2000000000109,361.611613010612,0.10000000000002274,0.1,2.273181642920008e-14,0.0,6,3,190,69,22.87143997218075,23.670475733406093,51.86666666666694
349.3000000000109,361.71161301061204,0.10000000000002274,0.1,2.273181642920008e-14,0.0,6,3,190,69,22.771439972180747,23.57047573340609,51.966666666666946
349.40000000001095,361.81161301061206,0.10000000000002274,0.1,2.273181642920008e-14,0.0,6,3,190,69,22.565277252749357,22.833499416817766,52.06666666666694
349.50000000001097,361.9116130106121,0.10000000000002274,0.1,2.273181642920008e-14,0.0,6,3,191,68,22.363265688777645,22.12143003298747,52.166666666666934
349.600000000011,362.0116130106121,0.10000000000002274,0.1,2.273181642920008e-14,0.0,6,3,191,68,22.161254124805925,21.409360649157172,52.266666666666936
349.700000000011,362.1438130106121,0.13220000000001164,0.1,0.032200000000011636,0.0,6,3,189,68,27.32590922750087,25.9978310494333,52.36666666666694
349.80000000001104,362.24381301061214,0.10000000000002274,0.1,2.273181642920008e-14,0.0,6,3,189,68,27.148810956255286,25.8978310494333,52.46666666666693
349.90000000001106,362.34381301061217,0.10000000000002274,0.1,2.273181642920008e-14,0.0,6,3,189,68,26.94041597857637,25.7978310494333,52.566666666666926
350.0000000000111,362.4438130106122,0.10000000000002274,0.1,2.273181642920008e-14,0.0,6,3,189,68,26.73840441460466,25.697831049433297,52.666666666666934
350.1000000000111,362.5438130106122,0.10000000000002274,0.1,2.273181642920008e-14,0.0,6,3,190,68,26.53639285063294,25.597831049433296,52.766666666666936
350.20000000001113,362.64381301061223,0.10000000000002274,0.1,2.273181642920008e-14,0.0,6,3,191,68,26.334381286661227,25.497831049433294,52.86666666666693
350.30000000001115,362.74381301061226,0.10000000000002274,0.1,2.273181642920008e-14,0.0,6,3,191,69,26.132369722689507,25.397831049433293,52.966666666666924
350.4000000000112,362.8438130106123,0.10000000000002274,0.1,2.273181642920008e-14,0.0,6,3,192,69,25.91974782917833,25.29783104943329,53.066666666666926
350.5000000000112,362.9438130106123,0.10000000000002274,0.1,2.273181642920008e-14,0.0,6,3,192,69,25.71358285697075,25.19783104943329,53.166666666666934
350.6000000000112,363.0438130106123,0.10000000000002274,0.1,2.273181642920008e-14,0.0,6,3,193,70,25.558159060529274,25.09783104943329,53.26666666666693
350.70000000001124,363.14381301061235,0.10000000000002274,0.1,2.273181642920008e-14,0.0,6,3,193,70,25.42326919025092,24.997831049433287,53.36666666666692
350.80000000001127,363.24381301061237,0.10000000000002274,0.1,2.273181642920008e-14,0.0,6,3,193,70,25.2993403820052,24.897831049433286,53.466666666666924
350.9000000000113,363.3438130106124,0.10000000000002274,0.1,2.273181642920008e-14,0.0,6,3,193,70,25.181698094076264,24.797831049433285,53.56666666666692
351.0000000000113,363.4438130106124,0.10000000000002274,0.1,2.273181642920008e-14,0.0,6,3,193,69,25.071087764536802,24.697831049433283,53.66666666666691
351.10000000001133,363.54381301061244,0.10000000000002274,0.1,2.273181642920008e-14,0.0,6,3,194,69,24.960477434997344,24.59783104943328,53.766666666666914
351.20000000001136,363.64381301061246,0.10000000000002274,0.1,2.273181642920008e-14,0.0,6,3,195,69,24.849867105457886,24.49783104943328,53.86666666666691
351.3000000000114,363.7438130106125,0.10000000000002274,0.1,2.273181642920008e-14,0.0,6,3,196,69,24.74986710545788,24.39783104943328,53.96666666666692
351.4000000000114,363.8438130106125,0.10000000000002274,0.1,2.273181642920008e-14,0.0,6,3,196,69,24.649867105457883,24.297831049433277,54.06666666666691
351.5000000000114,363.94381301061253,0.10000000000002274,0.1,2.273181642920008e-14,0.0,5,3,196,69,29.481804840245434,24.197831049433276,52.00000000000017
351.60000000001145,364.04381301061255,0.10000000000002274,0.1,2.273181642920008e-14,0.0,5,3,196,69,29.381804840245433,24.097831049433275,52.10000000000017
351.70000000001147,364.1438130106126,0.10000000000002274,0.1,2.273181642920008e-14,0.0,5,3,197,68,29.281804840245435,23.997831049433273,52.20000000000017
351.8000000000115,364.2438130106126,0.10000000000002274,0.1,2.273181642920008e-14,0.0,5,3,197,68,29.181804840245434,23.89783104943327,52.30000000000017
351.9000000000115,364.3438130106126,0.10000000000002274,0.1,2.273181642920008e-14,0.0,5,3,196,67,29.08180484024543,23.79783104943327,52.40000000000016
352.00000000001154,364.44381301061264,0.10000000000002274,0.1,2.273181642920008e-14,0.0,5,3,198,67,28.981804840245427,23.69783104943327,52.500000000000156
352.10000000001156,364.54381301061267,0.10000000000002274,0.1,2.273181642920008e-14,0.0,5,3,199,67,28.88180484024543,23.597831049433267,52.60000000000016
352.2000000000116,364.6438130106127,0.10000000000002274,0.1,2.273181642920008e-14,0.0,5,3,200,66,28.781804840245428,23.497831049433266,52.70000000000016
352.3000000000116,364.7438130106127,0.10000000000002274,0.1,2.273181642920008e-14,0.0,5,3,199,66,28.681804840245427,23.397831049433265,52.80000000000016
352.40000000001163,364.84381301061273,0.10000000000002274,0.1,2.273181642920008e-14,0.0,5,3,198,66,28.58180484024542,23.297831049433263,52.90000000000016
352.50000000001165,364.94381301061276,0.10000000000002274,0.1,2.273181642920008e-14,0.0,5,3,198,66,28.481804840245424,23.197831049433262,53.000000000000156
352.6000000000117,365.0438130106128,0.10000000000002274,0.1,2.273181642920008e-14,0.0,5,3,198,66,28.381804840245422,23.09783104943326,53.10000000000016
352.7000000000117,365.1438130106128,0.10000000000002274,0.1,2.273181642920008e-14,0.0,5,3,197,66,28.28180484024542,22.99783104943326,53.20000000000016
352.8000000000117,365.2438130106128,0.10000000000002274,0.1,2.273181642920008e-14,0.0,5,3,197,66,28.181804840245423,22.897831049433258,53.300000000000146
352.90000000001174,365.34381301061285,0.10000000000002274,0.1,2.273181642920008e-14,0.0,5,3,200,66,28.08180484024542,22.797831049433256,53.40000000000015
353.00000000001177,365.44381301061287,0.10000000000002274,0.1,2.273181642920008e-14,0.0,5,3,200,66,27.981804840245424,22.697831049433255,53.50000000000015
353.1000000000118,365.5438130106129,0.10000000000002274,0.1,2.273181642920008e-14,0.0,5,3,200,66,27.881804840245415,22.597831049433253,53.60000000000015
353.2000000000118,365.6438130106129,0.10000000000002274,0.1,2.273181642920008e-14,0.0,5,3,199,66,27.781804840245417,22.497831049433252,53.700000000000145
353.30000000001183,365.74381301061294,0.10000000000002274,0.1,2.273181642920008e-14,0.0,5,3,199,66,27.681804840245416,22.39783104943325,53.800000000000146
353.40000000001186,365.84381301061296,0.10000000000002274,0.1,2.273181642920008e-14,0.0,5,3,199,66,27.581804840245418,22.29783104943325,53.90000000000015
353.5000000000119,365.943813010613,0.10000000000002274,0.1,2.273181642920008e-14,0.0,5,3,199,66,27.481804840245417,22.197831049433248,54.000000000000135
353.6000000000119,366.043813010613,0.10000000000002274,0.1,2.273181642920008e-14,0.0,5,3,199,65,27.381804840245415,22.097831049433246,54.100000000000136
353.7000000000119,366.14381301061303,0.10000000000002274,0.1,2.273181642920008e-14,0.0,5,3,199,65,27.281804840245417,21.997831049433245,54.20000000000014
353.80000000001195,366.24381301061305,0.10000000000002274,0.1,2.273181642920008e-14,0.0,5,3,200,65,27.181804840245412,21.897831049433243,54.30000000000014
353.90000000001197,366.3438130106131,0.10000000000002274,0.1,2.273181642920008e-14,0.0,5,3,201,65,27.08180484024541,21.797831049433242,54.400000000000134
354.000000000012,366.4438130106131,0.10000000000002274,0.1,2.273181642920008e-14,0.0,5,3,201,65,26.98180484024541,21.69783104943324,54.500000000000135
354.100000000012,366.5438130106131,0.10000000000002274,0.1,2.273181642920008e-14,0.0,5,3,202,65,26.88180484024541,21.59783104943324,54.600000000000136
354.20000000001204,366.64381301061314,0.10000000000002274,0.1,2.273181642920008e-14,0.0,5,3,202,65,26.78180484024541,21.497831049433238,54.70000000000014
354.30000000001206,366.74381301061317,0.10000000000002274,0.1,2.273181642920008e-14,0.0,4,3,202,65,33.36665796934968,42.441038533068934,60.60000000000012
354.4000000000121,366.8438130106132,0.10000000000002274,0.1,2.273181642920008e-14,0.0,4,3,203,65,33.26665796934968,42.34103853306893,60.70000000000012
354.5000000000121,366.9438130106132,0.10000000000002274,0.1,2.273181642920008e-14,0.0,4,3,203,64,32.96015796934968,41.41503853306894,60.80000000000011
354.60000000001213,367.04381301061323,0.10000000000002274,0.1,2.273181642920008e-14,0.0,4,3,203,64,32.65340796934968,40.48803853306894,60.90000000000011
354.70000000001215,367.14381301061326,0.10000000000002274,0.1,2.273181642920008e-14,0.0,4,3,203,65,32.34640796934968,39.56003853306894,61.000000000000114
354.8000000000122,367.2438130106133,0.10000000000002274,0.1,2.273181642920008e-14,0.0,4,3,203,65,32.03915796934968,38.631038533068946,61.10000000000011
354.9000000000122,367.3438130106133,0.10000000000002274,0.1,2.273181642920008e-14,0.0,4,3,202,65,31.73165796934968,37.701038533068946,61.2000000000001
355.0000000000122,367.4438130106133,0.10000000000002274,0.1,2.273181642920008e-14,0.0,4,3,201,65,31.42390796934968,36.77003853306895,61.300000000000104
355.10000000001224,367.54381301061335,0.10000000000002274,0.1,2.273181642920008e-14,0.0,4,3,202,65,31.11590796934968,35.83803853306895,61.400000000000105
355.20000000001227,367.64381301061337,0.10000000000002274,0.1,2.273181642920008e-14,0.0,4,3,202,65,30.80765796934968,34.905038533068954,61.5000000000001
355.3000000000123,367.7438130106134,0.10000000000002274,0.1,2.273181642920008e-14,0.0,4,3,202,65,30.49915796934968,33.971038533068956,61.600000000000094
355.4000000000123,367.8438130106134,0.10000000000002274,0.1,2.273181642920008e-14,0.0,4,3,202,65,30.190407969349682,33.03603853306896,61.700000000000095
355.50000000001234,367.94381301061344,0.10000000000002274,0.1,2.273181642920008e-14,0.0,4,3,201,65,29.88140796934968,32.10003853306896,61.8000000000001
355.60000000001236,368.04381301061346,0.10000000000002274,0.1,2.273181642920008e-14,0.0,4,3,201,65,29.57215796934968,31.163038533068963,61.90000000000009
355.7000000000124,368.1438130106135,0.10000000000002274,0.1,2.273181642920008e-14,0.0,4,3,202,65,29.262657969349682,30.225038533068968,62.000000000000085
355.8000000000124,368.2438130106135,0.10000000000002274,0.1,2.273181642920008e-14,0.0,4,3,202,65,28.95290796934968,29.28603853306897,62.10000000000009
355.9000000000124,368.34381301061353,0.10000000000002274,0.1,2.273181642920008e-14,0.0,4,3,202,65,28.64290796934968,28.346038533068974,62.20000000000009
356.00000000001245,368.44381301061355,0.10000000000002274,0.1,2.273181642920008e-14,0.0,4,3,203,66,28.332657969349683,27.40503853306898,62.30000000000008
356.10000000001247,368.5438130106136,0.10000000000002274,0.1,2.273181642920008e-14,0.0,4,3,203,66,28.02215796934968,26.463038533068982,62.40000000000008
356.2000000000125,368.6438130106136,0.10000000000002274,0.1,2.273181642920008e-14,0.0,4,3,204,66,27.711407969349683,25.520038533068984,62.50000000000008
356.3000000000125,368.7438130106136,0.10000000000002274,0.1,2.273181642920008e-14,0.0,4,3,204,66,27.400407969349683,24.57603853306899,62.60000000000008
356.40000000001254,368.84381301061364,0.10000000000002274,0.1,2.273181642920008e-14,0.0,4,3,204,65,27.08915796934968,23.631038533068992,62.700000000000074
356.50000000001256,368.94381301061367,0.10000000000002274,0.1,2.273181642920008e-14,0.0,4,3,203,65,26.777657969349683,22.685038533068997,62.80000000000007
356.6000000000126,369.0438130106137,0.10000000000002274,0.1,2.273181642920008e-14,0.0,4,3,203,65,26.465907969349683,21.738038533069002,62.90000000000007
356.7000000000126,369.1438130106137,0.10000000000002274,0.1,2.273181642920008e-14,0.0,4,3,204,64,26.15390796934968,20.790038533069005,63.00000000000007
356.80000000001263,369.24381301061374,0.10000000000002274,0.1,2.273181642920008e-14,0.0,4,3,203,64,25.841657969349683,19.84103853306901,63.100000000000065
356.90000000001265,369.34381301061376,0.10000000000002274,0.1,2.273181642920008e-14,0.0,4,3,202,64,25.529157969349683,18.891038533069015,63.20000000000006
357.0000000000127,369.4438130106138,0.10000000000002274,0.1,2.273181642920008e-14,0.0,4,3,201,64,25.216407969349685,18.697831049433198,63.30000000000006
357.1000000000127,369.5438130106138,0.10000000000002274,0.1,2.273181642920008e-14,0.0,4,3,200,64,24.903407969349686,18.597831049433196,63.40000000000006
357.2000000000127,369.6438130106138,0.10000000000002274,0.1,2.273181642920008e-14,0.0,4,3,200,64,24.590157969349686,18.497831049433195,63.50000000000006
357.30000000001274,369.74381301061385,0.10000000000002274,0.1,2.273181642920008e-14,0.0,4,3,201,64,24.276657969349685,18.397831049433194,63.60000000000005
357.40000000001277,369.84381301061387,0.10000000000002274,0.1,2.273181642920008e-14,0.0,4,3,201,63,23.962907969349686,18.297831049433192,63.70000000000005
357.5000000000128,369.9438130106139,0.10000000000002274,0.1,2.273181642920008e-14,0.0,4,3,200,63,23.64890796934969,18.19783104943319,63.800000000000054
357.6000000000128,370.0438130106139,0.10000000000002274,0.1,2.273181642920008e-14,0.0,4,3,200,63,23.33465796934969,18.09783104943319,63.90000000000005
357.70000000001284,370.14381301061394,0.10000000000002274,0.1,2.273181642920008e-14,0.0,4,3,200,64,23.02015796934969,17.997831049433188,64.00000000000004
357.80000000001286,370.24381301061396,0.10000000000002274,0.1,2.273181642920008e-14,0.0,4,3,200,64,22.705407969349693,17.897831049433186,64.10000000000005
357.9000000000129,370.343813010614,0.10000000000002274,0.1,2.273181642920008e-14,0.0,4,3,200,64,22.390407969349692,17.797831049433185,64.20000000000005
358.0000000000129,370.443813010614,0.10000000000002274,0.1,2.273181642920008e-14,0.0,4,3,200,64,22.075157969349693,17.697831049433184,64.30000000000004
358.1000000000129,370.54381301061403,0.10000000000002274,0.1,2.273181642920008e-14,0.0,4,3,199,64,21.759657969349693,17.597831049433182,64.40000000000003
358.20000000001295,370.64381301061405,0.10000000000002274,0.1,2.273181642920008e-14,0.0,4,3,199,65,21.443907969349695,17.49783104943318,64.50000000000003
358.300000000013,370.7438130106141,0.10000000000002274,0.1,2.273181642920008e-14,0.0,4,3,199,65,21.127907969349696,17.39783104943318,64.60000000000004
358.400000000013,370.8438130106141,0.10000000000002274,0.1,2.273181642920008e-14,0.0,4,3,199,64,20.811657969349696,17.297831049433178,64.70000000000003
358.500000000013,370.9438130106141,0.10000000000002274,0.1,2.273181642920008e-14,0.0,4,3,199,64,20.495157969349698,17.197831049433177,64.80000000000003
358.60000000001304,371.04381301061414,0.10000000000002274,0.1,2.273181642920008e-14,0.0,4,3,198,64,20.01264421682704,17.097831049433175,64.90000000000003
358.70000000001306,371.14381301061417,0.10000000000002274,0.1,2.273181642920008e-14,0.0,4,3,198,64,19.54262687086947,16.997831049433174,65.00000000000003
358.8000000000131,371.2438130106142,0.10000000000002274,0.1,2.273181642920008e-14,0.0,3,3,198,63,25.875197781443223,16.897831049433172,57.80000000000026
358.9000000000131,371.3438130106142,0.10000000000002274,0.1,2.273181642920008e-14,0.0,3,3,198,63,25.775197781443225,16.79783104943317,57.900000000000254
359.00000000001313,371.44381301061424,0.10000000000002274,0.1,2.273181642920008e-14,0.0,3,3,198,63,25.675197781443227,16.69783104943317,58.00000000000025
359.10000000001315,371.54381301061426,0.10000000000002274,0.1,2.273181642920008e-14,0.0,3,3,200,63,25.575197781443222,16.597831049433168,58.10000000000025
359.2000000000132,371.6438130106143,0.10000000000002274,0.1,2.273181642920008e-14,0.0,3,3,200,63,25.475197781443224,16.497831049433167,58.20000000000025
359.3000000000132,371.7438130106143,0.10000000000002274,0.1,2.273181642920008e-14,0.0,3,3,201,62,25.375197781443223,16.397831049433165,58.300000000000246
359.4000000000132,371.8438130106143,0.10000000000002274,0.1,2.273181642920008e-14,0.0,3,3,201,62,25.27519778144322,16.297831049433164,58.40000000000024
359.50000000001324,371.94381301061435,0.10000000000002274,0.1,2.273181642920008e-14,0.0,3,3,201,62,25.17519778144322,16.197831049433162,58.50000000000025
359.60000000001327,372.0438130106144,0.10000000000002274,0.1,2.273181642920008e-14,0.0,3,3,200,62,25.07519778144322,16.09783104943316,58.60000000000025
359.7000000000133,372.1438130106144,0.10000000000002274,0.1,2.273181642920008e-14,0.0,3,3,200,61,24.975197781443217,15.997831049433161,58.700000000000244
359.8000000000133,372.2438130106144,0.10000000000002274,0.1,2.273181642920008e-14,0.0,3,3,199,62,24.87519778144322,15.897831049433162,58.80000000000024
359.90000000001334,372.34381301061444,0.10000000000002274,0.1,2.273181642920008e-14,0.0,3,3,199,62,24.77519778144322,15.797831049433162,58.90000000000024
360.00000000001336,372.44381301061446,0.10000000000002274,0.1,2.273181642920008e-14,0.0,3,3,200,62,24.675197781443217,15.697831049433162,59.00000000000025
360.1000000000134,372.5438130106145,0.10000000000002274,0.1,2.273181642920008e-14,0.0,3,3,200,62,24.57519778144322,15.597831049433163,59.10000000000024
360.2000000000134,372.6438130106145,0.10000000000002274,0.1,2.273181642920008e-14,0.0,3,3,200,62,24.475197781443217,15.497831049433163,59.20000000000024
360.3000000000134,372.74381301061453,0.10000000000002274,0.1,2.273181642920008e-14,0.0,3,3,201,62,24.37519778144322,15.397831049433163,59.30000000000024
360.40000000001345,372.84381301061455,0.10000000000002274,0.1,2.273181642920008e-14,0.0,3,3,202,62,24.275197781443214,15.297831049433164,59.40000000000024
360.5000000000135,372.9438130106146,0.10000000000002274,0.1,2.273181642920008e-14,0.0,3,3,203,62,24.175197781443217,15.197831049433164,59.500000000000234
360.6000000000135,373.0438130106146,0.10000000000002274,0.1,2.273181642920008e-14,0.0,3,3,202,63,24.07519778144322,15.097831049433164,59.60000000000023
360.7000000000135,373.1438130106146,0.10000000000002274,0.1,2.273181642920008e-14,0.0,3,3,203,63,23.975197781443217,14.997831049433165,59.70000000000024
360.80000000001354,373.24381301061464,0.10000000000002274,0.1,2.273181642920008e-14,0.0,3,3,204,63,23.875197781443216,14.897831049433165,59.80000000000024
360.90000000001356,373.34381301061467,0.10000000000002274,0.1,2.273181642920008e-14,0.0,3,3,204,63,23.775197781443214,14.797831049433166,59.90000000000023
361.0000000000136,373.4438130106147,0.10000000000002274,0.1,2.273181642920008e-14,0.0,3,3,203,63,23.675197781443217,14.697831049433166,60.00000000000023
361.1000000000136,373.5438130106147,0.10000000000002274,0.1,2.273181642920008e-14,0.0,3,3,203,63,23.57519778144322,14.597831049433166,60.10000000000023
361.20000000001363,373.64381301061474,0.10000000000002274,0.1,2.273181642920008e-14,0.0,3,3,203,63,23.475197781443214,14.497831049433167,60.20000000000024
361.30000000001365,373.74381301061476,0.10000000000002274,0.1,2.273181642920008e-14,0.0,3,3,202,63,23.375197781443216,14.397831049433167,60.30000000000023
361.4000000000137,373.8438130106148,0.10000000000002274,0.1,2.273181642920008e-14,0.0,3,3,203,64,23.275197781443214,14.297831049433167,60.400000000000226
361.5000000000137,373.9438130106148,0.10000000000002274,0.1,2.273181642920008e-14,0.0,3,3,205,64,23.175197781443217,14.197831049433168,60.50000000000023
361.6000000000137,374.0438130106148,0.10000000000002274,0.1,2.273181642920008e-14,0.0,3,3,205,64,23.07519778144321,14.097831049433168,60.60000000000023
361.70000000001374,374.14381301061485,0.10000000000002274,0.1,2.273181642920008e-14,0.0,3,3,204,64,22.975197781443214,13.997831049433168,60.70000000000022
361.80000000001377,374.2438130106149,0.10000000000002274,0.1,2.273181642920008e-14,0.0,3,3,204,64,22.875197781443216,13.897831049433169,60.80000000000022
361.9000000000138,374.3438130106149,0.10000000000002274,0.1,2.273181642920008e-14,0.0,3,3,204,64,22.775197781443214,13.797831049433169,60.900000000000226
362.0000000000138,374.4438130106149,0.10000000000002274,0.1,2.273181642920008e-14,0.0,3,3,204,64,22.675197781443213,13.69783104943317,61.00000000000023
362.10000000001384,374.54381301061494,0.10000000000002274,0.1,2.273181642920008e-14,0.0,3,3,204,64,22.57519778144321,13.59783104943317,61.10000000000022
362.20000000001386,374.64381301061496,0.10000000000002274,0.1,2.273181642920008e-14,0.0,3,3,204,64,22.475197781443214,13.49783104943317,61.200000000000216
362.3000000000139,374.743813010615,0.10000000000002274,0.1,2.273181642920008e-14,0.0,3,3,202,64,22.375197781443216,13.39783104943317,61.30000000000022
362.4000000000139,374.843813010615,0.10000000000002274,0.1,2.273181642920008e-14,0.0,3,3,201,64,22.27519778144321,13.29783104943317,61.400000000000226
362.5000000000139,374.94381301061503,0.10000000000002274,0.1,2.273181642920008e-14,0.0,3,3,201,63,22.175197781443213,13.197831049433171,61.50000000000022
362.60000000001395,375.04381301061505,0.10000000000002274,0.1,2.273181642920008e-14,0.0,3,3,201,63,22.07519778144321,13.097831049433172,61.600000000000215
362.700000000014,375.1438130106151,0.10000000000002274,0.1,2.273181642920008e-14,0.0,3,3,202,63,21.75691966986584,12.997831049433172,61.700000000000216
362.800000000014,375.2438130106151,0.10000000000002274,0.1,2.273181642920008e-14,0.0,3,3,202,63,21.45289654192241,12.897831049433172,61.80000000000022
362.900000000014,375.3438130106151,0.10000000000002274,0.1,2.273181642920008e-14,0.0,3,3,203,63,21.14887341397898,12.797831049433173,61.90000000000021
363.00000000001404,375.44381301061514,0.10000000000002274,0.1,2.273181642920008e-14,0.0,3,3,202,63,20.84485028603555,12.697831049433173,62.000000000000206
363.10000000001406,375.54381301061517,0.10000000000002274,0.1,2.273181642920008e-14,0.0,3,3,201,63,20.540827158092114,12.597831049433173,62.100000000000215
363.2000000000141,375.6438130106152,0.10000000000002274,0.1,2.273181642920008e-14,0.0,3,3,201,63,20.236804030148683,12.497831049433174,62.200000000000216
363.3000000000141,375.7438130106152,0.10000000000002274,0.1,2.273181642920008e-14,0.0,3,3,200,63,19.93278090220525,12.397831049433174,62.30000000000021
363.40000000001413,375.84381301061524,0.10000000000002274,0.1,2.273181642920008e-14,0.0,3,3,200,63,19.628757774261818,12.297831049433174,62.400000000000205
363.50000000001415,375.94381301061526,0.10000000000002274,0.1,2.273181642920008e-14,0.0,3,3,200,63,19.324734646318387,12.197831049433175,62.500000000000206
363.6000000000142,376.1038130106153,0.160000000000025,0.1,0.060000000000025006,0.0,3,3,199,63,39.02071151837507,12.097831049433175,62.600000000000215
363.7000000000142,376.2038130106153,0.10000000000002274,0.1,2.273181642920008e-14,0.0,3,3,199,63,38.71668839043165,11.997831049433175,62.70000000000021
363.8000000000142,376.30381301061533,0.10000000000002274,0.1,2.273181642920008e-14,0.0,3,3,199,64,38.40607518807456,11.897831049433176,62.8000000000002
363.90000000001424,376.40381301061535,0.10000000000002274,0.1,2.273181642920008e-14,0.0,3,3,199,64,38.05360225190086,11.797831049433176,62.900000000000205
364.00000000001427,376.5038130106154,0.10000000000002274,0.1,2.273181642920008e-14,0.0,3,3,200,64,37.74957912395743,11.697831049433177,63.000000000000206
364.1000000000143,376.6038130106154,0.10000000000002274,0.1,2.273181642920008e-14,0.0,3,3,201,63,37.445555996014,11.597831049433177,63.1000000000002
364.2000000000143,376.7038130106154,0.10000000000002274,0.1,2.273181642920008e-14,0.0,3,3,201,64,37.14153286807058,11.497831049433177,63.200000000000195
364.30000000001434,376.80381301061544,0.10000000000002274,0.1,2.273181642920008e-14,0.0,3,3,201,64,36.869317036923256,11.397831049433178,63.3000000000002
364.40000000001436,376.90381301061547,0.10000000000002274,0.1,2.273181642920008e-14,0.0,3,3,201,64,36.6832091213496,11.297831049433178,63.400000000000205
364.5000000000144,377.0038130106155,0.10000000000002274,0.1,2.273181642920008e-14,0.0,3,3,201,64,36.54015516356277,11.197831049433178,63.5000000000002
364.6000000000144,377.1038130106155,0.10000000000002274,0.1,2.273181642920008e-14,0.0,3,3,201,63,36.41862818466936,11.097831049433179,63.60000000000019
364.7000000000144,377.20381301061553,0.10000000000002274,0.1,2.273181642920008e-14,0.0,3,3,201,63,36.318628184669365,10.997831049433179,63.700000000000195
364.80000000001445,377.30381301061556,0.10000000000002274,0.1,2.273181642920008e-14,0.0,3,3,202,63,36.21862818466936,10.89783104943318,63.8000000000002
364.9000000000145,377.4038130106156,0.10000000000002274,0.1,2.273181642920008e-14,0.0,3,3,202,63,36.11862818466937,10.79783104943318,63.9000000000002
365.0000000000145,377.5038130106156,0.10000000000002274,0.1,2.273181642920008e-14,0.0,3,3,203,63,36.01862818466937,10.69783104943318,64.00000000000018
365.1000000000145,377.6038130106156,0.10000000000002274,0.1,2.273181642920008e-14,0.0,3,3,203,63,35.918628184669366,10.59783104943318,64.1000000000002
365.20000000001454,377.70381301061565,0.10000000000002274,0.1,2.273181642920008e-14,0.0,3,3,203,62,35.81862818466937,10.49783104943318,64.2000000000002
365.30000000001456,377.80381301061567,0.10000000000002274,0.1,2.273181642920008e-14,0.0,3,3,203,62,35.71862818466938,10.397831049433181,64.3000000000002
365.4000000000146,377.9038130106157,0.10000000000002274,0.1,2.273181642920008e-14,0.0,3,3,204,62,35.618628184669376,10.297831049433182,64.40000000000019
365.5000000000146,378.0038130106157,0.10000000000002274,0.1,2.273181642920008e-14,0.0,3,3,205,62,35.518628184669375,10.197831049433182,64.50000000000018
365.60000000001463,378.10381301061574,0.10000000000002274,0.1,2.273181642920008e-14,0.0,3,3,204,62,35.41862818466938,10.097831049433182,64.6000000000002
365.70000000001465,378.20381301061576,0.10000000000002274,0.1,2.273181642920008e-14,0.0,3,3,204,62,35.318628184669386,9.997831049433183,64.70000000000019
365.8000000000147,378.3038130106158,0.10000000000002274,0.1,2.273181642920008e-14,0.0,3,3,204,62,35.218628184669384,9.897831049433183,64.80000000000018
365.9000000000147,378.4038130106158,0.10000000000002274,0.1,2.273181642920008e-14,0.0,3,3,203,62,35.11862818466938,9.797831049433183,64.90000000000019
366.0000000000147,378.50381301061583,0.10000000000002274,0.1,2.273181642920008e-14,0.0,3,3,202,62,35.01862818466939,9.697831049433184,65.00000000000018
366.10000000001475,378.60381301061585,0.10000000000002274,0.1,2.273181642920008e-14,0.0,3,3,203,62,34.918628184669394,9.597831049433184,65.10000000000018
366.20000000001477,378.7038130106159,0.10000000000002274,0.1,2.273181642920008e-14,0.0,3,3,203,63,34.81862818466939,9.497831049433184,65.20000000000017
366.3000000000148,378.8038130106159,0.10000000000002274,0.1,2.273181642920008e-14,0.0,3,3,202,64,34.71862818466939,9.397831049433185,65.30000000000018
366.4000000000148,378.9038130106159,0.10000000000002274,0.1,2.273181642920008e-14,0.0,3,3,201,64,34.6186281846694,9.297831049433185,65.40000000000019
366.50000000001484,379.00381301061594,0.10000000000002274,0.1,2.273181642920008e-14,0.0,3,3,201,64,34.5186281846694,9.197831049433185,65.50000000000018
366.60000000001486,379.10381301061597,0.10000000000002274,0.1,2.273181642920008e-14,0.0,3,3,201,65,34.4186281846694,9.097831049433186,65.60000000000018
366.7000000000149,379.203813010616,0.10000000000002274,0.1,2.273181642920008e-14,0.0,3,3,201,65,34.3186281846694,8.997831049433186,65.70000000000017
366.8000000000149,379.303813010616,0.10000000000002274,0.1,2.273181642920008e-14,0.0,3,3,201,65,34.218628184669406,8.897831049433186,65.80000000000018
366.9000000000149,379.40381301061603,0.10000000000002274,0.1,2.273181642920008e-14,0.0,3,3,201,65,34.118628184669404,8.797831049433187,65.90000000000018
367.00000000001495,379.50381301061606,0.10000000000002274,0.1,2.273181642920008e-14,0.0,3,3,202,65,34.01862818466941,8.697831049433187,66.00000000000017
367.100000000015,379.6038130106161,0.10000000000002274,0.1,2.273181642920008e-14,0.0,3,3,202,65,33.91862818466941,8.597831049433188,66.10000000000018
367.200000000015,379.7038130106161,0.10000000000002274,0.1,2.273181642920008e-14,0.0,3,3,201,65,33.818628184669414,8.497831049433188,66.20000000000017
367.300000000015,379.8038130106161,0.10000000000002274,0.1,2.273181642920008e-14,0.0,3,3,201,64,33.71862818466941,8.397831049433188,66.30000000000017
367.40000000001504,379.90381301061615,0.10000000000002274,0.1,2.273181642920008e-14,0.0,3,3,201,63,33.61862818466941,8.297831049433189,66.40000000000016
367.50000000001506,380.00381301061617,0.10000000000002274,0.1,2.273181642920008e-14,0.0,3,3,202,63,33.51862818466942,8.197831049433189,66.50000000000017
367.6000000000151,380.1038130106162,0.10000000000002274,0.1,2.273181642920008e-14,0.0,3,3,203,63,33.41862818466942,8.09783104943319,66.60000000000018
367.7000000000151,380.2038130106162,0.10000000000002274,0.1,2.273181642920008e-14,0.0,3,3,203,63,33.31862818466942,7.99783104943319,66.70000000000017
367.80000000001513,380.30381301061624,0.10000000000002274,0.1,2.273181642920008e-14,0.0,3,3,203,62,33.21862818466942,7.89783104943319,66.80000000000017
367.90000000001515,380.40381301061626,0.10000000000002274,0.1,2.273181642920008e-14,0.0,3,3,203,62,33.118628184669426,7.79783104943319,66.90000000000016
368.0000000000152,380.5038130106163,0.10000000000002274,0.1,2.273181642920008e-14,0.0,3,3,203,62,33.01862818466943,7.697831049433191,67.00000000000017
368.1000000000152,380.6038130106163,0.10000000000002274,0.1,2.273181642920008e-14,0.0,3,3,203,62,32.91862818466943,7.597831049433191,67.10000000000016
368.2000000000152,380.70381301061633,0.10000000000002274,0.1,2.273181642920008e-14,0.0,3,3,202,63,32.81862818466943,7.4978310494331915,67.20000000000016
368.30000000001525,380.80381301061635,0.10000000000002274,0.1,2.273181642920008e-14,0.0,3,3,201,63,32.718628184669434,7.397831049433192,67.30000000000017
368.40000000001527,380.9038130106164,0.10000000000002274,0.1,2.273181642920008e-14,0.0,3,3,201,63,32.61862818466944,7.297831049433192,67.40000000000016
368.5000000000153,381.0038130106164,0.10000000000002274,0.1,2.273181642920008e-14,0.0,3,3,201,63,32.51862818466944,7.1978310494331925,67.50000000000016
368.6000000000153,381.1038130106164,0.10000000000002274,0.1,2.273181642920008e-14,0.0,2,3,200,62,48.701133172414465,90.20443529539574,71.29999999999995
368.70000000001534,381.20381301061644,0.10000000000002274,0.1,2.273181642920008e-14,0.0,2,3,198,62,48.60113317241447,90.10443529539575,71.39999999999995
368.80000000001536,381.30381301061647,0.10000000000002274,0.1,2.273181642920008e-14,0.0,2,3,199,62,48.50113317241447,90.00443529539575,71.49999999999994
368.9000000000154,381.4038130106165,0.10000000000002274,0.1,2.273181642920008e-14,0.0,2,3,198,62,48.401133172414475,89.90443529539576,71.59999999999994
369.0000000000154,381.5038130106165,0.10000000000002274,0.1,2.273181642920008e-14,0.0,2,3,197,62,48.30113317241448,89.80443529539576,71.69999999999993
369.1000000000154,381.60381301061653,0.10000000000002274,0.1,2.273181642920008e-14,0.0,2,3,196,62,48.20113317241448,89.70443529539577,71.79999999999994
369.20000000001545,381.70381301061656,0.10000000000002274,0.1,2.273181642920008e-14,0.0,2,3,196,62,48.101133172414485,89.60443529539577,71.89999999999993
369.3000000000155,381.8038130106166,0.10000000000002274,0.1,2.273181642920008e-14,0.0,2,3,196,62,48.001133172414484,89.50443529539578,71.99999999999993
369.4000000000155,381.9038130106166,0.10000000000002274,0.1,2.273181642920008e-14,0.0,2,3,196,61,47.90113317241449,89.40443529539579,72.09999999999994
369.5000000000155,382.0038130106166,0.10000000000002274,0.1,2.273181642920008e-14,0.0,2,3,196,61,47.801133172414495,89.30443529539579,72.19999999999993
369.60000000001554,382.10381301061665,0.10000000000002274,0.1,2.273181642920008e-14,0.0,2,3,195,61,47.701133172414494,89.2044352953958,72.29999999999993
369.70000000001556,382.20381301061667,0.10000000000002274,0.1,2.273181642920008e-14,0.0,2,3,195,60,47.6011331724145,89.1044352953958,72.39999999999992
369.8000000000156,382.3038130106167,0.10000000000002274,0.1,2.273181642920008e-14,0.0,2,3,196,61,47.501133172414505,89.00443529539581,72.49999999999991
369.9000000000156,382.4038130106167,0.10000000000002274,0.1,2.273181642920008e-14,0.0,2,3,196,61,47.401133172414504,88.90443529539581,72.59999999999992
370.00000000001563,382.50381301061674,0.10000000000002274,0.1,2.273181642920008e-14,0.0,2,3,196,61,47.30113317241451,88.80443529539582,72.69999999999992
370.10000000001565,382.60381301061676,0.10000000000002274,0.1,2.273181642920008e-14,0.0,2,3,197,61,47.201133172414515,88.70443529539583,72.79999999999991
370.2000000000157,382.7038130106168,0.10000000000002274,0.1,2.273181642920008e-14,0.0,2,3,196,61,47.101133172414514,88.60443529539583,72.89999999999992
370.3000000000157,382.8038130106168,0.10000000000002274,0.1,2.273181642920008e-14,0.0,2,3,195,61,47.00113317241452,88.50443529539584,72.99999999999991
370.4000000000157,382.90381301061683,0.10000000000002274,0.1,2.273181642920008e-14,0.0,2,3,194,61,46.90113317241452,88.40443529539584,73.09999999999991
370.50000000001575,383.00381301061685,0.10000000000002274,0.1,2.273181642920008e-14,0.0,2,3,194,61,46.801133172414524,88.30443529539585,73.1999999999999
370.60000000001577,383.1038130106169,0.10000000000002274,0.1,2.273181642920008e-14,0.0,2,3,193,62,46.70113317241453,88.20443529539585,73.2999999999999
370.7000000000158,383.2038130106169,0.10000000000002274,0.1,2.273181642920008e-14,0.0,2,3,192,62,46.60113317241453,88.10443529539586,73.3999999999999
370.8000000000158,383.3038130106169,0.10000000000002274,0.1,2.273181642920008e-14,0.0,2,3,192,62,46.501133172414534,88.00443529539587,73.4999999999999
370.90000000001584,383.40381301061694,0.10000000000002274,0.1,2.273181642920008e-14,0.0,2,3,192,62,46.40113317241453,87.90443529539587,73.5999999999999
371.00000000001586,383.50381301061697,0.10000000000002274,0.1,2.273181642920008e-14,0.0,2,3,192,63,46.30113317241454,87.80443529539588,73.6999999999999
371.1000000000159,383.603813010617,0.10000000000002274,0.1,2.273181642920008e-14,0.0,2,3,193,64,46.20113317241454,87.70443529539588,73.7999999999999
371.2000000000159,383.703813010617,0.10000000000002274,0.1,2.273181642920008e-14,0.0,2,3,192,64,46.10113317241454,87.60443529539589,73.89999999999989
371.3000000000159,383.80381301061703,0.10000000000002274,0.1,2.273181642920008e-14,0.0,2,3,192,64,46.00113317241455,87.5044352953959,73.99999999999989
371.40000000001595,383.90381301061706,0.10000000000002274,0.1,2.273181642920008e-14,0.0,2,3,192,63,45.90113317241455,87.4044352953959,74.09999999999988
371.500000000016,384.0038130106171,0.10000000000002274,0.1,2.273181642920008e-14,0.0,2,3,191,63,45.80113317241455,87.3044352953959,74.19999999999989
371.600000000016,384.1038130106171,0.10000000000002274,0.1,2.273181642920008e-14,0.0,2,3,192,63,45.31370519605042,87.20443529539591,74.29999999999988
371.700000000016,384.2638130106171,0.160000000000025,0.1,0.060000000000025006,0.0,2,3,190,63,74.83190716339894,87.10443529539592,74.39999999999988
371.80000000001604,384.36381301061715,0.10000000000002274,0.1,2.273181642920008e-14,0.0,2,3,191,63,74.36360464072763,87.00443529539592,74.49999999999989
371.90000000001606,384.4638130106172,0.10000000000002274,0.1,2.273181642920008e-14,0.0,2,3,191,63,73.75954698757474,86.90443529539593,74.59999999999988
372.0000000000161,384.6238130106172,0.160000000000025,0.1,0.060000000000025006,0.0,2,3,191,63,103.26235319071078,119.72027108602563,74.69999999999987
372.1000000000161,384.7238130106172,0.10000000000002274,0.1,2.273181642920008e-14,0.0,3,3,191,63,60.28861282948231,74.9,49.89999999999991
372.20000000001613,384.82381301061724,0.10000000000002274,0.1,2.273181642920008e-14,0.0,3,3,192,63,59.71317149600955,74.08190264040229,49.999999999999915
372.30000000001615,384.92381301061727,0.10000000000002274,0.1,2.273181642920008e-14,0.0,3,3,192,63,59.146097825268306,73.28196855233573,50.09999999999991
372.4000000000162,385.0238130106173,0.10000000000002274,0.1,2.273181642920008e-14,0.0,3,3,193,63,58.57935088870237,72.48203446426916,50.19999999999991
372.5000000000162,385.1238130106173,0.10000000000002274,0.1,2.273181642920008e-14,0.0,3,3,193,62,58.0108638220743,71.6821003762026,50.299999999999905
372.6000000000162,385.22381301061733,0.10000000000002274,0.1,2.273181642920008e-14,0.0,3,3,192,62,57.44278221404559,70.88216628813603,50.39999999999991
372.70000000001625,385.32381301061736,0.10000000000002274,0.1,2.273181642920008e-14,0.0,3,3,191,63,56.86878365330378,70.08223220006947,50.49999999999991
372.80000000001627,385.4238130106174,0.10000000000002274,0.1,2.273181642920008e-14,0.0,3,3,193,63,56.26149855836197,69.2822981120029,50.59999999999991
372.9000000000163,385.5238130106174,0.10000000000002274,0.1,2.273181642920008e-14,0.0,3,3,192,63,55.69487583298426,68.48236402393634,50.6999999999999
373.0000000000163,385.6838130106174,0.160000000000025,0.1,0.060000000000025006,0.0,3,3,191,62,75.12825310760667,71.89789409155425,50.7999999999999
373.10000000001634,385.78381301061745,0.10000000000002274,0.1,2.273181642920008e-14,0.0,3,3,191,62,74.56511168860548,71.1418485777159,50.8999999999999
373.20000000001636,385.8838130106175,0.10000000000002274,0.1,2.273181642920008e-14,0.0,3,3,191,62,73.98187165882739,70.29206257644817,50.99999999999989
373.3000000000164,385.9838130106175,0.10000000000002274,0.1,2.273181642920008e-14,0.0,3,3,191,61,73.41524893344967,69.49212848838161,51.0999999999999
373.4000000000164,386.0838130106175,0.10000000000002274,0.1,2.273181642920008e-14,0.0,3,3,190,61,72.84862620807196,68.69219440031505,51.199999999999896
373.5000000000164,386.18381301061754,0.10000000000002274,0.1,2.273181642920008e-14,0.0,3,3,189,61,72.28200348269426,67.89226031224848,51.2999999999999
373.60000000001645,386.28381301061756,0.10000000000002274,0.1,2.273181642920008e-14,0.0,3,3,191,60,71.71538075731655,67.09232622418192,51.39999999999989
373.7000000000165,386.3838130106176,0.10000000000002274,0.1,2.273181642920008e-14,0.0,3,3,191,61,71.14875803193884,66.29239213611535,51.49999999999989
373.8000000000165,386.4838130106176,0.10000000000002274,0.1,2.273181642920008e-14,0.0,3,3,191,61,70.58213530656114,65.49245804804879,51.59999999999989
373.9000000000165,386.58381301061763,0.10000000000002274,0.1,2.273181642920008e-14,0.0,3,3,191,60,70.01551258118343,64.69252395998222,51.699999999999896
374.00000000001654,386.68381301061765,0.10000000000002274,0.1,2.273181642920008e-14,0.0,3,3,191,60,69.44888985580572,63.89258987191566,51.79999999999989
374.10000000001656,386.7838130106177,0.10000000000002274,0.1,2.273181642920008e-14,0.0,3,3,191,60,68.88226713042802,63.0926557838491,51.899999999999885
374.2000000000166,386.8838130106177,0.10000000000002274,0.1,2.273181642920008e-14,0.0,3,3,192,61,68.3156444050503,62.29272169578253,51.999999999999886
374.3000000000166,386.9838130106177,0.10000000000002274,0.1,2.273181642920008e-14,0.0,3,3,191,60,67.7490216796726,61.49278760771597,52.09999999999988
374.40000000001663,387.08381301061775,0.10000000000002274,0.1,2.273181642920008e-14,0.0,3,3,191,60,67.1823989542949,60.692853519649404,52.19999999999988
374.50000000001666,387.18381301061777,0.10000000000002274,0.1,2.273181642920008e-14,0.0,3,3,190,60,66.61577622891718,59.89291943158284,52.299999999999876
374.6000000000167,387.2838130106178,0.10000000000002274,0.1,2.273181642920008e-14,0.0,3,3,189,59,66.04915350353947,59.092985343516276,52.399999999999885
374.7000000000167,387.3838130106178,0.10000000000002274,0.1,2.273181642920008e-14,0.0,3,3,188,58,65.48253077816177,58.29305125544971,52.49999999999988
374.8000000000167,387.48381301061784,0.10000000000002274,0.1,2.273181642920008e-14,0.0,3,3,188,59,64.91590805278406,57.49311716738315,52.59999999999988
374.90000000001675,387.58381301061786,0.10000000000002274,0.1,2.273181642920008e-14,0.0,3,3,188,59,64.34928532740635,56.69318307931658,52.699999999999875
375.00000000001677,387.6838130106179,0.10000000000002274,0.1,2.273181642920008e-14,0.0,3,3,188,58,63.82891227434589,56.02906879949014,52.799999999999876
375.1000000000168,387.7838130106179,0.10000000000002274,0.1,2.273181642920008e-14,0.0,3,3,188,57,63.51872574781566,55.64701165957692,52.89999999999987
375.2000000000168,387.8838130106179,0.10000000000002274,0.1,2.273181642920008e-14,0.0,3,3,188,56,63.31363248455054,55.40598308962031,52.999999999999865
375.30000000001684,387.98381301061795,0.10000000000002274,0.1,2.273181642920008e-14,0.0,3,3,188,56,63.161085852917985,55.235468804642004,53.09999999999987
375.40000000001686,388.083813010618,0.10000000000002274,0.1,2.273181642920008e-14,0.0,3,3,188,56,63.061085852917984,55.135468804642,53.19999999999987
375.5000000000169,388.183813010618,0.10000000000002274,0.1,2.273181642920008e-14,0.0,3,3,188,56,62.96108585291798,55.035468804642,53.29999999999987
375.6000000000169,388.283813010618,0.10000000000002274,0.1,2.273181642920008e-14,0.0,3,3,187,56,62.86108585291799,54.935468804642,53.399999999999864
375.7000000000169,388.38381301061804,0.10000000000002274,0.1,2.273181642920008e-14,0.0,3,3,188,56,62.761085852917994,54.835468804642,53.499999999999865
375.80000000001695,388.48381301061806,0.10000000000002274,0.1,2.273181642920008e-14,0.0,3,3,188,56,62.661085852917985,54.735468804642,53.59999999999986
375.900000000017,388.5838130106181,0.10000000000002274,0.1,2.273181642920008e-14,0.0,3,3,188,55,62.561085852917984,54.635468804641995,53.69999999999987
376.000000000017,388.6838130106181,0.10000000000002274,0.1,2.273181642920008e-14,0.0,3,3,188,56,62.46108585291799,54.535468804641994,53.79999999999986
376.100000000017,388.78381301061813,0.10000000000002274,0.1,2.273181642920008e-14,0.0,3,3,187,56,62.361085852917995,54.43546880464199,53.899999999999864
376.20000000001704,388.88381301061816,0.10000000000002274,0.1,2.273181642920008e-14,0.0,3,3,186,56,62.261085852917994,54.33546880464199,53.99999999999986
376.30000000001706,388.9838130106182,0.10000000000002274,0.1,2.273181642920008e-14,0.0,3,3,187,56,62.161085852917985,54.23546880464199,54.09999999999985
376.4000000000171,389.0838130106182,0.10000000000002274,0.1,2.273181642920008e-14,0.0,3,3,187,56,62.06108585291799,54.13546880464199,54.199999999999854
376.5000000000171,389.1838130106182,0.10000000000002274,0.1,2.273181642920008e-14,0.0,3,3,187,56,61.961085852917996,54.03546880464199,54.29999999999985
376.60000000001713,389.28381301061825,0.10000000000002274,0.1,2.273181642920008e-14,0.0,3,3,187,56,61.861085852917995,53.935468804641985,54.39999999999984
376.70000000001716,389.38381301061827,0.10000000000002274,0.1,2.273181642920008e-14,0.0,3,3,186,56,61.761085852917994,53.835468804641984,54.49999999999984
376.8000000000172,389.4838130106183,0.10000000000002274,0.1,2.273181642920008e-14,0.0,3,3,187,56,61.661085852918,53.73546880464198,54.599999999999845
376.9000000000172,389.5838130106183,0.10000000000002274,0.1,2.273181642920008e-14,0.0,3,3,187,56,61.561085852918005,53.63546880464198,54.69999999999984
377.0000000000172,389.68381301061834,0.10000000000002274,0.1,2.273181642920008e-14,0.0,3,3,186,56,61.461085852917996,53.53546880464198,54.799999999999834
377.10000000001725,389.78381301061836,0.10000000000002274,0.1,2.273181642920008e-14,0.0,3,3,185,56,61.361085852917995,53.43546880464198,54.89999999999983
377.20000000001727,389.8838130106184,0.10000000000002274,0.1,2.273181642920008e-14,0.0,3,3,185,56,61.261085852918,53.33546880464198,54.99999999999982
377.3000000000173,389.9838130106184,0.10000000000002274,0.1,2.273181642920008e-14,0.0,3,3,186,56,61.161085852918006,53.235468804641975,55.09999999999982
377.4000000000173,390.0838130106184,0.10000000000002274,0.1,2.273181642920008e-14,0.0,3,3,185,56,61.061085852918005,53.135468804641974,55.19999999999982
377.50000000001734,390.18381301061845,0.10000000000002274,0.1,2.273181642920008e-14,0.0,3,3,184,56,60.961085852917996,53.03546880464197,55.29999999999981
377.60000000001736,390.2838130106185,0.10000000000002274,0.1,2.273181642920008e-14,0.0,3,3,183,55,60.861085852918,52.93546880464197,55.39999999999981
377.7000000000174,390.3838130106185,0.10000000000002274,0.1,2.273181642920008e-14,0.0,3,3,183,55,60.76108585291801,52.83546880464197,55.4999999999998
377.8000000000174,390.4838130106185,0.10000000000002274,0.1,2.273181642920008e-14,0.0,3,3,183,55,60.661085852918006,52.73546880464197,55.599999999999795
377.9000000000174,390.58381301061854,0.10000000000002274,0.1,2.273181642920008e-14,0.0,3,3,183,55,60.561085852918005,52.63546880464197,55.6999999999998
378.00000000001745,390.68381301061856,0.10000000000002274,0.1,2.273181642920008e-14,0.0,3,3,183,55,60.46108585291801,52.535468804641965,55.79999999999979
378.1000000000175,390.7838130106186,0.10000000000002274,0.1,2.273181642920008e-14,0.0,3,3,183,55,60.361085852918016,52.435468804641964,55.899999999999785
378.2000000000175,390.8838130106186,0.10000000000002274,0.1,2.273181642920008e-14,0.0,3,3,183,55,60.26108585291801,52.33546880464196,55.99999999999978
378.3000000000175,390.98381301061863,0.10000000000002274,0.1,2.273181642920008e-14,0.0,3,3,183,55,60.161085852918006,52.23546880464196,56.099999999999774
378.40000000001754,391.08381301061866,0.10000000000002274,0.1,2.273181642920008e-14,0.0,3,3,184,55,60.06108585291801,52.13546880464196,56.19999999999978
378.50000000001756,391.1838130106187,0.10000000000002274,0.1,2.273181642920008e-14,0.0,3,3,184,56,59.96108585291802,52.03546880464196,56.29999999999978
378.6000000000176,391.2838130106187,0.10000000000002274,0.1,2.273181642920008e-14,0.0,3,3,185,56,59.861085852918016,51.93546880464196,56.39999999999977
378.7000000000176,391.3838130106187,0.10000000000002274,0.1,2.273181642920008e-14,0.0,3,3,185,56,59.76108585291801,51.835468804641955,56.499999999999766
378.80000000001763,391.48381301061875,0.10000000000002274,0.1,2.273181642920008e-14,0.0,3,3,185,56,59.66108585291801,51.735468804641954,56.59999999999976
378.90000000001766,391.58381301061877,0.10000000000002274,0.1,2.273181642920008e-14,0.0,3,3,184,56,59.56108585291802,51.63546880464195,56.69999999999976
379.0000000000177,391.6838130106188,0.10000000000002274,0.1,2.273181642920008e-14,0.0,3,3,184,56,59.46108585291802,51.53546880464195,56.799999999999756
379.1000000000177,391.7838130106188,0.10000000000002274,0.1,2.273181642920008e-14,0.0,3,3,184,56,59.361085852918016,51.43546880464195,56.89999999999975
379.2000000000177,391.88381301061884,0.10000000000002274,0.1,2.273181642920008e-14,0.0,3,3,183,56,59.26108585291802,51.33546880464195,56.999999999999744
379.30000000001775,391.98381301061886,0.10000000000002274,0.1,2.273181642920008e-14,0.0,3,3,183,56,59.16108585291803,51.23546880464195,57.09999999999974
379.40000000001777,392.0838130106189,0.10000000000002274,0.1,2.273181642920008e-14,0.0,3,3,183,56,59.06108585291802,51.135468804641945,57.19999999999973
379.5000000000178,392.1838130106189,0.10000000000002274,0.1,2.273181642920008e-14,0.0,3,3,183,56,58.96108585291802,51.035468804641944,57.299999999999734
379.6000000000178,392.2838130106189,0.10000000000002274,0.1,2.273181642920008e-14,0.0,3,3,184,56,58.86108585291802,50.93546880464194,57.39999999999973
379.70000000001784,392.38381301061895,0.10000000000002274,0.1,2.273181642920008e-14,0.0,3,3,184,56,58.76108585291803,50.83546880464194,57.49999999999972
379.80000000001786,392.483813010619,0.10000000000002274,0.1,2.273181642920008e-14,0.0,3,3,184,56,58.66108585291803,50.73546880464194,57.59999999999972
379.9000000000179,392.583813010619,0.10000000000002274,0.1,2.273181642920008e-14,0.0,3,3,185,56,58.56108585291802,50.63546880464194,57.69999999999971
380.0000000000179,392.683813010619,0.10000000000002274,0.1,2.273181642920008e-14,0.0,3,3,186,56,58.461085852918025,50.53546880464194,57.79999999999972
380.1000000000179,392.78381301061904,0.10000000000002274,0.1,2.273181642920008e-14,0.0,3,3,187,56,58.36108585291803,50.435468804641935,57.899999999999714
380.20000000001795,392.88381301061906,0.10000000000002274,0.1,2.273181642920008e-14,0.0,3,3,187,56,58.26108585291803,50.335468804641934,57.99999999999971
380.300000000018,392.9838130106191,0.10000000000002274,0.1,2.273181642920008e-14,0.0,3,3,187,56,58.16108585291803,50.23546880464193,58.0999999999997
380.400000000018,393.0838130106191,0.10000000000002274,0.1,2.273181642920008e-14,0.0,3,3,188,57,58.06108585291803,50.13546880464193,58.1999999999997
380.500000000018,393.18381301061913,0.10000000000002274,0.1,2.273181642920008e-14,0.0,3,3,190,57,57.96108585291804,50.03546880464193,58.29999999999969
380.60000000001804,393.28381301061916,0.10000000000002274,0.1,2.273181642920008e-14,0.0,3,3,189,58,57.86108585291803,49.93546880464193,58.39999999999969
380.70000000001806,393.3838130106192,0.10000000000002274,0.1,2.273181642920008e-14,0.0,3,3,189,58,57.76108585291803,49.83546880464193,58.49999999999969
380.8000000000181,393.4838130106192,0.10000000000002274,0.1,2.273181642920008e-14,0.0,3,3,189,58,57.661085852918035,49.735468804641926,58.59999999999968
380.9000000000181,393.5838130106192,0.10000000000002274,0.1,2.273181642920008e-14,0.0,3,3,188,58,57.56108585291804,49.635468804641924,58.699999999999676
381.00000000001813,393.68381301061925,0.10000000000002274,0.1,2.273181642920008e-14,0.0,3,3,189,59,57.46108585291804,49.53546880464192,58.79999999999967
381.10000000001816,393.78381301061927,0.10000000000002274,0.1,2.273181642920008e-14,0.0,3,3,188,59,57.36108585291803,49.43546880464192,58.89999999999967
381.2000000000182,393.8838130106193,0.10000000000002274,0.1,2.273181642920008e-14,0.0,3,3,188,59,57.261085852918036,49.33546880464192,58.999999999999666
381.3000000000182,393.9838130106193,0.10000000000002274,0.1,2.273181642920008e-14,0.0,3,3,188,58,57.16108585291804,49.23546880464192,59.09999999999966
381.4000000000182,394.08381301061934,0.10000000000002274,0.1,2.273181642920008e-14,0.0,3,3,188,57,57.06108585291804,49.13546880464192,59.199999999999655
381.50000000001825,394.18381301061936,0.10000000000002274,0.1,2.273181642920008e-14,0.0,3,3,188,58,56.96108585291804,49.035468804641916,59.29999999999965
381.60000000001827,394.2838130106194,0.10000000000002274,0.1,2.273181642920008e-14,0.0,3,3,187,59,56.861085852918045,48.935468804641914,59.39999999999966
381.7000000000183,394.3838130106194,0.10000000000002274,0.1,2.273181642920008e-14,0.0,3,3,187,59,56.76108585291805,48.83546880464191,59.49999999999965
381.8000000000183,394.48381301061943,0.10000000000002274,0.1,2.273181642920008e-14,0.0,3,3,187,59,56.66108585291804,48.73546880464191,59.599999999999646
381.90000000001834,394.58381301061945,0.10000000000002274,0.1,2.273181642920008e-14,0.0,3,3,186,60,56.56108585291804,48.63546880464191,59.69999999999964
382.00000000001836,394.6838130106195,0.10000000000002274,0.1,2.273181642920008e-14,0.0,3,3,186,60,56.461085852918046,48.53546880464191,59.799999999999635
382.1000000000184,394.7838130106195,0.10000000000002274,0.1,2.273181642920008e-14,0.0,3,3,186,60,56.36108585291805,48.43546880464191,59.899999999999636
382.2000000000184,394.8838130106195,0.10000000000002274,0.1,2.273181642920008e-14,0.0,3,3,187,60,56.26108585291805,48.335468804641906,59.99999999999963
382.30000000001843,394.98381301061954,0.10000000000002274,0.1,2.273181642920008e-14,0.0,3,3,187,60,56.16108585291804,48.235468804641904,60.099999999999625
382.40000000001845,395.08381301061956,0.10000000000002274,0.1,2.273181642920008e-14,0.0,3,3,186,60,56.06108585291805,48.1354688046419,60.19999999999962
382.5000000000185,395.1838130106196,0.10000000000002274,0.1,2.273181642920008e-14,0.0,3,3,186,60,55.96108585291805,48.0354688046419,60.29999999999961
382.6000000000185,395.2838130106196,0.10000000000002274,0.1,2.273181642920008e-14,0.0,3,3,186,59,55.86108585291805,47.9354688046419,60.39999999999961
382.7000000000185,395.38381301061963,0.10000000000002274,0.1,2.273181642920008e-14,0.0,3,3,185,59,55.76108585291805,47.8354688046419,60.49999999999961
382.80000000001854,395.48381301061966,0.10000000000002274,0.1,2.273181642920008e-14,0.0,3,3,185,59,55.661085852918056,47.7354688046419,60.5999999999996
382.90000000001857,395.5838130106197,0.10000000000002274,0.1,2.273181642920008e-14,0.0,3,3,185,59,55.56108585291806,47.635468804641896,60.6999999999996
383.0000000000186,395.6838130106197,0.10000000000002274,0.1,2.273181642920008e-14,0.0,3,3,185,59,55.46108585291805,47.535468804641894,60.79999999999959
383.1000000000186,395.7838130106197,0.10000000000002274,0.1,2.273181642920008e-14,0.0,3,3,184,59,55.02475251958473,47.43546880464189,60.89999999999959
383.20000000001863,395.88381301061975,0.10000000000002274,0.1,2.273181642920008e-14,0.0,3,3,184,59,54.58808585291806,47.33546880464189,60.999999999999595
383.30000000001866,395.98381301061977,0.10000000000002274,0.1,2.273181642920008e-14,0.0,3,3,184,59,54.15108585291807,47.23546880464189,61.09999999999959
383.4000000000187,396.0838130106198,0.10000000000002274,0.1,2.273181642920008e-14,0.0,3,3,185,59,53.713752519584745,47.13546880464189,61.199999999999584
383.5000000000187,396.1838130106198,0.10000000000002274,0.1,2.273181642920008e-14,0.0,3,3,185,59,53.27608585291808,47.03546880464189,61.29999999999958
383.6000000000187,396.28381301061984,0.10000000000002274,0.1,2.273181642920008e-14,0.0,3,3,184,59,52.838085852918084,46.935468804641886,61.39999999999957
383.70000000001875,396.38381301061986,0.10000000000002274,0.1,2.273181642920008e-14,0.0,3,3,185,60,52.39975251958476,46.835468804641884,61.49999999999957
383.80000000001877,396.4838130106199,0.10000000000002274,0.1,2.273181642920008e-14,0.0,3,3,185,61,51.961085852918096,46.73546880464188,61.59999999999957
383.9000000000188,396.5838130106199,0.10000000000002274,0.1,2.273181642920008e-14,0.0,3,3,185,61,51.52208585291811,46.63546880464188,61.69999999999956
384.0000000000188,396.68381301061993,0.10000000000002274,0.1,2.273181642920008e-14,0.0,3,3,185,61,51.08275251958478,46.53546880464188,61.79999999999956
384.10000000001884,396.78381301061995,0.10000000000002274,0.1,2.273181642920008e-14,0.0,3,3,185,61,50.64308585291812,46.43546880464188,61.89999999999955
384.20000000001886,396.88381301062,0.10000000000002274,0.1,2.273181642920008e-14,0.0,3,3,184,60,50.20308585291812,46.33546880464188,61.999999999999545
384.3000000000189,396.98381301062,0.10000000000002274,0.1,2.273181642920008e-14,0.0,3,3,184,60,49.76275251958479,46.235468804641876,62.09999999999955
384.4000000000189,397.08381301062,0.10000000000002274,0.1,2.273181642920008e-14,0.0,3,3,183,60,49.32208585291813,46.135468804641874,62.19999999999954
384.50000000001893,397.18381301062004,0.10000000000002274,0.1,2.273181642920008e-14,0.0,3,3,184,60,48.881085852918126,46.03546880464187,62.299999999999535
384.60000000001895,397.28381301062007,0.10000000000002274,0.1,2.273181642920008e-14,0.0,3,3,183,60,48.4397525195848,45.93546880464187,62.39999999999953
384.700000000019,397.3838130106201,0.10000000000002274,0.1,2.273181642920008e-14,0.0,3,3,182,60,47.99808585291814,45.83546880464187,62.499999999999524
384.800000000019,397.4838130106201,0.10000000000002274,0.1,2.273181642920008e-14,0.0,3,3,181,60,47.55608585291814,45.73546880464187,62.59999999999953
384.900000000019,397.58381301062013,0.10000000000002274,0.1,2.273181642920008e-14,0.0,3,3,182,60,47.113752519584814,45.63546880464187,62.69999999999953
385.00000000001904,397.68381301062016,0.10000000000002274,0.1,2.273181642920008e-14,0.0,3,3,183,61,46.67108585291815,45.535468804641866,62.79999999999952
385.10000000001907,397.7838130106202,0.10000000000002274,0.1,2.273181642920008e-14,0.0,3,3,182,61,46.228085852918156,45.435468804641864,62.899999999999515
385.2000000000191,397.8838130106202,0.10000000000002274,0.1,2.273181642920008e-14,0.0,3,3,183,61,45.78475251958483,45.33546880464186,62.99999999999951
385.3000000000191,397.9838130106202,0.10000000000002274,0.1,2.273181642920008e-14,0.0,3,3,184,61,45.34108585291816,45.23546880464186,63.09999999999951
385.40000000001913,398.08381301062025,0.10000000000002274,0.1,2.273181642920008e-14,0.0,3,3,184,61,44.89708585291817,45.13546880464186,63.199999999999505
385.50000000001916,398.18381301062027,0.10000000000002274,0.1,2.273181642920008e-14,0.0,3,3,184,61,44.452752519584834,45.03546880464186,63.2999999999995
385.6000000000192,398.2838130106203,0.10000000000002274,0.1,2.273181642920008e-14,0.0,3,3,183,61,44.00808585291818,44.93546880464186,63.399999999999494
385.7000000000192,398.3838130106203,0.10000000000002274,0.1,2.273181642920008e-14,0.0,3,3,182,61,43.563085852918185,44.835468804641856,63.49999999999949
385.8000000000192,398.48381301062034,0.10000000000002274,0.1,2.273181642920008e-14,0.0,3,3,181,61,43.11775251958485,44.374435295397014,63.59999999999948
385.90000000001925,398.58381301062036,0.10000000000002274,0.1,2.273181642920008e-14,0.0,3,3,183,61,42.67208585291818,43.23743529539703,63.699999999999484
386.00000000001927,398.6838130106204,0.10000000000002274,0.1,2.273181642920008e-14,0.0,3,3,182,61,42.22608585291819,42.09943529539704,63.79999999999948
386.1000000000193,398.7838130106204,0.10000000000002274,0.1,2.273181642920008e-14,0.0,3,3,182,61,41.77975251958486,40.96043529539706,63.89999999999947
386.2000000000193,398.88381301062043,0.10000000000002274,0.1,2.273181642920008e-14,0.0,3,3,181,61,41.333085852918195,39.84335345871567,63.99999999999947
386.30000000001934,398.98381301062045,0.10000000000002274,0.1,2.273181642920008e-14,0.0,3,3,182,61,40.8860858529182,39.74335345871567,64.09999999999947
386.40000000001936,399.0838130106205,0.10000000000002274,0.1,2.273181642920008e-14,0.0,3,3,181,61,40.438752519584874,39.643353458715666,64.19999999999946
386.5000000000194,399.1838130106205,0.10000000000002274,0.1,2.273181642920008e-14,0.0,3,3,181,61,39.99108585291821,39.543353458715664,64.29999999999946
386.6000000000194,399.2838130106205,0.10000000000002274,0.1,2.273181642920008e-14,0.0,3,3,181,61,39.54308585291822,39.44335345871566,64.39999999999945
386.70000000001943,399.38381301062054,0.10000000000002274,0.1,2.273181642920008e-14,0.0,3,3,179,60,39.09475251958489,39.34335345871566,64.49999999999945
386.80000000001945,399.48381301062057,0.10000000000002274,0.1,2.273181642920008e-14,0.0,3,3,179,59,38.646085852918226,39.24335345871566,64.59999999999944
386.9000000000195,399.5838130106206,0.10000000000002274,0.1,2.273181642920008e-14,0.0,3,3,178,59,38.19708585291823,39.14335345871566,64.69999999999943
387.0000000000195,399.6838130106206,0.10000000000002274,0.1,2.273181642920008e-14,0.0,3,3,179,59,37.7477525195849,39.04335345871566,64.79999999999944
387.1000000000195,399.78381301062063,0.10000000000002274,0.1,2.273181642920008e-14,0.0,3,3,179,59,37.298085852918234,38.943353458715656,64.89999999999944
387.20000000001954,399.88381301062066,0.10000000000002274,0.1,2.273181642920008e-14,0.0,3,3,180,59,36.84808585291824,38.843353458715654,64.99999999999943
387.30000000001957,399.9838130106207,0.10000000000002274,0.1,2.273181642920008e-14,0.0,3,3,180,60,36.39775251958491,38.74335345871565,65.09999999999943
387.4000000000196,400.0838130106207,0.10000000000002274,0.1,2.273181642920008e-14,0.0,3,3,179,60,35.94708585291825,38.64335345871565,65.19999999999942
387.5000000000196,400.1838130106207,0.10000000000002274,0.1,2.273181642920008e-14,0.0,3,3,179,60,35.49608585291825,38.54335345871565,65.29999999999943
387.60000000001963,400.28381301062075,0.10000000000002274,0.1,2.273181642920008e-14,0.0,3,3,179,59,35.044752519584925,38.44335345871565,65.39999999999942
387.70000000001966,400.38381301062077,0.10000000000002274,0.1,2.273181642920008e-14,0.0,3,3,179,58,34.59308585291826,38.34335345871565,65.49999999999942
387.8000000000197,400.4838130106208,0.10000000000002274,0.1,2.273181642920008e-14,0.0,3,3,179,58,34.141085852918266,38.243353458715646,65.59999999999941
387.9000000000197,400.5838130106208,0.10000000000002274,0.1,2.273181642920008e-14,0.0,3,3,181,59,33.68875251958494,38.143353458715644,65.6999999999994
388.0000000000197,400.68381301062084,0.10000000000002274,0.1,2.273181642920008e-14,0.0,3,3,180,59,33.23608585291827,38.04335345871564,65.7999999999994
388.10000000001975,400.78381301062086,0.10000000000002274,0.1,2.273181642920008e-14,0.0,3,3,180,59,32.78308585291828,37.94335345871564,65.8999999999994
388.20000000001977,400.8838130106209,0.10000000000002274,0.1,2.273181642920008e-14,0.0,3,3,179,59,32.32975251958495,37.84335345871564,65.99999999999939
388.3000000000198,400.9838130106209,0.10000000000002274,0.1,2.273181642920008e-14,0.0,3,3,179,59,31.87608585291829,37.74335345871564,66.09999999999938
388.4000000000198,401.08381301062093,0.10000000000002274,0.1,2.273181642920008e-14,0.0,3,3,178,59,31.422085852918297,37.64335345871564,66.19999999999938
388.50000000001984,401.18381301062095,0.10000000000002274,0.1,2.273181642920008e-14,0.0,3,3,177,59,30.967752519584966,37.543353458715636,66.29999999999939
388.60000000001986,401.283813010621,0.10000000000002274,0.1,2.273181642920008e-14,0.0,3,3,176,59,30.513085852918305,37.443353458715634,66.39999999999938
388.7000000000199,401.383813010621,0.10000000000002274,0.1,2.273181642920008e-14,0.0,3,3,174,59,30.05808585291831,37.34335345871563,66.49999999999937
388.8000000000199,401.483813010621,0.10000000000002274,0.1,2.273181642920008e-14,0.0,3,3,174,59,29.602752519584982,37.24335345871563,66.59999999999938
388.90000000001993,401.58381301062104,0.10000000000002274,0.1,2.273181642920008e-14,0.0,3,3,174,59,29.14708585291832,37.14335345871563,66.69999999999938
389.00000000001995,401.68381301062107,0.10000000000002274,0.1,2.273181642920008e-14,0.0,3,3,174,59,28.691085852918324,37.04335345871563,66.79999999999937
389.10000000002,401.7838130106211,0.10000000000002274,0.1,2.273181642920008e-14,0.0,3,3,174,60,28.234752519584998,36.94335345871563,66.89999999999937
389.20000000002,401.8838130106211,0.10000000000002274,0.1,2.273181642920008e-14,0.0,3,3,174,60,27.290454150927147,36.10995346762559,66.99999999999936
389.30000000002,401.98381301062113,0.10000000000002274,0.1,2.273181642920008e-14,0.0,3,3,175,61,26.564673442629125,35.60256158980681,67.09999999999935
389.40000000002004,402.08381301062116,0.10000000000002274,0.1,2.273181642920008e-14,0.0,3,3,175,61,25.637551162429727,34.79737913149866,67.19999999999935
389.50000000002007,402.1838130106212,0.10000000000002274,0.1,2.273181642920008e-14,0.0,3,3,175,61,24.8173032150081,34.151654336922185,67.29999999999934
389.6000000000201,402.2838130106212,0.10000000000002274,0.1,2.273181642920008e-14,0.0,3,3,174,61,24.178127348272355,33.77897355745625,67.39999999999935
389.7000000000201,402.3838130106212,0.10000000000002274,0.1,2.273181642920008e-14,0.0,3,3,173,61,23.62920608157115,33.542633167723274,67.49999999999935
389.80000000002013,402.48381301062125,0.10000000000002274,0.1,2.273181642920008e-14,0.0,2,3,173,61,35.680650524631986,37.98683807640718,47.54999999999993
389.90000000002016,402.58381301062127,0.10000000000002274,0.1,2.273181642920008e-14,0.0,2,3,173,60,35.54679467203932,37.81912637122185,47.649999999999935
390.0000000000202,402.6838130106213,0.10000000000002274,0.1,2.273181642920008e-14,0.0,2,3,172,61,35.44679467203932,37.71912637122185,47.74999999999993
390.1000000000202,402.7838130106213,0.10000000000002274,0.1,2.273181642920008e-14,0.0,2,3,172,61,34.64301289447832,36.91553494749732,47.84999999999992
390.2000000000202,402.88381301062134,0.10000000000002274,0.1,2.273181642920008e-14,0.0,2,3,172,61,34.17375064302884,36.46312967969207,47.949999999999925
390.30000000002025,402.98381301062136,0.10000000000002274,0.1,2.273181642920008e-14,0.0,2,3,172,61,33.8902527882874,36.188146157675426,48.049999999999926
390.40000000002027,403.0838130106214,0.10000000000002274,0.1,2.273181642920008e-14,0.0,2,3,172,61,33.69850386091668,36.0006543966671,48.14999999999992
390.5000000000203,403.1838130106214,0.10000000000002274,0.1,2.273181642920008e-14,0.0,2,3,172,61,33.59850386091668,35.9006543966671,48.249999999999915
390.6000000000203,403.28381301062143,0.10000000000002274,0.1,2.273181642920008e-14,0.0,2,3,171,61,32.79722654401735,35.09918884522104,48.349999999999916
390.70000000002034,403.38381301062145,0.10000000000002274,0.1,2.273181642920008e-14,0.0,2,3,171,61,31.993523406604247,34.2954092506714,48.44999999999992
390.80000000002036,403.4838130106215,0.10000000000002274,0.1,2.273181642920008e-14,0.0,2,3,171,61,31.188936864510477,33.49079098748968,48.54999999999991
390.9000000000204,403.5838130106215,0.10000000000002274,0.1,2.273181642920008e-14,0.0,2,3,171,61,30.384079287459144,32.685919607851986,48.649999999999906
391.0000000000204,403.6838130106215,0.10000000000002274,0.1,2.273181642920008e-14,0.0,2,3,171,61,29.579191384039092,31.881025092386277,48.74999999999991
391.10000000002043,403.78381301062154,0.10000000000002274,0.1,2.273181642920008e-14,0.0,2,3,172,62,28.774365519448352,31.076195514219656,48.84999999999991
391.20000000002045,403.88381301062157,0.10000000000002274,0.1,2.273181642920008e-14,0.0,2,3,171,63,27.969635010841145,30.27146247284249,48.9499999999999
391.3000000000205,403.9838130106216,0.10000000000002274,0.1,2.273181642920008e-14,0.0,2,3,172,64,27.165009817558,29.46683523974149,49.0499999999999
391.4000000000205,404.0838130106216,0.10000000000002274,0.1,2.273181642920008e-14,0.0,2,3,171,64,26.36319928740481,28.66502389366115,49.1499999999999
391.5000000000205,404.18381301062163,0.10000000000002274,0.1,2.273181642920008e-14,0.0,2,3,172,64,25.562514622503592,27.864338902389076,49.2499999999999
391.60000000002054,404.28381301062166,0.10000000000002274,0.1,2.273181642920008e-14,0.0,2,3,174,64,24.762280303703168,27.064104453040308,49.349999999999895
391.70000000002057,404.3838130106217,0.10000000000002274,0.1,2.273181642920008e-14,0.0,2,3,174,64,23.962226123343058,26.264050220460863,49.44999999999989
391.8000000000206,404.4838130106217,0.10000000000002274,0.1,2.273181642920008e-14,0.0,2,3,174,63,23.162243998359077,25.464068074589147,49.54999999999989
391.9000000000206,404.5838130106217,0.10000000000002274,0.1,2.273181642920008e-14,0.0,2,3,175,63,22.362290695525544,24.664114763400523,49.64999999999989
392.00000000002063,404.68381301062175,0.10000000000002274,0.1,2.273181642920008e-14,0.0,2,3,175,63,21.562348921552193,23.864172986085133,49.749999999999886
392.10000000002066,404.78381301062177,0.10000000000002274,0.1,2.273181642920008e-14,0.0,2,3,176,63,20.75311650687639,23.054945659411462,49.84999999999988
392.2000000000207,404.8838130106218,0.10000000000002274,0.1,2.273181642920008e-14,0.0,2,3,177,63,19.947386931440143,22.249219203242724,49.94999999999988
392.3000000000207,404.9838130106218,0.10000000000002274,0.1,2.273181642920008e-14,0.0,2,3,179,63,19.142297259413674,21.444132563739604,50.04999999999988
392.4000000000207,405.08381301062184,0.10000000000002274,0.1,2.273181642920008e-14,0.0,2,3,179,64,18.336744734706762,20.63858317614124,50.14999999999988
392.50000000002075,405.18381301062186,0.10000000000002274,0.1,2.273181642920008e-14,0.0,2,3,180,64,17.52242225815966,19.824264409028938,50.24999999999987
392.60000000002077,405.2838130106219,0.10000000000002274,0.1,2.273181642920008e-14,0.0,2,3,181,64,16.711192571505794,19.013038240251277,50.34999999999987
392.7000000000208,405.3838130106219,0.10000000000002274,0.1,2.273181642920008e-14,0.0,2,3,180,64,15.901668374558131,18.203517982859086,50.449999999999875
392.8000000000208,405.48381301062193,0.10000000000002274,0.1,2.273181642920008e-14,0.0,2,3,179,64,15.091069993634783,17.392923426549743,50.54999999999987
392.90000000002084,405.58381301062195,0.10000000000002274,0.1,2.273181642920008e-14,0.0,2,3,179,64,14.28208301736153,16.58394059712888,50.649999999999864
393.00000000002086,405.683813010622,0.10000000000002274,0.1,2.273181642920008e-14,0.0,2,3,179,65,13.472081425499422,15.773943091380765,50.749999999999865
393.1000000000209,405.783813010622,0.10000000000002274,0.1,2.273181642920008e-14,0.0,2,3,179,65,12.663602101510346,14.965468085815578,50.849999999999866
393.2000000000209,405.883813010622,0.10000000000002274,0.1,2.273181642920008e-14,0.0,2,3,178,65,11.85416454748717,14.156034838101181,50.94999999999986
393.30000000002093,405.98381301062204,0.10000000000002274,0.1,2.273181642920008e-14,0.0,2,3,178,65,11.046164851126214,13.348039599274173,51.049999999999855
393.40000000002095,406.08381301062207,0.10000000000002274,0.1,2.273181642920008e-14,0.0,2,3,177,65,10.237260278398699,12.53913951542368,51.14999999999986
393.500000000021,406.1838130106221,0.10000000000002274,0.1,2.273181642920008e-14,0.0,2,3,178,65,9.429713661584715,11.731597465829235,51.24999999999986
393.600000000021,406.2838130106221,0.10000000000002274,0.1,2.273181642920008e-14,0.0,2,3,177,65,8.621312637066906,10.92320107856163,51.34999999999985
393.700000000021,406.38381301062213,0.10000000000002274,0.1,2.273181642920008e-14,0.0,2,3,178,65,7.814193961812837,10.116087053607508,51.44999999999985
393.80000000002104,406.48381301062216,0.10000000000002274,0.1,2.273181642920008e-14,0.0,2,3,177,65,7.006268604890346,9.308166451306265,51.54999999999985
393.90000000002107,406.5838130106222,0.10000000000002274,0.1,2.273181642920008e-14,0.0,2,3,176,65,6.199554077935611,8.50145663373844,51.64999999999985
394.0000000000211,406.6838130106222,0.10000000000002274,0.1,2.273181642920008e-14,0.0,2,3,176,65,5.392077990272439,7.693985390029595,51.749999999999844
394.1000000000211,406.7838130106222,0.10000000000002274,0.1,2.273181642920008e-14,0.0,2,3,175,65,4.585745099169473,6.887657245821878,51.84999999999984
394.20000000002113,406.88381301062225,0.10000000000002274,0.1,2.273181642920008e-14,0.0,2,3,176,65,3.778693295750345,6.080610350398336,51.94999999999984
394.30000000002116,406.98381301062227,0.10000000000002274,0.1,2.273181642920008e-14,0.0,2,3,176,65,2.972720746667216,5.274642566368933,52.04999999999984
394.4000000000212,407.0838130106223,0.10000000000002274,0.1,2.273181642920008e-14,0.0,1,3,176,65,4.467996357408294,4.467996357408294,81.89999999999962
394.5000000000212,407.1838130106223,0.10000000000002274,0.1,2.273181642920008e-14,0.0,1,3,176,65,3.6623687807590293,3.6623687807590293,81.99999999999962
394.6000000000212,407.28381301062234,0.10000000000002274,0.1,2.273181642920008e-14,0.0,1,3,176,65,2.035100879200831,2.035100879200831,82.09999999999961
394.70000000002125,407.38381301062236,0.10000000000002274,0.1,2.273181642920008e-14,0.0,1,3,176,65,0.40779445911952106,0.40779445911952106,82.1999999999996
394.80000000002127,407.4838130106224,0.10000000000002274,0.1,2.273181642920008e-14,0.0,0,3,176,66,0.0,0.0,0.0
