update_id,excluded_class,start_frame,end_frame,donors,donor_count,boundary_donor_count,translation_sufficient,dx,dy,mad_dx,mad_dy,translation_residual_median,sufficient,reason,rms_spread,minor_spread,major_spread,eigen_ratio,weighted_rms_spread,weighted_minor_spread,weighted_eigen_ratio,effective_donors,a,b,tx,ty,scale,rotation_deg,fit_median,fit_rms,fit_p90,weights,donor_errors
condor:1,condor,0,1,helicopter|jammer|large_launcher|mine_roller|small_launcher|small_plane|small_tower|spacecraft|ta-ta|tank,10,1,1,0.0,60.75,3.0,6.25,7.503259339205583,1,,943.546774145299,579.2030287872954,744.8519090689259,0.6046746724558556,806.6331089512915,508.8147967602825,0.6608370944465497,8.83479966602472,1.0100471989260558,0.0010855472893656478,-18.476925947305972,51.367050648900886,1.010047782271358,0.06157856213149324,2.667081071599439,6.260762934278673,7.457329622731552,1|1|0.46698604258286458|0.48734500754784565|1|1|1|1|1|0.17904330436097946,1.0866059943400452|2.4114790136890347|6.4241748078197807|6.1558033286091858|1.7222570509317991|2.6355878512455879|2.7249557488546032|0.66122119360183262|2.6985742919532898|16.755722956937536
condor:2,condor,1,2,helicopter|jammer|large_launcher|small_launcher|small_plane|small_tower|spacecraft|ta-ta|tank,9,0,1,-0.5,60.0,3.5,4.5,6.726812023536855,1,,905.1506081624152,462.34633178222157,778.1603259896472,0.3530178479031452,877.8627345947202,433.37849091049463,0.3222520883227672,8.828061235790118,1.0084856913458313,0.0008168726144826313,-15.506312951714108,52.95037834233824,1.0084860221788639,0.046409526060149815,1.8791572095194768,2.5986801833140416,4.067150256704756,1|0.97285218942896312|0.77429578550768074|1|0.62011646624268768|1|1|1|1,0.58491745446370469|3.0837164969327069|3.8744874471739337|1.8791572095194768|4.8378014948280432|1.2955366438346996|0.55216185162274067|1.6550774646810469|2.0632559159231452
condor:3,condor,2,3,helicopter|jammer|large_launcher|small_launcher|small_plane|small_tower|spacecraft|ta-ta|tank,9,0,1,-1.0,61.0,3.5,4.5,6.800735254367722,1,,912.9148236876439,468.3335912847898,783.6307310097872,0.3571804658723243,891.311949340948,436.0518158044144,0.3146491908466126,8.851920870534643,1.0085055164969141,0.0006081637395095293,-15.795296146590772,53.56291955237566,1.0085056998687918,0.03455133435858362,2.086260290790147,2.6150818866337278,3.9017914846926147,1|0.8168651442497965|0.79935575771048295|1|0.66712968976013798|1|1|1|1,1.0509572103815015|3.6725778388658146|3.7530197433590615|1.6135048760277559|4.4968784500268271|0.7210336580650657|0.17367302892937683|2.0862602907901469|2.2677159417187318
condor:4,condor,3,4,helicopter|jammer|jet_plane|large_launcher|small_launcher|small_plane|small_tower|spacecraft|ta-ta|tank,10,1,1,0.0,60.5,2.75,4.75,8.06930507507501,1,,914.2817467826862,523.2222934527699,749.7663263537671,0.48699064372221257,884.6489749006171,442.6313375696837,0.3339504742965596,9.001810691976308,1.0089118937161847,0.0006887908025463507,-16.43935116856983,53.22406298059286,1.0089121288371687,0.03911620040141668,2.1066804422567627,8.933395813005061,7.042818892788452,1|0.79935758201650875|0.11142496134579352|0.69912162079467943|1|0.62062995804854892|1|1|1|1,1.290215936000557|3.7530176187410587|26.923949620959839|4.2910897574208171|1.560835801626077|4.833804367436084|1.8188939835200433|1.349879765097485|1.5255815632432126|2.3944669009934816
condor:5,condor,4,5,helicopter|jammer|jet_plane|large_launcher|small_launcher|small_plane|small_tower|spacecraft|ta-ta|tank,10,0,1,0.0,61.25,3.0,4.5,7.914179919755637,1,,924.4695032828287,533.6921713243288,754.8619269556011,0.49985797068600296,908.9852123024597,496.90321993598286,0.4261957629113735,9.81158176895227,1.0088607540667758,0.0003115644155223057,-16.87664641419292,54.18668727164891,1.0088608021766772,0.017694538534091055,2.5375844497260394,2.824445486395094,3.930200156869104,1|0.78856613932903452|0.96721315784768658|0.88588243201935912|1|0.5925780801532845|1|1|1|0.97468079440663635,1.1067845844663295|3.8043750090486057|3.1016941791255492|3.3864504771950723|1.3049818189286377|5.0626264872535947|1.308043427841906|0.69380717269204184|1.9972382936297217|3.0779306058223574
condor:6,condor,5,6,helicopter|jammer|jet_plane|large_launcher|small_launcher|small_plane|small_tower|spacecraft|ta-ta|tank,10,0,1,0.0,62.0,3.25,5.0,8.223553023955326,1,,932.880910138052,540.6613610540401,760.2315996873539,0.505776715476799,902.85550808972,507.18747836889895,0.46107729103383444,9.776873273074756,1.0090718519169921,0.0006439385538536067,-16.807158367835427,53.67834531104495,1.0090720573814582,0.03656325991372907,2.02909409800657,2.8276421922259884,4.090118923056339,1|0.91594338074896542|0.96229826076086789|0.75889374482087635|1|0.5635819476140137|1|1|1|1,1.3429371163731165|3.2753121718684111|3.1175365250109768|3.9531215442693584|1.5109928329111018|5.3230953321391752|1.3925465330795432|1.080585420577389|1.7856704435860093|2.2725177524271309
condor:7,condor,6,7,helicopter|jammer|jet_plane|large_launcher|large_tower|small_launcher|small_plane|small_tower|spacecraft|ta-ta|tank,11,1,1,1.0,61.5,4.0,6.0,8.06225774829855,1,,1027.7347251549186,585.7070997851156,844.503320627317,0.48101459475919905,921.7891559236946,518.9090433319831,0.46390989484534034,9.963130812876209,1.0092866745199545,-0.00017509960327953097,-17.91484052512328,54.962842879234245,1.0092866897088357,-0.009940157157480234,3.0454602141858556,7.547248749070259,5.602197651281912,1|0.71916349573675475|1|0.73738373418674885|0.1314900021070558|1|0.53555170676918007|1|1|0.98491020405295848|0.92204048403426631,1.6793105193431936|4.1720227677554975|2.6043777216630564|4.0679980893106036|22.815798087355823|2.080448952846282|5.6021976512819123|2.4286281867055566|0.99212946560996129|3.0454602141858556|3.2530660187880391
condor:8,condor,7,8,helicopter|jammer|jet_plane|large_launcher|large_tower|small_launcher|small_plane|small_tower|spacecraft|ta-ta|tank,11,0,1,1.5,62.5,4.0,6.0,8.0156097709407,1,,1038.5610993219384,595.3459631046961,850.9831615488847,0.4894371071646919,1021.6753667616509,541.2181484713303,0.3900862036470087,10.594249697417627,1.0086074364357345,-0.00015233668285226663,-16.976784774688895,55.95881247538466,1.0086074479399452,-0.00865376221786776,2.157211588107192,3.243230850550617,4.596044148417825,1|0.65273525077628214|1|1|0.94976330044305624|1|0.4466246162852846|1|1|1|0.85289380727588004,1.8574640962861244|4.5960441484178247|2.8656451700766561|2.157211588107192|3.1586818005687882|1.4704231542652646|6.7170502997879282|1.6781965893363535|1.1739117060374742|2.1070781446826472|3.5174366513406388
condor:9,condor,8,9,helicopter|jammer|jet_plane|large_launcher|large_tower|small_launcher|small_tower|spacecraft|ta-ta|tank,10,0,1,0.75,62.5,4.75,6.5,8.732650890548804,1,,1033.0337022575789,514.8779832138579,895.5776305835415,0.33052336667601573,1028.9178926775612,496.301241819744,0.30321015282135627,9.88761397504176,1.008485121142021,4.881490351227678e-05,-16.512458675535527,55.76798631379927,1.008485122323444,0.002773355687429707,2.6480018433692845,2.7171808270358855,3.19449874554645,1|0.65608379540883155|0.98639502561809433|1|1|1|1|1|1|1,2.5704489658030192|4.5725866436479805|3.0413778679796142|2.1138366279909055|2.8251009307633135|1.7529610228612087|2.7255547209355493|1.5418247985473028|1.6846558294472214|2.9830638974694983
condor:10,condor,9,10,helicopter|jammer|jet_plane|large_launcher|large_tower|small_launcher|small_tower|spacecraft|ta-ta|tank,10,0,1,0.5,63.0,4.5,5.75,8.67437655465529,1,,1041.9394716105155,521.5596815911057,902.0051890308528,0.33434124178365743,1034.6503490197715,493.4542552299953,0.29443271198113885,9.772805667284791,1.0082292791459104,-0.0001387277228207864,-16.310073497730627,56.63813826536841,1.0082292886900595,-0.007883636324927376,2.528315276583178,2.813999631065497,3.2793341004015755,1|0.51634250182404495|1|1|1|1|1|1|1|1,2.9178812736576978|5.8100969596774226|2.8864619164300178|1.6657919646071604|2.8727063261214192|0.73960155365790259|2.1839242270449359|0.84016865571754284|1.5951372483508122|2.9981382271487047
condor:11,condor,10,11,helicopter|jammer|jet_plane|large_launcher|large_tower|small_launcher|small_tower|spacecraft|ta-ta|tank,10,0,1,0.75,64.0,4.5,6.25,8.973834704667382,1,,1050.7678585206154,528.2286995031941,908.3432905686948,0.3381769177726626,1044.7287751353908,500.194581918093,0.297403360396734,9.78527763550049,1.008435255631294,-5.71823297919812e-05,-16.453134394629615,56.65466359683421,1.008435257252528,-0.0032489008471279757,2.6684724351320828,2.872836570811208,3.3697515415322776,1|0.52864967339505242|0.9635052822400737|1|1|1|1|1|1|1,2.8066281824153592|5.6748356255175434|3.1136310877561377|1.7966028757400061|2.8537982045651886|1.4442477387357726|2.5303166878488064|1.246096402528502|1.8419851850361904|2.8196301390176584
condor:12,condor,11,12,helicopter|jammer|jet_plane|large_launcher|large_tower|small_launcher|small_tower|spacecraft|ta-ta|tank,10,1,1,0.75,64.75,4.5,6.0,8.477591922614671,1,,1059.8645833312858,535.1413541644641,914.8424269036847,0.342171971368036,1068.503280054641,533.9721357589,0.33286857730548164,9.951468443356754,1.0078344377221793,0.0002479941241588157,-14.77224860920569,56.35249448301033,1.0078344682336813,0.014098562065093342,2.0807202022512064,2.3050755245661634,3.3250505024223105,0.91818572119822794|1|1|1|1|1|0.78029709697991823|1|1|1,3.2673128439475416|0.98333542118996553|2.82682516171353|1.0999193968620395|2.6798021367762712|0.80739109737476833|3.8446894286952324|2.301301317056478|0.9590229080770637|1.8601390874459351
condor:13,condor,12,13,helicopter|jet_plane|large_launcher|large_tower|small_launcher|small_tower|spacecraft|ta-ta|tank,9,0,1,2.5,65.0,6.0,5.0,8.73212459828649,1,,1046.4136312445098,462.9151288708488,938.4514218204405,0.24332075521757296,1052.05646235818,457.67402908703576,0.2334248808676818,8.973217099400678,1.0082141909104751,0.00030355329252468245,-15.748215955997694,56.15849282198337,1.0082142366074116,0.01725062209025684,2.1502027627488767,2.3490696432196496,3.082286837135264,0.82945321637619462|1|1|1|1|1|1|1|1,3.6168405170656386|2.788134537717081|1.0454920880165945|2.9486484171526701|1.4480943121106908|2.6633628757634495|1.7249754045804775|1.4936371600162262|2.1502027627488767
condor:14,condor,13,14,helicopter|jet_plane|large_launcher|large_tower|small_launcher|small_tower|spacecraft|ta-ta|tank,9,0,1,2.0,66.0,5.0,6.0,10.062305898749054,1,,1055.0562415527934,468.74030641549894,945.2122502279635,0.24592683240654858,1064.6113444747766,460.79387557729154,0.23052736962159717,8.966280960353162,1.0083070023155363,9.147425596861287e-05,-16.01510729533493,57.34230176339838,1.0083070064648378,0.005197909738488859,2.585781532428187,2.5536505093999167,3.3709519377686816,0.81943749135898847|0.96973242975086871|1|1|1|0.90952419579928967|1|1|1,3.6610480138060097|3.0936368711709141|1.9302400765126881|2.7616444073697886|0.86188194512760663|3.2984279187593497|2.2171407553584968|1.0674097603666832|2.5857815324281872
condor:15,condor,14,15,helicopter|jet_plane|large_launcher|large_tower|medium_launcher|small_launcher|small_tower|spacecraft|ta-ta|tank,10,1,1,2.5,66.25,7.0,6.25,10.304587338775164,1,,1165.553499415621,533.8458816741946,1036.1098081861312,0.26547291809630436,1095.3724086560348,482.08253409139087,0.24022601481118755,9.249060323325505,1.0085048240277645,-0.00024903125525652233,-17.105771570180877,57.80897909765099,1.0085048547745512,-0.0141481123967782,2.3371070981580973,6.384270773169034,5.301692288121991,0.8500012833826428|1|1|1|0.16018347961037208|1|0.78743832259380886|1|1|1,3.5294064356304471|2.3372188075677602|2.3369953887484338|2.1740156469499925|18.728523111880762|0.45597106505473251|3.8098221965932444|1.9882845540490064|1.7360856602863575|2.6522515731119753
condor:16,condor,15,16,helicopter|jet_plane|large_launcher|large_tower|medium_launcher|small_launcher|small_tower|spacecraft|ta-ta|tank,10,0,1,3.0,67.25,7.5,6.5,10.78472765433725,1,,1176.6256350258566,542.561339721237,1044.0666059403952,0.27004819521004486,1170.7760641109965,505.31081529974745,0.2289260842379489,9.692849013418956,1.0084126390307235,-0.0004899167597090762,-17.101926898119928,58.64781505726023,1.0084127580387605,-0.027835986330521412,2.2061908829831594,3.0147570802302566,4.639332684162176,0.63562885398881486|1|1|1|0.67146547756528041|1|0.64789232387081597|1|1|0.99053448471468319,4.7197353976586074|2.5802564588229391|1.7747870383666042|1.3857415448844845|4.4678395338621666|0.95962885414069743|4.63039904932924|1.8321253071433796|1.4252167971457452|3.0286678913328728
condor:17,condor,16,17,helicopter|jet_plane|large_launcher|large_tower|medium_launcher|small_launcher|small_tower|spacecraft|ta-ta|tank,10,0,1,2.75,67.75,7.0,6.5,10.706204693233602,1,,1186.7567916384553,549.7042173825272,1051.7684896838578,0.27316045464563954,1172.4112340427744,514.0423109001321,0.23798743553714152,9.714831735776057,1.0082323574358807,-0.00042095958332975374,-16.696113589577635,58.98979355840538,1.0082324453159026,-0.023922269396504752,2.3090292514098127,3.0620947114046575,4.464490060572326,0.6782803904430772|1|1|1|0.62004558740644844|1|0.6919196786153714|1|1|0.97101131928371498,4.4229496306595015|2.4554121823716559|2.1280937875557644|1.9436631389577095|4.8383539297877478|0.79113184153380778|4.3357633751416467|2.1626463204479696|1.6760851313417149|3.0895623263505123
condor:18,condor,17,18,helicopter|jet_plane|large_launcher|large_tower|medium_launcher|small_launcher|small_tower|spacecraft|ta-ta|tank,10,1,1,3.0,67.25,7.25,5.25,11.066989079288792,1,,1196.7397377876277,556.8755385500187,1059.2807156578592,0.2763720696561587,1230.6611776132572,477.7425938976417,0.17743912545327203,8.95257237340554,1.0080296720061015,-0.0008491050399154836,-16.797081486655316,59.910631553148505,1.0080300296241662,-0.048262590869217276,2.6662297250941123,8.916871803554121,8.363685692176304,0.11225253999782468|1|0.88036891137703221|1|0.94748595545021663|1|0.47442033254390958|0.98465751376811605|1|1,26.725466169772915|2.2857172562839039|3.4076325217018706|0.66849828081823448|3.1663068105240018|0.59893649927614956|6.3234878613322447|3.0467421939043211|0.54374860936027281|1.9034468369690287
condor:19,condor,18,19,jet_plane|large_launcher|large_tower|medium_launcher|small_launcher|small_tower|spacecraft|ta-ta|tank,9,1,1,2.5,66.0,9.5,3.5,10.5,1,,1236.7222035048837,518.5013669560418,1122.7814306919631,0.21325998220176878,1247.6269689620262,438.088316074959,0.14063762596236898,8.352240402742641,1.0078200371191581,-0.0009214899395654295,-16.263824801012106,60.071026639738875,1.0078204583965191,-0.052387795184734395,1.8829073101254101,4.337464234656942,5.914397198789364,1|0.6415795994462582|1|1|1|0.27603595550462862|0.78693469527958526|1|1,1.0875770941935234|4.6759591522631112|1.3722827973962095|2.7754464797799492|0.63908913403179846|10.868149384894368|3.812260430170848|0.29138842661583231|1.8829073101254101
condor:20,condor,19,20,hangar|jet_plane|large_launcher|large_tower|medium_launcher|small_launcher|spacecraft|ta-ta|tank,9,3,1,-1.0,67.0,8.0,5.0,10.63014581273465,1,,1412.3968551873832,603.2661593303147,1277.080583812181,0.223142001186677,1246.6255985476946,400.96472674799674,0.11538965327401295,7.679866546629454,1.0078826909044547,-0.00047832553697620453,-16.355500740976822,59.15098328547242,1.0078828044073993,-0.027191688766788773,2.047858275914402,11.616182736969183,13.023663725600521,0.090292907060833982|1|0.37625673719525404|1|0.7808292986773141|1|0.62545978787359302|1|1,33.225201300056767|1.5743846194550302|7.973279331986455|0.19773020627632004|3.842068671036067|1.3024044809631565|4.7964714003505735|2.0478582759144022|0.87105280593040202
condor:21,condor,20,21,hangar|jet_plane|large_launcher|large_tower|medium_launcher|medium_plane|small_launcher|spacecraft|ta-ta|tank,10,4,1,-2.25,66.25,5.75,8.0,13.020831616226504,1,,1457.3310794050883,660.3551032470967,1299.1324076534756,0.2583736637495396,1233.7762602736539,473.99487995384527,0.1731525870330762,7.7802800528439295,1.0076375467686205,0.0006430242600761604,-14.759289985979194,57.443329918026166,1.0076377519416801,0.03656331718069804,4.533764091607969,11.729800881204218,14.990401126426642,0.094106801364081449|1|0.45190354455246945|1|0.32079571698101922|0.22876501522738413|1|0.51435220430220951|0.92735862614668896|1,31.878707197722143|1.3023353527024366|6.6385993532568079|0.9259336017760309|9.3517332942603026|13.113922674060483|2.4200877214270147|5.8325589568967136|3.2349692263192247|1.7987230975078026
condor:22,condor,21,22,hangar|jet_plane|large_launcher|large_tower|medium_launcher|medium_plane|small_launcher|spacecraft|ta-ta|tank,10,4,1,-2.25,65.75,6.25,7.25,10.38924960445494,1,,1470.1376313121164,673.1456727234474,1306.9734344253893,0.26526783704104845,1398.4994592367511,589.5375862174352,0.21610781460628808,8.311120252774558,1.007095368019116,0.0016402639144355551,-12.741652764218088,54.35409466243971,1.00709670377341,0.09331799099590991,5.182853603972081,6.669153410099278,10.29612966539167,0.29633862603558508|1|0.53215986535449022|1|0.33385546412555039|1|0.65721396998742343|0.2531836085946913|0.49033085120567288|0.63447585534566475,10.123575052403998|0.98139355836376829|5.6374141895712606|1.5410606549686001|8.9859227717922092|2.3228146526406435|4.5647097338379554|11.849121182280715|6.11829891750671|4.7282930183729004
condor:23,condor,22,23,hangar|jet_plane|large_launcher|large_tower|medium_launcher|medium_plane|small_launcher|ta-ta|tank,9,2,1,-1.0,67.5,8.0,7.5,11.335784048754634,1,,1509.7876373439224,609.1926872225495,1381.4278771297154,0.19447014195614407,1401.1931761381027,558.2683680625529,0.18869503014404126,8.238373145326909,1.0074639762342588,0.001295514763711308,-13.698001756649091,56.71210207220906,1.007464809195957,0.0736775597885636,4.376341624484577,4.791095998306755,6.486223960120738,0.6807804656683708|1|0.53031354312808832|1|0.30603032802122299|0.6855109945887321|0.91578259077999702|0.67721691167127895|1,4.4067584882389745|1.0679563004130308|5.6570465499014624|1.0442543813466938|9.8029336009978394|4.376341624484577|3.2758624977298179|4.4298581897704263|2.7081214865049055
condor:24,condor,23,24,hangar|jet_plane|large_launcher|large_tower|medium_plane|small_launcher|ta-ta|tank,8,1,1,-4.25,69.75,6.0,6.25,11.354063819186797,1,,1437.9243721420123,541.0315176346469,1332.2580068912894,0.1649181494811604,1405.3844989696086,527.3221846854901,0.16385541521863112,7.554237487835668,1.0079437004930996,0.0018220599376407417,-13.391839541417085,55.51708370323013,1.0079453473607285,0.10357347407507402,2.9570862034609435,3.8090988592391564,5.793471259672059,1|1|0.52167713237905378|1|1|1|0.50905180719146592|0.77707863890889295,2.6664735465358418|1.0209492322747624|5.7506833025789907|2.7793533396234298|2.9897868594940404|2.9243855474278471|5.8933098262225529|3.8606131650687763
hangar:1,hangar,0,1,condor|helicopter|jammer|large_launcher|mine_roller|small_launcher|small_plane|small_tower|spacecraft|ta-ta|tank,11,1,1,1.0,62.0,4.0,7.0,9.219544457292887,1,,946.3932031884646,556.7028362143444,765.3378647317975,0.529103296126165,819.9971555097516,480.0120375288554,0.5213122453518868,9.805214078783514,1.0101146889956858,0.001507149039043681,-18.364202718359365,50.69270857564766,1.0101158133714554,0.08548852510940405,2.603134610159145,5.964055024804193,6.930658546294314,1|1|1|0.43285929899488923|0.49609074007688436|1|1|1|1|1|0.18250431595781111,1.9080931108066759|1.1479620056543294|2.6103542495541552|6.930658546294314|6.0472807849245704|1.8493857630088544|2.4722747477944647|2.8031959614276438|0.7210388872429101|2.6031346101591448|16.437967421612161
hangar:2,hangar,1,2,condor|helicopter|jammer|large_launcher|small_launcher|small_plane|small_tower|spacecraft|ta-ta|tank,10,0,1,0.25,61.5,4.0,6.25,8.014029794756947,1,,923.1884504260222,467.42791098800296,796.1080724558643,0.34473488018419196,877.7073867708956,425.1894791578326,0.30663322447619,9.751836685521278,1.0091063593721739,0.0014288404137079759,-16.11877265437579,51.84080123516617,1.0091073709523137,0.08112769266728992,1.961658442533749,2.718228966557935,3.9533207434557234,1|1|1|0.52409304668648682|1|0.7986031416255811|1|1|1|1,2.3944147915837912|0.48732510130216017|2.6675486611162054|5.724174398507456|2.0758298876954528|3.7565592262277536|1.8474869973720451|0.78110215562267182|1.574811048539885|1.7637531656934637
hangar:3,hangar,2,3,condor|helicopter|jammer|large_launcher|small_launcher|small_plane|small_tower|spacecraft|ta-ta|tank,10,0,1,0.0,62.0,4.0,5.75,7.988519059488391,1,,931.3831220287385,473.3274013692366,802.1444328255639,0.3481914851496681,886.182521954865,431.36807442527254,0.3105234808159935,9.777989897085897,1.0091300835647588,0.0012834561129296015,-16.369481680301533,52.37213485951668,1.009130899742452,0.07287125813430101,2.020564000444119,2.7741615120919882,3.576977214521824,1|1|0.93614191685659698|0.5251393720761387|1|0.89829315217890382|1|1|1|1,2.6496511341731477|0.76727525621621595|3.2046423129073922|5.7127691471296664|1.9205858180306419|3.3396669997876205|1.8088045830101533|0.48561575952579622|2.1205421828575965|1.8969906244991355
hangar:4,hangar,3,4,condor|helicopter|jammer|jet_plane|large_launcher|small_launcher|small_plane|small_tower|spacecraft|ta-ta|tank,11,1,1,1.0,62.0,4.0,5.5,9.848857801796104,1,,936.9209660874362,532.0070254552561,771.22592121924,0.47585156170262677,893.1389332254244,439.2445982654911,0.3190280286143828,9.948575961888118,1.0095289387306468,0.0012796562611738583,-17.03689993148123,52.12135738967356,1.009529749762122,0.07262680732711337,2.3303705625278495,8.66560676746691,6.049703915991386,1|1|0.90436682396902124|0.11028332763382204|0.49589203737105703|1|0.80958971371538746|1|1|1|1,2.5492356233890252|0.95619257188051476|3.3172380058110149|27.202661221496328|6.0497039159913859|1.827720636679063|3.7055806771006088|1.999762278964738|1.4550007438519894|1.5494784503816661|2.3303705625278495
hangar:5,hangar,4,5,condor|helicopter|jammer|jet_plane|large_launcher|small_launcher|small_plane|small_tower|spacecraft|ta-ta|tank,11,0,1,1.0,63.0,4.0,5.5,9.848857801796104,1,,947.5498002569269,541.9331971849306,777.2766777382822,0.48611635976920714,913.2601480667894,500.25827959986884,0.4286818332973158,10.764603844727414,1.0095008585657923,0.0009450333528366679,-17.46946592694553,53.02669275222502,1.0095013009070912,0.0536368110438071,2.8719815102699755,2.929767922650858,3.814123559607407,1|1|0.90176965403535336|0.7947145899545911|0.56975175867298866|1|0.78655029094580264|1|1|1|1,2.9038748374530852|0.78634232571915841|3.326791917954671|3.7749401362521242|5.2654510652595947|1.5761123171074813|3.814123559607407|1.3346157008373556|0.73081108474604284|2.1749011180951099|2.8719815102699755
hangar:6,hangar,5,6,condor|helicopter|jammer|jet_plane|large_launcher|small_launcher|small_plane|small_tower|spacecraft|ta-ta|tank,11,0,1,1.0,63.0,4.5,5.0,10.111874208078342,1,,956.4390287428046,548.6888533305652,783.4003816269615,0.4905516237067128,916.2826884821319,506.4772090417721,0.4399572088732883,10.71124334166978,1.0097383042530303,0.0011973090440782924,-17.472831783939228,52.57751672950701,1.009739014114406,0.06793911111227098,2.314200662806874,2.95282271076899,4.078185468906035,1|1|1|0.83186839699788906|0.52414910647849455|1|0.73562127632790475|1|1|1|1,2.9492221020730933|0.57888936552887649|2.7256195221178805|3.6063396697841008|5.7235621757771327|1.7803191665907827|4.0781854689060353|1.6854596748191817|1.4018984577736215|1.9290294794735559|2.3142006628068739
hangar:7,hangar,6,7,condor|helicopter|jammer|jet_plane|large_launcher|large_tower|small_launcher|small_plane|small_tower|spacecraft|ta-ta|tank,12,1,1,1.5,63.25,4.5,6.25,9.957391173503396,1,,1040.5768599141963,636.2416448941325,823.4055930653481,0.5970580513014045,931.6811258830135,551.5108757554918,0.5394269732175618,10.957244620821912,1.0098511282019147,0.0002454746587553032,-18.7486181281854,54.107241970462496,1.0098511580369098,0.013927460448668898,3.509574729633509,7.525946023640568,4.9831338911735035,0.68156100250443974|1|0.81608125763870487|1|0.59504866669472589|0.12709494304521216|1|0.67309074430438787|1|1|0.8597547065975375|0.84989244138230668,4.4016740197816704|0.93209289025661057|3.6761316782780953|2.9080717241314469|5.0415838286220653|23.604422796776642|2.31067097805684|4.4570844541364485|1.9862580603911892|1.0452705739632902|3.4893322419289499|3.5298172173380675
hangar:8,hangar,7,8,condor|helicopter|jammer|jet_plane|large_launcher|large_tower|small_launcher|small_plane|small_tower|spacecraft|ta-ta|tank,12,0,1,1.75,63.75,4.75,6.25,9.789657987846283,1,,1051.8506797214877,647.3153246435635,829.0794430645074,0.6095923151317024,1021.5404594673203,591.8369924597232,0.5052419157588137,11.56553701115863,1.0090553395454882,0.00012786898820873539,-17.628953175342303,55.4332599899725,1.009055347647362,0.007260606062549864,3.0599617914915287,3.377949074968827,4.816847270955318,0.61320220515976842|1|0.75165050359954089|0.96591783192322855|0.99531947961977096|0.72514525923424911|1|0.51867763349792273|1|1|1|0.80877534864088108,4.8923782516970302|1.1912625494949811|3.9912289419949167|3.1058501920485662|3.0140733909344917|4.1370684442799082|1.6910072201175799|5.7839619256318615|1.1895906607120146|1.5128084284266807|2.453437598357616|3.7093163939152101
hangar:9,hangar,8,9,condor|helicopter|jammer|jet_plane|large_launcher|large_tower|small_launcher|small_tower|spacecraft|ta-ta|tank,11,1,1,2.5,61.5,5.5,6.5,9.192388155425117,1,,1058.6449021865735,601.5308305885042,871.1427487944351,0.4768009705489133,1039.8084466439886,509.1041711618565,0.31530714088968803,10.089346029517761,1.008046243964719,-0.00014147399273749933,-15.749474710260529,56.10066059153178,1.0080462538922847,-0.008041161494360405,2.7186522257589876,6.799002563034077,5.304678447211119,0.14502196058588604|0.90896019280253548|0.56553851925585596|1|1|1|1|0.86075190110397815|1|1|1,20.686522163093205|3.3004745591165938|5.3046784472111188|2.838787286499425|1.6497662298233009|2.0353852637315364|1.4269616042969167|3.4853248517036204|1.8937753207459291|1.2006043273086653|2.7186522257589876
hangar:10,hangar,9,10,condor|helicopter|jammer|jet_plane|large_launcher|large_tower|small_launcher|small_tower|spacecraft|ta-ta|tank,11,1,1,2.0,62.0,5.0,6.0,9.5524865872714,1,,1065.7504727880414,605.0036911958156,877.3793956364443,0.4754897793673223,1043.4364663213712,500.17182486744355,0.2983251758992493,9.882349784921379,1.0078033220966935,-0.0003217649935124293,-15.565099940729851,56.993331756461885,1.007803373462226,-0.018293029098714275,2.6585121562946417,10.043489727013432,6.534088090406943,0.093831844877542273|0.82872755993993263|0.45913063284244926|1|1|1|1|1|1|1|1,31.97208798266589|3.6200075211850016|6.5340880904069429|2.6901749611218326|1.2834544577569564|2.1360346703844613|0.44792493819983958|2.8836575453716069|1.0486129965798194|1.2020976641834995|2.6585121562946417
hangar:11,hangar,10,11,helicopter|jammer|jet_plane|large_launcher|large_tower|small_launcher|small_tower|spacecraft|ta-ta|tank,10,0,1,0.75,64.0,4.5,6.25,8.973834704667382,1,,1050.7678585206154,528.2286995031941,908.3432905686948,0.3381769177726626,1044.7287751353908,500.194581918093,0.297403360396734,9.78527763550049,1.008435255631294,-5.71823297919812e-05,-16.453134394629615,56.65466359683421,1.008435257252528,-0.0032489008471279757,2.6684724351320828,2.872836570811208,3.3697515415322776,1|0.52864967339505242|0.9635052822400737|1|1|1|1|1|1|1,2.8066281824153592|5.6748356255175434|3.1136310877561377|1.7966028757400061|2.8537982045651886|1.4442477387357726|2.5303166878488064|1.246096402528502|1.8419851850361904|2.8196301390176584
hangar:12,hangar,11,12,helicopter|jammer|jet_plane|large_launcher|large_tower|small_launcher|small_tower|spacecraft|ta-ta|tank,10,1,1,0.75,64.75,4.5,6.0,8.477591922614671,1,,1059.8645833312858,535.1413541644641,914.8424269036847,0.342171971368036,1068.503280054641,533.9721357589,0.33286857730548164,9.951468443356754,1.0078344377221793,0.0002479941241588157,-14.77224860920569,56.35249448301033,1.0078344682336813,0.014098562065093342,2.0807202022512064,2.3050755245661634,3.3250505024223105,0.91818572119822794|1|1|1|1|1|0.78029709697991823|1|1|1,3.2673128439475416|0.98333542118996553|2.82682516171353|1.0999193968620395|2.6798021367762712|0.80739109737476833|3.8446894286952324|2.301301317056478|0.9590229080770637|1.8601390874459351
hangar:13,hangar,12,13,helicopter|jet_plane|large_launcher|large_tower|small_launcher|small_tower|spacecraft|ta-ta|tank,9,0,1,2.5,65.0,6.0,5.0,8.73212459828649,1,,1046.4136312445098,462.9151288708488,938.4514218204405,0.24332075521757296,1052.05646235818,457.67402908703576,0.2334248808676818,8.973217099400678,1.0082141909104751,0.00030355329252468245,-15.748215955997694,56.15849282198337,1.0082142366074116,0.01725062209025684,2.1502027627488767,2.3490696432196496,3.082286837135264,0.82945321637619462|1|1|1|1|1|1|1|1,3.6168405170656386|2.788134537717081|1.0454920880165945|2.9486484171526701|1.4480943121106908|2.6633628757634495|1.7249754045804775|1.4936371600162262|2.1502027627488767
hangar:14,hangar,13,14,helicopter|jet_plane|large_launcher|large_tower|small_launcher|small_tower|spacecraft|ta-ta|tank,9,0,1,2.0,66.0,5.0,6.0,10.062305898749054,1,,1055.0562415527934,468.74030641549894,945.2122502279635,0.24592683240654858,1064.6113444747766,460.79387557729154,0.23052736962159717,8.966280960353162,1.0083070023155363,9.147425596861287e-05,-16.01510729533493,57.34230176339838,1.0083070064648378,0.005197909738488859,2.585781532428187,2.5536505093999167,3.3709519377686816,0.81943749135898847|0.96973242975086871|1|1|1|0.90952419579928967|1|1|1,3.6610480138060097|3.0936368711709141|1.9302400765126881|2.7616444073697886|0.86188194512760663|3.2984279187593497|2.2171407553584968|1.0674097603666832|2.5857815324281872
hangar:15,hangar,14,15,helicopter|jet_plane|large_launcher|large_tower|medium_launcher|small_launcher|small_tower|spacecraft|ta-ta|tank,10,1,1,2.5,66.25,7.0,6.25,10.304587338775164,1,,1165.553499415621,533.8458816741946,1036.1098081861312,0.26547291809630436,1095.3724086560348,482.08253409139087,0.24022601481118755,9.249060323325505,1.0085048240277645,-0.00024903125525652233,-17.105771570180877,57.80897909765099,1.0085048547745512,-0.0141481123967782,2.3371070981580973,6.384270773169034,5.301692288121991,0.8500012833826428|1|1|1|0.16018347961037208|1|0.78743832259380886|1|1|1,3.5294064356304471|2.3372188075677602|2.3369953887484338|2.1740156469499925|18.728523111880762|0.45597106505473251|3.8098221965932444|1.9882845540490064|1.7360856602863575|2.6522515731119753
hangar:16,hangar,15,16,helicopter|jet_plane|large_launcher|large_tower|medium_launcher|small_launcher|small_tower|spacecraft|ta-ta|tank,10,0,1,3.0,67.25,7.5,6.5,10.78472765433725,1,,1176.6256350258566,542.561339721237,1044.0666059403952,0.27004819521004486,1170.7760641109965,505.31081529974745,0.2289260842379489,9.692849013418956,1.0084126390307235,-0.0004899167597090762,-17.101926898119928,58.64781505726023,1.0084127580387605,-0.027835986330521412,2.2061908829831594,3.0147570802302566,4.639332684162176,0.63562885398881486|1|1|1|0.67146547756528041|1|0.64789232387081597|1|1|0.99053448471468319,4.7197353976586074|2.5802564588229391|1.7747870383666042|1.3857415448844845|4.4678395338621666|0.95962885414069743|4.63039904932924|1.8321253071433796|1.4252167971457452|3.0286678913328728
hangar:17,hangar,16,17,helicopter|jet_plane|large_launcher|large_tower|medium_launcher|small_launcher|small_tower|spacecraft|ta-ta|tank,10,0,1,2.75,67.75,7.0,6.5,10.706204693233602,1,,1186.7567916384553,549.7042173825272,1051.7684896838578,0.27316045464563954,1172.4112340427744,514.0423109001321,0.23798743553714152,9.714831735776057,1.0082323574358807,-0.00042095958332975374,-16.696113589577635,58.98979355840538,1.0082324453159026,-0.023922269396504752,2.3090292514098127,3.0620947114046575,4.464490060572326,0.6782803904430772|1|1|1|0.62004558740644844|1|0.6919196786153714|1|1|0.97101131928371498,4.4229496306595015|2.4554121823716559|2.1280937875557644|1.9436631389577095|4.8383539297877478|0.79113184153380778|4.3357633751416467|2.1626463204479696|1.6760851313417149|3.0895623263505123
hangar:18,hangar,17,18,helicopter|jet_plane|large_launcher|large_tower|medium_launcher|small_launcher|small_tower|spacecraft|ta-ta|tank,10,1,1,3.0,67.25,7.25,5.25,11.066989079288792,1,,1196.7397377876277,556.8755385500187,1059.2807156578592,0.2763720696561587,1230.6611776132572,477.7425938976417,0.17743912545327203,8.95257237340554,1.0080296720061015,-0.0008491050399154836,-16.797081486655316,59.910631553148505,1.0080300296241662,-0.048262590869217276,2.6662297250941123,8.916871803554121,8.363685692176304,0.11225253999782468|1|0.88036891137703221|1|0.94748595545021663|1|0.47442033254390958|0.98465751376811605|1|1,26.725466169772915|2.2857172562839039|3.4076325217018706|0.66849828081823448|3.1663068105240018|0.59893649927614956|6.3234878613322447|3.0467421939043211|0.54374860936027281|1.9034468369690287
hangar:19,hangar,18,19,jet_plane|large_launcher|large_tower|medium_launcher|small_launcher|small_tower|spacecraft|ta-ta|tank,9,1,1,2.5,66.0,9.5,3.5,10.5,1,,1236.7222035048837,518.5013669560418,1122.7814306919631,0.21325998220176878,1247.6269689620262,438.088316074959,0.14063762596236898,8.352240402742641,1.0078200371191581,-0.0009214899395654295,-16.263824801012106,60.071026639738875,1.0078204583965191,-0.052387795184734395,1.8829073101254101,4.337464234656942,5.914397198789364,1|0.6415795994462582|1|1|1|0.27603595550462862|0.78693469527958526|1|1,1.0875770941935234|4.6759591522631112|1.3722827973962095|2.7754464797799492|0.63908913403179846|10.868149384894368|3.812260430170848|0.29138842661583231|1.8829073101254101
hangar:20,hangar,19,20,jet_plane|large_launcher|large_tower|medium_launcher|small_launcher|spacecraft|ta-ta|tank,8,2,1,1.0,68.75,6.75,5.0,9.162930807129692,1,,1273.1434706563907,431.95012926041653,1197.628232260291,0.13008378532728007,1247.9661457121251,362.63022405505654,0.09222171516393005,7.542571654158763,1.0076937089096705,-0.0012284788956759848,-16.84999563362271,61.39435800527622,1.0076944577283955,-0.0698492214957681,2.0047674897813574,3.6420546367058755,5.377619503386114,1|0.35527662027784301|1|1|1|0.73829741514971603|1|1,2.0149092376220086|8.4441244618179319|0.90417210743977672|2.857362591944669|0.64709503894939857|4.0634030926296223|0.92889285535275345|1.9946257419407061
hangar:21,hangar,20,21,jet_plane|large_launcher|large_tower|medium_launcher|medium_plane|small_launcher|spacecraft|ta-ta|tank,9,3,1,-1.0,67.5,7.0,5.5,11.672617529928752,1,,1374.1589459163652,617.0307551994039,1227.837878459542,0.252540809800154,1215.29667972309,439.47677797223827,0.15044314412856882,7.625663542182759,1.007254349528883,-0.0001846239657135602,-15.050412023322451,60.16485303205445,1.0072543664491418,-0.010501988816269132,1.811015318484091,6.524638467410934,9.32854104081939,1|0.43310739938524301|1|0.3835441711506542|0.1953689016910663|1|0.59951553489714382|1|1,1.8110153184840909|6.9266884017503898|1.0308309078253175|7.8217848832398627|15.355565671137493|1.702060683522751|5.0040404716104536|1.7977345122164285|1.6351655224752957
hangar:22,hangar,21,22,jet_plane|large_launcher|large_tower|medium_launcher|medium_plane|small_launcher|spacecraft|ta-ta|tank,9,3,1,-1.0,66.0,7.5,6.5,9.604686356149273,1,,1384.4911999417147,626.8464282397383,1234.4551179039001,0.25785271115798,1272.989054095063,496.2881335741788,0.17923304560550732,7.62351288924692,1.0067255285519163,0.00019678876058792165,-13.493589061558168,59.236243414952696,1.0067255477854684,0.01119984044698671,3.096648209973985,6.209482697264429,8.50845851761637,1|0.44502253627611899|1|0.4149752027337979|0.47485597577882632|1|0.22018495972282098|0.9687885317693361|1,1.0957018487389265|6.741233353480605|2.0600899762184253|7.2293454644750952|6.3177086774788886|2.6451801457403663|13.624910730181464|3.0966482099739849|1.3149291265027445
hangar:23,hangar,22,23,jet_plane|large_launcher|large_tower|medium_launcher|medium_plane|small_launcher|ta-ta|tank,8,2,1,0.75,68.75,7.25,5.75,10.75683877656264,1,,1417.3503158953858,579.3519376496544,1293.535175521076,0.2005988511142454,1278.5789124697817,470.8699184379856,0.15690823219013222,7.079093431098774,1.0071837724843835,0.00019339038002601577,-14.5810771069373,60.141041503510905,1.0071837910509251,0.011001420734190174,2.31870380712546,4.661750738994044,7.4460363967013485,1|0.46863328920438729|1|0.37137510880346908|0.41810925551870959|1|1|1,1.7475710689716151|6.4015938884079988|1.4005916394211366|8.0780858188425011|7.1751580729265685|2.1918894120705907|2.4455182021803297|0.57964763991276103
hangar:24,hangar,23,24,jet_plane|large_launcher|large_tower|medium_plane|small_launcher|ta-ta|tank,7,1,1,-1.5,71.5,7.0,4.0,7.7781745930520225,1,,1345.4687598281387,522.8521770152187,1239.7224627568526,0.1778725374724963,1238.0123008498697,463.2800851480628,0.16283834864411528,6.503323901372895,1.007555727531514,0.0005874569126704775,-14.21074974497401,59.644959836921316,1.0075558987903266,0.0334063883594555,1.9174854502856626,3.829223249159891,6.303853351016228,1|0.48020347747509118|1|0.46958610471274659|1|0.86820862630719997|1,1.9174854502856626|6.2473520166262455|1.8798409287712676|6.3886053526012017|1.5419641449112382|3.4553901297282295|1.126517878269917
helicopter:1,helicopter,0,1,condor|jammer|large_launcher|mine_roller|small_launcher|small_plane|small_tower|spacecraft|ta-ta|tank,10,1,1,0.0,60.75,3.75,6.75,9.208143383954338,1,,988.3357020769815,582.7836778527676,798.2296942787843,0.5330390185553308,861.3755481434965,503.4727096784414,0.5189223276477222,8.809960155436773,1.010215842313716,0.0015740972692666684,-18.35974473964984,50.5737730429413,1.0102170686757495,0.08927701715195813,2.4945346392647307,6.240172603305075,8.206112943484246,1|1|0.41097354449805296|0.51591135707828528|1|1|0.98163729617778273|1|1|0.18333515019724719,1.873765222096853|2.4836336177069978|7.2997394455699132|5.8149527100749738|1.9234302752503163|2.2712401722419533|3.0561183029255949|0.61624671863797931|2.5054356608224633|16.363474424713285
helicopter:2,helicopter,1,2,condor|jammer|large_launcher|small_launcher|small_plane|small_tower|spacecraft|ta-ta|tank,9,0,1,-0.5,60.0,5.0,5.0,8.860022573334675,1,,966.9954772833323,492.4789987921603,832.1926993401775,0.35020926181571116,916.1600095239072,448.7495237825418,0.3156499197784482,8.74742212338379,1.0091570537534795,0.0014546838733001492,-16.13976676961306,51.80608975203688,1.0091581022047904,0.08259089943184049,2.112690519466712,2.8746420647583113,4.098515180480136,1|1|0.5095097931839575|1|0.82166098466052262|1|1|1|1,2.2902797261001666|2.5943958644596612|5.8880124426875522|2.112690519466712|3.6511408649282808|1.9604413236166021|0.7810813016142405|1.5668752860714052|1.7390612875850457
helicopter:3,helicopter,2,3,condor|jammer|large_launcher|small_launcher|small_plane|small_tower|spacecraft|ta-ta|tank,9,0,1,-1.0,61.0,4.0,5.0,9.219544457292887,1,,975.5862276879071,498.7072190178768,838.4864920520642,0.3537522156537682,923.7154459927771,455.9861593967202,0.3221985546289819,8.766830616489207,1.0092081329673817,0.0012839967106373462,-16.40824892110254,52.351777555019225,1.009208949769601,0.07289631378347065,2.086282593784995,2.929835073218053,3.745411224331721,1|0.97104859612343353|0.50767188106139138|1|0.93620338791637869|1|1|1|1,2.6029762484481958|3.0894436986752827|5.9093287352971702|1.9611220410941088|3.2044318465903583|1.9587976690522682|0.476322404891242|2.0862825937849951|1.8666436898683045
helicopter:4,helicopter,3,4,condor|jammer|jet_plane|large_launcher|small_launcher|small_plane|small_tower|spacecraft|ta-ta|tank,10,1,1,0.0,60.5,4.0,5.5,10.056276494672947,1,,975.925095742496,556.5067902420878,801.7044249063671,0.48185056688583466,931.352768672238,464.56849900411635,0.33122444442408705,8.945223997060097,1.0096104031089244,0.0012569032035390382,-17.080679973539873,52.10304305230056,1.009611185492429,0.07132970440153198,2.4255260290452996,9.07339690141527,8.33401608012757,1|0.93617625056234188|0.11051093763160688|0.48048239246589658|1|0.83305336656810491|1|1|1|1,2.5591264120134087|3.2045247759561706|27.146634210482688|6.2437251767547872|1.8401951376259771|3.6012098460330204|2.1952299633086505|1.3548540127546556|1.5035742677402653|2.2919256460771904
helicopter:5,helicopter,4,5,condor|jammer|jet_plane|large_launcher|small_launcher|small_plane|small_tower|spacecraft|ta-ta|tank,10,0,1,0.0,61.25,4.25,5.75,9.477731318827768,1,,986.9764612188073,566.9215671603049,807.9124158524263,0.49239926194065,949.5356233163978,526.713703808777,0.44445933223236994,9.75857368019647,1.0095672980811747,0.0009353036451170764,-17.500382144122113,53.03081819164197,1.0095677313324907,0.053081093453232926,2.856052126521624,3.072372423601848,3.99593886710188,1|0.93603525714506786|0.78234716732128018|0.5506754088882414|1|0.81299941440704548|1|1|1|1,2.8578694802076052|3.2050074420061261|3.8346147988603927|5.4478554812752717|1.6043474929590547|3.6900394995687713|1.4976445818395379|0.65044385295869123|2.1374838944429668|2.8542347728356425
helicopter:6,helicopter,5,6,condor|jammer|jet_plane|large_launcher|small_launcher|small_plane|small_tower|spacecraft|ta-ta|tank,10,0,1,0.0,62.0,4.5,5.5,9.446628716703051,1,,996.2524278514958,574.0356312675951,814.2493438960903,0.4970074131440471,954.2568652314541,534.1106059387604,0.45619627295451026,9.71696731351991,1.0097480511885906,0.0011611112527149697,-17.476004763425635,52.59254019531886,1.0097487187704166,0.0658844995295711,2.5045546959266143,3.0908747102698646,4.2658247652423205,0.99078536856473409|1|0.84272046565279557|0.52407940238375406|1|0.73103411243256544|1|1|1|1,3.0278909914432672|2.7128326222239978|3.5599036334771204|5.7243350545836362|1.7439160633693322|4.1037680664266194|1.7345503193673706|1.3461113073102047|1.8949488945320845|2.2962767696292308
helicopter:7,helicopter,6,7,condor|jammer|jet_plane|large_launcher|large_tower|small_launcher|small_plane|small_tower|spacecraft|ta-ta|tank,11,1,1,1.0,61.5,4.5,6.0,9.7082439194738,1,,1081.017616311991,656.3952927494203,858.9204307927844,0.58401640864791,973.3711394835639,574.9012160765947,0.5357270171509935,9.94368508375649,1.0097874856825784,0.00019154739831695294,-18.57213955928546,54.13780164776267,1.0097875038499682,0.010868482254183874,3.388904161547821,7.822887473802317,4.99272462225774,0.64351218766757756|0.79804715099686185|1|0.60086529683922507|0.1279621818417887|1|0.64302707851539054|1|1|0.90035278052433587|0.88521250427591591,4.661970724004374|3.7592624810821764|2.838528484150816|4.9927246222577404|23.444472307121842|2.1845667924907941|4.6655391782562514|2.1373573983877603|0.99251796653568136|3.3319295506851807|3.388904161547821
helicopter:8,helicopter,7,8,condor|jammer|jet_plane|large_launcher|large_tower|small_launcher|small_plane|small_tower|spacecraft|ta-ta|tank,11,0,1,1.5,62.5,5.0,6.0,10.404326023342406,1,,1092.679241872854,667.7741265951746,864.8847561784671,0.5961323508559162,1066.498324244419,603.596668831672,0.47126345260060565,10.525683221120259,1.0089708196568643,7.991876407334882e-05,-17.439458489006483,55.42512107355424,1.0089708228219751,0.0045382956439570295,2.978458837463026,3.5405013487263797,5.203166926136673,0.57657196599602256|0.71645383821253927|1|1|0.75782980186036575|1|0.49603188396245712|1|1|1|0.84394330706047593,5.2031669261366726|4.1872903544616955|2.9784588374630259|2.878229924649871|3.9586723772369767|1.5316569989797644|6.0479986995942934|1.3638797518135093|1.3604587596846531|2.276473082012366|3.5547408560668474
helicopter:9,helicopter,8,9,condor|jammer|jet_plane|large_launcher|large_tower|small_launcher|small_tower|spacecraft|ta-ta|tank,10,1,1,0.75,60.75,5.5,5.75,9.849154086643626,1,,1100.195079292759,614.6369590203925,912.4969156693979,0.4537060104416451,1077.1866992987286,489.44516540042787,0.26016852113004296,8.990879144877951,1.007759423541616,-0.00022071944618602479,-15.20274058189625,56.011275337242864,1.0077594477126,-0.012548920134398242,2.36429582990569,6.8530367171259305,7.418661383746333,0.1516164796277415|0.49632492946911039|1|1|1|1|0.71896236661574775|1|1|1,19.786767291857014|6.0444273939562621|2.5046801412126167|1.7437919418127397|1.4526688375885202|0.98894016367991489|4.1726801558543123|2.4088200654621308|0.76965167050503169|2.3197715943492492
helicopter:10,helicopter,9,10,condor|jammer|jet_plane|large_launcher|large_tower|small_launcher|small_tower|spacecraft|ta-ta|tank,10,1,1,0.5,62.0,5.75,5.5,8.855226905340015,1,,1107.3531968166255,617.7221482144805,919.0486657981107,0.45176161611841664,1077.2600071076301,478.36509676289575,0.24561981711595318,8.843885875581693,1.0075292633574298,-0.00039418652723722885,-15.040600427933896,56.917378505082524,1.0075293404683474,-0.022416443889661204,1.9145237841001372,10.255359376802847,9.63821791373096,0.096405681764403631|0.41370635956049501|1|1|1|1|0.85076689020949248|1|1|1,31.118497842618886|7.2515201438545329|2.3655186908923538|1.4952908086658496|1.5883714172826149|0.29551484905925868|3.526230315861326|1.5267308003561093|0.74218881744015408|2.2406761509176594
helicopter:11,helicopter,10,11,jammer|jet_plane|large_launcher|large_tower|small_launcher|small_tower|spacecraft|ta-ta|tank,9,0,1,-1.0,63.0,5.0,5.5,7.632168761236874,1,,1088.307962950847,519.243386496874,956.4520520138373,0.2947240258690041,1078.9851159306647,475.7606236273405,0.2413451898818998,8.739958225249817,1.008224456013167,-0.00010766547081551888,-16.036576674028765,56.568720904019756,1.0082244617618144,-0.006118456080665677,2.428882642428869,2.9136882685237135,3.6861393445085024,0.48192342757392637|1|1|1|1|0.9831519386055928|1|1|1,6.2250553269485831|2.8366807972753429|1.5709805919330575|2.428882642428869|1.0874375104157357|3.0514103488984818|1.5932632178915034|1.4629915391207577|2.463378548583512
helicopter:12,helicopter,11,12,jammer|jet_plane|large_launcher|large_tower|small_launcher|small_tower|spacecraft|ta-ta|tank,9,1,1,-0.5,63.5,5.5,6.0,7.3824115301167,1,,1097.5847193038826,526.0425157809319,963.3127672984774,0.29819960213735486,1106.056314397585,521.3599005324766,0.2856578619109456,8.905105111552142,1.0076383874750954,0.00015114701820559116,-14.461263211473579,56.35979129091186,1.007638398811216,0.00859443851272459,1.5798628618993404,2.162050694168454,2.999469887461718,1|1|1|1|1|0.68309334381955522|1|1|1,0.41747662957545489|2.5199056130490698|1.1341630119748107|2.1779450796610886|0.53409866603334222|4.3917863160916335|2.6513907803042387|0.64598694349005936|1.5798628618993404
helicopter:13,helicopter,12,13,jet_plane|large_launcher|large_tower|small_launcher|small_tower|spacecraft|ta-ta|tank,8,0,1,0.75,64.0,6.0,5.0,8.48683064368665,1,,1079.521041799325,420.5799097045534,994.2224194014184,0.17894927475793895,1081.5684026904546,416.52841639653246,0.17414123893896083,7.99321374042696,1.0079467875353947,0.0002495357439432893,-15.244243073077996,56.119250937515744,1.007946818423973,0.014184622492296397,1.986886742501792,2.0885355576326803,2.7335543143755823,1|1|1|1|0.91285574748627374|1|1|1,2.4966247348136164|1.0385304656116459|2.4322847264785294|1.0545139926457234|3.2863900000201691|2.2083971017487012|1.3274886411328057|1.7653763832548828
helicopter:14,helicopter,13,14,jet_plane|large_launcher|large_tower|small_launcher|small_tower|spacecraft|ta-ta|tank,8,0,1,0.5,65.5,6.5,5.25,8.163341720057929,1,,1088.1249192274524,425.7459745809231,1001.3771542090873,0.18076141934912404,1093.9380251872421,412.83188475609614,0.1660675315143614,7.940219547535729,1.0080087775302742,2.5867347247461005e-05,-15.485676657745898,57.312312535614296,1.0080087778621758,0.0014703144031987527,2.168140119782435,2.3469368383740297,3.1243644526875394,1|1|1|1|0.74596709693052532|1|1|1,2.739824175721759|1.6756266970878968|2.1947012454074146|0.4252313878443833|4.0216250989410272|2.7389741162284462|0.70085328054763463|2.1415789941574555
helicopter:15,helicopter,14,15,jet_plane|large_launcher|large_tower|medium_launcher|small_launcher|small_tower|spacecraft|ta-ta|tank,9,1,1,2.5,66.0,8.5,6.0,10.594810050208546,1,,1195.4439306625907,490.2616692928709,1090.2888089768658,0.2021960980788035,1126.6588729110551,430.0789391992576,0.1705728546725005,8.20520372853497,1.0082406799037145,-0.0003846335365286062,-16.594636261702817,57.928814610764675,1.0082407532705975,-0.02185775447514625,2.222847962680721,6.501243463008366,7.274513195693661,1|1|1|0.16423035396617788|1|0.66278053156694683|1|1|1,1.995960803627723|2.7582584089554989|1.6329223014499257|18.267025111678219|0.042461118369272202|4.526385216697518|2.3398815947509806|1.2437618000142769|2.2228479626807212
helicopter:16,helicopter,15,16,jet_plane|large_launcher|large_tower|medium_launcher|small_launcher|small_tower|spacecraft|ta-ta|tank,9,0,1,2.5,66.5,9.0,6.0,10.816653826391969,1,,1206.4585097724948,498.70037362727544,1098.562730637848,0.20607706703636855,1200.8385485661238,462.42120120474044,0.1741059071324097,8.775258463874342,1.0081516903620893,-0.0005720912903052483,-16.61625075472466,58.64778499926615,1.0081518526831077,-0.032513373955172266,2.2315026349401337,2.74905485280297,4.2143591721210525,1|1|1|0.7624771425087985|1|0.562469855945544|1|1|1,2.2315026349401337|2.1311675712662659|0.87082757052934434|3.9345441754036878|0.55116761580502893|5.3336191589905093|2.3769838461669761|1.0700596418326354|2.5901557067552186
helicopter:17,helicopter,16,17,jet_plane|large_launcher|large_tower|medium_launcher|small_launcher|small_tower|spacecraft|ta-ta|tank,9,0,1,2.0,67.5,8.5,6.0,10.124228365658293,1,,1216.4815714100428,505.1724941524905,1106.6291902584167,0.2083891716667292,1203.3825621351984,468.6491379194825,0.17878099126589025,8.767024193984417,1.00797097192337,-0.0004893633689258325,-16.192284745598954,58.97600965384004,1.007971090714734,-0.02781672713384511,2.5981934551040435,2.844931877657209,4.490561481047372,1|1|1|0.68856775623943189|1|0.59697589114299821|1|1|1,2.0971748588784624|2.5981934551040435|1.4065658133821173|4.3568697093832638|0.41979283425304031|5.0253285677038031|2.6621321977695569|1.1622511296628852|2.6201746243224475
helicopter:18,helicopter,17,18,jet_plane|large_launcher|large_tower|medium_launcher|small_launcher|small_tower|spacecraft|ta-ta|tank,9,0,1,2.5,69.0,9.0,7.0,11.40175425099138,1,,1226.3631241788376,511.72698976465284,1114.4962989135881,0.2108236779201825,1222.4724418139135,473.3961906759389,0.17641328301155185,8.766185275753813,1.0082746956193982,-0.0007035099352918549,-17.18190442328887,59.82219672026872,1.0082749410516059,-0.03997734324953117,2.5277281180669178,2.8721950063747017,4.171103637512639,1|1|1|0.78266029451506225|1|0.54316380213214899|1|1|1,2.7023168767156962|2.7506468532416739|1.1497911932570191|3.8330806109776447|0.54339656016524951|5.5231957436526127|2.5277281180669178|0.89764055364966633|2.3165269204769974
helicopter:19,helicopter,18,19,jet_plane|large_launcher|large_tower|medium_launcher|small_launcher|small_tower|spacecraft|ta-ta|tank,9,1,1,2.5,66.0,9.5,3.5,10.5,1,,1236.7222035048837,518.5013669560418,1122.7814306919631,0.21325998220176878,1247.6269689620262,438.088316074959,0.14063762596236898,8.352240402742641,1.0078200371191581,-0.0009214899395654295,-16.263824801012106,60.071026639738875,1.0078204583965191,-0.052387795184734395,1.8829073101254101,4.337464234656942,5.914397198789364,1|0.6415795994462582|1|1|1|0.27603595550462862|0.78693469527958526|1|1,1.0875770941935234|4.6759591522631112|1.3722827973962095|2.7754464797799492|0.63908913403179846|10.868149384894368|3.812260430170848|0.29138842661583231|1.8829073101254101
helicopter:20,helicopter,19,20,hangar|jet_plane|large_launcher|large_tower|medium_launcher|small_launcher|spacecraft|ta-ta|tank,9,3,1,-1.0,67.0,8.0,5.0,10.63014581273465,1,,1412.3968551873832,603.2661593303147,1277.080583812181,0.223142001186677,1246.6255985476946,400.96472674799674,0.11538965327401295,7.679866546629454,1.0078826909044547,-0.00047832553697620453,-16.355500740976822,59.15098328547242,1.0078828044073993,-0.027191688766788773,2.047858275914402,11.616182736969183,13.023663725600521,0.090292907060833982|1|0.37625673719525404|1|0.7808292986773141|1|0.62545978787359302|1|1,33.225201300056767|1.5743846194550302|7.973279331986455|0.19773020627632004|3.842068671036067|1.3024044809631565|4.7964714003505735|2.0478582759144022|0.87105280593040202
helicopter:21,helicopter,20,21,hangar|jet_plane|large_launcher|large_tower|medium_launcher|medium_plane|small_launcher|spacecraft|ta-ta|tank,10,4,1,-2.25,66.25,5.75,8.0,13.020831616226504,1,,1457.3310794050883,660.3551032470967,1299.1324076534756,0.2583736637495396,1233.7762602736539,473.99487995384527,0.1731525870330762,7.7802800528439295,1.0076375467686205,0.0006430242600761604,-14.759289985979194,57.443329918026166,1.0076377519416801,0.03656331718069804,4.533764091607969,11.729800881204218,14.990401126426642,0.094106801364081449|1|0.45190354455246945|1|0.32079571698101922|0.22876501522738413|1|0.51435220430220951|0.92735862614668896|1,31.878707197722143|1.3023353527024366|6.6385993532568079|0.9259336017760309|9.3517332942603026|13.113922674060483|2.4200877214270147|5.8325589568967136|3.2349692263192247|1.7987230975078026
helicopter:22,helicopter,21,22,hangar|jet_plane|large_launcher|large_tower|medium_launcher|medium_plane|small_launcher|spacecraft|ta-ta|tank,10,4,1,-2.25,65.75,6.25,7.25,10.38924960445494,1,,1470.1376313121164,673.1456727234474,1306.9734344253893,0.26526783704104845,1398.4994592367511,589.5375862174352,0.21610781460628808,8.311120252774558,1.007095368019116,0.0016402639144355551,-12.741652764218088,54.35409466243971,1.00709670377341,0.09331799099590991,5.182853603972081,6.669153410099278,10.29612966539167,0.29633862603558508|1|0.53215986535449022|1|0.33385546412555039|1|0.65721396998742343|0.2531836085946913|0.49033085120567288|0.63447585534566475,10.123575052403998|0.98139355836376829|5.6374141895712606|1.5410606549686001|8.9859227717922092|2.3228146526406435|4.5647097338379554|11.849121182280715|6.11829891750671|4.7282930183729004
helicopter:23,helicopter,22,23,hangar|jet_plane|large_launcher|large_tower|medium_launcher|medium_plane|small_launcher|ta-ta|tank,9,2,1,-1.0,67.5,8.0,7.5,11.335784048754634,1,,1509.7876373439224,609.1926872225495,1381.4278771297154,0.19447014195614407,1401.1931761381027,558.2683680625529,0.18869503014404126,8.238373145326909,1.0074639762342588,0.001295514763711308,-13.698001756649091,56.71210207220906,1.007464809195957,0.0736775597885636,4.376341624484577,4.791095998306755,6.486223960120738,0.6807804656683708|1|0.53031354312808832|1|0.30603032802122299|0.6855109945887321|0.91578259077999702|0.67721691167127895|1,4.4067584882389745|1.0679563004130308|5.6570465499014624|1.0442543813466938|9.8029336009978394|4.376341624484577|3.2758624977298179|4.4298581897704263|2.7081214865049055
helicopter:24,helicopter,23,24,hangar|jet_plane|large_launcher|large_tower|medium_plane|small_launcher|ta-ta|tank,8,1,1,-4.25,69.75,6.0,6.25,11.354063819186797,1,,1437.9243721420123,541.0315176346469,1332.2580068912894,0.1649181494811604,1405.3844989696086,527.3221846854901,0.16385541521863112,7.554237487835668,1.0079437004930996,0.0018220599376407417,-13.391839541417085,55.51708370323013,1.0079453473607285,0.10357347407507402,2.9570862034609435,3.8090988592391564,5.793471259672059,1|1|0.52167713237905378|1|1|1|0.50905180719146592|0.77707863890889295,2.6664735465358418|1.0209492322747624|5.7506833025789907|2.7793533396234298|2.9897868594940404|2.9243855474278471|5.8933098262225529|3.8606131650687763
jammer:1,jammer,0,1,condor|helicopter|large_launcher|mine_roller|small_launcher|small_plane|small_tower|spacecraft|ta-ta|tank,10,1,1,1.0,60.75,3.75,6.25,9.26186708860254,1,,969.8414986481039,550.7289394098553,798.304558296203,0.47592506526847406,836.4564796790247,457.306991248013,0.426334347240972,8.7802900918169,1.0101781712240112,0.0018786995431633571,-18.419193662181442,49.618257049629506,1.0101799181974769,0.10655687656033909,2.64090596874495,6.067052197318701,7.932599518900382,1|1|0.42446610806748741|0.4613139467726422|1|1|1|1|1|0.19088005193340077,1.6530908606510248|0.85379574771651223|7.0677020920011175|6.5031634551753488|1.4651413847404258|2.8842830629772234|2.6090429142339957|0.9775255549788614|2.672769023255904|15.716676360993787
jammer:2,jammer,1,2,condor|helicopter|large_launcher|small_launcher|small_plane|small_tower|spacecraft|ta-ta|tank,9,0,1,1.0,60.0,4.0,4.5,7.905694150420948,1,,939.2988815541563,434.28069578826216,832.8761409444695,0.2718818444460269,898.4619377142784,376.3859503221702,0.21285052230190735,8.725427475619824,1.008924240384094,0.001698379350106882,-15.731960772947104,51.101636321188494,1.0089256698721853,0.09644914153414394,1.4704708350005447,2.6918834424042126,4.559105819985269,1|1|0.54327131464453404|1|0.6947087236704601|1|1|1|1,2.6787528683167534|0.083969362046203672|5.5221027128714981|1.7694440383980081|4.318356596763711|1.4704708350005447|0.67587370495604504|1.1687542073892627|1.3324901545099386
jammer:3,jammer,2,3,condor|helicopter|large_launcher|small_launcher|small_plane|small_tower|spacecraft|ta-ta|tank,9,0,1,1.0,61.0,4.5,4.5,7.5,1,,947.5520735552033,439.7171191103033,839.3472387874406,0.27445011415854886,906.8127477743348,384.9299307786826,0.2197932529115041,8.757037908245914,1.0089084817751381,0.0015769337755858338,-15.87768229848848,51.574335097076414,1.0089097141558043,0.08955378804774546,1.5911275411812873,2.6708652237389487,4.300853729980915,1|1|0.54854237648852322|1|0.74835226793524556|1|1|1|1,2.8969002810356015|0.49694529212790245|5.469039639721295|1.5911275411812873|4.0088072525458198|1.4045049813656902|0.39668046996307493|1.7809224041952099|1.3222754099894141
jammer:4,jammer,3,4,condor|helicopter|jet_plane|large_launcher|small_launcher|small_plane|small_tower|spacecraft|ta-ta|tank,10,1,1,1.5,60.5,3.5,4.75,8.947082354729549,1,,944.7569859492969,495.3999080777945,804.4530400070055,0.3792367786671356,911.7230196947141,392.64044282153,0.2276957816300928,8.924337238915912,1.009313267674524,0.0015763466082108063,-16.554754035529868,51.335549798403235,1.0093144986437352,0.08948454078404774,1.8088600243685433,8.98018725546154,7.883742940521594,1|1|0.11079451271096694|0.52163554769366571|1|0.68868429501211403|1|1|1|1,2.8002109424947066|0.76234276773356635|27.077153250597085|5.7511417949576584|1.4992454368046402|4.3561324422046237|1.6066264135789508|1.6288679766477026|1.1635312178483543|1.9888520720893841
jammer:5,jammer,4,5,condor|helicopter|jet_plane|large_launcher|small_launcher|small_plane|small_tower|spacecraft|ta-ta|tank,10,0,1,1.25,61.25,4.25,4.5,8.021130284281213,1,,955.3663982996262,504.8346060754917,811.0899922379779,0.3874004760527215,923.178773780034,456.7720510234833,0.32416836665200893,9.757754221752085,1.0092548817810907,0.0011978451852421679,-16.963016743556864,52.33385090681861,1.0092555926186642,0.06800209009412787,2.187243931754965,2.84757988331336,4.555493852856304,0.92282132367934266|1|0.82592416803384761|0.616163268807148|1|0.66361647999535944|1|1|1|1,3.2508904257515066|0.50855415121738745|3.6322988833863969|4.8688509737141414|1.2213389317497898|4.5206763949832114|0.89239359399703522|0.99780640152241651|1.9966511444192419|2.3778367190906877
jammer:6,jammer,5,6,condor|helicopter|jet_plane|large_launcher|small_launcher|small_plane|small_tower|spacecraft|ta-ta|tank,10,0,1,1.75,62.0,4.0,5.0,8.767435804970848,1,,964.2206762458477,510.97788969143556,817.6937744330007,0.39050161494270175,925.4722945835267,458.8062957391507,0.32585851636586566,9.705599511398011,1.0094618332942364,0.0014069358283522852,-16.920342527643243,52.0178260243041,1.0094628137510495,0.07985585007256572,1.7817864892581832,2.936161751250534,4.8451459300573285,0.87749714808759949|1|0.86629045468168053|0.57537580215426265|1|0.62445795431292461|1|1|1|1,3.4188105213116096|0.757062347870188|3.4630429243210124|5.2139882259797066|1.4508523012722589|4.8041634527326202|1.2217880308836813|1.2900552137894332|1.5827682925942057|1.9808046859221606
jammer:7,jammer,6,7,condor|helicopter|jet_plane|large_launcher|large_tower|small_launcher|small_plane|small_tower|spacecraft|ta-ta|tank,11,1,1,2.0,61.5,4.5,6.0,8.0,1,,1041.7458863540269,619.929097138719,837.2110882306265,0.5482947642262902,947.2945008745531,494.1321791270694,0.3738005402786094,9.87544751290023,1.0093570984790667,0.0005894212424367856,-17.50964776310616,53.402596463489544,1.0093572705774114,0.03345827334957136,2.843671785087527,7.865423570021366,5.44802208041075,0.61979191262903466|1|1|0.69735709327145201|0.12515478367472113|1|0.55065867625048759|1|1|1|1,4.8403354522698656|1.2677087938220826|2.9393443574347025|4.3019551588711069|23.970317791244923|1.909323475843073|5.44802208041075|1.7913279531230903|1.4054502552921031|2.843671785087527|2.6754550571825551
jammer:8,jammer,7,8,condor|helicopter|jet_plane|large_launcher|large_tower|small_launcher|small_plane|small_tower|spacecraft|ta-ta|tank,11,0,1,2.0,62.5,4.5,6.0,8.246211251235321,1,,1052.9059218017958,631.2675622435349,842.6815205191069,0.5611771857911343,1023.0711682810202,550.6026890010526,0.4077454148804185,10.46748461929336,1.008717704643583,0.0004480590515568012,-16.637300075335588,54.60025634257374,1.0087178041545277,0.025450025136159772,2.5641627139752496,3.385257824435619,5.492016818222085,0.54624741710496483|1|1|1|0.72547045460357251|1|0.44802935076654765|1|1|1|1,5.4920168182220852|1.6300126665990604|2.9705003234564256|2.5641627139752496|4.1352476570225685|1.2057977562859021|6.6959898851108877|1.2738387074207964|1.3413668984194527|1.7369582072964476|2.8305878044232484
jammer:9,jammer,8,9,condor|helicopter|jet_plane|large_launcher|large_tower|small_launcher|small_tower|spacecraft|ta-ta|tank,10,1,1,2.75,60.75,4.75,5.75,9.650129532809391,1,,1050.348462416164,557.7044090425887,890.0548773162568,0.3926219602737963,1037.2142925027151,456.52709789057457,0.24027880181422592,9.171873292489357,1.0076123021360437,3.292572216857746e-05,-14.678734421197987,55.57301853282013,1.0076123026740003,0.0018722527632990854,2.268633213134036,6.685839876700418,5.698147517518493,0.15188998871412332|0.74179922569891232|1|1|1|1|0.72521501111893627|1|1|1,19.751137158062065|4.0442209912942433|2.5899101805939475|1.3257440484698806|1.7688022247431883|0.89440183724270494|4.1367042241247685|2.628996825707107|0.57568709245278249|1.9473562456741251
jammer:10,jammer,9,10,condor|helicopter|jet_plane|large_launcher|large_tower|small_launcher|small_tower|spacecraft|ta-ta|tank,10,1,1,2.5,62.0,5.0,5.5,9.256574397610112,1,,1056.6462664960304,559.6552346887412,896.2629919758431,0.38991524192212834,1040.396030824754,451.9454802942867,0.23259153353021836,9.091047182391312,1.0073812358383103,-0.00014801685922513524,-14.495125823660146,56.50616494588462,1.0073812467125403,-0.008418601585619523,1.8807662458448553,10.075312023236089,7.014386383294088,0.096495171493812718|0.69134644914966648|1|1|1|1|0.86350134521387101|1|1|1,31.089638513291586|4.3393583688499318|2.4656629101333571|1.0924228159885674|1.9236235165939612|0.2732033513627764|3.4742273610639312|1.7419298526607656|0.43947269132806516|1.8379089750957494
jammer:11,jammer,10,11,helicopter|jet_plane|large_launcher|large_tower|small_launcher|small_tower|spacecraft|ta-ta|tank,9,0,1,2.5,63.0,5.5,5.5,9.192388155425117,1,,1029.703007643766,451.49352258902843,925.4414530432316,0.2380154508829487,1033.2474934094223,448.3497743507268,0.23196572291527093,8.989500242885875,1.0081115527653493,0.0002045758936763043,-15.563719926980866,55.99664931228267,1.0081115735226234,0.011627021934943282,2.045357199077719,2.303233345990053,3.01987009201693,0.8925507933572201|1|1|1|1|1|1|1|1,3.3611532501314225|2.9276764894942331|1.2427875938737321|2.752937893570476|0.98114583134411826|2.9345493024883069|1.8540002308677712|1.2478365631766266|2.0453571990777188
jammer:12,jammer,11,12,helicopter|jet_plane|large_launcher|large_tower|small_launcher|small_tower|spacecraft|ta-ta|tank,9,0,1,2.0,63.5,4.5,6.0,9.5524865872714,1,,1038.0837848865785,457.1656188419297,931.9965350758123,0.24061268981037862,1042.3743159968767,453.89408303488904,0.23397403208936168,8.97290888426441,1.0079895898885243,0.0002197680288225028,-15.162317634237297,56.423628306289174,1.007989613846106,0.012491974570206682,2.1358124556526867,2.39002098155493,3.1308033719753396,0.99735196813467242|1|1|1|1|0.82823597591096865|1|1|1,3.0079651876699209|2.8898097347907865|1.2786016496128327|2.7754806253733642|0.98573079813757869|3.6221561091970145|2.1215103561279762|1.2323358933522097|2.1358124556526867
jammer:13,jammer,12,13,helicopter|jet_plane|large_launcher|large_tower|small_launcher|small_tower|spacecraft|ta-ta|tank,9,0,1,2.5,65.0,6.0,5.0,8.73212459828649,1,,1046.4136312445098,462.9151288708488,938.4514218204405,0.24332075521757296,1052.05646235818,457.67402908703576,0.2334248808676818,8.973217099400678,1.0082141909104751,0.00030355329252468245,-15.748215955997694,56.15849282198337,1.0082142366074116,0.01725062209025684,2.1502027627488767,2.3490696432196496,3.082286837135264,0.82945321637619462|1|1|1|1|1|1|1|1,3.6168405170656386|2.788134537717081|1.0454920880165945|2.9486484171526701|1.4480943121106908|2.6633628757634495|1.7249754045804775|1.4936371600162262|2.1502027627488767
jammer:14,jammer,13,14,helicopter|jet_plane|large_launcher|large_tower|small_launcher|small_tower|spacecraft|ta-ta|tank,9,0,1,2.0,66.0,5.0,6.0,10.062305898749054,1,,1055.0562415527934,468.74030641549894,945.2122502279635,0.24592683240654858,1064.6113444747766,460.79387557729154,0.23052736962159717,8.966280960353162,1.0083070023155363,9.147425596861287e-05,-16.01510729533493,57.34230176339838,1.0083070064648378,0.005197909738488859,2.585781532428187,2.5536505093999167,3.3709519377686816,0.81943749135898847|0.96973242975086871|1|1|1|0.90952419579928967|1|1|1,3.6610480138060097|3.0936368711709141|1.9302400765126881|2.7616444073697886|0.86188194512760663|3.2984279187593497|2.2171407553584968|1.0674097603666832|2.5857815324281872
jammer:15,jammer,14,15,helicopter|jet_plane|large_launcher|large_tower|medium_launcher|small_launcher|small_tower|spacecraft|ta-ta|tank,10,1,1,2.5,66.25,7.0,6.25,10.304587338775164,1,,1165.553499415621,533.8458816741946,1036.1098081861312,0.26547291809630436,1095.3724086560348,482.08253409139087,0.24022601481118755,9.249060323325505,1.0085048240277645,-0.00024903125525652233,-17.105771570180877,57.80897909765099,1.0085048547745512,-0.0141481123967782,2.3371070981580973,6.384270773169034,5.301692288121991,0.8500012833826428|1|1|1|0.16018347961037208|1|0.78743832259380886|1|1|1,3.5294064356304471|2.3372188075677602|2.3369953887484338|2.1740156469499925|18.728523111880762|0.45597106505473251|3.8098221965932444|1.9882845540490064|1.7360856602863575|2.6522515731119753
jammer:16,jammer,15,16,helicopter|jet_plane|large_launcher|large_tower|medium_launcher|small_launcher|small_tower|spacecraft|ta-ta|tank,10,0,1,3.0,67.25,7.5,6.5,10.78472765433725,1,,1176.6256350258566,542.561339721237,1044.0666059403952,0.27004819521004486,1170.7760641109965,505.31081529974745,0.2289260842379489,9.692849013418956,1.0084126390307235,-0.0004899167597090762,-17.101926898119928,58.64781505726023,1.0084127580387605,-0.027835986330521412,2.2061908829831594,3.0147570802302566,4.639332684162176,0.63562885398881486|1|1|1|0.67146547756528041|1|0.64789232387081597|1|1|0.99053448471468319,4.7197353976586074|2.5802564588229391|1.7747870383666042|1.3857415448844845|4.4678395338621666|0.95962885414069743|4.63039904932924|1.8321253071433796|1.4252167971457452|3.0286678913328728
jammer:17,jammer,16,17,helicopter|jet_plane|large_launcher|large_tower|medium_launcher|small_launcher|small_tower|spacecraft|ta-ta|tank,10,0,1,2.75,67.75,7.0,6.5,10.706204693233602,1,,1186.7567916384553,549.7042173825272,1051.7684896838578,0.27316045464563954,1172.4112340427744,514.0423109001321,0.23798743553714152,9.714831735776057,1.0082323574358807,-0.00042095958332975374,-16.696113589577635,58.98979355840538,1.0082324453159026,-0.023922269396504752,2.3090292514098127,3.0620947114046575,4.464490060572326,0.6782803904430772|1|1|1|0.62004558740644844|1|0.6919196786153714|1|1|0.97101131928371498,4.4229496306595015|2.4554121823716559|2.1280937875557644|1.9436631389577095|4.8383539297877478|0.79113184153380778|4.3357633751416467|2.1626463204479696|1.6760851313417149|3.0895623263505123
jammer:18,jammer,17,18,helicopter|jet_plane|large_launcher|large_tower|medium_launcher|small_launcher|small_tower|spacecraft|ta-ta|tank,10,1,1,3.0,67.25,7.25,5.25,11.066989079288792,1,,1196.7397377876277,556.8755385500187,1059.2807156578592,0.2763720696561587,1230.6611776132572,477.7425938976417,0.17743912545327203,8.95257237340554,1.0080296720061015,-0.0008491050399154836,-16.797081486655316,59.910631553148505,1.0080300296241662,-0.048262590869217276,2.6662297250941123,8.916871803554121,8.363685692176304,0.11225253999782468|1|0.88036891137703221|1|0.94748595545021663|1|0.47442033254390958|0.98465751376811605|1|1,26.725466169772915|2.2857172562839039|3.4076325217018706|0.66849828081823448|3.1663068105240018|0.59893649927614956|6.3234878613322447|3.0467421939043211|0.54374860936027281|1.9034468369690287
jammer:19,jammer,18,19,jet_plane|large_launcher|large_tower|medium_launcher|small_launcher|small_tower|spacecraft|ta-ta|tank,9,1,1,2.5,66.0,9.5,3.5,10.5,1,,1236.7222035048837,518.5013669560418,1122.7814306919631,0.21325998220176878,1247.6269689620262,438.088316074959,0.14063762596236898,8.352240402742641,1.0078200371191581,-0.0009214899395654295,-16.263824801012106,60.071026639738875,1.0078204583965191,-0.052387795184734395,1.8829073101254101,4.337464234656942,5.914397198789364,1|0.6415795994462582|1|1|1|0.27603595550462862|0.78693469527958526|1|1,1.0875770941935234|4.6759591522631112|1.3722827973962095|2.7754464797799492|0.63908913403179846|10.868149384894368|3.812260430170848|0.29138842661583231|1.8829073101254101
jammer:20,jammer,19,20,hangar|jet_plane|large_launcher|large_tower|medium_launcher|small_launcher|spacecraft|ta-ta|tank,9,3,1,-1.0,67.0,8.0,5.0,10.63014581273465,1,,1412.3968551873832,603.2661593303147,1277.080583812181,0.223142001186677,1246.6255985476946,400.96472674799674,0.11538965327401295,7.679866546629454,1.0078826909044547,-0.00047832553697620453,-16.355500740976822,59.15098328547242,1.0078828044073993,-0.027191688766788773,2.047858275914402,11.616182736969183,13.023663725600521,0.090292907060833982|1|0.37625673719525404|1|0.7808292986773141|1|0.62545978787359302|1|1,33.225201300056767|1.5743846194550302|7.973279331986455|0.19773020627632004|3.842068671036067|1.3024044809631565|4.7964714003505735|2.0478582759144022|0.87105280593040202
jammer:21,jammer,20,21,hangar|jet_plane|large_launcher|large_tower|medium_launcher|medium_plane|small_launcher|spacecraft|ta-ta|tank,10,4,1,-2.25,66.25,5.75,8.0,13.020831616226504,1,,1457.3310794050883,660.3551032470967,1299.1324076534756,0.2583736637495396,1233.7762602736539,473.99487995384527,0.1731525870330762,7.7802800528439295,1.0076375467686205,0.0006430242600761604,-14.759289985979194,57.443329918026166,1.0076377519416801,0.03656331718069804,4.533764091607969,11.729800881204218,14.990401126426642,0.094106801364081449|1|0.45190354455246945|1|0.32079571698101922|0.22876501522738413|1|0.51435220430220951|0.92735862614668896|1,31.878707197722143|1.3023353527024366|6.6385993532568079|0.9259336017760309|9.3517332942603026|13.113922674060483|2.4200877214270147|5.8325589568967136|3.2349692263192247|1.7987230975078026
jammer:22,jammer,21,22,hangar|jet_plane|large_launcher|large_tower|medium_launcher|medium_plane|small_launcher|spacecraft|ta-ta|tank,10,4,1,-2.25,65.75,6.25,7.25,10.38924960445494,1,,1470.1376313121164,673.1456727234474,1306.9734344253893,0.26526783704104845,1398.4994592367511,589.5375862174352,0.21610781460628808,8.311120252774558,1.007095368019116,0.0016402639144355551,-12.741652764218088,54.35409466243971,1.00709670377341,0.09331799099590991,5.182853603972081,6.669153410099278,10.29612966539167,0.29633862603558508|1|0.53215986535449022|1|0.33385546412555039|1|0.65721396998742343|0.2531836085946913|0.49033085120567288|0.63447585534566475,10.123575052403998|0.98139355836376829|5.6374141895712606|1.5410606549686001|8.9859227717922092|2.3228146526406435|4.5647097338379554|11.849121182280715|6.11829891750671|4.7282930183729004
jammer:23,jammer,22,23,hangar|jet_plane|large_launcher|large_tower|medium_launcher|medium_plane|small_launcher|ta-ta|tank,9,2,1,-1.0,67.5,8.0,7.5,11.335784048754634,1,,1509.7876373439224,609.1926872225495,1381.4278771297154,0.19447014195614407,1401.1931761381027,558.2683680625529,0.18869503014404126,8.238373145326909,1.0074639762342588,0.001295514763711308,-13.698001756649091,56.71210207220906,1.007464809195957,0.0736775597885636,4.376341624484577,4.791095998306755,6.486223960120738,0.6807804656683708|1|0.53031354312808832|1|0.30603032802122299|0.6855109945887321|0.91578259077999702|0.67721691167127895|1,4.4067584882389745|1.0679563004130308|5.6570465499014624|1.0442543813466938|9.8029336009978394|4.376341624484577|3.2758624977298179|4.4298581897704263|2.7081214865049055
jammer:24,jammer,23,24,hangar|jet_plane|large_launcher|large_tower|medium_plane|small_launcher|ta-ta|tank,8,1,1,-4.25,69.75,6.0,6.25,11.354063819186797,1,,1437.9243721420123,541.0315176346469,1332.2580068912894,0.1649181494811604,1405.3844989696086,527.3221846854901,0.16385541521863112,7.554237487835668,1.0079437004930996,0.0018220599376407417,-13.391839541417085,55.51708370323013,1.0079453473607285,0.10357347407507402,2.9570862034609435,3.8090988592391564,5.793471259672059,1|1|0.52167713237905378|1|1|1|0.50905180719146592|0.77707863890889295,2.6664735465358418|1.0209492322747624|5.7506833025789907|2.7793533396234298|2.9897868594940404|2.9243855474278471|5.8933098262225529|3.8606131650687763
jet_plane:1,jet_plane,0,1,condor|helicopter|jammer|large_launcher|mine_roller|small_launcher|small_plane|small_tower|spacecraft|ta-ta|tank,11,1,1,1.0,62.0,4.0,7.0,9.219544457292887,1,,946.3932031884646,556.7028362143444,765.3378647317975,0.529103296126165,819.9971555097516,480.0120375288554,0.5213122453518868,9.805214078783514,1.0101146889956858,0.001507149039043681,-18.364202718359365,50.69270857564766,1.0101158133714554,0.08548852510940405,2.603134610159145,5.964055024804193,6.930658546294314,1|1|1|0.43285929899488923|0.49609074007688436|1|1|1|1|1|0.18250431595781111,1.9080931108066759|1.1479620056543294|2.6103542495541552|6.930658546294314|6.0472807849245704|1.8493857630088544|2.4722747477944647|2.8031959614276438|0.7210388872429101|2.6031346101591448|16.437967421612161
jet_plane:2,jet_plane,1,2,condor|helicopter|jammer|large_launcher|small_launcher|small_plane|small_tower|spacecraft|ta-ta|tank,10,0,1,0.25,61.5,4.0,6.25,8.014029794756947,1,,923.1884504260222,467.42791098800296,796.1080724558643,0.34473488018419196,877.7073867708956,425.1894791578326,0.30663322447619,9.751836685521278,1.0091063593721739,0.0014288404137079759,-16.11877265437579,51.84080123516617,1.0091073709523137,0.08112769266728992,1.961658442533749,2.718228966557935,3.9533207434557234,1|1|1|0.52409304668648682|1|0.7986031416255811|1|1|1|1,2.3944147915837912|0.48732510130216017|2.6675486611162054|5.724174398507456|2.0758298876954528|3.7565592262277536|1.8474869973720451|0.78110215562267182|1.574811048539885|1.7637531656934637
jet_plane:3,jet_plane,2,3,condor|helicopter|jammer|large_launcher|small_launcher|small_plane|small_tower|spacecraft|ta-ta|tank,10,0,1,0.0,62.0,4.0,5.75,7.988519059488391,1,,931.3831220287385,473.3274013692366,802.1444328255639,0.3481914851496681,886.182521954865,431.36807442527254,0.3105234808159935,9.777989897085897,1.0091300835647588,0.0012834561129296015,-16.369481680301533,52.37213485951668,1.009130899742452,0.07287125813430101,2.020564000444119,2.7741615120919882,3.576977214521824,1|1|0.93614191685659698|0.5251393720761387|1|0.89829315217890382|1|1|1|1,2.6496511341731477|0.76727525621621595|3.2046423129073922|5.7127691471296664|1.9205858180306419|3.3396669997876205|1.8088045830101533|0.48561575952579622|2.1205421828575965|1.8969906244991355
jet_plane:4,jet_plane,3,4,condor|helicopter|jammer|large_launcher|small_launcher|small_plane|small_tower|spacecraft|ta-ta|tank,10,0,1,0.0,63.5,4.0,6.75,8.46182510858941,1,,939.6534161593838,479.360121971981,808.1846422464408,0.35180549419427504,891.2482451547834,430.7115078270031,0.3047126174970928,9.731336801193184,1.0091710409765138,0.0014247975924938448,-16.173999246015,52.516349322628,1.0091720467758707,0.08089296180151377,2.172272557172456,2.8961851570134214,3.905345377724417,1|1|0.94063215926656762|0.49435664326197953|1|0.81855486975308978|1|1|1|1,2.2881570594879888|0.86436174905148477|3.1893444950662446|6.0684933477250498|2.3648352650274669|3.6649956032799031|1.8462355444576928|1.3057369441440019|1.5908066405096644|2.0563880548569231
jet_plane:5,jet_plane,4,5,condor|helicopter|jammer|large_launcher|small_launcher|small_plane|small_tower|spacecraft|ta-ta|tank,10,0,1,0.0,64.25,4.25,6.25,8.133650150358552,1,,948.0288893277461,485.4627125470692,814.3001471978508,0.35542070976477874,900.7404358307516,437.0009342590903,0.30783534420904884,9.74362253790532,1.0093358542247948,0.0013186048647714703,-16.543268970057852,52.77696162180746,1.0093367155426802,0.07485164655539017,2.194477970773005,2.8471162658922866,3.8527824383286067,1|1|0.92931286039768923|0.50416884495343095|1|0.8287944843293833|1|1|1|1,2.380778376651203|1.0444239027280073|3.228191631703953|5.9503875160025714|2.0081775648948077|3.6197152074759447|1.6173049287471362|0.41610583775060156|1.6754177659240559|2.3963495654116995
jet_plane:6,jet_plane,5,6,condor|helicopter|jammer|large_launcher|small_launcher|small_plane|small_tower|spacecraft|ta-ta|tank,10,0,1,0.0,64.75,4.5,6.5,8.583768700714602,1,,956.6582997601599,491.7391016806224,820.6020706641767,0.3590907929541081,906.4916335241104,440.72224181770605,0.3095440387032105,9.70218387300362,1.0095018752412022,0.0015163622471184976,-16.500952609993874,52.52037637457306,1.0095030140965247,0.08606332861903207,2.0582943544110606,2.877277288193466,4.172490558482912,1|1|1|0.48932007557244483|1|0.75855589338824381|1|1|1|1,2.5324273501795136|0.51826230171821064|2.6435864420829764|6.1309563002124694|2.2646749822496646|3.9548832538462957|1.8519137265724561|1.2917796482961734|1.6289575279292707|1.7339698201934095
jet_plane:7,jet_plane,6,7,condor|helicopter|jammer|large_launcher|large_tower|small_launcher|small_plane|small_tower|spacecraft|ta-ta|tank,11,1,1,1.0,65.0,4.5,7.0,10.307764064044152,1,,1055.93146182227,613.5340677008788,859.3993250151698,0.5096679791803674,939.9600627090191,481.05593595378696,0.35487076706408727,9.952485228641416,1.0095534343644383,0.0007269516199161608,-17.39732070587388,53.812106995475006,1.0095536960933233,0.04125710548330879,2.839432587613312,8.12741572035808,5.336209575113027,0.78617682583757897|1|0.80775641627189987|0.56219690951495171|0.12003870641185313|1|0.68886513211166445|1|1|1|1,3.8159347082599502|0.72327209549685434|3.7139906249825927|5.3362095751130267|24.991939271432084|2.5961986050031318|4.354988240565449|1.7810910079212647|0.62471149421586536|2.8394325876133122|2.7059720295689877
jet_plane:8,jet_plane,7,8,condor|helicopter|jammer|large_launcher|large_tower|small_launcher|small_plane|small_tower|spacecraft|ta-ta|tank,11,0,1,1.5,65.0,5.0,5.0,10.793516572461451,1,,1067.352898878249,624.9689852227457,865.2490845146576,0.521716574549436,1031.5393423278254,565.4449949462414,0.42954259425691393,10.60276268923131,1.0088921384548997,0.00031766677608879694,-16.951165708734607,55.588074348935834,1.0088921884662807,0.01804054592773559,3.227447916306324,3.3622412131892294,4.707582648397368,0.66335397919918093|1|0.78449313317522396|0.92951181357541934|0.63726231425898883|1|0.53739882407462125|1|1|1|0.84490145697582897,4.5225104024131753|0.91630288352461331|3.8241323850491149|3.2274479163063239|4.7075826483973682|1.9080711274084714|5.5824695823828874|0.99490579806363622|1.4164233453640531|2.3341746231455498|3.5507331072028006
jet_plane:9,jet_plane,8,9,condor|helicopter|jammer|large_launcher|large_tower|small_launcher|small_tower|spacecraft|ta-ta|tank,10,1,1,1.0,62.5,5.25,6.5,9.569053277159133,1,,1082.707297703308,581.4967208563193,913.2998719661292,0.40538506680124936,1068.2294227078276,495.5217065986527,0.2741730079625668,9.12254538087573,1.0079013659400986,-0.00010672793437136999,-15.42985583206928,56.59701857276252,1.0079013715908758,-0.00606712162461361,2.658446555512352,7.126284619319643,6.6188766662189416,0.14299340453901702|1|0.59722914251005499|1|1|1|0.97064397985757001|1|1|0.97879055963079531,20.979988648670169|2.9296744508751575|5.023197557057701|1.255138820084218|2.3872186601495469|1.8764352743166268|3.0907315551681211|1.5065913834021758|1.3608788815336037|3.0650071404877304
jet_plane:10,jet_plane,9,10,condor|helicopter|jammer|large_launcher|large_tower|small_launcher|small_tower|spacecraft|ta-ta|tank,10,1,1,1.0,63.0,5.25,5.75,8.9554522368147,1,,1089.7848560610485,584.4368645255955,919.8176905688924,0.403712027572053,1078.949582946671,486.2082931422301,0.2548128894894264,8.912083216782902,1.007647909273543,-0.00028472776436310604,-15.189231370378366,57.42648825268225,1.0076479495008375,-0.016189880040320088,2.515678703594914,10.544188345906344,8.929473200933582,0.093216354921431113|0.89992153762871341|0.47275910904427665|1|1|1|1|1|1|1,32.18319363087884|3.3336239600354132|6.3457264864952316|0.8819361634223658|2.4704095291723656|0.71789233175058509|2.5609478780174633|0.73371237477188378|1.4706320249077081|2.8291664204917364
jet_plane:11,jet_plane,10,11,helicopter|jammer|large_launcher|large_tower|small_launcher|small_tower|spacecraft|ta-ta|tank,9,0,1,-1.0,65.0,5.0,6.0,8.845903006477066,1,,1082.678628377636,511.635440994614,954.1604623248261,0.2875268506976217,1077.867938548907,483.7111874713794,0.2521780213977416,8.801088375246028,1.0082444608784038,-4.6235483695763495e-06,-15.978209176730616,57.113230120695334,1.0082444608890049,-0.00026274362838419745,2.199977346908635,2.7985529189699148,3.5955662627608187,1|0.54467712446235605|1|0.9623109997269832|1|1|1|1|1,2.5222457875000939|5.5078501836370588|1.5931825399436899|3.1174952825417583|1.8211604862479081|2.1999773469086348|0.93187857853144418|1.9045947656597582|2.9798550824133665
jet_plane:12,jet_plane,11,12,helicopter|jammer|large_launcher|large_tower|small_launcher|small_tower|spacecraft|ta-ta|tank,9,1,1,-0.5,66.0,5.5,6.0,7.826237921249264,1,,1091.8143892135822,518.2938933653479,960.952704660337,0.29090297113664515,1084.4736198320347,514.872177561727,0.2909949114876314,8.976721736013147,1.0076771903372594,0.00044718563666593775,-14.11482888024102,56.550844034992,1.0076772895629766,0.025426642781572705,1.8034146013232197,2.1873274678669623,3.369007663938312,1|1|1|0.86729861938644459|1|0.89645750676028912|1|1|1,2.8646489043549903|1.1442381207734271|1.0456836849006892|3.4590162382348693|1.1031234191944421|3.3465055203641731|1.981510397780937|0.94403547660639053|1.8034146013232197
jet_plane:13,jet_plane,12,13,helicopter|large_launcher|large_tower|small_launcher|small_tower|spacecraft|ta-ta|tank,8,0,1,1.0,66.0,6.0,5.0,8.667224932664558,1,,1089.837973551,444.86144224388585,994.9095967968345,0.19993199101153966,1086.2507866160656,436.3600509784661,0.19242464983795748,7.9855464108351,1.0080649128494694,0.000398206362678005,-15.273439881023023,56.5435884086653,1.0080649914993158,0.022633009520678177,2.0504375480663315,2.2434996947309247,3.2969096154515443,0.91749542007540119|1|0.89279527392818292|1|1|1|1|1,3.2697710891055989|0.8519540243081779|3.3602328435920832|1.8345545128443908|2.2663205832882722|1.3970160263373892|1.2642792771291449|2.3465034687734523
jet_plane:14,jet_plane,13,14,helicopter|large_launcher|large_tower|small_launcher|small_tower|spacecraft|ta-ta|tank,8,0,1,1.25,67.0,6.5,5.25,9.422908631071028,1,,1098.6374195736735,450.3776566895507,1002.0799100083432,0.20199888080511122,1090.4283310279905,438.7470011368607,0.19316825629059592,7.9760364746464045,1.0081599221713402,0.0002705966385279551,-15.366367522761266,57.64858687717356,1.0081599584862828,0.015378557136423944,2.252351489756802,2.424562471962224,3.311401979070985,0.93610628325483303|1|0.84264379250741095|1|1|1|1|1,3.2047643016683498|1.8847903827335726|3.5602232263438016|1.3014071632385944|2.7595933025407247|1.8304329887888671|1.0032169580506081|2.6199125967800319
jet_plane:15,jet_plane,14,15,helicopter|large_launcher|large_tower|medium_launcher|small_launcher|small_tower|spacecraft|ta-ta|tank,9,1,1,2.5,66.5,8.5,6.0,10.124228365658293,1,,1217.8718916390362,538.9558274719456,1092.125707269303,0.2435348311782963,1138.600941984621,476.25714180210224,0.21206312901712693,8.277306904587427,1.0083924350594884,-0.0002103502327792848,-16.853901850386137,58.23515100832947,1.0083924569989726,-0.011951875047857198,2.373601048177784,6.810931480345762,6.625508934699079,0.93390212631677472|1|1|0.15574113232766815|1|0.86550045671019571|1|1|1,3.2123280529799523|1.8856632252306007|2.3736010481777838|19.262733969584417|0.81800644494123231|3.4662026759777418|1.7078656035830284|1.839245113958434|2.8202989890790828
jet_plane:16,jet_plane,15,16,helicopter|large_launcher|large_tower|medium_launcher|small_launcher|small_tower|spacecraft|ta-ta|tank,9,0,1,3.5,68.0,8.0,5.5,10.111874208078342,1,,1229.4250287165005,548.0642329020319,1100.505110323471,0.24801548323189349,1216.7218552850652,512.2316036673035,0.21541426000498903,8.74649793940047,1.0083521200089614,-0.0004980274483023069,-17.01697376353104,59.18871444531305,1.0083522429974092,-0.028298515947859593,1.5688466080391243,3.0171049975698434,4.417640279102876,0.69516572647055752|1|1|0.62161600565790021|1|0.71073160738306562|1|1|0.88441031251958102,4.3155177072816322|1.3864971641456545|1.5688466080391243|4.8261305663878522|1.3693854520827702|4.2210026533900251|1.4036792328245189|1.5680386236931734|3.3920906938739277
jet_plane:17,jet_plane,16,17,helicopter|large_launcher|large_tower|medium_launcher|small_launcher|small_tower|spacecraft|ta-ta|tank,9,0,1,3.5,68.0,7.5,6.5,10.307764064044152,1,,1239.8894937816528,555.238799480298,1108.618885073586,0.25083900431194717,1218.0975293176846,519.0756632929782,0.22188475038706224,8.742317601504022,1.0081576784304178,-0.00037000192291941083,-16.432448716105228,59.38844649385578,1.0081577463272464,-0.021028007916568038,2.2732253196978784,3.1086104768205973,4.314286108382072,0.73957501808026882|1|1|0.5611781483311955|1|0.76135634652297302|1|1|0.92308927876335078,4.056383640927459|1.6678629418097293|2.2732253196978784|5.3458959782005255|1.0974925995253446|3.9403362381064553|1.8119791947077717|1.8473587247596392|3.2499564820378191
jet_plane:18,jet_plane,17,18,helicopter|large_launcher|large_tower|medium_launcher|small_launcher|small_tower|spacecraft|ta-ta|tank,9,1,1,3.5,69.0,8.0,7.0,10.63014581273465,1,,1250.2036722959272,562.459872866791,1116.5339733464878,0.2537693717454832,1292.2917199163335,491.19070560866237,0.1688667577851388,7.963615095255716,1.0079545921377124,-0.0007419189689622863,-16.547706809869396,60.21784646183664,1.0079548651875534,-0.04217334621704713,2.7203386823283724,9.460050671691812,10.11722072339513,0.11059845701194287|1|1|0.78717317077208238|1|0.51148821122774524|1|1|1,27.125152393887173|2.7835172537372044|0.78056198704054269|3.8111055231498621|0.43072967583753802|5.8652378057721144|2.7203386823283724|0.53044388024982037|2.1234899464245927
jet_plane:19,jet_plane,18,19,large_launcher|large_tower|medium_launcher|small_launcher|small_tower|spacecraft|ta-ta|tank,8,1,1,2.75,67.75,9.5,4.5,10.535573495573574,1,,1303.4273435231248,529.815940846415,1190.8895451169174,0.19792792733696182,1332.2189130173867,458.25233935847933,0.1341983593442211,7.383175808140184,1.0078115354108437,-0.0009180097560929476,-16.28353310114926,60.2833384660039,1.0078119535156718,-0.05219038300365426,2.5242907282214926,4.611650117873065,6.442502772658426,0.67270327741813829|1|1|1|0.27102149602010955|0.83173530783363359|1|1,4.4596185274829541|1.1495550638398468|2.9852700376842529|0.44677575410770792|11.069232678067866|3.606916733310229|0.14966641770050101|2.0633114187587318
jet_plane:20,jet_plane,19,20,hangar|large_launcher|large_tower|medium_launcher|small_launcher|spacecraft|ta-ta|tank,8,3,1,-2.25,68.75,7.75,5.25,10.232912659380037,1,,1495.2534876025202,637.4522629515021,1352.567042569613,0.22211492018648465,1338.7412354743274,429.01857064098374,0.11445108477831209,6.722605316158648,1.007825601903703,-0.0004498796163583615,-16.38617300210808,59.42492604037284,1.0078257023137633,-0.02557605358064677,3.0224929293876386,12.372844159822835,15.35996025528297,0.089527454872850076|0.39569053573537788|1|0.73678636372377937|1|0.65204780075781188|1|1,33.509274057485875|7.5816829114817326|0.2259718253734557|4.0717359556206718|1.2070786929863206|4.6008896509620323|1.9732499031546051|1.0935174924520135
jet_plane:21,jet_plane,20,21,hangar|large_launcher|large_tower|medium_launcher|medium_plane|small_launcher|spacecraft|ta-ta|tank,9,4,1,-3.5,67.5,4.5,8.5,13.509256086106296,1,,1531.4284766231642,695.5583985480328,1364.3576119264485,0.2599026821371593,1326.1143146770626,504.0654125678661,0.16888162647384028,6.81142293809499,1.0075885596186624,0.0006557884603667937,-14.64072202267198,57.809846759972515,1.0075887730284194,0.03729092134702518,5.547972228670961,12.47742830632028,17.225556657435373,0.093052138396935921|0.46781366122805756|1|0.3148633582990672|0.22268494092718799|1|0.54073810229244934|1|1,32.239989971544688|6.4128097858838471|1.2983542770140024|9.5279425195880201|13.471948328908042|2.1373531569190778|5.547972228670961|2.935697921621014|1.6454393402813914
jet_plane:22,jet_plane,21,22,hangar|large_launcher|large_tower|medium_launcher|medium_plane|small_launcher|spacecraft|ta-ta|tank,9,4,1,-3.5,65.5,5.0,7.5,12.5,1,,1544.8915320109086,709.0472020146824,1372.5676343969947,0.26685957340348576,1534.2497964305308,646.2099984663727,0.21565862610873152,7.459785520874401,1.0070399695410024,0.0016820751114925182,-12.804145137694604,54.064076912373935,1.0070413743386235,0.09570197608791133,5.504821232977168,6.95299363848945,10.184992252489717,0.30481541485693031|0.54497837615757916|1|0.34631092976968303|1|0.60869572320538912|0.25959020667830635|0.46207967457535082|0.59056538300013484,9.8420644378095918|5.504821232977168|1.6937035136445295|8.6627375155309281|2.0525324884884268|4.9285410334873232|11.556703511210216|6.4923479198660017|5.0798384696804932
jet_plane:23,jet_plane,22,23,hangar|large_launcher|large_tower|medium_launcher|medium_plane|small_launcher|ta-ta|tank,8,2,1,-4.25,68.75,5.75,7.75,14.53871846866475,1,,1597.2078151222213,646.0167504028457,1460.7310371476494,0.19559017869700934,1495.3734176185742,601.2548394001819,0.19284155127657374,7.2505046439678855,1.0074091214456715,0.0012638300654573826,-13.754325041060383,57.13887090753906,1.0074099142049249,0.0718795266413353,4.467367305094914,5.065150798870692,6.7026346454517824,0.6220004250298441|0.55720950151906923|1|0.30676924293802582|0.62748166821055373|0.97312369308018398|0.72225173505260498|1,4.8235267225887659|5.3840825754780042|1.3848571643230223|9.7792561420572675|4.7813473978007197|3.0826568468085247|4.1533872123891085|2.4134838164154711
jet_plane:24,jet_plane,23,24,hangar|large_launcher|large_tower|medium_plane|small_launcher|ta-ta|tank,7,1,1,-7.0,71.5,4.5,5.5,16.32482771731451,1,,1522.0571404436532,575.1414318956286,1409.209094525208,0.16657063219663157,1499.2607160319178,570.1955614336825,0.16910063466381844,6.630515004188725,1.0079026655549104,0.001860570634777,-13.369632860449428,55.74439372556185,1.0079043828438194,0.10576688346370934,3.2333046008276414,4.0058678872051425,5.592751867525752,1|0.54614743239295671|0.98747906793017937|0.92783584608062086|1|0.52243492183274287|0.81376193730369262,2.8900713674523142|5.4930076207585206|3.0380374182619829|3.2333046008276414|2.7483435934113185|5.7423682376766001|3.6866084680225577
large_launcher:1,large_launcher,0,1,condor|helicopter|jammer|mine_roller|small_launcher|small_plane|small_tower|spacecraft|ta-ta|tank,10,1,1,0.0,62.25,3.0,7.75,8.5586712731008,1,,842.6075064939785,393.2459181844883,745.2147729555813,0.2784617419171394,765.6964671524377,383.42584095254324,0.33467677376918964,9.167461755039898,1.0111156248372763,0.0023373795959533085,-19.048153580211874,48.37610660157213,1.0111183264749242,0.1324494885894073,2.304646623507936,5.401699918416138,5.943811103923263,1|1|1|0.605822914703666|1|1|0.70566573496345786|1|1|0.20173991143258185,2.0220231492504457|2.1304377582915115|2.6620783264367671|4.9519421058996151|1.8347027321513119|1.6122783594754562|4.2513046210461489|0.47780331928476194|2.4788554887243608|14.870632086136126
large_launcher:2,large_launcher,1,2,condor|helicopter|jammer|small_launcher|small_plane|small_tower|spacecraft|ta-ta|tank,9,0,1,-0.5,63.0,3.5,7.5,8.0,1,,803.742906963307,333.42228699220345,731.3222538872421,0.20786035947381754,803.742906963307,333.42228699220345,0.20786035947381754,9.0,1.0097501939539273,0.0021471646463711953,-16.41883984281253,50.261447906547005,1.0097524768506452,0.12183536826075135,1.3163310223350126,1.9509441983988869,2.903392277562383,1|1|1|1|1|1|1|1|1,1.1714432248339757|1.3163310223350126|2.523573229246614|2.1799485023407157|2.894558231626168|2.9387284613072429|0.64402357116978004|1.0860597306216084|1.1921245981547366
large_launcher:3,large_launcher,2,3,condor|helicopter|jammer|small_launcher|small_plane|small_tower|spacecraft|ta-ta|tank,9,0,1,-1.0,63.0,3.5,7.0,7.280109889280518,1,,811.5837359717278,337.0633553234872,738.2793881667696,0.2084402532277428,812.0491529640466,336.1979060288805,0.20686330303935987,8.999562969193812,1.0097061628877042,0.0019852332665235895,-16.5200307946036,50.81806500713367,1.0097081145185145,0.11265192303620283,1.7223614718293143,2.058329401233401,2.9494353707658507,1|1|0.97788055909544569|1|1|1|1|1|1,1.6264185955027506|1.4337937812362358|3.0678593332246247|2.1265309609617717|2.5725599066016103|2.9198293801511572|0.36837266266272767|1.7223614718293143|1.1179834095630119
large_launcher:4,large_launcher,3,4,condor|helicopter|jammer|jet_plane|small_launcher|small_plane|small_tower|spacecraft|ta-ta|tank,10,1,1,0.0,63.5,2.75,7.25,8.46182510858941,1,,838.1048860375413,437.8708519321021,714.6250184735035,0.3754357625135947,823.0048994060801,354.83253876737996,0.22832620158355085,9.209786820523389,1.0102353780011597,0.0018683318898914955,-17.467272760729884,50.62368333079485,1.0102371056485684,0.10596284025214898,2.045452260874703,8.832112215435819,5.490497117026276,1|1|0.97277252372927214|0.11050027780105158|1|1|1|1|1|1,1.6438924755695485|1.5861750203174714|3.083968684167989|27.14925301275094|1.9629251825656973|2.7895410626441506|2.9918577319343025|1.2890288259391842|1.2145812101871223|2.127979339183709
large_launcher:5,large_launcher,4,5,condor|helicopter|jammer|jet_plane|small_launcher|small_plane|small_tower|spacecraft|ta-ta|tank,10,0,1,0.0,64.25,3.0,7.25,8.133650150358552,1,,849.0862220646382,445.6197686603131,722.7519867002297,0.3801458987526871,844.4431669764708,419.59976654789733,0.32785346231467793,9.896619269145255,1.010102056416134,0.001528126370708139,-17.714861088050384,51.67050450203192,1.0101032123235267,0.08667948377338527,2.158560793525532,2.486464735865499,3.2334240317067917,1|1|0.9693362844822655|0.66962345658941969|1|1|1|1|1|1,1.8576417075340519|1.4752665010624351|3.0949011690019894|4.4801297960500168|1.6924731231197307|2.918095955204481|2.3129319331079543|0.57514787782701626|2.0041896539431101|2.3389899476396532
large_launcher:6,large_launcher,5,6,condor|helicopter|jammer|jet_plane|small_launcher|small_plane|small_tower|spacecraft|ta-ta|tank,10,0,1,0.0,64.75,3.25,7.25,8.583768700714602,1,,857.730552096636,450.02126341131805,730.1935102955114,0.3798307592454251,853.5461355900877,430.16217080507454,0.340458101723336,9.93435172129067,1.0103879673097238,0.0017024143196846077,-17.863231098495817,51.22729519888935,1.0103894015174502,0.09653822724786391,2.038427997180884,2.394898950878325,3.2714853172098795,1|1|1|0.7376117854372336|1|0.94248492586690158|1|1|1|1,1.8952124740332787|1.002137111240738|2.478995491183789|4.0671801335466231|1.8578854934107469|3.1830747820613525|2.6536296148223779|1.3249910063617745|1.7121052915879924|2.1816435203284898
large_launcher:7,large_launcher,6,7,condor|helicopter|jammer|jet_plane|large_tower|small_launcher|small_plane|small_tower|spacecraft|ta-ta|tank,11,1,1,1.0,65.0,4.0,9.0,10.307764064044152,1,,986.0184754274626,659.3133142152686,733.1700945774971,0.8086753548081856,866.649981771805,505.643612362681,0.51609202737616,10.167314289077511,1.010755227333206,0.0005344654601682635,-19.907491085992206,52.898816347321144,1.0107553686400728,0.030296763727713106,3.1549936885254177,7.7269658485841815,3.7744355583099987,0.8085969363812533|1|0.95090987461357801|0.98804235718542022|0.12559581457150323|1|0.91154222089058456|1|1|0.79994556324543631|0.79473861604639873,3.7099457890021781|1.1835925025303304|3.1549936885254177|3.0366095516780764|23.886610296753776|2.0659061129502128|3.2912038596882862|2.7095456404666329|1.0517284429337903|3.7499553733173787|3.7744355583099987
large_launcher:8,large_launcher,7,8,condor|helicopter|jammer|jet_plane|large_tower|small_launcher|small_plane|small_tower|spacecraft|ta-ta|tank,11,0,1,1.5,65.0,4.0,8.5,10.51189802081432,1,,997.5628193313926,671.4045372769834,737.7991094032823,0.8281181254265545,935.3200797729546,579.2267284224853,0.6220862801653312,10.63542997654007,1.0099248378659884,0.0007971825164717097,-18.16825207730585,53.67079635356072,1.0099251524932962,0.04522632031277746,3.1971478431346863,3.3252425085419737,4.42776146795374,0.93833345439776783|1|0.88729458961136376|0.85080627920196872|0.45975991495579416|1|0.67754267290323167|1|1|1|0.92140719555776263,3.1971478431346863|1.1493251144401238|3.3810645775816517|3.5260747929323211|6.5251595511269382|1.4155547401599884|4.42776146795374|1.956622763194132|1.5282118813856176|2.295858122185118|3.2558821781318548
large_launcher:9,large_launcher,8,9,condor|helicopter|jammer|jet_plane|large_tower|small_launcher|small_tower|spacecraft|ta-ta|tank,10,1,1,0.75,60.75,4.75,6.0,9.53426626414534,1,,1000.2502399399863,629.0629550049044,777.676244423409,0.6543205432459185,958.7577159834216,535.0658335001316,0.4523400014935172,9.119999686454952,1.0083819323546355,-0.00032690604559244005,-16.390370110585536,56.111058553156,1.00838198534426,-0.018574644638709403,2.684474108254666,7.144003243928906,6.549226447633635,0.14358350306216611|0.91756536783905029|0.60540148478764111|1|1|1|0.84157106960632244|1|1|1,20.893765927374648|3.2695213165942483|4.9553887276624176|2.5145688583819163|2.1607208380658078|1.3256369100545733|3.5647607935952741|1.7685474642709378|1.3567889713973864|2.8543793581274155
large_launcher:10,large_launcher,9,10,condor|helicopter|jammer|jet_plane|large_tower|small_launcher|small_tower|spacecraft|ta-ta|tank,10,1,1,0.5,62.0,4.5,6.25,8.855226905340015,1,,1006.904395908569,632.909131827543,783.123549224071,0.653163873899365,961.9859051958022,524.9235103842179,0.42399828147220836,8.903936983287633,1.0080317447601679,-0.0005033532027395842,-16.050554849405444,57.06192270937743,1.0080318704330111,-0.02861022172591806,2.6210101516037088,10.526690352123532,8.875666553467362,0.093704431806146779|0.8240687247102958|0.4758455005771054|1|1|1|0.98230823263988232|1|1|1,32.015561902516389|3.6404727863404025|6.3045670702397008|2.4255527483993218|2.0587387846305649|0.34949570774691791|3.0540309168470894|0.95909289993121372|1.3007587871797637|2.8164675548080957
large_launcher:11,large_launcher,10,11,helicopter|jammer|jet_plane|large_tower|small_launcher|small_tower|spacecraft|ta-ta|tank,9,0,1,-1.0,63.0,4.0,6.5,7.632168761236874,1,,967.6837242216368,546.9463212111098,798.2866100825507,0.4694309521753155,935.5435519321501,526.274392767322,0.46293729490354274,8.80839383035466,1.0089651121159282,2.713003822907311e-05,-17.11362570892379,56.036716621959386,1.0089651124806778,0.0015406248139938038,2.4704973158038603,2.891493080717885,4.024004083415939,1|0.58522803377617039|1|0.80033008574953046|1|1|1|1|1,2.4704973158038603|5.1262069225157383|2.9298225654506451|3.748453373640988|1.3770199878390486|2.3404167009865331|1.0624865974313888|1.9559704164513334|2.8110568017044639
large_launcher:12,large_launcher,11,12,helicopter|jammer|jet_plane|large_tower|small_launcher|small_tower|spacecraft|ta-ta|tank,9,1,1,-0.5,63.5,3.5,6.0,7.3824115301167,1,,976.4867518523791,554.042536227939,804.091564806722,0.47476118464321543,979.7731427985175,549.6819213077547,0.4593308415797246,8.952272965139016,1.0080586315030187,0.00018901458810171638,-15.14137783594856,56.19989262273134,1.008058649223473,0.010743162847154061,2.227428913473275,2.3885813495577293,3.3320255157684366,0.93797220147837657|1|1|1|1|0.77588117361374676|1|1|1,3.1983890304200795|1.191788371237799|2.6947184154569208|2.6935155158961726|0.70878250690521261|3.8665714571618639|2.227428913473275|1.0225026785615987|1.9291459039465988
large_launcher:13,large_launcher,12,13,helicopter|jet_plane|large_tower|small_launcher|small_tower|spacecraft|ta-ta|tank,8,0,1,0.75,64.0,4.75,6.0,8.48683064368665,1,,959.0980463435425,486.72603638141044,826.4180709595125,0.3468722414855408,952.7156460053377,481.06487289807757,0.34221895936009405,7.982153962062779,1.0084848210041664,0.0002635518163729805,-16.171706360259805,55.959448921315015,1.008484855441749,0.014973360136822574,2.3808782644434077,2.4454751351275354,3.304163352007335,0.87164724884825806|1|0.92444407927050909|1|1|1|1|1,3.4417592155641623|2.6464361094831936|3.2451936961972661|1.4114109721986352|2.5579207251814631|1.5950489037683224|1.5893595449169942|2.2038358037053518
large_launcher:14,large_launcher,13,14,helicopter|jet_plane|large_tower|small_launcher|small_tower|spacecraft|ta-ta|tank,8,0,1,0.5,65.5,4.75,6.5,8.163341720057929,1,,967.2478474711122,492.89662374816413,832.2387378241659,0.350764661485629,958.7370465108474,489.4193518247478,0.35243568784816737,7.9918316298767005,1.0088367469042272,9.424653611517922e-05,-16.79402544785694,56.83580680737623,1.00883675130653,0.005352628910463779,2.847688762473437,2.5592343705454708,3.2195485866771785,0.93780592858078937|0.99697649889727202|0.91810509350919056|1|1|1|1|1,3.1989518494504914|3.0091013348730997|3.2676076402061156|0.85533834437527001|2.9419299214284984|1.9372079709242718|1.3082038312856581|2.7534476035183761
large_launcher:15,large_launcher,14,15,helicopter|jet_plane|large_tower|medium_launcher|small_launcher|small_tower|spacecraft|ta-ta|tank,9,1,1,2.5,66.0,5.5,6.5,10.5,1,,1130.313274612588,522.9185231712371,1002.0799952547922,0.27230979758622914,1019.1396973619509,482.47741173274926,0.28886417740275666,8.175767262456331,1.0087536677869942,-0.0008060626173737042,-17.976902624987133,58.26814800882812,1.0087539898363012,-0.045783205200599066,2.087215860320496,6.273179218187165,7.0873972098748546,0.73368623553788459|1|1|0.17498669933866381|1|0.65599487148846614|1|1|1,4.0889413521176703|1.6887221211946088|2.0872158603204962|17.144160185955492|0.16076980517286762|4.5732064658546925|1.838558474245892|1.7994513388556834|2.9608594233417804
large_launcher:16,large_launcher,15,16,helicopter|jet_plane|large_tower|medium_launcher|small_launcher|small_tower|spacecraft|ta-ta|tank,9,0,1,2.5,66.5,6.0,6.0,10.816653826391969,1,,1141.3667191811408,530.7883177396309,1010.4364153203574,0.27594640003401655,1140.2667864204825,475.7879901108017,0.21080929041499513,8.705780730080717,1.0085305947014844,-0.000931132619366874,-17.739269803968,59.19292309404568,1.0085310245386032,-0.052898696755873414,2.2184177457234364,3.110660491228331,5.01820245753497,0.60078686172070095|1|1|0.86047098107175402|1|0.58625821220082219|1|1|0.89254337821164564,4.9934528165593086|2.2184177457234364|1.278275608053308|3.4864590749019513|0.8288980524550611|5.1172010214376185|1.7536953810736946|1.4814629276788982|3.361182279718375
large_launcher:17,large_launcher,16,17,helicopter|jet_plane|large_tower|medium_launcher|small_launcher|small_tower|spacecraft|ta-ta|tank,9,0,1,2.0,67.5,5.0,6.5,10.124228365658293,1,,1151.3716430822096,537.797598143894,1018.0522599181664,0.2790599884702092,1156.9249323854053,479.63504157600465,0.20754644105303252,8.699899480161182,1.0082940596285253,-0.0010571394160287116,-17.511580561190385,59.82773246886086,1.0082946138038806,-0.06007136918400916,2.095888501764752,3.1283597605395124,5.014746511344338,0.60416734135375472|1|1|0.92494552747922476|1|0.57563066073486657|1|1|0.85807966476139141,4.9655136571661949|1.8859968283962871|1.3790663047781024|3.2434288429169351|0.59239773964000242|5.2116779280569094|2.0958885017647519|1.8210435412828949|3.4961805695926058
large_launcher:18,large_launcher,17,18,helicopter|jet_plane|large_tower|medium_launcher|small_launcher|small_tower|spacecraft|ta-ta|tank,9,1,1,2.5,65.5,5.5,4.5,11.0,1,,1161.1801760427052,544.7109457049515,1025.48982777197,0.2821431371898461,1193.7097796267583,413.07586976275064,0.1360361383188122,7.894353302652241,1.0079843957626948,-0.0013553671285062995,-17.13367369607704,60.5503362299587,1.0079853069966536,-0.07704163842084792,1.8198449349047916,9.1697488070237,10.989242819766222,0.1149407061536159|1|1|1|1|0.4160050995519044|0.92530102892902588|1|1,26.100413860352919|1.7685978771801376|1.3788232686118023|1.8198449349047916|0.77976924446075424|7.2114500596195441|3.2421881162176036|0.23724224444967945|2.0012465187209272
large_launcher:19,large_launcher,18,19,jet_plane|large_tower|medium_launcher|small_launcher|small_tower|spacecraft|ta-ta|tank,8,1,1,0.75,64.75,6.75,3.25,9.244482148820618,1,,1196.790143858772,484.1262763197038,1094.49915350096,0.1956529722538841,1211.6740290948246,371.691168877162,0.10387546141932703,7.4527443339127615,1.0076652557948051,-0.0013969518249550817,-16.392180548574288,60.74986774014951,1.0076662241091596,-0.0794305370924739,1.7119386848846752,4.043883568330786,5.95486378663418,1|1|1|1|0.30126684832225836|0.70767139427792991|1|1,0.62404648128311035|2.4895914196818092|1.5620352377747502|1.0138494173055834|9.957949295474295|4.2392557114169893|0.41244521873950402|1.8618421319946001
large_launcher:20,large_launcher,19,20,hangar|jet_plane|large_tower|medium_launcher|small_launcher|spacecraft|ta-ta|tank,8,2,1,-2.25,65.5,6.0,5.75,10.413035085056755,1,,1341.45856661229,584.0545879373705,1207.6387391297153,0.23390139259561504,1238.969692055755,339.8900007313829,0.08138325407918193,7.078281435519231,1.008238312318011,-0.001022865003755117,-17.34825850839252,59.637588949918836,1.0082388311698212,-0.05812695957355287,1.5736244021956272,12.101689520191297,13.216214170201749,0.089083587459635447|1|1|1|1|0.6745160887613918|1|1,33.676236953965017|1.0504185735013272|1.5677285386595499|2.9672218811014099|1.1392030451200017|4.4476329771603558|1.5795202657317045|1.2563892612166287
large_launcher:21,large_launcher,20,21,hangar|jet_plane|large_tower|medium_launcher|medium_plane|small_launcher|spacecraft|ta-ta|tank,9,3,1,-3.5,65.0,4.5,8.0,12.806248474865697,1,,1372.9358805489665,663.482239429553,1201.975145358801,0.304696614656939,1164.7316672885552,439.2170925125776,0.16577606780960455,7.030311334954689,1.0081831615427268,0.0001136465231671366,-15.936445978452184,57.67584493549475,1.0081831679480768,0.006458614222706311,2.6460977494634563,12.189013039080026,16.946521053593905,0.093521721675202563|1|1|0.31544219544795637|0.22790076669144016|1|0.5784431750983493|1|1,32.078109218937847|1.0247884528508209|1.2689483638701733|9.5104587616904439|13.163624012257914|2.1221744446162836|5.1863348541306511|2.6460977494634563|1.8301605203423501
large_launcher:22,large_launcher,21,22,hangar|jet_plane|large_tower|medium_launcher|medium_plane|small_launcher|spacecraft|ta-ta|tank,9,3,1,-3.5,65.5,5.0,7.0,8.73212459828649,1,,1385.8538104542693,677.5266419846998,1208.9451738402176,0.3140794653971263,1305.8665670357573,584.3277733077883,0.25034960670678713,7.481946526643326,1.0074667844213736,0.0009161277545038071,-13.631876320839865,55.33359772545339,1.0074672009561427,0.05210121085037603,4.059541710762498,6.822828239439355,11.27268005683143,0.27279387864875976|1|1|0.33908577813519397|1|0.73898890761647362|0.24244841357132496|0.58433150301760772|0.78937481884946215,10.997391963118211|0.8693001844424656|0.37744689575882073|8.8473320755285201|2.9069293410387216|4.059541710762498|12.373832431684301|5.1339957487682781|3.8004005523250357
large_launcher:23,large_launcher,22,23,hangar|jet_plane|large_tower|medium_launcher|medium_plane|small_launcher|ta-ta|tank,8,1,1,-4.25,67.25,5.75,7.25,10.977349194926727,1,,1418.0043511371007,595.100734137182,1287.0864213692635,0.21377925285821214,1292.5836284981003,552.2545506128117,0.22330349532207652,7.292008045705888,1.007885595746187,0.0006559200625123815,-14.643340211858003,57.43341699347047,1.007885809178686,0.037287412512855174,3.117620797160134,4.621268468693496,6.615310017308591,0.57101578308867151|1|1|0.30636800194891212|0.62315211629274858|1|0.8531098674286296|1,5.2538137819381463|0.60593491899346075|0.69656356780247197|9.7921345665062969|4.8142498602654342|2.71870650321243|3.5165350911078379|1.8904432573768815
large_launcher:24,large_launcher,23,24,hangar|jet_plane|large_tower|medium_plane|small_launcher|ta-ta|tank,7,0,1,-7.0,68.0,4.5,7.0,10.0,1,,1259.6262079178368,572.2226239099427,1122.149478616414,0.2600330948675692,1247.4006811288323,551.6241513369554,0.2430970068861043,6.8539146212063615,1.0086647071150916,0.0013964760186587453,-14.304735667336445,55.584115706490024,1.0086656738111217,0.07932480473837772,2.9910444064384856,3.168675588931141,4.098872054467855,1|1|0.83114679346276754|1|1|0.62075266450152566|0.97113617210545344,2.9657431989102183|1.2042272390428868|3.6095891700447567|2.9910444064384856|2.2723500065189648|4.8327963811025016|3.0891362739390757
large_tower:1,large_tower,0,1,condor|helicopter|jammer|large_launcher|mine_roller|small_launcher|small_plane|small_tower|spacecraft|ta-ta|tank,11,1,1,1.0,62.0,4.0,7.0,9.219544457292887,1,,946.3932031884646,556.7028362143444,765.3378647317975,0.529103296126165,819.9971555097516,480.0120375288554,0.5213122453518868,9.805214078783514,1.0101146889956858,0.001507149039043681,-18.364202718359365,50.69270857564766,1.0101158133714554,0.08548852510940405,2.603134610159145,5.964055024804193,6.930658546294314,1|1|1|0.43285929899488923|0.49609074007688436|1|1|1|1|1|0.18250431595781111,1.9080931108066759|1.1479620056543294|2.6103542495541552|6.930658546294314|6.0472807849245704|1.8493857630088544|2.4722747477944647|2.8031959614276438|0.7210388872429101|2.6031346101591448|16.437967421612161
large_tower:2,large_tower,1,2,condor|helicopter|jammer|large_launcher|small_launcher|small_plane|small_tower|spacecraft|ta-ta|tank,10,0,1,0.25,61.5,4.0,6.25,8.014029794756947,1,,923.1884504260222,467.42791098800296,796.1080724558643,0.34473488018419196,877.7073867708956,425.1894791578326,0.30663322447619,9.751836685521278,1.0091063593721739,0.0014288404137079759,-16.11877265437579,51.84080123516617,1.0091073709523137,0.08112769266728992,1.961658442533749,2.718228966557935,3.9533207434557234,1|1|1|0.52409304668648682|1|0.7986031416255811|1|1|1|1,2.3944147915837912|0.48732510130216017|2.6675486611162054|5.724174398507456|2.0758298876954528|3.7565592262277536|1.8474869973720451|0.78110215562267182|1.574811048539885|1.7637531656934637
large_tower:3,large_tower,2,3,condor|helicopter|jammer|large_launcher|small_launcher|small_plane|small_tower|spacecraft|ta-ta|tank,10,0,1,0.0,62.0,4.0,5.75,7.988519059488391,1,,931.3831220287385,473.3274013692366,802.1444328255639,0.3481914851496681,886.182521954865,431.36807442527254,0.3105234808159935,9.777989897085897,1.0091300835647588,0.0012834561129296015,-16.369481680301533,52.37213485951668,1.009130899742452,0.07287125813430101,2.020564000444119,2.7741615120919882,3.576977214521824,1|1|0.93614191685659698|0.5251393720761387|1|0.89829315217890382|1|1|1|1,2.6496511341731477|0.76727525621621595|3.2046423129073922|5.7127691471296664|1.9205858180306419|3.3396669997876205|1.8088045830101533|0.48561575952579622|2.1205421828575965|1.8969906244991355
large_tower:4,large_tower,3,4,condor|helicopter|jammer|jet_plane|large_launcher|small_launcher|small_plane|small_tower|spacecraft|ta-ta|tank,11,1,1,1.0,62.0,4.0,5.5,9.848857801796104,1,,936.9209660874362,532.0070254552561,771.22592121924,0.47585156170262677,893.1389332254244,439.2445982654911,0.3190280286143828,9.948575961888118,1.0095289387306468,0.0012796562611738583,-17.03689993148123,52.12135738967356,1.009529749762122,0.07262680732711337,2.3303705625278495,8.66560676746691,6.049703915991386,1|1|0.90436682396902124|0.11028332763382204|0.49589203737105703|1|0.80958971371538746|1|1|1|1,2.5492356233890252|0.95619257188051476|3.3172380058110149|27.202661221496328|6.0497039159913859|1.827720636679063|3.7055806771006088|1.999762278964738|1.4550007438519894|1.5494784503816661|2.3303705625278495
large_tower:5,large_tower,4,5,condor|helicopter|jammer|jet_plane|large_launcher|small_launcher|small_plane|small_tower|spacecraft|ta-ta|tank,11,0,1,1.0,63.0,4.0,5.5,9.848857801796104,1,,947.5498002569269,541.9331971849306,777.2766777382822,0.48611635976920714,913.2601480667894,500.25827959986884,0.4286818332973158,10.764603844727414,1.0095008585657923,0.0009450333528366679,-17.46946592694553,53.02669275222502,1.0095013009070912,0.0536368110438071,2.8719815102699755,2.929767922650858,3.814123559607407,1|1|0.90176965403535336|0.7947145899545911|0.56975175867298866|1|0.78655029094580264|1|1|1|1,2.9038748374530852|0.78634232571915841|3.326791917954671|3.7749401362521242|5.2654510652595947|1.5761123171074813|3.814123559607407|1.3346157008373556|0.73081108474604284|2.1749011180951099|2.8719815102699755
large_tower:6,large_tower,5,6,condor|helicopter|jammer|jet_plane|large_launcher|small_launcher|small_plane|small_tower|spacecraft|ta-ta|tank,11,0,1,1.0,63.0,4.5,5.0,10.111874208078342,1,,956.4390287428046,548.6888533305652,783.4003816269615,0.4905516237067128,916.2826884821319,506.4772090417721,0.4399572088732883,10.71124334166978,1.0097383042530303,0.0011973090440782924,-17.472831783939228,52.57751672950701,1.009739014114406,0.06793911111227098,2.314200662806874,2.95282271076899,4.078185468906035,1|1|1|0.83186839699788906|0.52414910647849455|1|0.73562127632790475|1|1|1|1,2.9492221020730933|0.57888936552887649|2.7256195221178805|3.6063396697841008|5.7235621757771327|1.7803191665907827|4.0781854689060353|1.6854596748191817|1.4018984577736215|1.9290294794735559|2.3142006628068739
large_tower:7,large_tower,6,7,condor|helicopter|jammer|jet_plane|large_launcher|small_launcher|small_plane|small_tower|spacecraft|ta-ta|tank,11,0,1,1.0,65.0,4.0,7.0,10.307764064044152,1,,965.5717164817027,555.5227849406593,789.7614672046209,0.4947796986187857,925.0748523283858,494.2637081347198,0.3995255106563635,10.618157147465993,1.0096083532868336,0.0012350909495338343,-17.051447682151775,52.891380763261395,1.0096091087525931,0.07009199477333249,2.635248871817463,3.282446650285809,4.247765211539475,0.96467911988282429|1|0.75879381003711799|0.70625391351554434|0.50641680499738118|1|0.71669215491900007|1|1|1|1,3.1098399282527898|0.50086913671215838|3.9536424196842583|4.2477652115394751|5.9239770240965033|2.6111184143034203|4.1858957151390772|1.6707767068633625|0.74660798688318386|2.6352488718174629|2.2793909679764055
large_tower:8,large_tower,7,8,condor|helicopter|jammer|jet_plane|large_launcher|small_launcher|small_plane|small_tower|spacecraft|ta-ta|tank,11,0,1,1.5,65.0,4.0,5.0,10.51189802081432,1,,974.7486219703303,562.6567620736124,795.9599513329148,0.4996945947905948,938.5777196601442,506.51494545203155,0.4109055263411722,10.651018408067886,1.0096839303125682,0.0011345317873810714,-17.30387931351902,53.26435125007151,1.0096845677209352,0.06438040047097619,2.6906869892980745,3.1488545893174016,4.704302939256613,0.98710899426482457|1|0.80654558370311535|0.76541423536153763|0.55085605918279379|1|0.63771369544193846|1|1|1|1,3.0391748788764668|0.99999673413574208|3.7195652633538132|3.9194476894160948|5.4460726439328182|1.4177634519188844|4.7043029392566131|1.810052213053793|1.3473457331813723|1.8715425494107223|2.6906869892980745
large_tower:9,large_tower,8,9,condor|helicopter|jammer|jet_plane|large_launcher|small_launcher|small_tower|spacecraft|ta-ta|tank,10,1,1,0.75,62.5,4.75,6.5,8.732650890548804,1,,982.5124592085334,519.8822589053051,833.698488289092,0.38885883128526455,948.1675869399543,449.949917461077,0.2906468054912019,9.106236133479396,1.00822414393006,0.0003477963199488565,-15.468088007652568,55.25538350881857,1.0082242039178502,0.01976471263140653,2.5331208560853105,7.2973761850250805,6.754888249427787,0.13910008834383428|1|0.58719039759473901|0.9494897103694051|1|1|1|1|1|1,21.567204131347879|2.7634081366435694|5.1090753736588947|3.1595919020896153|1.9741292483886428|1.5615464318008341|2.7819488860559347|1.7923700805641911|1.0296188558973449|2.302833575527051
large_tower:10,large_tower,9,10,condor|helicopter|jammer|jet_plane|large_launcher|small_launcher|small_tower|spacecraft|ta-ta|tank,10,1,1,0.5,63.0,4.5,5.75,8.67437655465529,1,,988.9396910327747,523.1439970793965,839.2389831387674,0.3885717245260531,952.6504223672176,441.0409927980626,0.27280526569732233,8.909992943971124,1.0079491566447176,0.00015815911633639172,-15.208835491412174,56.155287960612895,1.0079491690532334,0.00899038381398876,2.2351757490464186,10.71869372743689,9.023390587608631,0.091506645475074491|0.9579986773732212|0.46997878473136623|0.98799417399331968|1|1|1|1|1|1,32.784504168902465|3.1315283312415541|6.3832668563537709|3.0364551526468255|1.4964450736476913|0.41911543148356212|2.2455566911886282|0.98428375904150733|0.96517168136171927|2.2247948069042094
large_tower:11,large_tower,10,11,helicopter|jammer|jet_plane|large_launcher|small_launcher|small_tower|spacecraft|ta-ta|tank,9,0,1,-1.0,65.0,4.0,6.0,8.845903006477066,1,,958.5287498022847,486.37180912297293,825.9659965688522,0.3467467921309022,957.1129065210272,439.5041608585171,0.26720650783651234,8.784354953101369,1.0086609036416905,0.0005365638271884005,-15.99333100339345,55.486810050750364,1.0086610463560155,0.030478865321775128,2.192000567710333,2.7889529314785757,3.882662663517527,1|0.53670418398488506|0.86807803812427864|1|1|1|1|1|1,2.2533365994247814|5.5896713487964114|3.4559104921978054|2.7635304665976363|1.4899103024171105|1.8240730318482881|1.2073077647144208|1.5140749109342329|2.1920005677103331
large_tower:12,large_tower,11,12,helicopter|jammer|jet_plane|large_launcher|small_launcher|small_tower|spacecraft|ta-ta|tank,9,1,1,-0.5,66.0,3.5,6.0,7.826237921249264,1,,967.0974487137488,493.01832057529134,831.9918334249209,0.3511462130594786,970.0505547382348,484.9738681993802,0.33323912919253096,8.968465402603508,1.007833131684257,0.0009481101639350368,-13.779049923582534,55.433218062770266,1.0078335776473117,0.05390048528278565,1.8745099989456113,2.1332572420397704,3.0321036275229023,1|1|0.81519175320447801|1|1|1|1|1|1,2.571536477261152|1.2664934532879881|3.680115737440758|1.8745099989456113|0.98788552653401662|2.8701006000434384|2.1547213930282472|0.58655683908856537|1.2177703286185211
large_tower:13,large_tower,12,13,helicopter|jet_plane|large_launcher|small_launcher|small_tower|spacecraft|ta-ta|tank,8,0,1,0.75,66.0,4.75,5.0,8.469584838539799,1,,959.3884343521919,382.2058418408819,879.9686712783887,0.18865148156158748,961.4475943847056,378.48572734685683,0.18339001207310965,7.995567198988672,1.0084993328176028,0.0009604330641011532,-15.287133882285616,54.852538711900934,1.0084997901463444,0.05456497852902183,1.687504230731374,2.1156802885262267,3.0071313614132387,1|0.92943204359552767|1|1|1|1|1|1,2.9125686559349542|3.2277776741959023|2.072640450449835|1.5421922465137337|1.7348617055631654|1.6401467558995824|1.4852753215631629|1.5255015946517725
large_tower:14,large_tower,13,14,helicopter|jet_plane|large_launcher|small_launcher|small_tower|spacecraft|ta-ta|tank,8,0,1,0.5,67.0,4.75,5.25,8.813121639277496,1,,967.5616703536266,387.20599111059903,886.7057608843863,0.19068875209115188,974.3559013250692,373.9029144448171,0.17268929738737102,7.949557738986238,1.0083688953241554,0.0008120108063691721,-15.048186319585966,56.322170654708316,1.008369222268712,0.04613865251415894,2.1675166681568534,2.4037633478718345,3.224728131732648,1|0.76617865965976995|1|1|1|1|1|1,2.9286676863061998|3.9155358377276954|2.669137645484672|1.154348732687976|2.2662712909144451|2.0687620453992612|0.76134604927443239|1.9656764761213648
large_tower:15,large_tower,14,15,helicopter|jet_plane|large_launcher|medium_launcher|small_launcher|small_tower|spacecraft|ta-ta|tank,9,1,1,2.5,66.5,5.5,6.0,10.0,1,,1137.785196915915,546.4364260930678,997.9791513652091,0.29980325742300473,1008.6002936509778,439.48997141846985,0.23437206274777608,8.281871036867003,1.0087747216964245,0.00026540502344572173,-16.819076603957456,56.745950041960214,1.0087747566099803,0.015074314440168369,2.3027197023923267,6.952384415621164,6.383990813604859,1|1|1|0.15125465476224306|1|0.99289634587026598|1|1|1,2.8980212051248415|2.606173845915456|2.2745926008062649|19.834100343871093|0.57802890557786901|3.0214634310382973|1.9267714396843905|1.6692931746450967|2.3027197023923267
large_tower:16,large_tower,15,16,helicopter|jet_plane|large_launcher|medium_launcher|small_launcher|small_tower|spacecraft|ta-ta|tank,9,0,1,2.5,68.0,6.0,5.5,10.307764064044152,1,,1148.9923712261113,556.1120182580304,1005.4466133439321,0.3059190559549616,1107.0903731766243,506.6148345092333,0.2648721422231593,8.695934122167744,1.0085905604949332,-0.000168235448493727,-16.89887766859465,57.97252735052507,1.0085905745259816,-0.009557080396482934,2.7394692186354566,3.140347804073571,4.52308020103312,0.69744648419205091|1|1|0.55455120822771764|1|0.73048799499576966|1|1|1,4.3014052407042591|2.7394692186354566|1.7204335193507931|5.4097800423485616|0.97345727019170936|4.106843605122668|1.7391471317613934|1.4046039399823813|2.7771100628685126
large_tower:17,large_tower,16,17,helicopter|jet_plane|large_launcher|medium_launcher|small_launcher|small_tower|spacecraft|ta-ta|tank,9,0,1,2.0,68.0,5.0,6.5,10.307764064044152,1,,1159.0133122724224,563.5940738355937,1012.7554383769514,0.30968749404046814,1099.3953353632644,510.0653332586374,0.27429171887730946,8.699397680991902,1.0084288973789686,6.486117502902934e-05,-16.24548870383296,58.050319039922215,1.0084288994648727,0.0036852093270602353,2.7163551639857917,3.193196394621765,4.311757167564244,0.78195101632599606|1|1|0.4828930162910709|1|0.83629330978124272|1|1|1,3.8365573711293042|2.8554014135328023|1.6545151407659886|6.2125563533040022|0.82106029858761631|3.5872580568250183|2.0713617061271172|1.5333223302882137|2.7163551639857917
large_tower:18,large_tower,17,18,helicopter|jet_plane|large_launcher|medium_launcher|small_launcher|small_tower|spacecraft|ta-ta|tank,9,1,1,2.5,69.0,5.5,7.0,11.40175425099138,1,,1168.9052676292283,571.0780370178483,1019.9065645083373,0.31352353118667664,1197.2568243136695,500.7530804821564,0.21202329761194103,7.964670252049538,1.008127461315842,-0.0008044373839503989,-16.858473115504694,59.716672336890724,1.0081277822670245,-0.04571927555698813,2.999121670579673,9.423735903776056,10.334484389057888,0.11177269876550248|1|0.89036184951808739|0.91541616529748182|1|0.48314192878541268|1|1|1,26.841238454463873|2.2482654398710071|3.3668803697129679|3.2800896513272737|0.5545997619891081|6.207795872706388|2.9991216705796728|0.56992461998960697|1.8696735795989183
large_tower:19,large_tower,18,19,jet_plane|large_launcher|medium_launcher|small_launcher|small_tower|spacecraft|ta-ta|tank,8,1,1,0.75,67.75,6.75,4.5,8.573363125243318,1,,1215.0496646228087,537.391827470576,1089.750297668156,0.24318015019594588,1207.8202423117966,463.11469411624375,0.1723586139102058,7.299005010570103,1.0078803062047548,-0.0012047704953832429,-16.689960939251705,60.27965532421422,1.0078810262661644,-0.06848852127092617,1.9448646998203785,4.5204217325451,6.954004288183107,1|0.54990645078155653|1|1|0.28706550507475259|0.75979795553004503|1|1,0.73999707196020714|5.4554733713900898|1.9131717658477754|0.84751728618409694|10.450576427366816|3.9484180990467705|0.27215944450632162|1.9765576337929815
large_tower:20,large_tower,19,20,hangar|jet_plane|large_launcher|medium_launcher|small_launcher|spacecraft|ta-ta|tank,8,3,1,-2.25,68.75,6.0,5.0,8.45485137746095,1,,1385.5207843081964,627.5864067922531,1235.2340449322098,0.25813598502861534,1188.1220968177922,432.350062252055,0.15262956267512626,6.69351681957861,1.0079222645311465,-0.0005723942744068496,-16.529180058586007,59.22018478228961,1.0079224270611304,-0.03253799798799065,2.8076003105373246,12.348804899709238,15.720128740244373,0.090124303697863867|1|0.3662538940162558|0.83381107396622178|1|0.62647997289293222|1|1,33.287520392823119|1.4927867295682482|8.1912466034249185|3.5975780960614037|1.3258572225298952|4.7886682285327984|2.017622525013246|0.92590657182939728
large_tower:21,large_tower,20,21,hangar|jet_plane|large_launcher|medium_launcher|medium_plane|small_launcher|spacecraft|ta-ta|tank,9,4,1,-3.5,67.5,4.5,8.5,12.0,1,,1421.8293402653874,679.5665274426173,1248.9147319249178,0.2960727117817377,1126.5799852175767,499.53759226026307,0.24473016591144525,6.863699674328432,1.0075486443691073,0.0010759264782105543,-14.08936364327701,56.96812903870887,1.0075492188413488,0.06118416533033709,5.857775289913575,12.258505375350229,16.56682013641415,0.095319231443982702|1|0.51214550082824772|0.29413230183888095|0.2336419855357604|1|0.50665545706095871|0.8718184341748344|1,31.473253177866152|1.725378578263504|5.8577752899135751|10.199456450109176|12.840211876051146|2.3406674552406037|5.9211336291239611|3.4410267498734348|1.8174962368684831
large_tower:22,large_tower,21,22,hangar|jet_plane|large_launcher|medium_launcher|medium_plane|small_launcher|spacecraft|ta-ta|tank,9,4,1,-3.5,66.0,5.0,7.5,8.276472678623424,1,,1434.5853683250593,692.4301960753692,1256.4137863679193,0.30372924531125306,1374.8868520621995,589.5250941878346,0.22526943825233114,7.456964213768378,1.0066963397679933,0.0020694673863567103,-12.024450299954196,54.222160982749074,1.0066984668695678,0.11778286596479255,5.045655704682782,6.973827603071878,10.398142118468153,0.29778282526376149|1|0.76268130917651344|0.32759852200389622|1|0.62114114238508811|0.25656628058293224|0.45708883352498308|0.59457085989637559,10.074456340074459|1.4333950386433525|3.9334906191424386|9.1575507900869599|2.498022374007264|4.8298198844058184|11.692885232042926|6.5632753782512729|5.0456557046827823
large_tower:23,large_tower,22,23,hangar|jet_plane|large_launcher|medium_launcher|medium_plane|small_launcher|ta-ta|tank,8,2,1,-4.25,68.5,5.75,8.0,10.806693831138945,1,,1481.3770304179825,632.1219796144754,1339.738671957437,0.22261867617303194,1336.9093315880998,552.058042728442,0.20556901261738578,7.36444798289645,1.0072262781936767,0.0016126794890230609,-13.178597466682277,56.63371996147907,1.0072275692310155,0.0917367343086126,4.37071822236674,5.049944303128006,6.287570797867954,0.70138867232313851|1|0.66776640856305036|0.29790135420074909|0.67197721140864231|0.88056135132710445|0.6429174816236306|1,4.2771037449364284|1.5968397759285815|4.4925434232696677|10.070501054065932|4.4643326997970512|3.4069709842981961|4.6663149737831064|2.8743407828295395
large_tower:24,large_tower,23,24,hangar|jet_plane|large_launcher|medium_plane|small_launcher|ta-ta|tank,7,1,1,-7.0,71.5,4.5,5.5,10.594810050208546,1,,1338.3353885498575,477.07033927556296,1250.4181315177723,0.1455641093197073,1240.0649314917757,450.759840838541,0.15224636343983072,6.573859215231488,1.0082236073301662,0.0024427823280329867,-12.901871382259515,54.86799340605012,1.008226566582807,0.13881924880592442,2.75739388667354,3.830460018816687,5.787894088531483,1|1|0.49419453471336522|1|1|0.53576218902865103|0.80614111933536603,2.1394442721650893|2.0315980681175581|6.070491174270586|2.7573938866735399|2.0844354124598694|5.5994960313720812|3.7214304036167074
medium_launcher:1,medium_launcher,0,1,condor|helicopter|jammer|large_launcher|mine_roller|small_launcher|small_plane|small_tower|spacecraft|ta-ta|tank,11,1,1,1.0,62.0,4.0,7.0,9.219544457292887,1,,946.3932031884646,556.7028362143444,765.3378647317975,0.529103296126165,819.9971555097516,480.0120375288554,0.5213122453518868,9.805214078783514,1.0101146889956858,0.001507149039043681,-18.364202718359365,50.69270857564766,1.0101158133714554,0.08548852510940405,2.603134610159145,5.964055024804193,6.930658546294314,1|1|1|0.43285929899488923|0.49609074007688436|1|1|1|1|1|0.18250431595781111,1.9080931108066759|1.1479620056543294|2.6103542495541552|6.930658546294314|6.0472807849245704|1.8493857630088544|2.4722747477944647|2.8031959614276438|0.7210388872429101|2.6031346101591448|16.437967421612161
medium_launcher:2,medium_launcher,1,2,condor|helicopter|jammer|large_launcher|small_launcher|small_plane|small_tower|spacecraft|ta-ta|tank,10,0,1,0.25,61.5,4.0,6.25,8.014029794756947,1,,923.1884504260222,467.42791098800296,796.1080724558643,0.34473488018419196,877.7073867708956,425.1894791578326,0.30663322447619,9.751836685521278,1.0091063593721739,0.0014288404137079759,-16.11877265437579,51.84080123516617,1.0091073709523137,0.08112769266728992,1.961658442533749,2.718228966557935,3.9533207434557234,1|1|1|0.52409304668648682|1|0.7986031416255811|1|1|1|1,2.3944147915837912|0.48732510130216017|2.6675486611162054|5.724174398507456|2.0758298876954528|3.7565592262277536|1.8474869973720451|0.78110215562267182|1.574811048539885|1.7637531656934637
medium_launcher:3,medium_launcher,2,3,condor|helicopter|jammer|large_launcher|small_launcher|small_plane|small_tower|spacecraft|ta-ta|tank,10,0,1,0.0,62.0,4.0,5.75,7.988519059488391,1,,931.3831220287385,473.3274013692366,802.1444328255639,0.3481914851496681,886.182521954865,431.36807442527254,0.3105234808159935,9.777989897085897,1.0091300835647588,0.0012834561129296015,-16.369481680301533,52.37213485951668,1.009130899742452,0.07287125813430101,2.020564000444119,2.7741615120919882,3.576977214521824,1|1|0.93614191685659698|0.5251393720761387|1|0.89829315217890382|1|1|1|1,2.6496511341731477|0.76727525621621595|3.2046423129073922|5.7127691471296664|1.9205858180306419|3.3396669997876205|1.8088045830101533|0.48561575952579622|2.1205421828575965|1.8969906244991355
medium_launcher:4,medium_launcher,3,4,condor|helicopter|jammer|jet_plane|large_launcher|small_launcher|small_plane|small_tower|spacecraft|ta-ta|tank,11,1,1,1.0,62.0,4.0,5.5,9.848857801796104,1,,936.9209660874362,532.0070254552561,771.22592121924,0.47585156170262677,893.1389332254244,439.2445982654911,0.3190280286143828,9.948575961888118,1.0095289387306468,0.0012796562611738583,-17.03689993148123,52.12135738967356,1.009529749762122,0.07262680732711337,2.3303705625278495,8.66560676746691,6.049703915991386,1|1|0.90436682396902124|0.11028332763382204|0.49589203737105703|1|0.80958971371538746|1|1|1|1,2.5492356233890252|0.95619257188051476|3.3172380058110149|27.202661221496328|6.0497039159913859|1.827720636679063|3.7055806771006088|1.999762278964738|1.4550007438519894|1.5494784503816661|2.3303705625278495
medium_launcher:5,medium_launcher,4,5,condor|helicopter|jammer|jet_plane|large_launcher|small_launcher|small_plane|small_tower|spacecraft|ta-ta|tank,11,0,1,1.0,63.0,4.0,5.5,9.848857801796104,1,,947.5498002569269,541.9331971849306,777.2766777382822,0.48611635976920714,913.2601480667894,500.25827959986884,0.4286818332973158,10.764603844727414,1.0095008585657923,0.0009450333528366679,-17.46946592694553,53.02669275222502,1.0095013009070912,0.0536368110438071,2.8719815102699755,2.929767922650858,3.814123559607407,1|1|0.90176965403535336|0.7947145899545911|0.56975175867298866|1|0.78655029094580264|1|1|1|1,2.9038748374530852|0.78634232571915841|3.326791917954671|3.7749401362521242|5.2654510652595947|1.5761123171074813|3.814123559607407|1.3346157008373556|0.73081108474604284|2.1749011180951099|2.8719815102699755
medium_launcher:6,medium_launcher,5,6,condor|helicopter|jammer|jet_plane|large_launcher|small_launcher|small_plane|small_tower|spacecraft|ta-ta|tank,11,0,1,1.0,63.0,4.5,5.0,10.111874208078342,1,,956.4390287428046,548.6888533305652,783.4003816269615,0.4905516237067128,916.2826884821319,506.4772090417721,0.4399572088732883,10.71124334166978,1.0097383042530303,0.0011973090440782924,-17.472831783939228,52.57751672950701,1.009739014114406,0.06793911111227098,2.314200662806874,2.95282271076899,4.078185468906035,1|1|1|0.83186839699788906|0.52414910647849455|1|0.73562127632790475|1|1|1|1,2.9492221020730933|0.57888936552887649|2.7256195221178805|3.6063396697841008|5.7235621757771327|1.7803191665907827|4.0781854689060353|1.6854596748191817|1.4018984577736215|1.9290294794735559|2.3142006628068739
medium_launcher:7,medium_launcher,6,7,condor|helicopter|jammer|jet_plane|large_launcher|large_tower|small_launcher|small_plane|small_tower|spacecraft|ta-ta|tank,12,1,1,1.5,63.25,4.5,6.25,9.957391173503396,1,,1040.5768599141963,636.2416448941325,823.4055930653481,0.5970580513014045,931.6811258830135,551.5108757554918,0.5394269732175618,10.957244620821912,1.0098511282019147,0.0002454746587553032,-18.7486181281854,54.107241970462496,1.0098511580369098,0.013927460448668898,3.509574729633509,7.525946023640568,4.9831338911735035,0.68156100250443974|1|0.81608125763870487|1|0.59504866669472589|0.12709494304521216|1|0.67309074430438787|1|1|0.8597547065975375|0.84989244138230668,4.4016740197816704|0.93209289025661057|3.6761316782780953|2.9080717241314469|5.0415838286220653|23.604422796776642|2.31067097805684|4.4570844541364485|1.9862580603911892|1.0452705739632902|3.4893322419289499|3.5298172173380675
medium_launcher:8,medium_launcher,7,8,condor|helicopter|jammer|jet_plane|large_launcher|large_tower|small_launcher|small_plane|small_tower|spacecraft|ta-ta|tank,12,0,1,1.75,63.75,4.75,6.25,9.789657987846283,1,,1051.8506797214877,647.3153246435635,829.0794430645074,0.6095923151317024,1021.5404594673203,591.8369924597232,0.5052419157588137,11.56553701115863,1.0090553395454882,0.00012786898820873539,-17.628953175342303,55.4332599899725,1.009055347647362,0.007260606062549864,3.0599617914915287,3.377949074968827,4.816847270955318,0.61320220515976842|1|0.75165050359954089|0.96591783192322855|0.99531947961977096|0.72514525923424911|1|0.51867763349792273|1|1|1|0.80877534864088108,4.8923782516970302|1.1912625494949811|3.9912289419949167|3.1058501920485662|3.0140733909344917|4.1370684442799082|1.6910072201175799|5.7839619256318615|1.1895906607120146|1.5128084284266807|2.453437598357616|3.7093163939152101
medium_launcher:9,medium_launcher,8,9,condor|helicopter|jammer|jet_plane|large_launcher|large_tower|small_launcher|small_tower|spacecraft|ta-ta|tank,11,1,1,2.5,61.5,5.5,6.5,9.192388155425117,1,,1058.6449021865735,601.5308305885042,871.1427487944351,0.4768009705489133,1039.8084466439886,509.1041711618565,0.31530714088968803,10.089346029517761,1.008046243964719,-0.00014147399273749933,-15.749474710260529,56.10066059153178,1.0080462538922847,-0.008041161494360405,2.7186522257589876,6.799002563034077,5.304678447211119,0.14502196058588604|0.90896019280253548|0.56553851925585596|1|1|1|1|0.86075190110397815|1|1|1,20.686522163093205|3.3004745591165938|5.3046784472111188|2.838787286499425|1.6497662298233009|2.0353852637315364|1.4269616042969167|3.4853248517036204|1.8937753207459291|1.2006043273086653|2.7186522257589876
medium_launcher:10,medium_launcher,9,10,condor|helicopter|jammer|jet_plane|large_launcher|large_tower|small_launcher|small_tower|spacecraft|ta-ta|tank,11,1,1,2.0,62.0,5.0,6.0,9.5524865872714,1,,1065.7504727880414,605.0036911958156,877.3793956364443,0.4754897793673223,1043.4364663213712,500.17182486744355,0.2983251758992493,9.882349784921379,1.0078033220966935,-0.0003217649935124293,-15.565099940729851,56.993331756461885,1.007803373462226,-0.018293029098714275,2.6585121562946417,10.043489727013432,6.534088090406943,0.093831844877542273|0.82872755993993263|0.45913063284244926|1|1|1|1|1|1|1|1,31.97208798266589|3.6200075211850016|6.5340880904069429|2.6901749611218326|1.2834544577569564|2.1360346703844613|0.44792493819983958|2.8836575453716069|1.0486129965798194|1.2020976641834995|2.6585121562946417
medium_launcher:11,medium_launcher,10,11,helicopter|jammer|jet_plane|large_launcher|large_tower|small_launcher|small_tower|spacecraft|ta-ta|tank,10,0,1,0.75,64.0,4.5,6.25,8.973834704667382,1,,1050.7678585206154,528.2286995031941,908.3432905686948,0.3381769177726626,1044.7287751353908,500.194581918093,0.297403360396734,9.78527763550049,1.008435255631294,-5.71823297919812e-05,-16.453134394629615,56.65466359683421,1.008435257252528,-0.0032489008471279757,2.6684724351320828,2.872836570811208,3.3697515415322776,1|0.52864967339505242|0.9635052822400737|1|1|1|1|1|1|1,2.8066281824153592|5.6748356255175434|3.1136310877561377|1.7966028757400061|2.8537982045651886|1.4442477387357726|2.5303166878488064|1.246096402528502|1.8419851850361904|2.8196301390176584
medium_launcher:12,medium_launcher,11,12,helicopter|jammer|jet_plane|large_launcher|large_tower|small_launcher|small_tower|spacecraft|ta-ta|tank,10,1,1,0.75,64.75,4.5,6.0,8.477591922614671,1,,1059.8645833312858,535.1413541644641,914.8424269036847,0.342171971368036,1068.503280054641,533.9721357589,0.33286857730548164,9.951468443356754,1.0078344377221793,0.0002479941241588157,-14.77224860920569,56.35249448301033,1.0078344682336813,0.014098562065093342,2.0807202022512064,2.3050755245661634,3.3250505024223105,0.91818572119822794|1|1|1|1|1|0.78029709697991823|1|1|1,3.2673128439475416|0.98333542118996553|2.82682516171353|1.0999193968620395|2.6798021367762712|0.80739109737476833|3.8446894286952324|2.301301317056478|0.9590229080770637|1.8601390874459351
medium_launcher:13,medium_launcher,12,13,helicopter|jet_plane|large_launcher|large_tower|small_launcher|small_tower|spacecraft|ta-ta|tank,9,0,1,2.5,65.0,6.0,5.0,8.73212459828649,1,,1046.4136312445098,462.9151288708488,938.4514218204405,0.24332075521757296,1052.05646235818,457.67402908703576,0.2334248808676818,8.973217099400678,1.0082141909104751,0.00030355329252468245,-15.748215955997694,56.15849282198337,1.0082142366074116,0.01725062209025684,2.1502027627488767,2.3490696432196496,3.082286837135264,0.82945321637619462|1|1|1|1|1|1|1|1,3.6168405170656386|2.788134537717081|1.0454920880165945|2.9486484171526701|1.4480943121106908|2.6633628757634495|1.7249754045804775|1.4936371600162262|2.1502027627488767
medium_launcher:14,medium_launcher,13,14,helicopter|jet_plane|large_launcher|large_tower|small_launcher|small_tower|spacecraft|ta-ta|tank,9,0,1,2.0,66.0,5.0,6.0,10.062305898749054,1,,1055.0562415527934,468.74030641549894,945.2122502279635,0.24592683240654858,1064.6113444747766,460.79387557729154,0.23052736962159717,8.966280960353162,1.0083070023155363,9.147425596861287e-05,-16.01510729533493,57.34230176339838,1.0083070064648378,0.005197909738488859,2.585781532428187,2.5536505093999167,3.3709519377686816,0.81943749135898847|0.96973242975086871|1|1|1|0.90952419579928967|1|1|1,3.6610480138060097|3.0936368711709141|1.9302400765126881|2.7616444073697886|0.86188194512760663|3.2984279187593497|2.2171407553584968|1.0674097603666832|2.5857815324281872
medium_launcher:15,medium_launcher,14,15,helicopter|jet_plane|large_launcher|large_tower|small_launcher|small_tower|spacecraft|ta-ta|tank,9,0,1,2.5,66.5,5.5,6.0,10.0,1,,1063.8965970129816,474.8924141065098,952.0258211623745,0.24882442506277097,1057.341428563647,470.55815692089715,0.24697561465586973,8.988816379487162,1.008330757578056,0.00037710953700360005,-15.933373189313443,57.14796563121922,1.0083308280963839,0.021428270153085856,2.058489109129835,2.3837812501255353,3.113963761602284,0.99778313856342316|1|1|0.88822189640757743|1|0.98422895552779943|1|1|1,3.0066651550245589|2.9772463212316991|1.3471180693096312|3.3775347076219213|0.70340859466739902|3.0480710250973746|2.0120212680876084|1.3943066412162193|2.0584891091298352
medium_launcher:16,medium_launcher,15,16,helicopter|jet_plane|large_launcher|large_tower|small_launcher|small_tower|spacecraft|ta-ta|tank,9,0,1,2.5,68.0,6.0,5.5,10.307764064044152,1,,1072.7554402415778,480.93651735193754,958.9078687993392,0.25154850663556316,1087.8313402807794,465.6751029598989,0.22436417883078938,8.891312355202901,1.0084577327866648,0.00014207083691450664,-16.247342051645774,57.63833512359338,1.008457742794086,0.0080717902482114,2.4434026845862,2.631457904560913,3.8984943601018087,0.71751649702725351|0.99027390196332565|1|1|1|0.7837306266259515|1|1|1,4.1810885359715577|3.0294648722535453|1.3740402957041431|2.6837596297395878|1.0161809712686802|3.8278458161343711|1.8309714521606233|1.2504897412050706|2.4434026845862
medium_launcher:17,medium_launcher,16,17,helicopter|jet_plane|large_launcher|large_tower|small_launcher|small_tower|spacecraft|ta-ta|tank,9,0,1,2.0,68.0,5.0,6.5,10.307764064044152,1,,1081.9723502320503,487.3071074274957,966.0206776862045,0.25446768925785346,1085.736786276558,472.37494183502344,0.23348465866819362,8.941304440942798,1.0082377328609167,0.00027964943222522033,-15.612432246978642,57.947464989533955,1.008237771643339,0.01589181923730185,2.4311895082487545,2.6335877961456453,3.5155078218178812,0.7804055434135676|0.96622656050706246|1|0.8737829925150411|1|0.87491164456005976|1|1|1,3.8441557188284845|3.1048614149021661|1.1423155842796813|3.4333458475652301|0.85809303269701753|3.4289183433152766|2.1795477062658062|1.3254058374095607|2.4311895082487545
medium_launcher:18,medium_launcher,17,18,helicopter|jet_plane|large_launcher|large_tower|small_launcher|small_tower|spacecraft|ta-ta|tank,9,1,1,2.5,69.0,5.5,7.0,11.40175425099138,1,,1090.9661903079589,493.63311111854654,972.8995734414145,0.2574379330439975,1131.2166558461497,430.2998894814647,0.16917236867246208,8.020415591719086,1.007930508249087,-0.00015685249485356277,-15.593319100547433,59.03200165063663,1.0079305204536513,-0.008916275293891109,1.8699511672635845,9.425297897200787,9.846004027806657,0.11006329038705535|1|1|1|1|0.54612539410891614|0.97181262093427689|1|1,27.257044464635392|2.854521899110205|1.8699511672635845|1.7674270208356804|0.33160765739121845|5.4932439185994673|3.0870148579470884|0.56958957577367864|1.2927083165085376
medium_launcher:19,medium_launcher,18,19,jet_plane|large_launcher|large_tower|small_launcher|small_tower|spacecraft|ta-ta|tank,8,1,1,0.75,67.75,6.75,4.25,8.573363125243318,1,,1133.2685788792523,454.08645201828347,1038.3174687774674,0.19125674834776202,1155.0147692264607,397.0199637987567,0.1339852606137103,7.419733577408054,1.0076722981823287,-7.553235091793674e-05,-14.824466318811119,59.12468827032944,1.0076723010131776,-0.004294734433009736,1.5854985116713882,4.6000551469505675,6.184962404179776,1|1|1|1|0.2517115223180113|0.80477014253003543|1|1,1.9109064476869628|2.6661991259865321|0.76214612684977334|0.27304045837276009|11.918405531750116|3.7277724923639193|0.57961484207557257|1.2600905756558136
medium_launcher:20,medium_launcher,19,20,hangar|jet_plane|large_launcher|large_tower|small_launcher|spacecraft|ta-ta|tank,8,2,1,-2.25,68.75,6.0,5.0,8.45485137746095,1,,1318.1234293494672,541.8391919591335,1201.6071175958778,0.20333673489751625,1128.1851998180746,381.33466220165235,0.12898524609037504,6.77037944805352,1.0078044043267096,0.0004217499773889355,-14.94047092532378,57.94344483469695,1.007804492574506,0.02397736326587564,2.2234722272977256,11.823694324996042,14.469737357838905,0.093359374443380161|1|0.43482132531426626|1|1|0.61830943449361575|1|1,32.133891405061242|2.0504865848053879|6.8993856233150552|1.8551254098852996|1.057725294934087|4.8519395503811085|2.3964578697900638|0.40048105252376076
medium_launcher:21,medium_launcher,20,21,hangar|jet_plane|large_launcher|large_tower|medium_plane|small_launcher|spacecraft|ta-ta|tank,9,3,1,-3.5,67.5,4.5,5.5,12.0,1,,1365.3797350875157,593.6748882359441,1229.5576229139056,0.233130762971484,1182.2378582826511,467.25538008794814,0.1851239817844997,7.218822811793842,1.0080866576627474,0.001415987033919531,-14.278368265009703,55.525158321917615,1.0080876521299769,0.08047921963472317,3.75857333509692,11.341782254920007,15.317536985536538,0.099561722124421256|1|0.43727837582809492|1|0.25831221627052581|1|0.51726567234082166|0.79816681668238076|1,30.132109816959566|1.7393788929266665|6.8606425983720483|2.6052985456060287|11.613893777680776|2.2503020232065243|5.7996927482507834|3.7585733350969202|2.2779479293978144
medium_launcher:22,medium_launcher,21,22,hangar|jet_plane|large_launcher|large_tower|medium_plane|small_launcher|spacecraft|ta-ta|tank,9,3,1,-3.5,66.0,5.0,6.5,8.276472678623424,1,,1378.9221255731093,605.0170435850841,1239.104759641664,0.2384070905604734,1355.691596501593,555.8713889436008,0.20210062542230975,7.6582306036164125,1.0074690616187816,0.0021524260775687516,-12.499047472467964,53.30386154660391,1.0074713609115884,0.12241045111810499,4.947297767497456,6.285067601809425,9.845148843933284,0.32572480101234114|1|0.53627014365980408|1|1|0.72911536163734325|0.24223522740493883|0.49072198542290391|0.60638726318606928,9.2102657547319406|0.24104938257153155|5.5942212950004873|2.0601073110065768|1.7125723036614695|4.1145483710958581|12.384681200738658|6.1134051794669899|4.9472977674974556
medium_launcher:23,medium_launcher,22,23,hangar|jet_plane|large_launcher|large_tower|medium_plane|small_launcher|ta-ta|tank,8,1,1,-4.25,68.75,5.75,5.75,10.804506532716097,1,,1427.0402431146608,534.3337835801744,1323.2275931198099,0.16306327854032285,1386.0291089314314,528.9995746750598,0.17050596379761854,7.6597047914855025,1.007913654792144,0.001997072479799796,-13.340089633636126,54.89151321129464,1.007915633282343,0.1135252748994303,3.09355135522879,3.5912977843577356,5.1924975366732635,1|1|0.50959907084396383|1|0.98121714158690199|0.95856506873855107|0.61288956085897217|0.8691299202863515,2.7416090600127574|1.1419398866985582|5.8869662450323093|2.1646003298841401|3.0574071435442836|3.1296955669132962|4.8948680902336728|3.4517500927298554
medium_launcher:24,medium_launcher,23,24,hangar|jet_plane|large_launcher|large_tower|medium_plane|small_launcher|ta-ta|tank,8,1,1,-4.25,69.75,6.0,6.25,11.354063819186797,1,,1437.9243721420123,541.0315176346469,1332.2580068912894,0.1649181494811604,1405.3844989696086,527.3221846854901,0.16385541521863112,7.554237487835668,1.0079437004930996,0.0018220599376407417,-13.391839541417085,55.51708370323013,1.0079453473607285,0.10357347407507402,2.9570862034609435,3.8090988592391564,5.793471259672059,1|1|0.52167713237905378|1|1|1|0.50905180719146592|0.77707863890889295,2.6664735465358418|1.0209492322747624|5.7506833025789907|2.7793533396234298|2.9897868594940404|2.9243855474278471|5.8933098262225529|3.8606131650687763
medium_plane:1,medium_plane,0,1,condor|helicopter|jammer|large_launcher|mine_roller|small_launcher|small_plane|small_tower|spacecraft|ta-ta|tank,11,1,1,1.0,62.0,4.0,7.0,9.219544457292887,1,,946.3932031884646,556.7028362143444,765.3378647317975,0.529103296126165,819.9971555097516,480.0120375288554,0.5213122453518868,9.805214078783514,1.0101146889956858,0.001507149039043681,-18.364202718359365,50.69270857564766,1.0101158133714554,0.08548852510940405,2.603134610159145,5.964055024804193,6.930658546294314,1|1|1|0.43285929899488923|0.49609074007688436|1|1|1|1|1|0.18250431595781111,1.9080931108066759|1.1479620056543294|2.6103542495541552|6.930658546294314|6.0472807849245704|1.8493857630088544|2.4722747477944647|2.8031959614276438|0.7210388872429101|2.6031346101591448|16.437967421612161
medium_plane:2,medium_plane,1,2,condor|helicopter|jammer|large_launcher|small_launcher|small_plane|small_tower|spacecraft|ta-ta|tank,10,0,1,0.25,61.5,4.0,6.25,8.014029794756947,1,,923.1884504260222,467.42791098800296,796.1080724558643,0.34473488018419196,877.7073867708956,425.1894791578326,0.30663322447619,9.751836685521278,1.0091063593721739,0.0014288404137079759,-16.11877265437579,51.84080123516617,1.0091073709523137,0.08112769266728992,1.961658442533749,2.718228966557935,3.9533207434557234,1|1|1|0.52409304668648682|1|0.7986031416255811|1|1|1|1,2.3944147915837912|0.48732510130216017|2.6675486611162054|5.724174398507456|2.0758298876954528|3.7565592262277536|1.8474869973720451|0.78110215562267182|1.574811048539885|1.7637531656934637
medium_plane:3,medium_plane,2,3,condor|helicopter|jammer|large_launcher|small_launcher|small_plane|small_tower|spacecraft|ta-ta|tank,10,0,1,0.0,62.0,4.0,5.75,7.988519059488391,1,,931.3831220287385,473.3274013692366,802.1444328255639,0.3481914851496681,886.182521954865,431.36807442527254,0.3105234808159935,9.777989897085897,1.0091300835647588,0.0012834561129296015,-16.369481680301533,52.37213485951668,1.009130899742452,0.07287125813430101,2.020564000444119,2.7741615120919882,3.576977214521824,1|1|0.93614191685659698|0.5251393720761387|1|0.89829315217890382|1|1|1|1,2.6496511341731477|0.76727525621621595|3.2046423129073922|5.7127691471296664|1.9205858180306419|3.3396669997876205|1.8088045830101533|0.48561575952579622|2.1205421828575965|1.8969906244991355
medium_plane:4,medium_plane,3,4,condor|helicopter|jammer|jet_plane|large_launcher|small_launcher|small_plane|small_tower|spacecraft|ta-ta|tank,11,1,1,1.0,62.0,4.0,5.5,9.848857801796104,1,,936.9209660874362,532.0070254552561,771.22592121924,0.47585156170262677,893.1389332254244,439.2445982654911,0.3190280286143828,9.948575961888118,1.0095289387306468,0.0012796562611738583,-17.03689993148123,52.12135738967356,1.009529749762122,0.07262680732711337,2.3303705625278495,8.66560676746691,6.049703915991386,1|1|0.90436682396902124|0.11028332763382204|0.49589203737105703|1|0.80958971371538746|1|1|1|1,2.5492356233890252|0.95619257188051476|3.3172380058110149|27.202661221496328|6.0497039159913859|1.827720636679063|3.7055806771006088|1.999762278964738|1.4550007438519894|1.5494784503816661|2.3303705625278495
medium_plane:5,medium_plane,4,5,condor|helicopter|jammer|jet_plane|large_launcher|small_launcher|small_plane|small_tower|spacecraft|ta-ta|tank,11,0,1,1.0,63.0,4.0,5.5,9.848857801796104,1,,947.5498002569269,541.9331971849306,777.2766777382822,0.48611635976920714,913.2601480667894,500.25827959986884,0.4286818332973158,10.764603844727414,1.0095008585657923,0.0009450333528366679,-17.46946592694553,53.02669275222502,1.0095013009070912,0.0536368110438071,2.8719815102699755,2.929767922650858,3.814123559607407,1|1|0.90176965403535336|0.7947145899545911|0.56975175867298866|1|0.78655029094580264|1|1|1|1,2.9038748374530852|0.78634232571915841|3.326791917954671|3.7749401362521242|5.2654510652595947|1.5761123171074813|3.814123559607407|1.3346157008373556|0.73081108474604284|2.1749011180951099|2.8719815102699755
medium_plane:6,medium_plane,5,6,condor|helicopter|jammer|jet_plane|large_launcher|small_launcher|small_plane|small_tower|spacecraft|ta-ta|tank,11,0,1,1.0,63.0,4.5,5.0,10.111874208078342,1,,956.4390287428046,548.6888533305652,783.4003816269615,0.4905516237067128,916.2826884821319,506.4772090417721,0.4399572088732883,10.71124334166978,1.0097383042530303,0.0011973090440782924,-17.472831783939228,52.57751672950701,1.009739014114406,0.06793911111227098,2.314200662806874,2.95282271076899,4.078185468906035,1|1|1|0.83186839699788906|0.52414910647849455|1|0.73562127632790475|1|1|1|1,2.9492221020730933|0.57888936552887649|2.7256195221178805|3.6063396697841008|5.7235621757771327|1.7803191665907827|4.0781854689060353|1.6854596748191817|1.4018984577736215|1.9290294794735559|2.3142006628068739
medium_plane:7,medium_plane,6,7,condor|helicopter|jammer|jet_plane|large_launcher|large_tower|small_launcher|small_plane|small_tower|spacecraft|ta-ta|tank,12,1,1,1.5,63.25,4.5,6.25,9.957391173503396,1,,1040.5768599141963,636.2416448941325,823.4055930653481,0.5970580513014045,931.6811258830135,551.5108757554918,0.5394269732175618,10.957244620821912,1.0098511282019147,0.0002454746587553032,-18.7486181281854,54.107241970462496,1.0098511580369098,0.013927460448668898,3.509574729633509,7.525946023640568,4.9831338911735035,0.68156100250443974|1|0.81608125763870487|1|0.59504866669472589|0.12709494304521216|1|0.67309074430438787|1|1|0.8597547065975375|0.84989244138230668,4.4016740197816704|0.93209289025661057|3.6761316782780953|2.9080717241314469|5.0415838286220653|23.604422796776642|2.31067097805684|4.4570844541364485|1.9862580603911892|1.0452705739632902|3.4893322419289499|3.5298172173380675
medium_plane:8,medium_plane,7,8,condor|helicopter|jammer|jet_plane|large_launcher|large_tower|small_launcher|small_plane|small_tower|spacecraft|ta-ta|tank,12,0,1,1.75,63.75,4.75,6.25,9.789657987846283,1,,1051.8506797214877,647.3153246435635,829.0794430645074,0.6095923151317024,1021.5404594673203,591.8369924597232,0.5052419157588137,11.56553701115863,1.0090553395454882,0.00012786898820873539,-17.628953175342303,55.4332599899725,1.009055347647362,0.007260606062549864,3.0599617914915287,3.377949074968827,4.816847270955318,0.61320220515976842|1|0.75165050359954089|0.96591783192322855|0.99531947961977096|0.72514525923424911|1|0.51867763349792273|1|1|1|0.80877534864088108,4.8923782516970302|1.1912625494949811|3.9912289419949167|3.1058501920485662|3.0140733909344917|4.1370684442799082|1.6910072201175799|5.7839619256318615|1.1895906607120146|1.5128084284266807|2.453437598357616|3.7093163939152101
medium_plane:9,medium_plane,8,9,condor|helicopter|jammer|jet_plane|large_launcher|large_tower|small_launcher|small_tower|spacecraft|ta-ta|tank,11,1,1,2.5,61.5,5.5,6.5,9.192388155425117,1,,1058.6449021865735,601.5308305885042,871.1427487944351,0.4768009705489133,1039.8084466439886,509.1041711618565,0.31530714088968803,10.089346029517761,1.008046243964719,-0.00014147399273749933,-15.749474710260529,56.10066059153178,1.0080462538922847,-0.008041161494360405,2.7186522257589876,6.799002563034077,5.304678447211119,0.14502196058588604|0.90896019280253548|0.56553851925585596|1|1|1|1|0.86075190110397815|1|1|1,20.686522163093205|3.3004745591165938|5.3046784472111188|2.838787286499425|1.6497662298233009|2.0353852637315364|1.4269616042969167|3.4853248517036204|1.8937753207459291|1.2006043273086653|2.7186522257589876
medium_plane:10,medium_plane,9,10,condor|helicopter|jammer|jet_plane|large_launcher|large_tower|small_launcher|small_tower|spacecraft|ta-ta|tank,11,1,1,2.0,62.0,5.0,6.0,9.5524865872714,1,,1065.7504727880414,605.0036911958156,877.3793956364443,0.4754897793673223,1043.4364663213712,500.17182486744355,0.2983251758992493,9.882349784921379,1.0078033220966935,-0.0003217649935124293,-15.565099940729851,56.993331756461885,1.007803373462226,-0.018293029098714275,2.6585121562946417,10.043489727013432,6.534088090406943,0.093831844877542273|0.82872755993993263|0.45913063284244926|1|1|1|1|1|1|1|1,31.97208798266589|3.6200075211850016|6.5340880904069429|2.6901749611218326|1.2834544577569564|2.1360346703844613|0.44792493819983958|2.8836575453716069|1.0486129965798194|1.2020976641834995|2.6585121562946417
medium_plane:11,medium_plane,10,11,helicopter|jammer|jet_plane|large_launcher|large_tower|small_launcher|small_tower|spacecraft|ta-ta|tank,10,0,1,0.75,64.0,4.5,6.25,8.973834704667382,1,,1050.7678585206154,528.2286995031941,908.3432905686948,0.3381769177726626,1044.7287751353908,500.194581918093,0.297403360396734,9.78527763550049,1.008435255631294,-5.71823297919812e-05,-16.453134394629615,56.65466359683421,1.008435257252528,-0.0032489008471279757,2.6684724351320828,2.872836570811208,3.3697515415322776,1|0.52864967339505242|0.9635052822400737|1|1|1|1|1|1|1,2.8066281824153592|5.6748356255175434|3.1136310877561377|1.7966028757400061|2.8537982045651886|1.4442477387357726|2.5303166878488064|1.246096402528502|1.8419851850361904|2.8196301390176584
medium_plane:12,medium_plane,11,12,helicopter|jammer|jet_plane|large_launcher|large_tower|small_launcher|small_tower|spacecraft|ta-ta|tank,10,1,1,0.75,64.75,4.5,6.0,8.477591922614671,1,,1059.8645833312858,535.1413541644641,914.8424269036847,0.342171971368036,1068.503280054641,533.9721357589,0.33286857730548164,9.951468443356754,1.0078344377221793,0.0002479941241588157,-14.77224860920569,56.35249448301033,1.0078344682336813,0.014098562065093342,2.0807202022512064,2.3050755245661634,3.3250505024223105,0.91818572119822794|1|1|1|1|1|0.78029709697991823|1|1|1,3.2673128439475416|0.98333542118996553|2.82682516171353|1.0999193968620395|2.6798021367762712|0.80739109737476833|3.8446894286952324|2.301301317056478|0.9590229080770637|1.8601390874459351
medium_plane:13,medium_plane,12,13,helicopter|jet_plane|large_launcher|large_tower|small_launcher|small_tower|spacecraft|ta-ta|tank,9,0,1,2.5,65.0,6.0,5.0,8.73212459828649,1,,1046.4136312445098,462.9151288708488,938.4514218204405,0.24332075521757296,1052.05646235818,457.67402908703576,0.2334248808676818,8.973217099400678,1.0082141909104751,0.00030355329252468245,-15.748215955997694,56.15849282198337,1.0082142366074116,0.01725062209025684,2.1502027627488767,2.3490696432196496,3.082286837135264,0.82945321637619462|1|1|1|1|1|1|1|1,3.6168405170656386|2.788134537717081|1.0454920880165945|2.9486484171526701|1.4480943121106908|2.6633628757634495|1.7249754045804775|1.4936371600162262|2.1502027627488767
medium_plane:14,medium_plane,13,14,helicopter|jet_plane|large_launcher|large_tower|small_launcher|small_tower|spacecraft|ta-ta|tank,9,0,1,2.0,66.0,5.0,6.0,10.062305898749054,1,,1055.0562415527934,468.74030641549894,945.2122502279635,0.24592683240654858,1064.6113444747766,460.79387557729154,0.23052736962159717,8.966280960353162,1.0083070023155363,9.147425596861287e-05,-16.01510729533493,57.34230176339838,1.0083070064648378,0.005197909738488859,2.585781532428187,2.5536505093999167,3.3709519377686816,0.81943749135898847|0.96973242975086871|1|1|1|0.90952419579928967|1|1|1,3.6610480138060097|3.0936368711709141|1.9302400765126881|2.7616444073697886|0.86188194512760663|3.2984279187593497|2.2171407553584968|1.0674097603666832|2.5857815324281872
medium_plane:15,medium_plane,14,15,helicopter|jet_plane|large_launcher|large_tower|medium_launcher|small_launcher|small_tower|spacecraft|ta-ta|tank,10,1,1,2.5,66.25,7.0,6.25,10.304587338775164,1,,1165.553499415621,533.8458816741946,1036.1098081861312,0.26547291809630436,1095.3724086560348,482.08253409139087,0.24022601481118755,9.249060323325505,1.0085048240277645,-0.00024903125525652233,-17.105771570180877,57.80897909765099,1.0085048547745512,-0.0141481123967782,2.3371070981580973,6.384270773169034,5.301692288121991,0.8500012833826428|1|1|1|0.16018347961037208|1|0.78743832259380886|1|1|1,3.5294064356304471|2.3372188075677602|2.3369953887484338|2.1740156469499925|18.728523111880762|0.45597106505473251|3.8098221965932444|1.9882845540490064|1.7360856602863575|2.6522515731119753
medium_plane:16,medium_plane,15,16,helicopter|jet_plane|large_launcher|large_tower|medium_launcher|small_launcher|small_tower|spacecraft|ta-ta|tank,10,0,1,3.0,67.25,7.5,6.5,10.78472765433725,1,,1176.6256350258566,542.561339721237,1044.0666059403952,0.27004819521004486,1170.7760641109965,505.31081529974745,0.2289260842379489,9.692849013418956,1.0084126390307235,-0.0004899167597090762,-17.101926898119928,58.64781505726023,1.0084127580387605,-0.027835986330521412,2.2061908829831594,3.0147570802302566,4.639332684162176,0.63562885398881486|1|1|1|0.67146547756528041|1|0.64789232387081597|1|1|0.99053448471468319,4.7197353976586074|2.5802564588229391|1.7747870383666042|1.3857415448844845|4.4678395338621666|0.95962885414069743|4.63039904932924|1.8321253071433796|1.4252167971457452|3.0286678913328728
medium_plane:17,medium_plane,16,17,helicopter|jet_plane|large_launcher|large_tower|medium_launcher|small_launcher|small_tower|spacecraft|ta-ta|tank,10,0,1,2.75,67.75,7.0,6.5,10.706204693233602,1,,1186.7567916384553,549.7042173825272,1051.7684896838578,0.27316045464563954,1172.4112340427744,514.0423109001321,0.23798743553714152,9.714831735776057,1.0082323574358807,-0.00042095958332975374,-16.696113589577635,58.98979355840538,1.0082324453159026,-0.023922269396504752,2.3090292514098127,3.0620947114046575,4.464490060572326,0.6782803904430772|1|1|1|0.62004558740644844|1|0.6919196786153714|1|1|0.97101131928371498,4.4229496306595015|2.4554121823716559|2.1280937875557644|1.9436631389577095|4.8383539297877478|0.79113184153380778|4.3357633751416467|2.1626463204479696|1.6760851313417149|3.0895623263505123
medium_plane:18,medium_plane,17,18,helicopter|jet_plane|large_launcher|large_tower|medium_launcher|small_launcher|small_tower|spacecraft|ta-ta|tank,10,1,1,3.0,67.25,7.25,5.25,11.066989079288792,1,,1196.7397377876277,556.8755385500187,1059.2807156578592,0.2763720696561587,1230.6611776132572,477.7425938976417,0.17743912545327203,8.95257237340554,1.0080296720061015,-0.0008491050399154836,-16.797081486655316,59.910631553148505,1.0080300296241662,-0.048262590869217276,2.6662297250941123,8.916871803554121,8.363685692176304,0.11225253999782468|1|0.88036891137703221|1|0.94748595545021663|1|0.47442033254390958|0.98465751376811605|1|1,26.725466169772915|2.2857172562839039|3.4076325217018706|0.66849828081823448|3.1663068105240018|0.59893649927614956|6.3234878613322447|3.0467421939043211|0.54374860936027281|1.9034468369690287
medium_plane:19,medium_plane,18,19,jet_plane|large_launcher|large_tower|medium_launcher|small_launcher|small_tower|spacecraft|ta-ta|tank,9,1,1,2.5,66.0,9.5,3.5,10.5,1,,1236.7222035048837,518.5013669560418,1122.7814306919631,0.21325998220176878,1247.6269689620262,438.088316074959,0.14063762596236898,8.352240402742641,1.0078200371191581,-0.0009214899395654295,-16.263824801012106,60.071026639738875,1.0078204583965191,-0.052387795184734395,1.8829073101254101,4.337464234656942,5.914397198789364,1|0.6415795994462582|1|1|1|0.27603595550462862|0.78693469527958526|1|1,1.0875770941935234|4.6759591522631112|1.3722827973962095|2.7754464797799492|0.63908913403179846|10.868149384894368|3.812260430170848|0.29138842661583231|1.8829073101254101
medium_plane:20,medium_plane,19,20,hangar|jet_plane|large_launcher|large_tower|medium_launcher|small_launcher|spacecraft|ta-ta|tank,9,3,1,-1.0,67.0,8.0,5.0,10.63014581273465,1,,1412.3968551873832,603.2661593303147,1277.080583812181,0.223142001186677,1246.6255985476946,400.96472674799674,0.11538965327401295,7.679866546629454,1.0078826909044547,-0.00047832553697620453,-16.355500740976822,59.15098328547242,1.0078828044073993,-0.027191688766788773,2.047858275914402,11.616182736969183,13.023663725600521,0.090292907060833982|1|0.37625673719525404|1|0.7808292986773141|1|0.62545978787359302|1|1,33.225201300056767|1.5743846194550302|7.973279331986455|0.19773020627632004|3.842068671036067|1.3024044809631565|4.7964714003505735|2.0478582759144022|0.87105280593040202
medium_plane:21,medium_plane,20,21,hangar|jet_plane|large_launcher|large_tower|medium_launcher|small_launcher|spacecraft|ta-ta|tank,9,3,1,-1.0,67.5,7.0,5.5,11.672617529928752,1,,1425.2604591944623,616.4210282913327,1285.065170496604,0.23009362453992993,1208.4796507503804,405.2776100535795,0.12671913807983673,7.412726412420234,1.0072848124566411,-5.5409237128642986e-05,-14.99477643324235,59.8618987419502,1.007284813980631,-0.003151755482707943,1.9563923740217077,12.087859691712907,13.264695394040599,0.087890912054014336|1|0.44459673715967524|1|0.37278362523040171|1|0.59191196887708875|1|1,34.133221853205747|1.830941493018807|6.74768784692768|1.0599477587222972|8.0475637792493071|1.7682921480402991|5.0683212330367686|1.9563923740217077|1.5992857257958857
medium_plane:22,medium_plane,21,22,hangar|jet_plane|large_launcher|large_tower|medium_launcher|small_launcher|spacecraft|ta-ta|tank,9,4,1,-1.0,66.0,7.5,6.5,9.604686356149273,1,,1437.5205398425219,629.9186489720056,1292.1562591832378,0.2376505702291327,1262.2411168689523,438.9968366931721,0.13760334671752342,7.2706490330917015,1.0067450149225732,0.0003839384308657216,-13.33274056583059,58.79235476796953,1.0067450881331237,0.021850667536413626,3.333723529024241,7.538326696442744,13.660794578937855,0.21016926136445635|1|0.46364919001787286|1|0.39824263720477893|1|0.22209984925583548|0.89989395822824114|1,14.274212872693706|1.0873643663314938|6.4704111834340505|2.0478560366978464|7.533093865403762|2.7523963404399576|13.507440005498893|3.3337235290242409|1.598135770467906
medium_plane:23,medium_plane,22,23,hangar|jet_plane|large_launcher|large_tower|medium_launcher|small_launcher|ta-ta|tank,8,2,1,0.75,68.75,7.25,5.75,10.75683877656264,1,,1479.5445852313812,579.363269666547,1361.392809386324,0.18110690634766674,1312.5418161164653,476.15754288188657,0.1515507630884665,7.078202927327743,1.0071117128925753,0.00040057521185371124,-14.127965878669329,59.82695068192493,1.007111792556277,0.02278919757624748,2.462133207504338,4.729635765001924,7.642693560575243,0.41064459962302885|1|0.49655118046371882|1|0.35590250855251621|1|1|1,7.3055873728515133|1.7841252773242056|6.0416732841497387|1.470688313422899|8.4292746652639465|2.2510579511333391|2.6732084638753366|0.68571781975146073
medium_plane:24,medium_plane,23,24,hangar|jet_plane|large_launcher|large_tower|small_launcher|ta-ta|tank,7,1,1,-1.5,71.5,7.5,4.0,7.7781745930520225,1,,1411.260682611726,508.71256526366795,1316.3845335723802,0.1493411143729002,1289.0585831781386,466.16948386014815,0.1504571451020295,6.542462103770574,1.0075256181565626,0.0008044526926881357,-13.892163334933002,59.19944921090769,1.0075259393116875,0.04574745642558523,2.1880333101062646,3.7758113821250965,5.994654242767766,0.49208731641904729|1|0.50617798850537687|1|1|0.79796887705351605|1,6.0964809529243871|1.93194001689064|5.9267697693300176|2.1880333101062646|1.6717987107911021|3.759543732251402|1.4333943095228316
mine_roller:1,mine_roller,0,1,condor|helicopter|jammer|large_launcher|small_launcher|small_plane|small_tower|spacecraft|ta-ta|tank,10,1,1,0.0,60.75,3.75,6.25,7.503259339205583,1,,914.0546550945409,460.51992244986866,789.5678017287477,0.3401872138800124,807.6776804731672,428.2564140008092,0.39110266029702523,9.106022611592143,1.0093823546595928,0.001695376927865524,-16.918820400949016,50.52055748777423,1.009383778451522,0.09623494095815172,2.17867565027312,5.838853681584516,7.014074498202133,1|1|0.95493206603530123|0.50148901925583211|1|0.87244710687281801|1|1|1|0.18403686818462228,2.2540619273295848|0.59896339742616567|3.1415847315618199|5.9821848234566168|1.8661394802625939|3.4386038706334703|2.1032893732166547|0.57942497529518922|2.008777719989888|16.301081570911808
mine_roller:2,mine_roller,1,2,condor|helicopter|jammer|large_launcher|small_launcher|small_plane|small_tower|spacecraft|ta-ta|tank,10,0,1,0.25,61.5,4.0,6.25,8.014029794756947,1,,923.1884504260222,467.42791098800296,796.1080724558643,0.34473488018419196,877.7073867708956,425.1894791578326,0.30663322447619,9.751836685521278,1.0091063593721739,0.0014288404137079759,-16.11877265437579,51.84080123516617,1.0091073709523137,0.08112769266728992,1.961658442533749,2.718228966557935,3.9533207434557234,1|1|1|0.52409304668648682|1|0.7986031416255811|1|1|1|1,2.3944147915837912|0.48732510130216017|2.6675486611162054|5.724174398507456|2.0758298876954528|3.7565592262277536|1.8474869973720451|0.78110215562267182|1.574811048539885|1.7637531656934637
mine_roller:3,mine_roller,2,3,condor|helicopter|jammer|large_launcher|small_launcher|small_plane|small_tower|spacecraft|ta-ta|tank,10,0,1,0.0,62.0,4.0,5.75,7.988519059488391,1,,931.3831220287385,473.3274013692366,802.1444328255639,0.3481914851496681,886.182521954865,431.36807442527254,0.3105234808159935,9.777989897085897,1.0091300835647588,0.0012834561129296015,-16.369481680301533,52.37213485951668,1.009130899742452,0.07287125813430101,2.020564000444119,2.7741615120919882,3.576977214521824,1|1|0.93614191685659698|0.5251393720761387|1|0.89829315217890382|1|1|1|1,2.6496511341731477|0.76727525621621595|3.2046423129073922|5.7127691471296664|1.9205858180306419|3.3396669997876205|1.8088045830101533|0.48561575952579622|2.1205421828575965|1.8969906244991355
mine_roller:4,mine_roller,3,4,condor|helicopter|jammer|jet_plane|large_launcher|small_launcher|small_plane|small_tower|spacecraft|ta-ta|tank,11,1,1,1.0,62.0,4.0,5.5,9.848857801796104,1,,936.9209660874362,532.0070254552561,771.22592121924,0.47585156170262677,893.1389332254244,439.2445982654911,0.3190280286143828,9.948575961888118,1.0095289387306468,0.0012796562611738583,-17.03689993148123,52.12135738967356,1.009529749762122,0.07262680732711337,2.3303705625278495,8.66560676746691,6.049703915991386,1|1|0.90436682396902124|0.11028332763382204|0.49589203737105703|1|0.80958971371538746|1|1|1|1,2.5492356233890252|0.95619257188051476|3.3172380058110149|27.202661221496328|6.0497039159913859|1.827720636679063|3.7055806771006088|1.999762278964738|1.4550007438519894|1.5494784503816661|2.3303705625278495
mine_roller:5,mine_roller,4,5,condor|helicopter|jammer|jet_plane|large_launcher|small_launcher|small_plane|small_tower|spacecraft|ta-ta|tank,11,0,1,1.0,63.0,4.0,5.5,9.848857801796104,1,,947.5498002569269,541.9331971849306,777.2766777382822,0.48611635976920714,913.2601480667894,500.25827959986884,0.4286818332973158,10.764603844727414,1.0095008585657923,0.0009450333528366679,-17.46946592694553,53.02669275222502,1.0095013009070912,0.0536368110438071,2.8719815102699755,2.929767922650858,3.814123559607407,1|1|0.90176965403535336|0.7947145899545911|0.56975175867298866|1|0.78655029094580264|1|1|1|1,2.9038748374530852|0.78634232571915841|3.326791917954671|3.7749401362521242|5.2654510652595947|1.5761123171074813|3.814123559607407|1.3346157008373556|0.73081108474604284|2.1749011180951099|2.8719815102699755
mine_roller:6,mine_roller,5,6,condor|helicopter|jammer|jet_plane|large_launcher|small_launcher|small_plane|small_tower|spacecraft|ta-ta|tank,11,0,1,1.0,63.0,4.5,5.0,10.111874208078342,1,,956.4390287428046,548.6888533305652,783.4003816269615,0.4905516237067128,916.2826884821319,506.4772090417721,0.4399572088732883,10.71124334166978,1.0097383042530303,0.0011973090440782924,-17.472831783939228,52.57751672950701,1.009739014114406,0.06793911111227098,2.314200662806874,2.95282271076899,4.078185468906035,1|1|1|0.83186839699788906|0.52414910647849455|1|0.73562127632790475|1|1|1|1,2.9492221020730933|0.57888936552887649|2.7256195221178805|3.6063396697841008|5.7235621757771327|1.7803191665907827|4.0781854689060353|1.6854596748191817|1.4018984577736215|1.9290294794735559|2.3142006628068739
mine_roller:7,mine_roller,6,7,condor|helicopter|jammer|jet_plane|large_launcher|large_tower|small_launcher|small_plane|small_tower|spacecraft|ta-ta|tank,12,1,1,1.5,63.25,4.5,6.25,9.957391173503396,1,,1040.5768599141963,636.2416448941325,823.4055930653481,0.5970580513014045,931.6811258830135,551.5108757554918,0.5394269732175618,10.957244620821912,1.0098511282019147,0.0002454746587553032,-18.7486181281854,54.107241970462496,1.0098511580369098,0.013927460448668898,3.509574729633509,7.525946023640568,4.9831338911735035,0.68156100250443974|1|0.81608125763870487|1|0.59504866669472589|0.12709494304521216|1|0.67309074430438787|1|1|0.8597547065975375|0.84989244138230668,4.4016740197816704|0.93209289025661057|3.6761316782780953|2.9080717241314469|5.0415838286220653|23.604422796776642|2.31067097805684|4.4570844541364485|1.9862580603911892|1.0452705739632902|3.4893322419289499|3.5298172173380675
mine_roller:8,mine_roller,7,8,condor|helicopter|jammer|jet_plane|large_launcher|large_tower|small_launcher|small_plane|small_tower|spacecraft|ta-ta|tank,12,0,1,1.75,63.75,4.75,6.25,9.789657987846283,1,,1051.8506797214877,647.3153246435635,829.0794430645074,0.6095923151317024,1021.5404594673203,591.8369924597232,0.5052419157588137,11.56553701115863,1.0090553395454882,0.00012786898820873539,-17.628953175342303,55.4332599899725,1.009055347647362,0.007260606062549864,3.0599617914915287,3.377949074968827,4.816847270955318,0.61320220515976842|1|0.75165050359954089|0.96591783192322855|0.99531947961977096|0.72514525923424911|1|0.51867763349792273|1|1|1|0.80877534864088108,4.8923782516970302|1.1912625494949811|3.9912289419949167|3.1058501920485662|3.0140733909344917|4.1370684442799082|1.6910072201175799|5.7839619256318615|1.1895906607120146|1.5128084284266807|2.453437598357616|3.7093163939152101
mine_roller:9,mine_roller,8,9,condor|helicopter|jammer|jet_plane|large_launcher|large_tower|small_launcher|small_tower|spacecraft|ta-ta|tank,11,1,1,2.5,61.5,5.5,6.5,9.192388155425117,1,,1058.6449021865735,601.5308305885042,871.1427487944351,0.4768009705489133,1039.8084466439886,509.1041711618565,0.31530714088968803,10.089346029517761,1.008046243964719,-0.00014147399273749933,-15.749474710260529,56.10066059153178,1.0080462538922847,-0.008041161494360405,2.7186522257589876,6.799002563034077,5.304678447211119,0.14502196058588604|0.90896019280253548|0.56553851925585596|1|1|1|1|0.86075190110397815|1|1|1,20.686522163093205|3.3004745591165938|5.3046784472111188|2.838787286499425|1.6497662298233009|2.0353852637315364|1.4269616042969167|3.4853248517036204|1.8937753207459291|1.2006043273086653|2.7186522257589876
mine_roller:10,mine_roller,9,10,condor|helicopter|jammer|jet_plane|large_launcher|large_tower|small_launcher|small_tower|spacecraft|ta-ta|tank,11,1,1,2.0,62.0,5.0,6.0,9.5524865872714,1,,1065.7504727880414,605.0036911958156,877.3793956364443,0.4754897793673223,1043.4364663213712,500.17182486744355,0.2983251758992493,9.882349784921379,1.0078033220966935,-0.0003217649935124293,-15.565099940729851,56.993331756461885,1.007803373462226,-0.018293029098714275,2.6585121562946417,10.043489727013432,6.534088090406943,0.093831844877542273|0.82872755993993263|0.45913063284244926|1|1|1|1|1|1|1|1,31.97208798266589|3.6200075211850016|6.5340880904069429|2.6901749611218326|1.2834544577569564|2.1360346703844613|0.44792493819983958|2.8836575453716069|1.0486129965798194|1.2020976641834995|2.6585121562946417
mine_roller:11,mine_roller,10,11,helicopter|jammer|jet_plane|large_launcher|large_tower|small_launcher|small_tower|spacecraft|ta-ta|tank,10,0,1,0.75,64.0,4.5,6.25,8.973834704667382,1,,1050.7678585206154,528.2286995031941,908.3432905686948,0.3381769177726626,1044.7287751353908,500.194581918093,0.297403360396734,9.78527763550049,1.008435255631294,-5.71823297919812e-05,-16.453134394629615,56.65466359683421,1.008435257252528,-0.0032489008471279757,2.6684724351320828,2.872836570811208,3.3697515415322776,1|0.52864967339505242|0.9635052822400737|1|1|1|1|1|1|1,2.8066281824153592|5.6748356255175434|3.1136310877561377|1.7966028757400061|2.8537982045651886|1.4442477387357726|2.5303166878488064|1.246096402528502|1.8419851850361904|2.8196301390176584
mine_roller:12,mine_roller,11,12,helicopter|jammer|jet_plane|large_launcher|large_tower|small_launcher|small_tower|spacecraft|ta-ta|tank,10,1,1,0.75,64.75,4.5,6.0,8.477591922614671,1,,1059.8645833312858,535.1413541644641,914.8424269036847,0.342171971368036,1068.503280054641,533.9721357589,0.33286857730548164,9.951468443356754,1.0078344377221793,0.0002479941241588157,-14.77224860920569,56.35249448301033,1.0078344682336813,0.014098562065093342,2.0807202022512064,2.3050755245661634,3.3250505024223105,0.91818572119822794|1|1|1|1|1|0.78029709697991823|1|1|1,3.2673128439475416|0.98333542118996553|2.82682516171353|1.0999193968620395|2.6798021367762712|0.80739109737476833|3.8446894286952324|2.301301317056478|0.9590229080770637|1.8601390874459351
mine_roller:13,mine_roller,12,13,helicopter|jet_plane|large_launcher|large_tower|small_launcher|small_tower|spacecraft|ta-ta|tank,9,0,1,2.5,65.0,6.0,5.0,8.73212459828649,1,,1046.4136312445098,462.9151288708488,938.4514218204405,0.24332075521757296,1052.05646235818,457.67402908703576,0.2334248808676818,8.973217099400678,1.0082141909104751,0.00030355329252468245,-15.748215955997694,56.15849282198337,1.0082142366074116,0.01725062209025684,2.1502027627488767,2.3490696432196496,3.082286837135264,0.82945321637619462|1|1|1|1|1|1|1|1,3.6168405170656386|2.788134537717081|1.0454920880165945|2.9486484171526701|1.4480943121106908|2.6633628757634495|1.7249754045804775|1.4936371600162262|2.1502027627488767
mine_roller:14,mine_roller,13,14,helicopter|jet_plane|large_launcher|large_tower|small_launcher|small_tower|spacecraft|ta-ta|tank,9,0,1,2.0,66.0,5.0,6.0,10.062305898749054,1,,1055.0562415527934,468.74030641549894,945.2122502279635,0.24592683240654858,1064.6113444747766,460.79387557729154,0.23052736962159717,8.966280960353162,1.0083070023155363,9.147425596861287e-05,-16.01510729533493,57.34230176339838,1.0083070064648378,0.005197909738488859,2.585781532428187,2.5536505093999167,3.3709519377686816,0.81943749135898847|0.96973242975086871|1|1|1|0.90952419579928967|1|1|1,3.6610480138060097|3.0936368711709141|1.9302400765126881|2.7616444073697886|0.86188194512760663|3.2984279187593497|2.2171407553584968|1.0674097603666832|2.5857815324281872
mine_roller:15,mine_roller,14,15,helicopter|jet_plane|large_launcher|large_tower|medium_launcher|small_launcher|small_tower|spacecraft|ta-ta|tank,10,1,1,2.5,66.25,7.0,6.25,10.304587338775164,1,,1165.553499415621,533.8458816741946,1036.1098081861312,0.26547291809630436,1095.3724086560348,482.08253409139087,0.24022601481118755,9.249060323325505,1.0085048240277645,-0.00024903125525652233,-17.105771570180877,57.80897909765099,1.0085048547745512,-0.0141481123967782,2.3371070981580973,6.384270773169034,5.301692288121991,0.8500012833826428|1|1|1|0.16018347961037208|1|0.78743832259380886|1|1|1,3.5294064356304471|2.3372188075677602|2.3369953887484338|2.1740156469499925|18.728523111880762|0.45597106505473251|3.8098221965932444|1.9882845540490064|1.7360856602863575|2.6522515731119753
mine_roller:16,mine_roller,15,16,helicopter|jet_plane|large_launcher|large_tower|medium_launcher|small_launcher|small_tower|spacecraft|ta-ta|tank,10,0,1,3.0,67.25,7.5,6.5,10.78472765433725,1,,1176.6256350258566,542.561339721237,1044.0666059403952,0.27004819521004486,1170.7760641109965,505.31081529974745,0.2289260842379489,9.692849013418956,1.0084126390307235,-0.0004899167597090762,-17.101926898119928,58.64781505726023,1.0084127580387605,-0.027835986330521412,2.2061908829831594,3.0147570802302566,4.639332684162176,0.63562885398881486|1|1|1|0.67146547756528041|1|0.64789232387081597|1|1|0.99053448471468319,4.7197353976586074|2.5802564588229391|1.7747870383666042|1.3857415448844845|4.4678395338621666|0.95962885414069743|4.63039904932924|1.8321253071433796|1.4252167971457452|3.0286678913328728
mine_roller:17,mine_roller,16,17,helicopter|jet_plane|large_launcher|large_tower|medium_launcher|small_launcher|small_tower|spacecraft|ta-ta|tank,10,0,1,2.75,67.75,7.0,6.5,10.706204693233602,1,,1186.7567916384553,549.7042173825272,1051.7684896838578,0.27316045464563954,1172.4112340427744,514.0423109001321,0.23798743553714152,9.714831735776057,1.0082323574358807,-0.00042095958332975374,-16.696113589577635,58.98979355840538,1.0082324453159026,-0.023922269396504752,2.3090292514098127,3.0620947114046575,4.464490060572326,0.6782803904430772|1|1|1|0.62004558740644844|1|0.6919196786153714|1|1|0.97101131928371498,4.4229496306595015|2.4554121823716559|2.1280937875557644|1.9436631389577095|4.8383539297877478|0.79113184153380778|4.3357633751416467|2.1626463204479696|1.6760851313417149|3.0895623263505123
mine_roller:18,mine_roller,17,18,helicopter|jet_plane|large_launcher|large_tower|medium_launcher|small_launcher|small_tower|spacecraft|ta-ta|tank,10,1,1,3.0,67.25,7.25,5.25,11.066989079288792,1,,1196.7397377876277,556.8755385500187,1059.2807156578592,0.2763720696561587,1230.6611776132572,477.7425938976417,0.17743912545327203,8.95257237340554,1.0080296720061015,-0.0008491050399154836,-16.797081486655316,59.910631553148505,1.0080300296241662,-0.048262590869217276,2.6662297250941123,8.916871803554121,8.363685692176304,0.11225253999782468|1|0.88036891137703221|1|0.94748595545021663|1|0.47442033254390958|0.98465751376811605|1|1,26.725466169772915|2.2857172562839039|3.4076325217018706|0.66849828081823448|3.1663068105240018|0.59893649927614956|6.3234878613322447|3.0467421939043211|0.54374860936027281|1.9034468369690287
mine_roller:19,mine_roller,18,19,jet_plane|large_launcher|large_tower|medium_launcher|small_launcher|small_tower|spacecraft|ta-ta|tank,9,1,1,2.5,66.0,9.5,3.5,10.5,1,,1236.7222035048837,518.5013669560418,1122.7814306919631,0.21325998220176878,1247.6269689620262,438.088316074959,0.14063762596236898,8.352240402742641,1.0078200371191581,-0.0009214899395654295,-16.263824801012106,60.071026639738875,1.0078204583965191,-0.052387795184734395,1.8829073101254101,4.337464234656942,5.914397198789364,1|0.6415795994462582|1|1|1|0.27603595550462862|0.78693469527958526|1|1,1.0875770941935234|4.6759591522631112|1.3722827973962095|2.7754464797799492|0.63908913403179846|10.868149384894368|3.812260430170848|0.29138842661583231|1.8829073101254101
mine_roller:20,mine_roller,19,20,hangar|jet_plane|large_launcher|large_tower|medium_launcher|small_launcher|spacecraft|ta-ta|tank,9,3,1,-1.0,67.0,8.0,5.0,10.63014581273465,1,,1412.3968551873832,603.2661593303147,1277.080583812181,0.223142001186677,1246.6255985476946,400.96472674799674,0.11538965327401295,7.679866546629454,1.0078826909044547,-0.00047832553697620453,-16.355500740976822,59.15098328547242,1.0078828044073993,-0.027191688766788773,2.047858275914402,11.616182736969183,13.023663725600521,0.090292907060833982|1|0.37625673719525404|1|0.7808292986773141|1|0.62545978787359302|1|1,33.225201300056767|1.5743846194550302|7.973279331986455|0.19773020627632004|3.842068671036067|1.3024044809631565|4.7964714003505735|2.0478582759144022|0.87105280593040202
mine_roller:21,mine_roller,20,21,hangar|jet_plane|large_launcher|large_tower|medium_launcher|medium_plane|small_launcher|spacecraft|ta-ta|tank,10,4,1,-2.25,66.25,5.75,8.0,13.020831616226504,1,,1457.3310794050883,660.3551032470967,1299.1324076534756,0.2583736637495396,1233.7762602736539,473.99487995384527,0.1731525870330762,7.7802800528439295,1.0076375467686205,0.0006430242600761604,-14.759289985979194,57.443329918026166,1.0076377519416801,0.03656331718069804,4.533764091607969,11.729800881204218,14.990401126426642,0.094106801364081449|1|0.45190354455246945|1|0.32079571698101922|0.22876501522738413|1|0.51435220430220951|0.92735862614668896|1,31.878707197722143|1.3023353527024366|6.6385993532568079|0.9259336017760309|9.3517332942603026|13.113922674060483|2.4200877214270147|5.8325589568967136|3.2349692263192247|1.7987230975078026
mine_roller:22,mine_roller,21,22,hangar|jet_plane|large_launcher|large_tower|medium_launcher|medium_plane|small_launcher|spacecraft|ta-ta|tank,10,4,1,-2.25,65.75,6.25,7.25,10.38924960445494,1,,1470.1376313121164,673.1456727234474,1306.9734344253893,0.26526783704104845,1398.4994592367511,589.5375862174352,0.21610781460628808,8.311120252774558,1.007095368019116,0.0016402639144355551,-12.741652764218088,54.35409466243971,1.00709670377341,0.09331799099590991,5.182853603972081,6.669153410099278,10.29612966539167,0.29633862603558508|1|0.53215986535449022|1|0.33385546412555039|1|0.65721396998742343|0.2531836085946913|0.49033085120567288|0.63447585534566475,10.123575052403998|0.98139355836376829|5.6374141895712606|1.5410606549686001|8.9859227717922092|2.3228146526406435|4.5647097338379554|11.849121182280715|6.11829891750671|4.7282930183729004
mine_roller:23,mine_roller,22,23,hangar|jet_plane|large_launcher|large_tower|medium_launcher|medium_plane|small_launcher|ta-ta|tank,9,2,1,-1.0,67.5,8.0,7.5,11.335784048754634,1,,1509.7876373439224,609.1926872225495,1381.4278771297154,0.19447014195614407,1401.1931761381027,558.2683680625529,0.18869503014404126,8.238373145326909,1.0074639762342588,0.001295514763711308,-13.698001756649091,56.71210207220906,1.007464809195957,0.0736775597885636,4.376341624484577,4.791095998306755,6.486223960120738,0.6807804656683708|1|0.53031354312808832|1|0.30603032802122299|0.6855109945887321|0.91578259077999702|0.67721691167127895|1,4.4067584882389745|1.0679563004130308|5.6570465499014624|1.0442543813466938|9.8029336009978394|4.376341624484577|3.2758624977298179|4.4298581897704263|2.7081214865049055
mine_roller:24,mine_roller,23,24,hangar|jet_plane|large_launcher|large_tower|medium_plane|small_launcher|ta-ta|tank,8,1,1,-4.25,69.75,6.0,6.25,11.354063819186797,1,,1437.9243721420123,541.0315176346469,1332.2580068912894,0.1649181494811604,1405.3844989696086,527.3221846854901,0.16385541521863112,7.554237487835668,1.0079437004930996,0.0018220599376407417,-13.391839541417085,55.51708370323013,1.0079453473607285,0.10357347407507402,2.9570862034609435,3.8090988592391564,5.793471259672059,1|1|0.52167713237905378|1|1|1|0.50905180719146592|0.77707863890889295,2.6664735465358418|1.0209492322747624|5.7506833025789907|2.7793533396234298|2.9897868594940404|2.9243855474278471|5.8933098262225529|3.8606131650687763
small_launcher:1,small_launcher,0,1,condor|helicopter|jammer|large_launcher|mine_roller|small_plane|small_tower|spacecraft|ta-ta|tank,10,1,1,1.0,62.25,4.0,6.25,9.330382556179678,1,,967.2272716378503,560.6286723232478,788.177699994787,0.505943853313215,828.7548495062401,472.73332707561894,0.4822985553243009,8.815140831165275,1.009814267073037,0.0014493312439410792,-17.763681980391084,51.33448059254874,1.0098153071454747,0.08223344537981783,2.422576136744371,6.322368344785873,7.730064046626436,1|1|1|0.44743609696722236|0.49269933533573296|1|1|1|1|0.17691988308408604,1.7873842998125729|1.2802572878789886|2.3308652242056174|6.7048680688130489|6.088906124096928|2.3846849391348326|2.7652099777335888|0.71107566203860073|2.460467334353909|16.956827846946954
small_launcher:2,small_launcher,1,2,condor|helicopter|jammer|large_launcher|small_plane|small_tower|spacecraft|ta-ta|tank,9,0,1,1.0,63.0,4.0,5.5,9.924716620639604,1,,952.3824544300325,468.2909990296327,829.2984262218284,0.3188672661036527,906.2183525102058,423.52088331438637,0.27945259978577774,8.761087378571759,1.0089363155789652,0.001413954847189499,-15.756311350425676,52.2805312321733,1.0089373063587088,0.08029604136353159,1.8931464135372664,2.764635814867153,4.042474681728002,1|1|1|0.52125701862971352|0.83004455721050696|1|1|1|1,2.2485016265445235|0.66499281851659697|2.4404520446065039|5.7553181891335869|3.6142638048766056|1.8859009456574183|0.94053983593992962|1.7672827425219568|1.8931464135372664
small_launcher:3,small_launcher,2,3,condor|helicopter|jammer|large_launcher|small_plane|small_tower|spacecraft|ta-ta|tank,9,0,1,1.0,63.0,4.5,6.5,8.845903006477066,1,,960.6894354358357,474.2736141599251,835.4571983469334,0.3222623107416091,911.0736480835443,430.8350385202353,0.288032832122945,8.7720034086997,1.0089891458983447,0.00128790342549829,-15.999440850504925,52.75982627995529,1.008989967856918,0.07313397862213329,2.1396745654868767,2.850372003353868,3.69990737797014,1|1|1|0.51395389804996017|0.94768483765336275|1|1|1|1,2.4741248988084252|0.88424733161317803|2.9617505634075307|5.8370994211505316|3.1656093671750418|2.0191286744790662|0.68560677683814952|2.1396745654868767|2.0563254700155214
small_launcher:4,small_launcher,3,4,condor|helicopter|jammer|jet_plane|large_launcher|small_plane|small_tower|spacecraft|ta-ta|tank,10,1,1,1.5,63.5,4.0,7.0,10.21830732072696,1,,967.712427583732,545.7972835031533,799.107419450338,0.4665008223670508,920.7349761712518,442.5315752441801,0.3003966517765218,8.954672113555755,1.0093904420720312,0.0012739844421556024,-16.68642584498366,52.52415522898821,1.0093912460402703,0.07231482476869124,2.3269546279352413,9.171211130368361,8.251823280759913,1|1|0.97456084434852042|0.10872333046940498|0.4915771079302424|0.84643196651210972|1|1|1|1,2.3921703854043632|0.99656664821365459|3.0783095951918762|27.592973716719772|6.1028065656532702|3.5442895783402908|2.0201953762449025|1.3443786903512611|1.6544124373891407|2.2617388704661194
small_launcher:5,small_launcher,4,5,condor|helicopter|jammer|jet_plane|large_launcher|small_plane|small_tower|spacecraft|ta-ta|tank,10,0,1,1.25,64.25,4.25,6.75,10.082098726589551,1,,978.7670879734361,556.4463994039261,805.203338971223,0.47756835209950077,944.5942393715883,513.1403945996713,0.41865819048041486,9.758420524405716,1.0094016774560512,0.0009189947760760267,-17.255004261982094,53.397913763534916,1.0094020957985417,0.05216407768226551,2.8843533915479185,3.029122539899224,4.150836299659447,1|1|0.96187666023063623|0.74554063145244998|0.5667827981789858|0.81774029026305228|1|1|1|1,2.777269638545282|0.85462840045456667|3.1189029910572708|4.0239255639163112|5.2930329213476677|3.668646422034807|1.3636303422164111|0.67757990095817633|2.1564373301975568|2.991437144550555
small_launcher:6,small_launcher,5,6,condor|helicopter|jammer|jet_plane|large_launcher|small_plane|small_tower|spacecraft|ta-ta|tank,10,0,1,1.75,64.75,4.75,7.0,10.201222541879014,1,,987.8691170899108,563.4921884131121,811.395061666881,0.4822931341715521,948.9922300153477,516.3297953382182,0.4205059129102539,9.702695173578192,1.0096042808930346,0.0012033928597745367,-17.144795661837406,52.932445624156344,1.0096049980818818,0.0682933904038454,2.385719313722029,3.041154635002806,4.1361129293147885,1|1|1|0.76234121088214202|0.5236785280225138|0.75773683155727445|1|1|1|1,2.8154850451928031|0.50294694261080342|2.5398900990800137|3.9352457368663418|5.7287053789887592|3.9591582126843479|1.7120025614443195|1.4482342595684907|1.9667128922471226|2.2315485283640446
small_launcher:7,small_launcher,6,7,condor|helicopter|jammer|jet_plane|large_launcher|large_tower|small_plane|small_tower|spacecraft|ta-ta|tank,11,1,1,2.0,65.0,5.0,9.0,10.735455276791944,1,,1074.0404885638065,652.1381955790338,853.392491730096,0.5839580367917441,962.1913383251352,583.5781349765722,0.5819123067596371,9.999348192208016,1.0098457001145367,-2.060000101869328e-05,-19.202192025505155,55.05271388840765,1.009845700324648,-0.0011687856036211631,4.0199281882498985,7.802813330963447,4.7744735363129145,0.70845579589916574|1|0.93940541944357525|0.97468954281366038|0.62834005124326253|0.12742011205906473|0.73719724023163546|1|1|0.74627034518101731|0.71665754203774357,4.2345651994666191|0.6207877121047225|3.193548202511844|3.0779283913748832|4.7744735363129145|23.54421883905405|4.0695076088641517|1.7610791218690147|1.1237365319757722|4.0199281882498985|4.186024960024521
small_launcher:8,small_launcher,7,8,condor|helicopter|jammer|jet_plane|large_launcher|large_tower|small_plane|small_tower|spacecraft|ta-ta|tank,11,0,1,2.0,65.0,5.0,8.5,10.5,1,,1085.7160108418532,663.4342741282587,859.4383166407334,0.5958903935189843,1060.9893625742527,614.2781060398729,0.5042187851641018,10.625069565507024,1.0090825409880324,-5.390011799602307e-05,-18.014256693602874,56.03657968586015,1.0090825424275691,-0.003060452587424952,3.257661876039269,3.4557771378906685,4.745793880983573,0.63213871612248962|1|0.8272637285904948|0.92090587844192839|1|0.77079453584082258|0.54592755308207985|1|1|1|0.70905645531889849,4.7457938809835731|0.96195647495379522|3.626413206731621|3.2576618760392688|2.8741812932569046|3.8920878088499382|5.4952347664343408|1.0386552415067076|1.7830231274282535|2.8964124212015347|4.2309746602317695
small_launcher:9,small_launcher,8,9,condor|helicopter|jammer|jet_plane|large_launcher|large_tower|small_tower|spacecraft|ta-ta|tank,10,1,1,2.75,62.5,6.0,7.5,9.055427254934234,1,,1098.837538037357,622.5484028511969,905.4708284132759,0.4727127542664642,1085.6842776948495,535.5708446481608,0.321610517290534,9.130195717217807,1.0080711368245108,-0.00020135886288112599,-15.887355085378658,56.46890974396581,1.0080711569348928,-0.011444641589031997,3.0431022940489534,7.165582126180689,6.575662313402706,0.14326759840506173|0.98839534954135722|0.60245145560639723|0.97320734301496925|1|1|0.92461394364636484|1|1|0.98329082474951324,20.939845633514093|3.0352134220713287|4.9796419445014477|3.0825974811665544|1.5810206617504092|2.1213838930601634|3.2445892740241105|1.6001741575653909|1.438893786805113|3.050991166026578
small_launcher:10,small_launcher,9,10,condor|helicopter|jammer|jet_plane|large_launcher|large_tower|small_tower|spacecraft|ta-ta|tank,10,1,1,2.5,63.0,5.75,7.0,9.303935862704408,1,,1106.1899576926198,626.0440617240354,911.9896135812471,0.4712268372003656,1094.667277934642,525.9192571199175,0.3000861985831169,8.89350664649582,1.007818752044508,-0.0003398288702520987,-15.657226249562427,57.06103523133061,1.0078188093383706,-0.019319703314421573,2.7356009118720177,10.543605743932762,9.018901767594732,0.093686624089511686|0.8399688887031509|0.46417776255496529|1|1|1|1|1|1|1,32.021646944347786|3.5715608522309439|6.4630411923999587|2.7211622155495534|1.2581822527922057|2.1177880043491322|2.8398624656741851|1.0076299667603632|1.283655792717044|2.750039608194482
small_launcher:11,small_launcher,10,11,helicopter|jammer|jet_plane|large_launcher|large_tower|small_tower|spacecraft|ta-ta|tank,9,0,1,2.5,65.0,5.5,6.5,8.73212459828649,1,,1099.7602320057017,550.0027504759544,952.3494854149498,0.33353162526340746,1097.314151669534,525.2431005586384,0.2972149914619009,8.80873575306523,1.0084287075300131,-0.00014378577630880322,-16.56819480174954,57.06972033015313,1.0084287177807871,-0.00816946009089345,2.6029852430738343,2.9589423706493156,3.744693891228622,1|0.55587302286414153|0.90045787257718035|1|1|1|1|1|0.95834764079255941,2.6029852430738343|5.3969160026442466|3.3316383633747151|1.7485598061477647|2.8318726743807616|2.3597647796028145|1.0179213593888485|2.0772731564503313|3.1303880208056061
small_launcher:12,small_launcher,11,12,helicopter|jammer|jet_plane|large_launcher|large_tower|small_tower|spacecraft|ta-ta|tank,9,1,1,2.0,66.0,5.5,6.0,8.381527307120106,1,,1109.2563213341418,557.1562535733724,959.1801163096726,0.3374066860098087,1119.0730747205935,557.4624500046773,0.33005260337612546,8.96161739317437,1.0078432208818515,0.00022396920921790808,-14.872711632092887,56.4863284357325,1.0078432457677688,0.012732625424218599,2.2170136620059537,2.40848381290271,3.291785242402768,0.94479265239654031|1|1|1|1|0.79835503221782267|1|1|1,3.1752998844679041|1.1053682587397893|2.8894450038058235|1.0455596061579691|2.693538775706195|3.7577266741422228|2.2170136620059537|1.0839752211766001|1.9987196096280533
small_launcher:13,small_launcher,12,13,helicopter|jet_plane|large_launcher|large_tower|small_tower|spacecraft|ta-ta|tank,8,0,1,2.75,66.0,7.0,6.5,8.65531657637587,1,,1099.6029805542316,489.44661727278947,984.6668084605948,0.24707685521202855,1104.876350256867,486.20472378686344,0.24015179620194282,7.986821786142038,1.0082280580772134,0.0002371194192269085,-15.89060342398625,56.49315521623339,1.0082280859605965,0.013475068069140799,2.4641581731364868,2.4242304015569047,3.1080186375505807,0.87903347518333264|1|1|1|1|1|1|1,3.412839311238193|2.9773812059701754|1.0031207032801988|2.9635600831998601|2.4860218665705367|1.4792871257587381|1.5428986841307801|2.4422944797024368
small_launcher:14,small_launcher,13,14,helicopter|jet_plane|large_launcher|large_tower|small_tower|spacecraft|ta-ta|tank,8,0,1,2.75,67.0,7.25,6.75,9.16754648352921,1,,1108.6844593791102,495.5788343085929,991.757454952614,0.24969770584244855,1120.4287588501593,490.1979267422071,0.2367273322399685,7.979824320060543,1.0083224071502406,6.128496078689105e-05,-16.110279197400814,57.5516968942793,1.008322409012664,0.003482387747698463,2.8054478757937105,2.682877674152784,3.310259953602408,0.85815624183221362|0.92858726847505813|1|1|0.95389837494345131|1|1|1,3.4958668997576332|3.2307141195358833|1.9169841033570953|2.8393015937554393|3.144989109481525|2.0466415256033228|1.1942227644432224|2.7715941578319812
small_launcher:15,small_launcher,14,15,helicopter|jet_plane|large_launcher|large_tower|medium_launcher|small_tower|spacecraft|ta-ta|tank,9,1,1,2.5,66.5,8.5,6.5,10.124228365658293,1,,1213.184341686613,561.3830037262888,1075.4837841831134,0.27246504048238757,1151.3968377288693,512.120161516617,0.24661963162823702,8.260507992245195,1.0085163951489446,-0.0002638146094668028,-17.170153129588016,57.900769318843686,1.0085164296541582,-0.014987821144281467,2.405394595289674,6.734449766155685,6.742146088573088,0.86955461434194159|1|1|1|0.15990651208180928|0.80268801894706232|1|1|1,3.4500420676063586|2.4053945952896738|2.2971468149449978|2.1842665304395035|18.760962020969089|3.7374421054740847|1.922205078289724|1.8095377931755805|2.7435810269077243
small_launcher:16,small_launcher,15,16,helicopter|jet_plane|large_launcher|large_tower|medium_launcher|small_tower|spacecraft|ta-ta|tank,9,0,1,3.5,68.0,8.0,7.5,10.111874208078342,1,,1224.762980345459,570.5354475889413,1083.7590419780486,0.27714037302192035,1221.835066069602,538.6369452016464,0.24122176389182653,8.748433657182824,1.0084795010107044,-0.0005633727217821525,-17.43510753121427,58.9080921402151,1.008479658370769,-0.032007468531355374,2.7337088876817432,3.1347943426925227,4.457281185272029,0.66639533111502147|1|1|1|0.67965637425935022|0.67474206908209133|1|1|0.89134133270804639,4.5018322742321049|2.7337088876817432|1.7273237047015251|1.3480697115479616|4.413995253978042|4.4461434130320097|1.5890823880314839|1.6724425840015784|3.365713968647114
small_launcher:17,small_launcher,16,17,helicopter|jet_plane|large_launcher|large_tower|medium_launcher|small_tower|spacecraft|ta-ta|tank,9,0,1,3.5,68.0,7.5,6.5,10.307764064044152,1,,1235.351219614272,578.023380080735,1091.7791021459018,0.2802988114166354,1224.426344754231,547.2635244579008,0.24963886488219697,8.758145602502358,1.0082929988186615,-0.000476046625284631,-16.99398970425318,59.17094960056488,1.0082931111968974,-0.027051125501786854,2.54641636801087,3.1988222318366657,4.358048123998595,0.70586853473982047|1|1|1|0.62631686398985575|0.71666446476884649|1|1|0.89108333111994376,4.2500832143410667|2.54641636801087|2.0755829846068923|1.9125185307867252|4.7899077626287063|4.1860593837939151|2.0091640499296277|1.9342483263547972|3.3666884659360989
small_launcher:18,small_launcher,17,18,helicopter|jet_plane|large_launcher|large_tower|medium_launcher|small_tower|spacecraft|ta-ta|tank,9,1,1,3.5,65.5,8.0,6.5,12.0,1,,1245.7835800792457,585.5470747712296,1099.5959947280264,0.2835680736213583,1296.7895818088757,508.44135966174247,0.18164810921632765,7.951305678320926,1.0080362122318345,-0.0008322014359480688,-16.853186700699098,59.765947690505755,1.0080365557507993,-0.0473014943047947,3.07957204208671,9.374366468210324,10.450324591938875,0.11264066281116362|1|0.86642396278495604|1|0.97417210881039573|0.46841472107581933|0.94893626804494369|1|1,26.633381358835955|2.1981603402674881|3.4624767866091579|0.64525539927622344|3.0795720420867099|6.4045604002146002|3.161430026235307|0.65016226935599242|1.8480259571395632
small_launcher:19,small_launcher,18,19,jet_plane|large_launcher|large_tower|medium_launcher|small_tower|spacecraft|ta-ta|tank,8,1,1,4.5,64.75,8.25,3.75,12.562344526401112,1,,1293.5943475206977,549.9317371671126,1170.8806174815013,0.22059330849496475,1318.97075469044,467.25065769620113,0.14350520607043854,7.3468783841867555,1.0077953862306577,-0.0008884724295573111,-16.182203507706163,59.891962373937986,1.007795777869236,-0.050511947102159775,2.2219187610213975,4.571680933552596,6.552581873728096,1|0.62969742090222247|1|1|0.27970751586617831|0.75320662835474228|1|1,0.96706899142944147|4.7641929283184767|1.4479871968335836|2.7137823838414006|10.725489413017213|3.9829707900820934|0.46349086246882204|1.7300551382013947
small_launcher:20,small_launcher,19,20,hangar|jet_plane|large_launcher|large_tower|medium_launcher|spacecraft|ta-ta|tank,8,3,1,-0.25,65.5,8.0,7.5,11.792071536529289,1,,1488.162990380254,626.2990378295248,1349.9550367146721,0.21524094089909698,1337.255766009185,423.801880709762,0.11165175642658427,6.683246157455228,1.0078546395529422,-0.0004037954506001086,-16.34132702436864,58.76993900650223,1.00785472044296,-0.022955466949400444,3.04937955290179,12.199154446809306,15.359469594439373,0.091285196198292132|1|0.38180025342244639|1|0.81129142790297615|0.58483737127095059|1|1,32.864036638918392|1.4904872204403521|7.8575122896626572|0.31304882889001029|3.6978073640988827|5.1296311058686364|2.4009517417046982|0.83578380975507593
small_launcher:21,small_launcher,20,21,hangar|jet_plane|large_launcher|large_tower|medium_launcher|medium_plane|spacecraft|ta-ta|tank,9,4,1,-3.5,65.0,5.5,8.0,14.5,1,,1526.395303798066,675.1610243769159,1368.9558848330737,0.2432404626548186,1347.8846267880554,509.1414162544532,0.1664293206959767,6.842914200597489,1.0075585703739187,0.0010163330249756367,-14.51011667923649,56.02783533511729,1.007559082965735,0.05779472764465521,6.113731136076921,11.897019972669158,15.643794473365913,0.098236172457248416|1|0.49075915822085536|1|0.32601517045909251|0.25171604109421386|0.43036970529384477|0.67047678197998528|1,30.540328753796864|0.72823266962621791|6.1137311360769209|0.83776989729765494|9.2015282603910027|11.919660903258171|6.9696493402102266|4.4731170909825861|2.683088005279286
small_launcher:22,small_launcher,21,22,hangar|jet_plane|large_launcher|large_tower|medium_launcher|medium_plane|spacecraft|ta-ta|tank,9,4,1,-3.5,65.5,6.0,7.5,12.5,1,,1539.6253692953287,688.1810714932753,1377.2628981484054,0.24967309777680127,1480.722791808175,587.3190920146277,0.18669864265437433,7.2982626536913875,1.0069179729575548,0.0020074446736216907,-12.333894623039669,52.8788417700589,1.0069199740292516,0.11422773066753655,6.154236417047474,6.623208211031439,9.1210138860634,0.34394684505352069|1|0.57666441575512106|1|0.3498677066462586|1|0.27995637691828146|0.39638108566134928|0.48746905234805682,8.7222785012470947|1.8251238860437129|5.2023327143063742|1.8770702452862451|8.5746694935878462|1.1366736071018628|10.715955425328621|7.5684737472869266|6.1542364170474739
small_launcher:23,small_launcher,22,23,hangar|jet_plane|large_launcher|large_tower|medium_launcher|medium_plane|ta-ta|tank,8,2,1,-2.5,67.25,7.5,8.0,13.277641091239175,1,,1583.699849985391,602.4466920689518,1464.6375654266578,0.16919086487836182,1546.6997595472544,523.9663097860433,0.12963856034348975,7.164535321951027,1.0073219969176848,0.001886257867688244,-13.26774675938077,54.5964477733728,1.0073237629694711,0.10728891943595283,3.612407469564193,4.883450987711251,7.305308746626673,1|1|0.64013715090683831|1|0.31372135789261058|1|0.47334387340709089|0.64965083038950744,2.3984893186538199|1.163532553999455|4.6864956271567291|1.4076412262681224|9.5626259598516583|2.6069496369561356|6.3378870838159651|4.6178653021722509
small_launcher:24,small_launcher,23,24,hangar|jet_plane|large_launcher|large_tower|medium_plane|ta-ta|tank,7,1,1,-7.0,68.0,4.5,9.0,13.0862523283024,1,,1522.0145819784716,541.6347785138397,1422.3783443442064,0.14500494814960943,1522.9410921180931,487.44015723215733,0.114133645758515,6.487898638226036,1.0076891124216738,0.0020000126002681236,-13.071163708578297,54.795088916443206,1.0076910971838453,0.11371774199735382,2.323546746469863,3.9733532624785037,5.737331919670288,1|1|0.60629002831107381|1|1|0.43345463403228096|0.62513491899944817,1.91181272682864|0.92809685279496079|4.9481268098583335|2.2762476568424379|2.3235467464698631|6.9211395843882171|4.7989640983416857
small_plane:1,small_plane,0,1,condor|helicopter|jammer|large_launcher|mine_roller|small_launcher|small_tower|spacecraft|ta-ta|tank,10,1,1,0.0,60.75,3.75,6.25,7.503259339205583,1,,968.6160036361159,551.7265049416899,796.1248810612739,0.4802698259027304,841.7498937967996,465.79675585548273,0.44136918886833054,8.799946817314217,1.0096902169545925,0.0015864983676882563,-17.612009338075495,50.532574152454,1.0096914633643699,0.09002720273938422,2.3089788384990158,6.168952324960552,7.883787108401073,1|1|0.9958514164413087|0.48213878716797298|0.43161736420007291|1|1|1|1|0.18424730029398836,2.1659375368607061|0.71265816153727923|3.0124975978799071|6.2222747459993055|6.9506008076134549|1.7280500398180281|2.2950987816248305|0.69994837007366184|2.322858895373201|16.282463815489663
small_plane:2,small_plane,1,2,condor|helicopter|jammer|large_launcher|small_launcher|small_tower|spacecraft|ta-ta|tank,9,0,1,-0.5,60.0,5.0,4.5,6.726812023536855,1,,933.5183315332603,419.710010517392,833.8464980919047,0.253353225071997,895.6279256203551,395.9825130343308,0.24297330679197784,8.877892773786348,1.008566471941648,0.0013174328996176138,-15.296580608038084,51.99112058095159,1.0085673323850362,0.0748421686701748,1.518884505324878,2.4198087443805005,3.6223800812746116,0.88941757382966369|1|0.91546864303909203|0.64935851858694116|1|1|1|1|1,3.3729869431605652|0.30853629832086932|3.2770078676045147|4.6199526337307963|1.8553602689138067|1.2163222085722756|0.5303122679308413|1.2783771280368674|1.5188845053248781
small_plane:3,small_plane,2,3,condor|helicopter|jammer|large_launcher|small_launcher|small_tower|spacecraft|ta-ta|tank,9,0,1,-1.0,61.0,4.0,4.5,6.800735254367722,1,,941.3895429655772,424.97274297093304,840.0074043344497,0.2559504654396552,906.1676643518782,392.28908553136534,0.23063459281468016,8.84073587871194,1.0085207625242505,0.0011624406611573154,-15.455067596396702,52.532000711613705,1.0085214324498941,0.0660402014504162,1.6577553986252187,2.557657157916927,4.052322887482928,0.81131176694232587|1|0.75862384986367115|0.67514374144702205|1|1|1|1|1,3.6977124150182394|0.73302145207297464|3.9545281245160511|4.443501939350436|1.6239957518788333|0.86621547331733162|0.25496183043273163|1.7550616986393883|1.6577553986252187
small_plane:4,small_plane,3,4,condor|helicopter|jammer|jet_plane|large_launcher|small_launcher|small_tower|spacecraft|ta-ta|tank,10,1,1,0.5,60.5,4.0,4.75,8.46744905869405,1,,937.5451735783189,484.29666076548,802.774997662113,0.3639445943669742,908.7416413311877,403.0026674645996,0.24481624352010517,9.034744103198047,1.0089127621426945,0.0011831207649114761,-16.088134073544097,52.3009377348352,1.0089134558470045,0.06718895622541919,1.7506461969543106,8.948697246249445,7.00654253858983,0.83638583722909066|1|0.74204567233211838|0.11059343366009114|0.62879847218544949|1|1|1|1|1,3.5868608440502228|1.0108279415650945|4.0428776792454739|27.126384507537054|4.7710045420401475|1.5625651256485276|1.512060742762221|1.4510855659142388|1.1679680158479331|1.9387272682600936
small_plane:5,small_plane,4,5,condor|helicopter|jammer|jet_plane|large_launcher|small_launcher|small_tower|spacecraft|ta-ta|tank,10,0,1,0.25,61.25,4.25,4.5,7.796731403942497,1,,947.7325308334625,494.13973554577893,808.7168056586605,0.3733418031545772,923.0864574837657,464.0044269788658,0.3381030096271218,9.844238880856087,1.008839677584592,0.0007718668685347236,-16.48685218234914,53.33189700104094,1.0088399728636086,0.04383719858187349,2.169804301988879,2.718059807724599,4.107487879556347,0.72213359115556197|1|0.73130066571310726|0.87932635116542568|0.78794159049793|1|1|1|1|1,4.154356950950814|0.85476884659035945|4.1022802049569611|3.4117021916949883|3.8073876333700003|1.2613710343643181|0.94948365602618745|0.84347883054479333|1.7796566656402155|2.5599519383375422
small_plane:6,small_plane,5,6,condor|helicopter|jammer|jet_plane|large_launcher|small_launcher|small_tower|spacecraft|ta-ta|tank,10,0,1,0.75,62.0,4.5,5.0,8.38600678665945,1,,956.2089690543589,500.38965150536933,814.8286870050263,0.3771238667663815,921.4795674512557,475.8946773053281,0.3637294827199218,9.842137236661966,1.0090649049517284,0.0010399768441590321,-16.4640666683747,52.9421586063537,1.0090654408694597,0.0590509714207692,1.7034147063908422,2.6756334249728786,4.232851255020663,0.70940317373619555|1|0.85527433149082255|0.89398047668346559|0.70284753499873631|1|1|1|1|1,4.2289068207510079|1.1538451202129503|3.5076464305970356|3.3557780106641286|4.2683511634475604|1.4982089575889519|1.1310424537216908|1.0909920565912621|1.5109497866221084|1.8958796261595758
small_plane:7,small_plane,6,7,condor|helicopter|jammer|jet_plane|large_launcher|large_tower|small_launcher|small_tower|spacecraft|ta-ta|tank,11,1,1,2.0,61.5,5.0,6.0,8.0,1,,1038.5151291886502,583.2163910858407,859.285933041224,0.4606637492347123,946.7017581876695,487.3835205966058,0.36062266128831894,9.931937582276507,1.0090488992288125,0.00024505756822681653,-17.15508245714932,54.282924542036426,1.0090489289861468,0.013914850045246441,2.692801156103376,7.720616895566376,5.516025798600655,0.54386985770447194|1|0.64118105616438781|1|0.81149170275354476|0.12738513785972722|1|1|1|1|1,5.5160257986006549|1.5876838486550946|4.6788658348127976|2.8758263951135237|3.6968950185896801|23.55062799311079|1.9921029158434365|2.064123114139119|1.2515132959251247|2.6892528066073491|2.6928011561033758
small_plane:8,small_plane,7,8,condor|helicopter|jammer|jet_plane|large_launcher|large_tower|small_launcher|small_tower|spacecraft|ta-ta|tank,11,0,1,2.0,62.5,5.0,6.0,8.246211251235321,1,,1049.2942886208004,593.8054554844143,865.1090019004419,0.47113644908429414,1025.0122918706481,538.8483471074848,0.38190233509491367,10.61819608847543,1.0085688804925756,0.00024111593975253013,-16.519597197235726,55.131414180818524,1.0085689093140555,0.013697552765275055,2.2249564457038713,3.1058309404191458,4.9355305884570955,0.51489742336569833|1|0.60783738371536866|1|1|0.8066989393184959|1|1|1|1|1,5.8264032100150294|1.7856943350119594|4.9355305884570955|2.9629378749763506|2.2249564457038713|3.71885948175637|1.2681268799068959|1.4534947764843835|1.2185013954293908|1.7412655479326684|2.9691768611119285
small_plane:9,small_plane,8,9,condor|helicopter|jammer|jet_plane|large_launcher|large_tower|small_launcher|small_tower|spacecraft|ta-ta|tank,11,1,1,2.5,61.5,5.5,6.5,9.192388155425117,1,,1058.6449021865735,601.5308305885042,871.1427487944351,0.4768009705489133,1039.8084466439886,509.1041711618565,0.31530714088968803,10.089346029517761,1.008046243964719,-0.00014147399273749933,-15.749474710260529,56.10066059153178,1.0080462538922847,-0.008041161494360405,2.7186522257589876,6.799002563034077,5.304678447211119,0.14502196058588604|0.90896019280253548|0.56553851925585596|1|1|1|1|0.86075190110397815|1|1|1,20.686522163093205|3.3004745591165938|5.3046784472111188|2.838787286499425|1.6497662298233009|2.0353852637315364|1.4269616042969167|3.4853248517036204|1.8937753207459291|1.2006043273086653|2.7186522257589876
small_plane:10,small_plane,9,10,condor|helicopter|jammer|jet_plane|large_launcher|large_tower|small_launcher|small_tower|spacecraft|ta-ta|tank,11,1,1,2.0,62.0,5.0,6.0,9.5524865872714,1,,1065.7504727880414,605.0036911958156,877.3793956364443,0.4754897793673223,1043.4364663213712,500.17182486744355,0.2983251758992493,9.882349784921379,1.0078033220966935,-0.0003217649935124293,-15.565099940729851,56.993331756461885,1.007803373462226,-0.018293029098714275,2.6585121562946417,10.043489727013432,6.534088090406943,0.093831844877542273|0.82872755993993263|0.45913063284244926|1|1|1|1|1|1|1|1,31.97208798266589|3.6200075211850016|6.5340880904069429|2.6901749611218326|1.2834544577569564|2.1360346703844613|0.44792493819983958|2.8836575453716069|1.0486129965798194|1.2020976641834995|2.6585121562946417
small_plane:11,small_plane,10,11,helicopter|jammer|jet_plane|large_launcher|large_tower|small_launcher|small_tower|spacecraft|ta-ta|tank,10,0,1,0.75,64.0,4.5,6.25,8.973834704667382,1,,1050.7678585206154,528.2286995031941,908.3432905686948,0.3381769177726626,1044.7287751353908,500.194581918093,0.297403360396734,9.78527763550049,1.008435255631294,-5.71823297919812e-05,-16.453134394629615,56.65466359683421,1.008435257252528,-0.0032489008471279757,2.6684724351320828,2.872836570811208,3.3697515415322776,1|0.52864967339505242|0.9635052822400737|1|1|1|1|1|1|1,2.8066281824153592|5.6748356255175434|3.1136310877561377|1.7966028757400061|2.8537982045651886|1.4442477387357726|2.5303166878488064|1.246096402528502|1.8419851850361904|2.8196301390176584
small_plane:12,small_plane,11,12,helicopter|jammer|jet_plane|large_launcher|large_tower|small_launcher|small_tower|spacecraft|ta-ta|tank,10,1,1,0.75,64.75,4.5,6.0,8.477591922614671,1,,1059.8645833312858,535.1413541644641,914.8424269036847,0.342171971368036,1068.503280054641,533.9721357589,0.33286857730548164,9.951468443356754,1.0078344377221793,0.0002479941241588157,-14.77224860920569,56.35249448301033,1.0078344682336813,0.014098562065093342,2.0807202022512064,2.3050755245661634,3.3250505024223105,0.91818572119822794|1|1|1|1|1|0.78029709697991823|1|1|1,3.2673128439475416|0.98333542118996553|2.82682516171353|1.0999193968620395|2.6798021367762712|0.80739109737476833|3.8446894286952324|2.301301317056478|0.9590229080770637|1.8601390874459351
small_plane:13,small_plane,12,13,helicopter|jet_plane|large_launcher|large_tower|small_launcher|small_tower|spacecraft|ta-ta|tank,9,0,1,2.5,65.0,6.0,5.0,8.73212459828649,1,,1046.4136312445098,462.9151288708488,938.4514218204405,0.24332075521757296,1052.05646235818,457.67402908703576,0.2334248808676818,8.973217099400678,1.0082141909104751,0.00030355329252468245,-15.748215955997694,56.15849282198337,1.0082142366074116,0.01725062209025684,2.1502027627488767,2.3490696432196496,3.082286837135264,0.82945321637619462|1|1|1|1|1|1|1|1,3.6168405170656386|2.788134537717081|1.0454920880165945|2.9486484171526701|1.4480943121106908|2.6633628757634495|1.7249754045804775|1.4936371600162262|2.1502027627488767
small_plane:14,small_plane,13,14,helicopter|jet_plane|large_launcher|large_tower|small_launcher|small_tower|spacecraft|ta-ta|tank,9,0,1,2.0,66.0,5.0,6.0,10.062305898749054,1,,1055.0562415527934,468.74030641549894,945.2122502279635,0.24592683240654858,1064.6113444747766,460.79387557729154,0.23052736962159717,8.966280960353162,1.0083070023155363,9.147425596861287e-05,-16.01510729533493,57.34230176339838,1.0083070064648378,0.005197909738488859,2.585781532428187,2.5536505093999167,3.3709519377686816,0.81943749135898847|0.96973242975086871|1|1|1|0.90952419579928967|1|1|1,3.6610480138060097|3.0936368711709141|1.9302400765126881|2.7616444073697886|0.86188194512760663|3.2984279187593497|2.2171407553584968|1.0674097603666832|2.5857815324281872
small_plane:15,small_plane,14,15,helicopter|jet_plane|large_launcher|large_tower|medium_launcher|small_launcher|small_tower|spacecraft|ta-ta|tank,10,1,1,2.5,66.25,7.0,6.25,10.304587338775164,1,,1165.553499415621,533.8458816741946,1036.1098081861312,0.26547291809630436,1095.3724086560348,482.08253409139087,0.24022601481118755,9.249060323325505,1.0085048240277645,-0.00024903125525652233,-17.105771570180877,57.80897909765099,1.0085048547745512,-0.0141481123967782,2.3371070981580973,6.384270773169034,5.301692288121991,0.8500012833826428|1|1|1|0.16018347961037208|1|0.78743832259380886|1|1|1,3.5294064356304471|2.3372188075677602|2.3369953887484338|2.1740156469499925|18.728523111880762|0.45597106505473251|3.8098221965932444|1.9882845540490064|1.7360856602863575|2.6522515731119753
small_plane:16,small_plane,15,16,helicopter|jet_plane|large_launcher|large_tower|medium_launcher|small_launcher|small_tower|spacecraft|ta-ta|tank,10,0,1,3.0,67.25,7.5,6.5,10.78472765433725,1,,1176.6256350258566,542.561339721237,1044.0666059403952,0.27004819521004486,1170.7760641109965,505.31081529974745,0.2289260842379489,9.692849013418956,1.0084126390307235,-0.0004899167597090762,-17.101926898119928,58.64781505726023,1.0084127580387605,-0.027835986330521412,2.2061908829831594,3.0147570802302566,4.639332684162176,0.63562885398881486|1|1|1|0.67146547756528041|1|0.64789232387081597|1|1|0.99053448471468319,4.7197353976586074|2.5802564588229391|1.7747870383666042|1.3857415448844845|4.4678395338621666|0.95962885414069743|4.63039904932924|1.8321253071433796|1.4252167971457452|3.0286678913328728
small_plane:17,small_plane,16,17,helicopter|jet_plane|large_launcher|large_tower|medium_launcher|small_launcher|small_tower|spacecraft|ta-ta|tank,10,0,1,2.75,67.75,7.0,6.5,10.706204693233602,1,,1186.7567916384553,549.7042173825272,1051.7684896838578,0.27316045464563954,1172.4112340427744,514.0423109001321,0.23798743553714152,9.714831735776057,1.0082323574358807,-0.00042095958332975374,-16.696113589577635,58.98979355840538,1.0082324453159026,-0.023922269396504752,2.3090292514098127,3.0620947114046575,4.464490060572326,0.6782803904430772|1|1|1|0.62004558740644844|1|0.6919196786153714|1|1|0.97101131928371498,4.4229496306595015|2.4554121823716559|2.1280937875557644|1.9436631389577095|4.8383539297877478|0.79113184153380778|4.3357633751416467|2.1626463204479696|1.6760851313417149|3.0895623263505123
small_plane:18,small_plane,17,18,helicopter|jet_plane|large_launcher|large_tower|medium_launcher|small_launcher|small_tower|spacecraft|ta-ta|tank,10,1,1,3.0,67.25,7.25,5.25,11.066989079288792,1,,1196.7397377876277,556.8755385500187,1059.2807156578592,0.2763720696561587,1230.6611776132572,477.7425938976417,0.17743912545327203,8.95257237340554,1.0080296720061015,-0.0008491050399154836,-16.797081486655316,59.910631553148505,1.0080300296241662,-0.048262590869217276,2.6662297250941123,8.916871803554121,8.363685692176304,0.11225253999782468|1|0.88036891137703221|1|0.94748595545021663|1|0.47442033254390958|0.98465751376811605|1|1,26.725466169772915|2.2857172562839039|3.4076325217018706|0.66849828081823448|3.1663068105240018|0.59893649927614956|6.3234878613322447|3.0467421939043211|0.54374860936027281|1.9034468369690287
small_plane:19,small_plane,18,19,jet_plane|large_launcher|large_tower|medium_launcher|small_launcher|small_tower|spacecraft|ta-ta|tank,9,1,1,2.5,66.0,9.5,3.5,10.5,1,,1236.7222035048837,518.5013669560418,1122.7814306919631,0.21325998220176878,1247.6269689620262,438.088316074959,0.14063762596236898,8.352240402742641,1.0078200371191581,-0.0009214899395654295,-16.263824801012106,60.071026639738875,1.0078204583965191,-0.052387795184734395,1.8829073101254101,4.337464234656942,5.914397198789364,1|0.6415795994462582|1|1|1|0.27603595550462862|0.78693469527958526|1|1,1.0875770941935234|4.6759591522631112|1.3722827973962095|2.7754464797799492|0.63908913403179846|10.868149384894368|3.812260430170848|0.29138842661583231|1.8829073101254101
small_plane:20,small_plane,19,20,hangar|jet_plane|large_launcher|large_tower|medium_launcher|small_launcher|spacecraft|ta-ta|tank,9,3,1,-1.0,67.0,8.0,5.0,10.63014581273465,1,,1412.3968551873832,603.2661593303147,1277.080583812181,0.223142001186677,1246.6255985476946,400.96472674799674,0.11538965327401295,7.679866546629454,1.0078826909044547,-0.00047832553697620453,-16.355500740976822,59.15098328547242,1.0078828044073993,-0.027191688766788773,2.047858275914402,11.616182736969183,13.023663725600521,0.090292907060833982|1|0.37625673719525404|1|0.7808292986773141|1|0.62545978787359302|1|1,33.225201300056767|1.5743846194550302|7.973279331986455|0.19773020627632004|3.842068671036067|1.3024044809631565|4.7964714003505735|2.0478582759144022|0.87105280593040202
small_plane:21,small_plane,20,21,hangar|jet_plane|large_launcher|large_tower|medium_launcher|medium_plane|small_launcher|spacecraft|ta-ta|tank,10,4,1,-2.25,66.25,5.75,8.0,13.020831616226504,1,,1457.3310794050883,660.3551032470967,1299.1324076534756,0.2583736637495396,1233.7762602736539,473.99487995384527,0.1731525870330762,7.7802800528439295,1.0076375467686205,0.0006430242600761604,-14.759289985979194,57.443329918026166,1.0076377519416801,0.03656331718069804,4.533764091607969,11.729800881204218,14.990401126426642,0.094106801364081449|1|0.45190354455246945|1|0.32079571698101922|0.22876501522738413|1|0.51435220430220951|0.92735862614668896|1,31.878707197722143|1.3023353527024366|6.6385993532568079|0.9259336017760309|9.3517332942603026|13.113922674060483|2.4200877214270147|5.8325589568967136|3.2349692263192247|1.7987230975078026
small_plane:22,small_plane,21,22,hangar|jet_plane|large_launcher|large_tower|medium_launcher|medium_plane|small_launcher|spacecraft|ta-ta|tank,10,4,1,-2.25,65.75,6.25,7.25,10.38924960445494,1,,1470.1376313121164,673.1456727234474,1306.9734344253893,0.26526783704104845,1398.4994592367511,589.5375862174352,0.21610781460628808,8.311120252774558,1.007095368019116,0.0016402639144355551,-12.741652764218088,54.35409466243971,1.00709670377341,0.09331799099590991,5.182853603972081,6.669153410099278,10.29612966539167,0.29633862603558508|1|0.53215986535449022|1|0.33385546412555039|1|0.65721396998742343|0.2531836085946913|0.49033085120567288|0.63447585534566475,10.123575052403998|0.98139355836376829|5.6374141895712606|1.5410606549686001|8.9859227717922092|2.3228146526406435|4.5647097338379554|11.849121182280715|6.11829891750671|4.7282930183729004
small_plane:23,small_plane,22,23,hangar|jet_plane|large_launcher|large_tower|medium_launcher|medium_plane|small_launcher|ta-ta|tank,9,2,1,-1.0,67.5,8.0,7.5,11.335784048754634,1,,1509.7876373439224,609.1926872225495,1381.4278771297154,0.19447014195614407,1401.1931761381027,558.2683680625529,0.18869503014404126,8.238373145326909,1.0074639762342588,0.001295514763711308,-13.698001756649091,56.71210207220906,1.007464809195957,0.0736775597885636,4.376341624484577,4.791095998306755,6.486223960120738,0.6807804656683708|1|0.53031354312808832|1|0.30603032802122299|0.6855109945887321|0.91578259077999702|0.67721691167127895|1,4.4067584882389745|1.0679563004130308|5.6570465499014624|1.0442543813466938|9.8029336009978394|4.376341624484577|3.2758624977298179|4.4298581897704263|2.7081214865049055
small_plane:24,small_plane,23,24,hangar|jet_plane|large_launcher|large_tower|medium_plane|small_launcher|ta-ta|tank,8,1,1,-4.25,69.75,6.0,6.25,11.354063819186797,1,,1437.9243721420123,541.0315176346469,1332.2580068912894,0.1649181494811604,1405.3844989696086,527.3221846854901,0.16385541521863112,7.554237487835668,1.0079437004930996,0.0018220599376407417,-13.391839541417085,55.51708370323013,1.0079453473607285,0.10357347407507402,2.9570862034609435,3.8090988592391564,5.793471259672059,1|1|0.52167713237905378|1|1|1|0.50905180719146592|0.77707863890889295,2.6664735465358418|1.0209492322747624|5.7506833025789907|2.7793533396234298|2.9897868594940404|2.9243855474278471|5.8933098262225529|3.8606131650687763
small_tower:1,small_tower,0,1,condor|helicopter|jammer|large_launcher|mine_roller|small_launcher|small_plane|spacecraft|ta-ta|tank,10,1,1,0.0,61.0,3.0,6.75,9.178880615385573,1,,970.1236635089363,572.2793142289546,783.3494169306807,0.5337096398762051,828.554660216709,470.731150424272,0.476620052474844,8.79996046151336,1.0106385895988255,0.001799224153470659,-18.696288525635055,49.82365244991627,1.0106401911629368,0.10200267686550145,2.2050142622643403,6.113984387490516,9.095480653786698,1|1|1|0.3593639211303955|0.56902361654503153|1|1|1|1|0.18960873887315513,2.0188353616028065|1.7998878090362564|2.3911931629258745|8.3480834426170603|5.2721889090308007|1.8648098147622287|1.8721488446321548|0.426704432536474|2.405515575579559|15.822055554313462
small_tower:2,small_tower,1,2,condor|helicopter|jammer|large_launcher|small_launcher|small_plane|spacecraft|ta-ta|tank,9,0,1,-0.5,60.0,3.5,5.0,8.860022573334675,1,,946.9828925410596,489.89075618171495,810.4218936906502,0.3654064082393257,879.4793640233746,429.19234416708275,0.3125962698833437,8.707633086969514,1.0094513994721428,0.001584689376747091,-16.370710683403104,51.43354948687022,1.0094526433353317,0.08994582462062062,1.958408036087513,2.8775073540772813,3.9341048189004786,1|1|1|0.45343958241312277|1|0.91922834771740913|1|1|1,1.9584080360875129|0.96552900312717571|2.3868338493659484|6.6160964436112693|2.1252379956950058|3.2636069127227803|0.72555297721709888|1.442228926852464|1.5839516622254064
small_tower:3,small_tower,2,3,condor|helicopter|jammer|large_launcher|small_launcher|small_plane|spacecraft|ta-ta|tank,9,0,1,-1.0,61.0,3.5,5.0,9.219544457292887,1,,955.5077830435449,496.02175894523015,816.6746831570513,0.36889542630323063,886.8603249906574,435.0362320869195,0.31687209903404195,8.707148738395622,1.009396494197071,0.001519726195865436,-16.456957541912516,51.959894272422616,1.0093976382303695,0.08626325903360696,2.130341725556343,2.9481113983458567,3.673217112214859,1|1|1|0.45197688708792083|1|1|1|1|1,2.130341725556343|1.1645678793390783|2.9321445030249533|6.6375075489744768|2.1310332667960363|2.8226010330305407|0.56270614195717983|2.0056811474864791|1.6810475446958915
small_tower:4,small_tower,3,4,condor|helicopter|jammer|jet_plane|large_launcher|small_launcher|small_plane|spacecraft|ta-ta|tank,10,1,1,0.0,60.5,2.75,5.75,10.056276494672947,1,,959.3513655069241,557.2724540944749,780.8984917436588,0.5092675272916192,894.5857027428784,447.50301880311514,0.33375122051378736,8.904540558453172,1.0099150271627724,0.0013199847263443074,-17.407211424017078,51.80865517478355,1.009915889789274,0.07488700409517575,2.3453299182235434,9.04455369391812,8.934360002667209,1|1|1|0.11098205473506294|0.43330196669121263|1|0.93376443148478538|1|1|1,2.3824792496919098|1.424502910511936|2.9668668574792649|27.031397167400698|6.9235780954746051|1.8674955046060688|3.2128017431531468|1.2680242617699786|1.4677248510753196|2.308180586755177
small_tower:5,small_tower,4,5,condor|helicopter|jammer|jet_plane|large_launcher|small_launcher|small_plane|spacecraft|ta-ta|tank,10,0,1,0.0,61.25,3.0,6.0,9.477731318827768,1,,970.3971867230449,567.6326727329292,787.060257442892,0.5201382643299219,922.1047498706099,518.2797771863061,0.46180316703711727,9.732263770281513,1.0097198055802648,0.0009771951720981612,-17.657830907321795,52.87139353012037,1.0097202784392576,0.05545017670474711,2.767238929336862,3.074103663818258,4.093458625783454,1|1|0.97347942441970037|0.76841887986391177|0.51746446660483436|1|0.86290066312347902|1|1|1,2.7121428526464597|1.094103373100187|3.081729137838273|3.9041207222308438|5.7974997577569525|1.6075644198723362|3.4766456798474374|0.61361706452917431|2.141192762341265|2.8223350060272643
small_tower:6,small_tower,5,6,condor|helicopter|jammer|jet_plane|large_launcher|small_launcher|small_plane|spacecraft|ta-ta|tank,10,0,1,0.0,62.0,3.25,6.0,9.446628716703051,1,,979.5782931955976,574.6519591934868,793.3150435325723,0.5247088674640366,924.7726890723001,521.0114344567248,0.46501441611720584,9.68382993408109,1.010000051843442,0.0012505109246127243,-17.689833985925134,52.318467595825496,1.0100008259904187,0.0709395623027684,2.374982502335758,3.0949826614054716,3.9691118126762266,1|1|1|0.81149990625486657|0.46996915490949071|1|0.8106228700211493|1|1|1,2.6746076811155293|0.80925014940174944|2.4697183175199671|3.6968581013999282|6.3833976615896599|1.813834372711751|3.7008578294636241|1.3322745637454441|1.8724065592296375|2.2802466871515494
small_tower:7,small_tower,6,7,condor|helicopter|jammer|jet_plane|large_launcher|large_tower|small_launcher|small_plane|spacecraft|ta-ta|tank,11,1,1,1.0,61.5,4.0,6.5,9.7082439194738,1,,1071.5873353839957,658.8621056897374,845.1036285814049,0.6078117997362493,941.6196582562516,584.8236794131893,0.6279849832784596,9.924045168517374,1.0100890362684254,4.8232589150041444e-05,-19.146026126249808,54.169934627940506,1.0100890374199984,0.002735920985138841,3.5031382916917075,7.730230838249137,5.573696635253669,0.63698357719988141|1|0.87959015217759873|1|0.53823860456774819|0.12985183181620147|1|0.68845713485038962|1|0.8563634199655793|0.82522089435684498,4.7097152546117131|1.2905861330712094|3.4107213969413488|2.6895668737299565|5.5736966352536692|23.103281365566559|2.1208572281184437|4.3576191529022594|0.89728149620975528|3.5031382916917075|3.6353349364601226
small_tower:8,small_tower,7,8,condor|helicopter|jammer|jet_plane|large_launcher|large_tower|small_launcher|small_plane|spacecraft|ta-ta|tank,11,0,1,1.5,62.5,5.0,6.5,10.404326023342406,1,,1083.2377489088706,670.1032156433492,851.0967636206826,0.6199055518053708,1050.1122569182896,613.1053847592384,0.517169508303064,10.574132832036321,1.0091023134142525,4.9657533323539874e-05,-17.686134979310737,55.46197349665886,1.0091023146360665,0.0028195030774887213,3.1322258590954797,3.5115316948030215,5.009357291037178,0.59890103731357314|1|0.75636241440845331|1|0.95771638922170654|0.73095889252950463|1|0.51761114152425947|1|1|0.81385264677183689,5.009357291037178|1.3483125593006882|3.9664541565846769|2.9865559983893495|3.1322258590954797|4.103981894949416|1.5801393063364413|5.7960205387918204|1.4061736358325438|2.4012670882283569|3.6861785472118895
small_tower:9,small_tower,8,9,condor|helicopter|jammer|jet_plane|large_launcher|large_tower|small_launcher|spacecraft|ta-ta|tank,10,1,1,0.75,60.75,5.0,5.75,9.53426626414534,1,,1090.7494499196414,619.2992196048159,897.8879880568991,0.4757258406988223,1067.7152415725848,495.36028331516115,0.27428177660946884,9.014257646910512,1.0077840349777178,-0.0003369661682394053,-15.353961856845217,56.23744941997745,1.007784091312305,-0.019157615013963934,2.404316730104506,6.825799231338727,7.32995681329412,0.1519552631634386|0.7521668659265085|0.50413657743466056|1|1|1|1|1|1|1,19.742652788424216|3.988476674348532|5.9507683716130035|2.4832210758432272|1.9076741040905434|1.2957592828966025|1.0277283723788346|2.3306491972707635|0.84277229019093647|2.4779842629382482
small_tower:10,small_tower,9,10,condor|helicopter|jammer|jet_plane|large_launcher|large_tower|small_launcher|spacecraft|ta-ta|tank,10,1,1,0.5,62.0,5.25,5.5,9.049957015408836,1,,1097.8471842656427,622.4039537644493,904.3681542040173,0.47364631587900724,1073.1185929461062,480.6143003590887,0.2509143596916411,8.798889008381925,1.0075773104135528,-0.0005335893171173339,-15.222973351151268,57.175530795200416,1.007577451701738,-0.030342498476388233,2.0282224665866124,10.268605959683544,9.515334865361764,0.096502667961478467|0.70338010663325401|0.42143956581577258|1|1|1|1|1|1|1,31.087223424729952|4.2651192032624063|7.1184583587653076|2.3254183011608576|1.7310266320123675|1.4335294628320177|0.27025377807617473|1.4190988185884628|0.8905872281883408|2.4133954712145056
small_tower:11,small_tower,10,11,helicopter|jammer|jet_plane|large_launcher|large_tower|small_launcher|spacecraft|ta-ta|tank,9,0,1,-1.0,63.0,4.0,5.5,7.632168761236874,1,,1075.5435347124394,520.8314629534823,941.0252293426907,0.3063316632234339,1070.774648237897,480.35034305619905,0.25194467753476835,8.74834158060648,1.0082734846087174,-0.00023813578010176216,-16.237412001657958,56.80544109262553,1.0082735127303777,-0.01353221631379349,2.3120317687397143,2.92676251749501,3.8824305626851996,0.89952587888172519|0.49408809095217965|1|1|1|1|1|1|1,3.3350902630305561|6.0717917613037713|2.7981225315476035|1.7389005261971071|2.3120317687397143|1.131051672294991|1.4845543486881592|1.568171637225539|2.638725037682498
small_tower:12,small_tower,11,12,helicopter|jammer|jet_plane|large_launcher|large_tower|small_launcher|spacecraft|ta-ta|tank,9,1,1,-0.5,63.5,3.5,6.0,7.3824115301167,1,,1084.7765230397786,527.614707791531,947.8200383302353,0.30987177130715365,1092.8225512117583,524.0400590361578,0.2986136361467259,8.9576525877857,1.0076813491440038,2.644344046705662e-05,-14.640305050488223,56.57067676926056,1.0076813494909664,0.0015035482551175954,1.720255496292845,2.029852195492783,2.812074271910942,0.78640909425479788|1|1|1|1|1|1|1|1,3.8148083763487035|0.55393136474926763|2.4621067537094987|1.3572505691481815|1.9966072839688507|0.54400953051533585|2.5613907458015017|0.71875531288563466|1.7202554962928449
small_tower:13,small_tower,12,13,helicopter|jet_plane|large_launcher|large_tower|small_launcher|spacecraft|ta-ta|tank,8,0,1,0.75,64.0,5.5,5.0,8.48683064368665,1,,1069.2594692122207,433.7896101776395,977.3138628925365,0.19701086302695117,1078.473489047732,415.33351348465646,0.17413828061417963,7.9195511645774825,1.00796900883207,0.00011577510116026951,-15.410916333198657,56.37898101653718,1.0079690154810215,0.006580980746321404,2.028160634878155,2.2889842245257195,2.9995604053056732,0.70642860557182052|1|1|1|1|1|1|1,4.2467136471231113|2.4650661588124856|1.2476228506639209|2.2728335580501722|1.0949638990275188|2.1180811661218897|1.280678978959326|1.9382401036344208
small_tower:14,small_tower,13,14,helicopter|jet_plane|large_launcher|large_tower|small_launcher|spacecraft|ta-ta|tank,8,0,1,0.5,65.5,5.25,5.25,8.163341720057929,1,,1077.8923988216543,439.2761530229199,984.3213320978491,0.19915969860028845,1087.7461808648618,418.96779651916387,0.17420003602924902,7.906700854647057,1.0080272575982927,-0.0001101914526434227,-15.651418323483085,57.57897279222004,1.0080272636210248,-0.006263228600363852,2.1480613286738395,2.4209513101612896,3.204707148812354,0.68449413119337554|1|1|1|1|1|1|1,4.3827987170169802|2.6998107624389434|1.8491893042129826|1.9930756502968838|0.4612517019499115|2.6412554075299686|0.71082966654525359|2.3030470070507949
small_tower:15,small_tower,14,15,helicopter|jet_plane|large_launcher|large_tower|medium_launcher|small_launcher|spacecraft|ta-ta|tank,9,1,1,2.5,66.0,8.5,6.0,10.5,1,,1194.5488739878663,489.12025601438296,1089.820346434266,0.20142875756457668,1119.6653051411495,440.51900995576824,0.18314289104459647,8.234640893161698,1.0082740327017092,-0.0004884270058497526,-16.804194899325466,58.10597675883582,1.0082741510033408,-0.027755156771645854,2.268502330105276,6.420715845382371,7.0059257231205425,0.70656027844076119|1|1|1|0.16624238233801658|1|1|1|1,4.2459222398126446|1.9695784853554075|2.9241610332815626|1.5225410705141422|18.045939656352122|0.054110972838221097|2.2685023301052758|1.3387759708906659|2.3784645399526325
small_tower:16,small_tower,15,16,helicopter|jet_plane|large_launcher|large_tower|medium_launcher|small_launcher|spacecraft|ta-ta|tank,9,0,1,2.5,66.5,9.0,6.0,10.816653826391969,1,,1205.582897795415,497.1682357238655,1098.2958931198864,0.2049122999702027,1204.1736297769514,463.28080740469414,0.17373177404620088,8.786444376914755,1.008177013998709,-0.0007083005560304432,-16.811894272346308,58.908234750808674,1.0081772628089916,-0.04025347260137062,2.2828568907352738,2.75559983491831,4.022641882015563,0.55301550336664551|1|1|1|0.81697084258267461|1|1|1|1,5.4248027075953562|2.2083282315769384|2.3561695228650268|0.80828943276879439|3.6721016756206137|0.57916087786003545|2.2828568907352738|1.0760330826061602|2.7642121142414608
small_tower:17,small_tower,16,17,helicopter|jet_plane|large_launcher|large_tower|medium_launcher|small_launcher|spacecraft|ta-ta|tank,9,0,1,2.0,67.5,8.5,6.0,10.124228365658293,1,,1215.6505980515988,503.58346141622457,1106.440271289537,0.20715096862222432,1206.2162548721149,470.1125137689232,0.17910404737619512,8.784409623323487,1.0080107194126224,-0.0006464960747343012,-16.418111435195897,59.265416602783716,1.0080109267304236,-0.03674712060279083,2.5276477458305378,2.844561867930366,4.2734324963483035,0.58614670940619251|1|1|1|0.73850744277315861|1|1|1|1,5.1181725527953681|2.0574792102677519|2.8650880651355757|1.3034349598793284|4.0622474822365371|0.41512165483568497|2.5276477458305378|1.263438676051081|2.7978108723548716
small_tower:18,small_tower,17,18,helicopter|jet_plane|large_launcher|large_tower|medium_launcher|small_launcher|spacecraft|ta-ta|tank,9,1,1,2.5,65.5,9.0,4.5,11.0,1,,1225.5925223597758,510.1034181837915,1114.3928991255327,0.20952690370799093,1241.866569091149,412.865898944781,0.12426114661540758,8.120915421925421,1.0077521934553377,-0.0010603708165272381,-16.3545616974111,60.101487300961935,1.0077527513236135,-0.060287390569623796,1.7995427923217324,8.902261095039815,8.64166883323605,0.11607455180864015|1|0.69112935263832742|1|1|1|0.82010690315885693|1|1,25.845458399438463|1.7995427923217324|4.3407214416854423|0.87883947987082245|2.3691117542717253|0.99344271940206685|3.6580596851771996|0.53556752526971518|1.4642833259799721
small_tower:19,small_tower,18,19,jet_plane|large_launcher|large_tower|medium_launcher|small_launcher|spacecraft|ta-ta|tank,8,0,1,0.75,67.75,8.25,4.25,9.55146034226927,1,,1262.8505577660408,426.44500565160064,1188.6699240768257,0.12870739976623213,1240.0067820145864,414.0192258402175,0.12546574774815442,7.945931568721894,1.0081167232711237,-0.0006107819827050516,-16.56444615938517,59.745998747816884,1.008116908296621,-0.03471346593295501,2.001884046611341,2.383586946798936,3.567832904041467,1|0.87208703967988455|1|0.77598418644423239|1|0.97553986899013667|1|1,1.6928797479280342|3.4400207331549626|0.78347754242003043|3.8660613027766453|0.28917798583320137|3.0752200588136684|0.55788445020325861|2.3108883452946474
small_tower:20,small_tower,19,20,hangar|jet_plane|large_launcher|large_tower|medium_launcher|small_launcher|spacecraft|ta-ta|tank,9,3,1,-1.0,67.0,8.0,5.0,10.63014581273465,1,,1412.3968551873832,603.2661593303147,1277.080583812181,0.223142001186677,1246.6255985476946,400.96472674799674,0.11538965327401295,7.679866546629454,1.0078826909044547,-0.00047832553697620453,-16.355500740976822,59.15098328547242,1.0078828044073993,-0.027191688766788773,2.047858275914402,11.616182736969183,13.023663725600521,0.090292907060833982|1|0.37625673719525404|1|0.7808292986773141|1|0.62545978787359302|1|1,33.225201300056767|1.5743846194550302|7.973279331986455|0.19773020627632004|3.842068671036067|1.3024044809631565|4.7964714003505735|2.0478582759144022|0.87105280593040202
small_tower:21,small_tower,20,21,hangar|jet_plane|large_launcher|large_tower|medium_launcher|medium_plane|small_launcher|spacecraft|ta-ta|tank,10,4,1,-2.25,66.25,5.75,8.0,13.020831616226504,1,,1457.3310794050883,660.3551032470967,1299.1324076534756,0.2583736637495396,1233.7762602736539,473.99487995384527,0.1731525870330762,7.7802800528439295,1.0076375467686205,0.0006430242600761604,-14.759289985979194,57.443329918026166,1.0076377519416801,0.03656331718069804,4.533764091607969,11.729800881204218,14.990401126426642,0.094106801364081449|1|0.45190354455246945|1|0.32079571698101922|0.22876501522738413|1|0.51435220430220951|0.92735862614668896|1,31.878707197722143|1.3023353527024366|6.6385993532568079|0.9259336017760309|9.3517332942603026|13.113922674060483|2.4200877214270147|5.8325589568967136|3.2349692263192247|1.7987230975078026
small_tower:22,small_tower,21,22,hangar|jet_plane|large_launcher|large_tower|medium_launcher|medium_plane|small_launcher|spacecraft|ta-ta|tank,10,4,1,-2.25,65.75,6.25,7.25,10.38924960445494,1,,1470.1376313121164,673.1456727234474,1306.9734344253893,0.26526783704104845,1398.4994592367511,589.5375862174352,0.21610781460628808,8.311120252774558,1.007095368019116,0.0016402639144355551,-12.741652764218088,54.35409466243971,1.00709670377341,0.09331799099590991,5.182853603972081,6.669153410099278,10.29612966539167,0.29633862603558508|1|0.53215986535449022|1|0.33385546412555039|1|0.65721396998742343|0.2531836085946913|0.49033085120567288|0.63447585534566475,10.123575052403998|0.98139355836376829|5.6374141895712606|1.5410606549686001|8.9859227717922092|2.3228146526406435|4.5647097338379554|11.849121182280715|6.11829891750671|4.7282930183729004
small_tower:23,small_tower,22,23,hangar|jet_plane|large_launcher|large_tower|medium_launcher|medium_plane|small_launcher|ta-ta|tank,9,2,1,-1.0,67.5,8.0,7.5,11.335784048754634,1,,1509.7876373439224,609.1926872225495,1381.4278771297154,0.19447014195614407,1401.1931761381027,558.2683680625529,0.18869503014404126,8.238373145326909,1.0074639762342588,0.001295514763711308,-13.698001756649091,56.71210207220906,1.007464809195957,0.0736775597885636,4.376341624484577,4.791095998306755,6.486223960120738,0.6807804656683708|1|0.53031354312808832|1|0.30603032802122299|0.6855109945887321|0.91578259077999702|0.67721691167127895|1,4.4067584882389745|1.0679563004130308|5.6570465499014624|1.0442543813466938|9.8029336009978394|4.376341624484577|3.2758624977298179|4.4298581897704263|2.7081214865049055
small_tower:24,small_tower,23,24,hangar|jet_plane|large_launcher|large_tower|medium_plane|small_launcher|ta-ta|tank,8,1,1,-4.25,69.75,6.0,6.25,11.354063819186797,1,,1437.9243721420123,541.0315176346469,1332.2580068912894,0.1649181494811604,1405.3844989696086,527.3221846854901,0.16385541521863112,7.554237487835668,1.0079437004930996,0.0018220599376407417,-13.391839541417085,55.51708370323013,1.0079453473607285,0.10357347407507402,2.9570862034609435,3.8090988592391564,5.793471259672059,1|1|0.52167713237905378|1|1|1|0.50905180719146592|0.77707863890889295,2.6664735465358418|1.0209492322747624|5.7506833025789907|2.7793533396234298|2.9897868594940404|2.9243855474278471|5.8933098262225529|3.8606131650687763
spacecraft:1,spacecraft,0,1,condor|helicopter|jammer|large_launcher|mine_roller|small_launcher|small_plane|small_tower|ta-ta|tank,10,1,1,1.0,62.25,3.75,7.75,9.330382556179678,1,,977.6977204126028,583.8609658787602,784.218850208997,0.5542992977756172,846.2305017032852,509.9242728459095,0.5701212151192631,8.82165192778078,1.010172147087193,0.0014485450217674792,-18.629492071446748,50.77647423401186,1.0101731856634433,0.0821597185541015,2.690722720066309,6.257597549332361,7.817221976391558,1|1|1|0.43787115871578491|0.50163440243953494|1|1|1|1|0.18170535077253683,1.8890288912210869|1.0839160222896131|2.6478320619774789|6.8513304431250504|5.9804510724873525|1.8097729176566739|2.4480843240893679|2.7336133781551393|2.7901927799984163|16.510245775790157
spacecraft:2,spacecraft,1,2,condor|helicopter|jammer|large_launcher|small_launcher|small_plane|small_tower|ta-ta|tank,9,0,1,1.0,63.0,4.0,7.5,9.924716620639604,1,,958.2700494403031,492.3503389211801,822.1147312988134,0.3586605596486926,917.0393900095686,449.9790475581624,0.31712992052858213,8.763264777310358,1.0091386214677824,0.0013818560282202275,-16.292564846829237,51.974974297097674,1.0091395675841768,0.0784574756538108,2.1207481065313534,2.8450703418056973,4.077383891720684,1|1|1|0.52775786894829324|1|0.81618802820891767|1|1|1,2.339196044948364|0.48971564449226146|2.6065645902787384|5.6844249548009405|2.1207481065313534|3.6756236259506192|1.8182331598979271|1.7255766201460885|1.9338907938222376
spacecraft:3,spacecraft,2,3,condor|helicopter|jammer|large_launcher|small_launcher|small_plane|small_tower|ta-ta|tank,9,0,1,1.0,63.0,4.5,7.0,8.845903006477066,1,,966.8108545082962,498.55699271433843,828.3502601017863,0.3622443314021277,924.6751764246549,456.778981739119,0.32279457926410154,8.783889949071224,1.0091495399400925,0.0012457675867657513,-16.47302977014124,52.48881265506236,1.009150308872856,0.0707300413795454,2.2200363504782374,2.9160948264877136,3.7554688615335157,1|1|0.95649519545239303|0.52657324792350235|1|0.91742198756614346|1|1|1,2.6101588559048623|0.75691454382718537|3.1364506683539108|5.6972130971606632|1.9577534680588073|3.2700328026267282|1.8264027365286777|2.2200363504782374|2.0151553436467355
spacecraft:4,spacecraft,3,4,condor|helicopter|jammer|jet_plane|large_launcher|small_launcher|small_plane|small_tower|ta-ta|tank,10,1,1,1.5,62.0,4.0,6.75,10.012367660667346,1,,968.6649382010272,555.4913740352393,793.5622822894506,0.4899960771975109,934.2154251004179,463.7521206128919,0.327000918964299,8.962076780044889,1.0096142759355369,0.001255052193420004,-17.412051455188703,52.08387406502254,1.0096150560133534,0.07122438581268598,2.5470594961230315,9.044080037228131,8.074798030329765,1|1|0.88746015036675663|0.11071318851325086|0.50325308789030898|1|0.81518278657592114|1|1|1,2.4911341320052984|0.80505190641707491|3.3804334747795872|27.097042730762322|5.9612152858372669|1.727868274719647|3.6801562167067665|1.8753810357039187|1.7507637425072908|2.602984860240765
spacecraft:5,spacecraft,4,5,condor|helicopter|jammer|jet_plane|large_launcher|small_launcher|small_plane|small_tower|ta-ta|tank,10,0,1,1.25,62.5,4.25,6.75,10.205226830060301,1,,979.8150616315305,565.7253176310311,799.9952624805155,0.5000764462383744,950.6116095821432,524.0906273170656,0.4366847706958372,9.779486671609133,1.009546278102783,0.000938074254418713,-17.65725416926807,52.98405975547416,1.0095467139337777,0.05323944166298956,2.9203650123251053,3.057779902408596,3.9467327761234965,1|1|0.89059719403005166|0.81549270677361352|0.57403241083489487|1|0.78852510059161363|1|1|1,2.8761967007984857|0.71084795586000893|3.3685262157580862|3.678757612834854|5.2261857499000568|1.535497516762216|3.8045713345927683|1.2739663047549867|2.298947469417282|2.9645333238517249
spacecraft:6,spacecraft,5,6,condor|helicopter|jammer|jet_plane|large_launcher|small_launcher|small_plane|small_tower|ta-ta|tank,10,0,1,1.75,63.75,4.5,7.0,10.167282805328341,1,,989.0551160071919,572.713484446064,806.3679601978541,0.5044385752936575,953.7969882567354,531.354858754261,0.4500193928965668,9.73308262251938,1.0098176368928398,0.0011425888685379006,-17.820475699032386,52.69227745058561,1.0098182833010905,0.06482902412948585,2.62652622532237,3.0515099058148216,4.118781354817679,1|1|1|0.84968842650392207|0.52730170392299702|1|0.76059613863793152|1|1|1,2.8395865475915962|0.44939854341739377|2.6611630034984297|3.5307059699765935|5.6893425108604712|1.8085775560290687|3.9442745597018138|1.6282319921371546|2.1767728297503512|2.5918894471463094
spacecraft:7,spacecraft,6,7,condor|helicopter|jammer|jet_plane|large_launcher|large_tower|small_launcher|small_plane|small_tower|ta-ta|tank,11,1,1,2.0,61.5,4.5,6.5,9.5,1,,1068.82043772524,664.3956390197368,837.2308898689354,0.629742580671226,966.208803278273,580.7665473077085,0.5656665095895931,9.983663248782612,1.009960604981086,0.0002515389628628688,-19.123283112601257,53.9513546388157,1.0099606363050053,0.014269982993461123,3.734824227737429,7.8230069078783355,5.045287498248504,0.69637789214335433|1|0.80327152309318806|1|0.59460558718204881|0.12780289277210191|1|0.68380936502238343|1|0.80864334188406917|0.80022655326305758,4.3080656428268806|0.85089985061641449|3.7348242277374291|2.7378318070979737|5.0452874982485039|23.473728310788854|2.2987628485971539|4.3873175749493072|1.9095180135451253|3.7097766258986873|3.74877289105615
spacecraft:8,spacecraft,7,8,condor|helicopter|jammer|jet_plane|large_launcher|large_tower|small_launcher|small_plane|small_tower|ta-ta|tank,11,0,1,2.0,62.5,5.0,6.5,10.0,1,,1080.5059899023586,675.9846667587793,842.9341163589822,0.6431117241214829,1049.3915848588497,627.3591417694588,0.5561835253148001,10.618964799388577,1.0092212714160909,5.669057595793289e-05,-18.24220002500988,55.54083317356208,1.0092212730083192,0.0032184525129770668,3.052165583292609,3.4636496565934154,4.6561263476363,0.64431664806101518|1|0.79633506843733159|0.98447393598502331|0.98289698573368312|0.7438556794900657|1|0.54500389054220311|1|1|0.72747261196665869,4.6561263476362997|0.97994298697458371|3.7672741272979375|3.0473095416433611|3.0521655832926089|4.0330064950960125|1.9250448752339187|5.5045744813806943|1.0531456773707806|2.853931251802861|4.1238664171269583
spacecraft:9,spacecraft,8,9,condor|helicopter|jammer|jet_plane|large_launcher|large_tower|small_launcher|small_tower|ta-ta|tank,10,1,1,2.75,60.75,5.0,5.75,9.701667067187486,1,,1088.5237480183885,628.567816771714,888.6993021932904,0.5002586463996834,1077.302404017224,524.1177262709684,0.31008607994146387,9.016405744155142,1.0079240248352512,3.3895420702940075e-06,-15.40410589352905,55.53817989789809,1.0079240248409507,0.00019267965672402113,2.3862974724646833,7.024072872135242,7.3174780191499735,0.14797860114764597|0.81002644847579419|0.51038174143576254|1|1|1|1|0.78429695869815352|1|1,20.273201549387664|3.7035827412831743|5.8779531824569027|2.569014992274592|1.5376326440573163|1.9181372923696107|1.0412643936011019|3.8250817405186144|0.94434528331977929|2.2035799526547746
spacecraft:10,spacecraft,9,10,condor|helicopter|jammer|jet_plane|large_launcher|large_tower|small_launcher|small_tower|ta-ta|tank,10,1,1,2.5,62.0,5.25,6.25,9.610696357347011,1,,1095.7434291384093,632.1439714521739,895.0126601655828,0.498854212640878,1075.0691095492525,516.1589396311232,0.29956596468607116,8.855904686142596,1.0077637318460544,-0.00023132071143565014,-15.43660429169995,56.673912676481905,1.0077637583945742,-0.01315159479114965,2.4979589331233636,10.496670668675979,9.296928220550988,0.094270180081802046|0.79119742417016659|0.44156711601356918|1|1|1|1|0.9990458211236134|1|1,31.823424991221486|3.7917211024480446|6.7939841349209438|2.5621566193742011|1.2214265566004556|2.1114182649237794|0.3730144566068373|3.0028652329152772|0.97007942289564031|2.433761246872526
spacecraft:11,spacecraft,10,11,helicopter|jammer|jet_plane|large_launcher|large_tower|small_launcher|small_tower|ta-ta|tank,9,0,1,2.5,63.0,5.5,6.5,9.513148795220223,1,,1084.1499116193283,552.7976531110742,932.6284284639227,0.3513298757611952,1073.1969764159721,517.4281926837094,0.30285739059012656,8.761846258849694,1.0084287582225289,5.382283706768111e-05,-16.40617735607384,56.2559120613372,1.0084287596588712,0.0030580458731717768,2.6225992828172684,3.021757159136159,3.559473560185741,1|0.50429401464248347|1|1|1|1|1|1|1,2.9538521063600274|5.9489105817106198|2.9621143048045204|1.7072433466429149|2.845332323116871|1.2593697404030644|2.6225992828172684|1.7420921996542231|2.6039827537733764
spacecraft:12,spacecraft,11,12,helicopter|jammer|jet_plane|large_launcher|large_tower|small_launcher|small_tower|ta-ta|tank,9,1,1,2.0,63.5,5.5,6.0,9.656603957913983,1,,1093.5557841676025,560.0561775076375,939.2557325467615,0.35554573644267856,1109.4855092505284,558.4004369458639,0.33923956880713496,8.917238569510532,1.0077887460140404,0.00038877159994165386,-14.6134115638597,55.79163774903941,1.0077888210016566,0.022102817534277685,1.5515441747517908,2.299342739518296,3.680457620121238,0.83757433605508302|1|1|1|1|1|0.7361599073319598|1|1,3.5817716360915863|0.65923265626103278|2.5734795065028995|0.97897550241969522|2.5886265786995715|0.60434448912387839|4.0752015562398434|0.81064842896902478|1.5515441747517908
spacecraft:13,spacecraft,12,13,helicopter|jet_plane|large_launcher|large_tower|small_launcher|small_tower|ta-ta|tank,8,0,1,2.75,64.0,5.75,5.0,9.684988748229324,1,,1071.6914547661327,468.2871343861985,963.9656290486256,0.2359942134984231,1080.331359672288,457.98727228572125,0.21909373028625653,7.948180645000153,1.0081295010808464,0.0004565790274164254,-15.443918655482776,55.64379028470603,1.0081296044725223,0.025949096290197236,2.144129077371701,2.410293053276427,3.2178333107114634,0.76308240618580947|1|1|1|1|1|1|1,3.9314233635594209|2.5800967722875141|0.89411616103007197|2.9120090023480532|1.1366224870323929|2.9067677205707274|1.5571920550808702|1.7081613824558877
spacecraft:14,spacecraft,13,14,helicopter|jet_plane|large_launcher|large_tower|small_launcher|small_tower|ta-ta|tank,8,0,1,2.75,65.5,6.25,5.25,10.139380088753223,1,,1080.4851485559623,474.1413814001723,970.8955179080477,0.23849030498515258,1096.4026575333735,455.41378362042343,0.208507413878123,7.905814298687635,1.008193581039632,0.0002823808482494045,-15.658232431175747,56.64369401254078,1.008193620585084,0.01604774192298912,2.355196345651738,2.5912809369171645,3.827691353913446,0.72365045531926775|1|1|1|1|0.81269444830369264|1|1,4.1456479132693449|2.7733519349213869|1.6666787614379224|2.6389386969431534|0.46036846890948502|3.691424257046632|0.98423991639932584|2.071453994360323
spacecraft:15,spacecraft,14,15,helicopter|jet_plane|large_launcher|large_tower|medium_launcher|small_launcher|small_tower|ta-ta|tank,9,1,1,2.5,66.0,8.5,6.0,10.594810050208546,1,,1179.6609342319878,550.2547511424232,1043.4652023897472,0.27808122043556754,1124.3544046815373,482.46447058335093,0.22568525387388955,8.219056567908957,1.0084561528702747,-7.236919199059455e-05,-16.919116664891135,57.18095835923987,1.0084561554669667,-0.004111680263850373,2.224350847168204,6.70394226663389,6.968365963187617,0.79014614864794741|1|1|1|0.15990454885100788|1|0.74623907359532216|1|1,3.7967659588440599|2.0844159505706772|2.2243508471682039|2.1059940364069525|18.761192358830876|0.24820841903881161|4.0201593642767994|1.6386331398685376|2.3348794465109548
spacecraft:16,spacecraft,15,16,helicopter|jet_plane|large_launcher|large_tower|medium_launcher|small_launcher|small_tower|ta-ta|tank,9,0,1,3.5,66.5,8.0,6.0,10.44030650891055,1,,1190.8993333704668,559.4757812099463,1051.2982794914783,0.2832113638439225,1193.8718856439684,506.3759451267061,0.21936319655390701,8.63078724991237,1.0082861961078742,-0.0003428072356267401,-16.66968042022154,58.13534777610232,1.0082862543833906,-0.019479991997285243,2.3137833801150522,3.152514855657932,5.003494689932039,0.58392697895341972|1|1|1|0.6713381861879032|1|0.60362644411190702|1|1,5.1376286905987598|2.3137833801150522|1.7382194590156197|1.2829215780589365|4.4686866637233171|0.63860023982458824|4.9699611897653595|1.2741752382110518|2.5155565885701865
spacecraft:17,spacecraft,16,17,helicopter|jet_plane|large_launcher|large_tower|medium_launcher|small_launcher|small_tower|ta-ta|tank,9,0,1,3.5,67.5,7.5,6.0,10.594810050208546,1,,1201.1071564330005,566.9015779078287,1058.9055681221919,0.28661628833787245,1197.007927607069,515.1859718369526,0.227354801511208,8.646982716939704,1.008123458579291,-0.00022178086991998927,-16.28834594559021,58.31010869395618,1.0081234829744945,-0.012604713748122234,2.152236916820763,3.1688672122818202,4.872103895688688,0.61599105656931508|1|1|1|0.61478973041057949|1|0.64514306763770402|1|1,4.8702005785623879|2.1522369168207631|2.1018996995884676|1.8500210555917072|4.8797171641938872|0.55515034293453314|4.6501313438931344|1.3191000468653409|2.5885051771182961
spacecraft:18,spacecraft,17,18,helicopter|jet_plane|large_launcher|large_tower|medium_launcher|small_launcher|small_tower|ta-ta|tank,9,1,1,3.5,65.5,8.0,4.5,11.926860441876563,1,,1211.1859457002167,574.3324156024993,1066.355321386791,0.29008333282212895,1246.6931298413263,464.9117145939651,0.16152960453970003,7.90656925542863,1.0078197598157443,-0.0006321862151074135,-16.103151983936186,59.12363918301435,1.0078199580949343,-0.03594055076652246,1.8262461464584672,9.154376117686903,10.741452680359872,0.11536179098442478|1|0.83119566118985388|1|0.96157418886676038|1|0.43317888535792393|1|1,26.005158188532032|1.8262461464584672|3.6092277842485028|0.54266742551625835|3.1199167952717271|1.1619314280800774|6.9255263033168273|1.0394082804368145|1.0824642261975628
spacecraft:19,spacecraft,18,19,jet_plane|large_launcher|large_tower|medium_launcher|small_launcher|small_tower|ta-ta|tank,8,1,1,4.5,64.75,8.0,3.25,10.082898844636944,1,,1249.2627044330989,521.2502285616664,1135.3217622823543,0.21079222669129313,1256.9564993576032,418.03706926573324,0.1243644323047878,7.367951744601832,1.0075222289916272,-0.0007655498526570135,-15.330050908838984,59.51124292604368,1.0075225198370674,-0.0435352847417068,1.4451258215765552,4.216972865771501,6.599414587939323,1|0.58862576508651443|1|1|1|0.29685504010309521|1|1,0.61419344351420879|5.0966168624233719|1.5765607403561526|2.7070989187944887|1.3136909027969577|10.105942614143213|1.1432658391857389|0.96607409920967502
spacecraft:20,spacecraft,19,20,hangar|jet_plane|large_launcher|large_tower|medium_launcher|small_launcher|ta-ta|tank,8,3,1,1.0,65.5,8.75,5.75,10.258100115710374,1,,1444.370662044546,545.400077946583,1337.4398544797673,0.16629602566829738,1261.7342651910021,363.95088023809956,0.09075645985683024,6.805338125879969,1.00760811359495,-0.00020951172379853246,-15.508837725787544,58.36889671819836,1.007608135376812,-0.01191349811221677,2.3458332777023148,11.926484571252573,15.012032854325916,0.092471152385151384|1|0.3977825140077943|1|0.77286933398657731|1|1|1,32.442550911074257|1.3009537689226294|7.541810830005204|0.31167373070502119|3.8816377479735578|1.9374643121316675|2.754202243272962|0.57803358549844164
spacecraft:21,spacecraft,20,21,hangar|jet_plane|large_launcher|large_tower|medium_launcher|medium_plane|small_launcher|ta-ta|tank,9,4,1,-1.0,65.0,7.0,8.0,10.965856099730654,1,,1486.5079532453665,588.9585790710266,1364.8566544514358,0.1862067506319759,1285.5165589501896,453.293251371135,0.14199287420047613,7.058911379604922,1.0073712710117162,0.0012865169455169106,-13.778174054993087,55.51075351662735,1.0073720925187533,0.07317257628523398,4.943615583085571,11.567338717588736,15.211731368895698,0.10020322397334923|1|0.53447875833272407|1|0.31760325058501021|0.26311122976085294|0.8041225266584443|0.59675978108151984|0.99984026298120321,30.052537126369735|0.63312164152223604|5.6498787219243232|1.172372197709272|9.416730324960513|11.501529929527186|3.6742285928015552|4.9436155830855713|2.9119094528005429
spacecraft:22,spacecraft,21,22,hangar|jet_plane|large_launcher|large_tower|medium_launcher|medium_plane|small_launcher|ta-ta|tank,9,3,1,-1.0,66.0,7.5,7.5,10.965856099730654,1,,1498.951178592041,600.6494224153108,1373.3444240810907,0.1912860020984678,1329.243573806788,534.949111829098,0.19326473136552752,7.738287163995642,1.0074007618687235,0.0009897434353521239,-13.85811521317828,56.636254636858894,1.007401248066406,0.05629150338877778,3.988575076244837,6.058419884917468,9.80721341719225,0.24331046299041942|1|0.46369733688847958|1|0.3269159809432049|0.70122320064842381|1|0.75208022464162194|1,12.330487322559275|0.76204208348865354|6.4698753145189496|1.3389436255909319|9.1763949408504928|4.2787298755720524|2.9243675586397404|3.9885750762448371|2.6630754656017785
spacecraft:23,spacecraft,22,23,hangar|jet_plane|large_launcher|large_tower|medium_launcher|medium_plane|small_launcher|ta-ta|tank,9,2,1,-1.0,67.5,8.0,7.5,11.335784048754634,1,,1509.7876373439224,609.1926872225495,1381.4278771297154,0.19447014195614407,1401.1931761381027,558.2683680625529,0.18869503014404126,8.238373145326909,1.0074639762342588,0.001295514763711308,-13.698001756649091,56.71210207220906,1.007464809195957,0.0736775597885636,4.376341624484577,4.791095998306755,6.486223960120738,0.6807804656683708|1|0.53031354312808832|1|0.30603032802122299|0.6855109945887321|0.91578259077999702|0.67721691167127895|1,4.4067584882389745|1.0679563004130308|5.6570465499014624|1.0442543813466938|9.8029336009978394|4.376341624484577|3.2758624977298179|4.4298581897704263|2.7081214865049055
spacecraft:24,spacecraft,23,24,hangar|jet_plane|large_launcher|large_tower|medium_plane|small_launcher|ta-ta|tank,8,1,1,-4.25,69.75,6.0,6.25,11.354063819186797,1,,1437.9243721420123,541.0315176346469,1332.2580068912894,0.1649181494811604,1405.3844989696086,527.3221846854901,0.16385541521863112,7.554237487835668,1.0079437004930996,0.0018220599376407417,-13.391839541417085,55.51708370323013,1.0079453473607285,0.10357347407507402,2.9570862034609435,3.8090988592391564,5.793471259672059,1|1|0.52167713237905378|1|1|1|0.50905180719146592|0.77707863890889295,2.6664735465358418|1.0209492322747624|5.7506833025789907|2.7793533396234298|2.9897868594940404|2.9243855474278471|5.8933098262225529|3.8606131650687763
ta-ta:1,ta-ta,0,1,condor|helicopter|jammer|large_launcher|mine_roller|small_launcher|small_plane|small_tower|spacecraft|tank,10,1,1,1.0,62.25,3.75,6.75,8.869481711587412,1,,927.6121711146312,582.1457106808489,722.1985264010787,0.6497558642933714,772.9168296325666,514.9238522406607,0.7980240772886278,8.887276893899132,1.0106192229742565,0.0009443075309111974,-20.316426754853637,51.49253129971305,1.0106196641475975,0.053536306363280814,2.3446994596980035,6.261776267144827,7.64379388224597,1|1|1|0.45476835308388358|0.56399670210001585|1|1|1|1|0.17577727124086126,2.0755690565459144|0.89961926820064397|2.6966918215184594|6.5967650937809017|5.3191800416490578|1.7541575691787656|2.1208048788459837|2.5685940405500234|1.5624118656551296|17.067052978431626
ta-ta:2,ta-ta,1,2,condor|helicopter|jammer|large_launcher|small_launcher|small_plane|small_tower|spacecraft|tank,9,0,1,1.0,63.0,4.0,5.5,8.139410298049853,1,,905.4282153138479,489.2833708353862,761.8412144997025,0.41246963670284065,865.0455710353269,454.5175914226028,0.38135412486671233,8.798090987923366,1.0091539334255408,0.0011245486950250637,-16.620771747973777,52.56351850337978,1.0091545599946563,0.06384741244905157,2.390006960725638,2.759062977057327,3.9288031749549526,1|1|1|0.55893260392443556|1|0.84053376232341204|1|1|1,2.4445018472508462|0.47236619105829092|2.3990459914641309|5.3673734181176114|2.2389748630511743|3.5691606141642875|1.7326407049502026|1.1326629737607961|2.3900069607256378
ta-ta:3,ta-ta,2,3,condor|helicopter|jammer|large_launcher|small_launcher|small_plane|small_tower|spacecraft|tank,9,0,1,1.0,63.0,4.0,7.0,8.06225774829855,1,,913.5178037552294,495.54140692020854,767.4330536309458,0.4169451228139274,871.0309289386487,464.3460801783272,0.3970284971645606,8.816162312029414,1.0093183159322883,0.0009068648000618123,-17.326300458122432,53.12503031671656,1.0093187233377552,0.051479806548858836,2.682414940835352,2.7658593201231727,3.498755052976842,1|1|1|0.56210206780805094|1|0.98711272697917296|1|1|1,2.6824149408353519|0.64910300539360599|2.8842125477549447|5.3371089941422731|1.9716301087930352|3.0391665676854838|1.6929866956272939|0.97329960798216364|2.7372113830493925
ta-ta:4,ta-ta,3,4,condor|helicopter|jammer|jet_plane|large_launcher|small_launcher|small_plane|small_tower|spacecraft|tank,10,1,1,1.5,63.5,3.5,7.25,9.629162931541135,1,,923.2718898027817,557.8440263589208,735.6908486284627,0.5749563383241557,877.7696509313738,471.7852359884507,0.4062457005646273,8.985907767479828,1.0096304017377835,0.0009817061947502064,-17.67000328897302,52.79258040377306,1.0096308790148263,0.05571108383603259,2.75528058169887,9.05401742186827,7.933304828328675,1|1|0.99394320782302115|0.11037890742565615|0.51769815822291654|1|0.86828456794174236|1|1|1,2.5700557623368825|0.87253583376006882|3.018281103332328|27.179105772686381|5.7948825011778275|1.9305026862410182|3.455088473798742|1.9358804722025087|1.712498913423627|2.9405054010608573
ta-ta:5,ta-ta,4,5,condor|helicopter|jammer|jet_plane|large_launcher|small_launcher|small_plane|small_tower|spacecraft|tank,10,0,1,1.25,64.25,4.25,7.25,10.067979146263424,1,,934.2010677578998,568.3197251966092,741.4474525901688,0.5875227726552441,883.5753047920206,551.9111586815912,0.6397948245525467,9.796449137131487,1.0099064898358128,0.0004460869188725615,-19.141274986992357,53.79876659932711,1.0099065883565825,0.02530818084879671,2.934461805194012,2.9358255855562043,4.187032835003867,1|1|1|0.96899422509324196|0.60449283875066051|1|0.90252713061583767|1|1|0.73155881585371785,2.8990209490227872|0.64659092156143849|2.9699026613652371|3.0959936859405857|4.9628379520768862|1.7275894578305047|3.3239997983680936|1.2619671109484689|1.3748203098775336|4.1008322664401984
ta-ta:6,ta-ta,5,6,condor|helicopter|jammer|jet_plane|large_launcher|small_launcher|small_plane|small_tower|spacecraft|tank,10,0,1,1.75,64.75,4.0,7.25,9.90355691065631,1,,943.1815374041204,575.4280801394448,747.311138072378,0.5928969168016267,906.675028321346,538.6371518932079,0.545429258771306,9.76220599899653,1.0099148120827586,0.0009306213656436872,-18.300523819411865,53.05707706804401,1.009915240859489,0.052797187293434966,2.6990438335731093,2.991125556794908,3.9839063993357726,1|1|1|0.89862071333845617|0.53970822082632297|1|0.78761966957778295|1|1|1,2.9097568668333258|0.45295285749605502|2.4883308003128928|3.3384496434415043|5.5585590221370271|1.83227631024574|3.8089449968023006|1.6272222653226709|1.7852908041196294|2.9768172654646676
ta-ta:7,ta-ta,6,7,condor|helicopter|jammer|jet_plane|large_launcher|large_tower|small_launcher|small_plane|small_tower|spacecraft|tank,11,1,1,2.0,65.0,4.5,9.0,10.735455276791944,1,,1028.1704062544889,650.2234687830502,796.457045258097,0.6665006306247462,896.7214505923157,598.8190578914841,0.804857610553231,9.879520241017488,1.0105073335478625,-0.00033299332067966307,-21.14887015014301,54.94978096772229,1.0105073884136437,-0.018880725113989083,2.971495884300619,7.513016644223171,5.344354719836449,0.71309028302968003|1|1|1|0.56133998322967071|0.13351108373578147|1|0.85471748081806753|1|1|0.57021878537445336,4.2070409308952383|0.58776286300535963|2.971495884300619|2.2921321325403845|5.3443547198364492|22.470044556987318|2.8758032970698442|3.5099317419803766|1.9978518998358892|1.7451098802355927|5.2611384766337537
ta-ta:8,ta-ta,7,8,condor|helicopter|jammer|jet_plane|large_launcher|large_tower|small_launcher|small_plane|small_tower|spacecraft|tank,11,0,1,2.0,65.0,4.5,8.5,10.5,1,,1039.822342581766,660.8368253694422,802.8232647151357,0.6775612708090801,1003.1418941390993,607.9992703211087,0.5806556320846624,10.620082779475629,1.009416712636386,-0.00043472069844164944,-19.333723034502782,56.69612290547866,1.0094168062459303,-0.024675299542779108,3.0176442294437926,3.3668007016060306,4.918806022197305,0.66150077420226838|1|0.99415287893658355|0.96413360767890066|1|0.87595991369791359|1|0.60990408392974049|1|1|0.57659401519771925,4.5351421013349551|0.75212000135931723|3.0176442294437926|3.1116020213830087|2.9754792666054648|3.4248139359203638|2.5088165426287454|4.9188060221973053|1.0602764439162833|2.3453508949338588|5.2029680903145419
ta-ta:9,ta-ta,8,9,condor|helicopter|jammer|jet_plane|large_launcher|large_tower|small_launcher|small_tower|spacecraft|tank,10,1,1,2.75,61.75,4.75,6.75,9.140579558682733,1,,1046.3042399321528,624.1100179973151,839.7852391745112,0.5523137229031438,1020.7049555647848,535.5899098139829,0.3799514831686394,9.14122083588203,1.008249053234445,-0.0002732480154329998,-16.45527800912714,56.404581276630665,1.0082490902612473,-0.015527867456075714,2.965257529016726,7.190246629571263,6.44848543720251,0.14257750434972252|0.99575771069836339|0.6214907254466393|1|1|1|1|0.91930277432405294|1|0.93700171516965203,21.041210021846855|3.012760530277768|4.8270715944642557|2.917754527755684|1.7753025595384524|1.9519335962781985|1.687347623601007|3.2633263640035066|1.6321854915081733|3.2017330776117281
ta-ta:10,ta-ta,9,10,condor|helicopter|jammer|jet_plane|large_launcher|large_tower|small_launcher|small_tower|spacecraft|tank,10,1,1,2.5,63.0,5.0,7.0,9.033589885117301,1,,1053.293445579151,627.5576096838149,845.9305698625253,0.5503484670476292,1024.8473517206933,527.9370590095583,0.36122278998612384,8.93764401674466,1.0079192806269912,-0.0005213940730366766,-16.08647674293661,57.54471745112903,1.0079194154848943,-0.029638957957878864,2.7746368538897404,10.573668401402212,8.67266795063754,0.093142789185088143|0.89363898366553696|0.49524833261574225|1|1|1|1|1|1|0.93670079609089463,32.208615006006852|3.3570578714158112|6.0575627222631834|2.8306785892330257|1.3920710689870159|1.9864719514458968|0.76002916679602517|2.7185951185464554|0.73706248156075005|3.2027350080103081
ta-ta:11,ta-ta,10,11,helicopter|jammer|jet_plane|large_launcher|large_tower|small_launcher|small_tower|spacecraft|tank,9,0,1,2.5,65.0,5.5,6.5,8.5,1,,1043.529262161658,546.043843795432,889.2634264607783,0.377045852721866,1022.4529994771519,524.0102349331249,0.3562252038725091,8.82840196398067,1.0087062702982885,-0.00036789749507639004,-17.598794973037002,57.33973070373122,1.0087063373884644,-0.020897037569144388,2.4163047942980613,2.886153472309524,3.9835671559004937,1|0.60697168838551863|0.93137004817355196|1|1|1|1|1|0.80132131607588608,2.4163047942980613|4.9425699867571149|3.2210612537123748|1.9590949431875377|2.545189089066922|1.9011189702502189|2.2922800140089592|1.0607408559599856|3.7438164481863381
ta-ta:12,ta-ta,11,12,helicopter|jammer|jet_plane|large_launcher|large_tower|small_launcher|small_tower|spacecraft|tank,9,1,1,2.0,66.0,4.5,6.0,8.139410298049853,1,,1052.7527203115917,553.1017539495923,895.74926173642,0.3812739673876952,1061.7179602674603,552.9564248502633,0.37220533343560275,8.963080186033737,1.0079292536881734,0.00017777599501095907,-15.148340837442447,56.49185127248575,1.007929269366012,0.010105683578457222,2.200310401444739,2.398040980370705,3.258447822114161,0.95655577024226357|1|1|1|1|1|0.80059117976084127|1|1,3.1362520548494977|1.2302684750411914|2.8144725382070286|1.1480464476314951|2.5973869436328507|0.97301990207292532|3.7472308911728138|2.2003104014447392|2.1424773572004976
ta-ta:13,ta-ta,12,13,helicopter|jet_plane|large_launcher|large_tower|small_launcher|small_tower|spacecraft|tank,8,0,1,2.75,65.0,5.0,6.0,9.06912346197969,1,,1025.1337069804601,490.7294314335016,900.0465223045153,0.29727219828856205,1030.2538419889418,486.8208167797654,0.2874652148795165,7.9824684674622555,1.0084500855132081,0.00033139922191839714,-16.45441759759524,55.84093862461714,1.0084501399657997,0.018828672176339954,2.4486990884109714,2.4123127244586873,3.107278368647173,0.86076225641254311|1|1|1|1|1|1|1,3.4852829310886637|2.6448022097852943|1.1526676424202456|2.9452764133151059|1.5098648494799616|2.5245643627004704|1.7677930780483406|2.372833814121472
ta-ta:14,ta-ta,13,14,helicopter|jet_plane|large_launcher|large_tower|small_launcher|small_tower|spacecraft|tank,8,0,1,2.75,66.5,4.75,6.5,9.41000568215199,1,,1033.8384182259817,496.9147838831095,906.5856675231539,0.30043196462178556,1040.930322302117,492.28355076837045,0.2880945752178277,7.984358090265387,1.0084858976269897,3.578008135475672e-05,-16.615801220879803,57.366814361156,1.0084858982617106,0.002032797539584803,2.8290870854677586,2.6652618736222644,3.223116762366005,0.86738632255896153|0.98155041679581168|1|1|1|0.96087112375319728|1|1,3.4586664820497091|3.0563891044401883|2.0498058100267271|2.7020044252213924|1.0456371850705968|3.1221668825015607|2.1076821735921643|2.9561697457141252
ta-ta:15,ta-ta,14,15,helicopter|jet_plane|large_launcher|large_tower|medium_launcher|small_launcher|small_tower|spacecraft|tank,9,1,1,2.5,66.0,5.5,6.5,10.594810050208546,1,,1139.1456350167778,557.009809450208,993.6764312159269,0.3142213637036208,1054.4246940498174,518.9124785302316,0.3195928417384125,8.279514925278106,1.0088612182247692,-0.00042345089756791,-18.410079258543192,58.052542323680655,1.0088613070926191,-0.024048845766497556,2.471753841668243,6.587688117798607,6.527870803300434,0.99637974825865405|1|1|1|0.16362986680514977|1|0.88016876168510783|1|0.83885015468783508,3.0109008345046391|2.4717538416682432|2.4632493794332584|2.0872332937854265|18.33406149817165|0.97526841486831373|3.4084377630558818|1.8662761874611686|3.5763231295826277
ta-ta:16,ta-ta,15,16,helicopter|jet_plane|large_launcher|large_tower|medium_launcher|small_launcher|small_tower|spacecraft|tank,9,0,1,3.5,66.5,7.0,6.0,10.44030650891055,1,,1150.4051030982816,565.9137688300266,1001.5854968414645,0.3192452665091734,1132.3536368206358,537.957075566248,0.29148867987232496,8.783092619794914,1.0087136270437878,-0.0006423591500844246,-18.256469568534612,58.84393061363107,1.008713831574204,-0.03648653321383153,2.691876267587416,3.0803195879906546,4.29303194148004,0.69744142413372734|1|1|1|0.72078188564410695|1|0.69914902097765652|1|0.78952257849827279,4.3014366115477944|2.6918762675874159|1.8647878037198866|1.2929852344767649|4.1621468994214874|1.4445830690202051|4.2909307739631011|1.4956389984833112|3.7997644359087932
ta-ta:17,ta-ta,16,17,helicopter|jet_plane|large_launcher|large_tower|medium_launcher|small_launcher|small_tower|spacecraft|tank,9,0,1,3.5,67.5,6.5,6.5,10.594810050208546,1,,1160.560669633964,573.3184213642729,1009.0624636887514,0.3228164747627523,1126.1379482821033,548.5388801118328,0.31106943178346186,8.802494214579058,1.0085967101812747,-0.0007395218727339154,-18.248041470708813,59.633605455172074,1.0085969812968363,-0.04201032399218027,2.640548473652698,3.1040096405271016,4.298472208896526,0.79111540122146606|1|1|1|0.69535939109416267|1|0.77419890572592442|1|0.69856609453301466,3.7921142699573727|2.6405484736526978|2.2762182887031077|1.7227640400076414|4.3143157922274762|1.5196667645311996|3.8749731872661726|1.682622260795352|4.2945113130637891
ta-ta:18,ta-ta,17,18,helicopter|jet_plane|large_launcher|large_tower|medium_launcher|small_launcher|small_tower|spacecraft|tank,9,1,1,3.5,65.5,6.5,6.5,12.0,1,,1170.5621605044896,580.7072157630757,1016.3635674135684,0.3264496950166764,1207.5218219609783,509.184045076973,0.21626594951964465,7.965732013760854,1.0081006192807527,-0.0008067298209839347,-17.000145081583923,59.724127782457344,1.0081009420723905,-0.045850784335266924,3.0631673342410983,9.410416676373266,10.35437611850702,0.11200071145802734|1|0.90014554936823499|1|0.94519213742580099|1|0.48026111775249436|0.9793783323777262|1,26.78555865216239|2.2672422490032296|3.3327581366629553|0.68882599983846027|3.1739979849216606|0.70798087789652941|6.2465804850931717|3.0631673342410983|1.9588053555600942
ta-ta:19,ta-ta,18,19,jet_plane|large_launcher|large_tower|medium_launcher|small_launcher|small_tower|spacecraft|tank,8,1,1,4.5,64.75,7.75,3.25,10.082898844636944,1,,1208.6246364023655,548.4084029396154,1077.0430517411876,0.2592639148575703,1223.5417776825627,469.6402757379614,0.1727875328532353,7.357415839889279,1.0078170300278344,-0.0008710961355505929,-16.216046841098887,59.89789451117281,1.0078174064891925,-0.049522996934106285,2.2911011438126265,4.590942663357401,6.5100632512083525,1|0.64358070814747081|1|1|1|0.27717302432360064|0.76794170469064837|1,1.0283431852581313|4.6614200228816767|1.3687718131626856|2.7976749840057638|0.72938653225259287|10.823564117303933|3.9065465266226704|1.7845273036194891
ta-ta:20,ta-ta,19,20,hangar|jet_plane|large_launcher|large_tower|medium_launcher|small_launcher|spacecraft|tank,8,3,1,1.0,65.5,8.0,6.75,10.792332955420678,1,,1433.2702921880261,617.2022323012782,1293.5706918877952,0.22765366252502164,1233.773137128442,431.8276809545575,0.13960635861914447,6.655103080284687,1.0079477239012526,-1.9568761999700795e-05,-16.258382578345845,57.703728501269325,1.0079477240912111,-0.0011123666894135623,3.1057886426985375,11.873906708975793,14.770330535429808,0.094075595407802762|1|0.40357020172976993|1|0.71022272511977036|1|0.54532922851402876|1,31.889248565858022|1.4656227994126356|7.4336513795320087|0.1033229743564022|4.2240264282806201|1.9875508571164553|5.5012636819918495|1.2322953127228664
ta-ta:21,ta-ta,20,21,hangar|jet_plane|large_launcher|large_tower|medium_launcher|medium_plane|small_launcher|spacecraft|tank,9,4,1,-1.0,65.0,7.0,8.0,13.0,1,,1487.5364193072492,654.4570257709623,1335.8332980519904,0.24002569672519902,1286.1999288688935,527.3306833741153,0.20205715816766198,6.989387998033526,1.0077600350845612,0.0019751193395060257,-14.154494385837552,53.02748290846216,1.0077619706111365,0.11229444842949748,5.192319947956731,11.107567263460458,13.780984124649548,0.10835826835447135|1|0.58045432410088482|1|0.29115092904366641|0.31826578273015121|0.64617357955040922|0.35169495686622376|0.63669176798747917,27.760964500838533|0.42627692338432915|5.1923199479567312|1.3722624497557125|10.285989030602297|9.492003106313474|4.6039437147421465|8.4828975489323089|4.653037722108964
ta-ta:22,ta-ta,21,22,hangar|jet_plane|large_launcher|large_tower|medium_launcher|medium_plane|small_launcher|spacecraft|tank,9,4,1,-1.0,65.5,7.5,7.0,10.606601717798213,1,,1500.5379179513848,666.5747983176238,1344.3556380131322,0.24584955929968275,1447.5711713176634,560.98581335424,0.17672542918481057,7.422648540832512,1.0069357160650212,0.0023413328139891844,-12.020756373830409,52.06271907803546,1.0069384381017157,0.13322424140487946,6.004781061396507,6.398364660186221,9.358086918375282,0.37522880789305035|1|0.63606578302803907|1|0.33106439126986215|1|0.49960188635616143|0.28452983979858709|0.44757024500414028,7.9951219447150379|1.849224282257935|4.7164934090861612|1.9724084830217368|9.0616812330748111|0.83948638263931563|6.0047810613965069|10.543709659577166|6.7028582803465016
ta-ta:23,ta-ta,22,23,hangar|jet_plane|large_launcher|large_tower|medium_launcher|medium_plane|small_launcher|tank,8,2,1,0.75,67.25,8.0,7.5,10.941529534110282,1,,1535.1796057383644,561.4871992427826,1428.813685181345,0.15442887828353064,1514.156758183049,487.17533398792256,0.11547522984720365,7.267369555738047,1.0073272681975685,0.0020744592665280824,-13.04168820754876,54.18129232020635,1.0073294042345953,0.1179930261706981,3.378303643714337,4.7156858898229554,6.383154871126674,1|1|0.67685726930472578|1|0.30350350340997001|1|0.61443294696091155|0.61475490665237109,1.9763534039135091|1.1316363671526193|4.4322490543663164|1.5196196593986013|9.8845646464156953|2.3243582330623571|4.8825506817170945|4.8799935915640278
ta-ta:24,ta-ta,23,24,hangar|jet_plane|large_launcher|large_tower|medium_plane|small_launcher|tank,7,1,1,-1.5,68.0,7.5,7.0,14.0089257261219,1,,1483.7228617946967,470.7290608728699,1407.070603012511,0.11192065469494038,1480.726725253878,453.0672331806568,0.10329180609662887,6.7316319481627485,1.0076939235946862,0.002222561870647374,-12.899601923860246,54.35236680338062,1.0076963746242826,0.12637092019764462,2.6389241472025433,3.31728350660879,4.7913719849099055,1|1|0.6537030627797763|1|1|0.75709079140391289|0.58886219825258723,1.5022549195831663|1.0257038719277507|4.5892396206514343|2.6389241472025433|2.0100657389869983|3.9625366424009973|5.0945705312976113
tank:1,tank,0,1,condor|helicopter|jammer|large_launcher|mine_roller|small_launcher|small_plane|small_tower|spacecraft|ta-ta,10,0,1,1.0,62.25,3.75,6.25,8.869481711587412,1,,877.1157007487667,563.5950927527974,672.0807421173186,0.703220469125586,811.5568517734687,500.0923720210365,0.612173080560332,9.581966632975538,1.00967324239282,0.0006322667115421633,-18.447871171325005,53.21843444525348,1.0096734403584284,0.0358791417279763,2.3128931848502714,3.2561761240562843,5.502908082894403,1|1|1|0.54994187250647231|0.50564785003992641|1|1|1|1|0.87721084219692858,2.3220680209759084|1.015098571450419|1.9365991289558084|5.4551220023713674|5.932982807601725|2.6460568705883576|2.3037183487246344|2.2533787490271613|1.3464667275519469|3.4199303552859197
tank:2,tank,1,2,condor|helicopter|jammer|large_launcher|small_launcher|small_plane|small_tower|spacecraft|ta-ta,9,0,1,1.0,63.0,4.0,5.5,8.139410298049853,1,,849.4349283675967,461.33314997074416,713.2400873961972,0.4183674003478843,807.8995481153953,440.97052742936984,0.42434570109528535,8.828871951357348,1.009211750001852,0.0008890267547310997,-17.03068813779646,52.9751503462096,1.0092121415789503,0.05047252743964485,2.2929824195710764,2.6972951577603124,3.8377644221837937,1|1|1|0.59350636273989554|1|0.84900956326375299|1|1|1,2.6053832751277457|0.38302234797351525|2.2929824195710764|5.0547057176334702|2.2564087289633079|3.5335290983213743|1.6345649321733557|1.3050889705154187|2.4049524185971847
tank:3,tank,2,3,condor|helicopter|jammer|large_launcher|small_launcher|small_plane|small_tower|spacecraft|ta-ta,9,0,1,1.0,63.0,4.0,6.5,8.06225774829855,1,,857.0723027252517,467.58348299939524,718.2886735323896,0.42376031900640865,816.2606909426631,452.27591971846914,0.44301732622613793,8.861221096019815,1.0091376206396836,0.0006411254700056309,-17.197592377629462,53.86971471074298,1.0091378242996296,0.036401158648781094,2.6870819065063745,2.728791226961548,3.450545438858067,1|1|1|0.6168243222854628|1|0.96859297030494296|1|1|0.99188451661255872,2.9600426465502694|0.62115415432858634|2.6870819065063745|4.863622126913616|2.1739778710621231|3.0972762668441796|1.5287282767578825|1.0906954568172464|3.024545080481067
tank:4,tank,3,4,condor|helicopter|jammer|jet_plane|large_launcher|small_launcher|small_plane|small_tower|spacecraft|ta-ta,10,1,1,1.5,63.5,3.5,6.75,9.335572231453778,1,,875.5789356191707,543.7601581700475,686.2677049715255,0.627809152288837,817.0264814579442,462.27692565840493,0.47087866760737024,9.004629875353253,1.0099098511585114,0.0007032336106322319,-18.672365939724386,53.05629237832159,1.0099100960008855,0.039896938664817146,2.6396596979656657,8.91963810635171,7.786438046777855,1|1|1|0.11193210483291081|0.5287646117025504|1|0.91796091629536103|1|1|1,2.6842065577372791|0.81804829473108731|2.909905555664476|26.801961819777905|5.6736020720000804|1.8000334504241999|3.2681129989813265|1.9549717980646444|2.0604841789335722|2.5951128381940527
tank:5,tank,4,5,condor|helicopter|jammer|jet_plane|large_launcher|small_launcher|small_plane|small_tower|spacecraft|ta-ta,10,0,1,1.25,64.25,4.25,6.25,8.852954345157972,1,,886.4388881925252,555.0317721523027,691.1683111959593,0.6448638806059892,853.7513885633796,549.2249892754121,0.7060334412143678,9.888267256496473,1.009768283765701,0.00010550776653381786,-19.19661130009763,54.69187397703092,1.0097682892778015,0.005986670212789776,2.8640597624127775,2.7868566316842203,3.524762311471091,0.93058370349812647|1|1|0.98102687451187043|0.66851511656254592|1|0.89811661490261752|1|1|0.87776152152338327,3.2237822847084887|0.65037381610170286|2.6700991992497771|3.0580203255757783|4.4875585118440648|1.9837972026727986|3.3403227749835471|1.1986718558570049|1.4211141009890911|3.4177849558740943
tank:6,tank,5,6,condor|helicopter|jammer|jet_plane|large_launcher|small_launcher|small_plane|small_tower|spacecraft|ta-ta,10,0,1,1.75,64.75,4.0,6.5,9.658488244647234,1,,894.922563689172,562.3514776725855,696.1660797248452,0.6525141949656229,854.6265115932357,544.4331003031612,0.6829992935800016,9.770110938109104,1.0101560624781623,0.0007547696581779973,-19.07896069533126,53.10038549531032,1.010156344452987,0.04281032354982642,2.6403029876502586,2.9334568758503816,3.8555598856634905,1|1|1|1|0.53661323837444197|1|0.81905100075986181|1|1|1,2.9582043746294575|0.4864635771169537|2.43758474633439|2.9510798278227952|5.5906186917711782|1.7032969095320427|3.6627755738737484|1.6678639918554374|1.9941610561855199|2.8430212289661276
tank:7,tank,6,7,condor|helicopter|jammer|jet_plane|large_launcher|large_tower|small_launcher|small_plane|small_tower|spacecraft|ta-ta,11,1,1,2.0,65.0,4.5,7.0,10.124228365658293,1,,988.2838807375236,600.8692305583579,784.6408074360055,0.5864326583689878,864.2561089934516,583.8970201551866,0.839737196565287,9.876695087274312,1.0105618820687925,-0.0005550648814286219,-21.518750010015538,55.3517112726347,1.010562034507255,-0.031470484319550476,2.988241993360312,7.409531692415097,5.333324085167392,0.68048068299976805|1|1|1|0.56250097257238274|0.13585480320089866|1|0.86547044425186292|1|1|0.57889063187750089,4.4086483060446389|0.64387424206560884|2.7911662491203448|2.1728311138969194|5.3333240851673924|22.082399220711807|2.9882419933603122|3.4663229010034549|2.0890981692072499|1.8187030663899164|5.1823260313013897
tank:8,tank,7,8,condor|helicopter|jammer|jet_plane|large_launcher|large_tower|small_launcher|small_plane|small_tower|spacecraft|ta-ta,11,0,1,2.0,65.0,4.5,5.0,10.307764064044152,1,,999.6757015474882,609.8791394250102,792.0851870592403,0.592848567127062,988.7030828872876,571.8077741702372,0.5025812806248293,10.717342709499578,1.0093850402265063,-0.0006275156555386055,-19.49639978576988,57.161948697038724,1.0093852352838155,-0.03561970167574218,2.859057177673597,3.1902554120633155,4.689186892439825,0.63976977079700781|1|1|0.95165319890359756|1|0.96768202339053955|1|0.61260746983385861|1|1|0.76172703659446228,4.6891868924398246|0.78452802668005694|2.8590571776735971|3.15240889158158|2.8345671812624116|3.1001918639196475|2.6488419546789843|4.8970999485077762|1.1024395422416589|2.4225504272223599|3.9384187198553886
tank:9,tank,8,9,condor|helicopter|jammer|jet_plane|large_launcher|large_tower|small_launcher|small_tower|spacecraft|ta-ta,10,1,1,2.75,62.5,4.75,7.5,8.490424419520089,1,,1004.4989858133257,582.8817667439807,818.0874393959459,0.5076466108542176,985.0041716872287,490.56006094168504,0.32984434773452637,9.190909655959095,1.0082181524036984,-0.0006694850457054705,-16.780991801304026,57.597910775395235,1.0082183746820694,-0.03804599414990465,2.5048026883094967,7.1256874454836,5.959755936673582,0.14230964616871997|1|0.70099340058525583|0.92075367626077687|1|1|1|0.94348558869092325|1|1,21.080791647906658|2.7819555961716333|4.2796408576476912|3.2582004054202103|1.8332607709866469|1.5464512706300615|2.1609595718787435|3.1796988041125251|1.0903924183560083|2.2276497804473601
tank:10,tank,9,10,condor|helicopter|jammer|jet_plane|large_launcher|large_tower|small_launcher|small_tower|spacecraft|ta-ta,10,1,1,2.5,63.0,5.0,7.0,8.785039160550308,1,,1011.0683520415422,585.3973930049684,824.3598151068419,0.5042755848303809,983.7191360753957,485.91442300984806,0.3227390494466261,8.984976813294049,1.0080984016550725,-0.0008163620277450036,-16.925138523311944,58.19656895509888,1.0080987322015995,-0.046398336157659585,2.4674258838677057,10.575045609139488,8.191452608548216,0.092553532936552566|0.96146783543550274|0.54544515095114388|1|1|1|1|1|1|1,32.413673523298939|3.1202291841234588|5.5000947291314803|2.9106461635095058|1.6177923503474423|1.6215725830446757|1.1516239900501961|2.6202500305356518|0.6440906993665928|2.31460173719976
tank:11,tank,10,11,helicopter|jammer|jet_plane|large_launcher|large_tower|small_launcher|small_tower|spacecraft|ta-ta,9,0,1,2.5,65.0,5.5,6.5,8.5,1,,1001.0670202400765,489.8692966917026,873.0196167160979,0.31485633487640347,994.2302834796789,478.43841274854503,0.3013509281625624,8.874277333243237,1.0086620805582054,-0.0006044305810514645,-17.738699579743297,58.02113275174747,1.0086622616576546,-0.03433391402846067,2.3319325453359685,2.721114513305128,3.630459123824373,1|0.64429660699504954|0.88914871460533795|1|1|1|1|1|1,2.362101593453156|4.6562405690638116|3.374013762514513|1.9307711341797853|2.2609800514221807|2.1177119172896872|2.3319325453359685|0.86024231634308812|2.9143731293856594
tank:12,tank,11,12,helicopter|jammer|jet_plane|large_launcher|large_tower|small_launcher|small_tower|spacecraft|ta-ta,9,1,1,2.0,66.0,4.5,6.0,8.139410298049853,1,,1009.9177359237401,496.143748109709,879.6449366335164,0.31812678173350833,1017.1940851036595,494.8444202832994,0.31003675589345464,8.965175973435157,1.0079918880819783,-1.656210611208395e-05,-15.58000836415249,56.94700301650687,1.0079918882180425,-0.0009414150958997244,2.0114791817189426,2.312231570404484,3.168150578824771,0.99049981241395868|1|1|1|1|1|0.80522705897805624|1|1,3.0287739204001873|1.5091977157318763|2.818462765381808|1.2159700187975233|2.3395141396864063|1.1935822733370207|3.7256572125231044|2.0114791817189426|1.5555493072611988
tank:13,tank,12,13,helicopter|jet_plane|large_launcher|large_tower|small_launcher|small_tower|spacecraft|ta-ta,8,0,1,2.75,66.0,5.0,5.5,8.253790486319268,1,,977.5375592208721,456.5868509953094,864.3541676799431,0.27903799318461847,980.344341666558,454.76341726240935,0.2741870479080049,7.995810131895367,1.0083714599102838,-0.0001255513556393987,-16.721592712868187,57.274908817729965,1.0083714677264228,-0.00713384208013073,2.2318608983956114,2.304867010207076,3.0839909338362177,0.93076669173806625|0.99194814558818178|1|1|1|1|1|1,3.2231492882474804|3.0243516390885339|1.2410767613112783|2.5198761723360752|2.0062165331346318|2.4575052636565906|1.0842136393636292|1.9580852230842187
tank:14,tank,13,14,helicopter|jet_plane|large_launcher|large_tower|small_launcher|small_tower|spacecraft|ta-ta,8,0,1,2.75,67.0,4.75,6.5,8.933247228815183,1,,985.7433426100325,462.33907450334107,870.5931987371565,0.282026981062672,989.6783544247359,459.88638547843186,0.27539631115571944,7.994659944429861,1.0086067566159695,-0.00037354795033474667,-17.46684889217522,58.45404160752946,1.0086068257896417,-0.021220083923661318,2.2426413095031634,2.4545523552519155,3.1375265297808914,0.97045119350217046|0.92441886706399301|1|1|1|1|1|1,3.0913455721285281|3.2452820976364061|2.1822932791826086|2.3029893398237187|1.572618100819428|2.9367855009705486|1.5716092959403574|2.1157477102184554
tank:15,tank,14,15,helicopter|jet_plane|large_launcher|large_tower|medium_launcher|small_launcher|small_tower|spacecraft|ta-ta,9,1,1,2.5,66.5,5.5,6.5,10.0,1,,1101.3983788297896,505.2449016100074,978.6756246509785,0.2665178714583951,1022.4699748871733,478.875427909404,0.28098905010388053,8.296646590798817,1.008870207308093,-0.0006709626451053882,-18.740946062558123,58.684455933434265,1.0088704304244156,-0.03810532001941352,2.66561656093807,6.44453923821627,6.361345771071621,1|1|1|1|0.16672451501018171|1|0.86874844850895083|1|1,2.9686480563258919|2.5933634993317387|2.6656165609380702|1.8149706316080252|17.993754546635341|1.1636549604981488|3.4532435771806869|1.6415112676187924|2.84639989705077
tank:16,tank,15,16,helicopter|jet_plane|large_launcher|large_tower|medium_launcher|small_launcher|small_tower|spacecraft|ta-ta,9,0,1,3.5,68.0,7.0,7.5,10.0,1,,1112.5097863350948,513.2312458027772,987.0520315682894,0.27036226973165617,1117.515954761897,494.7817208761746,0.24382561289747387,8.853243180515804,1.0087282857324589,-0.0010325592425947038,-18.77253732054487,59.94071870481844,1.0087288142089204,-0.058649357682817635,2.5332493587562412,2.8403458855783157,4.114320999883951,0.73515998929840543|1|1|1|0.83192538839072094|1|0.70611039503929862|1|1,4.0807443892122253|2.9677693613620288|2.1443358119535487|0.96281828097321398|3.6060926115803142|1.8008234328436203|4.2486274425708537|0.95273367715651802|2.5332493587562412
tank:17,tank,16,17,helicopter|jet_plane|large_launcher|large_tower|medium_launcher|small_launcher|small_tower|spacecraft|ta-ta,9,0,1,3.5,68.0,6.5,6.5,10.259142264341596,1,,1122.4066872595415,519.8314696003878,994.7723432112693,0.2730723512190138,1116.957557727489,504.31871227603995,0.2560640489588042,8.876729847524224,1.0086093087040946,-0.0009196533241159869,-18.536468690165293,60.04554689428278,1.008609727975488,-0.05224246795045886,2.669649529640652,2.8873808047455363,3.9522483123344476,0.79551705782074766|1|1|1|0.75508060732961524|1|0.76006343887196393|1|1,3.7711322098690769|2.6696495296406519|2.4873822667741026|1.4974450264119856|3.9730857479472639|1.6317645041492219|3.9470389534312433|1.5354014187192107|2.9782868442872314
tank:18,tank,17,18,helicopter|jet_plane|large_launcher|large_tower|medium_launcher|small_launcher|small_tower|spacecraft|ta-ta,9,1,1,3.5,69.0,6.5,7.0,10.547511554864494,1,,1132.2297022978298,526.5316779641246,1002.3514807021115,0.2759363640500681,1171.7661332060509,457.9997055422812,0.18032214728298598,7.961688317749382,1.008221406466624,-0.001168219293415917,-17.794040516709174,60.68733042620693,1.0082220832702757,-0.06638820072125284,2.560117443491404,9.4802020785669,10.271821585733491,0.11046137607559448|1|0.83670527268817085|1|1|1|0.49586175204840011|1|1,27.15881429878586|2.560117443491404|3.5854919259884945|0.6410094515500252|2.7136377704670669|0.66055137376757034|6.0500734074703946|2.4282054064458416|1.0706607058743056
tank:19,tank,18,19,jet_plane|large_launcher|large_tower|medium_launcher|small_launcher|small_tower|spacecraft|ta-ta,8,1,1,4.5,66.5,7.75,3.75,9.939085465953852,1,,1169.9450274211606,500.99991063067364,1057.246639500716,0.2245549691704949,1187.3298142000692,413.16221111651936,0.1377693718027771,7.3566574246261425,1.0080985502614792,-0.0012516023179739155,-17.520660559368025,60.911490750840585,1.0080993272230958,-0.07113539999018927,1.9572413158130972,4.630246735251182,6.690453865893449,1|0.64181346553601115|1|1|1|0.26327527947323937|1|1,1.5084398867818167|4.6742553110691656|1.5102285973781602|2.4042540342480341|0.42225692327779374|11.394917160483446|2.9223258970913131|0.87508313859754827
tank:20,tank,19,20,hangar|jet_plane|large_launcher|large_tower|medium_launcher|small_launcher|spacecraft|ta-ta,8,3,1,1.0,67.25,6.75,5.75,10.32641761663184,1,,1415.92760976462,639.6962366045524,1263.1863365979393,0.25645593409886364,1207.3290362407258,393.85479453932857,0.11909328417823359,6.7246554486250005,1.0080492621465296,-0.0006568433885705665,-17.08243364077407,59.47009351933184,1.0080494761455907,-0.03733383878458075,2.763371165167464,12.424255611801916,15.797486867723798,0.089354512659690577|1|0.36679656683092354|1|0.84709767896239707|1|0.67742650674734817|1,33.574133840790907|1.7481098687187691|8.1789238792664705|0.37830597734819332|3.5414991917928718|1.2188250622882548|4.4285230240211924|1.9852431385420561
tank:21,tank,20,21,hangar|jet_plane|large_launcher|large_tower|medium_launcher|medium_plane|small_launcher|spacecraft|ta-ta,9,4,1,-1.0,65.0,7.0,8.0,13.0,1,,1479.127985931384,687.6954166096432,1309.5398477096915,0.2757749557976739,1252.1247817470976,556.9959076898123,0.2467011306745636,6.88519567673272,1.0080740685487015,0.0019027135393418994,-15.023221246992307,52.92910384807101,1.0080758642082177,0.10814416258478307,6.3396002421199835,11.183783409563691,13.875771014100081,0.10863915931968103|1|0.5461394073831185|1|0.28734390449318498|0.31961810308599004|0.65876016296812689|0.36370155381460423|0.46814168959373315,27.704005533891468|0.51504426715425422|5.5234533967380655|1.3063350905999449|10.418712384152231|9.465250227030074|4.5074887693114452|8.1885495855532628|6.3396002421199835
tank:22,tank,21,22,hangar|jet_plane|large_launcher|large_tower|medium_launcher|medium_plane|small_launcher|spacecraft|ta-ta,9,4,1,-1.0,65.5,7.5,7.5,10.606601717798213,1,,1492.4076640792453,700.5437298277046,1317.7705105220548,0.28261221670432946,1444.1385549016186,589.1980035095615,0.19969966993468694,7.327466405172057,1.0070388494936058,0.0023938178676770156,-12.143613143469793,51.83687571717371,1.0070416946449579,0.1361967340945631,5.987809246378799,6.5876531856500575,9.541177329655836,0.38549598213673569|1|0.63272401958250779|1|0.32368329618192004|1|0.5010179614635919|0.28215082231903788|0.37044437444214112,7.7821823385200126|1.813574342917015|4.7414037250493601|1.8342681526209672|9.2683188502025171|0.69706816827584306|5.9878092463787986|10.632611247469114|8.0983818020446616
tank:23,tank,22,23,hangar|jet_plane|large_launcher|large_tower|medium_launcher|medium_plane|small_launcher|ta-ta,8,2,1,0.75,67.25,7.25,8.0,11.535945348107465,1,,1529.3897041589826,619.3360474595389,1398.3761037377233,0.1961574145032047,1516.7131002268193,522.251621305208,0.1345122747238223,7.122012780479613,1.0074276537811089,0.002089325100625463,-13.190120405854032,54.066036027102314,1.0074298203261038,0.11882673482142579,3.382111353820133,4.991443969113372,7.588172969945654,1|1|0.66040301014339153|1|0.2984214589796742|1|0.62300769566236791|0.45928704098648493,1.9278581628328708|1.0671663716967332|4.5426806747740445|1.4056573074695671|10.052896362302986|2.2215420328662212|4.8153498348316202|6.5318629446496548
tank:24,tank,23,24,hangar|jet_plane|large_launcher|large_tower|medium_plane|small_launcher|ta-ta,7,1,1,-1.5,68.0,7.0,9.0,14.0089257261219,1,,1479.55323510518,539.092059967361,1377.8452476204834,0.1530823023849399,1482.6060059690728,485.78079431900545,0.12026831424842163,6.5525129037164325,1.0078014708833496,0.0022192548000566303,-13.029265484591633,54.24774602235891,1.0078039143635584,0.12616942111389945,2.6595171374476636,3.833136368404905,5.753538396029105,1|1|0.62006813556760842|1|1|0.77497853055536181|0.42095933765578691,1.4284318905447022|0.92248238110874159|4.838177934281358|2.6595171374476636|1.9247860119079743|3.8710750051583851|7.1265790886507254
