sim_time,score,score_delta,time_bonus,fruit_bonus,predation_penalty,num_agents,num_predators,num_fruits,num_trees,mean_energy,median_energy,mean_age
0.1,0.1,0.1,0.1,0.0,0.0,5,0,32,22,149.9,149.9,0.1
0.2,0.2,0.1,0.1,0.0,0.0,5,0,32,23,149.27775353781735,149.29205448528148,0.2
0.30000000000000004,0.30000000000000004,0.10000000000000003,0.1,2.7755575615628914e-17,0.0,5,0,32,23,148.6626709509024,148.6686997917783,0.30000000000000004
0.4,0.4,0.09999999999999998,0.1,-2.7755575615628914e-17,0.0,5,0,32,22,148.04897688062618,148.05791138512745,0.4
0.5,0.5,0.09999999999999998,0.1,-2.7755575615628914e-17,0.0,5,0,32,22,147.4314608538124,147.44881125627302,0.5
0.6,0.6,0.09999999999999998,0.1,-2.7755575615628914e-17,0.0,5,0,33,21,146.81720394098724,146.84603288615142,0.6
0.7,0.7,0.09999999999999998,0.1,-2.7755575615628914e-17,0.0,5,0,33,22,146.1979933604056,146.2290973420946,0.7
0.7999999999999999,0.7999999999999999,0.09999999999999998,0.1,-2.7755575615628914e-17,0.0,5,0,33,23,145.5941958163297,145.61297179456898,0.7999999999999999
0.8999999999999999,0.8999999999999999,0.09999999999999998,0.1,-2.7755575615628914e-17,0.0,5,0,33,23,144.9861061425795,144.99190720784964,0.9
0.9999999999999999,0.9999999999999999,0.09999999999999998,0.1,-2.7755575615628914e-17,0.0,5,0,33,22,144.37899945584826,144.3715963139845,0.9999999999999998
1.0999999999999999,1.0999999999999999,0.09999999999999998,0.1,-2.7755575615628914e-17,0.0,5,0,33,23,143.7756577185524,143.76381361782455,1.0999999999999999
1.2,1.2,0.10000000000000009,0.1,8.326672684688674e-17,0.0,5,0,33,24,143.17147714074082,143.14746506126895,1.2
1.3,1.3,0.10000000000000009,0.1,8.326672684688674e-17,0.0,5,0,33,22,142.56268595322854,142.526494075264,1.3
1.4000000000000001,1.4000000000000001,0.10000000000000009,0.1,8.326672684688674e-17,0.0,5,0,33,21,141.95890269115586,141.92606789414768,1.4000000000000001
1.5000000000000002,1.5000000000000002,0.10000000000000009,0.1,8.326672684688674e-17,0.0,5,0,33,21,141.44607923660752,141.46376146710196,1.5000000000000002
1.6000000000000003,1.6000000000000003,0.10000000000000009,0.1,8.326672684688674e-17,0.0,5,0,33,21,140.92587997935652,140.7849322376296,1.6000000000000003
1.7000000000000004,1.7000000000000004,0.10000000000000009,0.1,8.326672684688674e-17,0.0,5,0,33,21,140.42060504527913,140.1849322376296,1.7000000000000004
1.8000000000000005,1.8000000000000005,0.10000000000000009,0.1,8.326672684688674e-17,0.0,5,0,34,22,139.89103312690216,139.5849322376296,1.8000000000000003
1.9000000000000006,1.9000000000000006,0.10000000000000009,0.1,8.326672684688674e-17,0.0,5,0,34,21,139.3910331269022,138.9849322376296,1.9000000000000008
2.0000000000000004,2.0000000000000004,0.09999999999999987,0.1,-1.3877787807814457e-16,0.0,5,0,34,21,138.8910331269022,138.3849322376296,2.0000000000000004
2.1000000000000005,2.1000000000000005,0.10000000000000009,0.1,8.326672684688674e-17,0.0,5,0,34,21,138.3910331269022,137.78493223762962,2.1000000000000005
2.2000000000000006,2.2242000000000006,0.12420000000000009,0.1,0.024200000000000083,0.0,5,0,33,21,142.7310331269022,137.18493223762962,2.2000000000000006
2.3000000000000007,2.3242000000000007,0.10000000000000009,0.1,8.326672684688674e-17,0.0,6,0,33,22,114.36897654863098,136.4132710086614,1.9333333333333338
2.400000000000001,2.424200000000001,0.10000000000000009,0.1,8.326672684688674e-17,0.0,6,0,33,22,113.81115598686996,135.81327100866142,2.033333333333334
2.500000000000001,2.524200000000001,0.10000000000000009,0.1,8.326672684688674e-17,0.0,6,0,33,22,113.29448932020331,135.21327100866142,2.133333333333334
2.600000000000001,2.624200000000001,0.10000000000000009,0.1,8.326672684688674e-17,0.0,6,0,33,23,112.77782265353665,134.61327100866143,2.2333333333333343
2.700000000000001,2.724200000000001,0.10000000000000009,0.1,8.326672684688674e-17,0.0,6,0,33,23,112.29091148608033,134.01327100866143,2.3333333333333344
2.800000000000001,2.824200000000001,0.10000000000000009,0.1,8.326672684688674e-17,0.0,6,0,33,24,111.8468625859224,133.41327100866144,2.433333333333334
2.9000000000000012,2.9242000000000012,0.10000000000000009,0.1,8.326672684688674e-17,0.0,6,0,33,25,111.41352925258906,132.81327100866145,2.5333333333333345
3.0000000000000013,3.0242000000000013,0.10000000000000009,0.1,8.326672684688674e-17,0.0,6,0,33,26,111.00875275428717,132.21327100866145,2.633333333333334
3.1000000000000014,3.150200000000001,0.1259999999999999,0.1,0.025999999999999884,0.0,6,0,32,26,114.98113078796011,131.61327100866146,2.7333333333333343
3.2000000000000015,3.2502000000000013,0.10000000000000009,0.1,8.326672684688674e-17,0.0,7,0,32,26,94.70201324912613,74.9,2.442857142857144
3.3000000000000016,3.3502000000000014,0.10000000000000009,0.1,8.326672684688674e-17,0.0,7,0,33,26,94.31317547157792,74.28393446053725,2.542857142857144
3.4000000000000017,3.4502000000000015,0.10000000000000009,0.1,8.326672684688674e-17,0.0,7,0,33,26,93.92305840647165,73.66251315935477,2.6428571428571437
3.5000000000000018,3.5502000000000016,0.10000000000000009,0.1,8.326672684688674e-17,0.0,7,0,33,26,93.53294814603046,73.04743970698215,2.742857142857144
3.600000000000002,3.6502000000000017,0.10000000000000009,0.1,8.326672684688674e-17,0.0,7,0,33,26,93.1460017207827,72.44356461255657,2.8428571428571443
3.700000000000002,3.7502000000000018,0.10000000000000009,0.1,8.326672684688674e-17,0.0,7,0,33,25,92.75947436203867,71.842455377957,2.942857142857144
3.800000000000002,3.850200000000002,0.10000000000000009,0.1,8.326672684688674e-17,0.0,7,0,33,25,92.36977035137798,71.22003813597277,3.0428571428571445
3.900000000000002,3.950200000000002,0.10000000000000009,0.1,8.326672684688674e-17,0.0,7,0,33,25,91.96113466413662,70.53405664116586,3.1428571428571446
4.000000000000002,4.050200000000002,0.10000000000000009,0.1,8.326672684688674e-17,0.0,7,0,33,25,91.55286653271229,69.86258352823353,3.242857142857144
4.100000000000001,4.178200000000001,0.12799999999999923,0.1,0.02799999999999922,0.0,7,0,32,25,95.15087655948801,69.67929265777263,3.3428571428571443
4.200000000000001,4.278200000000001,0.09999999999999964,0.1,-3.608224830031759e-16,0.0,8,0,32,25,79.8072298553881,69.57929265777264,3.025000000000001
4.300000000000001,4.3782000000000005,0.09999999999999964,0.1,-3.608224830031759e-16,0.0,8,0,32,26,79.39987940566347,69.47929265777265,3.1250000000000004
4.4,4.4782,0.09999999999999964,0.1,-3.608224830031759e-16,0.0,8,0,32,26,79.02505794100495,69.37929265777265,3.2250000000000005
4.5,4.5782,0.09999999999999964,0.1,-3.608224830031759e-16,0.0,8,0,32,27,78.65811458216714,69.27929265777266,3.325
4.6,4.6781999999999995,0.09999999999999964,0.1,-3.608224830031759e-16,0.0,8,0,32,27,78.30715255121822,69.17929265777266,3.425
4.699999999999999,4.778199999999999,0.09999999999999964,0.1,-3.608224830031759e-16,0.0,8,0,32,27,77.95703916940984,69.07929265777267,3.525
4.799999999999999,4.878199999999999,0.09999999999999964,0.1,-3.608224830031759e-16,0.0,8,0,32,27,77.5974232343598,68.97929265777267,3.6249999999999996
4.899999999999999,4.978199999999998,0.09999999999999964,0.1,-3.608224830031759e-16,0.0,8,0,32,27,77.23903125117161,68.87929265777268,3.724999999999999
4.999999999999998,5.078199999999998,0.09999999999999964,0.1,-3.608224830031759e-16,0.0,8,0,32,27,76.88836426933443,68.77929265777269,3.8249999999999993
5.099999999999998,5.178199999999998,0.09999999999999964,0.1,-3.608224830031759e-16,0.0,8,0,32,28,76.53674137487256,68.67929265777269,3.924999999999999
5.1999999999999975,5.278199999999997,0.09999999999999964,0.1,-3.608224830031759e-16,0.0,8,0,32,29,76.18436964698974,68.5792926577727,4.024999999999999
5.299999999999997,5.378199999999997,0.09999999999999964,0.1,-3.608224830031759e-16,0.0,8,0,32,30,75.83407140236754,68.24525989661569,4.124999999999998
5.399999999999997,5.508799999999996,0.13059999999999938,0.1,0.030599999999999378,0.0,8,0,31,30,79.30714990202632,68.37929265777271,4.224999999999998
5.4999999999999964,5.608799999999996,0.09999999999999964,0.1,-3.608224830031759e-16,0.0,8,0,31,30,78.95447418118002,68.27929265777271,4.324999999999998
5.599999999999996,5.708799999999996,0.09999999999999964,0.1,-3.608224830031759e-16,0.0,8,0,31,30,78.60037630179572,68.17929265777272,4.424999999999998
5.699999999999996,5.808799999999995,0.09999999999999964,0.1,-3.608224830031759e-16,0.0,8,0,31,31,78.24862907207691,68.07929265777273,4.524999999999998
5.799999999999995,5.908799999999995,0.09999999999999964,0.1,-3.608224830031759e-16,0.0,8,0,31,32,77.89571248328998,67.97929265777273,4.624999999999997
5.899999999999995,6.008799999999995,0.09999999999999964,0.1,-3.608224830031759e-16,0.0,8,0,31,32,77.53819103372817,67.87929265777274,4.724999999999997
5.999999999999995,6.108799999999994,0.09999999999999964,0.1,-3.608224830031759e-16,0.0,8,0,31,32,77.17763700869318,67.77929265777274,4.8249999999999975
6.099999999999994,6.208799999999994,0.09999999999999964,0.1,-3.608224830031759e-16,0.0,8,0,31,32,76.81707160896194,67.67929265777275,4.924999999999997
6.199999999999994,6.3087999999999935,0.09999999999999964,0.1,-3.608224830031759e-16,0.0,8,0,31,32,76.45856589485061,67.57929265777275,5.024999999999997
6.299999999999994,6.408799999999993,0.09999999999999964,0.1,-3.608224830031759e-16,0.0,8,0,31,32,76.09956392914732,67.47929265777276,5.1249999999999964
6.399999999999993,6.508799999999993,0.09999999999999964,0.1,-3.608224830031759e-16,0.0,8,0,31,33,75.73780341320216,67.37929265777277,5.224999999999996
6.499999999999993,6.6087999999999925,0.09999999999999964,0.1,-3.608224830031759e-16,0.0,8,0,31,33,75.37738647215136,67.27929265777277,5.324999999999996
6.5999999999999925,6.708799999999992,0.09999999999999964,0.1,-3.608224830031759e-16,0.0,8,0,31,32,75.02444215097614,67.17929265777278,5.424999999999995
6.699999999999992,6.808799999999992,0.09999999999999964,0.1,-3.608224830031759e-16,0.0,8,0,31,32,74.67305901921151,67.07929265777278,5.524999999999995
6.799999999999992,6.908799999999991,0.09999999999999964,0.1,-3.608224830031759e-16,0.0,8,0,31,32,74.33403166527637,66.97929265777279,5.624999999999996
6.8999999999999915,7.008799999999991,0.09999999999999964,0.1,-3.608224830031759e-16,0.0,8,0,31,32,74.02492293980697,66.8792926577728,5.724999999999995
6.999999999999991,7.108799999999991,0.09999999999999964,0.1,-3.608224830031759e-16,0.0,8,0,31,32,73.75679841043575,66.7792926577728,5.824999999999995
7.099999999999991,7.20879999999999,0.09999999999999964,0.1,-3.608224830031759e-16,0.0,8,0,32,32,73.50635588123063,66.6792926577728,5.9249999999999945
7.19999999999999,7.30879999999999,0.09999999999999964,0.1,-3.608224830031759e-16,0.0,8,0,32,32,73.27133452912338,66.57929265777281,6.024999999999994
7.29999999999999,7.40879999999999,0.09999999999999964,0.1,-3.608224830031759e-16,0.0,8,0,32,32,73.04562384006437,66.47929265777282,6.124999999999994
7.39999999999999,7.508799999999989,0.09999999999999964,0.1,-3.608224830031759e-16,0.0,8,0,33,32,72.81773628157163,66.37929265777282,6.224999999999993
7.499999999999989,7.608799999999989,0.09999999999999964,0.1,-3.608224830031759e-16,0.0,8,0,33,32,72.58976110788524,66.27929265777283,6.324999999999993
7.599999999999989,7.7087999999999886,0.09999999999999964,0.1,-3.608224830031759e-16,0.0,8,0,33,33,72.36473962506578,66.17929265777283,6.424999999999993
7.699999999999989,7.808799999999988,0.09999999999999964,0.1,-3.608224830031759e-16,0.0,8,0,33,33,72.13689816960682,66.07929265777284,6.524999999999992
7.799999999999988,7.908799999999988,0.09999999999999964,0.1,-3.608224830031759e-16,0.0,8,0,33,33,71.90288078729935,65.97929265777285,6.624999999999992
7.899999999999988,8.008799999999988,0.10000000000000053,0.1,5.273559366969494e-16,0.0,8,0,33,34,71.6664783053905,65.87929265777285,6.724999999999992
7.999999999999988,8.108799999999988,0.09999999999999964,0.1,-3.608224830031759e-16,0.0,8,0,34,34,71.43949709921935,65.77929265777286,6.824999999999992
8.099999999999987,8.208799999999988,0.09999999999999964,0.1,-3.608224830031759e-16,0.0,8,0,34,34,71.21366505072763,65.67929265777286,6.924999999999992
8.199999999999987,8.338399999999988,0.12959999999999994,0.1,0.029599999999999932,0.0,8,0,33,34,74.68705070767112,65.57929265777287,7.0249999999999915
8.299999999999986,8.438399999999987,0.09999999999999964,0.1,-3.608224830031759e-16,0.0,8,0,33,34,74.49405735736869,65.47929265777287,7.124999999999991
8.399999999999986,8.538399999999987,0.09999999999999964,0.1,-3.608224830031759e-16,0.0,8,0,33,35,74.2288414359197,65.37929265777288,7.224999999999991
8.499999999999986,8.638399999999987,0.09999999999999964,0.1,-3.608224830031759e-16,0.0,8,0,33,35,74.00308343453884,65.27929265777288,7.32499999999999
8.599999999999985,8.738399999999986,0.09999999999999964,0.1,-3.608224830031759e-16,0.0,8,0,33,35,73.77666702364547,65.17929265777289,7.42499999999999
8.699999999999985,8.838399999999986,0.09999999999999964,0.1,-3.608224830031759e-16,0.0,8,0,33,36,73.54900111421466,65.0792926577729,7.52499999999999
8.799999999999985,8.938399999999985,0.09999999999999964,0.1,-3.608224830031759e-16,0.0,8,0,34,36,73.3475933970938,64.9792926577729,7.624999999999989
8.899999999999984,9.038399999999985,0.09999999999999964,0.1,-3.608224830031759e-16,0.0,8,0,34,36,73.17511924222387,64.87929265777291,7.724999999999989
8.999999999999984,9.138399999999985,0.09999999999999964,0.1,-3.608224830031759e-16,0.0,8,0,34,36,73.01137378344744,64.77929265777291,7.824999999999989
9.099999999999984,9.238399999999984,0.09999999999999964,0.1,-3.608224830031759e-16,0.0,8,0,34,36,72.84664659144771,64.67929265777292,7.924999999999988
9.199999999999983,9.338399999999984,0.09999999999999964,0.1,-3.608224830031759e-16,0.0,8,0,34,37,72.68282344712743,64.57929265777292,8.024999999999988
9.299999999999983,9.438399999999984,0.09999999999999964,0.1,-3.608224830031759e-16,0.0,8,0,34,37,72.51767409230459,64.47929265777293,8.124999999999988
9.399999999999983,9.538399999999983,0.09999999999999964,0.1,-3.608224830031759e-16,0.0,8,0,34,37,72.3550835410432,64.37929265777294,8.224999999999987
9.499999999999982,9.638399999999983,0.09999999999999964,0.1,-3.608224830031759e-16,0.0,8,0,34,37,72.19141392293254,64.27929265777294,8.324999999999987
9.599999999999982,9.738399999999983,0.09999999999999964,0.1,-3.608224830031759e-16,0.0,8,0,34,37,72.02769223493047,64.17929265777295,8.424999999999986
9.699999999999982,9.838399999999982,0.09999999999999964,0.1,-3.608224830031759e-16,0.0,8,0,35,37,71.86348571299939,64.07929265777295,8.524999999999986
9.799999999999981,9.938399999999982,0.09999999999999964,0.1,-3.608224830031759e-16,0.0,8,0,35,37,71.69970264940271,63.97929265777295,8.624999999999986
9.89999999999998,10.038399999999982,0.09999999999999964,0.1,-3.608224830031759e-16,0.0,8,0,36,37,71.53574006480055,63.87929265777295,8.724999999999985
9.99999999999998,10.138399999999981,0.09999999999999964,0.1,-3.608224830031759e-16,0.0,8,0,36,37,71.37214610381672,63.77929265777295,8.824999999999985
10.09999999999998,10.23839999999998,0.09999999999999964,0.1,-3.608224830031759e-16,0.0,8,0,37,37,71.20848762658137,63.67929265777295,8.924999999999985
10.19999999999998,10.33839999999998,0.09999999999999964,0.1,-3.608224830031759e-16,0.0,8,0,37,38,71.04378968773953,63.579292657772946,9.024999999999984
10.29999999999998,10.43839999999998,0.09999999999999964,0.1,-3.608224830031759e-16,0.0,8,0,37,39,70.87898331164833,63.479292657772945,9.124999999999984
10.399999999999979,10.53839999999998,0.09999999999999964,0.1,-3.608224830031759e-16,0.0,8,0,37,39,70.71600777369628,63.37929265777294,9.224999999999984
10.499999999999979,10.63839999999998,0.09999999999999964,0.1,-3.608224830031759e-16,0.0,8,0,37,39,70.55196336054513,63.27929265777294,9.324999999999983
10.599999999999978,10.738399999999979,0.09999999999999964,0.1,-3.608224830031759e-16,0.0,8,0,37,39,70.3890770854875,63.17929265777294,9.424999999999983
10.699999999999978,10.838399999999979,0.09999999999999964,0.1,-3.608224830031759e-16,0.0,8,0,37,40,70.22371541467024,63.07929265777294,9.524999999999983
10.799999999999978,10.938399999999978,0.09999999999999964,0.1,-3.608224830031759e-16,0.0,8,0,37,40,70.06085772319646,62.97929265777294,9.624999999999982
10.899999999999977,11.038399999999978,0.09999999999999964,0.1,-3.608224830031759e-16,0.0,8,0,37,40,69.8976132441065,62.879292657772936,9.724999999999982
10.999999999999977,11.138399999999978,0.09999999999999964,0.1,-3.608224830031759e-16,0.0,8,0,37,40,69.73260694701443,62.779292657772935,9.824999999999982
11.099999999999977,11.238399999999977,0.09999999999999964,0.1,-3.608224830031759e-16,0.0,8,0,37,40,69.56734966104449,62.67929265777293,9.924999999999981
11.199999999999976,11.338399999999977,0.09999999999999964,0.1,-3.608224830031759e-16,0.0,8,0,38,40,69.40329530835662,62.57929265777293,10.02499999999998
11.299999999999976,11.438399999999977,0.09999999999999964,0.1,-3.608224830031759e-16,0.0,8,0,38,40,69.24030385265283,62.47929265777293,10.12499999999998
11.399999999999975,11.538399999999976,0.09999999999999964,0.1,-3.608224830031759e-16,0.0,8,0,39,41,69.07727604248794,62.37929265777293,10.22499999999998
11.499999999999975,11.638399999999976,0.09999999999999964,0.1,-3.608224830031759e-16,0.0,8,0,39,41,68.91238297937274,62.27929265777293,10.32499999999998
11.599999999999975,11.738399999999976,0.09999999999999964,0.1,-3.608224830031759e-16,0.0,8,0,40,41,68.74815674816895,62.179292657772926,10.42499999999998
11.699999999999974,11.838399999999975,0.09999999999999964,0.1,-3.608224830031759e-16,0.0,8,0,40,41,68.58517830713325,62.079292657772925,10.524999999999979
11.799999999999974,11.938399999999975,0.09999999999999964,0.1,-3.608224830031759e-16,0.0,8,0,40,41,68.41381026198046,61.97929265777292,10.624999999999979
11.899999999999974,12.038399999999974,0.09999999999999964,0.1,-3.608224830031759e-16,0.0,8,0,40,42,68.24256750360385,61.87929265777292,10.724999999999978
11.999999999999973,12.138399999999974,0.09999999999999964,0.1,-3.608224830031759e-16,0.0,8,0,41,41,68.07865996523873,61.77929265777292,10.824999999999978
12.099999999999973,12.238399999999974,0.09999999999999964,0.1,-3.608224830031759e-16,0.0,8,0,41,41,67.90858017470208,61.67929265777292,10.924999999999978
12.199999999999973,12.338399999999973,0.09999999999999964,0.1,-3.608224830031759e-16,0.0,8,0,41,41,67.74319814933179,61.57929265777292,11.024999999999977
12.299999999999972,12.438399999999973,0.09999999999999964,0.1,-3.608224830031759e-16,0.0,8,0,41,41,67.57944402040518,61.479292657772916,11.124999999999977
12.399999999999972,12.538399999999973,0.09999999999999964,0.1,-3.608224830031759e-16,0.0,8,0,41,41,67.41453397890595,61.379292657772915,11.224999999999977
12.499999999999972,12.638399999999972,0.09999999999999964,0.1,-3.608224830031759e-16,0.0,8,0,41,42,67.25025702621762,61.27929265777291,11.324999999999976
12.599999999999971,12.738399999999972,0.09999999999999964,0.1,-3.608224830031759e-16,0.0,8,0,41,42,67.08538476255508,61.17929265777291,11.424999999999976
12.69999999999997,12.838399999999972,0.09999999999999964,0.1,-3.608224830031759e-16,0.0,8,0,41,42,66.92043470995957,61.07929265777291,11.524999999999975
12.79999999999997,12.938399999999971,0.09999999999999964,0.1,-3.608224830031759e-16,0.0,7,0,41,42,76.34124034747906,60.97929265777291,11.442857142857118
12.89999999999997,13.038399999999971,0.09999999999999964,0.1,-3.608224830031759e-16,0.0,7,0,41,42,76.24124034747908,60.87929265777291,11.542857142857118
12.99999999999997,13.13839999999997,0.09999999999999964,0.1,-3.608224830031759e-16,0.0,7,0,41,43,76.14124034747907,60.779292657772906,11.64285714285712
13.09999999999997,13.23839999999997,0.09999999999999964,0.1,-3.608224830031759e-16,0.0,7,0,41,43,76.04124034747908,60.679292657772905,11.742857142857117
13.199999999999969,13.33839999999997,0.09999999999999964,0.1,-3.608224830031759e-16,0.0,7,0,41,43,75.94124034747907,60.5792926577729,11.842857142857117
13.299999999999969,13.43839999999997,0.09999999999999964,0.1,-3.608224830031759e-16,0.0,7,0,41,43,75.84124034747909,60.4792926577729,11.942857142857116
13.399999999999968,13.53839999999997,0.09999999999999964,0.1,-3.608224830031759e-16,0.0,7,0,41,43,75.74124034747908,60.3792926577729,12.042857142857116
13.499999999999968,13.638399999999969,0.09999999999999964,0.1,-3.608224830031759e-16,0.0,7,0,41,43,75.64124034747908,60.2792926577729,12.142857142857116
13.599999999999968,13.738399999999968,0.09999999999999964,0.1,-3.608224830031759e-16,0.0,7,0,41,43,75.54124034747908,60.1792926577729,12.242857142857115
13.699999999999967,13.838399999999968,0.09999999999999964,0.1,-3.608224830031759e-16,0.0,7,0,41,43,75.44124034747908,60.079292657772896,12.342857142857115
13.799999999999967,13.938399999999968,0.09999999999999964,0.1,-3.608224830031759e-16,0.0,7,0,41,43,75.34124034747909,59.979292657772895,12.442857142857113
13.899999999999967,14.038399999999967,0.09999999999999964,0.1,-3.608224830031759e-16,0.0,7,0,41,43,75.24124034747909,59.87929265777289,12.542857142857114
13.999999999999966,14.138399999999967,0.09999999999999964,0.1,-3.608224830031759e-16,0.0,7,0,41,43,75.14124034747908,59.77929265777289,12.642857142857114
14.099999999999966,14.238399999999967,0.09999999999999964,0.1,-3.608224830031759e-16,0.0,7,0,41,43,75.04124034747909,59.67929265777289,12.742857142857114
14.199999999999966,14.338399999999966,0.09999999999999964,0.1,-3.608224830031759e-16,0.0,7,0,41,43,74.94124034747908,59.57929265777289,12.842857142857113
14.299999999999965,14.438399999999966,0.09999999999999964,0.1,-3.608224830031759e-16,0.0,7,0,41,43,74.8412403474791,59.47929265777289,12.942857142857113
14.399999999999965,14.538399999999966,0.09999999999999964,0.1,-3.608224830031759e-16,0.0,7,0,41,43,74.74124034747909,59.379292657772886,13.042857142857113
14.499999999999964,14.638399999999965,0.09999999999999964,0.1,-3.608224830031759e-16,0.0,7,0,41,43,74.6412403474791,59.279292657772885,13.142857142857112
14.599999999999964,14.738399999999965,0.09999999999999964,0.1,-3.608224830031759e-16,0.0,7,0,41,43,74.54124034747909,59.17929265777288,13.242857142857114
14.699999999999964,14.838399999999965,0.09999999999999964,0.1,-3.608224830031759e-16,0.0,7,0,41,43,74.44124034747911,59.07929265777288,13.342857142857111
14.799999999999963,14.938399999999964,0.09999999999999964,0.1,-3.608224830031759e-16,0.0,7,0,41,44,74.3412403474791,58.97929265777288,13.442857142857111
14.899999999999963,15.038399999999964,0.09999999999999964,0.1,-3.608224830031759e-16,0.0,7,0,41,44,74.2412403474791,58.87929265777288,13.54285714285711
14.999999999999963,15.138399999999963,0.09999999999999964,0.1,-3.608224830031759e-16,0.0,7,0,41,44,74.1412403474791,58.77929265777288,13.64285714285711
15.099999999999962,15.238399999999963,0.09999999999999964,0.1,-3.608224830031759e-16,0.0,7,0,41,44,74.0412403474791,58.679292657772876,13.74285714285711
15.199999999999962,15.338399999999963,0.09999999999999964,0.1,-3.608224830031759e-16,0.0,7,0,41,44,73.94124034747911,58.579292657772875,13.84285714285711
15.299999999999962,15.438399999999962,0.09999999999999964,0.1,-3.608224830031759e-16,0.0,7,0,41,44,73.84124034747911,58.479292657772874,13.94285714285711
15.399999999999961,15.538399999999962,0.09999999999999964,0.1,-3.608224830031759e-16,0.0,7,0,41,44,73.7412403474791,58.37929265777287,14.042857142857107
15.499999999999961,15.638399999999962,0.09999999999999964,0.1,-3.608224830031759e-16,0.0,7,0,41,44,73.64124034747911,58.27929265777287,14.142857142857109
15.59999999999996,15.789399999999961,0.1509999999999998,0.1,0.050999999999999795,0.0,7,0,40,44,80.72856730715081,58.17929265777287,14.242857142857108
15.69999999999996,15.889399999999961,0.09999999999999964,0.1,-3.608224830031759e-16,0.0,8,0,40,44,67.3702776949674,58.07929265777287,12.56249999999997
15.79999999999996,15.98939999999996,0.09999999999999964,0.1,-3.608224830031759e-16,0.0,8,0,40,45,67.07491807808134,57.97929265777287,12.66249999999997
15.89999999999996,16.089399999999962,0.10000000000000142,0.1,1.4155343563970746e-15,0.0,8,0,41,45,66.84991807808134,57.879292657772865,12.762499999999969
15.99999999999996,16.189399999999964,0.10000000000000142,0.1,1.4155343563970746e-15,0.0,8,0,42,45,66.62491807808134,57.779292657772864,12.862499999999969
16.09999999999996,16.289399999999965,0.10000000000000142,0.1,1.4155343563970746e-15,0.0,8,0,42,45,66.42965574959267,57.67929265777286,12.962499999999968
16.19999999999996,16.389399999999966,0.10000000000000142,0.1,1.4155343563970746e-15,0.0,8,0,42,45,66.30620126569274,57.57929265777286,13.062499999999968
16.29999999999996,16.489399999999968,0.10000000000000142,0.1,1.4155343563970746e-15,0.0,8,0,42,45,66.20620126569274,57.47929265777286,13.16249999999997
16.399999999999963,16.58939999999997,0.10000000000000142,0.1,1.4155343563970746e-15,0.0,8,0,42,45,66.10620126569275,57.37929265777286,13.262499999999969
16.499999999999964,16.68939999999997,0.10000000000000142,0.1,1.4155343563970746e-15,0.0,8,0,42,45,66.00620126569274,57.27929265777286,13.36249999999997
16.599999999999966,16.789399999999972,0.10000000000000142,0.1,1.4155343563970746e-15,0.0,8,0,42,45,65.90620126569274,57.179292657772855,13.46249999999997
16.699999999999967,16.889399999999974,0.10000000000000142,0.1,1.4155343563970746e-15,0.0,8,0,42,45,65.80620126569275,57.079292657772854,13.562499999999972
16.79999999999997,16.989399999999975,0.10000000000000142,0.1,1.4155343563970746e-15,0.0,8,0,42,45,65.70620126569275,56.97929265777285,13.662499999999971
16.89999999999997,17.089399999999976,0.10000000000000142,0.1,1.4155343563970746e-15,0.0,8,0,42,45,65.60620126569275,56.87929265777285,13.762499999999973
16.99999999999997,17.189399999999978,0.10000000000000142,0.1,1.4155343563970746e-15,0.0,8,0,42,45,65.50620126569275,56.77929265777285,13.862499999999972
17.099999999999973,17.28939999999998,0.10000000000000142,0.1,1.4155343563970746e-15,0.0,8,0,43,45,65.40620126569276,56.67929265777285,13.962499999999974
17.199999999999974,17.38939999999998,0.10000000000000142,0.1,1.4155343563970746e-15,0.0,8,0,43,45,65.30620126569275,56.57929265777285,14.062499999999975
17.299999999999976,17.489399999999982,0.10000000000000142,0.1,1.4155343563970746e-15,0.0,8,0,43,45,65.20620126569275,56.479292657772845,14.162499999999975
17.399999999999977,17.589399999999983,0.10000000000000142,0.1,1.4155343563970746e-15,0.0,8,0,43,46,65.10620126569276,56.379292657772844,14.262499999999976
17.49999999999998,17.689399999999985,0.10000000000000142,0.1,1.4155343563970746e-15,0.0,8,0,43,47,65.00620126569275,56.27929265777284,14.362499999999976
17.59999999999998,17.789399999999986,0.10000000000000142,0.1,1.4155343563970746e-15,0.0,8,0,44,47,64.90620126569276,56.17929265777284,14.462499999999977
17.69999999999998,17.889399999999988,0.10000000000000142,0.1,1.4155343563970746e-15,0.0,8,0,44,47,64.80620126569276,56.07929265777284,14.562499999999977
17.799999999999983,17.98939999999999,0.10000000000000142,0.1,1.4155343563970746e-15,0.0,8,0,44,46,64.70620126569275,55.97929265777284,14.662499999999978
17.899999999999984,18.08939999999999,0.10000000000000142,0.1,1.4155343563970746e-15,0.0,8,0,44,46,64.60620126569276,55.87929265777284,14.762499999999978
17.999999999999986,18.189399999999992,0.10000000000000142,0.1,1.4155343563970746e-15,0.0,8,0,44,47,64.50620126569277,55.779292657772835,14.86249999999998
18.099999999999987,18.289399999999993,0.10000000000000142,0.1,1.4155343563970746e-15,0.0,8,0,44,47,64.40620126569276,55.679292657772834,14.962499999999979
18.19999999999999,18.389399999999995,0.10000000000000142,0.1,1.4155343563970746e-15,0.0,8,0,44,47,64.30620126569276,55.57929265777283,15.06249999999998
18.29999999999999,18.489399999999996,0.10000000000000142,0.1,1.4155343563970746e-15,0.0,8,0,44,47,64.20620126569277,55.47929265777283,15.16249999999998
18.39999999999999,18.589399999999998,0.10000000000000142,0.1,1.4155343563970746e-15,0.0,8,0,44,47,64.10620126569276,55.37929265777283,15.262499999999982
18.499999999999993,18.6894,0.10000000000000142,0.1,1.4155343563970746e-15,0.0,8,0,44,46,64.00620126569277,55.27929265777283,15.362499999999983
18.599999999999994,18.7894,0.10000000000000142,0.1,1.4155343563970746e-15,0.0,8,0,44,46,63.90620126569277,55.17929265777283,15.462499999999983
18.699999999999996,18.889400000000002,0.10000000000000142,0.1,1.4155343563970746e-15,0.0,8,0,44,47,63.62506097814112,54.32675958749491,15.562499999999984
18.799999999999997,18.989400000000003,0.10000000000000142,0.1,1.4155343563970746e-15,0.0,8,0,44,48,63.40006097814113,53.72675958749491,15.662499999999985
18.9,19.143400000000007,0.15400000000000347,0.1,0.05400000000000346,0.0,8,0,43,48,69.92506097814116,69.03889114265434,15.762499999999985
19.0,19.24340000000001,0.10000000000000142,0.1,1.4155343563970746e-15,0.0,8,0,43,48,69.70681944498332,68.93889114265434,15.862499999999986
19.1,19.34340000000001,0.10000000000000142,0.1,1.4155343563970746e-15,0.0,8,0,43,48,69.46029933047582,68.83889114265435,15.962499999999988
19.200000000000003,19.46960000000001,0.12620000000000076,0.1,0.02620000000000075,0.0,8,0,42,48,72.51029933047582,77.37419970761763,16.06249999999999
19.300000000000004,19.569600000000012,0.10000000000000142,0.1,1.4155343563970746e-15,0.0,8,0,42,49,72.29200925595777,76.82787911147317,16.16249999999999
19.400000000000006,19.669600000000013,0.10000000000000142,0.1,1.4155343563970746e-15,0.0,8,0,42,48,72.06456436848296,76.22212429175823,16.26249999999999
19.500000000000007,19.769600000000015,0.10000000000000142,0.1,1.4155343563970746e-15,0.0,8,0,42,48,71.83629052936476,75.61511363696245,16.36249999999999
19.60000000000001,19.869600000000016,0.10000000000000142,0.1,1.4155343563970746e-15,0.0,8,0,42,48,71.52200829518397,74.99439054498498,16.46249999999999
19.70000000000001,19.969600000000018,0.10000000000000142,0.1,1.4155343563970746e-15,0.0,8,0,42,48,71.23313125517906,74.39240368333475,16.562499999999993
19.80000000000001,20.06960000000002,0.10000000000000142,0.1,1.4155343563970746e-15,0.0,8,0,42,48,70.94266268935151,73.77448540462856,16.662499999999994
19.900000000000013,20.16960000000002,0.10000000000000142,0.1,1.4155343563970746e-15,0.0,8,0,42,49,70.65376088928387,73.16490655570736,16.762499999999996
20.000000000000014,20.30660000000002,0.13700000000000045,0.1,0.03700000000000045,0.0,8,0,41,49,74.98911179723777,72.55276744941844,16.862499999999997
20.100000000000016,20.406600000000022,0.10000000000000142,0.1,1.4155343563970746e-15,0.0,8,0,41,50,74.72011755194079,71.94434464408036,16.9625
20.200000000000017,20.506600000000024,0.10000000000000142,0.1,1.4155343563970746e-15,0.0,8,0,41,50,74.41049710033381,71.32724226614606,17.062499999999996
20.30000000000002,20.606600000000025,0.10000000000000142,0.1,1.4155343563970746e-15,0.0,8,0,41,50,74.11943410725294,70.7182887164151,17.162499999999998
20.40000000000002,20.706600000000027,0.10000000000000142,0.1,1.4155343563970746e-15,0.0,8,0,41,50,73.82921614816041,70.10589244043047,17.2625
20.50000000000002,20.806600000000028,0.10000000000000142,0.1,1.4155343563970746e-15,0.0,8,0,41,50,73.53817037622295,69.48513672766765,17.3625
20.600000000000023,20.90660000000003,0.10000000000000142,0.1,1.4155343563970746e-15,0.0,8,0,41,50,73.24706160621612,68.86268348047228,17.462500000000002
20.700000000000024,21.00660000000003,0.10000000000000142,0.1,1.4155343563970746e-15,0.0,8,0,42,50,72.95915284808058,68.25999483324068,17.562500000000004
20.800000000000026,21.106600000000032,0.10000000000000142,0.1,1.4155343563970746e-15,0.0,8,0,42,50,72.66874015043732,67.65200223424158,17.662500000000005
20.900000000000027,21.206600000000034,0.10000000000000142,0.1,1.4155343563970746e-15,0.0,8,0,42,50,72.40354048123667,67.03950910993208,17.762500000000006
21.00000000000003,21.306600000000035,0.10000000000000142,0.1,1.4155343563970746e-15,0.0,8,0,42,50,72.15601660788428,66.93889114265446,17.862500000000008
21.10000000000003,21.406600000000036,0.10000000000000142,0.1,1.4155343563970746e-15,0.0,8,0,42,49,71.90921933274713,66.83889114265446,17.96250000000001
21.20000000000003,21.506600000000038,0.10000000000000142,0.1,1.4155343563970746e-15,0.0,8,0,42,49,71.68338562524357,66.73889114265447,18.06250000000001
21.300000000000033,21.60660000000004,0.10000000000000142,0.1,1.4155343563970746e-15,0.0,8,0,42,49,71.45707076441836,66.63889114265447,18.162500000000012
21.400000000000034,21.70660000000004,0.10000000000000142,0.1,1.4155343563970746e-15,0.0,8,0,43,49,71.23028824168972,66.53889114265448,18.262500000000014
21.500000000000036,21.806600000000042,0.10000000000000142,0.1,1.4155343563970746e-15,0.0,8,0,43,49,71.0048851091749,66.43889114265448,18.362500000000015
21.600000000000037,21.906600000000044,0.10000000000000142,0.1,1.4155343563970746e-15,0.0,8,0,43,49,70.7782162482569,66.33889114265449,18.462500000000016
21.70000000000004,22.006600000000045,0.10000000000000142,0.1,1.4155343563970746e-15,0.0,8,0,44,48,70.5507163533017,66.2388911426545,18.562500000000014
21.80000000000004,22.106600000000046,0.10000000000000142,0.1,1.4155343563970746e-15,0.0,8,0,44,48,70.32571017874386,66.1388911426545,18.662500000000016
21.90000000000004,22.206600000000048,0.10000000000000142,0.1,1.4155343563970746e-15,0.0,8,0,45,49,70.09952789139325,66.0388911426545,18.762500000000017
22.000000000000043,22.30660000000005,0.10000000000000142,0.1,1.4155343563970746e-15,0.0,8,0,45,49,69.87251266846903,65.93889114265451,18.86250000000002
22.100000000000044,22.40660000000005,0.10000000000000142,0.1,1.4155343563970746e-15,0.0,8,0,45,49,69.64730157019531,65.83889114265452,18.96250000000002
22.200000000000045,22.506600000000052,0.10000000000000142,0.1,1.4155343563970746e-15,0.0,8,0,45,49,69.42166576422719,65.73889114265452,19.06250000000002
22.300000000000047,22.606600000000054,0.10000000000000142,0.1,1.4155343563970746e-15,0.0,8,0,45,49,69.19461936592695,65.63889114265453,19.162500000000023
22.40000000000005,22.706600000000055,0.10000000000000142,0.1,1.4155343563970746e-15,0.0,8,0,46,49,68.96612169027874,65.53889114265453,19.262500000000024
22.50000000000005,22.806600000000056,0.10000000000000142,0.1,1.4155343563970746e-15,0.0,8,0,47,49,68.73228573328531,65.43889114265454,19.362500000000026
22.60000000000005,22.906600000000058,0.10000000000000142,0.1,1.4155343563970746e-15,0.0,8,0,47,49,68.49807973844482,65.33889114265455,19.462500000000027
22.700000000000053,23.00660000000006,0.10000000000000142,0.1,1.4155343563970746e-15,0.0,8,0,47,49,68.2642312644023,65.23889114265455,19.56250000000003
22.800000000000054,23.10660000000006,0.10000000000000142,0.1,1.4155343563970746e-15,0.0,8,0,47,49,68.03835508956954,65.13889114265456,19.66250000000003
22.900000000000055,23.206600000000062,0.10000000000000142,0.1,1.4155343563970746e-15,0.0,8,0,47,49,67.81335508956954,65.03889114265456,19.76250000000003
23.000000000000057,23.306600000000063,0.10000000000000142,0.1,1.4155343563970746e-15,0.0,8,0,47,49,67.58835508956953,64.93889114265457,19.862500000000033
23.10000000000006,23.406600000000065,0.10000000000000142,0.1,1.4155343563970746e-15,0.0,8,0,47,49,67.35539734241495,64.83889114265457,19.962500000000034
23.20000000000006,23.566600000000065,0.16000000000000014,0.1,0.06000000000000014,0.0,8,0,46,49,74.61871044209573,68.50414072320987,20.062500000000036
23.30000000000006,23.666600000000066,0.10000000000000142,0.1,1.4155343563970746e-15,0.0,8,0,46,49,74.40172576826963,67.90414072320988,20.162500000000037
23.400000000000063,23.766600000000068,0.10000000000000142,0.1,1.4155343563970746e-15,0.0,8,0,47,49,74.17499202343285,67.29219819595102,20.262500000000035
23.500000000000064,23.86660000000007,0.10000000000000142,0.1,1.4155343563970746e-15,0.0,8,0,48,50,73.9458948388623,66.67525679570875,20.362500000000036
23.600000000000065,23.96660000000007,0.10000000000000142,0.1,1.4155343563970746e-15,0.0,8,0,48,50,73.71904176503843,66.06224611293382,20.462500000000038
23.700000000000067,24.066600000000072,0.10000000000000142,0.1,1.4155343563970746e-15,0.0,8,0,48,51,73.49185731800674,65.44977006136654,20.56250000000004
23.800000000000068,24.166600000000074,0.10000000000000142,0.1,1.4155343563970746e-15,0.0,8,0,48,51,73.26484801422437,64.8414913632292,20.66250000000004
23.90000000000007,24.266600000000075,0.10000000000000142,0.1,1.4155343563970746e-15,0.0,8,0,48,52,73.03670678978446,64.21893422838859,20.762500000000042
24.00000000000007,24.366600000000076,0.10000000000000142,0.1,1.4155343563970746e-15,0.0,8,0,48,52,72.80973394142273,63.93889114265462,20.862500000000043
24.100000000000072,24.466600000000078,0.10000000000000142,0.1,1.4155343563970746e-15,0.0,8,0,48,52,72.57645080259792,63.83889114265462,20.962500000000045
24.200000000000074,24.56660000000008,0.10000000000000142,0.1,1.4155343563970746e-15,0.0,8,0,48,52,72.33636645357481,63.738891142654616,21.062500000000046
24.300000000000075,24.66660000000008,0.10000000000000142,0.1,1.4155343563970746e-15,0.0,8,0,48,52,72.07907948218283,63.638891142654614,21.162500000000048
24.400000000000077,24.766600000000082,0.10000000000000142,0.1,1.4155343563970746e-15,0.0,8,0,49,53,71.83677202859636,63.53889114265461,21.26250000000005
24.500000000000078,24.866600000000084,0.10000000000000142,0.1,1.4155343563970746e-15,0.0,8,0,49,53,71.61177202859636,63.43889114265461,21.36250000000005
24.60000000000008,24.966600000000085,0.10000000000000142,0.1,1.4155343563970746e-15,0.0,8,0,49,53,71.38677202859637,63.33889114265461,21.462500000000052
24.70000000000008,25.066600000000086,0.10000000000000142,0.1,1.4155343563970746e-15,0.0,8,0,49,54,71.16177202859636,63.23889114265461,21.562500000000053
24.800000000000082,25.166600000000088,0.10000000000000142,0.1,1.4155343563970746e-15,0.0,8,0,49,54,70.93677202859637,63.13889114265461,21.662500000000055
24.900000000000084,25.26660000000009,0.10000000000000142,0.1,1.4155343563970746e-15,0.0,8,0,49,54,70.71177202859637,63.038891142654606,21.762500000000053
25.000000000000085,25.36660000000009,0.10000000000000142,0.1,1.4155343563970746e-15,0.0,8,0,49,54,70.48677202859636,62.938891142654604,21.862500000000054
25.100000000000087,25.466600000000092,0.10000000000000142,0.1,1.4155343563970746e-15,0.0,8,0,49,54,70.26177202859637,62.8388911426546,21.962500000000055
25.200000000000088,25.626600000000092,0.16000000000000014,0.1,0.06000000000000014,0.0,8,0,48,54,77.53677202859642,62.7388911426546,22.062500000000057
25.30000000000009,25.726600000000094,0.10000000000000142,0.1,1.4155343563970746e-15,0.0,9,0,48,55,65.93627213746288,59.970455797170324,19.711111111111162
25.40000000000009,25.826600000000095,0.10000000000000142,0.1,1.4155343563970746e-15,0.0,9,0,48,55,65.67365271309605,59.35307187378356,19.811111111111167
25.500000000000092,25.926600000000096,0.10000000000000142,0.1,1.4155343563970746e-15,0.0,9,0,48,56,65.4114825135256,58.741223593186795,19.91111111111117
25.600000000000094,26.026600000000098,0.10000000000000142,0.1,1.4155343563970746e-15,0.0,9,0,48,56,65.14821111455701,58.130988222600614,20.011111111111166
25.700000000000095,26.1266000000001,0.10000000000000142,0.1,1.4155343563970746e-15,0.0,9,0,48,57,64.88690952516149,57.52569207428599,20.111111111111168
25.800000000000097,26.2266000000001,0.10000000000000142,0.1,1.4155343563970746e-15,0.0,9,0,48,57,64.62365772885101,56.9171438880425,20.21111111111117
25.900000000000098,26.326600000000102,0.10000000000000142,0.1,1.4155343563970746e-15,0.0,9,0,48,58,64.36230667492401,56.30078177584849,20.31111111111117
26.0000000000001,26.426600000000104,0.10000000000000142,0.1,1.4155343563970746e-15,0.0,9,0,48,58,64.09442541769619,55.696600296481044,20.41111111111117
26.1000000000001,26.526600000000105,0.10000000000000142,0.1,1.4155343563970746e-15,0.0,9,0,48,58,63.82803028169336,55.09215521711317,20.511111111111173
26.200000000000102,26.626600000000106,0.10000000000000142,0.1,1.4155343563970746e-15,0.0,9,0,48,58,63.55997254700953,54.48735915924195,20.611111111111175
26.300000000000104,26.726600000000108,0.10000000000000142,0.1,1.4155343563970746e-15,0.0,9,0,48,58,63.29284863773666,53.87159454646372,20.711111111111176
26.400000000000105,26.82660000000011,0.10000000000000142,0.1,1.4155343563970746e-15,0.0,9,0,48,58,63.03083850554875,53.25988103603451,20.811111111111174
26.500000000000107,26.92660000000011,0.10000000000000142,0.1,1.4155343563970746e-15,0.0,9,0,48,58,62.77013631087602,52.65879475282817,20.911111111111175
26.600000000000108,27.026600000000112,0.10000000000000142,0.1,1.4155343563970746e-15,0.0,9,0,48,58,62.50465074338989,52.01114672636115,21.011111111111177
26.70000000000011,27.126600000000114,0.10000000000000142,0.1,1.4155343563970746e-15,0.0,9,0,49,58,62.24032213440538,51.36281847248341,21.111111111111178
26.80000000000011,27.226600000000115,0.10000000000000142,0.1,1.4155343563970746e-15,0.0,9,0,49,58,61.97525186774841,50.71036014415823,21.21111111111118
26.900000000000112,27.326600000000116,0.10000000000000142,0.1,1.4155343563970746e-15,0.0,9,0,49,58,61.69959491171481,49.970653478095805,21.31111111111118
27.000000000000114,27.426600000000118,0.10000000000000142,0.1,1.4155343563970746e-15,0.0,9,0,49,59,61.43499257942488,49.33056047521967,21.411111111111182
27.100000000000115,27.52660000000012,0.10000000000000142,0.1,1.4155343563970746e-15,0.0,9,0,50,60,61.175016079866865,48.73056047521967,21.511111111111184
27.200000000000117,27.62660000000012,0.10000000000000142,0.1,1.4155343563970746e-15,0.0,9,0,50,60,60.91126493557195,48.13056047521967,21.611111111111185
27.300000000000118,27.726600000000122,0.10000000000000142,0.1,1.4155343563970746e-15,0.0,9,0,50,60,60.64396675000233,47.530560475219666,21.711111111111183
27.40000000000012,27.826600000000123,0.10000000000000142,0.1,1.4155343563970746e-15,0.0,9,0,50,59,60.383234947154214,46.930560475219664,21.811111111111185
27.50000000000012,27.926600000000125,0.10000000000000142,0.1,1.4155343563970746e-15,0.0,9,0,50,59,60.12400886976526,46.33056047521966,21.911111111111186
27.600000000000122,28.026600000000126,0.10000000000000142,0.1,1.4155343563970746e-15,0.0,9,0,50,59,59.760613306414356,45.73056047521966,22.01111111111119
27.700000000000124,28.182000000000127,0.1554000000000002,0.1,0.0554000000000002,0.0,9,0,50,59,65.59002533817632,45.13056047521966,22.11111111111119
27.800000000000125,28.282000000000128,0.10000000000000142,0.1,1.4155343563970746e-15,0.0,10,0,50,60,56.24014571565937,60.138891142654565,20.00000000000007
27.900000000000126,28.38200000000013,0.10000000000000142,0.1,1.4155343563970746e-15,0.0,10,0,50,60,55.85326410392192,60.03889114265456,20.100000000000072
28.000000000000128,28.48200000000013,0.10000000000000142,0.1,1.4155343563970746e-15,0.0,10,0,51,60,55.49042427023655,59.93889114265456,20.200000000000074
28.10000000000013,28.582000000000132,0.10000000000000142,0.1,1.4155343563970746e-15,0.0,10,0,51,61,55.12762058642986,59.55220777024945,20.300000000000075
28.20000000000013,28.682000000000134,0.10000000000000142,0.1,1.4155343563970746e-15,0.0,10,0,51,61,54.78523187166968,59.028320622647676,20.400000000000073
28.300000000000132,28.814600000000134,0.13260000000000005,0.1,0.032600000000000046,0.0,10,0,50,61,57.7028431569095,58.5044334750459,20.500000000000078
28.400000000000134,28.914600000000135,0.10000000000000142,0.1,1.4155343563970746e-15,0.0,10,0,50,61,57.39199798204555,57.980546327444124,20.600000000000076
28.500000000000135,29.014600000000137,0.10000000000000142,0.1,1.4155343563970746e-15,0.0,10,0,50,61,57.0362995598103,57.45665917984235,20.70000000000008
28.600000000000136,29.114600000000138,0.10000000000000142,0.1,1.4155343563970746e-15,0.0,10,0,51,61,56.67872733863665,56.93277203224057,20.80000000000008
28.700000000000138,29.21460000000014,0.10000000000000142,0.1,1.4155343563970746e-15,0.0,10,0,51,61,56.33388213010484,56.408884884638795,20.90000000000008
28.80000000000014,29.31460000000014,0.10000000000000142,0.1,1.4155343563970746e-15,0.0,10,0,51,61,56.02001289321324,55.88499773703702,21.00000000000008
28.90000000000014,29.414600000000142,0.10000000000000142,0.1,1.4155343563970746e-15,0.0,10,0,51,62,55.7212579807294,55.36111058943524,21.100000000000083
29.000000000000142,29.514600000000144,0.10000000000000142,0.1,1.4155343563970746e-15,0.0,10,0,51,62,55.42886926596922,54.837223441833466,21.20000000000008
29.100000000000144,29.614600000000145,0.10000000000000142,0.1,1.4155343563970746e-15,0.0,10,0,51,62,55.15233666082744,54.31333629423169,21.300000000000086
29.200000000000145,29.714600000000146,0.10000000000000142,0.1,1.4155343563970746e-15,0.0,10,0,51,62,54.9156980050815,53.78944914662991,21.400000000000084
29.300000000000146,29.814600000000148,0.10000000000000142,0.1,1.4155343563970746e-15,0.0,10,0,51,62,54.759440067940524,53.26556199902814,21.500000000000085
29.400000000000148,29.91460000000015,0.10000000000000142,0.1,1.4155343563970746e-15,0.0,10,0,51,62,54.617051353180344,52.74167485142636,21.600000000000087
29.50000000000015,30.01460000000015,0.10000000000000142,0.1,1.4155343563970746e-15,0.0,10,0,51,62,54.47466263842017,52.217787703824584,21.700000000000088
29.60000000000015,30.114600000000152,0.10000000000000142,0.1,1.4155343563970746e-15,0.0,10,0,51,62,54.33227392365999,51.69390055622281,21.80000000000009
29.700000000000152,30.214600000000154,0.10000000000000142,0.1,1.4155343563970746e-15,0.0,10,0,51,62,54.18988520889981,51.17001340862103,21.90000000000009
29.800000000000153,30.314600000000155,0.10000000000000142,0.1,1.4155343563970746e-15,0.0,10,0,52,62,54.04749649413964,50.646126261019255,22.000000000000092
29.900000000000155,30.414600000000156,0.10000000000000142,0.1,1.4155343563970746e-15,0.0,10,0,52,63,53.905107779379456,50.12223911341748,22.10000000000009
30.000000000000156,30.514600000000158,0.10000000000000142,0.1,1.4155343563970746e-15,0.0,10,0,54,63,53.76271906461928,49.5983519658157,22.20000000000009
30.100000000000158,30.674600000000158,0.16000000000000014,0.1,0.06000000000000014,0.0,10,0,53,63,59.62033034985914,57.83889114265453,22.300000000000093
30.20000000000016,30.77460000000016,0.10000000000000142,0.1,1.4155343563970746e-15,0.0,10,0,53,63,59.477941635098965,57.73889114265453,22.400000000000095
30.30000000000016,30.87460000000016,0.10000000000000142,0.1,1.4155343563970746e-15,0.0,10,0,53,63,59.31944028021778,57.63889114265453,22.500000000000092
30.400000000000162,30.974600000000162,0.10000000000000142,0.1,1.4155343563970746e-15,0.0,10,0,53,63,59.17705156545761,57.53889114265453,22.600000000000097
30.500000000000163,31.134600000000162,0.16000000000000014,0.1,0.06000000000000014,0.0,10,0,53,63,65.03466285069746,57.438891142654526,22.700000000000095
30.600000000000165,31.234600000000164,0.10000000000000142,0.1,1.4155343563970746e-15,0.0,11,0,53,63,56.71115830539754,57.338891142654525,20.736363636363727
30.700000000000166,31.334600000000165,0.10000000000000142,0.1,1.4155343563970746e-15,0.0,11,0,54,63,56.52591223336422,57.23889114265452,20.836363636363725
30.800000000000168,31.434600000000167,0.10000000000000142,0.1,1.4155343563970746e-15,0.0,11,0,54,63,56.339456917486196,57.13889114265452,20.936363636363726
30.90000000000017,31.534600000000168,0.10000000000000142,0.1,1.4155343563970746e-15,0.0,11,0,54,64,56.151457274419776,57.03889114265452,21.036363636363728
31.00000000000017,31.63460000000017,0.10000000000000142,0.1,1.4155343563970746e-15,0.0,11,0,55,64,55.96825601260212,56.93889114265452,21.13636363636373
31.100000000000172,31.73460000000017,0.10000000000000142,0.1,1.4155343563970746e-15,0.0,11,0,55,65,55.783435336617636,56.83889114265452,21.23636363636373
31.200000000000173,31.834600000000172,0.10000000000000142,0.1,1.4155343563970746e-15,0.0,11,0,55,66,55.6056182356223,56.738891142654516,21.336363636363732
31.300000000000175,31.934600000000174,0.10000000000000142,0.1,1.4155343563970746e-15,0.0,11,0,56,66,55.42795948148739,56.638891142654515,21.43636363636373
31.400000000000176,32.034600000000175,0.10000000000000142,0.1,1.4155343563970746e-15,0.0,11,0,56,66,55.25074711458073,56.53889114265451,21.53636363636373
31.500000000000178,32.13460000000018,0.10000000000000142,0.1,1.4155343563970746e-15,0.0,11,0,56,67,55.07309479755802,56.43889114265451,21.636363636363733
31.60000000000018,32.23460000000018,0.10000000000000142,0.1,1.4155343563970746e-15,0.0,11,0,57,68,54.88975288826379,56.33889114265451,21.736363636363734
31.70000000000018,32.33460000000018,0.10000000000000142,0.1,1.4155343563970746e-15,0.0,11,0,57,68,54.70726456576404,56.23889114265451,21.836363636363732
31.800000000000182,32.43460000000018,0.10000000000000142,0.1,1.4155343563970746e-15,0.0,11,0,58,68,54.52447902554258,56.13889114265451,21.936363636363737
31.900000000000183,32.53460000000018,0.10000000000000142,0.1,1.4155343563970746e-15,0.0,11,0,58,68,54.34068790309246,56.038891142654506,22.03636363636374
32.000000000000185,32.634600000000184,0.10000000000000142,0.1,1.4155343563970746e-15,0.0,11,0,58,68,54.156868655490705,55.938891142654505,22.136363636363736
32.100000000000186,32.79460000000019,0.1600000000000037,0.1,0.06000000000000369,0.0,11,0,57,68,59.42671211390405,55.838891142654504,22.236363636363738
32.20000000000019,32.89460000000019,0.10000000000000142,0.1,1.4155343563970746e-15,0.0,11,0,57,68,59.24389096647751,55.7388911426545,22.33636363636374
32.30000000000019,32.99460000000019,0.10000000000000142,0.1,1.4155343563970746e-15,0.0,11,0,57,68,59.05287611716726,55.6388911426545,22.43636363636374
32.40000000000019,33.09460000000019,0.10000000000000142,0.1,1.4155343563970746e-15,0.0,11,0,57,68,58.86145814352171,55.5388911426545,22.536363636363742
32.50000000000019,33.19460000000019,0.10000000000000142,0.1,1.4155343563970746e-15,0.0,11,0,57,68,58.673539034665716,55.41655932999844,22.636363636363743
32.60000000000019,33.294600000000194,0.10000000000000142,0.1,1.4155343563970746e-15,0.0,11,0,57,68,58.48911184581698,54.88753080361162,22.736363636363745
32.700000000000195,33.394600000000196,0.10000000000000142,0.1,1.4155343563970746e-15,0.0,11,0,57,69,58.30317331481133,54.283793254640266,22.836363636363743
32.800000000000196,33.4946000000002,0.10000000000000142,0.1,1.4155343563970746e-15,0.0,11,0,57,69,58.12051408461728,53.717138657028414,22.936363636363748
32.9000000000002,33.5946000000002,0.10000000000000142,0.1,1.4155343563970746e-15,0.0,11,0,57,68,57.937535514162455,53.14944038282837,23.036363636363745
33.0000000000002,33.6946000000002,0.10000000000000142,0.1,1.4155343563970746e-15,0.0,11,0,57,68,57.751456636531046,52.53841922857311,23.136363636363747
33.1000000000002,33.7946000000002,0.10000000000000142,0.1,1.4155343563970746e-15,0.0,11,0,57,68,57.56611568128837,51.932400528612824,23.23636363636375
33.2000000000002,33.8946000000002,0.10000000000000142,0.1,1.4155343563970746e-15,0.0,11,0,57,68,57.38173930952067,51.35038105588574,23.33636363636375
33.3000000000002,33.994600000000204,0.10000000000000142,0.1,1.4155343563970746e-15,0.0,11,0,57,68,57.19581161581553,50.740843820140036,23.43636363636375
33.400000000000205,34.094600000000206,0.10000000000000142,0.1,1.4155343563970746e-15,0.0,11,0,58,68,57.015426477528784,50.20196198869593,23.536363636363753
33.500000000000206,34.19460000000021,0.10000000000000142,0.1,1.4155343563970746e-15,0.0,11,0,58,68,56.82999001720586,49.60858120028963,23.63636363636375
33.60000000000021,34.29460000000021,0.10000000000000142,0.1,1.4155343563970746e-15,0.0,11,0,58,68,56.65173872151865,49.08469405268785,23.736363636363752
33.70000000000021,34.39460000000021,0.10000000000000142,0.1,1.4155343563970746e-15,0.0,11,0,58,68,56.47073062722488,48.560806905086075,23.836363636363753
33.80000000000021,34.49460000000021,0.10000000000000142,0.1,1.4155343563970746e-15,0.0,11,0,58,68,56.29355369206273,48.0369197574843,23.936363636363755
33.90000000000021,34.59460000000021,0.10000000000000142,0.1,1.4155343563970746e-15,0.0,11,0,59,68,56.11520973263086,47.51303260988252,24.03636363636376
34.00000000000021,34.694600000000214,0.10000000000000142,0.1,1.4155343563970746e-15,0.0,11,0,60,68,55.93702465242847,46.989145462280746,24.136363636363754
34.100000000000215,34.794600000000216,0.10000000000000142,0.1,1.4155343563970746e-15,0.0,11,0,60,68,55.75449865465191,46.46525831467897,24.23636363636376
34.200000000000216,34.89460000000022,0.10000000000000142,0.1,1.4155343563970746e-15,0.0,11,0,60,68,55.57724121421486,45.94137116707719,24.33636363636376
34.30000000000022,34.99460000000022,0.10000000000000142,0.1,1.4155343563970746e-15,0.0,11,0,60,68,55.39937184938888,45.41748401947542,24.43636363636376
34.40000000000022,35.09460000000022,0.10000000000000142,0.1,1.4155343563970746e-15,0.0,11,0,60,68,55.221180375674315,44.89359687187364,24.536363636363763
34.50000000000022,35.19460000000022,0.10000000000000142,0.1,1.4155343563970746e-15,0.0,11,0,61,68,55.042318084673305,44.369709724271864,24.63636363636376
34.60000000000022,35.29460000000022,0.10000000000000142,0.1,1.4155343563970746e-15,0.0,11,0,62,68,54.86478389084056,43.84582257667009,24.736363636363762
34.70000000000022,35.394600000000224,0.10000000000000142,0.1,1.4155343563970746e-15,0.0,11,0,63,68,54.68574831229005,43.32193542906831,24.836363636363764
34.800000000000225,35.494600000000226,0.10000000000000142,0.1,1.4155343563970746e-15,0.0,11,0,63,68,54.50656523949963,42.798048281466535,24.936363636363765
34.900000000000226,35.59460000000023,0.10000000000000142,0.1,1.4155343563970746e-15,0.0,11,0,63,68,54.32834360674599,42.27416113386476,25.036363636363763
35.00000000000023,35.69460000000023,0.10000000000000142,0.1,1.4155343563970746e-15,0.0,11,0,64,68,54.149391973680515,41.75027398626298,25.136363636363765
35.10000000000023,35.79460000000023,0.10000000000000142,0.1,1.4155343563970746e-15,0.0,11,0,64,68,53.97172357075324,41.226386838661206,25.236363636363766
35.20000000000023,35.89460000000023,0.10000000000000142,0.1,1.4155343563970746e-15,0.0,11,0,64,69,53.79377714749769,40.70249969105943,25.33636363636377
35.30000000000023,35.99460000000023,0.10000000000000142,0.1,1.4155343563970746e-15,0.0,11,0,64,69,53.6352627743797,40.402949674636666,25.436363636363772
35.40000000000023,36.094600000000234,0.10000000000000142,0.1,1.4155343563970746e-15,0.0,11,0,64,69,53.496293002369924,40.302949674636665,25.53636363636377
35.500000000000234,36.194600000000236,0.10000000000000142,0.1,1.4155343563970746e-15,0.0,11,0,64,70,53.35162685327624,40.20294967463666,25.63636363636377
35.600000000000236,36.29460000000024,0.10000000000000142,0.1,1.4155343563970746e-15,0.0,11,0,64,70,53.21309165803972,40.10294967463666,25.736363636363773
35.70000000000024,36.39460000000024,0.10000000000000142,0.1,1.4155343563970746e-15,0.0,11,0,65,70,53.07455646280319,40.00294967463666,25.836363636363775
35.80000000000024,36.49460000000024,0.10000000000000142,0.1,1.4155343563970746e-15,0.0,11,0,65,70,52.936021267566666,39.90294967463666,25.936363636363772
35.90000000000024,36.59460000000024,0.10000000000000142,0.1,1.4155343563970746e-15,0.0,11,0,65,70,52.797486072330145,39.80294967463666,26.036363636363774
36.00000000000024,36.69460000000024,0.10000000000000142,0.1,1.4155343563970746e-15,0.0,11,0,65,70,52.658950877093616,39.702949674636656,26.136363636363775
36.10000000000024,36.794600000000244,0.10000000000000142,0.1,1.4155343563970746e-15,0.0,11,0,65,70,52.520415681857095,39.602949674636655,26.236363636363777
36.200000000000244,36.894600000000246,0.10000000000000142,0.1,1.4155343563970746e-15,0.0,11,0,65,70,52.381880486620574,39.50294967463665,26.33636363636378
36.300000000000246,36.99460000000025,0.10000000000000142,0.1,1.4155343563970746e-15,0.0,11,0,66,70,52.243345291384045,39.40294967463665,26.436363636363776
36.40000000000025,37.09460000000025,0.10000000000000142,0.1,1.4155343563970746e-15,0.0,11,0,66,70,52.104810096147524,39.30294967463665,26.536363636363777
36.50000000000025,37.19460000000025,0.10000000000000142,0.1,1.4155343563970746e-15,0.0,11,0,66,70,51.966274900911,39.20294967463665,26.636363636363782
36.60000000000025,37.29460000000025,0.10000000000000142,0.1,1.4155343563970746e-15,0.0,11,0,66,70,51.827739705674475,39.10294967463665,26.736363636363784
36.70000000000025,37.39460000000025,0.10000000000000142,0.1,1.4155343563970746e-15,0.0,11,0,67,71,51.68920451043795,39.002949674636646,26.836363636363785
36.80000000000025,37.494600000000254,0.10000000000000142,0.1,1.4155343563970746e-15,0.0,11,0,68,71,51.55066931520142,38.902949674636645,26.936363636363783
36.900000000000254,37.594600000000256,0.10000000000000142,0.1,1.4155343563970746e-15,0.0,11,0,68,71,51.4121341199649,38.80294967463664,27.036363636363784
37.000000000000256,37.69460000000026,0.10000000000000142,0.1,1.4155343563970746e-15,0.0,11,0,68,71,51.27359892472838,38.70294967463664,27.136363636363786
37.10000000000026,37.79460000000026,0.10000000000000142,0.1,1.4155343563970746e-15,0.0,11,0,68,71,51.13506372949185,38.60294967463664,27.236363636363787
37.20000000000026,37.89460000000026,0.10000000000000142,0.1,1.4155343563970746e-15,0.0,11,0,68,71,50.996528534255326,38.50294967463664,27.336363636363785
37.30000000000026,37.99460000000026,0.10000000000000142,0.1,1.4155343563970746e-15,0.0,11,0,69,71,50.857993339018805,38.40294967463664,27.436363636363787
37.40000000000026,38.09460000000026,0.10000000000000142,0.1,1.4155343563970746e-15,0.0,11,0,69,71,50.719458143782276,38.302949674636636,27.536363636363788
37.50000000000026,38.194600000000264,0.10000000000000142,0.1,1.4155343563970746e-15,0.0,11,0,71,72,50.580922948545755,38.202949674636635,27.636363636363793
37.600000000000264,38.294600000000266,0.10000000000000142,0.1,1.4155343563970746e-15,0.0,11,0,71,72,50.442387753309234,38.10294967463663,27.736363636363794
37.700000000000266,38.39460000000027,0.10000000000000142,0.1,1.4155343563970746e-15,0.0,11,0,71,72,50.303852558072705,38.00294967463663,27.83636363636379
37.80000000000027,38.49460000000027,0.10000000000000142,0.1,1.4155343563970746e-15,0.0,11,0,71,72,50.165317362836184,37.90294967463663,27.936363636363794
37.90000000000027,38.59460000000027,0.10000000000000142,0.1,1.4155343563970746e-15,0.0,11,0,71,72,50.026782167599656,37.80294967463663,28.036363636363795
38.00000000000027,38.69460000000027,0.10000000000000142,0.1,1.4155343563970746e-15,0.0,11,0,71,72,49.888246972363135,37.70294967463663,28.136363636363797
38.10000000000027,38.854600000000275,0.1600000000000037,0.1,0.06000000000000369,0.0,11,0,70,72,55.204257231672095,37.602949674636626,28.236363636363794
38.20000000000027,38.954600000000276,0.10000000000000142,0.1,1.4155343563970746e-15,0.0,12,0,70,72,48.385245200065945,49.73889114265442,25.98333333333348
38.300000000000274,39.05460000000028,0.10000000000000142,0.1,1.4155343563970746e-15,0.0,12,0,70,72,48.21353302877685,49.638891142654415,26.08333333333348
38.400000000000276,39.15460000000028,0.10000000000000142,0.1,1.4155343563970746e-15,0.0,12,0,71,72,48.04094562909628,49.538891142654414,26.183333333333483
38.50000000000028,39.25460000000028,0.10000000000000142,0.1,1.4155343563970746e-15,0.0,12,0,71,73,47.86921763265938,49.43889114265441,26.283333333333484
38.60000000000028,39.35460000000028,0.10000000000000142,0.1,1.4155343563970746e-15,0.0,12,0,72,73,47.69849983366087,49.33889114265441,26.383333333333482
38.70000000000028,39.45460000000028,0.10000000000000142,0.1,1.4155343563970746e-15,0.0,12,0,73,73,47.526932862269796,49.23889114265441,26.483333333333487
38.80000000000028,39.554600000000285,0.10000000000000142,0.1,1.4155343563970746e-15,0.0,12,0,73,72,47.35498867381778,49.13889114265441,26.583333333333485
38.90000000000028,39.654600000000286,0.10000000000000142,0.1,1.4155343563970746e-15,0.0,12,0,74,72,47.18331705773349,49.03889114265441,26.683333333333483
39.000000000000284,39.75460000000029,0.10000000000000142,0.1,1.4155343563970746e-15,0.0,12,0,75,72,47.0209491664514,48.938891142654406,26.783333333333488
39.100000000000286,39.85460000000029,0.10000000000000142,0.1,1.4155343563970746e-15,0.0,12,0,75,72,46.87987301862913,48.838891142654404,26.883333333333486
39.20000000000029,39.95460000000029,0.10000000000000142,0.1,1.4155343563970746e-15,0.0,12,0,75,72,46.74310732747512,48.7388911426544,26.98333333333349
39.30000000000029,40.05460000000029,0.10000000000000142,0.1,1.4155343563970746e-15,0.0,12,0,75,72,46.6058354753423,48.6388911426544,27.08333333333349
39.40000000000029,40.15460000000029,0.10000000000000142,0.1,1.4155343563970746e-15,0.0,12,0,75,72,46.470451839296864,48.5388911426544,27.18333333333349
39.50000000000029,40.254600000000295,0.10000000000000142,0.1,1.4155343563970746e-15,0.0,12,0,75,73,46.333913427216395,48.4388911426544,27.28333333333349
39.60000000000029,40.354600000000296,0.10000000000000142,0.1,1.4155343563970746e-15,0.0,12,0,76,73,46.19809438161235,48.3388911426544,27.383333333333493
39.700000000000294,40.4546000000003,0.10000000000000142,0.1,1.4155343563970746e-15,0.0,12,0,78,73,46.06262751280574,48.238891142654396,27.483333333333494
39.800000000000296,40.5546000000003,0.10000000000000142,0.1,1.4155343563970746e-15,0.0,12,0,79,73,45.92675316978563,48.138891142654394,27.583333333333496
39.9000000000003,40.6546000000003,0.10000000000000142,0.1,1.4155343563970746e-15,0.0,12,0,79,73,45.790356975478694,48.03889114265439,27.683333333333493
40.0000000000003,40.7546000000003,0.10000000000000142,0.1,1.4155343563970746e-15,0.0,12,0,80,73,45.65457685925233,47.93889114265439,27.7833333333335
40.1000000000003,40.8546000000003,0.10000000000000142,0.1,1.4155343563970746e-15,0.0,12,0,82,73,45.5188057101148,47.83889114265439,27.883333333333496
40.2000000000003,40.954600000000305,0.10000000000000142,0.1,1.4155343563970746e-15,0.0,12,0,82,73,45.381997008296736,47.73889114265439,27.983333333333494
40.3000000000003,41.054600000000306,0.10000000000000142,0.1,1.4155343563970746e-15,0.0,12,0,82,73,45.2465102214239,47.63889114265439,28.0833333333335
40.400000000000304,41.15460000000031,0.10000000000000142,0.1,1.4155343563970746e-15,0.0,12,0,83,73,45.109386644823395,47.538891142654386,28.183333333333497
40.500000000000306,41.25460000000031,0.10000000000000142,0.1,1.4155343563970746e-15,0.0,12,0,83,73,44.97308811876439,47.438891142654384,28.283333333333502
40.60000000000031,41.35460000000031,0.10000000000000142,0.1,1.4155343563970746e-15,0.0,12,0,84,73,44.83677794648054,47.33889114265438,28.3833333333335
40.70000000000031,41.45460000000031,0.10000000000000142,0.1,1.4155343563970746e-15,0.0,12,0,84,73,44.701129651059,47.23889114265438,28.4833333333335
40.80000000000031,41.55460000000031,0.10000000000000142,0.1,1.4155343563970746e-15,0.0,12,0,86,73,44.564223465819,47.13889114265438,28.583333333333503
40.90000000000031,41.654600000000315,0.10000000000000142,0.1,1.4155343563970746e-15,0.0,12,0,87,73,44.42795633386754,47.03889114265438,28.683333333333504
41.00000000000031,41.754600000000316,0.10000000000000142,0.1,1.4155343563970746e-15,0.0,12,0,87,73,44.29210773889505,46.93889114265438,28.783333333333506
41.100000000000314,41.85460000000032,0.10000000000000142,0.1,1.4155343563970746e-15,0.0,12,0,87,73,44.155482015073765,46.838891142654376,28.883333333333507
41.200000000000315,41.95460000000032,0.10000000000000142,0.1,1.4155343563970746e-15,0.0,12,0,88,73,44.01996683229746,46.738891142654374,28.983333333333505
41.30000000000032,42.05460000000032,0.10000000000000142,0.1,1.4155343563970746e-15,0.0,12,0,88,73,43.884261509462114,46.63889114265437,29.08333333333351
41.40000000000032,42.15460000000032,0.10000000000000142,0.1,1.4155343563970746e-15,0.0,12,0,88,73,43.748630487326125,46.53889114265437,29.183333333333508
41.50000000000032,42.25460000000032,0.10000000000000142,0.1,1.4155343563970746e-15,0.0,12,0,89,73,43.61282270510042,46.43889114265437,29.283333333333506
41.60000000000032,42.354600000000325,0.10000000000000142,0.1,1.4155343563970746e-15,0.0,12,0,90,73,43.47674214667226,46.33889114265437,29.38333333333351
41.70000000000032,42.454600000000326,0.10000000000000142,0.1,1.4155343563970746e-15,0.0,12,0,91,73,43.34084066242042,46.23889114265437,29.48333333333351
41.800000000000324,42.55460000000033,0.10000000000000142,0.1,1.4155343563970746e-15,0.0,12,0,91,73,43.20353699767049,46.138891142654366,29.583333333333513
41.900000000000325,42.65460000000033,0.10000000000000142,0.1,1.4155343563970746e-15,0.0,12,0,92,73,43.067538077451,46.038891142654364,29.68333333333351
42.00000000000033,42.75460000000033,0.10000000000000142,0.1,1.4155343563970746e-15,0.0,12,0,92,74,42.93220431714434,45.93889114265436,29.783333333333516
42.10000000000033,42.85460000000033,0.10000000000000142,0.1,1.4155343563970746e-15,0.0,11,0,93,74,46.70202549767496,45.83889114265436,28.763636363636532
42.20000000000033,42.95460000000033,0.10000000000000142,0.1,1.4155343563970746e-15,0.0,11,0,93,75,46.562070976180806,45.73889114265436,28.863636363636534
42.30000000000033,43.054600000000335,0.10000000000000142,0.1,1.4155343563970746e-15,0.0,11,0,94,75,46.42310068159126,45.63889114265436,28.963636363636535
42.40000000000033,43.154600000000336,0.10000000000000142,0.1,1.4155343563970746e-15,0.0,11,0,94,75,46.28328483862535,45.53889114265436,29.063636363636533
42.500000000000334,43.25460000000034,0.10000000000000142,0.1,1.4155343563970746e-15,0.0,11,0,95,75,46.14397847711688,45.438891142654356,29.163636363636535
42.600000000000335,43.35460000000034,0.10000000000000142,0.1,1.4155343563970746e-15,0.0,11,0,95,75,46.004866573099015,45.338891142654354,29.263636363636536
42.70000000000034,43.45460000000034,0.10000000000000142,0.1,1.4155343563970746e-15,0.0,11,0,95,75,45.865679838060345,45.23889114265435,29.36363636363654
42.80000000000034,43.55460000000034,0.10000000000000142,0.1,1.4155343563970746e-15,0.0,11,0,95,75,45.725243718706444,45.13889114265435,29.463636363636535
42.90000000000034,43.65460000000034,0.10000000000000142,0.1,1.4155343563970746e-15,0.0,11,0,96,75,45.58180278120249,45.03889114265435,29.563636363636537
43.00000000000034,43.754600000000345,0.10000000000000142,0.1,1.4155343563970746e-15,0.0,11,0,96,75,45.43820770066669,44.93889114265435,29.66363636363654
43.10000000000034,43.854600000000346,0.10000000000000142,0.1,1.4155343563970746e-15,0.0,11,0,97,75,45.29898864636619,44.83889114265435,29.763636363636543
43.200000000000344,43.95460000000035,0.10000000000000142,0.1,1.4155343563970746e-15,0.0,11,0,97,75,45.16000745937623,44.738891142654346,29.863636363636545
43.300000000000345,44.05460000000035,0.10000000000000142,0.1,1.4155343563970746e-15,0.0,11,0,98,75,45.015616503034614,44.638891142654344,29.963636363636542
43.40000000000035,44.15460000000035,0.10000000000000142,0.1,1.4155343563970746e-15,0.0,11,0,99,75,44.87065343587647,44.53889114265434,30.063636363636544
43.50000000000035,44.25460000000035,0.10000000000000142,0.1,1.4155343563970746e-15,0.0,11,0,99,75,44.72818130745866,44.43889114265434,30.163636363636545
43.60000000000035,44.35460000000035,0.10000000000000142,0.1,1.4155343563970746e-15,0.0,11,0,100,75,44.588901415677405,44.33889114265434,30.263636363636547
43.70000000000035,44.454600000000354,0.10000000000000142,0.1,1.4155343563970746e-15,0.0,11,0,100,75,44.44863504324435,44.23889114265434,30.363636363636545
43.80000000000035,44.554600000000356,0.10000000000000142,0.1,1.4155343563970746e-15,0.0,11,0,101,75,44.30901568448628,44.13889114265434,30.463636363636546
43.900000000000354,44.65460000000036,0.10000000000000142,0.1,1.4155343563970746e-15,0.0,11,0,101,75,44.16913588768358,44.038891142654336,30.563636363636547
44.000000000000355,44.75460000000036,0.10000000000000142,0.1,1.4155343563970746e-15,0.0,11,0,101,75,44.02847575730413,43.68081738235105,30.663636363636552
44.10000000000036,44.85460000000036,0.10000000000000142,0.1,1.4155343563970746e-15,0.0,11,0,101,75,43.889186475086916,43.1486352779617,30.763636363636554
44.20000000000036,44.95460000000036,0.10000000000000142,0.1,1.4155343563970746e-15,0.0,11,0,101,76,43.74922581933158,42.609068064652995,30.863636363636548
44.30000000000036,45.05460000000036,0.10000000000000142,0.1,1.4155343563970746e-15,0.0,11,0,101,77,43.61042264502605,42.08223314729218,30.963636363636553
44.40000000000036,45.154600000000364,0.10000000000000142,0.1,1.4155343563970746e-15,0.0,11,0,102,77,43.47094399204255,41.54796796447372,31.063636363636554
44.50000000000036,45.254600000000366,0.10000000000000142,0.1,1.4155343563970746e-15,0.0,11,0,103,77,43.330927920637855,41.00779117902206,31.163636363636556
44.600000000000364,45.35460000000037,0.10000000000000142,0.1,1.4155343563970746e-15,0.0,11,0,103,77,43.19123471527881,40.47116592007257,31.263636363636557
44.700000000000365,45.45460000000037,0.10000000000000142,0.1,1.4155343563970746e-15,0.0,11,0,104,77,43.05138106480114,39.93277576481823,31.36363636363656
44.80000000000037,45.55460000000037,0.10000000000000142,0.1,1.4155343563970746e-15,0.0,11,0,105,77,42.912246509433096,39.40229565576969,31.463636363636557
44.90000000000037,45.65460000000037,0.10000000000000142,0.1,1.4155343563970746e-15,0.0,11,0,105,78,42.77311585706895,38.87185847976411,31.563636363636558
45.00000000000037,45.75460000000037,0.10000000000000142,0.1,1.4155343563970746e-15,0.0,11,0,105,78,42.634191102181234,38.343686175999224,31.66363636363656
45.10000000000037,45.854600000000374,0.10000000000000142,0.1,1.4155343563970746e-15,0.0,11,0,105,78,42.495564075010684,37.81878887712316,31.763636363636564
45.20000000000037,45.954600000000376,0.10000000000000142,0.1,1.4155343563970746e-15,0.0,11,0,105,78,42.35503624791087,37.272982779025206,31.863636363636566
45.300000000000374,46.05460000000038,0.10000000000000142,0.1,1.4155343563970746e-15,0.0,11,0,105,78,42.21632069031164,36.74711164543373,31.963636363636564
45.400000000000375,46.15460000000038,0.10000000000000142,0.1,1.4155343563970746e-15,0.0,11,0,105,78,42.075888568903494,36.20235830994405,32.06363636363656
45.50000000000038,46.25460000000038,0.10000000000000142,0.1,1.4155343563970746e-15,0.0,11,0,105,78,41.936883463037304,35.67330214541601,32.16363636363656
45.60000000000038,46.35460000000038,0.10000000000000142,0.1,1.4155343563970746e-15,0.0,11,0,105,78,41.79241044121984,35.08409890542395,32.26363636363657
45.70000000000038,46.45460000000038,0.10000000000000142,0.1,1.4155343563970746e-15,0.0,11,0,105,78,41.64747753102244,34.48983689325247,32.36363636363657
45.80000000000038,46.554600000000384,0.10000000000000142,0.1,1.4155343563970746e-15,0.0,11,0,105,78,41.50408862963935,33.91255897803844,32.463636363636574
45.90000000000038,46.654600000000386,0.10000000000000142,0.1,1.4155343563970746e-15,0.0,11,0,105,78,41.36085762257669,33.337017900349196,32.56363636363657
46.000000000000384,46.75460000000039,0.10000000000000142,0.1,1.4155343563970746e-15,0.0,11,0,106,78,41.221190358108025,32.800677991193915,32.66363636363657
46.100000000000385,46.85460000000039,0.10000000000000142,0.1,1.4155343563970746e-15,0.0,11,0,106,78,41.082542258396195,32.2755488943638,32.76363636363657
46.20000000000039,46.95460000000039,0.10000000000000142,0.1,1.4155343563970746e-15,0.0,11,0,106,78,40.943023924841675,31.740847225264112,32.86363636363657
46.30000000000039,47.05460000000039,0.10000000000000142,0.1,1.4155343563970746e-15,0.0,11,0,107,78,40.8044819441531,31.216885437689758,32.963636363636574
46.40000000000039,47.15460000000039,0.10000000000000142,0.1,1.4155343563970746e-15,0.0,11,0,109,78,40.659632357455514,30.623539984016244,33.063636363636576
46.50000000000039,47.254600000000394,0.10000000000000142,0.1,1.4155343563970746e-15,0.0,11,0,109,78,40.515309709742915,30.035990859177712,33.16363636363658
46.60000000000039,47.354600000000396,0.10000000000000142,0.1,1.4155343563970746e-15,0.0,11,0,110,78,40.37057087558543,29.44386368344536,33.26363636363658
46.700000000000394,47.4546000000004,0.10000000000000142,0.1,1.4155343563970746e-15,0.0,11,0,110,78,40.22624822787284,29.002949674636504,33.36363636363658
46.800000000000395,47.5546000000004,0.10000000000000142,0.1,1.4155343563970746e-15,0.0,11,0,110,78,40.081440829773015,28.902949674636503,33.46363636363658
46.9000000000004,47.6546000000004,0.10000000000000142,0.1,1.4155343563970746e-15,0.0,11,0,111,78,39.94290563453649,28.8029496746365,33.56363636363658
47.0000000000004,47.7546000000004,0.10000000000000142,0.1,1.4155343563970746e-15,0.0,11,0,111,78,39.804370439299966,28.7029496746365,33.663636363636584
47.1000000000004,47.8546000000004,0.10000000000000142,0.1,1.4155343563970746e-15,0.0,11,0,111,78,39.66583524406344,28.6029496746365,33.763636363636586
47.2000000000004,47.954600000000404,0.10000000000000142,0.1,1.4155343563970746e-15,0.0,11,0,111,78,39.527300048826916,28.502949674636497,33.86363636363659
47.3000000000004,48.054600000000406,0.10000000000000142,0.1,1.4155343563970746e-15,0.0,11,0,111,78,39.38876485359039,28.402949674636496,33.96363636363659
47.400000000000404,48.15460000000041,0.10000000000000142,0.1,1.4155343563970746e-15,0.0,11,0,111,78,39.25022965835387,28.302949674636494,34.06363636363659
47.500000000000405,48.25460000000041,0.10000000000000142,0.1,1.4155343563970746e-15,0.0,11,0,114,78,39.111694463117345,28.202949674636493,34.16363636363659
47.600000000000406,48.35460000000041,0.10000000000000142,0.1,1.4155343563970746e-15,0.0,11,0,115,78,38.97315926788082,28.10294967463649,34.263636363636586
47.70000000000041,48.45460000000041,0.10000000000000142,0.1,1.4155343563970746e-15,0.0,11,0,116,78,38.83462407264429,28.00294967463649,34.363636363636594
47.80000000000041,48.55460000000041,0.10000000000000142,0.1,1.4155343563970746e-15,0.0,11,0,117,78,38.69608887740777,27.90294967463649,34.463636363636596
47.90000000000041,48.654600000000414,0.10000000000000142,0.1,1.4155343563970746e-15,0.0,11,0,117,78,38.5719899646812,27.802949674636487,34.5636363636366
48.00000000000041,48.754600000000416,0.10000000000000142,0.1,1.4155343563970746e-15,0.0,11,0,117,78,38.47198996468121,27.702949674636486,34.6636363636366
48.10000000000041,48.85460000000042,0.10000000000000142,0.1,1.4155343563970746e-15,0.0,11,0,118,78,38.371989964681205,27.602949674636484,34.7636363636366
48.200000000000415,48.95460000000042,0.10000000000000142,0.1,1.4155343563970746e-15,0.0,11,0,118,78,38.271989964681204,27.502949674636483,34.8636363636366
48.300000000000416,49.05460000000042,0.10000000000000142,0.1,1.4155343563970746e-15,0.0,11,0,118,78,38.1719899646812,27.40294967463648,34.963636363636596
48.40000000000042,49.15460000000042,0.10000000000000142,0.1,1.4155343563970746e-15,0.0,11,0,118,78,38.07198996468121,27.30294967463648,35.0636363636366
48.50000000000042,49.25460000000042,0.10000000000000142,0.1,1.4155343563970746e-15,0.0,11,0,118,78,37.97198996468121,27.20294967463648,35.163636363636606
48.60000000000042,49.354600000000424,0.10000000000000142,0.1,1.4155343563970746e-15,0.0,11,0,118,78,37.871989964681205,27.102949674636477,35.26363636363661
48.70000000000042,49.454600000000426,0.10000000000000142,0.1,1.4155343563970746e-15,0.0,11,0,118,78,37.771989964681204,27.002949674636476,35.36363636363661
48.80000000000042,49.55460000000043,0.10000000000000142,0.1,1.4155343563970746e-15,0.0,11,0,118,78,37.6719899646812,26.902949674636474,35.46363636363661
48.900000000000425,49.65460000000043,0.10000000000000142,0.1,1.4155343563970746e-15,0.0,11,0,118,78,37.57198996468121,26.802949674636473,35.563636363636604
49.000000000000426,49.75460000000043,0.10000000000000142,0.1,1.4155343563970746e-15,0.0,11,0,118,78,37.47198996468121,26.70294967463647,35.663636363636606
49.10000000000043,49.85460000000043,0.10000000000000142,0.1,1.4155343563970746e-15,0.0,11,0,118,78,37.371989964681205,26.60294967463647,35.76363636363661
49.20000000000043,49.95460000000043,0.10000000000000142,0.1,1.4155343563970746e-15,0.0,11,0,118,78,37.271989964681204,26.50294967463647,35.86363636363661
49.30000000000043,50.054600000000434,0.10000000000000142,0.1,1.4155343563970746e-15,0.0,11,0,119,78,37.17198996468121,26.402949674636467,35.96363636363662
49.40000000000043,50.154600000000436,0.10000000000000142,0.1,1.4155343563970746e-15,0.0,11,0,120,78,37.07198996468121,26.302949674636466,36.06363636363662
49.50000000000043,50.25460000000044,0.10000000000000142,0.1,1.4155343563970746e-15,0.0,11,0,120,78,36.97198996468121,26.202949674636464,36.16363636363661
49.600000000000435,50.35460000000044,0.10000000000000142,0.1,1.4155343563970746e-15,0.0,11,0,120,78,36.871989964681205,26.102949674636463,36.263636363636614
49.700000000000436,50.45460000000044,0.10000000000000142,0.1,1.4155343563970746e-15,0.0,11,0,120,78,36.77198996468121,26.00294967463646,36.363636363636616
49.80000000000044,50.55460000000044,0.10000000000000142,0.1,1.4155343563970746e-15,0.0,11,0,120,78,36.67198996468121,25.90294967463646,36.46363636363662
49.90000000000044,50.65460000000044,0.10000000000000142,0.1,1.4155343563970746e-15,0.0,11,0,120,78,36.571989964681215,25.80294967463646,36.56363636363662
50.00000000000044,50.754600000000444,0.10000000000000142,0.1,1.4155343563970746e-15,0.0,11,0,121,78,36.47198996468121,25.702949674636457,36.66363636363662
50.10000000000044,50.854600000000445,0.10000000000000142,0.1,1.4155343563970746e-15,0.0,11,0,111,78,36.37198996468121,25.602949674636456,36.76363636363663
50.20000000000044,50.95460000000045,0.10000000000000142,0.1,1.4155343563970746e-15,0.0,11,0,108,79,36.27198996468121,25.502949674636454,36.86363636363662
50.300000000000445,51.05460000000045,0.10000000000000142,0.1,1.4155343563970746e-15,0.0,11,0,106,79,36.17198996468122,25.402949674636453,36.963636363636624
50.400000000000446,51.15460000000045,0.10000000000000142,0.1,1.4155343563970746e-15,0.0,11,0,105,79,36.071989964681215,25.30294967463645,37.063636363636626
50.50000000000045,51.25460000000045,0.10000000000000142,0.1,1.4155343563970746e-15,0.0,11,0,106,79,35.971989964681214,25.20294967463645,37.16363636363663
50.60000000000045,51.35460000000045,0.10000000000000142,0.1,1.4155343563970746e-15,0.0,11,0,106,80,35.87198996468121,25.10294967463645,37.26363636363663
50.70000000000045,51.454600000000454,0.10000000000000142,0.1,1.4155343563970746e-15,0.0,11,0,106,80,35.77198996468122,25.002949674636447,37.36363636363663
50.80000000000045,51.554600000000455,0.10000000000000142,0.1,1.4155343563970746e-15,0.0,11,0,107,80,35.67198996468122,24.902949674636446,37.46363636363663
50.90000000000045,51.65460000000046,0.10000000000000142,0.1,1.4155343563970746e-15,0.0,11,0,107,81,35.571989964681215,24.802949674636444,37.56363636363663
51.000000000000455,51.75460000000046,0.10000000000000142,0.1,1.4155343563970746e-15,0.0,11,0,107,82,35.471989964681214,24.702949674636443,37.663636363636634
51.100000000000456,51.85460000000046,0.10000000000000142,0.1,1.4155343563970746e-15,0.0,11,0,108,82,35.37198996468122,24.60294967463644,37.763636363636635
51.20000000000046,51.95460000000046,0.10000000000000142,0.1,1.4155343563970746e-15,0.0,11,0,108,82,35.27198996468122,24.50294967463644,37.86363636363664
51.30000000000046,52.05460000000046,0.10000000000000142,0.1,1.4155343563970746e-15,0.0,11,0,108,82,35.17198996468122,24.40294967463644,37.96363636363664
51.40000000000046,52.154600000000464,0.10000000000000142,0.1,1.4155343563970746e-15,0.0,11,0,109,82,35.071989964681215,24.302949674636437,38.06363636363664
51.50000000000046,52.254600000000465,0.10000000000000142,0.1,1.4155343563970746e-15,0.0,11,0,110,83,34.97198996468122,24.202949674636436,38.16363636363664
51.60000000000046,52.35460000000047,0.10000000000000142,0.1,1.4155343563970746e-15,0.0,11,0,110,83,34.87198996468122,24.102949674636434,38.26363636363664
51.700000000000465,52.45460000000047,0.10000000000000142,0.1,1.4155343563970746e-15,0.0,11,0,110,83,34.77198996468122,24.002949674636433,38.363636363636644
51.800000000000466,52.55460000000047,0.10000000000000142,0.1,1.4155343563970746e-15,0.0,11,0,111,83,34.67198996468122,23.90294967463643,38.463636363636645
51.90000000000047,52.65460000000047,0.10000000000000142,0.1,1.4155343563970746e-15,0.0,11,0,112,83,34.57198996468122,23.80294967463643,38.56363636363665
52.00000000000047,52.75460000000047,0.10000000000000142,0.1,1.4155343563970746e-15,0.0,11,0,112,83,34.47198996468122,23.70294967463643,38.66363636363665
52.10000000000047,52.854600000000474,0.10000000000000142,0.1,1.4155343563970746e-15,0.0,11,0,112,83,34.37198996468123,23.602949674636427,38.76363636363664
52.20000000000047,52.954600000000475,0.10000000000000142,0.1,1.4155343563970746e-15,0.0,11,0,112,83,34.27198996468122,23.502949674636426,38.86363636363665
52.30000000000047,53.05460000000048,0.10000000000000142,0.1,1.4155343563970746e-15,0.0,11,0,112,83,34.171989964681224,23.402949674636425,38.96363636363665
52.400000000000475,53.15460000000048,0.10000000000000142,0.1,1.4155343563970746e-15,0.0,11,0,112,83,34.07198996468122,23.302949674636423,39.063636363636654
52.500000000000476,53.25460000000048,0.10000000000000142,0.1,1.4155343563970746e-15,0.0,11,0,112,83,33.97198996468123,23.20294967463642,39.163636363636655
52.60000000000048,53.35460000000048,0.10000000000000142,0.1,1.4155343563970746e-15,0.0,11,0,112,83,33.87198996468123,23.10294967463642,39.26363636363666
52.70000000000048,53.45460000000048,0.10000000000000142,0.1,1.4155343563970746e-15,0.0,11,0,113,84,33.771989964681225,23.00294967463642,39.36363636363665
52.80000000000048,53.554600000000484,0.10000000000000142,0.1,1.4155343563970746e-15,0.0,11,0,114,84,33.671989964681224,22.902949674636417,39.46363636363665
52.90000000000048,53.654600000000485,0.10000000000000142,0.1,1.4155343563970746e-15,0.0,11,0,115,84,33.57198996468123,22.802949674636416,39.563636363636654
53.00000000000048,53.75460000000049,0.10000000000000142,0.1,1.4155343563970746e-15,0.0,11,0,115,84,33.47198996468123,22.702949674636415,39.66363636363666
53.100000000000485,53.85460000000049,0.10000000000000142,0.1,1.4155343563970746e-15,0.0,11,0,116,84,33.37198996468123,22.602949674636413,39.763636363636664
53.200000000000486,53.95460000000049,0.10000000000000142,0.1,1.4155343563970746e-15,0.0,11,0,117,84,33.271989964681225,22.50294967463641,39.863636363636665
53.30000000000049,54.05460000000049,0.10000000000000142,0.1,1.4155343563970746e-15,0.0,11,0,119,84,33.17198996468123,22.40294967463641,39.96363636363667
53.40000000000049,54.15460000000049,0.10000000000000142,0.1,1.4155343563970746e-15,0.0,11,0,119,84,33.07198996468123,22.30294967463641,40.06363636363666
53.50000000000049,54.254600000000494,0.10000000000000142,0.1,1.4155343563970746e-15,0.0,11,0,119,84,32.97198996468123,22.202949674636407,40.16363636363666
53.60000000000049,54.354600000000495,0.10000000000000142,0.1,1.4155343563970746e-15,0.0,11,0,119,84,32.87198996468123,22.102949674636406,40.263636363636664
53.70000000000049,54.4546000000005,0.10000000000000142,0.1,1.4155343563970746e-15,0.0,11,0,121,85,32.77198996468123,22.002949674636405,40.363636363636665
53.800000000000495,54.5546000000005,0.10000000000000142,0.1,1.4155343563970746e-15,0.0,11,0,121,85,32.67198996468123,21.902949674636403,40.463636363636674
53.900000000000496,54.6546000000005,0.10000000000000142,0.1,1.4155343563970746e-15,0.0,11,0,121,85,32.57198996468123,21.8029496746364,40.563636363636675
54.0000000000005,54.7546000000005,0.10000000000000142,0.1,1.4155343563970746e-15,0.0,11,0,122,85,32.47198996468123,21.7029496746364,40.66363636363667
54.1000000000005,54.8546000000005,0.10000000000000142,0.1,1.4155343563970746e-15,0.0,11,0,124,85,32.371989964681234,21.6029496746364,40.76363636363667
54.2000000000005,54.954600000000504,0.10000000000000142,0.1,1.4155343563970746e-15,0.0,11,0,124,85,32.27198996468123,21.502949674636398,40.86363636363667
54.3000000000005,55.054600000000505,0.10000000000000142,0.1,1.4155343563970746e-15,0.0,11,0,125,85,32.17198996468124,21.402949674636396,40.963636363636674
54.4000000000005,55.15460000000051,0.10000000000000142,0.1,1.4155343563970746e-15,0.0,11,0,125,85,32.07198996468123,21.302949674636395,41.063636363636675
54.500000000000504,55.25460000000051,0.10000000000000142,0.1,1.4155343563970746e-15,0.0,11,0,126,85,31.971989964681235,21.202949674636393,41.16363636363668
54.600000000000506,55.35460000000051,0.10000000000000142,0.1,1.4155343563970746e-15,0.0,11,0,126,85,31.871989964681234,21.102949674636392,41.263636363636685
54.70000000000051,55.45460000000051,0.10000000000000142,0.1,1.4155343563970746e-15,0.0,11,0,126,86,31.771989964681236,21.00294967463639,41.36363636363669
54.80000000000051,55.55460000000051,0.10000000000000142,0.1,1.4155343563970746e-15,0.0,11,0,126,86,31.671989964681234,20.90294967463639,41.46363636363668
54.90000000000051,55.654600000000514,0.10000000000000142,0.1,1.4155343563970746e-15,0.0,11,0,127,86,31.571989964681237,20.802949674636388,41.56363636363668
55.00000000000051,55.754600000000515,0.10000000000000142,0.1,1.4155343563970746e-15,0.0,11,0,127,86,31.471989964681235,20.702949674636386,41.663636363636684
55.10000000000051,55.85460000000052,0.10000000000000142,0.1,1.4155343563970746e-15,0.0,11,0,127,86,31.371989964681237,20.602949674636385,41.763636363636685
55.200000000000514,55.95460000000052,0.10000000000000142,0.1,1.4155343563970746e-15,0.0,11,0,128,86,31.271989964681236,20.502949674636383,41.86363636363669
55.300000000000516,56.05460000000052,0.10000000000000142,0.1,1.4155343563970746e-15,0.0,11,0,128,86,31.17198996468124,20.402949674636382,41.96363636363669
55.40000000000052,56.15460000000052,0.10000000000000142,0.1,1.4155343563970746e-15,0.0,11,0,129,86,31.071989964681237,20.30294967463638,42.0636363636367
55.50000000000052,56.25460000000052,0.10000000000000142,0.1,1.4155343563970746e-15,0.0,11,0,129,86,30.971989964681242,20.20294967463638,42.16363636363669
55.60000000000052,56.354600000000524,0.10000000000000142,0.1,1.4155343563970746e-15,0.0,11,0,129,85,30.871989964681237,20.102949674636378,42.26363636363669
55.70000000000052,56.454600000000525,0.10000000000000142,0.1,1.4155343563970746e-15,0.0,11,0,129,85,30.771989964681243,20.002949674636376,42.363636363636694
55.80000000000052,56.55460000000053,0.10000000000000142,0.1,1.4155343563970746e-15,0.0,11,0,129,85,30.67198996468124,19.902949674636375,42.463636363636695
55.900000000000524,56.65460000000053,0.10000000000000142,0.1,1.4155343563970746e-15,0.0,11,0,130,86,30.571989964681244,19.802949674636373,42.5636363636367
56.000000000000526,56.75460000000053,0.10000000000000142,0.1,1.4155343563970746e-15,0.0,11,0,132,86,30.471989964681246,19.702949674636372,42.6636363636367
56.10000000000053,56.85460000000053,0.10000000000000142,0.1,1.4155343563970746e-15,0.0,11,0,134,85,30.371989964681244,19.60294967463637,42.7636363636367
56.20000000000053,56.95460000000053,0.10000000000000142,0.1,1.4155343563970746e-15,0.0,11,0,134,85,30.271989964681246,19.50294967463637,42.86363636363671
56.30000000000053,57.054600000000534,0.10000000000000142,0.1,1.4155343563970746e-15,0.0,11,0,135,85,30.171989964681245,19.402949674636368,42.96363636363671
56.40000000000053,57.154600000000535,0.10000000000000142,0.1,1.4155343563970746e-15,0.0,11,0,136,85,30.071989964681247,19.302949674636366,43.063636363636704
56.50000000000053,57.254600000000536,0.10000000000000142,0.1,1.4155343563970746e-15,0.0,11,0,137,85,29.971989964681246,19.202949674636365,43.163636363636705
56.600000000000534,57.35460000000054,0.10000000000000142,0.1,1.4155343563970746e-15,0.0,11,0,137,85,29.871989964681248,19.102949674636363,43.26363636363671
56.700000000000536,57.45460000000054,0.10000000000000142,0.1,1.4155343563970746e-15,0.0,11,0,137,86,29.771989964681246,19.002949674636362,43.36363636363671
56.80000000000054,57.55460000000054,0.10000000000000142,0.1,1.4155343563970746e-15,0.0,11,0,139,84,29.67198996468125,18.90294967463636,43.46363636363671
56.90000000000054,57.65460000000054,0.10000000000000142,0.1,1.4155343563970746e-15,0.0,11,0,141,84,29.571989964681247,18.80294967463636,43.56363636363671
57.00000000000054,57.75460000000054,0.10000000000000142,0.1,1.4155343563970746e-15,0.0,11,0,141,84,29.471989964681253,18.702949674636358,43.66363636363672
57.10000000000054,57.854600000000545,0.10000000000000142,0.1,1.4155343563970746e-15,0.0,11,0,141,84,29.371989964681248,18.602949674636356,43.763636363636714
57.20000000000054,57.954600000000546,0.10000000000000142,0.1,1.4155343563970746e-15,0.0,11,0,141,84,29.271989964681254,18.502949674636355,43.863636363636715
57.300000000000544,58.05460000000055,0.10000000000000142,0.1,1.4155343563970746e-15,0.0,11,0,141,84,29.17198996468125,18.402949674636353,43.96363636363672
57.400000000000546,58.15460000000055,0.10000000000000142,0.1,1.4155343563970746e-15,0.0,11,0,143,84,29.071989964681254,18.302949674636352,44.06363636363672
57.50000000000055,58.25460000000055,0.10000000000000142,0.1,1.4155343563970746e-15,0.0,11,0,143,84,28.971989964681253,18.20294967463635,44.16363636363672
57.60000000000055,58.35460000000055,0.10000000000000142,0.1,1.4155343563970746e-15,0.0,11,0,144,84,28.871989964681255,18.10294967463635,44.26363636363672
57.70000000000055,58.45460000000055,0.10000000000000142,0.1,1.4155343563970746e-15,0.0,11,0,144,84,28.771989964681254,18.002949674636348,44.36363636363672
57.80000000000055,58.554600000000555,0.10000000000000142,0.1,1.4155343563970746e-15,0.0,11,0,144,84,28.671989964681256,17.902949674636346,44.46363636363673
57.90000000000055,58.654600000000556,0.10000000000000142,0.1,1.4155343563970746e-15,0.0,11,0,145,84,28.571989964681254,17.802949674636345,44.56363636363673
58.000000000000554,58.75460000000056,0.10000000000000142,0.1,1.4155343563970746e-15,0.0,11,0,145,84,28.471989964681256,17.702949674636344,44.663636363636726
58.100000000000556,58.85460000000056,0.10000000000000142,0.1,1.4155343563970746e-15,0.0,11,0,145,85,28.371989964681255,17.602949674636342,44.76363636363673
58.20000000000056,58.95460000000056,0.10000000000000142,0.1,1.4155343563970746e-15,0.0,11,0,144,85,28.271989964681257,17.50294967463634,44.86363636363673
58.30000000000056,59.05460000000056,0.10000000000000142,0.1,1.4155343563970746e-15,0.0,11,0,144,84,28.171989964681256,17.40294967463634,44.96363636363673
58.40000000000056,59.15460000000056,0.10000000000000142,0.1,1.4155343563970746e-15,0.0,11,0,144,84,28.071989964681254,17.302949674636338,45.06363636363673
58.50000000000056,59.254600000000565,0.10000000000000142,0.1,1.4155343563970746e-15,0.0,11,0,146,84,27.93191112217188,16.762082407033184,45.16363636363673
58.60000000000056,59.354600000000566,0.10000000000000142,0.1,1.4155343563970746e-15,0.0,11,0,146,84,27.793375926935354,16.23819525943141,45.26363636363674
58.700000000000564,59.486200000000565,0.13159999999999883,0.1,0.031599999999998823,0.0,11,0,147,84,30.527568004426097,29.238891142654126,45.363636363636736
58.800000000000566,59.58620000000057,0.10000000000000142,0.1,1.4155343563970746e-15,0.0,11,0,148,84,30.389032809189573,29.138891142654124,45.46363636363674
58.90000000000057,59.68620000000057,0.10000000000000142,0.1,1.4155343563970746e-15,0.0,10,0,149,84,33.29044358636071,29.93899802244998,44.53000000000036
59.00000000000057,59.78620000000057,0.10000000000000142,0.1,1.4155343563970746e-15,0.0,10,0,148,85,33.148054871600536,29.838998022449978,44.630000000000365
59.10000000000057,59.88620000000057,0.10000000000000142,0.1,1.4155343563970746e-15,0.0,10,0,148,85,33.00566615684035,29.738998022449977,44.730000000000366
59.20000000000057,59.98620000000057,0.10000000000000142,0.1,1.4155343563970746e-15,0.0,10,0,149,85,32.863277442080175,29.638998022449975,44.83000000000037
59.30000000000057,60.086200000000574,0.10000000000000142,0.1,1.4155343563970746e-15,0.0,10,0,149,85,32.72088872732,29.538998022449974,44.93000000000037
59.400000000000574,60.186200000000575,0.10000000000000142,0.1,1.4155343563970746e-15,0.0,10,0,149,84,32.57850001255982,29.438998022449972,45.03000000000037
59.500000000000576,60.286200000000576,0.10000000000000142,0.1,1.4155343563970746e-15,0.0,10,0,149,84,32.43611129779964,29.33899802244997,45.13000000000037
59.60000000000058,60.38620000000058,0.10000000000000142,0.1,1.4155343563970746e-15,0.0,10,0,149,84,32.313264211389296,29.23899802244997,45.23000000000037
59.70000000000058,60.48620000000058,0.10000000000000142,0.1,1.4155343563970746e-15,0.0,10,0,150,83,32.201840668184126,29.138998022449968,45.330000000000375
59.80000000000058,60.58620000000058,0.10000000000000142,0.1,1.4155343563970746e-15,0.0,10,0,151,82,32.09612889658153,29.038998022449967,45.430000000000376
59.90000000000058,60.68620000000058,0.10000000000000142,0.1,1.4155343563970746e-15,0.0,10,0,151,82,31.996128896581535,28.938998022449965,45.53000000000038
60.00000000000058,60.78620000000058,0.10000000000000142,0.1,1.4155343563970746e-15,0.0,10,0,151,82,31.896128896581537,28.838998022449964,45.63000000000038
60.100000000000584,60.886200000000585,0.10000000000000142,0.1,1.4155343563970746e-15,0.0,10,0,152,82,31.796128896581536,28.738998022449962,45.73000000000038
60.200000000000585,60.986200000000586,0.10000000000000142,0.1,1.4155343563970746e-15,0.0,10,0,153,82,31.696128896581534,28.63899802244996,45.83000000000038
60.30000000000059,61.08620000000059,0.10000000000000142,0.1,1.4155343563970746e-15,0.0,10,0,152,82,31.596128896581536,28.53899802244996,45.93000000000038
60.40000000000059,61.18620000000059,0.10000000000000142,0.1,1.4155343563970746e-15,0.0,10,0,152,82,31.496128896581535,28.438998022449958,46.030000000000385
60.50000000000059,61.28620000000059,0.10000000000000142,0.1,1.4155343563970746e-15,0.0,10,0,152,82,31.396128896581537,28.338998022449957,46.130000000000386
60.60000000000059,61.38620000000059,0.10000000000000142,0.1,1.4155343563970746e-15,0.0,10,0,152,83,31.240942873841647,28.238998022449955,46.23000000000039
60.70000000000059,61.48620000000059,0.10000000000000142,0.1,1.4155343563970746e-15,0.0,10,0,152,83,31.090942873841648,28.138998022449954,46.33000000000039
60.800000000000594,61.6186000000006,0.13240000000000407,0.1,0.032400000000004064,0.0,10,0,151,83,34.180942873841644,28.038998022449952,46.43000000000039
60.900000000000595,61.7186000000006,0.10000000000000142,0.1,1.4155343563970746e-15,0.0,10,0,151,83,34.030942873841646,27.93899802244995,46.53000000000039
61.0000000000006,61.8786000000006,0.1600000000000037,0.1,0.06000000000000369,0.0,10,0,151,83,39.8670119799249,27.83899802244995,46.63000000000039
61.1000000000006,61.978600000000604,0.10000000000000142,0.1,1.4155343563970746e-15,0.0,11,0,151,83,33.82580681873603,27.738998022449948,42.49090909090945
61.2000000000006,62.078600000000606,0.10000000000000142,0.1,1.4155343563970746e-15,0.0,11,0,151,82,33.59707487647836,27.638998022449947,42.590909090909456
61.3000000000006,62.22600000000061,0.14740000000000464,0.1,0.04740000000000463,0.0,11,0,150,82,37.71525669466019,27.538998022449945,42.69090909090945
61.4000000000006,62.32600000000061,0.10000000000000142,0.1,1.4155343563970746e-15,0.0,11,0,150,83,37.5243476037511,27.438998022449944,42.79090909090945
61.500000000000604,62.42600000000061,0.10000000000000142,0.1,1.4155343563970746e-15,0.0,11,0,151,83,37.29984440927754,27.338998022449942,42.89090909090945
61.600000000000605,62.526000000000614,0.10000000000000142,0.1,1.4155343563970746e-15,0.0,11,0,151,83,37.10893531836845,27.23899802244994,42.990909090909454
61.70000000000061,62.68600000000062,0.1600000000000037,0.1,0.06000000000000369,0.0,11,0,150,83,42.37257168200485,27.13899802244994,43.090909090909456
61.80000000000061,62.78600000000062,0.10000000000000142,0.1,1.4155343563970746e-15,0.0,11,0,150,83,42.18485461833313,27.038998022449938,43.19090909090946
61.90000000000061,62.88600000000062,0.10000000000000142,0.1,1.4155343563970746e-15,0.0,11,0,150,82,41.96153284987475,26.938998022449937,43.29090909090946
62.00000000000061,62.98600000000062,0.10000000000000142,0.1,1.4155343563970746e-15,0.0,11,0,152,82,41.77062375896566,26.838998022449935,43.39090909090946
62.10000000000061,63.086000000000624,0.10000000000000142,0.1,1.4155343563970746e-15,0.0,11,0,152,82,41.44464330036969,26.738998022449934,43.49090909090946
62.200000000000614,63.229200000000624,0.14320000000000022,0.1,0.04320000000000021,0.0,11,0,150,82,45.090097845824246,26.638998022449933,43.59090909090946
62.300000000000615,63.329200000000625,0.10000000000000142,0.1,1.4155343563970746e-15,0.0,11,0,151,82,44.81556745274889,26.53899802244993,43.690909090909464
62.40000000000062,63.42920000000063,0.10000000000000142,0.1,1.4155343563970746e-15,0.0,11,0,152,82,44.52479122733029,26.43899802244993,43.790909090909466
62.50000000000062,63.58920000000063,0.1600000000000037,0.1,0.06000000000000369,0.0,11,0,152,82,49.71779382014731,26.33899802244993,43.89090909090947
62.60000000000062,63.779600000000634,0.1904000000000039,0.1,0.0904000000000039,0.0,11,0,152,82,57.73177397807715,26.238998022449927,43.99090909090947
62.70000000000062,63.879600000000636,0.10000000000000142,0.1,1.4155343563970746e-15,0.0,11,0,152,83,57.547792516071475,26.138998022449925,44.09090909090947
62.80000000000062,63.97960000000064,0.10000000000000142,0.1,1.4155343563970746e-15,0.0,11,0,152,83,57.32675374783201,26.038998022449924,44.19090909090947
62.900000000000624,64.07960000000064,0.10000000000000142,0.1,1.4155343563970746e-15,0.0,11,0,152,83,57.135340334290255,25.938998022449923,44.29090909090947
63.000000000000625,64.17960000000063,0.09999999999999432,0.1,-5.689893001203927e-15,0.0,11,0,153,82,56.946926229837956,25.83899802244992,44.390909090909474
63.10000000000063,64.27960000000063,0.09999999999999432,0.1,-5.689893001203927e-15,0.0,11,0,153,78,56.80084350129086,25.73899802244992,44.490909090909476
63.20000000000063,64.37960000000062,0.09999999999999432,0.1,-5.689893001203927e-15,0.0,11,0,153,79,56.654549360852236,25.63899802244992,44.59090909090948
63.30000000000063,64.47960000000062,0.09999999999999432,0.1,-5.689893001203927e-15,0.0,11,0,154,80,56.50703154671358,25.538998022449917,44.69090909090948
63.40000000000063,64.57960000000061,0.09999999999999432,0.1,-5.689893001203927e-15,0.0,11,0,154,80,56.35988270787521,25.438998022449915,44.79090909090948
63.50000000000063,64.6796000000006,0.09999999999999432,0.1,-5.689893001203927e-15,0.0,11,0,155,80,56.21316992721218,25.338998022449914,44.89090909090948
63.600000000000634,64.7796000000006,0.09999999999999432,0.1,-5.689893001203927e-15,0.0,11,0,156,80,56.067239129925724,25.238998022449913,44.99090909090948
63.700000000000635,64.8796000000006,0.09999999999999432,0.1,-5.689893001203927e-15,0.0,10,0,156,79,61.5223598345519,38.499862297668535,43.22000000000037
63.80000000000064,64.97960000000059,0.09999999999999432,0.1,-5.689893001203927e-15,0.0,10,0,157,79,61.37043829453411,38.399862297668534,43.32000000000037
63.90000000000064,65.07960000000058,0.09999999999999432,0.1,-5.689893001203927e-15,0.0,10,0,157,79,61.21877435873548,38.29986229766853,43.42000000000037
64.00000000000064,65.17960000000058,0.09999999999999432,0.1,-5.689893001203927e-15,0.0,10,0,157,79,61.06716684082553,38.19986229766853,43.52000000000037
64.10000000000063,65.27960000000057,0.09999999999999432,0.1,-5.689893001203927e-15,0.0,10,0,157,79,60.910422737826956,38.09986229766853,43.620000000000374
64.20000000000063,65.37960000000056,0.09999999999999432,0.1,-5.689893001203927e-15,0.0,10,0,159,79,60.745886155963376,37.99986229766853,43.720000000000375
64.30000000000062,65.47960000000056,0.09999999999999432,0.1,-5.689893001203927e-15,0.0,10,0,159,79,60.5892506474721,37.89986229766853,43.82000000000038
64.40000000000062,65.57960000000055,0.09999999999999432,0.1,-5.689893001203927e-15,0.0,9,0,160,79,67.16214617098711,37.799862297668525,42.10000000000035
64.50000000000061,65.67960000000055,0.09999999999999432,0.1,-5.689893001203927e-15,0.0,9,0,160,78,66.99919062860504,37.699862297668524,42.20000000000035
64.6000000000006,65.77960000000054,0.09999999999999432,0.1,-5.689893001203927e-15,0.0,9,0,160,77,66.83656152002317,37.59986229766852,42.300000000000345
64.7000000000006,65.87960000000054,0.09999999999999432,0.1,-5.689893001203927e-15,0.0,9,0,160,77,66.67357334522703,37.49986229766852,42.40000000000035
64.8000000000006,65.97960000000053,0.09999999999999432,0.1,-5.689893001203927e-15,0.0,9,0,160,77,66.51094423664516,37.39986229766852,42.50000000000035
64.90000000000059,66.07960000000053,0.09999999999999432,0.1,-5.689893001203927e-15,0.0,9,0,160,77,66.34791619002709,37.29986229766852,42.60000000000034
65.00000000000058,66.17960000000052,0.09999999999999432,0.1,-5.689893001203927e-15,0.0,9,0,160,76,66.18528708144524,37.19986229766852,42.70000000000035
65.10000000000058,66.27960000000051,0.09999999999999432,0.1,-5.689893001203927e-15,0.0,9,0,161,76,66.02220921688988,37.099862297668516,42.800000000000345
65.20000000000057,66.37960000000051,0.09999999999999432,0.1,-5.689893001203927e-15,0.0,9,0,161,76,65.86665366133433,36.999862297668514,42.90000000000035
65.30000000000057,66.4796000000005,0.09999999999999432,0.1,-5.689893001203927e-15,0.0,9,0,161,75,65.71109810577877,36.89986229766851,43.00000000000035
65.40000000000056,66.5796000000005,0.09999999999999432,0.1,-5.689893001203927e-15,0.0,9,0,162,75,65.55554255022322,36.79986229766851,43.10000000000034
65.50000000000055,66.67960000000049,0.09999999999999432,0.1,-5.689893001203927e-15,0.0,8,0,162,75,73.55835506980847,120.65882274802787,40.67500000000031
65.60000000000055,66.77960000000049,0.09999999999999432,0.1,-5.689893001203927e-15,0.0,8,0,163,76,73.39585506980846,120.05882274802788,40.77500000000031
65.70000000000054,66.87960000000048,0.09999999999999432,0.1,-5.689893001203927e-15,0.0,8,0,163,76,73.23335506980847,119.45882274802788,40.875000000000306
65.80000000000054,66.97960000000047,0.09999999999999432,0.1,-5.689893001203927e-15,0.0,8,0,164,76,73.07085506980847,118.85882274802789,40.97500000000031
65.90000000000053,67.07960000000047,0.09999999999999432,0.1,-5.689893001203927e-15,0.0,8,0,164,75,72.90835506980848,118.2588227480279,41.07500000000031
66.00000000000053,67.17960000000046,0.09999999999999432,0.1,-5.689893001203927e-15,0.0,8,0,165,75,72.74585506980848,117.6588227480279,41.17500000000031
66.10000000000052,67.27960000000046,0.09999999999999432,0.1,-5.689893001203927e-15,0.0,8,0,165,75,72.58335506980848,117.05882274802791,41.275000000000304
66.20000000000051,67.37960000000045,0.09999999999999432,0.1,-5.689893001203927e-15,0.0,8,0,167,75,72.42085506980848,116.45882274802791,41.375000000000306
66.30000000000051,67.53960000000045,0.1599999999999966,0.1,0.059999999999996584,0.0,8,0,166,75,79.75835506980853,120.95203240742158,41.47500000000031
66.4000000000005,67.63960000000044,0.09999999999999432,0.1,-5.689893001203927e-15,0.0,9,0,166,74,67.88942672871869,74.9,36.96666666666694
66.5000000000005,67.73960000000044,0.09999999999999432,0.1,-5.689893001203927e-15,0.0,9,0,166,74,67.56994469296946,74.22339496808205,37.06666666666693
66.60000000000049,67.83960000000043,0.09999999999999432,0.1,-5.689893001203927e-15,0.0,9,0,166,73,67.2770152559753,73.61469201237131,37.16666666666694
66.70000000000049,67.93960000000042,0.09999999999999432,0.1,-5.689893001203927e-15,0.0,9,0,167,74,66.98776538388172,72.99357100464808,37.266666666666936
66.80000000000048,68.03960000000042,0.09999999999999432,0.1,-5.689893001203927e-15,0.0,9,0,167,73,66.69184894042304,72.37140308272771,37.36666666666693
66.90000000000047,68.13960000000041,0.09999999999999432,0.1,-5.689893001203927e-15,0.0,9,0,168,73,66.39718799323022,71.75011653522904,37.46666666666694
67.00000000000047,68.29960000000041,0.1599999999999966,0.1,0.059999999999996584,0.0,9,0,168,73,72.67824647013005,71.04385282681056,37.56666666666693
67.10000000000046,68.42840000000041,0.12879999999999825,0.1,0.028799999999998244,0.0,9,0,169,73,75.51771988764669,70.3317755616971,37.666666666666934
67.20000000000046,68.5284000000004,0.09999999999999432,0.1,-5.689893001203927e-15,0.0,9,0,171,73,75.1553683693695,69.71698968341069,37.766666666666936
67.30000000000045,68.6284000000004,0.09999999999999432,0.1,-5.689893001203927e-15,0.0,9,0,171,73,74.77889122006951,69.1169896834107,37.86666666666693
67.40000000000045,68.80160000000039,0.17319999999999425,0.1,0.07319999999999424,0.0,9,0,169,73,82.57089122006953,112.51503240742157,37.96666666666693
67.50000000000044,68.90160000000039,0.09999999999999432,0.1,-5.689893001203927e-15,0.0,9,0,169,73,82.25567640859724,111.74203240742158,38.06666666666693
67.60000000000043,69.03460000000038,0.13299999999999557,0.1,0.03299999999999556,0.0,9,0,168,73,85.56341964389712,110.96803240742157,38.166666666666934
67.70000000000043,69.13460000000038,0.09999999999999432,0.1,-5.689893001203927e-15,0.0,10,0,168,73,74.19186186298798,74.9,34.45000000000024
67.80000000000042,69.29460000000037,0.1599999999999966,0.1,0.059999999999996584,0.0,10,0,166,73,79.77502422857432,109.41703240742157,34.55000000000024
67.90000000000042,69.39460000000037,0.09999999999999432,0.1,-5.689893001203927e-15,0.0,10,0,166,72,79.4332323963885,108.64003240742157,34.65000000000024
68.00000000000041,69.49460000000036,0.09999999999999432,0.1,-5.689893001203927e-15,0.0,10,0,166,72,79.10691457346482,107.86203240742158,34.75000000000024
68.1000000000004,69.59460000000036,0.09999999999999432,0.1,-5.689893001203927e-15,0.0,10,0,166,72,78.82788519415612,107.08303240742158,34.850000000000236
68.2000000000004,69.69460000000035,0.09999999999999432,0.1,-5.689893001203927e-15,0.0,10,0,166,72,78.56797829858536,106.30303240742158,34.95000000000023
68.3000000000004,69.79460000000034,0.09999999999999432,0.1,-5.689893001203927e-15,0.0,10,0,166,72,78.35203509694914,105.52203240742159,35.05000000000023
68.40000000000039,69.89460000000034,0.09999999999999432,0.1,-5.689893001203927e-15,0.0,10,0,166,72,78.15991349613103,104.7400324074216,35.15000000000023
68.50000000000038,69.99460000000033,0.09999999999999432,0.1,-5.689893001203927e-15,0.0,10,0,166,72,77.97965269572197,103.9570324074216,35.250000000000234
68.60000000000038,70.09460000000033,0.09999999999999432,0.1,-5.689893001203927e-15,0.0,10,0,166,72,77.81125269572198,103.1730324074216,35.350000000000236
68.70000000000037,70.19460000000032,0.09999999999999432,0.1,-5.689893001203927e-15,0.0,10,0,166,72,77.64275269572198,102.3880324074216,35.45000000000023
68.80000000000037,70.29460000000032,0.09999999999999432,0.1,-5.689893001203927e-15,0.0,10,0,167,72,77.47415269572198,101.6020324074216,35.55000000000023
68.90000000000036,70.39460000000031,0.09999999999999432,0.1,-5.689893001203927e-15,0.0,10,0,167,72,77.30545269572198,100.81503240742161,35.65000000000023
69.00000000000036,70.4946000000003,0.09999999999999432,0.1,-5.689893001203927e-15,0.0,10,0,168,71,77.13665269572199,100.02703240742161,35.750000000000234
69.10000000000035,70.5946000000003,0.09999999999999432,0.1,-5.689893001203927e-15,0.0,10,0,168,71,76.967752695722,99.23803240742161,35.850000000000236
69.20000000000034,70.7546000000003,0.1599999999999966,0.1,0.059999999999996584,0.0,10,0,167,71,82.73062933175139,98.44803240742162,35.95000000000023
69.30000000000034,70.91460000000029,0.1599999999999966,0.1,0.059999999999996584,0.0,11,0,166,71,78.1832084834104,74.9,32.78181818181839
69.40000000000033,71.13460000000029,0.21999999999999886,0.1,0.11999999999999886,0.0,12,0,164,70,79.31415075794538,96.86503240742162,30.15000000000019
69.50000000000033,71.29460000000029,0.1599999999999966,0.1,0.059999999999996584,0.0,12,0,163,70,84.00304197819936,109.18674897618125,30.25000000000019
69.60000000000032,71.39460000000028,0.09999999999999432,0.1,-5.689893001203927e-15,0.0,12,0,163,70,83.70095326588617,108.38427686642181,30.350000000000193
69.70000000000032,71.49460000000028,0.09999999999999432,0.1,-5.689893001203927e-15,0.0,12,0,163,70,83.4097593539953,107.74920770324886,30.45000000000019
69.80000000000031,71.59460000000027,0.09999999999999432,0.1,-5.689893001203927e-15,0.0,12,0,163,70,83.1267593539953,107.14920770324886,30.550000000000193
69.9000000000003,71.69460000000026,0.09999999999999432,0.1,-5.689893001203927e-15,0.0,12,0,163,70,82.84367602066197,106.54920770324887,30.65000000000019
70.0000000000003,71.79460000000026,0.09999999999999432,0.1,-5.689893001203927e-15,0.0,12,0,163,70,82.5605093539953,105.94920770324887,30.75000000000019
70.10000000000029,71.93420000000025,0.1395999999999873,0.1,0.039599999999987284,0.0,12,0,163,70,85.57725935399532,105.34920770324888,30.85000000000019
70.20000000000029,72.03420000000024,0.09999999999999432,0.1,-5.689893001203927e-15,0.0,13,0,164,69,76.81946152978531,74.9,28.57692307692325
70.30000000000028,72.13420000000023,0.09999999999999432,0.1,-5.689893001203927e-15,0.0,13,0,165,69,76.50522840665039,74.28849974170612,28.676923076923252
70.40000000000028,72.23420000000023,0.09999999999999432,0.1,-5.689893001203927e-15,0.0,13,0,165,69,76.19052250030714,73.6670998768543,28.77692307692325
70.50000000000027,72.33420000000022,0.09999999999999432,0.1,-5.689893001203927e-15,0.0,13,0,165,69,75.87944524380397,73.04563462870426,28.87692307692325
70.60000000000026,72.43420000000022,0.09999999999999432,0.1,-5.689893001203927e-15,0.0,12,0,165,69,81.87925177029761,87.28303240742166,28.67500000000017
70.70000000000026,72.53420000000021,0.09999999999999432,0.1,-5.689893001203927e-15,0.0,12,0,165,69,81.55287122301092,86.47803240742167,28.775000000000173
70.80000000000025,72.6830000000002,0.14879999999999427,0.1,0.048799999999994265,0.0,12,0,164,69,85.29403788967761,101.14920770324892,28.87500000000017
70.90000000000025,72.7830000000002,0.09999999999999432,0.1,-5.689893001203927e-15,0.0,12,0,163,69,84.96845455634428,100.54920770324892,28.97500000000017
71.00000000000024,72.8830000000002,0.09999999999999432,0.1,-5.689893001203927e-15,0.0,12,0,163,69,84.63656140356152,99.94920770324893,29.07500000000017
71.10000000000024,72.98300000000019,0.09999999999999432,0.1,-5.689893001203927e-15,0.0,12,0,163,69,84.31081140356152,99.34920770324894,29.175000000000168
71.20000000000023,73.08300000000018,0.09999999999999432,0.1,-5.689893001203927e-15,0.0,12,0,164,69,84.01777080264321,98.74920770324894,29.275000000000166
71.30000000000022,73.21780000000018,0.13479999999999848,0.1,0.03479999999999847,0.0,12,0,163,68,86.63352080264322,98.14920770324895,29.375000000000167
71.40000000000022,73.31780000000018,0.09999999999999432,0.1,-5.689893001203927e-15,0.0,12,0,164,68,86.38268910435409,97.54920770324895,29.475000000000165
71.50000000000021,73.47780000000017,0.1599999999999966,0.1,0.059999999999996584,0.0,12,0,163,68,91.0764860001371,117.01070839552465,29.57500000000017
71.60000000000021,73.57780000000017,0.09999999999999432,0.1,-5.689893001203927e-15,0.0,13,0,163,68,81.89366510851879,74.9,27.40000000000015
71.7000000000002,73.73780000000016,0.1599999999999966,0.1,0.059999999999996584,0.0,13,0,163,68,86.1970864190924,78.37303240742169,27.500000000000153
71.8000000000002,73.83780000000016,0.09999999999999432,0.1,-5.689893001203927e-15,0.0,13,0,164,67,85.92662488063085,77.55703240742169,27.600000000000154
71.90000000000019,73.93780000000015,0.09999999999999432,0.1,-5.689893001203927e-15,0.0,13,0,166,67,85.61352508548467,76.7400324074217,27.700000000000152
72.00000000000018,74.03780000000015,0.09999999999999432,0.1,-5.689893001203927e-15,0.0,13,0,166,67,85.34290970086928,75.9220324074217,27.80000000000015
72.10000000000018,74.16960000000014,0.13179999999999836,0.1,0.03179999999999836,0.0,13,0,165,67,87.51837123933082,84.91198993590454,27.90000000000015
72.20000000000017,74.26960000000014,0.09999999999999432,0.1,-5.689893001203927e-15,0.0,13,0,166,67,87.23679221243358,84.44217998914584,28.00000000000015
72.30000000000017,74.36960000000013,0.09999999999999432,0.1,-5.689893001203927e-15,0.0,13,0,167,67,86.94308282670475,83.54495797467085,28.10000000000015
72.40000000000016,74.52960000000013,0.1599999999999966,0.1,0.059999999999996584,0.0,13,0,166,67,91.28754436516631,82.94495797467086,28.200000000000152
72.50000000000016,74.62960000000012,0.09999999999999432,0.1,-5.689893001203927e-15,0.0,14,0,166,67,82.73681684809237,82.34495797467086,26.285714285714423
72.60000000000015,74.72960000000012,0.09999999999999432,0.1,-5.689893001203927e-15,0.0,14,0,165,67,82.41302099310846,81.60072308237505,26.38571428571442
72.70000000000014,74.82960000000011,0.09999999999999432,0.1,-5.689893001203927e-15,0.0,14,0,164,66,82.11837813596561,81.00072308237506,26.485714285714426
72.80000000000014,74.97800000000011,0.1483999999999952,0.1,0.0483999999999952,0.0,14,0,163,66,85.2816813708102,87.21479547228094,26.585714285714424
72.90000000000013,75.10900000000011,0.13100000000000023,0.1,0.031000000000000222,0.0,14,0,162,66,87.20900091618425,103.36622100814424,26.685714285714422
73.00000000000013,75.2090000000001,0.09999999999999432,0.1,-5.689893001203927e-15,0.0,14,0,163,66,86.94934988613288,103.05946580542876,26.78571428571442
73.10000000000012,75.3090000000001,0.09999999999999432,0.1,-5.689893001203927e-15,0.0,14,0,164,65,86.68569295339884,102.42277482165854,26.88571428571442
73.20000000000012,75.40900000000009,0.09999999999999432,0.1,-5.689893001203927e-15,0.0,14,0,164,65,86.42398557372155,101.82277482165854,26.98571428571442
73.30000000000011,75.50900000000009,0.09999999999999432,0.1,-5.689893001203927e-15,0.0,14,0,166,65,86.1641848667882,101.22277482165855,27.08571428571442
73.4000000000001,75.60900000000008,0.09999999999999432,0.1,-5.689893001203927e-15,0.0,14,0,166,65,85.90293432269857,100.62277482165855,27.185714285714422
73.5000000000001,75.70900000000007,0.09999999999999432,0.1,-5.689893001203927e-15,0.0,14,0,166,65,85.6412999991217,100.02277482165856,27.28571428571442
73.6000000000001,75.80900000000007,0.09999999999999432,0.1,-5.689893001203927e-15,0.0,14,0,166,65,85.37910247091371,99.42277482165856,27.385714285714418
73.70000000000009,75.90900000000006,0.09999999999999432,0.1,-5.689893001203927e-15,0.0,14,0,165,66,85.11789018208201,98.82277482165857,27.485714285714415
73.80000000000008,76.00900000000006,0.09999999999999432,0.1,-5.689893001203927e-15,0.0,14,0,165,66,84.8566606286047,98.22277482165858,27.58571428571442
73.90000000000008,76.10900000000005,0.09999999999999432,0.1,-5.689893001203927e-15,0.0,14,0,166,66,84.63028385732996,98.12277482165858,27.68571428571442
74.00000000000007,76.20900000000005,0.09999999999999432,0.1,-5.689893001203927e-15,0.0,14,0,166,66,84.40497103141134,98.02277482165859,27.785714285714416
74.10000000000007,76.30900000000004,0.09999999999999432,0.1,-5.689893001203927e-15,0.0,14,0,166,66,84.17527838024496,97.92277482165859,27.885714285714414
74.20000000000006,76.40900000000003,0.09999999999999432,0.1,-5.689893001203927e-15,0.0,14,0,166,65,83.9464969525163,97.8227748216586,27.985714285714415
74.30000000000005,76.50900000000003,0.09999999999999432,0.1,-5.689893001203927e-15,0.0,14,0,166,65,83.70342068555166,97.7227748216586,28.085714285714413
74.40000000000005,76.60900000000002,0.09999999999999432,0.1,-5.689893001203927e-15,0.0,14,0,166,65,83.47256171051485,97.62277482165861,28.185714285714415
74.50000000000004,76.70900000000002,0.09999999999999432,0.1,-5.689893001203927e-15,0.0,14,0,166,65,83.24247960656092,97.52277482165861,28.285714285714416
74.60000000000004,76.80900000000001,0.09999999999999432,0.1,-5.689893001203927e-15,0.0,14,0,166,65,83.00735015662868,97.42277482165862,28.385714285714414
74.70000000000003,76.909,0.09999999999999432,0.1,-5.689893001203927e-15,0.0,14,0,167,65,82.77734896523634,97.32277482165863,28.485714285714412
74.80000000000003,77.069,0.1599999999999966,0.1,0.059999999999996584,0.0,14,0,168,65,86.82858897558503,113.71070839552483,28.58571428571441
74.90000000000002,77.169,0.09999999999999432,0.1,-5.689893001203927e-15,0.0,14,0,170,65,86.60458892275695,113.61070839552484,28.685714285714415
75.00000000000001,77.329,0.1599999999999966,0.1,0.059999999999996584,0.0,14,0,169,66,90.657302229385,113.51070839552484,28.785714285714413
75.10000000000001,77.42899999999999,0.09999999999999432,0.1,-5.689893001203927e-15,0.0,15,0,169,66,82.72842922126833,92.37070809825678,26.966666666666786
75.2,77.52899999999998,0.09999999999999432,0.1,-5.689893001203927e-15,0.0,15,0,171,66,82.47039557677175,91.70144228039119,27.066666666666784
75.3,77.62899999999998,0.09999999999999432,0.1,-5.689893001203927e-15,0.0,15,0,172,66,82.21712451788592,91.05337639710397,27.16666666666678
75.39999999999999,77.72899999999997,0.09999999999999432,0.1,-5.689893001203927e-15,0.0,15,0,172,65,81.9669911845526,90.45337639710398,27.26666666666678
75.49999999999999,77.82899999999997,0.09999999999999432,0.1,-5.689893001203927e-15,0.0,15,0,172,65,81.7167911845526,89.85337639710399,27.36666666666678
75.59999999999998,77.92899999999996,0.09999999999999432,0.1,-5.689893001203927e-15,0.0,15,0,172,65,81.46652451788594,89.25337639710399,27.46666666666678
75.69999999999997,78.07619999999996,0.147199999999998,0.1,0.047199999999997994,0.0,15,0,171,65,84.36285785121929,88.653376397104,27.56666666666678
75.79999999999997,78.19779999999996,0.12160000000000082,0.1,0.021600000000000813,0.0,16,0,171,64,78.65410588059173,88.053376397104,25.943750000000104
75.89999999999996,78.29779999999995,0.09999999999999432,0.1,-5.689893001203927e-15,0.0,16,0,171,63,78.36097931143392,87.45337639710401,26.043750000000106
75.99999999999996,78.49799999999995,0.20019999999999527,0.1,0.10019999999999527,0.0,16,0,170,63,84.30424836726722,91.05499664009811,26.143750000000104
76.09999999999995,78.59799999999994,0.09999999999999432,0.1,-5.689893001203927e-15,0.0,17,0,171,62,77.59791317256571,86.25337639710402,24.705882352941273
76.19999999999995,78.69799999999994,0.09999999999999432,0.1,-5.689893001203927e-15,0.0,17,0,171,62,77.28713269576907,85.65337639710403,24.80588235294127
76.29999999999994,78.79799999999993,0.09999999999999432,0.1,-5.689893001203927e-15,0.0,17,0,173,62,77.00729301969852,85.25710190390453,24.905882352941273
76.39999999999993,78.89799999999993,0.09999999999999432,0.1,-5.689893001203927e-15,0.0,17,0,173,62,76.75100713056217,85.15710190390453,25.00588235294127
76.49999999999993,78.99799999999992,0.09999999999999432,0.1,-5.689893001203927e-15,0.0,17,0,173,62,76.51788948350335,85.05710190390454,25.105882352941276
76.59999999999992,79.09799999999991,0.09999999999999432,0.1,-5.689893001203927e-15,0.0,17,0,173,62,76.30310491875696,84.95710190390454,25.205882352941273
76.69999999999992,79.19799999999991,0.09999999999999432,0.1,-5.689893001203927e-15,0.0,17,0,173,62,76.09928138934521,84.85710190390455,25.30588235294127
76.79999999999991,79.2979999999999,0.09999999999999432,0.1,-5.689893001203927e-15,0.0,17,0,174,61,75.89539903640403,84.75710190390456,25.405882352941273
76.8999999999999,79.3979999999999,0.09999999999999432,0.1,-5.689893001203927e-15,0.0,17,0,174,61,75.69145785993345,84.65710190390456,25.50588235294127
76.9999999999999,79.49799999999989,0.09999999999999432,0.1,-5.689893001203927e-15,0.0,17,0,174,61,75.48745785993346,84.55710190390457,25.605882352941272
77.0999999999999,79.59799999999989,0.09999999999999432,0.1,-5.689893001203927e-15,0.0,17,0,175,60,75.28339903640405,84.45710190390457,25.70588235294127
77.19999999999989,79.69799999999988,0.09999999999999432,0.1,-5.689893001203927e-15,0.0,17,0,175,60,75.07928138934523,84.35710190390458,25.805882352941268
77.29999999999988,79.79799999999987,0.09999999999999432,0.1,-5.689893001203927e-15,0.0,17,0,177,60,74.875104918757,84.25710190390458,25.90588235294127
77.39999999999988,79.89799999999987,0.09999999999999432,0.1,-5.689893001203927e-15,0.0,17,0,178,60,74.67086962463935,84.15710190390459,26.005882352941267
77.49999999999987,79.99799999999986,0.09999999999999432,0.1,-5.689893001203927e-15,0.0,17,0,178,60,74.4628306848019,84.0571019039046,26.10588235294127
77.59999999999987,80.09799999999986,0.09999999999999432,0.1,-5.689893001203927e-15,0.0,17,0,179,60,74.25389716166895,83.9571019039046,26.205882352941266
77.69999999999986,80.25799999999985,0.1599999999999966,0.1,0.059999999999996584,0.0,17,0,179,60,77.57889716166896,83.8571019039046,26.305882352941268
77.79999999999986,80.35799999999985,0.09999999999999432,0.1,-5.689893001203927e-15,0.0,17,0,179,60,77.37142993976481,83.75710190390461,26.405882352941266
77.89999999999985,80.45799999999984,0.09999999999999432,0.1,-5.689893001203927e-15,0.0,17,0,180,60,77.16064128875784,83.65710190390462,26.505882352941263
77.99999999999984,80.55799999999984,0.09999999999999432,0.1,-5.689893001203927e-15,0.0,17,0,180,60,76.95316905704225,83.55710190390462,26.60588235294127
78.09999999999984,80.65799999999983,0.09999999999999432,0.1,-5.689893001203927e-15,0.0,17,0,180,59,76.74852199821872,83.45710190390463,26.705882352941266
78.19999999999983,80.75799999999983,0.09999999999999432,0.1,-5.689893001203927e-15,0.0,17,0,179,59,76.54381611586578,83.35710190390463,26.805882352941268
78.29999999999983,80.85799999999982,0.09999999999999432,0.1,-5.689893001203927e-15,0.0,17,0,179,58,76.33068117157117,83.25710190390464,26.905882352941266
78.39999999999982,80.95799999999981,0.09999999999999432,0.1,-5.689893001203927e-15,0.0,17,0,179,58,76.12585764215942,83.15710190390465,27.005882352941263
78.49999999999982,81.0967999999998,0.13879999999998915,0.1,0.03879999999998915,0.0,17,0,178,57,78.20332823039472,87.96097932531482,27.105882352941265
78.59999999999981,81.1967999999998,0.09999999999999432,0.1,-5.689893001203927e-15,0.0,17,0,179,58,78.00535222837365,87.86097932531483,27.205882352941263
78.6999999999998,81.29679999999979,0.09999999999999432,0.1,-5.689893001203927e-15,0.0,17,0,179,58,77.79307725141182,87.76097932531484,27.305882352941264
78.7999999999998,81.42959999999978,0.13279999999998893,0.1,0.03279999999998892,0.0,17,0,178,58,79.5174301925883,87.66097932531484,27.405882352941262
78.89999999999979,81.52959999999977,0.09999999999999432,0.1,-5.689893001203927e-15,0.0,17,0,178,58,79.31231254552947,87.56097932531485,27.50588235294126
78.99999999999979,81.68959999999977,0.1599999999999966,0.1,0.059999999999996584,0.0,17,0,177,58,82.6104107760996,87.46097932531485,27.60588235294126
79.09999999999978,81.84959999999977,0.1599999999999966,0.1,0.059999999999996584,0.0,18,0,176,58,79.76599906631631,87.36097932531486,26.172222222222302
79.19999999999978,82.00059999999976,0.15099999999999625,0.1,0.05099999999999624,0.0,18,0,175,58,82.34905087898841,87.26097932531486,26.272222222222304
79.29999999999977,82.12519999999977,0.12460000000000093,0.1,0.024600000000000927,0.0,19,0,174,58,77.7636389528413,84.27991064245633,24.9894736842106
79.39999999999976,82.26959999999976,0.14439999999999031,0.1,0.04439999999999031,0.0,20,0,173,57,74.57716434824547,82.1571019039047,23.84000000000007
79.49999999999976,82.36959999999975,0.09999999999999432,0.1,-5.689893001203927e-15,0.0,20,0,174,57,74.25605980308768,82.05710190390471,23.940000000000072
79.59999999999975,82.46959999999974,0.09999999999999432,0.1,-5.689893001203927e-15,0.0,20,0,174,56,74.00531889557587,81.95710190390471,24.04000000000007
79.69999999999975,82.67999999999974,0.21039999999999281,0.1,0.11039999999999281,0.0,20,0,172,56,79.2855688955759,86.76097932531489,24.14000000000007
79.79999999999974,82.77999999999973,0.09999999999999432,0.1,-5.689893001203927e-15,0.0,20,0,172,55,79.04139168880994,86.6609793253149,24.24000000000007
79.89999999999974,82.93999999999973,0.1599999999999966,0.1,0.059999999999996584,0.0,20,0,171,55,81.8141775581854,86.5609793253149,24.340000000000067
79.99999999999973,83.03999999999972,0.09999999999999432,0.1,-5.689893001203927e-15,0.0,21,0,170,56,76.47357418915992,81.55710190390474,23.28095238095245
80.09999999999972,83.13999999999972,0.09999999999999432,0.1,-5.689893001203927e-15,0.0,21,0,169,56,76.19811345704105,81.45710190390474,23.380952380952447
80.19999999999972,83.34579999999971,0.20579999999999643,0.1,0.10579999999999642,0.0,21,0,166,56,80.99965275617917,83.46742759387075,23.480952380952445
80.29999999999971,83.4457999999997,0.09999999999999432,0.1,-5.689893001203927e-15,0.0,22,0,166,56,75.94463526874004,81.25710190390475,22.513636363636422
80.39999999999971,83.5457999999997,0.09999999999999432,0.1,-5.689893001203927e-15,0.0,22,0,166,55,75.6825053356611,81.15710190390476,22.613636363636424
80.4999999999997,83.6457999999997,0.09999999999999432,0.1,-5.689893001203927e-15,0.0,22,0,166,55,75.43191729155419,81.05710190390477,22.71363636363642
80.5999999999997,83.8657999999997,0.21999999999999886,0.1,0.11999999999999886,0.0,22,0,164,55,80.63236164173566,83.06742759387078,22.813636363636423
80.69999999999969,84.02579999999969,0.1599999999999966,0.1,0.059999999999996584,0.0,23,0,163,55,78.40415065148107,80.85710190390478,21.921739130434837
80.79999999999968,84.15359999999968,0.12779999999999347,0.1,0.02779999999999347,0.0,23,0,163,55,79.32385299648654,80.75710190390478,22.021739130434838
80.89999999999968,84.25359999999968,0.09999999999999432,0.1,-5.689893001203927e-15,0.0,23,0,163,55,78.00343991670428,74.9,18.613043478260938
80.99999999999967,84.35359999999967,0.09999999999999432,0.1,-5.689893001203927e-15,0.0,23,0,162,55,77.71848935559505,74.19022613518298,18.71304347826094
81.09999999999967,84.50439999999966,0.1507999999999896,0.1,0.050799999999989603,0.0,23,0,162,55,79.67501109472549,73.59022613518299,18.813043478260937
81.19999999999966,84.60439999999966,0.09999999999999432,0.1,-5.689893001203927e-15,0.0,24,0,161,55,75.06771896577861,72.990226135183,18.12916666666673
81.29999999999966,84.76399999999965,0.15959999999999752,0.1,0.059599999999997516,0.0,24,0,160,56,77.27547268108887,74.15382858408331,18.229166666666732
81.39999999999965,84.86399999999965,0.09999999999999432,0.1,-5.689893001203927e-15,0.0,24,0,161,56,77.00651957073532,73.46205181887564,18.32916666666673
81.49999999999964,85.01299999999965,0.1490000000000009,0.1,0.049000000000000904,0.0,24,0,161,56,78.78502523358969,80.05710190390482,18.429166666666728
81.59999999999964,85.11299999999964,0.09999999999999432,0.1,-5.689893001203927e-15,0.0,24,0,161,56,78.53675627347917,79.95710190390483,18.52916666666673
81.69999999999963,85.24079999999964,0.12779999999999347,0.1,0.02779999999999347,0.0,24,0,160,56,79.44462438020444,81.96742759387084,18.62916666666673
81.79999999999963,85.36939999999963,0.1285999999999916,0.1,0.028599999999991604,0.0,24,0,158,56,80.40660194157154,81.86742759387084,18.72916666666673
81.89999999999962,85.46939999999962,0.09999999999999432,0.1,-5.689893001203927e-15,0.0,24,0,158,56,80.16865027818146,81.76742759387085,18.829166666666726
81.99999999999962,85.62939999999962,0.1599999999999966,0.1,0.059999999999996584,0.0,24,0,156,56,82.42713886754211,81.66742759387085,18.929166666666728
82.09999999999961,85.77299999999961,0.14359999999999218,0.1,0.04359999999999217,0.0,25,0,156,56,79.65580756730363,75.23608918213893,18.27200000000006
82.1999999999996,85.8729999999996,0.09999999999999432,0.1,-5.689893001203927e-15,0.0,26,0,156,56,75.37627703062122,74.9,17.669230769230825
82.2999999999996,86.0929999999996,0.21999999999999886,0.1,0.11999999999999886,0.0,26,0,154,56,79.70970530666581,79.25710190390487,17.769230769230823
82.3999999999996,86.1929999999996,0.09999999999999432,0.1,-5.689893001203927e-15,0.0,26,0,154,56,79.454164122133,79.15710190390487,17.869230769230825
82.49999999999959,86.3529999999996,0.1599999999999966,0.1,0.059999999999996584,0.0,26,0,153,56,81.50135778229485,79.05710190390488,17.969230769230823
82.59999999999958,86.45299999999959,0.09999999999999432,0.1,-5.689893001203927e-15,0.0,26,0,154,57,81.22332979205785,78.95710190390488,18.069230769230824
82.69999999999958,86.55299999999959,0.09999999999999432,0.1,-5.689893001203927e-15,0.0,26,0,156,56,80.9613941029466,78.85710190390489,18.169230769230822
82.79999999999957,86.65299999999958,0.09999999999999432,0.1,-5.689893001203927e-15,0.0,26,0,156,56,80.74130236396363,78.7571019039049,18.269230769230823
82.89999999999957,86.75299999999957,0.09999999999999432,0.1,-5.689893001203927e-15,0.0,26,0,156,56,80.49951075282527,78.6571019039049,18.36923076923082
82.99999999999956,86.91299999999957,0.1599999999999966,0.1,0.059999999999996584,0.0,26,0,156,56,82.58989209084052,80.66742759387091,18.469230769230823
83.09999999999955,87.07299999999957,0.1599999999999966,0.1,0.059999999999996584,0.0,26,0,155,56,84.67842281453683,81.79528964527206,18.56923076923082
83.19999999999955,87.17299999999956,0.09999999999999432,0.1,-5.689893001203927e-15,0.0,26,0,155,56,84.45894261620622,81.1615142472507,18.669230769230822
83.29999999999954,87.27299999999956,0.09999999999999432,0.1,-5.689893001203927e-15,0.0,26,0,155,56,84.23958588358654,80.5615142472507,18.769230769230823
83.39999999999954,87.43299999999955,0.1599999999999966,0.1,0.059999999999996584,0.0,26,0,154,57,86.33288260586106,80.26742759387093,18.86923076923082
83.49999999999953,87.59299999999955,0.1599999999999966,0.1,0.059999999999996584,0.0,27,0,154,56,84.23028907933173,80.16742759387094,18.27037037037042
83.59999999999953,87.69299999999954,0.09999999999999432,0.1,-5.689893001203927e-15,0.0,27,0,154,55,84.01186598867181,80.06742759387095,18.37037037037042
83.69999999999952,87.85299999999954,0.1599999999999966,0.1,0.059999999999996584,0.0,27,0,153,56,86.01211037213655,79.96742759387095,18.470370370370418
83.79999999999951,87.95299999999953,0.09999999999999432,0.1,-5.689893001203927e-15,0.0,27,0,153,56,85.78639543290971,79.86742759387096,18.57037037037042
83.89999999999951,88.05299999999953,0.09999999999999432,0.1,-5.689893001203927e-15,0.0,27,0,154,56,85.57045646655064,79.76742759387096,18.67037037037042
83.9999999999995,88.21299999999952,0.1599999999999966,0.1,0.059999999999996584,0.0,27,0,153,56,87.5927337117811,79.66742759387097,18.77037037037042
84.0999999999995,88.31299999999952,0.09999999999999432,0.1,-5.689893001203927e-15,0.0,28,0,153,56,83.35654489177662,79.56742759387097,18.200000000000045
84.19999999999949,88.41299999999951,0.09999999999999432,0.1,-5.689893001203927e-15,0.0,28,0,152,56,83.13080461083244,79.46742759387098,18.300000000000047
84.29999999999949,88.51299999999951,0.09999999999999432,0.1,-5.689893001203927e-15,0.0,28,0,152,56,82.93941455857143,79.36742759387099,18.400000000000045
84.39999999999948,88.6729999999995,0.1599999999999966,0.1,0.059999999999996584,0.0,28,0,152,57,84.90230488337556,83.07674224452978,18.500000000000046
84.49999999999947,88.7729999999995,0.09999999999999432,0.1,-5.689893001203927e-15,0.0,28,0,152,57,84.72687634416654,82.97674224452979,18.600000000000048
84.59999999999947,88.9329999999995,0.1599999999999966,0.1,0.059999999999996584,0.0,28,0,153,57,86.6894017439934,87.42277482165919,18.700000000000045
84.69999999999946,89.03299999999949,0.09999999999999432,0.1,-5.689893001203927e-15,0.0,28,0,153,57,86.51738945650565,87.3227748216592,18.800000000000043
84.79999999999946,89.13299999999948,0.09999999999999432,0.1,-5.689893001203927e-15,0.0,28,0,154,56,86.34453347347463,87.2227748216592,18.900000000000045
84.89999999999945,89.23299999999948,0.09999999999999432,0.1,-5.689893001203927e-15,0.0,28,0,153,56,86.17088875416361,87.1227748216592,19.000000000000046
84.99999999999945,89.33299999999947,0.09999999999999432,0.1,-5.689893001203927e-15,0.0,28,0,153,56,85.97299996297541,87.02277482165921,19.100000000000044
85.09999999999944,89.43299999999947,0.09999999999999432,0.1,-5.689893001203927e-15,0.0,28,0,153,56,85.78258337723277,86.92277482165922,19.200000000000045
85.19999999999943,89.53299999999946,0.09999999999999432,0.1,-5.689893001203927e-15,0.0,28,0,153,56,85.5916373845406,86.82277482165922,19.300000000000043
85.29999999999943,89.65459999999946,0.12160000000000082,0.1,0.021600000000000813,0.0,28,0,153,56,86.1718285252987,86.72277482165923,19.40000000000004
85.39999999999942,89.75459999999946,0.09999999999999432,0.1,-5.689893001203927e-15,0.0,29,0,153,56,82.15648004292053,78.26742759387105,18.83103448275866
85.49999999999942,89.85459999999945,0.09999999999999432,0.1,-5.689893001203927e-15,0.0,29,0,153,56,81.94616972478997,78.16742759387105,18.931034482758665
85.59999999999941,89.95459999999945,0.09999999999999432,0.1,-5.689893001203927e-15,0.0,29,0,153,56,81.74034849475123,78.06742759387106,19.031034482758663
85.6999999999994,90.05459999999944,0.09999999999999432,0.1,-5.689893001203927e-15,0.0,29,0,153,55,81.53600285979009,77.96742759387107,19.13103448275866
85.7999999999994,90.15459999999943,0.09999999999999432,0.1,-5.689893001203927e-15,0.0,29,0,154,56,81.33086282983174,77.86742759387107,19.231034482758663
85.8999999999994,90.25459999999943,0.09999999999999432,0.1,-5.689893001203927e-15,0.0,29,0,153,56,81.12598706131027,77.76742759387108,19.33103448275866
85.99999999999939,90.35459999999942,0.09999999999999432,0.1,-5.689893001203927e-15,0.0,29,0,153,56,80.89102536778714,77.66742759387108,19.43103448275866
86.09999999999938,90.45459999999942,0.09999999999999432,0.1,-5.689893001203927e-15,0.0,29,0,153,55,80.65736865337735,77.56742759387109,19.53103448275866
86.19999999999938,90.55459999999941,0.09999999999999432,0.1,-5.689893001203927e-15,0.0,29,0,153,55,80.42264914240812,77.4674275938711,19.63103448275866
86.29999999999937,90.6545999999994,0.09999999999999432,0.1,-5.689893001203927e-15,0.0,29,0,153,55,80.18750897524853,77.3674275938711,19.731034482758663
86.39999999999937,90.7545999999994,0.09999999999999432,0.1,-5.689893001203927e-15,0.0,29,0,153,55,79.95229724651084,77.2674275938711,19.83103448275866
86.49999999999936,90.8545999999994,0.09999999999999432,0.1,-5.689893001203927e-15,0.0,29,0,152,54,79.71684954903765,77.16742759387111,19.93103448275866
86.59999999999935,90.95459999999939,0.09999999999999432,0.1,-5.689893001203927e-15,0.0,29,0,153,54,79.48168515468224,77.06742759387112,20.03103448275866
86.69999999999935,91.05459999999938,0.09999999999999432,0.1,-5.689893001203927e-15,0.0,29,0,153,53,79.24669600057777,76.96742759387112,20.131034482758658
86.79999999999934,91.15459999999938,0.09999999999999432,0.1,-5.689893001203927e-15,0.0,29,0,154,53,79.01798001948667,76.86742759387113,20.231034482758663
86.89999999999934,91.25459999999937,0.09999999999999432,0.1,-5.689893001203927e-15,0.0,29,0,154,53,78.79316552446174,76.76742759387113,20.33103448275866
86.99999999999933,91.35459999999937,0.09999999999999432,0.1,-5.689893001203927e-15,0.0,29,0,153,54,78.57131025731137,76.66742759387114,20.43103448275866
87.09999999999933,91.45459999999936,0.09999999999999432,0.1,-5.689893001203927e-15,0.0,29,0,153,54,78.35342993819773,76.56742759387114,20.53103448275866
87.19999999999932,91.55459999999935,0.09999999999999432,0.1,-5.689893001203927e-15,0.0,29,0,153,54,78.13425725625201,76.46742759387115,20.631034482758658
87.29999999999932,91.65459999999935,0.09999999999999432,0.1,-5.689893001203927e-15,0.0,29,0,153,54,77.91481574439203,76.36742759387116,20.73103448275866
87.39999999999931,91.75459999999934,0.09999999999999432,0.1,-5.689893001203927e-15,0.0,29,0,153,54,77.69511682630223,76.26742759387116,20.83103448275866
87.4999999999993,91.85459999999934,0.09999999999999432,0.1,-5.689893001203927e-15,0.0,29,0,152,55,77.47760466093365,76.16742759387117,20.93103448275866
87.5999999999993,91.95459999999933,0.09999999999999432,0.1,-5.689893001203927e-15,0.0,29,0,152,55,77.25998277792098,76.06742759387117,21.03103448275866
87.69999999999929,92.05459999999933,0.09999999999999432,0.1,-5.689893001203927e-15,0.0,29,0,151,55,77.04145423752814,75.96742759387118,21.131034482758658
87.79999999999929,92.15459999999932,0.09999999999999432,0.1,-5.689893001203927e-15,0.0,29,0,152,54,76.82385743536007,75.86742759387118,21.23103448275866
87.89999999999928,92.25459999999931,0.09999999999999432,0.1,-5.689893001203927e-15,0.0,29,0,153,54,76.60585073854467,75.76742759387119,21.331034482758657
87.99999999999928,92.35459999999931,0.09999999999999432,0.1,-5.689893001203927e-15,0.0,29,0,153,54,76.36416696267692,75.6674275938712,21.43103448275866
88.09999999999927,92.4545999999993,0.09999999999999432,0.1,-5.689893001203927e-15,0.0,29,0,153,54,76.13085901173184,75.5674275938712,21.53103448275866
88.19999999999926,92.5545999999993,0.09999999999999432,0.1,-5.689893001203927e-15,0.0,29,0,153,54,75.89839221945583,75.46742759387121,21.631034482758658
88.29999999999926,92.65459999999929,0.09999999999999432,0.1,-5.689893001203927e-15,0.0,29,0,153,54,75.67439820503958,75.36742759387121,21.73103448275866
88.39999999999925,92.75459999999929,0.09999999999999432,0.1,-5.689893001203927e-15,0.0,29,0,153,54,75.45470289040757,75.26742759387122,21.831034482758657
88.49999999999925,92.88079999999928,0.1261999999999972,0.1,0.026199999999997198,0.0,29,0,153,54,76.13963419129708,75.16742759387122,21.93103448275866
88.59999999999924,92.98079999999928,0.09999999999999432,0.1,-5.689893001203927e-15,0.0,29,0,153,54,75.92375642411743,75.06742759387123,22.03103448275866
88.69999999999924,93.08079999999927,0.09999999999999432,0.1,-5.689893001203927e-15,0.0,29,0,153,54,75.70652606674211,74.96742759387124,22.131034482758658
88.79999999999923,93.18079999999927,0.09999999999999432,0.1,-5.689893001203927e-15,0.0,29,0,153,54,75.48984768752187,74.86742759387124,22.23103448275866
88.89999999999922,93.28079999999926,0.09999999999999432,0.1,-5.689893001203927e-15,0.0,28,0,153,55,77.96761720564697,76.31373210926273,21.039285714285732
88.99999999999922,93.38079999999925,0.09999999999999432,0.1,-5.689893001203927e-15,0.0,28,0,153,55,77.74739859684634,75.6997718938318,21.139285714285734
89.09999999999921,93.54079999999925,0.1599999999999966,0.1,0.059999999999996584,0.0,28,0,153,54,79.67023630446423,78.37674224453005,21.23928571428573
89.1999999999992,93.64079999999925,0.09999999999999432,0.1,-5.689893001203927e-15,0.0,28,0,153,53,79.44727150388191,78.27674224453006,21.33928571428573
89.2999999999992,93.74079999999924,0.09999999999999432,0.1,-5.689893001203927e-15,0.0,28,0,153,53,79.2239802031551,78.17674224453006,21.439285714285734
89.3999999999992,93.84079999999923,0.09999999999999432,0.1,-5.689893001203927e-15,0.0,28,0,154,53,79.00342532159303,77.63585156813251,21.539285714285732
89.49999999999919,93.94079999999923,0.09999999999999432,0.1,-5.689893001203927e-15,0.0,28,0,154,53,78.78352006238413,77.02005058518387,21.63928571428573
89.59999999999918,94.04079999999922,0.09999999999999432,0.1,-5.689893001203927e-15,0.0,28,0,154,53,78.56324706505634,76.41699761791673,21.73928571428573
89.69999999999918,94.14079999999922,0.09999999999999432,0.1,-5.689893001203927e-15,0.0,28,0,154,53,78.34168486638897,75.79723303250785,21.83928571428573
89.79999999999917,94.24079999999921,0.09999999999999432,0.1,-5.689893001203927e-15,0.0,28,0,155,53,78.12128897352831,75.18786917530011,21.939285714285727
89.89999999999917,94.3407999999992,0.09999999999999432,0.1,-5.689893001203927e-15,0.0,28,0,155,53,77.90060010368131,74.58676916669639,22.039285714285732
89.99999999999916,94.4407999999992,0.09999999999999432,0.1,-5.689893001203927e-15,0.0,28,0,154,53,77.67957864812287,73.97380855811244,22.13928571428573
90.09999999999916,94.5407999999992,0.09999999999999432,0.1,-5.689893001203927e-15,0.0,28,0,155,53,77.3716754316803,73.56742759387132,22.239285714285728
90.19999999999915,94.64079999999919,0.09999999999999432,0.1,-5.689893001203927e-15,0.0,28,0,156,54,77.09741013091727,73.46742759387132,22.33928571428573
90.29999999999914,94.74079999999918,0.09999999999999432,0.1,-5.689893001203927e-15,0.0,28,0,155,54,76.82364191781599,73.36742759387133,22.439285714285727
90.39999999999914,94.84079999999918,0.09999999999999432,0.1,-5.689893001203927e-15,0.0,28,0,155,53,76.54964403193472,73.26742759387133,22.53928571428573
90.49999999999913,94.94079999999917,0.09999999999999432,0.1,-5.689893001203927e-15,0.0,28,0,155,54,76.27531181089186,73.16742759387134,22.63928571428573
90.59999999999913,95.06819999999917,0.1273999999999944,0.1,0.0273999999999944,0.0,28,0,154,54,76.97956187149859,73.06742759387134,22.739285714285728
90.69999999999912,95.16819999999916,0.09999999999999432,0.1,-5.689893001203927e-15,0.0,28,0,154,54,76.70455950946862,72.96742759387135,22.839285714285726
90.79999999999912,95.26819999999915,0.09999999999999432,0.1,-5.689893001203927e-15,0.0,28,0,154,54,76.39382877374635,72.86742759387135,22.939285714285727
90.89999999999911,95.36819999999915,0.09999999999999432,0.1,-5.689893001203927e-15,0.0,28,0,153,54,76.0996671586256,72.76742759387136,23.03928571428573
90.9999999999991,95.46819999999914,0.09999999999999432,0.1,-5.689893001203927e-15,0.0,28,0,152,55,75.80445772003672,72.66742759387137,23.139285714285727
91.0999999999991,95.58999999999914,0.12179999999999325,0.1,0.02179999999999324,0.0,28,0,151,54,76.28821492959919,72.56742759387137,23.239285714285725
91.1999999999991,95.68999999999913,0.09999999999999432,0.1,-5.689893001203927e-15,0.0,28,0,150,54,75.99623572322754,72.46742759387138,23.339285714285726
91.29999999999909,95.83659999999912,0.1465999999999923,0.1,0.046599999999992286,0.0,28,0,149,55,77.3565494730634,72.36742759387138,23.439285714285724
91.39999999999908,95.93659999999912,0.09999999999999432,0.1,-5.689893001203927e-15,0.0,29,0,149,55,73.53856956151144,70.15710190390539,22.73103448275863
91.49999999999908,96.03659999999911,0.09999999999999432,0.1,-5.689893001203927e-15,0.0,29,0,149,55,73.23255866941699,70.05710190390539,22.83103448275863
91.59999999999907,96.1365999999991,0.09999999999999432,0.1,-5.689893001203927e-15,0.0,29,0,149,55,72.92396675972194,69.9571019039054,22.93103448275863
91.69999999999906,96.2365999999991,0.09999999999999432,0.1,-5.689893001203927e-15,0.0,29,0,149,55,72.61607988253876,69.8571019039054,23.03103448275863
91.79999999999906,96.3601999999991,0.12359999999999616,0.1,0.023599999999996152,0.0,29,0,148,56,73.12435986895052,69.75710190390541,23.13103448275863
91.89999999999905,96.46019999999909,0.09999999999999432,0.1,-5.689893001203927e-15,0.0,29,0,147,57,72.82356098924112,69.65710190390541,23.23103448275863
91.99999999999905,96.56019999999909,0.09999999999999432,0.1,-5.689893001203927e-15,0.0,29,0,147,58,72.51698673491886,69.55710190390542,23.33103448275863
92.09999999999904,96.66019999999908,0.09999999999999432,0.1,-5.689893001203927e-15,0.0,29,0,146,59,72.22833652382802,69.45710190390542,23.43103448275863
92.19999999999904,96.76019999999907,0.09999999999999432,0.1,-5.689893001203927e-15,0.0,29,0,146,59,71.94756469822917,68.76393288909999,23.531034482758628
92.29999999999903,96.86019999999907,0.09999999999999432,0.1,-5.689893001203927e-15,0.0,29,0,147,59,71.67938135935607,67.7419328891,23.631034482758626
92.39999999999903,96.96019999999906,0.09999999999999432,0.1,-5.689893001203927e-15,0.0,29,0,147,59,71.42027827935559,66.71893288910002,23.731034482758627
92.49999999999902,97.06019999999906,0.09999999999999432,0.1,-5.689893001203927e-15,0.0,29,0,148,59,71.1657768692148,65.69493288910003,23.831034482758625
92.59999999999901,97.16019999999905,0.09999999999999432,0.1,-5.689893001203927e-15,0.0,29,0,148,60,70.90958105929025,64.66993288910004,23.931034482758626
92.69999999999901,97.26019999999905,0.09999999999999432,0.1,-5.689893001203927e-15,0.0,29,0,147,60,70.65427416406689,63.64393288910006,24.031034482758624
92.799999999999,97.36019999999904,0.09999999999999432,0.1,-5.689893001203927e-15,0.0,29,0,147,60,70.39998965984906,62.61693288910006,24.131034482758626
92.899999999999,97.46019999999903,0.09999999999999432,0.1,-5.689893001203927e-15,0.0,29,0,147,61,70.14564188270701,61.58893288910007,24.231034482758627
92.99999999999899,97.56019999999903,0.09999999999999432,0.1,-5.689893001203927e-15,0.0,29,0,147,61,69.89316141544244,61.024097559857154,24.331034482758625
93.09999999999899,97.66019999999902,0.09999999999999432,0.1,-5.689893001203927e-15,0.0,29,0,147,61,69.64240942895229,60.92409755985715,24.431034482758626
93.19999999999898,97.76019999999902,0.09999999999999432,0.1,-5.689893001203927e-15,0.0,29,0,147,62,69.39053910113205,60.82409755985715,24.531034482758624
93.29999999999897,97.86019999999901,0.09999999999999432,0.1,-5.689893001203927e-15,0.0,29,0,147,62,69.09733646193341,60.72409755985715,24.631034482758622
93.39999999999897,98.00519999999901,0.14499999999999602,0.1,0.044999999999996015,0.0,29,0,147,62,70.36180771112804,60.62409755985715,24.731034482758623
93.49999999999896,98.105199999999,0.09999999999999432,0.1,-5.689893001203927e-15,0.0,30,0,146,63,66.89765242040694,60.52409755985715,24.006666666666668
93.59999999999896,98.314599999999,0.20940000000000225,0.1,0.10940000000000225,0.0,30,0,144,63,70.2216413085744,61.606222446668184,24.10666666666667
93.69999999999895,98.414599999999,0.09999999999999432,0.1,-5.689893001203927e-15,0.0,30,0,145,63,69.91240941325968,61.00622244666818,24.206666666666667
93.79999999999895,98.51459999999899,0.09999999999999432,0.1,-5.689893001203927e-15,0.0,30,0,145,62,69.63120953725051,60.40622244666818,24.30666666666667
93.89999999999894,98.67459999999899,0.1599999999999966,0.1,0.059999999999996584,0.0,30,0,144,63,71.35029335563544,67.65710190390553,24.40666666666667
93.99999999999893,98.77459999999898,0.09999999999999432,0.1,-5.689893001203927e-15,0.0,30,0,143,63,71.07242050242793,67.55710190390553,24.506666666666668
94.09999999999893,98.87459999999898,0.09999999999999432,0.1,-5.689893001203927e-15,0.0,30,0,143,63,70.79109140019095,67.45710190390554,24.606666666666666
94.19999999999892,98.97459999999897,0.09999999999999432,0.1,-5.689893001203927e-15,0.0,30,0,143,64,70.50454300434117,67.35710190390554,24.706666666666663
94.29999999999892,99.07459999999897,0.09999999999999432,0.1,-5.689893001203927e-15,0.0,30,0,143,63,70.21802799788993,67.25710190390555,24.806666666666665
94.39999999999891,99.17459999999896,0.09999999999999432,0.1,-5.689893001203927e-15,0.0,30,0,143,63,69.93250570566165,67.15710190390556,24.906666666666663
94.4999999999989,99.27459999999896,0.09999999999999432,0.1,-5.689893001203927e-15,0.0,30,0,144,63,69.64681419048321,67.05710190390556,25.006666666666664
94.5999999999989,99.37459999999895,0.09999999999999432,0.1,-5.689893001203927e-15,0.0,30,0,145,64,69.36363449324485,66.95710190390557,25.106666666666666
94.6999999999989,99.47459999999894,0.09999999999999432,0.1,-5.689893001203927e-15,0.0,30,0,144,64,69.08117220919878,66.85710190390557,25.206666666666663
94.79999999999889,99.57459999999894,0.09999999999999432,0.1,-5.689893001203927e-15,0.0,30,0,144,64,68.79853683767581,66.75710190390558,25.306666666666665
94.89999999999888,99.67459999999893,0.09999999999999432,0.1,-5.689893001203927e-15,0.0,30,0,143,64,68.51646671387181,66.65710190390558,25.406666666666663
94.99999999999888,99.77459999999893,0.09999999999999432,0.1,-5.689893001203927e-15,0.0,30,0,142,64,68.20959162174967,66.55710190390559,25.506666666666664
95.09999999999887,99.87459999999892,0.09999999999999432,0.1,-5.689893001203927e-15,0.0,30,0,142,64,67.90219447327107,66.4571019039056,25.606666666666662
95.19999999999887,99.97459999999892,0.09999999999999432,0.1,-5.689893001203927e-15,0.0,30,0,142,64,67.59451407938765,66.3571019039056,25.70666666666666
95.29999999999886,100.07459999999891,0.09999999999999432,0.1,-5.689893001203927e-15,0.0,30,0,142,64,67.28650657167587,66.1392723316036,25.80666666666666
95.39999999999885,100.1745999999989,0.09999999999999432,0.1,-5.689893001203927e-15,0.0,30,0,142,64,66.97956791566622,65.5273129230826,25.90666666666666
95.49999999999885,100.2745999999989,0.09999999999999432,0.1,-5.689893001203927e-15,0.0,30,0,142,63,66.67013744473714,64.91567210873184,26.00666666666666
95.59999999999884,100.37459999999889,0.09999999999999432,0.1,-5.689893001203927e-15,0.0,30,0,142,63,66.36536166144165,64.31219276544684,26.106666666666662
95.69999999999884,100.47459999999889,0.09999999999999432,0.1,-5.689893001203927e-15,0.0,30,0,142,63,66.00113344421096,63.706793142910705,26.20666666666666
95.79999999999883,100.57459999999888,0.09999999999999432,0.1,-5.689893001203927e-15,0.0,30,0,142,63,65.64257496428576,63.08915668891065,26.30666666666666
95.89999999999883,100.67459999999888,0.09999999999999432,0.1,-5.689893001203927e-15,0.0,30,0,142,63,65.28177560451142,62.48565573157936,26.40666666666666
95.99999999999882,100.77459999999887,0.09999999999999432,0.1,-5.689893001203927e-15,0.0,30,0,142,63,64.91581775170621,61.86738608515531,26.50666666666666
96.09999999999881,100.87459999999886,0.09999999999999432,0.1,-5.689893001203927e-15,0.0,30,0,142,63,64.5474501077397,61.26204651373014,26.606666666666662
96.19999999999881,100.97459999999886,0.09999999999999432,0.1,-5.689893001203927e-15,0.0,29,0,141,63,66.4066478413392,60.6448241959641,27.203448275862065
96.2999999999988,101.07459999999885,0.09999999999999432,0.1,-5.689893001203927e-15,0.0,29,0,141,63,66.05746109019586,60.038213597239334,27.303448275862063
96.3999999999988,101.17459999999885,0.09999999999999432,0.1,-5.689893001203927e-15,0.0,29,0,141,63,65.70669642707759,59.39495525661093,27.40344827586206
96.49999999999879,101.27459999999884,0.09999999999999432,0.1,-5.689893001203927e-15,0.0,29,0,139,63,65.35193771726561,58.74478893367992,27.503448275862063
96.59999999999879,101.37459999999884,0.09999999999999432,0.1,-5.689893001203927e-15,0.0,29,0,139,64,65.00145064929762,58.137232837563616,27.60344827586206
96.69999999999878,101.47459999999883,0.09999999999999432,0.1,-5.689893001203927e-15,0.0,29,0,139,64,64.65086754285961,57.53650307599631,27.703448275862062
96.79999999999878,101.57459999999882,0.09999999999999432,0.1,-5.689893001203927e-15,0.0,29,0,140,64,64.29982725595504,57.2240975598571,27.803448275862063
96.89999999999877,101.67459999999882,0.09999999999999432,0.1,-5.689893001203927e-15,0.0,29,0,139,64,63.96208341755478,57.1240975598571,27.90344827586206
96.99999999999876,101.77459999999881,0.09999999999999432,0.1,-5.689893001203927e-15,0.0,29,0,139,65,63.645707685886265,57.0240975598571,28.003448275862063
97.09999999999876,101.87459999999881,0.09999999999999432,0.1,-5.689893001203927e-15,0.0,29,0,139,65,63.32988729819495,56.924097559857096,28.10344827586206
97.19999999999875,101.9745999999988,0.09999999999999432,0.1,-5.689893001203927e-15,0.0,29,0,139,65,63.01423292920463,56.824097559857094,28.203448275862062
97.29999999999875,102.0745999999988,0.09999999999999432,0.1,-5.689893001203927e-15,0.0,29,0,139,65,62.70050496477035,56.72409755985709,28.303448275862063
97.39999999999874,102.17459999999879,0.09999999999999432,0.1,-5.689893001203927e-15,0.0,29,0,139,64,62.39824762425498,56.62409755985709,28.40344827586206
97.49999999999874,102.33459999999879,0.1599999999999966,0.1,0.059999999999996584,0.0,29,0,138,63,64.16835200774044,56.52409755985709,28.503448275862063
97.59999999999873,102.43459999999878,0.09999999999999432,0.1,-5.689893001203927e-15,0.0,29,0,138,63,63.863360861234334,56.42409755985709,28.60344827586206
97.69999999999872,102.53459999999878,0.09999999999999432,0.1,-5.689893001203927e-15,0.0,29,0,138,62,63.55852773407224,56.32409755985709,28.703448275862065
97.79999999999872,102.63459999999877,0.09999999999999432,0.1,-5.689893001203927e-15,0.0,29,0,138,62,63.26054134589858,56.224097559857086,28.803448275862063
97.89999999999871,102.73459999999876,0.09999999999999432,0.1,-5.689893001203927e-15,0.0,29,0,137,62,62.96212228526947,56.124097559857084,28.90344827586206
97.9999999999987,102.83459999999876,0.09999999999999432,0.1,-5.689893001203927e-15,0.0,29,0,137,63,62.66551275471802,56.02409755985708,29.003448275862063
98.0999999999987,102.93459999999875,0.09999999999999432,0.1,-5.689893001203927e-15,0.0,29,0,138,63,62.36865510381538,55.444975915411646,29.10344827586206
98.1999999999987,103.03459999999875,0.09999999999999432,0.1,-5.689893001203927e-15,0.0,29,0,139,64,62.070340074476555,55.344975915411645,29.203448275862065
98.29999999999869,103.13459999999874,0.09999999999999432,0.1,-5.689893001203927e-15,0.0,29,0,138,64,61.77142936549699,55.24497591541164,29.303448275862063
98.39999999999868,103.23459999999874,0.09999999999999432,0.1,-5.689893001203927e-15,0.0,29,0,138,64,61.47197652526005,55.14497591541164,29.40344827586206
98.49999999999868,103.33459999999873,0.09999999999999432,0.1,-5.689893001203927e-15,0.0,29,0,138,64,61.174354520889146,55.04497591541164,29.503448275862063
98.59999999999867,103.43459999999872,0.09999999999999432,0.1,-5.689893001203927e-15,0.0,29,0,139,65,60.874420958547915,54.94497591541164,29.603448275862064
98.69999999999867,103.53459999999872,0.09999999999999432,0.1,-5.689893001203927e-15,0.0,29,0,139,65,60.571757020872276,54.84497591541164,29.703448275862065
98.79999999999866,103.63459999999871,0.09999999999999432,0.1,-5.689893001203927e-15,0.0,29,0,139,65,60.274045450092046,54.744975915411636,29.803448275862063
98.89999999999866,103.73459999999871,0.09999999999999432,0.1,-5.689893001203927e-15,0.0,28,0,139,65,62.19140242197917,55.12409755985707,27.439285714285756
98.99999999999865,103.8345999999987,0.09999999999999432,0.1,-5.689893001203927e-15,0.0,28,0,139,64,61.92135172021494,55.02409755985707,27.53928571428576
99.09999999999864,103.9345999999987,0.09999999999999432,0.1,-5.689893001203927e-15,0.0,28,0,139,64,61.653061112358515,54.92409755985707,27.63928571428576
99.19999999999864,104.03459999999869,0.09999999999999432,0.1,-5.689893001203927e-15,0.0,28,0,140,63,61.383228879818965,54.824097559857066,27.73928571428576
99.29999999999863,104.13459999999868,0.09999999999999432,0.1,-5.689893001203927e-15,0.0,28,0,141,63,61.12025655811385,54.724097559857064,27.839285714285758
99.39999999999863,104.23459999999868,0.09999999999999432,0.1,-5.689893001203927e-15,0.0,28,0,141,63,60.86128544124507,54.62409755985706,27.939285714285763
99.49999999999862,104.33459999999867,0.09999999999999432,0.1,-5.689893001203927e-15,0.0,28,0,142,64,60.60635589991456,54.52409755985706,28.03928571428576
99.59999999999862,104.43459999999867,0.09999999999999432,0.1,-5.689893001203927e-15,0.0,28,0,141,65,60.35476318469966,54.42409755985706,28.139285714285762
99.69999999999861,104.53459999999866,0.09999999999999432,0.1,-5.689893001203927e-15,0.0,28,0,141,65,60.10212931218784,54.32409755985706,28.23928571428576
99.7999999999986,104.63459999999866,0.09999999999999432,0.1,-5.689893001203927e-15,0.0,28,0,142,65,59.85129190738693,54.22409755985706,28.33928571428576
99.8999999999986,104.73459999999865,0.09999999999999432,0.1,-5.689893001203927e-15,0.0,28,0,142,65,59.59992409053835,54.124097559857056,28.439285714285763
99.9999999999986,104.83459999999864,0.09999999999999432,0.1,-5.689893001203927e-15,0.0,28,0,142,66,59.34700039022296,54.024097559857054,28.539285714285764
100.09999999999859,104.93459999999864,0.09999999999999432,0.1,-5.689893001203927e-15,0.0,28,0,142,66,59.09468515603747,53.92409755985705,28.639285714285762
100.19999999999858,105.03459999999863,0.09999999999999432,0.1,-5.689893001203927e-15,0.0,28,0,142,66,58.841485374562545,53.82409755985705,28.739285714285764
100.29999999999858,105.13459999999863,0.09999999999999432,0.1,-5.689893001203927e-15,0.0,28,0,140,66,58.58747577687813,53.72409755985705,28.83928571428576
100.39999999999857,105.29459999999862,0.1599999999999966,0.1,0.059999999999996584,0.0,28,0,138,66,60.47613095238103,61.15710190390569,28.939285714285766
100.49999999999856,105.39459999999862,0.09999999999999432,0.1,-5.689893001203927e-15,0.0,28,0,138,66,60.223451551369656,61.05710190390569,29.039285714285764
100.59999999999856,105.49459999999861,0.09999999999999432,0.1,-5.689893001203927e-15,0.0,28,0,137,66,59.96987757738741,60.95710190390569,29.139285714285766
100.69999999999855,105.59459999999861,0.09999999999999432,0.1,-5.689893001203927e-15,0.0,28,0,138,66,59.7171090263007,60.857101903905686,29.239285714285764
100.79999999999855,105.6945999999986,0.09999999999999432,0.1,-5.689893001203927e-15,0.0,28,0,139,66,59.46164720973718,60.757101903905685,29.33928571428577
100.89999999999854,105.7945999999986,0.09999999999999432,0.1,-5.689893001203927e-15,0.0,28,0,139,66,59.201444020490655,60.657101903905684,29.439285714285766
100.99999999999854,105.89459999999859,0.09999999999999432,0.1,-5.689893001203927e-15,0.0,28,0,138,66,58.95137724451778,60.55710190390568,29.539285714285768
101.09999999999853,105.99459999999858,0.09999999999999432,0.1,-5.689893001203927e-15,0.0,28,0,138,66,58.700279026225374,60.45710190390568,29.639285714285766
101.19999999999852,106.15459999999858,0.1599999999999966,0.1,0.059999999999996584,0.0,28,0,136,66,60.59276317765309,60.35710190390568,29.739285714285767
101.29999999999852,106.25459999999858,0.09999999999999432,0.1,-5.689893001203927e-15,0.0,28,0,137,66,60.34160024916963,60.25710190390568,29.83928571428577
101.39999999999851,106.41459999999857,0.1599999999999966,0.1,0.059999999999996584,0.0,27,0,136,66,64.58598694275148,66.07674224453075,27.88148148148156
101.49999999999851,106.51459999999857,0.09999999999999432,0.1,-5.689893001203927e-15,0.0,27,0,136,66,64.34960406143261,65.97674224453075,27.981481481481563
101.5999999999985,106.61459999999856,0.09999999999999432,0.1,-5.689893001203927e-15,0.0,27,0,135,66,64.10899950472384,65.87674224453076,28.081481481481564
101.6999999999985,106.71459999999855,0.09999999999999432,0.1,-5.689893001203927e-15,0.0,27,0,134,66,63.869286650183454,65.77674224453077,28.181481481481562
101.79999999999849,106.81459999999855,0.09999999999999432,0.1,-5.689893001203927e-15,0.0,27,0,134,66,63.63074754460753,65.67674224453077,28.281481481481563
101.89999999999849,106.91459999999854,0.09999999999999432,0.1,-5.689893001203927e-15,0.0,27,0,134,66,63.391370943460835,65.57674224453078,28.381481481481565
101.99999999999848,107.01459999999854,0.09999999999999432,0.1,-5.689893001203927e-15,0.0,26,0,133,66,65.60271849156958,66.47025966066452,28.250000000000078
102.09999999999847,107.17459999999853,0.1599999999999966,0.1,0.059999999999996584,0.0,26,0,132,66,67.68592323112307,66.37025966066453,28.35000000000008
102.19999999999847,107.27459999999853,0.09999999999999432,0.1,-5.689893001203927e-15,0.0,27,0,132,66,64.03365647804979,66.27025966066454,27.400000000000073
102.29999999999846,107.37459999999852,0.09999999999999432,0.1,-5.689893001203927e-15,0.0,27,0,132,66,63.7846164400073,66.17025966066454,27.500000000000075
102.39999999999846,107.53459999999852,0.1599999999999966,0.1,0.059999999999996584,0.0,27,0,131,65,65.77128330701723,66.07025966066455,27.600000000000076
102.49999999999845,107.66579999999851,0.13119999999999266,0.1,0.03119999999999265,0.0,27,0,130,65,66.69120294143207,65.97025966066455,27.700000000000077
102.59999999999845,107.82579999999851,0.1599999999999966,0.1,0.059999999999996584,0.0,27,0,129,65,68.67468037251977,65.87025966066456,27.800000000000082
102.69999999999844,107.9257999999985,0.09999999999999432,0.1,-5.689893001203927e-15,0.0,28,0,130,65,65.09305676032842,67.62261875638724,26.907142857142933
102.79999999999843,108.0257999999985,0.09999999999999432,0.1,-5.689893001203927e-15,0.0,28,0,131,65,64.84233630338305,67.01102630460355,27.007142857142934
102.89999999999843,108.12579999999849,0.09999999999999432,0.1,-5.689893001203927e-15,0.0,28,0,130,65,64.59209078156829,66.39770726611575,27.107142857142936
102.99999999999842,108.22579999999849,0.09999999999999432,0.1,-5.689893001203927e-15,0.0,28,0,130,65,64.33856537356645,65.74119295106809,27.207142857142937
103.09999999999842,108.38579999999848,0.1599999999999966,0.1,0.059999999999996584,0.0,28,0,130,65,66.22396929071296,65.37025966066459,27.307142857142935
103.19999999999841,108.48579999999848,0.09999999999999432,0.1,-5.689893001203927e-15,0.0,28,0,130,65,65.97149873629168,65.27025966066459,27.407142857142937
103.2999999999984,108.58579999999847,0.09999999999999432,0.1,-5.689893001203927e-15,0.0,28,0,130,65,65.71200477818472,65.1702596606646,27.507142857142934
103.3999999999984,108.68579999999847,0.09999999999999432,0.1,-5.689893001203927e-15,0.0,28,0,129,65,65.46048953602484,65.0702596606646,27.60714285714294
103.4999999999984,108.78579999999846,0.09999999999999432,0.1,-5.689893001203927e-15,0.0,28,0,128,66,65.21145917109904,64.97025966066461,27.70714285714294
103.59999999999839,108.88579999999845,0.09999999999999432,0.1,-5.689893001203927e-15,0.0,28,0,128,66,64.9679689380404,64.87025966066462,27.80714285714294
103.69999999999838,108.98579999999845,0.09999999999999432,0.1,-5.689893001203927e-15,0.0,28,0,129,66,64.73446553667333,64.77025966066462,27.90714285714294
103.79999999999838,109.08579999999844,0.09999999999999432,0.1,-5.689893001203927e-15,0.0,28,0,129,66,64.50060218394393,64.67025966066463,28.00714285714294
103.89999999999837,109.18579999999844,0.09999999999999432,0.1,-5.689893001203927e-15,0.0,28,0,128,66,64.27940363050452,64.57025966066463,28.107142857142943
103.99999999999837,109.34579999999843,0.1599999999999966,0.1,0.059999999999996584,0.0,28,0,127,67,66.20397821202305,64.47025966066464,28.20714285714294
104.09999999999836,109.44579999999843,0.09999999999999432,0.1,-5.689893001203927e-15,0.0,29,0,127,67,62.844419468917145,64.37025966066464,27.334482758620773
104.19999999999835,109.54579999999842,0.09999999999999432,0.1,-5.689893001203927e-15,0.0,29,0,126,67,62.609761305458576,64.27025966066465,27.434482758620774
104.29999999999835,109.64579999999842,0.09999999999999432,0.1,-5.689893001203927e-15,0.0,29,0,126,67,62.37763240607266,64.17025966066466,27.534482758620776
104.39999999999834,109.74579999999841,0.09999999999999432,0.1,-5.689893001203927e-15,0.0,29,0,126,67,62.14495134079844,64.07025966066466,27.634482758620774
104.49999999999834,109.8457999999984,0.09999999999999432,0.1,-5.689893001203927e-15,0.0,29,0,125,68,61.91243366473515,63.822029725477265,27.734482758620775
104.59999999999833,109.9457999999984,0.09999999999999432,0.1,-5.689893001203927e-15,0.0,29,0,125,68,61.67719599170898,63.21585613582573,27.834482758620776
104.69999999999833,110.0457999999984,0.09999999999999432,0.1,-5.689893001203927e-15,0.0,29,0,125,68,61.441608278348454,62.776742244530844,27.934482758620778
104.79999999999832,110.14579999999839,0.09999999999999432,0.1,-5.689893001203927e-15,0.0,29,0,125,68,61.20846655756586,62.67674224453084,28.034482758620776
104.89999999999831,110.24579999999838,0.09999999999999432,0.1,-5.689893001203927e-15,0.0,29,0,125,68,60.974851400502295,62.57674224453084,28.13448275862078
104.99999999999831,110.34579999999838,0.09999999999999432,0.1,-5.689893001203927e-15,0.0,29,0,125,68,60.740000304307536,62.47674224453084,28.23448275862078
105.0999999999983,110.44579999999837,0.09999999999999432,0.1,-5.689893001203927e-15,0.0,29,0,125,69,60.50507114223367,62.37674224453084,28.33448275862078
105.1999999999983,110.54579999999837,0.09999999999999432,0.1,-5.689893001203927e-15,0.0,29,0,126,69,60.26892217677807,62.27674224453084,28.43448275862078
105.29999999999829,110.64579999999836,0.09999999999999432,0.1,-5.689893001203927e-15,0.0,29,0,126,69,60.03350253532514,61.72703212179381,28.53448275862078
105.39999999999829,110.74579999999835,0.09999999999999432,0.1,-5.689893001203927e-15,0.0,29,0,126,69,59.797653088747445,61.12703212179381,28.634482758620784
105.49999999999828,110.84579999999835,0.09999999999999432,0.1,-5.689893001203927e-15,0.0,29,0,126,69,59.564267817127224,60.52703212179381,28.734482758620782
105.59999999999827,110.94579999999834,0.09999999999999432,0.1,-5.689893001203927e-15,0.0,29,0,126,69,59.33091670227366,59.92703212179381,28.83448275862078
105.69999999999827,111.04579999999834,0.09999999999999432,0.1,-5.689893001203927e-15,0.0,29,0,126,69,59.098275788038954,59.327032121793806,28.934482758620785
105.79999999999826,111.14579999999833,0.09999999999999432,0.1,-5.689893001203927e-15,0.0,29,0,126,69,58.86239629586901,58.727032121793805,29.034482758620783
105.89999999999826,111.24579999999833,0.09999999999999432,0.1,-5.689893001203927e-15,0.0,29,0,127,70,58.623158048882445,58.1270321217938,29.134482758620788
105.99999999999825,111.34579999999832,0.09999999999999432,0.1,-5.689893001203927e-15,0.0,29,0,127,70,58.38724835511662,57.5270321217938,29.234482758620786
106.09999999999825,111.44579999999831,0.09999999999999432,0.1,-5.689893001203927e-15,0.0,29,0,126,70,58.15242671137957,56.9270321217938,29.334482758620787
106.19999999999824,111.54579999999831,0.09999999999999432,0.1,-5.689893001203927e-15,0.0,29,0,125,70,57.916408576728706,56.3270321217938,29.43448275862079
106.29999999999824,111.6457999999983,0.09999999999999432,0.1,-5.689893001203927e-15,0.0,29,0,124,70,57.67927853577868,55.7270321217938,29.534482758620786
106.39999999999823,111.7457999999983,0.09999999999999432,0.1,-5.689893001203927e-15,0.0,29,0,125,70,57.444179361005375,55.157101903905605,29.634482758620788
106.49999999999822,111.84579999999829,0.09999999999999432,0.1,-5.689893001203927e-15,0.0,29,0,125,70,57.207659506518276,55.057101903905604,29.73448275862079
106.59999999999822,111.94579999999829,0.09999999999999432,0.1,-5.689893001203927e-15,0.0,29,0,124,70,56.972786971749834,54.9571019039056,29.83448275862079
106.69999999999821,112.04579999999828,0.09999999999999432,0.1,-5.689893001203927e-15,0.0,28,0,124,70,58.7737611674238,58.57656129271185,28.17857142857154
106.7999999999982,112.14579999999827,0.09999999999999432,0.1,-5.689893001203927e-15,0.0,28,0,124,70,58.553590953469744,57.963682646146786,28.278571428571542
106.8999999999982,112.24579999999827,0.09999999999999432,0.1,-5.689893001203927e-15,0.0,28,0,123,69,58.33327852433854,57.35668731005785,28.378571428571544
106.9999999999982,112.34579999999826,0.09999999999999432,0.1,-5.689893001203927e-15,0.0,28,0,122,69,58.11268856119716,56.734800780399574,28.47857142857154
107.09999999999819,112.44579999999826,0.09999999999999432,0.1,-5.689893001203927e-15,0.0,28,0,122,70,57.820773127071455,56.123388542125916,28.578571428571543
107.19999999999818,112.54579999999825,0.09999999999999432,0.1,-5.689893001203927e-15,0.0,28,0,121,70,57.591268546436076,55.506729389809855,28.678571428571548
107.29999999999818,112.64579999999825,0.09999999999999432,0.1,-5.689893001203927e-15,0.0,28,0,121,70,57.370845018108575,54.89508063738155,28.778571428571546
107.39999999999817,112.74579999999824,0.09999999999999432,0.1,-5.689893001203927e-15,0.0,28,0,122,70,57.15093232367588,54.29215984617962,28.878571428571547
107.49999999999817,112.84579999999823,0.09999999999999432,0.1,-5.689893001203927e-15,0.0,28,0,121,70,56.930836041712084,54.05710190390559,28.978571428571545
107.59999999999816,112.94579999999823,0.09999999999999432,0.1,-5.689893001203927e-15,0.0,28,0,120,70,56.71915307002342,53.95710190390559,29.078571428571546
107.69999999999816,113.04579999999822,0.09999999999999432,0.1,-5.689893001203927e-15,0.0,28,0,120,70,56.5174299391462,53.85710190390559,29.17857142857155
107.79999999999815,113.14579999999822,0.09999999999999432,0.1,-5.689893001203927e-15,0.0,28,0,120,71,56.31497591807213,53.757101903905586,29.27857142857155
107.89999999999814,113.24579999999821,0.09999999999999432,0.1,-5.689893001203927e-15,0.0,28,0,121,71,56.11243048859866,53.657101903905584,29.37857142857155
107.99999999999814,113.3457999999982,0.09999999999999432,0.1,-5.689893001203927e-15,0.0,28,0,121,71,55.908156671115876,53.55710190390558,29.478571428571552
108.09999999999813,113.4457999999982,0.09999999999999432,0.1,-5.689893001203927e-15,0.0,28,0,121,70,55.70634814324624,53.45710190390558,29.578571428571554
108.19999999999813,113.5457999999982,0.09999999999999432,0.1,-5.689893001203927e-15,0.0,28,0,121,70,55.503972225744896,53.35710190390558,29.678571428571555
108.29999999999812,113.64579999999819,0.09999999999999432,0.1,-5.689893001203927e-15,0.0,28,0,121,70,55.30241301154252,53.25710190390558,29.778571428571553
108.39999999999812,113.74579999999818,0.09999999999999432,0.1,-5.689893001203927e-15,0.0,28,0,122,70,55.10099029658237,53.15710190390558,29.878571428571554
108.49999999999811,113.84579999999818,0.09999999999999432,0.1,-5.689893001203927e-15,0.0,28,0,123,70,54.899229510474434,53.057101903905576,29.97857142857156
108.5999999999981,113.94579999999817,0.09999999999999432,0.1,-5.689893001203927e-15,0.0,28,0,123,70,54.697630264560985,52.957101903905574,30.078571428571557
108.6999999999981,114.04579999999817,0.09999999999999432,0.1,-5.689893001203927e-15,0.0,28,0,123,70,54.49566976648231,52.85710190390557,30.17857142857156
108.7999999999981,114.14579999999816,0.09999999999999432,0.1,-5.689893001203927e-15,0.0,28,0,123,70,54.29348946176584,52.75710190390557,30.27857142857156
108.89999999999809,114.24579999999816,0.09999999999999432,0.1,-5.689893001203927e-15,0.0,28,0,123,70,54.09148911054423,52.65710190390557,30.378571428571558
108.99999999999808,114.34579999999815,0.09999999999999432,0.1,-5.689893001203927e-15,0.0,28,0,123,70,53.88913954110395,52.55710190390557,30.478571428571563
109.09999999999808,114.44579999999814,0.09999999999999432,0.1,-5.689893001203927e-15,0.0,28,0,122,70,53.68465346817622,52.424781646208906,30.57857142857156
109.19999999999807,114.54579999999814,0.09999999999999432,0.1,-5.689893001203927e-15,0.0,28,0,122,70,53.48315900557149,51.824781646208905,30.678571428571562
109.29999999999806,114.64579999999813,0.09999999999999432,0.1,-5.689893001203927e-15,0.0,28,0,123,70,53.28162040122509,51.2247816462089,30.778571428571563
109.39999999999806,114.74579999999813,0.09999999999999432,0.1,-5.689893001203927e-15,0.0,28,0,124,70,53.07952931351308,50.6247816462089,30.878571428571565
109.49999999999805,114.84579999999812,0.09999999999999432,0.1,-5.689893001203927e-15,0.0,28,0,124,71,52.87746962582711,50.0247816462089,30.978571428571566
109.59999999999805,114.94579999999812,0.09999999999999432,0.1,-5.689893001203927e-15,0.0,28,0,124,71,52.675756441703626,49.4247816462089,31.078571428571568
109.69999999999804,115.04579999999811,0.09999999999999432,0.1,-5.689893001203927e-15,0.0,28,0,124,71,52.47338909419017,48.8247816462089,31.178571428571566
109.79999999999804,115.1457999999981,0.09999999999999432,0.1,-5.689893001203927e-15,0.0,28,0,124,71,52.27163272040819,48.224781646208896,31.27857142857157
109.89999999999803,115.2457999999981,0.09999999999999432,0.1,-5.689893001203927e-15,0.0,28,0,123,71,52.069534192575865,47.624781646208895,31.378571428571572
109.99999999999802,115.34579999999809,0.09999999999999432,0.1,-5.689893001203927e-15,0.0,28,0,122,71,51.867674277563374,47.02478164620889,31.47857142857157
110.09999999999802,115.44579999999809,0.09999999999999432,0.1,-5.689893001203927e-15,0.0,28,0,121,71,51.6652768381083,46.42478164620889,31.57857142857157
110.19999999999801,115.54579999999808,0.09999999999999432,0.1,-5.689893001203927e-15,0.0,28,0,121,71,51.46074333440298,45.82478164620889,31.67857142857157
110.29999999999801,115.64579999999808,0.09999999999999432,0.1,-5.689893001203927e-15,0.0,28,0,121,71,51.256083695011974,45.505944634126195,31.778571428571574
110.399999999998,115.80579999999807,0.1599999999999966,0.1,0.059999999999996584,0.0,28,0,120,71,53.19657653920534,51.15710190390555,31.878571428571576
110.499999999998,115.90579999999807,0.09999999999999432,0.1,-5.689893001203927e-15,0.0,28,0,120,71,52.99417555165634,51.05710190390555,31.978571428571573
110.59999999999799,116.00579999999806,0.09999999999999432,0.1,-5.689893001203927e-15,0.0,28,0,120,71,52.79087542366271,50.957101903905546,32.07857142857158
110.69999999999798,116.10579999999806,0.09999999999999432,0.1,-5.689893001203927e-15,0.0,28,0,120,72,52.58809702525047,50.857101903905544,32.17857142857158
110.79999999999798,116.20579999999805,0.09999999999999432,0.1,-5.689893001203927e-15,0.0,28,0,120,71,52.384562648492576,50.75710190390554,32.278571428571574
110.89999999999797,116.30579999999804,0.09999999999999432,0.1,-5.689893001203927e-15,0.0,28,0,120,71,52.181142081898464,50.65710190390554,32.37857142857158
110.99999999999797,116.40579999999804,0.09999999999999432,0.1,-5.689893001203927e-15,0.0,28,0,121,71,51.97827613668336,50.55710190390554,32.478571428571584
111.09999999999796,116.50579999999803,0.09999999999999432,0.1,-5.689893001203927e-15,0.0,28,0,122,71,51.77536848334965,50.45710190390554,32.57857142857158
111.19999999999796,116.60579999999803,0.09999999999999432,0.1,-5.689893001203927e-15,0.0,28,0,124,72,51.57158817900602,50.35710190390554,32.67857142857158
111.29999999999795,116.70579999999802,0.09999999999999432,0.1,-5.689893001203927e-15,0.0,28,0,124,72,51.36836256073805,50.257101903905536,32.77857142857158
111.39999999999795,116.80579999999802,0.09999999999999432,0.1,-5.689893001203927e-15,0.0,28,0,124,72,51.16471354437699,50.157101903905534,32.87857142857158
111.49999999999794,116.90579999999801,0.09999999999999432,0.1,-5.689893001203927e-15,0.0,28,0,124,72,50.960779168570824,50.05710190390553,32.978571428571584
111.59999999999793,117.005799999998,0.09999999999999432,0.1,-5.689893001203927e-15,0.0,28,0,124,72,50.75727277871045,49.95710190390553,33.078571428571585
111.69999999999793,117.105799999998,0.09999999999999432,0.1,-5.689893001203927e-15,0.0,28,0,123,72,50.55394583078078,49.85710190390553,33.17857142857159
111.79999999999792,117.20579999999799,0.09999999999999432,0.1,-5.689893001203927e-15,0.0,28,0,123,71,50.35077608085165,49.526788410543,33.27857142857159
111.89999999999792,117.30579999999799,0.09999999999999432,0.1,-5.689893001203927e-15,0.0,28,0,123,71,50.145162064985854,48.560788410543005,33.37857142857159
111.99999999999791,117.40579999999798,0.09999999999999432,0.1,-5.689893001203927e-15,0.0,28,0,124,71,49.939837410382644,47.59378841054301,33.47857142857159
112.0999999999979,117.50579999999798,0.09999999999999432,0.1,-5.689893001203927e-15,0.0,28,0,124,71,49.73466267036298,46.62578841054302,33.57857142857159
112.1999999999979,117.60579999999797,0.09999999999999432,0.1,-5.689893001203927e-15,0.0,28,0,123,71,49.52801801937019,45.65678841054302,33.678571428571594
112.2999999999979,117.70579999999796,0.09999999999999432,0.1,-5.689893001203927e-15,0.0,28,0,123,70,49.32446307547992,44.68678841054303,33.778571428571595
112.39999999999789,117.80579999999796,0.09999999999999432,0.1,-5.689893001203927e-15,0.0,28,0,123,70,49.120347149179146,43.715788410543034,33.8785714285716
112.49999999999788,117.90579999999795,0.09999999999999432,0.1,-5.689893001203927e-15,0.0,28,0,122,70,48.91641886715778,43.30594463412616,33.97857142857159
112.59999999999788,118.00579999999795,0.09999999999999432,0.1,-5.689893001203927e-15,0.0,28,0,122,70,48.71249561431058,43.20594463412616,34.0785714285716
112.69999999999787,118.10579999999794,0.09999999999999432,0.1,-5.689893001203927e-15,0.0,28,0,121,70,48.509019588077116,43.10594463412616,34.178571428571594
112.79999999999787,118.20579999999794,0.09999999999999432,0.1,-5.689893001203927e-15,0.0,28,0,121,69,48.304800067082915,43.00594463412616,34.278571428571595
112.89999999999786,118.30579999999793,0.09999999999999432,0.1,-5.689893001203927e-15,0.0,28,0,122,69,48.100976969738,42.90594463412616,34.3785714285716
112.99999999999785,118.40579999999792,0.09999999999999432,0.1,-5.689893001203927e-15,0.0,28,0,123,70,47.87867493563254,42.805944634126156,34.4785714285716
113.09999999999785,118.50579999999792,0.09999999999999432,0.1,-5.689893001203927e-15,0.0,28,0,123,70,47.65446469868368,42.705944634126155,34.5785714285716
113.19999999999784,118.60579999999791,0.09999999999999432,0.1,-5.689893001203927e-15,0.0,28,0,124,70,47.42913245050065,42.60594463412615,34.6785714285716
113.29999999999784,118.70579999999791,0.09999999999999432,0.1,-5.689893001203927e-15,0.0,28,0,124,70,47.206424341778984,42.50594463412615,34.7785714285716
113.39999999999783,118.8353999999979,0.12959999999999638,0.1,0.02959999999999638,0.0,28,0,123,71,48.04201233356364,42.40594463412615,34.878571428571604
113.49999999999783,118.9353999999979,0.09999999999999432,0.1,-5.689893001203927e-15,0.0,28,0,125,71,47.824181147369195,42.30594463412615,34.978571428571605
113.59999999999782,119.03539999999789,0.09999999999999432,0.1,-5.689893001203927e-15,0.0,28,0,125,71,47.60201060786627,42.20594463412615,35.07857142857161
113.69999999999781,119.13539999999789,0.09999999999999432,0.1,-5.689893001203927e-15,0.0,28,0,124,70,47.37983485707274,42.105944634126146,35.17857142857161
113.79999999999781,119.23539999999788,0.09999999999999432,0.1,-5.689893001203927e-15,0.0,27,0,124,70,48.91383480361083,42.005944634126145,35.17037037037054
113.8999999999978,119.39539999999788,0.1599999999999966,0.1,0.059999999999996584,0.0,27,0,124,70,50.92772490565167,41.90594463412614,35.27037037037054
113.9999999999978,119.49539999999787,0.09999999999999432,0.1,-5.689893001203927e-15,0.0,27,0,124,69,50.69818300493757,41.80594463412614,35.370370370370544
114.09999999999779,119.64479999999787,0.14939999999999998,0.1,0.04939999999999997,0.0,27,0,124,69,52.300833715790695,53.37674224453071,35.470370370370546
114.19999999999779,119.74479999999787,0.09999999999999432,0.1,-5.689893001203927e-15,0.0,27,0,125,70,52.053556243888956,53.27674224453071,35.57037037037055
114.29999999999778,119.84479999999786,0.09999999999999432,0.1,-5.689893001203927e-15,0.0,27,0,124,70,51.79910934353361,53.17674224453071,35.670370370370556
114.39999999999777,119.99199999999786,0.147199999999998,0.1,0.047199999999997994,0.0,27,0,122,70,53.30007286164974,53.076742244530706,35.77037037037055
114.49999999999777,120.09199999999785,0.09999999999999432,0.1,-5.689893001203927e-15,0.0,27,0,122,70,53.068160590181336,52.976742244530705,35.87037037037055
114.59999999999776,120.19199999999785,0.09999999999999432,0.1,-5.689893001203927e-15,0.0,27,0,122,70,52.82599600969076,52.8767422445307,35.97037037037055
114.69999999999776,120.35199999999784,0.1599999999999966,0.1,0.059999999999996584,0.0,27,0,121,70,54.8163297206647,52.7767422445307,36.070370370370554
114.79999999999775,120.51199999999784,0.1599999999999966,0.1,0.059999999999996584,0.0,28,0,121,71,53.88891414469292,53.67025966066451,34.88214285714304
114.89999999999775,120.61199999999783,0.09999999999999432,0.1,-5.689893001203927e-15,0.0,27,0,122,71,55.64398818209243,53.57025966066451,35.81851851851871
114.99999999999774,120.71199999999783,0.09999999999999432,0.1,-5.689893001203927e-15,0.0,27,0,122,71,55.41588420554034,53.47025966066451,35.91851851851871
115.09999999999773,120.81199999999782,0.09999999999999432,0.1,-5.689893001203927e-15,0.0,27,0,122,70,55.198767975628925,53.37025966066451,36.01851851851871
115.19999999999773,120.97199999999782,0.1599999999999966,0.1,0.059999999999996584,0.0,27,0,121,70,57.20589616716771,53.27025966066451,36.11851851851871
115.29999999999772,121.07199999999781,0.09999999999999432,0.1,-5.689893001203927e-15,0.0,28,0,121,70,54.05850964550918,54.38603749107087,34.92857142857161
115.39999999999772,121.17199999999781,0.09999999999999432,0.1,-5.689893001203927e-15,0.0,28,0,121,70,53.81844816708872,54.28603749107087,35.02857142857162
115.49999999999771,121.2719999999978,0.09999999999999432,0.1,-5.689893001203927e-15,0.0,28,0,121,70,53.58512948152508,54.18603749107087,35.12857142857162
115.5999999999977,121.3719999999978,0.09999999999999432,0.1,-5.689893001203927e-15,0.0,28,0,122,70,53.35497749509038,54.08603749107087,35.22857142857161
115.6999999999977,121.49759999999779,0.1255999999999915,0.1,0.02559999999999149,0.0,28,0,120,70,54.03662649426392,53.98603749107087,35.328571428571614
115.7999999999977,121.59759999999778,0.09999999999999432,0.1,-5.689893001203927e-15,0.0,28,0,120,70,53.81164051916016,53.886037491070866,35.42857142857162
115.89999999999769,121.69759999999778,0.09999999999999432,0.1,-5.689893001203927e-15,0.0,28,0,120,71,53.5475101171382,53.786037491070864,35.52857142857162
115.99999999999768,121.83819999999777,0.14059999999999206,0.1,0.04059999999999206,0.0,28,0,120,71,54.75054419573189,56.022774821660406,35.62857142857162
116.09999999999768,121.93819999999776,0.09999999999999432,0.1,-5.689893001203927e-15,0.0,28,0,120,71,54.50845162013859,55.922774821660404,35.72857142857162
116.19999999999767,122.03819999999776,0.09999999999999432,0.1,-5.689893001203927e-15,0.0,28,0,120,71,54.26812473458218,55.8227748216604,35.82857142857162
116.29999999999767,122.13819999999775,0.09999999999999432,0.1,-5.689893001203927e-15,0.0,28,0,119,71,54.06192132924798,55.7227748216604,35.92857142857162
116.39999999999766,122.29819999999775,0.1599999999999966,0.1,0.059999999999996584,0.0,28,0,117,71,56.01023733440666,55.6227748216604,36.028571428571624
116.49999999999766,122.39819999999774,0.09999999999999432,0.1,-5.689893001203927e-15,0.0,28,0,117,70,55.823119458178994,55.5227748216604,36.128571428571625
116.59999999999765,122.49819999999774,0.09999999999999432,0.1,-5.689893001203927e-15,0.0,28,0,117,70,55.62070877070845,55.4227748216604,36.22857142857163
116.69999999999764,122.59819999999773,0.09999999999999432,0.1,-5.689893001203927e-15,0.0,28,0,117,71,55.358255144926545,55.322774821660396,36.32857142857163
116.79999999999764,122.73679999999773,0.13859999999999673,0.1,0.03859999999999672,0.0,28,0,116,71,56.506117641979685,55.28383228713048,36.42857142857163
116.89999999999763,122.83679999999772,0.09999999999999432,0.1,-5.689893001203927e-15,0.0,27,0,116,70,58.40798022520379,55.18383228713048,34.48518518518543
116.99999999999763,122.93679999999772,0.09999999999999432,0.1,-5.689893001203927e-15,0.0,27,0,115,69,58.21983927850588,55.08383228713048,34.58518518518543
117.09999999999762,123.03679999999771,0.09999999999999432,0.1,-5.689893001203927e-15,0.0,27,0,116,69,58.041320170414615,54.983832287130475,34.68518518518543
117.19999999999762,123.1367999999977,0.09999999999999432,0.1,-5.689893001203927e-15,0.0,27,0,115,69,57.88546478707594,54.82277482166039,34.78518518518543
117.29999999999761,123.2367999999977,0.09999999999999432,0.1,-5.689893001203927e-15,0.0,27,0,115,69,57.732470485376176,54.72277482166039,34.885185185185435
117.3999999999976,123.3367999999977,0.09999999999999432,0.1,-5.689893001203927e-15,0.0,27,0,115,69,57.58871625285314,54.622774821660386,34.98518518518543
117.4999999999976,123.43679999999769,0.09999999999999432,0.1,-5.689893001203927e-15,0.0,27,0,116,69,57.44279505305255,54.522774821660384,35.08518518518543
117.59999999999759,123.53679999999768,0.09999999999999432,0.1,-5.689893001203927e-15,0.0,26,0,116,69,59.52528352278482,54.48383228713047,34.89615384615409
117.69999999999759,123.63679999999768,0.09999999999999432,0.1,-5.689893001203927e-15,0.0,26,0,116,69,59.39677763433595,54.38383228713047,34.996153846154094
117.79999999999758,123.73679999999767,0.09999999999999432,0.1,-5.689893001203927e-15,0.0,26,0,116,69,59.271764885829946,54.283832287130465,35.096153846154095
117.89999999999758,123.83679999999767,0.09999999999999432,0.1,-5.689893001203927e-15,0.0,26,0,116,70,59.14303589667303,54.183832287130464,35.1961538461541
117.99999999999757,123.93679999999766,0.09999999999999432,0.1,-5.689893001203927e-15,0.0,26,0,116,71,59.017658139008944,54.08383228713046,35.2961538461541
118.09999999999756,124.03679999999765,0.09999999999999432,0.1,-5.689893001203927e-15,0.0,26,0,116,71,58.88939088237192,53.98383228713046,35.3961538461541
118.19999999999756,124.13679999999765,0.09999999999999432,0.1,-5.689893001203927e-15,0.0,26,0,116,70,58.764029902350735,53.88383228713046,35.4961538461541
118.29999999999755,124.23679999999764,0.09999999999999432,0.1,-5.689893001203927e-15,0.0,26,0,116,69,58.63538492795074,53.78383228713046,35.5961538461541
118.39999999999755,124.33679999999764,0.09999999999999432,0.1,-5.689893001203927e-15,0.0,26,0,116,69,58.51035205590337,53.68383228713046,35.696153846154104
118.49999999999754,124.43679999999763,0.09999999999999432,0.1,-5.689893001203927e-15,0.0,26,0,117,69,58.38196105821719,53.583832287130456,35.7961538461541
118.59999999999754,124.53679999999763,0.09999999999999432,0.1,-5.689893001203927e-15,0.0,26,0,117,69,58.256124794377506,53.483832287130454,35.8961538461541
118.69999999999753,124.63679999999762,0.09999999999999432,0.1,-5.689893001203927e-15,0.0,26,0,117,69,58.12780579386347,53.38383228713045,35.99615384615411
118.79999999999752,124.73679999999761,0.09999999999999432,0.1,-5.689893001203927e-15,0.0,26,0,117,69,58.00234184556987,53.28383228713045,36.09615384615411
118.89999999999752,124.83679999999761,0.09999999999999432,0.1,-5.689893001203927e-15,0.0,26,0,117,69,57.874390527235875,53.18383228713045,36.19615384615411
118.99999999999751,124.9367999999976,0.09999999999999432,0.1,-5.689893001203927e-15,0.0,26,0,116,69,57.74892822422706,53.08383228713045,36.29615384615411
119.09999999999751,125.0367999999976,0.09999999999999432,0.1,-5.689893001203927e-15,0.0,26,0,117,69,57.62062196921978,52.98383228713045,36.396153846154114
119.1999999999975,125.13679999999759,0.09999999999999432,0.1,-5.689893001203927e-15,0.0,26,0,117,69,57.49511682800384,52.883832287130446,36.496153846154115
119.2999999999975,125.23679999999759,0.09999999999999432,0.1,-5.689893001203927e-15,0.0,26,0,117,69,57.366459561125254,52.783832287130444,36.59615384615411
119.39999999999749,125.33679999999758,0.09999999999999432,0.1,-5.689893001203927e-15,0.0,26,0,119,69,57.24123923885151,52.68383228713044,36.69615384615411
119.49999999999748,125.43679999999758,0.09999999999999432,0.1,-5.689893001203927e-15,0.0,26,0,119,69,57.11244495207513,52.58383228713044,36.79615384615411
119.59999999999748,125.53679999999757,0.09999999999999432,0.1,-5.689893001203927e-15,0.0,26,0,119,69,56.98696214044392,52.48383228713044,36.896153846154114
119.69999999999747,125.63679999999756,0.09999999999999432,0.1,-5.689893001203927e-15,0.0,26,0,119,69,56.85875106735372,52.38383228713044,36.996153846154115
119.79999999999747,125.73679999999756,0.09999999999999432,0.1,-5.689893001203927e-15,0.0,26,0,120,69,56.73313452248033,52.28383228713044,37.09615384615412
119.89999999999746,125.83679999999755,0.09999999999999432,0.1,-5.689893001203927e-15,0.0,26,0,120,69,56.604804810924115,52.183832287130436,37.19615384615412
119.99999999999746,125.93679999999755,0.09999999999999432,0.1,-5.689893001203927e-15,0.0,26,0,120,69,56.47946764097334,52.083832287130434,37.29615384615413
120.09999999999745,126.03679999999754,0.09999999999999432,0.1,-5.689893001203927e-15,0.0,26,0,121,69,56.35146507894528,51.98383228713043,37.39615384615412
120.19999999999744,126.13679999999754,0.09999999999999432,0.1,-5.689893001203927e-15,0.0,26,0,123,68,56.22641480929474,51.88383228713043,37.49615384615412
120.29999999999744,126.25679999999753,0.11999999999999034,0.1,0.01999999999999033,0.0,26,0,122,68,56.86499636164616,51.78383228713043,37.596153846154124
120.39999999999743,126.35679999999752,0.09999999999999432,0.1,-5.689893001203927e-15,0.0,26,0,122,68,56.73695728595514,51.68383228713043,37.696153846154125
120.49999999999743,126.45679999999751,0.09999999999999432,0.1,-5.689893001203927e-15,0.0,26,0,121,68,56.607410057388215,51.58383228713043,37.79615384615413
120.59999999999742,126.55679999999751,0.09999999999999432,0.1,-5.689893001203927e-15,0.0,26,0,121,68,56.479394429501674,51.483832287130426,37.89615384615413
120.69999999999742,126.6567999999975,0.09999999999999432,0.1,-5.689893001203927e-15,0.0,26,0,121,68,56.34915697772721,51.383832287130424,37.99615384615413
120.79999999999741,126.7567999999975,0.09999999999999432,0.1,-5.689893001203927e-15,0.0,26,0,122,68,56.222488124463624,51.28383228713042,38.09615384615413
120.8999999999974,126.85679999999749,0.09999999999999432,0.1,-5.689893001203927e-15,0.0,26,0,122,68,56.09280640832681,51.18383228713042,38.19615384615413
120.9999999999974,126.95679999999749,0.09999999999999432,0.1,-5.689893001203927e-15,0.0,26,0,122,68,55.96579765304322,51.08383228713042,38.296153846154134
121.0999999999974,127.05679999999748,0.09999999999999432,0.1,-5.689893001203927e-15,0.0,26,0,122,68,55.83423687139324,50.98383228713042,38.396153846154135
121.19999999999739,127.15679999999747,0.09999999999999432,0.1,-5.689893001203927e-15,0.0,26,0,122,68,55.70758150714937,50.88383228713042,38.49615384615414
121.29999999999738,127.25679999999747,0.09999999999999432,0.1,-5.689893001203927e-15,0.0,26,0,122,68,55.576323330749084,50.783832287130416,38.59615384615414
121.39999999999738,127.35679999999746,0.09999999999999432,0.1,-5.689893001203927e-15,0.0,26,0,121,68,55.4483033394945,50.683832287130414,38.69615384615414
121.49999999999737,127.45679999999746,0.09999999999999432,0.1,-5.689893001203927e-15,0.0,26,0,121,67,55.317907884297796,50.58383228713041,38.79615384615414
121.59999999999737,127.55679999999745,0.09999999999999432,0.1,-5.689893001203927e-15,0.0,26,0,121,67,55.192426994029056,50.48383228713041,38.89615384615414
121.69999999999736,127.65679999999745,0.09999999999999432,0.1,-5.689893001203927e-15,0.0,26,0,121,67,54.97404445259032,50.38383228713041,38.996153846154144
121.79999999999735,127.75679999999744,0.09999999999999432,0.1,-5.689893001203927e-15,0.0,26,0,121,67,54.790679822469755,50.28383228713041,39.096153846154145
121.89999999999735,127.85679999999743,0.09999999999999432,0.1,-5.689893001203927e-15,0.0,26,0,120,67,54.64547298328865,50.18383228713041,39.19615384615415
121.99999999999734,127.95679999999743,0.09999999999999432,0.1,-5.689893001203927e-15,0.0,26,0,118,67,54.520185010752776,50.083832287130406,39.29615384615415
122.09999999999734,128.05679999999742,0.09999999999999432,0.1,-5.689893001203927e-15,0.0,26,0,119,67,54.39148421367603,49.983832287130404,39.39615384615415
122.19999999999733,128.15679999999742,0.09999999999999432,0.1,-5.689893001203927e-15,0.0,26,0,119,67,54.26592497884546,49.8838322871304,39.496153846154144
122.29999999999733,128.2567999999974,0.09999999999999432,0.1,-5.689893001203927e-15,0.0,26,0,120,67,54.13729056336798,49.7838322871304,39.59615384615415
122.39999999999732,128.3567999999974,0.09999999999999432,0.1,-5.689893001203927e-15,0.0,26,0,121,67,54.01213806939721,49.6838322871304,39.69615384615415
122.49999999999731,128.4567999999974,0.09999999999999432,0.1,-5.689893001203927e-15,0.0,26,0,120,67,53.88359218069112,49.5838322871304,39.796153846154155
122.59999999999731,128.5567999999974,0.09999999999999432,0.1,-5.689893001203927e-15,0.0,26,0,120,66,53.75854891587849,49.4838322871304,39.89615384615415
122.6999999999973,128.6567999999974,0.09999999999999432,0.1,-5.689893001203927e-15,0.0,26,0,121,66,53.629987783922495,49.383832287130396,39.99615384615416
122.7999999999973,128.75679999999738,0.09999999999999432,0.1,-5.689893001203927e-15,0.0,26,0,121,66,53.50431872116583,49.283832287130394,40.09615384615416
122.89999999999729,128.85679999999738,0.09999999999999432,0.1,-5.689893001203927e-15,0.0,26,0,122,66,53.37534000579914,49.18383228713039,40.19615384615416
122.99999999999729,128.95679999999737,0.09999999999999432,0.1,-5.689893001203927e-15,0.0,26,0,122,66,53.25036895249879,49.08383228713039,40.29615384615416
123.09999999999728,129.05679999999737,0.09999999999999432,0.1,-5.689893001203927e-15,0.0,26,0,123,66,53.12169002004404,48.98383228713039,40.39615384615416
123.19999999999727,129.15679999999736,0.09999999999999432,0.1,-5.689893001203927e-15,0.0,26,0,122,66,52.99665136391873,48.88383228713039,40.496153846154165
123.29999999999727,129.25679999999736,0.09999999999999432,0.1,-5.689893001203927e-15,0.0,26,0,121,66,52.868405822688565,48.78383228713039,40.59615384615416
123.39999999999726,129.35679999999735,0.09999999999999432,0.1,-5.689893001203927e-15,0.0,26,0,120,66,52.743351632423625,48.683832287130386,40.69615384615417
123.49999999999726,129.45679999999734,0.09999999999999432,0.1,-5.689893001203927e-15,0.0,26,0,120,67,52.614574444830446,48.583832287130384,40.79615384615416
123.59999999999725,129.55679999999734,0.09999999999999432,0.1,-5.689893001203927e-15,0.0,26,0,120,67,52.489103042790845,48.48383228713038,40.89615384615417
123.69999999999725,129.65679999999733,0.09999999999999432,0.1,-5.689893001203927e-15,0.0,26,0,120,67,52.360440612067876,48.38383228713038,40.996153846154165
123.79999999999724,129.75679999999733,0.09999999999999432,0.1,-5.689893001203927e-15,0.0,26,0,120,68,52.23494329500376,48.28383228713038,41.096153846154166
123.89999999999723,129.85679999999732,0.09999999999999432,0.1,-5.689893001203927e-15,0.0,26,0,119,68,52.106571583409725,48.18383228713038,41.196153846154175
123.99999999999723,129.95679999999732,0.09999999999999432,0.1,-5.689893001203927e-15,0.0,26,0,120,68,51.981078723311,48.08383228713038,41.29615384615417
124.09999999999722,130.0567999999973,0.09999999999999432,0.1,-5.689893001203927e-15,0.0,26,0,120,68,51.85239049382338,47.983832287130376,41.39615384615418
124.19999999999722,130.1567999999973,0.09999999999999432,0.1,-5.689893001203927e-15,0.0,26,0,121,67,51.72668369266627,47.883832287130375,41.49615384615417
124.29999999999721,130.2567999999973,0.09999999999999432,0.1,-5.689893001203927e-15,0.0,26,0,121,66,51.59834292017705,47.78383228713037,41.59615384615418
124.3999999999972,130.3567999999973,0.09999999999999432,0.1,-5.689893001203927e-15,0.0,26,0,121,66,51.392837873543044,47.68383228713037,41.696153846154175
124.4999999999972,130.4567999999973,0.09999999999999432,0.1,-5.689893001203927e-15,0.0,26,0,121,67,51.170690819791474,47.58383228713037,41.79615384615418
124.5999999999972,130.55679999999728,0.09999999999999432,0.1,-5.689893001203927e-15,0.0,26,0,121,67,50.96821651774914,47.48383228713037,41.89615384615418
124.69999999999719,130.71679999999728,0.1599999999999966,0.1,0.059999999999996584,0.0,26,0,120,68,53.071044927116525,52.777373665678844,41.99615384615418
124.79999999999718,130.81679999999727,0.09999999999999432,0.1,-5.689893001203927e-15,0.0,26,0,119,68,52.876815024506186,52.67737366567884,42.09615384615419
124.89999999999718,130.91679999999727,0.09999999999999432,0.1,-5.689893001203927e-15,0.0,26,0,117,69,52.70098475236179,52.57737366567884,42.19615384615418
124.99999999999717,131.01679999999726,0.09999999999999432,0.1,-5.689893001203927e-15,0.0,26,0,118,69,52.54350419571296,52.47737366567884,42.29615384615419
125.09999999999717,131.11679999999726,0.09999999999999432,0.1,-5.689893001203927e-15,0.0,26,0,118,69,52.38944963069272,52.37737366567884,42.396153846154185
125.19999999999716,131.21679999999725,0.09999999999999432,0.1,-5.689893001203927e-15,0.0,26,0,120,68,52.24729274915896,52.27737366567884,42.49615384615419
125.29999999999715,131.31679999999724,0.09999999999999432,0.1,-5.689893001203927e-15,0.0,26,0,120,68,52.11568500974029,52.177373665678836,42.59615384615419
125.39999999999715,131.41679999999724,0.09999999999999432,0.1,-5.689893001203927e-15,0.0,26,0,119,68,51.99011151715044,52.077373665678834,42.69615384615419
125.49999999999714,131.51679999999723,0.09999999999999432,0.1,-5.689893001203927e-15,0.0,26,0,119,69,51.86223436866037,51.97737366567883,42.79615384615419
125.59999999999714,131.61679999999723,0.09999999999999432,0.1,-5.689893001203927e-15,0.0,26,0,119,69,51.73674431029466,51.87737366567883,42.89615384615419
125.69999999999713,131.71679999999722,0.09999999999999432,0.1,-5.689893001203927e-15,0.0,26,0,120,70,51.60850560349418,51.77737366567883,42.99615384615419
125.79999999999713,131.81679999999722,0.09999999999999432,0.1,-5.689893001203927e-15,0.0,26,0,121,70,51.482739033494504,51.67737366567883,43.096153846154195
125.89999999999712,131.9167999999972,0.09999999999999432,0.1,-5.689893001203927e-15,0.0,26,0,121,70,51.353637515595224,51.57737366567883,43.19615384615419
125.99999999999712,132.0167999999972,0.09999999999999432,0.1,-5.689893001203927e-15,0.0,25,0,121,70,53.29007647009914,51.477373665678826,44.148000000000366
126.09999999999711,132.1167999999972,0.09999999999999432,0.1,-5.689893001203927e-15,0.0,25,0,121,70,53.18066925138686,51.377373665678824,44.24800000000037
126.1999999999971,132.2167999999972,0.09999999999999432,0.1,-5.689893001203927e-15,0.0,25,0,120,70,53.07456306406712,51.27737366567882,44.34800000000037
126.2999999999971,132.3167999999972,0.09999999999999432,0.1,-5.689893001203927e-15,0.0,25,0,119,70,52.96518222754346,51.17737366567882,44.44800000000036
126.39999999999709,132.41679999999718,0.09999999999999432,0.1,-5.689893001203927e-15,0.0,25,0,118,70,52.85909281827214,51.07737366567882,44.548000000000364
126.49999999999709,132.51679999999718,0.09999999999999432,0.1,-5.689893001203927e-15,0.0,25,0,117,70,52.74973822812575,50.97737366567882,44.648000000000366
126.59999999999708,132.61679999999717,0.09999999999999432,0.1,-5.689893001203927e-15,0.0,25,0,117,70,52.64366551053211,50.87737366567882,44.74800000000037
126.69999999999708,132.71679999999716,0.09999999999999432,0.1,-5.689893001203927e-15,0.0,25,0,119,70,52.534337031650814,50.777373665678816,44.84800000000037
126.79999999999707,132.81679999999716,0.09999999999999432,0.1,-5.689893001203927e-15,0.0,25,0,119,70,52.428280919808714,50.677373665678815,44.94800000000038
126.89999999999706,132.91679999999715,0.09999999999999432,0.1,-5.689893001203927e-15,0.0,25,0,119,70,52.318978417775845,50.57737366567881,45.04800000000037
126.99999999999706,133.01679999999715,0.09999999999999432,0.1,-5.689893001203927e-15,0.0,25,0,119,70,52.212938826201515,50.47737366567881,45.14800000000037
127.09999999999705,133.11679999999714,0.09999999999999432,0.1,-5.689893001203927e-15,0.0,25,0,121,70,52.103662167292356,50.37737366567881,45.248000000000374
127.19999999999705,133.21679999999714,0.09999999999999432,0.1,-5.689893001203927e-15,0.0,25,0,121,69,51.99763901094209,50.27737366567881,45.348000000000376
127.29999999999704,133.31679999999713,0.09999999999999432,0.1,-5.689893001203927e-15,0.0,25,0,121,69,51.88838806212032,50.17737366567881,45.44800000000038
127.39999999999704,133.41679999999712,0.09999999999999432,0.1,-5.689893001203927e-15,0.0,25,0,121,68,51.782381256388156,50.077373665678806,45.54800000000037
127.49999999999703,133.51679999999712,0.09999999999999432,0.1,-5.689893001203927e-15,0.0,25,0,120,68,51.67315588530233,49.977373665678805,45.64800000000037
127.59999999999702,133.6167999999971,0.09999999999999432,0.1,-5.689893001203927e-15,0.0,25,0,120,68,51.530040374105305,49.8773736656788,45.748000000000374
127.69999999999702,133.7167999999971,0.09999999999999432,0.1,-5.689893001203927e-15,0.0,25,0,120,68,51.40084044908527,49.7773736656788,45.84800000000038
127.79999999999701,133.8767999999971,0.1599999999999966,0.1,0.059999999999996584,0.0,25,0,118,69,53.67486609251146,56.32326065141712,45.948000000000384
127.89999999999701,133.9767999999971,0.09999999999999432,0.1,-5.689893001203927e-15,0.0,25,0,119,69,53.55524604832765,56.22326065141712,46.048000000000386
127.999999999997,134.0767999999971,0.09999999999999432,0.1,-5.689893001203927e-15,0.0,25,0,119,70,53.42921429451911,56.12326065141712,46.14800000000039
128.099999999997,134.1767999999971,0.09999999999999432,0.1,-5.689893001203927e-15,0.0,25,0,120,70,53.29996182600316,56.02326065141712,46.24800000000038
128.199999999997,134.27679999999708,0.09999999999999432,0.1,-5.689893001203927e-15,0.0,25,0,120,70,53.17352157562263,55.92326065141712,46.34800000000038
128.299999999997,134.37679999999708,0.09999999999999432,0.1,-5.689893001203927e-15,0.0,25,0,120,70,53.04345290314178,55.823260651417115,46.448000000000384
128.399999999997,134.47679999999707,0.09999999999999432,0.1,-5.689893001203927e-15,0.0,25,0,120,70,52.91617610759596,55.723260651417114,46.548000000000386
128.499999999997,134.57679999999706,0.09999999999999432,0.1,-5.689893001203927e-15,0.0,25,0,121,70,52.78707666364183,55.62326065141711,46.64800000000039
128.59999999999698,134.67679999999706,0.09999999999999432,0.1,-5.689893001203927e-15,0.0,25,0,122,70,52.66116620912755,55.52326065141711,46.748000000000395
128.69999999999698,134.77679999999705,0.09999999999999432,0.1,-5.689893001203927e-15,0.0,25,0,124,70,52.53209156298625,55.42326065141711,46.84800000000039
128.79999999999697,134.87679999999705,0.09999999999999432,0.1,-5.689893001203927e-15,0.0,25,0,123,70,52.406196878918855,55.32326065141711,46.94800000000039
128.89999999999696,134.97679999999704,0.09999999999999432,0.1,-5.689893001203927e-15,0.0,25,0,123,70,52.277146902935186,55.22326065141711,47.04800000000039
128.99999999999696,135.07679999999704,0.09999999999999432,0.1,-5.689893001203927e-15,0.0,25,0,124,70,52.151267908130905,55.123260651417105,47.148000000000394
129.09999999999695,135.17679999999703,0.09999999999999432,0.1,-5.689893001203927e-15,0.0,25,0,124,70,52.022242475306776,55.023260651417104,47.248000000000395
129.19999999999695,135.27679999999702,0.09999999999999432,0.1,-5.689893001203927e-15,0.0,25,0,127,69,51.896379088999765,54.9232606514171,47.34800000000039
129.29999999999694,135.39679999999703,0.12000000000000455,0.1,0.020000000000004542,0.0,25,0,126,69,52.567378072990884,54.8232606514171,47.44800000000039
129.39999999999694,135.49679999999702,0.09999999999999432,0.1,-5.689893001203927e-15,0.0,25,0,126,69,52.441530214831076,54.7232606514171,47.54800000000039
129.49999999999693,135.59679999999702,0.09999999999999432,0.1,-5.689893001203927e-15,0.0,25,0,126,69,52.31255348994353,54.6232606514171,47.6480000000004
129.59999999999692,135.696799999997,0.09999999999999432,0.1,-5.689893001203927e-15,0.0,25,0,126,69,52.18672107999447,54.5232606514171,47.7480000000004
129.69999999999692,135.796799999997,0.09999999999999432,0.1,-5.689893001203927e-15,0.0,25,0,125,69,52.05776852118142,54.423260651417095,47.848000000000404
129.7999999999969,135.896799999997,0.09999999999999432,0.1,-5.689893001203927e-15,0.0,25,0,125,70,51.9400859815514,54.323260651417094,47.948000000000405
129.8999999999969,135.996799999997,0.09999999999999432,0.1,-5.689893001203927e-15,0.0,25,0,125,70,51.83115746440971,54.22326065141709,48.0480000000004
129.9999999999969,136.096799999997,0.09999999999999432,0.1,-5.689893001203927e-15,0.0,25,0,127,70,51.72535571271669,54.12326065141709,48.1480000000004
130.0999999999969,136.19679999999698,0.09999999999999432,0.1,-5.689893001203927e-15,0.0,25,0,127,69,51.61645111348364,54.02326065141709,48.2480000000004
130.1999999999969,136.29679999999698,0.09999999999999432,0.1,-5.689893001203927e-15,0.0,25,0,127,70,51.51066457265258,53.92326065141709,48.348000000000404
130.29999999999688,136.45679999999697,0.1599999999999966,0.1,0.059999999999996584,0.0,25,0,126,70,53.7031105164752,53.19000410009147,48.448000000000405
130.39999999999688,136.55679999999697,0.09999999999999432,0.1,-5.689893001203927e-15,0.0,26,0,128,70,50.489180869216014,56.41294051374223,46.684615384615775
130.49999999999687,136.65679999999696,0.09999999999999432,0.1,-5.689893001203927e-15,0.0,26,0,128,70,50.25957066386613,55.92223833740815,46.784615384615776
130.59999999999687,136.78359999999697,0.1268000000000029,0.1,0.026800000000002905,0.0,26,0,127,70,51.08827188454965,55.32223833740815,46.88461538461578
130.69999999999686,136.88359999999696,0.09999999999999432,0.1,-5.689893001203927e-15,0.0,26,0,127,70,50.8899120890713,54.70938384547577,46.98461538461577
130.79999999999686,136.98359999999695,0.09999999999999432,0.1,-5.689893001203927e-15,0.0,26,0,127,70,50.685127155876444,54.10133624477786,47.08461538461578
130.89999999999685,137.08359999999695,0.09999999999999432,0.1,-5.689893001203927e-15,0.0,26,0,127,70,50.47767092237992,53.47896478380649,47.184615384615775
130.99999999999685,137.18359999999694,0.09999999999999432,0.1,-5.689893001203927e-15,0.0,26,0,127,70,50.27350144529162,52.86808381905844,47.28461538461578
131.09999999999684,137.28359999999694,0.09999999999999432,0.1,-5.689893001203927e-15,0.0,26,0,129,71,50.06591444887066,52.263182896782894,47.38461538461578
131.19999999999683,137.38359999999693,0.09999999999999432,0.1,-5.689893001203927e-15,0.0,26,0,129,71,49.86191673544811,51.65112133755607,47.484615384615786
131.29999999999683,137.48359999999693,0.09999999999999432,0.1,-5.689893001203927e-15,0.0,26,0,128,71,49.65434001013698,51.04334958751199,47.58461538461578
131.39999999999682,137.58359999999692,0.09999999999999432,0.1,-5.689893001203927e-15,0.0,26,0,128,71,49.45026704576374,50.43475303538288,47.68461538461578
131.49999999999682,137.68359999999691,0.09999999999999432,0.1,-5.689893001203927e-15,0.0,26,0,128,71,49.243021674696664,49.814017524027435,47.78461538461578
131.5999999999968,137.7835999999969,0.09999999999999432,0.1,-5.689893001203927e-15,0.0,26,0,126,71,49.03854779275088,49.20239557540468,47.884615384615785
131.6999999999968,137.8835999999969,0.09999999999999432,0.1,-5.689893001203927e-15,0.0,26,0,125,71,48.82897089736204,48.59249478570912,47.984615384615786
131.7999999999968,137.9835999999969,0.09999999999999432,0.1,-5.689893001203927e-15,0.0,26,0,125,71,48.623884186699144,47.98728402681267,48.08461538461579
131.8999999999968,138.0835999999969,0.09999999999999432,0.1,-5.689893001203927e-15,0.0,26,0,126,71,48.415891443634706,47.37056194667673,48.18461538461578
131.9999999999968,138.1835999999969,0.09999999999999432,0.1,-5.689893001203927e-15,0.0,26,0,126,71,48.21121780616794,46.75159759566875,48.28461538461579
132.09999999999678,138.28359999999688,0.09999999999999432,0.1,-5.689893001203927e-15,0.0,26,0,126,72,48.00380235285779,46.1285068213878,48.384615384615785
132.19999999999678,138.38359999999687,0.09999999999999432,0.1,-5.689893001203927e-15,0.0,26,0,126,72,47.80026926285409,45.523573479963474,48.48461538461579
132.29999999999677,138.48359999999687,0.09999999999999432,0.1,-5.689893001203927e-15,0.0,26,0,126,72,47.592823148475254,45.177373665678736,48.58461538461579
132.39999999999677,138.58359999999686,0.09999999999999432,0.1,-5.689893001203927e-15,0.0,26,0,127,72,47.38834502069255,45.077373665678735,48.684615384615796
132.49999999999676,138.68359999999686,0.09999999999999432,0.1,-5.689893001203927e-15,0.0,26,0,128,72,47.18186440665891,44.97737366567873,48.78461538461579
132.59999999999675,138.78359999999685,0.09999999999999432,0.1,-5.689893001203927e-15,0.0,26,0,128,72,46.97601126227941,44.87737366567873,48.8846153846158
132.69999999999675,138.88359999999685,0.09999999999999432,0.1,-5.689893001203927e-15,0.0,26,0,128,72,46.76664315221653,44.77737366567873,48.98461538461579
132.79999999999674,138.98359999999684,0.09999999999999432,0.1,-5.689893001203927e-15,0.0,26,0,126,72,46.55871165207586,44.67737366567873,49.084615384615795
132.89999999999674,139.08359999999684,0.09999999999999432,0.1,-5.689893001203927e-15,0.0,26,0,125,72,46.35034497732069,44.57737366567873,49.184615384615796
132.99999999999673,139.18359999999683,0.09999999999999432,0.1,-5.689893001203927e-15,0.0,26,0,126,72,46.1481309773294,44.477373665678726,49.2846153846158
133.09999999999673,139.28359999999682,0.09999999999999432,0.1,-5.689893001203927e-15,0.0,26,0,126,72,45.94203304501547,44.377373665678725,49.3846153846158
133.19999999999672,139.38359999999682,0.09999999999999432,0.1,-5.689893001203927e-15,0.0,26,0,126,72,45.73969106162405,44.277373665678724,49.4846153846158
133.29999999999671,139.4835999999968,0.09999999999999432,0.1,-5.689893001203927e-15,0.0,26,0,125,72,45.534125742770314,44.17737366567872,49.584615384615795
133.3999999999967,139.5835999999968,0.09999999999999432,0.1,-5.689893001203927e-15,0.0,26,0,125,71,45.332134249821145,44.07737366567872,49.6846153846158
133.4999999999967,139.6835999999968,0.09999999999999432,0.1,-5.689893001203927e-15,0.0,26,0,126,71,45.126898850759936,43.97737366567872,49.7846153846158
133.5999999999967,139.7835999999968,0.09999999999999432,0.1,-5.689893001203927e-15,0.0,26,0,126,71,44.924241857235984,43.480360596755084,49.8846153846158
133.6999999999967,139.8835999999968,0.09999999999999432,0.1,-5.689893001203927e-15,0.0,26,0,127,71,44.71910276625563,42.873381862401786,49.9846153846158
133.7999999999967,139.98359999999678,0.09999999999999432,0.1,-5.689893001203927e-15,0.0,26,0,127,71,44.51662766594625,42.256251024665076,50.084615384615795
133.89999999999668,140.08359999999678,0.09999999999999432,0.1,-5.689893001203927e-15,0.0,26,0,128,71,44.31158995268483,41.65129253346047,50.1846153846158
133.99999999999667,140.18359999999677,0.09999999999999432,0.1,-5.689893001203927e-15,0.0,26,0,128,71,44.10830025437228,41.01259066420626,50.2846153846158
134.09999999999667,140.28359999999677,0.09999999999999432,0.1,-5.689893001203927e-15,0.0,26,0,127,72,43.9005023679364,40.33525526181858,50.384615384615806
134.19999999999666,140.38359999999676,0.09999999999999432,0.1,-5.689893001203927e-15,0.0,26,0,128,72,43.69871618260057,39.73525526181858,50.4846153846158
134.29999999999666,140.48359999999676,0.09999999999999432,0.1,-5.689893001203927e-15,0.0,26,0,128,71,43.49391616764362,39.13525526181858,50.584615384615795
134.39999999999665,140.58359999999675,0.09999999999999432,0.1,-5.689893001203927e-15,0.0,26,0,129,71,43.292144884739315,38.53525526181858,50.6846153846158
134.49999999999665,140.68359999999674,0.09999999999999432,0.1,-5.689893001203927e-15,0.0,26,0,129,72,43.08736818207894,37.935255261818575,50.7846153846158
134.59999999999664,140.78359999999674,0.09999999999999432,0.1,-5.689893001203927e-15,0.0,26,0,129,72,42.8856117248908,37.48383228713023,50.884615384615806
134.69999999999663,140.88359999999673,0.09999999999999432,0.1,-5.689893001203927e-15,0.0,26,0,128,72,42.68085821451897,37.383832287130225,50.9846153846158
134.79999999999663,140.98359999999673,0.09999999999999432,0.1,-5.689893001203927e-15,0.0,26,0,129,72,42.479116506726555,37.283832287130224,51.084615384615795
134.89999999999662,141.08359999999672,0.09999999999999432,0.1,-5.689893001203927e-15,0.0,26,0,131,72,42.28593703766202,37.18383228713022,51.1846153846158
134.99999999999662,141.18359999999672,0.09999999999999432,0.1,-5.689893001203927e-15,0.0,26,0,132,72,42.11722318785444,37.08383228713022,51.2846153846158
135.0999999999966,141.2835999999967,0.09999999999999432,0.1,-5.689893001203927e-15,0.0,26,0,133,72,41.9641664892077,36.98383228713022,51.384615384615806
135.1999999999966,141.3835999999967,0.09999999999999432,0.1,-5.689893001203927e-15,0.0,26,0,133,72,41.828068514490674,36.88383228713022,51.4846153846158
135.2999999999966,141.4835999999967,0.09999999999999432,0.1,-5.689893001203927e-15,0.0,26,0,134,73,41.697073761363626,36.78383228713022,51.584615384615795
135.3999999999966,141.5835999999967,0.09999999999999432,0.1,-5.689893001203927e-15,0.0,26,0,133,73,41.57229892467756,36.683832287130215,51.6846153846158
135.4999999999966,141.6835999999967,0.09999999999999432,0.1,-5.689893001203927e-15,0.0,26,0,133,73,41.44480614472638,36.583832287130214,51.7846153846158
135.59999999999658,141.78359999999668,0.09999999999999432,0.1,-5.689893001203927e-15,0.0,26,0,133,73,41.31986252551668,36.48383228713021,51.884615384615806
135.69999999999658,141.88359999999668,0.09999999999999432,0.1,-5.689893001203927e-15,0.0,26,0,133,73,41.19208838774706,36.38383228713021,51.9846153846158
135.79999999999657,141.98359999999667,0.09999999999999432,0.1,-5.689893001203927e-15,0.0,26,0,133,73,41.0669658358807,36.28383228713021,52.084615384615795
135.89999999999657,142.08359999999666,0.09999999999999432,0.1,-5.689893001203927e-15,0.0,26,0,133,73,40.938683043089476,36.18383228713021,52.1846153846158
135.99999999999656,142.18359999999666,0.09999999999999432,0.1,-5.689893001203927e-15,0.0,26,0,132,73,40.81357672922851,36.08383228713021,52.2846153846158
136.09999999999656,142.28359999999665,0.09999999999999432,0.1,-5.689893001203927e-15,0.0,26,0,132,73,40.685319338009954,35.983832287130205,52.3846153846158
136.19999999999655,142.38359999999665,0.09999999999999432,0.1,-5.689893001203927e-15,0.0,26,0,132,73,40.560229178563695,35.883832287130204,52.4846153846158
136.29999999999654,142.48359999999664,0.09999999999999432,0.1,-5.689893001203927e-15,0.0,26,0,132,72,40.43199705815454,35.7838322871302,52.584615384615795
136.39999999999654,142.58359999999664,0.09999999999999432,0.1,-5.689893001203927e-15,0.0,26,0,132,72,40.30692296996263,35.6838322871302,52.684615384615796
136.49999999999653,142.73159999999663,0.14799999999999613,0.1,0.04799999999999613,0.0,26,0,131,72,42.02486983642658,40.97737366567868,52.7846153846158
136.59999999999653,142.83159999999663,0.09999999999999432,0.1,-5.689893001203927e-15,0.0,26,0,131,72,41.899811736756746,40.877373665678675,52.8846153846158
136.69999999999652,142.93159999999662,0.09999999999999432,0.1,-5.689893001203927e-15,0.0,26,0,132,72,41.7711237798058,40.777373665678674,52.98461538461579
136.79999999999652,143.03159999999662,0.09999999999999432,0.1,-5.689893001203927e-15,0.0,26,0,132,72,41.64303321451775,40.67737366567867,53.084615384615795
136.8999999999965,143.1315999999966,0.09999999999999432,0.1,-5.689893001203927e-15,0.0,26,0,134,73,41.514876128671276,40.57737366567867,53.184615384615796
136.9999999999965,143.2315999999966,0.09999999999999432,0.1,-5.689893001203927e-15,0.0,26,0,134,73,41.38984975955012,40.47737366567867,53.28461538461579
137.0999999999965,143.3315999999966,0.09999999999999432,0.1,-5.689893001203927e-15,0.0,26,0,133,73,41.26171742815684,40.37737366567867,53.3846153846158
137.1999999999965,143.4315999999966,0.09999999999999432,0.1,-5.689893001203927e-15,0.0,26,0,133,73,41.13670680190752,40.27737366567867,53.48461538461579
137.2999999999965,143.5315999999966,0.09999999999999432,0.1,-5.689893001203927e-15,0.0,26,0,133,73,41.00859909753544,40.177373665678665,53.58461538461579
137.39999999999648,143.63159999999658,0.09999999999999432,0.1,-5.689893001203927e-15,0.0,26,0,135,73,40.88360413311615,40.077373665678664,53.684615384615796
137.49999999999648,143.79159999999658,0.1599999999999966,0.1,0.059999999999996584,0.0,26,0,134,73,43.06321323668157,39.97737366567866,53.78461538461579
137.59999999999647,143.89159999999657,0.09999999999999432,0.1,-5.689893001203927e-15,0.0,26,0,134,73,42.9360846276035,39.87737366567866,53.884615384615785
137.69999999999646,143.99159999999657,0.09999999999999432,0.1,-5.689893001203927e-15,0.0,26,0,135,73,42.80182038384818,39.77737366567866,53.98461538461579
137.79999999999646,144.09159999999656,0.09999999999999432,0.1,-5.689893001203927e-15,0.0,26,0,135,73,42.67685650163011,39.67737366567866,54.08461538461579
137.89999999999645,144.19159999999655,0.09999999999999432,0.1,-5.689893001203927e-15,0.0,26,0,135,73,42.54882192027267,39.57737366567866,54.18461538461578
137.99999999999645,144.29159999999655,0.09999999999999432,0.1,-5.689893001203927e-15,0.0,26,0,134,73,42.42444912819698,39.477373665678655,54.28461538461579
138.09999999999644,144.39159999999654,0.09999999999999432,0.1,-5.689893001203927e-15,0.0,26,0,133,73,42.306341889746015,39.377373665678654,54.384615384615785
138.19999999999644,144.49159999999654,0.09999999999999432,0.1,-5.689893001203927e-15,0.0,26,0,133,73,42.193527227113194,39.27737366567865,54.484615384615786
138.29999999999643,144.59159999999653,0.09999999999999432,0.1,-5.689893001203927e-15,0.0,26,0,134,73,42.079976426837064,39.17737366567865,54.58461538461579
138.39999999999642,144.69159999999653,0.09999999999999432,0.1,-5.689893001203927e-15,0.0,26,0,134,73,41.97184080211214,39.07737366567865,54.68461538461578
138.49999999999642,144.79159999999652,0.09999999999999432,0.1,-5.689893001203927e-15,0.0,26,0,134,72,41.86066045194031,38.97737366567865,54.78461538461578
138.5999999999964,144.89159999999652,0.09999999999999432,0.1,-5.689893001203927e-15,0.0,26,0,135,72,41.729527010605224,38.87737366567865,54.884615384615785
138.6999999999964,144.9915999999965,0.09999999999999432,0.1,-5.689893001203927e-15,0.0,26,0,134,72,41.59531895119664,38.777373665678645,54.984615384615786
138.7999999999964,145.0915999999965,0.09999999999999432,0.1,-5.689893001203927e-15,0.0,26,0,134,72,41.46412369288378,38.677373665678644,55.08461538461578
138.8999999999964,145.1915999999965,0.09999999999999432,0.1,-5.689893001203927e-15,0.0,26,0,134,72,41.32986234129789,38.57737366567864,55.18461538461578
138.9999999999964,145.2915999999965,0.09999999999999432,0.1,-5.689893001203927e-15,0.0,26,0,134,72,41.19860518824346,38.47737366567864,55.28461538461578
139.09999999999638,145.3915999999965,0.09999999999999432,0.1,-5.689893001203927e-15,0.0,26,0,134,72,41.06429042283212,38.37737366567864,55.384615384615785
139.19999999999638,145.49159999999648,0.09999999999999432,0.1,-5.689893001203927e-15,0.0,26,0,135,72,40.93297129767264,38.27737366567864,55.484615384615786
139.29999999999637,145.59159999999648,0.09999999999999432,0.1,-5.689893001203927e-15,0.0,26,0,134,72,40.79860299741395,38.17737366567864,55.58461538461578
139.39999999999637,145.69159999999647,0.09999999999999432,0.1,-5.689893001203927e-15,0.0,26,0,134,72,40.66722182318415,38.077373665678635,55.68461538461578
139.49999999999636,145.79159999999646,0.09999999999999432,0.1,-5.689893001203927e-15,0.0,26,0,134,72,40.5327998676792,37.977373665678634,55.78461538461578
139.59999999999636,145.89159999999646,0.09999999999999432,0.1,-5.689893001203927e-15,0.0,26,0,133,73,40.37516426011775,37.87737366567863,55.88461538461578
139.69999999999635,145.99159999999645,0.09999999999999432,0.1,-5.689893001203927e-15,0.0,26,0,135,73,40.214457760356666,37.77737366567863,55.984615384615786
139.79999999999634,146.09159999999645,0.09999999999999432,0.1,-5.689893001203927e-15,0.0,26,0,135,73,40.056683027904086,37.67737366567863,56.08461538461578
139.89999999999634,146.19159999999644,0.09999999999999432,0.1,-5.689893001203927e-15,0.0,26,0,136,73,39.8958457108782,37.57737366567863,56.184615384615775
139.99999999999633,146.29159999999644,0.09999999999999432,0.1,-5.689893001203927e-15,0.0,26,0,137,73,39.73793177775175,37.47737366567863,56.28461538461578
140.09999999999633,146.39159999999643,0.09999999999999432,0.1,-5.689893001203927e-15,0.0,26,0,137,73,39.57696352491199,37.377373665678626,56.38461538461578
140.19999999999632,146.49159999999642,0.09999999999999432,0.1,-5.689893001203927e-15,0.0,25,0,137,73,41.002835788134426,37.277373665678624,56.36400000000039
140.29999999999632,146.59159999999642,0.09999999999999432,0.1,-5.689893001203927e-15,0.0,25,0,137,73,40.83954744828665,37.17737366567862,56.46400000000039
140.3999999999963,146.6915999999964,0.09999999999999432,0.1,-5.689893001203927e-15,0.0,25,0,138,72,40.6788360051512,37.07737366567862,56.56400000000038
140.4999999999963,146.7915999999964,0.09999999999999432,0.1,-5.689893001203927e-15,0.0,25,0,140,72,40.51509410007358,36.97737366567862,56.66400000000038
140.5999999999963,146.8915999999964,0.09999999999999432,0.1,-5.689893001203927e-15,0.0,25,0,141,72,40.3540359608414,36.87737366567862,56.76400000000038
140.6999999999963,146.9915999999964,0.09999999999999432,0.1,-5.689893001203927e-15,0.0,25,0,141,72,40.18960514103432,36.77737366567862,56.86400000000038
140.7999999999963,147.0915999999964,0.09999999999999432,0.1,-5.689893001203927e-15,0.0,25,0,142,72,40.02840394433394,36.677373665678616,56.964000000000375
140.89999999999628,147.19159999999638,0.09999999999999432,0.1,-5.689893001203927e-15,0.0,25,0,142,73,39.86383962821017,36.577373665678614,57.06400000000038
140.99999999999628,147.29159999999638,0.09999999999999432,0.1,-5.689893001203927e-15,0.0,25,0,144,73,39.70249528682413,36.47737366567861,57.16400000000038
141.09999999999627,147.39159999999637,0.09999999999999432,0.1,-5.689893001203927e-15,0.0,25,0,144,73,39.53779733794692,36.37737366567861,57.26400000000038
141.19999999999627,147.49159999999637,0.09999999999999432,0.1,-5.689893001203927e-15,0.0,25,0,145,72,39.376309765106704,36.27737366567861,57.36400000000038
141.29999999999626,147.59159999999636,0.09999999999999432,0.1,-5.689893001203927e-15,0.0,25,0,145,72,39.21147804774163,36.17737366567861,57.464000000000375
141.39999999999625,147.69159999999636,0.09999999999999432,0.1,-5.689893001203927e-15,0.0,25,0,145,72,39.049847157125434,36.07737366567861,57.56400000000037
141.49999999999625,147.79159999999635,0.09999999999999432,0.1,-5.689893001203927e-15,0.0,25,0,146,72,38.88488153623682,35.977373665678606,57.66400000000037
141.59999999999624,147.89159999999634,0.09999999999999432,0.1,-5.689893001203927e-15,0.0,25,0,147,72,38.723107241967185,35.877373665678604,57.76400000000037
141.69999999999624,147.99159999999634,0.09999999999999432,0.1,-5.689893001203927e-15,0.0,25,0,147,72,38.5580075832145,35.7773736656786,57.86400000000037
141.79999999999623,148.09159999999633,0.09999999999999432,0.1,-5.689893001203927e-15,0.0,25,0,147,72,38.396089799856064,35.6773736656786,57.96400000000037
141.89999999999623,148.19159999999633,0.09999999999999432,0.1,-5.689893001203927e-15,0.0,25,0,147,72,38.23085596959034,35.55994247125546,58.06400000000037
141.99999999999622,148.29159999999632,0.09999999999999432,0.1,-5.689893001203927e-15,0.0,25,0,147,73,38.068794612147535,35.30940853518551,58.16400000000037
142.09999999999621,148.39159999999632,0.09999999999999432,0.1,-5.689893001203927e-15,0.0,25,0,147,73,37.9034264774078,34.97820516669202,58.26400000000037
142.1999999999962,148.4915999999963,0.09999999999999432,0.1,-5.689893001203927e-15,0.0,25,0,149,74,37.74122146132262,34.19303393901042,58.36400000000037
142.2999999999962,148.5915999999963,0.09999999999999432,0.1,-5.689893001203927e-15,0.0,25,0,150,74,37.575718889832366,33.38503393901041,58.46400000000037
142.3999999999962,148.6915999999963,0.09999999999999432,0.1,-5.689893001203927e-15,0.0,25,0,149,73,37.41337013098209,32.57603393901041,58.56400000000036
142.4999999999962,148.7915999999963,0.09999999999999432,0.1,-5.689893001203927e-15,0.0,25,0,148,74,37.24773299114575,31.766033939010406,58.66400000000036
142.5999999999962,148.8915999999963,0.09999999999999432,0.1,-5.689893001203927e-15,0.0,25,0,147,74,37.08524040584069,30.955033939010402,58.76400000000036
142.69999999999618,148.99159999999628,0.09999999999999432,0.1,-5.689893001203927e-15,0.0,25,0,147,74,36.91946856674015,30.143033939010397,58.86400000000036
142.79999999999617,149.09159999999628,0.09999999999999432,0.1,-5.689893001203927e-15,0.0,25,0,146,74,36.75683207172146,29.330033939010395,58.96400000000036
142.89999999999617,149.19159999999627,0.09999999999999432,0.1,-5.689893001203927e-15,0.0,25,0,146,74,36.59092540311252,29.18383228713011,59.06400000000036
142.99999999999616,149.29159999999627,0.09999999999999432,0.1,-5.689893001203927e-15,0.0,24,0,147,74,37.95237813868345,32.413166120245904,59.22500000000036
143.09999999999616,149.39159999999626,0.09999999999999432,0.1,-5.689893001203927e-15,0.0,24,0,147,74,37.78358477650528,32.0851254279697,59.32500000000035
143.19999999999615,149.49159999999625,0.09999999999999432,0.1,-5.689893001203927e-15,0.0,24,0,147,74,37.61803835722371,31.837011365212106,59.42500000000035
143.29999999999615,149.61499999999626,0.12340000000000373,0.1,0.023400000000003723,0.0,24,0,146,73,38.348316669040784,31.50959347321607,59.52500000000035
143.39999999999614,149.71499999999625,0.09999999999999432,0.1,-5.689893001203927e-15,0.0,24,0,146,73,38.104672880379056,31.261875487273883,59.62500000000034
143.49999999999613,149.81499999999625,0.09999999999999432,0.1,-5.689893001203927e-15,0.0,24,0,145,73,37.842780036764445,30.354782955957752,59.72500000000034
143.59999999999613,149.93599999999623,0.1209999999999809,0.1,0.020999999999980895,0.0,24,0,144,72,38.47008379246833,33.877373665678576,59.82500000000034
143.69999999999612,150.15599999999623,0.21999999999999886,0.1,0.11999999999999886,0.0,24,0,143,72,43.24133957094738,33.777373665678574,59.925000000000345
143.79999999999612,150.31599999999622,0.1599999999999966,0.1,0.059999999999996584,0.0,24,0,142,72,45.41067426587736,33.67737366567857,60.02500000000034
143.8999999999961,150.47599999999622,0.1599999999999966,0.1,0.059999999999996584,0.0,24,0,140,72,47.62167446406039,37.09891016558687,60.125000000000334
143.9999999999961,150.64199999999622,0.16599999999999682,0.1,0.06599999999999681,0.0,23,0,137,71,52.26652630212902,38.56764368170236,60.026086956522064
144.0999999999961,150.8019999999962,0.1599999999999966,0.1,0.059999999999996584,0.0,24,0,136,71,51.269252699121154,42.71294051374203,57.625000000000306
144.1999999999961,150.95539999999622,0.15340000000000487,0.1,0.05340000000000486,0.0,24,0,135,71,53.12771568042194,42.61294051374203,57.72500000000031
144.2999999999961,151.2163999999962,0.2609999999999957,0.1,0.16099999999999567,0.0,24,0,132,71,59.50867529652131,43.18897754589512,57.8250000000003
144.39999999999608,151.3163999999962,0.09999999999999432,0.1,-5.689893001203927e-15,0.0,25,0,132,71,55.80801042999058,43.08897754589512,55.612000000000286
144.49999999999608,151.4163999999962,0.09999999999999432,0.1,-5.689893001203927e-15,0.0,25,0,132,72,55.45911618560901,42.98897754589512,55.71200000000029
144.59999999999607,151.5163999999962,0.09999999999999432,0.1,-5.689893001203927e-15,0.0,25,0,133,72,55.15630310708645,42.888977545895116,55.81200000000028
144.69999999999607,151.6163999999962,0.09999999999999432,0.1,-5.689893001203927e-15,0.0,25,0,132,72,54.86965646064794,42.788977545895115,55.91200000000028
144.79999999999606,151.71639999999618,0.09999999999999432,0.1,-5.689893001203927e-15,0.0,25,0,133,72,54.61150381331676,42.68897754589511,56.01200000000028
144.89999999999606,151.81639999999618,0.09999999999999432,0.1,-5.689893001203927e-15,0.0,25,0,133,72,54.35326617439675,42.58897754589511,56.11200000000028
144.99999999999605,151.91639999999617,0.09999999999999432,0.1,-5.689893001203927e-15,0.0,25,0,133,72,54.105050144942716,42.48897754589511,56.21200000000027
145.09999999999604,152.01639999999617,0.09999999999999432,0.1,-5.689893001203927e-15,0.0,25,0,133,72,53.86450133375988,42.38897754589511,56.31200000000027
145.19999999999604,152.15179999999617,0.13540000000000418,0.1,0.03540000000000418,0.0,25,0,132,72,55.03982669768371,42.28897754589511,56.41200000000027
145.29999999999603,152.25179999999617,0.09999999999999432,0.1,-5.689893001203927e-15,0.0,26,0,133,72,51.732050883536395,43.98024989033308,54.34230769230795
145.39999999999603,152.35179999999616,0.09999999999999432,0.1,-5.689893001203927e-15,0.0,26,0,133,72,51.46739662535128,43.880249890333076,54.44230769230795
145.49999999999602,152.45179999999615,0.09999999999999432,0.1,-5.689893001203927e-15,0.0,26,0,133,72,51.21192484580353,43.780249890333074,54.54230769230794
145.59999999999602,152.55179999999615,0.09999999999999432,0.1,-5.689893001203927e-15,0.0,26,0,133,73,50.910942787866965,43.68024989033307,54.64230769230794
145.699999999996,152.69299999999615,0.14119999999999777,0.1,0.041199999999997766,0.0,26,0,132,72,52.20099635932662,43.58024989033307,54.74230769230793
145.799999999996,152.79299999999614,0.09999999999999432,0.1,-5.689893001203927e-15,0.0,26,0,132,72,51.91650611259466,43.00357242026288,54.842307692307934
145.899999999996,153.01299999999614,0.21999999999999886,0.1,0.11999999999999886,0.0,26,0,130,72,56.23658643755433,43.38024989033307,54.94230769230793
145.999999999996,153.11299999999613,0.09999999999999432,0.1,-5.689893001203927e-15,0.0,27,0,130,72,52.9410933132857,43.28024989033307,53.007407407407634
146.099999999996,153.21299999999613,0.09999999999999432,0.1,-5.689893001203927e-15,0.0,27,0,130,72,52.62321945236752,43.180249890333066,53.10740740740763
146.19999999999598,153.31299999999612,0.09999999999999432,0.1,-5.689893001203927e-15,0.0,27,0,131,72,52.31357090136498,43.06334991207778,53.20740740740763
146.29999999999598,153.46699999999612,0.15399999999999636,0.1,0.053999999999996356,0.0,27,0,131,72,54.00321185883683,42.98024989033306,53.307407407407624
146.39999999999597,153.5669999999961,0.09999999999999432,0.1,-5.689893001203927e-15,0.0,27,0,132,72,53.69226203529892,42.88024989033306,53.407407407407625
146.49999999999596,153.6669999999961,0.09999999999999432,0.1,-5.689893001203927e-15,0.0,26,0,132,72,55.5238122558738,60.43822845181006,52.6769230769233
146.59999999999596,153.7669999999961,0.09999999999999432,0.1,-5.689893001203927e-15,0.0,26,0,132,72,55.23184747712581,59.83822845181006,52.776923076923296
146.69999999999595,153.8669999999961,0.09999999999999432,0.1,-5.689893001203927e-15,0.0,26,0,133,72,54.95038250405666,59.23822845181006,52.87692307692329
146.79999999999595,153.9669999999961,0.09999999999999432,0.1,-5.689893001203927e-15,0.0,26,0,134,72,54.67921391449716,58.63822845181006,52.97692307692329
146.89999999999594,154.06699999999609,0.09999999999999432,0.1,-5.689893001203927e-15,0.0,26,0,133,72,54.41174028090867,58.038228451810056,53.076923076923286
146.99999999999594,154.16699999999608,0.09999999999999432,0.1,-5.689893001203927e-15,0.0,26,0,134,72,54.14734870566353,57.438228451810055,53.17692307692328
147.09999999999593,154.26699999999607,0.09999999999999432,0.1,-5.689893001203927e-15,0.0,26,0,134,72,53.88827886045537,57.01127782848976,53.27692307692328
147.19999999999592,154.42699999999607,0.1599999999999966,0.1,0.059999999999996584,0.0,26,0,133,72,55.94270130879517,56.5900478371099,53.376923076923276
147.29999999999592,154.52699999999606,0.09999999999999432,0.1,-5.689893001203927e-15,0.0,26,0,133,72,55.6908751387898,55.9900478371099,53.47692307692327
147.3999999999959,154.62699999999606,0.09999999999999432,0.1,-5.689893001203927e-15,0.0,26,0,134,72,55.43432058416276,55.3900478371099,53.57692307692327
147.4999999999959,154.78699999999606,0.1599999999999966,0.1,0.059999999999996584,0.0,26,0,134,72,57.490840499547375,54.790047837109896,53.676923076923266
147.5999999999959,154.88699999999605,0.09999999999999432,0.1,-5.689893001203927e-15,0.0,27,0,135,72,54.189402403552485,54.12638585987314,51.78888888888907
147.6999999999959,154.98699999999604,0.09999999999999432,0.1,-5.689893001203927e-15,0.0,27,0,135,72,53.923990811618644,53.52361259148753,51.88888888888906
147.7999999999959,155.08699999999604,0.09999999999999432,0.1,-5.689893001203927e-15,0.0,27,0,136,73,53.657168716781975,52.85705860652927,51.988888888889065
147.89999999999588,155.18699999999603,0.09999999999999432,0.1,-5.689893001203927e-15,0.0,27,0,137,73,53.388028191097234,52.193396629292515,52.08888888888906
147.99999999999588,155.28699999999603,0.09999999999999432,0.1,-5.689893001203927e-15,0.0,27,0,137,73,53.11908469503473,51.526558490482515,52.18888888888906
148.09999999999587,155.38699999999602,0.09999999999999432,0.1,-5.689893001203927e-15,0.0,27,0,137,71,52.85112926998076,50.86289651324576,52.288888888889055
148.19999999999587,155.48699999999602,0.09999999999999432,0.1,-5.689893001203927e-15,0.0,27,0,137,72,52.58424737380781,50.191331974961045,52.38888888888905
148.29999999999586,155.586999999996,0.09999999999999432,0.1,-5.689893001203927e-15,0.0,27,0,137,72,52.26984113560031,49.591331974961044,52.48888888888905
148.39999999999586,155.733799999996,0.14679999999998472,0.1,0.046799999999984715,0.0,27,0,136,72,53.70865234860747,48.99133197496104,52.588888888889045
148.49999999999585,155.941799999996,0.2079999999999984,0.1,0.1079999999999984,0.0,27,0,134,71,57.414399651265114,54.029996860521194,52.688888888889046
148.59999999999584,156.101799999996,0.1599999999999966,0.1,0.059999999999996584,0.0,28,0,133,71,56.34409029317727,55.26606486099951,50.90714285714301
148.69999999999584,156.22539999999597,0.12359999999998195,0.1,0.02359999999998194,0.0,28,0,134,71,56.83493086697661,54.46643204674085,51.007142857142995
148.79999999999583,156.60059999999598,0.37520000000000664,0.1,0.27520000000000666,0.0,27,0,128,71,68.83490043654503,73.76311806774841,50.17037037037052
148.89999999999583,156.76059999999597,0.1599999999999966,0.1,0.059999999999996584,0.0,27,0,127,71,70.74861676300924,73.30737701118547,50.270370370370514
148.99999999999582,156.86059999999597,0.09999999999999432,0.1,-5.689893001203927e-15,0.0,27,0,127,71,70.45212061197502,72.85163595462252,50.370370370370516
149.09999999999582,157.08059999999597,0.21999999999999886,0.1,0.11999999999999886,0.0,27,0,125,70,74.61621614707224,76.17272168193438,50.47037037037051
149.1999999999958,157.24059999999596,0.1599999999999966,0.1,0.059999999999996584,0.0,27,0,124,70,76.59987078636998,76.07272168193438,50.57037037037051
149.2999999999958,157.34059999999596,0.09999999999999432,0.1,-5.689893001203927e-15,0.0,27,0,124,70,76.354893964792,75.97272168193439,50.6703703703705
149.3999999999958,157.50059999999596,0.1599999999999966,0.1,0.059999999999996584,0.0,27,0,122,70,78.3651887075391,75.8727216819344,50.7703703703705
149.4999999999958,157.60059999999595,0.09999999999999432,0.1,-5.689893001203927e-15,0.0,28,0,122,68,74.46232701464872,74.9,49.057142857142985
149.5999999999958,157.70059999999594,0.09999999999999432,0.1,-5.689893001203927e-15,0.0,28,0,122,68,74.2332951382691,74.27607177292246,49.15714285714297
149.69999999999578,157.80059999999594,0.09999999999999432,0.1,-5.689893001203927e-15,0.0,28,0,122,66,74.01101345442619,73.67607177292247,49.25714285714297
149.79999999999578,157.90059999999593,0.09999999999999432,0.1,-5.689893001203927e-15,0.0,28,0,122,66,73.78873177058327,73.07607177292248,49.35714285714297
149.89999999999577,158.00059999999593,0.09999999999999432,0.1,-5.689893001203927e-15,0.0,28,0,122,66,73.55945305674696,72.47607177292248,49.45714285714297
149.99999999999577,158.15959999999592,0.15899999999999181,0.1,0.05899999999999181,0.0,28,0,122,66,75.45799637998729,71.87607177292249,49.55714285714297
150.09999999999576,158.31959999999592,0.1599999999999966,0.1,0.059999999999996584,0.0,29,0,121,67,73.86993302650208,71.45080568207379,47.94827586206907
150.19999999999575,158.4195999999959,0.09999999999999432,0.1,-5.689893001203927e-15,0.0,29,0,122,68,73.65447241168023,71.3508056820738,48.04827586206906
150.29999999999575,158.5195999999959,0.09999999999999432,0.1,-5.689893001203927e-15,0.0,29,0,122,68,73.45398397882875,71.2508056820738,48.14827586206906
150.39999999999574,158.6703999999959,0.15080000000000382,0.1,0.050800000000003814,0.0,29,0,120,66,75.01344294081414,72.98486488702365,48.248275862069065
150.49999999999574,158.7703999999959,0.09999999999999432,0.1,-5.689893001203927e-15,0.0,28,0,120,66,77.51046234964402,74.77272168193446,47.62500000000008
150.59999999999573,158.8703999999959,0.09999999999999432,0.1,-5.689893001203927e-15,0.0,28,0,120,65,77.29062768536942,74.67272168193446,47.72500000000008
150.69999999999573,158.9703999999959,0.09999999999999432,0.1,-5.689893001203927e-15,0.0,28,0,120,65,77.09809680200773,74.57272168193447,47.82500000000008
150.79999999999572,159.07039999999589,0.09999999999999432,0.1,-5.689893001203927e-15,0.0,28,0,120,65,76.92092668018577,74.47272168193447,47.925000000000075
150.8999999999957,159.17039999999588,0.09999999999999432,0.1,-5.689893001203927e-15,0.0,28,0,120,65,76.76213958086315,74.37272168193448,48.02500000000008
150.9999999999957,159.27039999999587,0.09999999999999432,0.1,-5.689893001203927e-15,0.0,28,0,120,65,76.61496457928601,74.27272168193448,48.125000000000064
151.0999999999957,159.37039999999587,0.09999999999999432,0.1,-5.689893001203927e-15,0.0,28,0,120,64,76.46493756073978,74.17272168193449,48.225000000000065
151.1999999999957,159.47039999999586,0.09999999999999432,0.1,-5.689893001203927e-15,0.0,28,0,120,64,76.32239192025452,74.0727216819345,48.32500000000006
151.2999999999957,159.57039999999586,0.09999999999999432,0.1,-5.689893001203927e-15,0.0,28,0,120,64,76.18667763454025,73.9727216819345,48.42500000000006
151.39999999999569,159.67039999999585,0.09999999999999432,0.1,-5.689893001203927e-15,0.0,28,0,120,64,76.05096334882596,73.87272168193451,48.525000000000055
151.49999999999568,159.77039999999585,0.09999999999999432,0.1,-5.689893001203927e-15,0.0,28,0,120,65,75.91524906311167,73.77272168193451,48.62500000000006
151.59999999999567,159.87039999999584,0.09999999999999432,0.1,-5.689893001203927e-15,0.0,28,0,120,64,75.7795347773974,73.67272168193452,48.72500000000006
151.69999999999567,159.97039999999583,0.09999999999999432,0.1,-5.689893001203927e-15,0.0,28,0,120,64,75.6438204916831,73.57272168193452,48.82500000000005
151.79999999999566,160.12419999999582,0.15379999999998972,0.1,0.05379999999998972,0.0,28,0,119,64,77.42953477739741,73.47272168193453,48.925000000000054
151.89999999999566,160.22419999999582,0.09999999999999432,0.1,-5.689893001203927e-15,0.0,29,0,119,65,73.75611405499103,71.03099991435494,47.33793103448281
151.99999999999565,160.3241999999958,0.09999999999999432,0.1,-5.689893001203927e-15,0.0,29,0,119,65,73.59563952481273,70.93099991435494,47.4379310344828
152.09999999999565,160.4241999999958,0.09999999999999432,0.1,-5.689893001203927e-15,0.0,29,0,119,65,73.4439153868817,70.83099991435495,47.537931034482796
152.19999999999564,160.5241999999958,0.09999999999999432,0.1,-5.689893001203927e-15,0.0,29,0,120,65,73.29761230852313,70.73099991435495,47.6379310344828
152.29999999999563,160.6241999999958,0.09999999999999432,0.1,-5.689893001203927e-15,0.0,29,0,120,65,73.15960734535297,70.63099991435496,47.73793103448279
152.39999999999563,160.7241999999958,0.09999999999999432,0.1,-5.689893001203927e-15,0.0,29,0,120,65,73.03596257256626,70.53099991435496,47.837931034482786
152.49999999999562,160.82419999999578,0.09999999999999432,0.1,-5.689893001203927e-15,0.0,29,0,120,64,72.92561772614015,70.43099991435497,47.93793103448279
152.59999999999562,160.92419999999578,0.09999999999999432,0.1,-5.689893001203927e-15,0.0,29,0,120,64,72.82044530292708,70.33099991435498,48.03793103448279
152.6999999999956,161.02419999999577,0.09999999999999432,0.1,-5.689893001203927e-15,0.0,29,0,120,64,72.7204453029271,70.23099991435498,48.13793103448278
152.7999999999956,161.12419999999577,0.09999999999999432,0.1,-5.689893001203927e-15,0.0,29,0,120,64,72.6204453029271,70.13099991435499,48.23793103448278
152.8999999999956,161.22419999999576,0.09999999999999432,0.1,-5.689893001203927e-15,0.0,29,0,120,64,72.52044530292711,70.030999914355,48.33793103448278
152.9999999999956,161.32419999999576,0.09999999999999432,0.1,-5.689893001203927e-15,0.0,29,0,121,64,72.4204453029271,69.930999914355,48.43793103448277
153.0999999999956,161.42419999999575,0.09999999999999432,0.1,-5.689893001203927e-15,0.0,29,0,121,64,72.3204453029271,69.830999914355,48.537931034482774
153.19999999999558,161.52419999999574,0.09999999999999432,0.1,-5.689893001203927e-15,0.0,29,0,122,64,72.22044530292712,69.73099991435501,48.63793103448277
153.29999999999558,161.62419999999574,0.09999999999999432,0.1,-5.689893001203927e-15,0.0,29,0,122,64,72.12044530292711,69.63099991435502,48.73793103448277
153.39999999999557,161.72419999999573,0.09999999999999432,0.1,-5.689893001203927e-15,0.0,29,0,123,64,72.02044530292713,69.53099991435502,48.837931034482764
153.49999999999557,161.82419999999573,0.09999999999999432,0.1,-5.689893001203927e-15,0.0,29,0,124,64,71.92044530292712,69.43099991435503,48.93793103448276
153.59999999999556,161.92419999999572,0.09999999999999432,0.1,-5.689893001203927e-15,0.0,29,0,124,62,71.82044530292711,69.33099991435503,49.03793103448276
153.69999999999555,162.02419999999572,0.09999999999999432,0.1,-5.689893001203927e-15,0.0,29,0,124,62,71.72044530292713,69.23099991435504,49.13793103448276
153.79999999999555,162.1241999999957,0.09999999999999432,0.1,-5.689893001203927e-15,0.0,29,0,125,61,71.62044530292712,69.13099991435504,49.237931034482756
153.89999999999554,162.2241999999957,0.09999999999999432,0.1,-5.689893001203927e-15,0.0,29,0,125,61,71.52044530292714,69.03099991435505,49.33793103448275
153.99999999999554,162.3241999999957,0.09999999999999432,0.1,-5.689893001203927e-15,0.0,29,0,125,60,71.40060383633272,68.93099991435506,49.43793103448275
154.09999999999553,162.4841999999957,0.1599999999999966,0.1,0.059999999999996584,0.0,29,0,126,60,73.35232797426377,71.06527753444821,49.537931034482746
154.19999999999553,162.6441999999957,0.1599999999999966,0.1,0.059999999999996584,0.0,29,0,126,60,75.30873193669517,70.96527753444822,49.63793103448274
154.29999999999552,162.7441999999957,0.09999999999999432,0.1,-5.689893001203927e-15,0.0,30,0,126,60,71.84709696690963,70.86527753444823,48.08333333333332
154.39999999999552,162.84419999999568,0.09999999999999432,0.1,-5.689893001203927e-15,0.0,30,0,126,60,71.70681995334085,70.76527753444823,48.183333333333316
154.4999999999955,162.94419999999567,0.09999999999999432,0.1,-5.689893001203927e-15,0.0,30,0,127,60,71.56904220419764,70.66527753444824,48.28333333333331
154.5999999999955,163.10419999999567,0.1599999999999966,0.1,0.059999999999996584,0.0,30,0,127,61,73.43570887086433,70.56527753444824,48.38333333333331
154.6999999999955,163.20419999999567,0.09999999999999432,0.1,-5.689893001203927e-15,0.0,30,0,127,61,73.302375537531,70.46527753444825,48.48333333333331
154.7999999999955,163.36419999999566,0.1599999999999966,0.1,0.059999999999996584,0.0,30,0,126,61,75.16593572142554,70.4727216819347,48.5833333333333
154.8999999999955,163.51179999999565,0.14759999999998286,0.1,0.04759999999998285,0.0,30,0,125,61,76.62393035162845,70.3727216819347,48.6833333333333
154.99999999999548,163.67179999999564,0.1599999999999966,0.1,0.059999999999996584,0.0,31,0,124,61,75.14891471477237,70.27272168193471,47.21290322580642
155.09999999999548,163.77179999999564,0.09999999999999432,0.1,-5.689893001203927e-15,0.0,32,0,125,61,71.84565837109932,70.17272168193472,45.83749999999996
155.19999999999547,163.87179999999563,0.09999999999999432,0.1,-5.689893001203927e-15,0.0,32,0,125,61,71.65400728558951,70.07272168193472,45.937499999999964
155.29999999999546,163.97179999999562,0.09999999999999432,0.1,-5.689893001203927e-15,0.0,32,0,125,61,71.46342728528866,69.97272168193473,46.03749999999996
155.39999999999546,164.17299999999562,0.20120000000000005,0.1,0.10120000000000004,0.0,32,0,122,61,74.43515481711125,69.87272168193473,46.13749999999996
155.49999999999545,164.27299999999562,0.09999999999999432,0.1,-5.689893001203927e-15,0.0,32,0,122,61,74.25625339690424,69.77272168193474,46.237499999999955
155.59999999999545,164.3729999999956,0.09999999999999432,0.1,-5.689893001203927e-15,0.0,32,0,122,61,74.05500863002698,69.67272168193475,46.337499999999956
155.69999999999544,164.4729999999956,0.09999999999999432,0.1,-5.689893001203927e-15,0.0,32,0,122,61,73.86446164850766,69.57272168193475,46.43749999999995
155.79999999999544,164.5729999999956,0.09999999999999432,0.1,-5.689893001203927e-15,0.0,32,0,122,61,73.67351474323449,69.47272168193476,46.53749999999995
155.89999999999543,164.6729999999956,0.09999999999999432,0.1,-5.689893001203927e-15,0.0,31,0,122,61,75.86439379814209,69.37272168193476,46.122580645161214
155.99999999999542,164.82399999999558,0.15099999999998204,0.1,0.05099999999998203,0.0,31,0,121,61,77.33176752608927,69.27272168193477,46.222580645161216
156.09999999999542,164.92399999999557,0.09999999999999432,0.1,-5.689893001203927e-15,0.0,32,0,121,61,73.93832433845519,69.06527753444833,44.87812499999992
156.1999999999954,165.02399999999557,0.09999999999999432,0.1,-5.689893001203927e-15,0.0,32,0,121,61,73.7078000510924,68.96527753444833,44.97812499999992
156.2999999999954,165.12399999999556,0.09999999999999432,0.1,-5.689893001203927e-15,0.0,32,0,121,61,73.49272368521396,68.86527753444834,45.078124999999915
156.3999999999954,165.26399999999555,0.13999999999998636,0.1,0.03999999999998635,0.0,32,0,120,60,74.5275761415141,68.76527753444834,45.178124999999916
156.4999999999954,165.42399999999554,0.1599999999999966,0.1,0.059999999999996584,0.0,32,0,121,60,76.19839159292701,68.66527753444835,45.27812499999991
156.5999999999954,165.52399999999554,0.09999999999999432,0.1,-5.689893001203927e-15,0.0,33,0,120,60,72.92386395580642,68.56527753444836,44.006060606060515
156.69999999999538,165.62399999999553,0.09999999999999432,0.1,-5.689893001203927e-15,0.0,33,0,120,60,72.72705107143678,68.46527753444836,44.10606060606052
156.79999999999538,165.72399999999553,0.09999999999999432,0.1,-5.689893001203927e-15,0.0,33,0,120,60,72.55877234387849,68.36527753444837,44.20606060606052
156.89999999999537,165.82399999999552,0.09999999999999432,0.1,-5.689893001203927e-15,0.0,33,0,120,59,72.39266583772974,68.26527753444837,44.30606060606051
156.99999999999537,165.92399999999552,0.09999999999999432,0.1,-5.689893001203927e-15,0.0,33,0,120,59,72.22528392374977,68.16527753444838,44.40606060606051
157.09999999999536,166.0239999999955,0.09999999999999432,0.1,-5.689893001203927e-15,0.0,33,0,120,59,71.9755482201665,68.06527753444838,44.5060606060605
157.19999999999536,166.1239999999955,0.09999999999999432,0.1,-5.689893001203927e-15,0.0,33,0,120,59,71.7471519310924,67.96527753444839,44.6060606060605
157.29999999999535,166.2239999999955,0.09999999999999432,0.1,-5.689893001203927e-15,0.0,33,0,120,58,71.518714306428,67.8652775344484,44.706060606060504
157.39999999999534,166.3239999999955,0.09999999999999432,0.1,-5.689893001203927e-15,0.0,33,0,120,58,71.29017757710501,66.9245284039934,44.8060606060605
157.49999999999534,166.4239999999955,0.09999999999999432,0.1,-5.689893001203927e-15,0.0,33,0,120,58,71.0615247576691,65.45988522147842,44.9060606060605
157.59999999999533,166.52399999999548,0.09999999999999432,0.1,-5.689893001203927e-15,0.0,33,0,121,58,70.83233272657206,65.35988522147842,45.00606060606049
157.69999999999533,166.64619999999547,0.12219999999999231,0.1,0.02219999999999231,0.0,33,0,120,58,71.27602918355744,67.46527753444842,45.10606060606049
157.79999999999532,166.74619999999547,0.09999999999999432,0.1,-5.689893001203927e-15,0.0,33,0,122,58,71.04863125422807,67.36527753444842,45.20606060606049
157.89999999999532,166.84619999999546,0.09999999999999432,0.1,-5.689893001203927e-15,0.0,33,0,122,58,70.81388348944515,67.26527753444843,45.306060606060484
157.9999999999953,166.94619999999546,0.09999999999999432,0.1,-5.689893001203927e-15,0.0,33,0,122,58,70.58375612428314,67.16527753444844,45.406060606060485
158.0999999999953,167.04619999999545,0.09999999999999432,0.1,-5.689893001203927e-15,0.0,33,0,121,59,70.35434260757765,67.06527753444844,45.50606060606049
158.1999999999953,167.14619999999545,0.09999999999999432,0.1,-5.689893001203927e-15,0.0,33,0,122,59,70.12458122243095,66.96527753444845,45.606060606060474
158.2999999999953,167.24619999999544,0.09999999999999432,0.1,-5.689893001203927e-15,0.0,33,0,123,59,69.89468629685544,66.86527753444845,45.706060606060475
158.3999999999953,167.34619999999543,0.09999999999999432,0.1,-5.689893001203927e-15,0.0,33,0,123,59,69.66480288702704,66.76527753444846,45.80606060606047
158.49999999999528,167.44619999999543,0.09999999999999432,0.1,-5.689893001203927e-15,0.0,33,0,123,59,69.43584687795324,66.66527753444846,45.90606060606047
158.59999999999528,167.54619999999542,0.09999999999999432,0.1,-5.689893001203927e-15,0.0,33,0,124,59,69.20575739648798,66.56527753444847,46.00606060606047
158.69999999999527,167.64619999999542,0.09999999999999432,0.1,-5.689893001203927e-15,0.0,33,0,123,59,68.9757663092316,66.46527753444848,46.10606060606047
158.79999999999526,167.8061999999954,0.1599999999999966,0.1,0.059999999999996584,0.0,33,0,123,59,70.56412798329035,66.36527753444848,46.20606060606046
158.89999999999526,167.9061999999954,0.09999999999999432,0.1,-5.689893001203927e-15,0.0,33,0,123,59,70.32084239649274,66.26527753444849,46.306060606060456
158.99999999999525,168.0661999999954,0.1599999999999966,0.1,0.059999999999996584,0.0,33,0,123,59,71.90361952208414,66.16527753444849,46.40606060606046
159.09999999999525,168.1661999999954,0.09999999999999432,0.1,-5.689893001203927e-15,0.0,34,0,124,59,68.82696190040058,66.0652775344485,45.141176470588086
159.19999999999524,168.2661999999954,0.09999999999999432,0.1,-5.689893001203927e-15,0.0,34,0,126,59,68.5811247177254,65.9652775344485,45.24117647058809
159.29999999999524,168.3661999999954,0.09999999999999432,0.1,-5.689893001203927e-15,0.0,34,0,126,58,68.33800623478481,65.86527753444851,45.34117647058809
159.39999999999523,168.46619999999538,0.09999999999999432,0.1,-5.689893001203927e-15,0.0,34,0,128,58,68.09460304526526,65.76527753444851,45.44117647058808
159.49999999999523,168.56619999999538,0.09999999999999432,0.1,-5.689893001203927e-15,0.0,34,0,128,57,67.85069859606389,65.66527753444852,45.54117647058808
159.59999999999522,168.66619999999537,0.09999999999999432,0.1,-5.689893001203927e-15,0.0,34,0,127,57,67.60552059916047,65.3530018916312,45.64117647058808
159.6999999999952,168.76619999999537,0.09999999999999432,0.1,-5.689893001203927e-15,0.0,34,0,128,56,67.30006141472613,64.4580018916312,45.74117647058807
159.7999999999952,168.86619999999536,0.09999999999999432,0.1,-5.689893001203927e-15,0.0,34,0,129,56,66.99650325818229,63.562001891631205,45.841176470588074
159.8999999999952,168.96619999999535,0.09999999999999432,0.1,-5.689893001203927e-15,0.0,34,0,129,56,66.62811972201193,63.05988522147848,45.94117647058807
159.9999999999952,169.12619999999535,0.1599999999999966,0.1,0.059999999999996584,0.0,34,0,128,56,68.04687795666788,63.12292704769093,46.04117647058806
160.0999999999952,169.22619999999534,0.09999999999999432,0.1,-5.689893001203927e-15,0.0,34,0,128,55,67.69672539601038,62.85988522147848,46.141176470588064
160.19999999999519,169.38619999999534,0.1599999999999966,0.1,0.059999999999996584,0.0,33,0,127,54,71.21049818917272,62.75988522147848,46.27575757575739
160.29999999999518,169.60619999999534,0.21999999999999886,0.1,0.11999999999999886,0.0,34,0,126,54,71.49952051366866,66.53456400480412,45.01470588235276
160.39999999999517,169.79659999999532,0.19039999999998258,0.1,0.09039999999998258,0.0,34,0,125,54,73.69640244335093,66.63784323305016,45.11470588235275
160.49999999999517,169.9167999999953,0.12019999999998277,0.1,0.02019999999998276,0.0,34,0,124,53,73.83705325277445,68.27457289313683,45.21470588235275
160.59999999999516,170.0767999999953,0.1599999999999966,0.1,0.059999999999996584,0.0,34,0,123,53,75.14826027672652,67.40825434407542,45.31470588235275
160.69999999999516,170.1767999999953,0.09999999999999432,0.1,-5.689893001203927e-15,0.0,35,0,123,53,71.84372967322733,66.80825434407542,44.119999999999806
160.79999999999515,170.3967999999953,0.21999999999999886,0.1,0.11999999999999886,0.0,35,0,121,53,74.83350007156672,66.20825434407543,44.21999999999981
160.89999999999515,170.4967999999953,0.09999999999999432,0.1,-5.689893001203927e-15,0.0,35,0,121,53,74.41309951312653,65.40144539819903,44.31999999999981
160.99999999999514,170.6225999999953,0.12579999999999814,0.1,0.02579999999999813,0.0,35,0,120,53,74.7531485341555,64.80144539819904,44.4199999999998
161.09999999999513,170.72259999999528,0.09999999999999432,0.1,-5.689893001203927e-15,0.0,35,0,120,53,74.37660692582949,64.19906842417227,44.5199999999998
161.19999999999513,170.82259999999528,0.09999999999999432,0.1,-5.689893001203927e-15,0.0,35,0,119,54,74.00548808311595,64.07272168193506,44.6199999999998
161.29999999999512,170.92259999999527,0.09999999999999432,0.1,-5.689893001203927e-15,0.0,35,0,118,54,73.6348537845634,63.97272168193506,44.71999999999979
161.39999999999512,171.08059999999526,0.15799999999998704,0.1,0.057999999999987034,0.0,35,0,116,54,74.9206329260274,63.87272168193506,44.819999999999794
161.4999999999951,171.18059999999525,0.09999999999999432,0.1,-5.689893001203927e-15,0.0,36,0,116,54,71.80065037707668,68.23568984517637,43.6749999999998
161.5999999999951,171.32619999999525,0.14560000000000173,0.1,0.04560000000000172,0.0,36,0,116,54,72.70496281103243,68.13568984517637,43.77499999999979
161.6999999999951,171.42619999999525,0.09999999999999432,0.1,-5.689893001203927e-15,0.0,36,0,116,54,72.3443751139634,68.03568984517638,43.874999999999794
161.7999999999951,171.52619999999524,0.09999999999999432,0.1,-5.689893001203927e-15,0.0,36,0,117,53,71.97225587768168,67.93568984517638,43.97499999999979
161.8999999999951,171.62619999999524,0.09999999999999432,0.1,-5.689893001203927e-15,0.0,36,0,117,53,71.6202711061733,67.83568984517639,44.07499999999979
161.99999999999508,171.72619999999523,0.09999999999999432,0.1,-5.689893001203927e-15,0.0,36,0,119,53,71.25366337105731,67.7356898451764,44.174999999999784
162.09999999999508,171.82619999999523,0.09999999999999432,0.1,-5.689893001203927e-15,0.0,36,0,119,53,70.92502310316075,67.6356898451764,44.27499999999978
162.19999999999507,172.01199999999523,0.1858000000000004,0.1,0.0858000000000004,0.0,36,0,118,53,73.01308965648624,69.11780906520102,44.37499999999978
162.29999999999507,172.11199999999522,0.09999999999999432,0.1,-5.689893001203927e-15,0.0,36,0,118,54,72.73609545789895,69.01780906520102,44.474999999999774
162.39999999999506,172.21199999999521,0.09999999999999432,0.1,-5.689893001203927e-15,0.0,36,0,119,54,72.45822698284647,68.91780906520103,44.574999999999775
162.49999999999505,172.3719999999952,0.1599999999999966,0.1,0.059999999999996584,0.0,36,0,118,54,73.85980207209431,68.81780906520103,44.67499999999977
162.59999999999505,172.4719999999952,0.09999999999999432,0.1,-5.689893001203927e-15,0.0,37,0,119,54,70.93263085719187,68.71780906520104,43.567567567567345
162.69999999999504,172.6319999999952,0.1599999999999966,0.1,0.059999999999996584,0.0,37,0,118,54,72.26700406312224,68.61780906520104,43.66756756756734
162.79999999999504,172.7319999999952,0.09999999999999432,0.1,-5.689893001203927e-15,0.0,37,0,118,54,72.01328153819262,68.51780906520105,43.76756756756734
162.89999999999503,172.8319999999952,0.09999999999999432,0.1,-5.689893001203927e-15,0.0,37,0,118,52,71.76439725073504,68.41780906520106,43.867567567567335
162.99999999999503,172.93199999999518,0.09999999999999432,0.1,-5.689893001203927e-15,0.0,37,0,118,52,71.5176778147092,68.31780906520106,43.967567567567336
163.09999999999502,173.03199999999518,0.09999999999999432,0.1,-5.689893001203927e-15,0.0,37,0,119,52,71.27171853185824,68.21780906520107,44.06756756756734
163.19999999999501,173.13199999999517,0.09999999999999432,0.1,-5.689893001203927e-15,0.0,37,0,119,52,71.02649284652306,68.11780906520107,44.16756756756733
163.299999999995,173.29199999999517,0.1599999999999966,0.1,0.059999999999996584,0.0,37,0,118,52,72.40056172099081,68.01780906520108,44.26756756756733
163.399999999995,173.44899999999515,0.15699999999998226,0.1,0.05699999999998226,0.0,38,0,116,52,71.09740245502906,69.5873028510277,43.202631578947134
163.499999999995,173.54899999999515,0.09999999999999432,0.1,-5.689893001203927e-15,0.0,38,0,116,51,70.83783953196784,69.1105787423846,43.302631578947135
163.599999999995,173.64899999999514,0.09999999999999432,0.1,-5.689893001203927e-15,0.0,38,0,116,51,70.5761153828902,68.43636981768906,43.40263157894714
163.699999999995,173.74899999999514,0.09999999999999432,0.1,-5.689893001203927e-15,0.0,38,0,116,51,70.2573832151545,67.83636981768906,43.50263157894713
163.79999999999498,173.84899999999513,0.09999999999999432,0.1,-5.689893001203927e-15,0.0,38,0,116,51,69.949235319006,67.23636981768907,43.602631578947125
163.89999999999498,174.00899999999513,0.1599999999999966,0.1,0.059999999999996584,0.0,37,0,115,51,73.1564914531397,66.63636981768907,43.55405405405379
163.99999999999497,174.19059999999513,0.1816000000000031,0.1,0.08160000000000309,0.0,38,0,113,51,72.41866334174041,67.74707736601468,42.50789473684185
164.09999999999496,174.29059999999512,0.09999999999999432,0.1,-5.689893001203927e-15,0.0,38,0,112,51,72.09579947469938,67.06040192984564,42.60789473684184
164.19999999999496,174.39059999999512,0.09999999999999432,0.1,-5.689893001203927e-15,0.0,38,0,112,52,71.77190079248146,66.38703586149165,42.707894736841844
164.29999999999495,174.55059999999511,0.1599999999999966,0.1,0.059999999999996584,0.0,38,0,111,52,73.0367128081374,65.69517247249333,42.807894736841845
164.39999999999495,174.7705999999951,0.21999999999999886,0.1,0.11999999999999886,0.0,38,0,108,52,75.88007318215583,65.33568984517653,42.90789473684184
164.49999999999494,174.8705999999951,0.09999999999999432,0.1,-5.689893001203927e-15,0.0,39,0,108,52,72.98634474091666,65.23568984517654,41.907692307692045
164.59999999999494,174.9705999999951,0.09999999999999432,0.1,-5.689893001203927e-15,0.0,39,0,108,52,72.6619284977963,65.13568984517654,42.00769230769205
164.69999999999493,175.0705999999951,0.09999999999999432,0.1,-5.689893001203927e-15,0.0,39,0,108,52,72.34143544237111,65.03568984517655,42.10769230769205
164.79999999999492,175.1705999999951,0.09999999999999432,0.1,-5.689893001203927e-15,0.0,39,0,108,52,72.02092590238554,64.56262285341884,42.20769230769204
164.89999999999492,175.27059999999508,0.09999999999999432,0.1,-5.689893001203927e-15,0.0,39,0,108,52,71.69997673718639,64.08611713254592,42.30769230769204
164.9999999999949,175.43059999999508,0.1599999999999966,0.1,0.059999999999996584,0.0,39,0,106,52,72.91758614435516,64.73568984517657,42.40769230769204
165.0999999999949,175.53059999999508,0.09999999999999432,0.1,-5.689893001203927e-15,0.0,39,0,105,52,72.5962194013019,64.63568984517657,42.50769230769204
165.1999999999949,175.63059999999507,0.09999999999999432,0.1,-5.689893001203927e-15,0.0,39,0,105,52,72.27369776448555,64.53568984517658,42.607692307692034
165.2999999999949,175.73059999999506,0.09999999999999432,0.1,-5.689893001203927e-15,0.0,39,0,105,52,71.9510217330029,64.43568984517658,42.70769230769203
165.3999999999949,175.83059999999506,0.09999999999999432,0.1,-5.689893001203927e-15,0.0,39,0,105,52,71.58149043526161,63.295689845176604,42.80769230769203
165.49999999999488,175.93059999999505,0.09999999999999432,0.1,-5.689893001203927e-15,0.0,39,0,105,52,71.2162120081756,62.15468984517662,42.90769230769203
165.59999999999488,176.07319999999504,0.1425999999999874,0.1,0.0425999999999874,0.0,39,0,105,52,71.95815299039627,61.01268984517664,43.007692307692025
165.69999999999487,176.17319999999503,0.09999999999999432,0.1,-5.689893001203927e-15,0.0,39,0,106,52,71.61895898702302,60.197452096100584,43.10769230769203
165.79999999999487,176.27319999999503,0.09999999999999432,0.1,-5.689893001203927e-15,0.0,39,0,107,52,71.24737510932879,59.720946375227655,43.20769230769202
165.89999999999486,176.37319999999502,0.09999999999999432,0.1,-5.689893001203927e-15,0.0,39,0,108,52,70.88162293747892,59.244440654354726,43.30769230769202
165.99999999999486,176.47319999999502,0.09999999999999432,0.1,-5.689893001203927e-15,0.0,39,0,108,52,70.52332658104527,58.7679349334818,43.40769230769202
166.09999999999485,176.601999999995,0.12879999999998404,0.1,0.028799999999984033,0.0,39,0,107,52,70.90838903153006,58.29142921260887,43.50769230769202
166.19999999999484,176.701999999995,0.09999999999999432,0.1,-5.689893001203927e-15,0.0,39,0,107,52,70.56901757844749,57.81492349173594,43.60769230769202
166.29999999999484,176.801999999995,0.09999999999999432,0.1,-5.689893001203927e-15,0.0,39,0,107,52,70.2173442266176,56.72811973169516,43.707692307692014
166.39999999999483,176.90199999999498,0.09999999999999432,0.1,-5.689893001203927e-15,0.0,39,0,107,52,69.87273238728358,56.55988522147839,43.80769230769201
166.49999999999483,177.00199999999498,0.09999999999999432,0.1,-5.689893001203927e-15,0.0,39,0,107,53,69.5368217156472,56.430999914355226,43.90769230769201
166.59999999999482,177.10199999999497,0.09999999999999432,0.1,-5.689893001203927e-15,0.0,39,0,107,53,69.20596696456835,56.330999914355225,44.007692307692004
166.69999999999482,177.20199999999497,0.09999999999999432,0.1,-5.689893001203927e-15,0.0,39,0,108,53,68.87241110515994,56.10595960910353,44.107692307692005
166.7999999999948,177.30199999999496,0.09999999999999432,0.1,-5.689893001203927e-15,0.0,39,0,108,53,68.5398503457033,56.00595960910353,44.207692307692
166.8999999999948,177.40199999999496,0.09999999999999432,0.1,-5.689893001203927e-15,0.0,39,0,108,53,68.20772670960393,55.905959609103526,44.307692307692
166.9999999999948,177.50199999999495,0.09999999999999432,0.1,-5.689893001203927e-15,0.0,39,0,108,53,67.87633761709961,55.805959609103525,44.407692307691995
167.0999999999948,177.60199999999494,0.09999999999999432,0.1,-5.689893001203927e-15,0.0,39,0,108,53,67.52596014552897,55.70595960910352,44.507692307692
167.1999999999948,177.75179999999494,0.14979999999999905,0.1,0.04979999999999904,0.0,39,0,107,53,68.45330240708294,55.60595960910352,44.60769230769199
167.29999999999478,177.85179999999494,0.09999999999999432,0.1,-5.689893001203927e-15,0.0,40,0,106,53,65.77904717852388,55.630999914355215,43.592499999999696
167.39999999999478,177.95179999999493,0.09999999999999432,0.1,-5.689893001203927e-15,0.0,40,0,106,52,65.42013324362225,55.53099991435521,43.69249999999969
167.49999999999477,178.05179999999493,0.09999999999999432,0.1,-5.689893001203927e-15,0.0,40,0,107,51,65.06452082850896,55.43099991435521,43.79249999999969
167.59999999999476,178.15179999999492,0.09999999999999432,0.1,-5.689893001203927e-15,0.0,40,0,108,51,64.64350808265615,55.33099991435521,43.892499999999686
167.69999999999476,178.31179999999492,0.1599999999999966,0.1,0.059999999999996584,0.0,40,0,106,50,65.72455596934748,55.23099991435521,43.99249999999968
167.79999999999475,178.4117999999949,0.09999999999999432,0.1,-5.689893001203927e-15,0.0,39,0,106,50,66.97255982436083,55.13099991435521,42.984615384615076
167.89999999999475,178.5717999999949,0.1599999999999966,0.1,0.059999999999996584,0.0,39,0,106,50,68.09028624351986,55.05988522147837,43.08461538461508
167.99999999999474,178.7103999999949,0.13859999999999673,0.1,0.03859999999999672,0.0,39,0,105,50,68.66510582816015,54.959885221478366,43.18461538461507
168.09999999999474,178.8103999999949,0.09999999999999432,0.1,-5.689893001203927e-15,0.0,39,0,105,50,68.24143595356642,54.83796517493122,43.284615384615066
168.19999999999473,178.9509999999949,0.14060000000000628,0.1,0.04060000000000627,0.0,38,0,104,50,70.72461239555372,54.75988522147836,42.207894736841794
168.29999999999472,179.0761999999949,0.12520000000000664,0.1,0.025200000000006634,0.0,38,0,103,50,70.98482284100174,54.65988522147836,42.307894736841796
168.39999999999472,179.1761999999949,0.09999999999999432,0.1,-5.689893001203927e-15,0.0,38,0,103,50,70.57647388469711,54.55988522147836,42.4078947368418
168.4999999999947,179.2761999999949,0.09999999999999432,0.1,-5.689893001203927e-15,0.0,38,1,103,50,70.18091108916651,54.45988522147836,42.50789473684179
168.5999999999947,179.3761999999949,0.09999999999999432,0.1,-5.689893001203927e-15,0.0,37,1,103,49,71.75967559299227,54.35988522147836,41.45405405405374
168.6999999999947,179.4761999999949,0.09999999999999432,0.1,-5.689893001203927e-15,0.0,37,1,104,49,71.39724442626128,54.259885221478356,41.55405405405374
168.7999999999947,179.57619999999488,0.09999999999999432,0.1,-5.689893001203927e-15,0.0,37,1,104,48,71.03417915665919,54.159885221478355,41.654054054053745
168.8999999999947,179.70759999999487,0.13139999999998508,0.1,0.03139999999998508,0.0,37,1,103,48,71.52363565563373,56.58740736404989,41.754054054053746
168.99999999999469,179.80759999999486,0.09999999999999432,0.1,-5.689893001203927e-15,0.0,37,1,104,48,71.17237947772622,55.987407364049886,41.85405405405374
169.09999999999468,179.93379999999485,0.126199999999983,0.1,0.026199999999982987,0.0,37,1,103,48,71.52806545763617,59.96319875292829,41.95405405405374
169.19999999999467,180.03379999999484,0.09999999999999432,0.1,-5.689893001203927e-15,0.0,37,1,104,48,71.1679724659342,59.40029673949635,42.054054054053736
169.29999999999467,180.13379999999484,0.09999999999999432,0.1,-5.689893001203927e-15,0.0,37,1,103,48,70.80512692586196,58.76876288671192,42.15405405405374
169.39999999999466,180.23379999999483,0.09999999999999432,0.1,-5.689893001203927e-15,0.0,37,1,103,48,70.45028766100673,58.16876288671192,42.25405405405373
169.49999999999466,180.33379999999482,0.09999999999999432,0.1,-5.689893001203927e-15,0.0,37,1,102,49,70.09757214915271,57.568762886711916,42.354054054053734
169.59999999999465,180.43379999999482,0.09999999999999432,0.1,-5.689893001203927e-15,0.0,37,1,102,49,69.74464418174145,56.968762886711914,42.454054054053735
169.69999999999465,180.5337999999948,0.09999999999999432,0.1,-5.689893001203927e-15,0.0,37,1,102,49,69.39260658074598,56.36876288671191,42.55405405405373
169.79999999999464,180.6337999999948,0.09999999999999432,0.1,-5.689893001203927e-15,0.0,37,1,103,48,69.03953267035061,55.76876288671191,42.65405405405373
169.89999999999463,180.7617999999948,0.1279999999999859,0.1,0.027999999999985897,0.0,37,1,102,48,69.44174224506783,57.97115536514435,42.754054054053725
169.99999999999463,180.8617999999948,0.09999999999999432,0.1,-5.689893001203927e-15,0.0,37,1,103,48,69.07095927902697,56.49115579727024,42.85405405405373
170.09999999999462,180.96179999999478,0.09999999999999432,0.1,-5.689893001203927e-15,0.0,37,1,104,48,68.69878320157815,55.105155797270235,42.95405405405372
170.19999999999462,181.09799999999478,0.13620000000000232,0.1,0.036200000000002314,0.0,37,1,103,48,69.30839110994664,56.96787859811891,43.05405405405372
170.2999999999946,181.19799999999478,0.09999999999999432,0.1,-5.689893001203927e-15,0.0,36,1,103,48,70.86746836510916,56.95015587521307,43.83611111111077
170.3999999999946,181.31939999999477,0.12139999999999418,0.1,0.021399999999994174,0.0,36,1,102,48,71.09030552490816,64.39465970822542,43.93611111111076
170.4999999999946,181.41939999999477,0.09999999999999432,0.1,-5.689893001203927e-15,0.0,36,1,104,48,70.72130594061088,63.78531225980359,44.03611111111076
170.5999999999946,181.51939999999476,0.09999999999999432,0.1,-5.689893001203927e-15,0.0,36,1,104,48,70.35230565768616,63.18151284380243,44.13611111111076
170.6999999999946,181.65979999999476,0.14039999999999964,0.1,0.04039999999999963,0.0,36,1,104,48,71.11368966833665,62.573426291799365,44.23611111111076
170.79999999999458,181.75979999999475,0.09999999999999432,0.1,-5.689893001203927e-15,0.0,36,1,104,47,70.75013639687663,61.96219052281821,44.33611111111075
170.89999999999458,181.85979999999475,0.09999999999999432,0.1,-5.689893001203927e-15,0.0,36,1,104,47,70.37858062414799,61.359247837972866,44.436111111110755
170.99999999999457,181.95979999999474,0.09999999999999432,0.1,-5.689893001203927e-15,0.0,35,1,106,46,72.10593631694981,60.68780346444104,42.674285714285396
171.09999999999457,182.11499999999475,0.15520000000000778,0.1,0.05520000000000777,0.0,35,1,105,46,73.33691458103024,59.83032563673608,42.7742857142854
171.19999999999456,182.21499999999475,0.09999999999999432,0.1,-5.689893001203927e-15,0.0,36,1,105,46,70.26568271065804,59.344515847675424,41.686111111110804
171.29999999999455,182.37499999999474,0.1599999999999966,0.1,0.059999999999996584,0.0,36,1,105,46,71.58858402100925,59.850028713855444,41.7861111111108
171.39999999999455,182.47499999999474,0.09999999999999432,0.1,-5.689893001203927e-15,0.0,36,1,106,46,71.26180947522572,59.25002871385544,41.88611111111081
171.49999999999454,182.63119999999472,0.15619999999998413,0.1,0.056199999999984124,0.0,36,1,105,46,72.49290621547144,60.40998574298852,41.9861111111108
171.59999999999454,182.73119999999471,0.09999999999999432,0.1,-5.689893001203927e-15,0.0,36,1,105,46,72.17496539158606,59.25798574298853,42.086111111110796
171.69999999999453,182.8311999999947,0.09999999999999432,0.1,-5.689893001203927e-15,0.0,36,1,105,46,71.86113828676991,58.104985742988546,42.1861111111108
171.79999999999453,182.9833999999947,0.15219999999999345,0.1,0.052199999999993446,0.0,36,1,104,46,72.99418513682798,56.950985742988564,42.28611111111079
171.89999999999452,183.1391999999947,0.15579999999999927,0.1,0.05579999999999927,0.0,37,1,103,46,71.55846195972998,54.87533227772299,41.24324324324294
171.99999999999451,183.2391999999947,0.09999999999999432,0.1,-5.689893001203927e-15,0.0,37,1,103,46,71.2367557700745,54.18360186916547,41.34324324324293
172.0999999999945,183.3991999999947,0.1599999999999966,0.1,0.059999999999996584,0.0,37,1,102,46,72.51770832741508,53.5161316500158,41.44324324324293
172.1999999999945,183.4991999999947,0.09999999999999432,0.1,-5.689893001203927e-15,0.0,37,1,102,46,72.18231721261874,52.91432437516302,41.54324324324293
172.2999999999945,183.59919999999468,0.09999999999999432,0.1,-5.689893001203927e-15,0.0,37,1,102,45,71.84688149176883,52.31432437516302,41.64324324324293
172.3999999999945,183.7217999999947,0.1226000000000056,0.1,0.022600000000005588,0.0,37,1,101,45,72.13357946071582,51.71432437516302,41.74324324324293
172.4999999999945,183.82179999999468,0.09999999999999432,0.1,-5.689893001203927e-15,0.0,37,1,100,45,71.75320444528094,51.114324375163015,41.843243243242924
172.59999999999448,183.98179999999468,0.1599999999999966,0.1,0.059999999999996584,0.0,37,1,99,44,73.00611948968555,50.514324375163014,41.943243243242925
172.69999999999447,184.08179999999467,0.09999999999999432,0.1,-5.689893001203927e-15,0.0,38,1,99,45,70.08448264050352,65.65365644241129,40.93947368421021
172.79999999999447,184.18179999999467,0.09999999999999432,0.1,-5.689893001203927e-15,0.0,38,1,99,45,69.73783011069459,64.28499122665559,41.039473684210215
172.89999999999446,184.30479999999466,0.12299999999999045,0.1,0.022999999999990445,0.0,38,1,97,45,70.01177086032745,64.4536564424113,41.139473684210216
172.99999999999446,184.40479999999465,0.09999999999999432,0.1,-5.689893001203927e-15,0.0,38,1,98,45,69.69081670655994,63.8536564424113,41.23947368421021
173.09999999999445,184.50479999999465,0.09999999999999432,0.1,-5.689893001203927e-15,0.0,38,1,98,45,69.38050683719078,63.2536564424113,41.33947368421021
173.19999999999445,184.60479999999464,0.09999999999999432,0.1,-5.689893001203927e-15,0.0,38,1,98,46,69.07725007568528,62.31489013520274,41.43947368421021
173.29999999999444,184.70479999999463,0.09999999999999432,0.1,-5.689893001203927e-15,0.0,38,1,98,46,68.77401434744657,61.145890135202755,41.53947368421021
173.39999999999444,184.86479999999463,0.1599999999999966,0.1,0.059999999999996584,0.0,38,1,98,46,70.05310200444147,59.975890135202775,41.63947368421021
173.49999999999443,184.96479999999463,0.09999999999999432,0.1,-5.689893001203927e-15,0.0,39,1,98,47,67.33310935923554,58.80489013520279,40.67179487179456
173.59999999999442,185.06479999999462,0.09999999999999432,0.1,-5.689893001203927e-15,0.0,39,1,99,48,67.03653510595464,57.63289013520281,40.771794871794555
173.69999999999442,185.1647999999946,0.09999999999999432,0.1,-5.689893001203927e-15,0.0,39,1,99,48,66.74775725499985,56.459890135202826,40.871794871794556
173.7999999999944,185.2647999999946,0.09999999999999432,0.1,-5.689893001203927e-15,0.0,39,1,99,48,66.46335642718726,55.28589013520284,40.97179487179455
173.8999999999944,185.3647999999946,0.09999999999999432,0.1,-5.689893001203927e-15,0.0,39,1,99,48,66.18832977348922,54.11089013520286,41.07179487179455
173.9999999999944,185.4647999999946,0.09999999999999432,0.1,-5.689893001203927e-15,0.0,38,1,99,49,67.6587444300164,59.55139640037829,39.75263157894707
174.0999999999944,185.5647999999946,0.09999999999999432,0.1,-5.689893001203927e-15,0.0,38,1,100,49,67.39416301006156,59.451396400378286,39.85263157894707
174.1999999999944,185.66479999999459,0.09999999999999432,0.1,-5.689893001203927e-15,0.0,38,1,100,49,67.12885572009603,59.351396400378285,39.95263157894706
174.29999999999438,185.76479999999458,0.09999999999999432,0.1,-5.689893001203927e-15,0.0,38,1,100,49,66.86947793430332,59.25139640037828,40.052631578947064
174.39999999999438,185.86479999999457,0.09999999999999432,0.1,-5.689893001203927e-15,0.0,38,1,100,49,66.61928733224524,59.15139640037828,40.15263157894706
174.49999999999437,185.96479999999457,0.09999999999999432,0.1,-5.689893001203927e-15,0.0,38,1,101,49,66.37500954058497,59.05139640037828,40.25263157894706
174.59999999999437,186.06479999999456,0.09999999999999432,0.1,-5.689893001203927e-15,0.0,38,1,102,49,66.11467318989524,58.95139640037828,40.35263157894706
174.69999999999436,186.16479999999456,0.09999999999999432,0.1,-5.689893001203927e-15,0.0,38,1,102,50,65.85643909013852,58.85139640037828,40.452631578947056
174.79999999999436,186.26479999999455,0.09999999999999432,0.1,-5.689893001203927e-15,0.0,38,1,102,50,65.59762183007952,58.751396400378276,40.55263157894706
174.89999999999435,186.36479999999455,0.09999999999999432,0.1,-5.689893001203927e-15,0.0,38,1,102,50,65.34327106941541,58.651396400378275,40.65263157894706
174.99999999999434,186.46479999999454,0.09999999999999432,0.1,-5.689893001203927e-15,0.0,38,1,102,50,65.09357962358014,58.55139640037827,40.75263157894705
175.09999999999434,186.56479999999453,0.09999999999999432,0.1,-5.689893001203927e-15,0.0,38,1,101,50,64.84399100519231,58.45139640037827,40.852631578947054
175.19999999999433,186.66479999999453,0.09999999999999432,0.1,-5.689893001203927e-15,0.0,38,1,100,50,64.59389798720743,58.35139640037827,40.952631578947056
175.29999999999433,186.76479999999452,0.09999999999999432,0.1,-5.689893001203927e-15,0.0,38,1,99,50,64.34410836898678,58.25139640037827,41.05263157894705
175.39999999999432,186.86479999999452,0.09999999999999432,0.1,-5.689893001203927e-15,0.0,38,1,99,50,64.09395996910996,58.15139640037827,41.15263157894705
175.49999999999432,186.9647999999945,0.09999999999999432,0.1,-5.689893001203927e-15,0.0,38,1,98,50,63.842390835276106,58.051396400378266,41.252631578947046
175.5999999999943,187.0647999999945,0.09999999999999432,0.1,-5.689893001203927e-15,0.0,38,1,99,50,63.59116875326664,57.951396400378265,41.35263157894705
175.6999999999943,187.1647999999945,0.09999999999999432,0.1,-5.689893001203927e-15,0.0,38,1,99,49,63.33992476856572,57.85139640037826,41.45263157894705
175.7999999999943,187.2647999999945,0.09999999999999432,0.1,-5.689893001203927e-15,0.0,38,1,100,49,63.08822500128662,57.75139640037826,41.55263157894704
175.8999999999943,187.3647999999945,0.09999999999999432,0.1,-5.689893001203927e-15,0.0,38,1,100,50,62.83769576843455,57.65139640037826,41.652631578947044
175.9999999999943,187.46479999999448,0.09999999999999432,0.1,-5.689893001203927e-15,0.0,38,1,100,50,62.586494446786915,57.55139640037826,41.752631578947046
176.09999999999428,187.56479999999448,0.09999999999999432,0.1,-5.689893001203927e-15,0.0,38,1,99,50,62.333736535264414,57.45139640037826,41.85263157894704
176.19999999999428,187.66479999999447,0.09999999999999432,0.1,-5.689893001203927e-15,0.0,38,1,99,51,62.08323188817749,57.351396400378256,41.95263157894704
176.29999999999427,187.76479999999447,0.09999999999999432,0.1,-5.689893001203927e-15,0.0,38,1,99,51,61.832585518168464,57.251396400378255,42.052631578947036
176.39999999999426,187.86479999999446,0.09999999999999432,0.1,-5.689893001203927e-15,0.0,38,1,99,51,61.58088812530206,56.75724102202969,42.15263157894704
176.49999999999426,187.96479999999445,0.09999999999999432,0.1,-5.689893001203927e-15,0.0,38,1,99,51,61.3037931898208,55.585241022029706,42.25263157894704
176.59999999999425,188.06479999999445,0.09999999999999432,0.1,-5.689893001203927e-15,0.0,38,1,101,51,61.02653855164864,54.412241022029725,42.35263157894703
176.69999999999425,188.16479999999444,0.09999999999999432,0.1,-5.689893001203927e-15,0.0,38,1,102,51,60.74905706807614,53.23824102202974,42.452631578947035
176.79999999999424,188.26479999999444,0.09999999999999432,0.1,-5.689893001203927e-15,0.0,38,1,102,51,60.471595581072485,52.06324102202976,42.552631578947036
176.89999999999424,188.36479999999443,0.09999999999999432,0.1,-5.689893001203927e-15,0.0,38,1,103,51,60.194076764406944,50.88724102202978,42.65263157894703
176.99999999999423,188.46479999999443,0.09999999999999432,0.1,-5.689893001203927e-15,0.0,36,1,103,51,63.29722034171248,56.651396400378246,42.047222222221905
177.09999999999422,188.56479999999442,0.09999999999999432,0.1,-5.689893001203927e-15,0.0,36,1,104,51,63.050479626780344,56.551396400378245,42.147222222221906
177.19999999999422,188.66479999999441,0.09999999999999432,0.1,-5.689893001203927e-15,0.0,36,1,105,51,62.803922561574154,56.45139640037824,42.2472222222219
177.2999999999942,188.7647999999944,0.09999999999999432,0.1,-5.689893001203927e-15,0.0,36,1,105,52,62.55673699224925,56.35139640037824,42.3472222222219
177.3999999999942,188.8647999999944,0.09999999999999432,0.1,-5.689893001203927e-15,0.0,36,1,106,51,62.309785662222225,56.25139640037824,42.447222222221896
177.4999999999942,188.9647999999944,0.09999999999999432,0.1,-5.689893001203927e-15,0.0,36,1,106,51,62.062532389044335,56.15139640037824,42.547222222221905
177.5999999999942,189.0647999999944,0.09999999999999432,0.1,-5.689893001203927e-15,0.0,36,1,106,51,61.81511380983012,56.05139640037824,42.6472222222219
177.6999999999942,189.1647999999944,0.09999999999999432,0.1,-5.689893001203927e-15,0.0,36,1,106,51,61.567391630688775,55.951396400378236,42.74722222222189
177.79999999999418,189.26479999999438,0.09999999999999432,0.1,-5.689893001203927e-15,0.0,36,1,106,52,61.320035008933054,54.8933065768612,42.847222222221895
177.89999999999418,189.36479999999437,0.09999999999999432,0.1,-5.689893001203927e-15,0.0,36,1,107,52,61.07217087023106,53.80730657686121,42.947222222221896
177.99999999999417,189.46479999999437,0.09999999999999432,0.1,-5.689893001203927e-15,0.0,36,1,107,52,60.824188951142006,52.72030657686122,43.0472222222219
178.09999999999417,189.56479999999436,0.09999999999999432,0.1,-5.689893001203927e-15,0.0,36,1,106,52,60.5761772022811,51.63230657686123,43.14722222222189
178.19999999999416,189.66479999999436,0.09999999999999432,0.1,-5.689893001203927e-15,0.0,36,1,106,52,60.32799505901326,50.54330657686124,43.24722222222189
178.29999999999416,189.76479999999435,0.09999999999999432,0.1,-5.689893001203927e-15,0.0,36,1,105,53,60.079654162365514,49.45330657686125,43.347222222221895
178.39999999999415,189.86479999999435,0.09999999999999432,0.1,-5.689893001203927e-15,0.0,36,1,105,53,59.831356924870796,48.362306576861265,43.44722222222189
178.49999999999415,189.96479999999434,0.09999999999999432,0.1,-5.689893001203927e-15,0.0,36,1,106,53,59.58297987684509,47.27030657686128,43.54722222222189
178.59999999999414,190.06479999999434,0.09999999999999432,0.1,-5.689893001203927e-15,0.0,35,1,107,53,61.09670691535301,46.17730657686129,41.685714285714006
178.69999999999413,190.16479999999433,0.09999999999999432,0.1,-5.689893001203927e-15,0.0,35,1,108,53,60.84474984235438,45.083306576861304,41.785714285714
178.79999999999413,190.26479999999432,0.09999999999999432,0.1,-5.689893001203927e-15,0.0,35,1,107,53,60.592603757387,44.15988522147821,41.885714285714
178.89999999999412,190.36479999999432,0.09999999999999432,0.1,-5.689893001203927e-15,0.0,35,1,107,52,60.33971597482075,44.05988522147821,41.985714285714
178.99999999999412,190.4647999999943,0.09999999999999432,0.1,-5.689893001203927e-15,0.0,35,1,107,52,60.08701446382281,43.95988522147821,42.085714285714
179.0999999999941,190.5647999999943,0.09999999999999432,0.1,-5.689893001203927e-15,0.0,35,1,107,52,59.78381157478181,43.85988522147821,42.185714285714
179.1999999999941,190.7247999999943,0.1599999999999966,0.1,0.059999999999996584,0.0,35,1,108,52,61.20660005651272,43.75988522147821,42.285714285714
179.2999999999941,190.8247999999943,0.09999999999999432,0.1,-5.689893001203927e-15,0.0,36,1,108,53,58.50853044930342,54.35139640037821,41.21111111111083
179.3999999999941,190.9247999999943,0.09999999999999432,0.1,-5.689893001203927e-15,0.0,35,1,109,52,59.9239307615528,54.25139640037821,39.97714285714259
179.4999999999941,191.0847999999943,0.1599999999999966,0.1,0.059999999999996584,0.0,34,1,108,52,63.1775377833247,54.80616382920499,40.89117647058796
179.59999999999408,191.21039999999428,0.1255999999999915,0.1,0.02559999999999149,0.0,35,1,107,52,61.10452395106704,54.70616382920499,39.822857142856876
179.69999999999408,191.37039999999428,0.1599999999999966,0.1,0.059999999999996584,0.0,35,1,106,51,62.520794408102134,54.60616382920499,39.92285714285688
179.79999999999407,191.50879999999427,0.1383999999999901,0.1,0.03839999999999008,0.0,35,1,105,52,63.32033417144176,54.506163829204986,40.02285714285688
179.89999999999407,191.60879999999426,0.09999999999999432,0.1,-5.689893001203927e-15,0.0,35,1,107,52,63.018299141081755,54.406163829204985,40.12285714285687
179.99999999999406,191.76879999999426,0.1599999999999966,0.1,0.059999999999996584,0.0,35,1,106,52,64.42743801996154,54.29455464594386,40.222857142856874
180.09999999999405,191.86879999999425,0.09999999999999432,0.1,-5.689893001203927e-15,0.0,36,1,106,52,61.65039274912314,54.20616382920498,39.20555555555529
180.19999999999405,191.96879999999425,0.09999999999999432,0.1,-5.689893001203927e-15,0.0,36,1,105,52,61.34181524584605,54.10616382920498,39.30555555555529
180.29999999999404,192.12879999999424,0.1599999999999966,0.1,0.059999999999996584,0.0,36,1,104,52,62.6995409575317,56.105250963321105,39.405555555555296
180.39999999999404,192.22879999999424,0.09999999999999432,0.1,-5.689893001203927e-15,0.0,36,1,104,52,62.39150469593304,56.0052509633211,39.50555555555529
180.49999999999403,192.38879999999423,0.1599999999999966,0.1,0.059999999999996584,0.0,36,1,104,52,63.747054452492094,55.9052509633211,39.60555555555529
180.59999999999403,192.54499999999422,0.15619999999998413,0.1,0.056199999999984124,0.0,37,1,103,52,62.56410826111289,55.8052509633211,38.635135135134874
180.69999999999402,192.70499999999421,0.1599999999999966,0.1,0.059999999999996584,0.0,37,1,103,52,63.857080000106045,55.7052509633211,38.735135135134875
180.79999999999401,192.8649999999942,0.1599999999999966,0.1,0.059999999999996584,0.0,37,1,102,52,65.15554638265644,55.6052509633211,38.83513513513488
180.899999999994,192.9649999999942,0.09999999999999432,0.1,-5.689893001203927e-15,0.0,38,1,102,52,62.476581208034986,59.05223946361781,37.913157894736585
180.999999999994,193.1249999999942,0.1599999999999966,0.1,0.059999999999996584,0.0,38,1,101,52,63.7265734845038,58.95223946361781,38.013157894736594
181.099999999994,193.2849999999942,0.1599999999999966,0.1,0.059999999999996584,0.0,38,1,100,52,64.99732646640935,58.852239463617806,38.11315789473659
181.199999999994,193.50019999999418,0.21519999999998163,0.1,0.11519999999998162,0.0,38,1,99,52,67.06826124359868,62.96916281550884,36.87894736842079
181.299999999994,193.60019999999417,0.09999999999999432,0.1,-5.689893001203927e-15,0.0,37,1,99,52,68.57706631608822,62.31199456467075,34.94864864864843
181.39999999999398,193.70019999999417,0.09999999999999432,0.1,-5.689893001203927e-15,0.0,37,1,100,52,68.25874321166452,61.711994564670746,35.04864864864843
181.49999999999397,193.86019999999417,0.1599999999999966,0.1,0.059999999999996584,0.0,37,1,99,52,69.5806394425204,61.111994564670745,35.148648648648425
181.59999999999397,193.96019999999416,0.09999999999999432,0.1,-5.689893001203927e-15,0.0,38,1,99,53,66.80355165857596,60.511994564670744,34.3236842105261
181.69999999999396,194.06019999999415,0.09999999999999432,0.1,-5.689893001203927e-15,0.0,37,1,99,53,68.35706067790947,59.91199456467074,32.31621621621605
181.79999999999396,194.34979999999413,0.28959999999997876,0.1,0.18959999999997876,0.0,37,1,95,53,73.20334982864338,64.10055750003059,32.41621621621605
181.89999999999395,194.44979999999413,0.09999999999999432,0.1,-5.689893001203927e-15,0.0,39,1,95,54,67.93466854567669,64.19137185479505,30.853846153846
181.99999999999395,194.70659999999413,0.25679999999999836,0.1,0.15679999999999836,0.0,39,2,92,54,71.66538584119068,64.09137185479506,30.953846153845998
182.09999999999394,194.8491999999941,0.1425999999999874,0.1,0.0425999999999874,0.0,40,2,91,54,70.06089842939787,63.991371854795055,30.27999999999985
182.19999999999393,195.0091999999941,0.1599999999999966,0.1,0.059999999999996584,0.0,41,2,90,54,68.93487422157727,62.71829873037912,29.641463414634
182.29999999999393,195.1535999999941,0.14439999999999031,0.1,0.04439999999999031,0.0,42,2,90,54,67.50300839561672,63.79137185479505,29.03571428571414
182.39999999999392,195.38079999999408,0.22719999999998208,0.1,0.12719999999998208,0.0,42,2,88,54,70.26511237328923,63.69137185479505,29.13571428571414
182.49999999999392,195.48079999999408,0.09999999999999432,0.1,-5.689893001203927e-15,0.0,44,2,89,54,65.68505314514815,63.59137185479505,27.9113636363635
182.5999999999939,195.61859999999407,0.1377999999999986,0.1,0.037799999999998585,0.0,44,2,89,54,66.24318037345985,63.49137185479505,28.011363636363498
182.6999999999939,195.71859999999407,0.09999999999999432,0.1,-5.689893001203927e-15,0.0,44,2,89,55,66.00358979697127,63.39137185479505,28.1113636363635
182.7999999999939,195.81859999999406,0.09999999999999432,0.1,-5.689893001203927e-15,0.0,44,2,89,55,65.76932771485146,63.09375270378978,28.2113636363635
182.8999999999939,195.97859999999406,0.1599999999999966,0.1,0.059999999999996584,0.0,43,2,88,55,68.52993642724908,63.191371854795044,26.558139534883615
182.9999999999939,196.07859999999405,0.09999999999999432,0.1,-5.689893001203927e-15,0.0,43,2,88,54,68.37337743308959,63.09137185479504,26.65813953488362
183.09999999999388,196.17859999999405,0.09999999999999432,0.1,-5.689893001203927e-15,0.0,43,2,88,55,68.22433982264975,62.99137185479504,26.758139534883618
183.19999999999388,196.27859999999404,0.09999999999999432,0.1,-5.689893001203927e-15,0.0,42,2,88,54,69.70692551936148,63.21910763336484,27.466666666666562
183.29999999999387,196.37859999999404,0.09999999999999432,0.1,-5.689893001203927e-15,0.0,42,2,89,53,69.56367269162519,63.11910763336484,27.566666666666563
183.39999999999387,196.47859999999403,0.09999999999999432,0.1,-5.689893001203927e-15,0.0,42,2,89,53,69.33443967923601,63.01910763336484,27.666666666666558
183.49999999999386,196.60059999999402,0.12199999999998568,0.1,0.02199999999998567,0.0,42,2,88,53,69.67898191317904,67.03205591686874,27.76666666666656
183.59999999999386,196.700599999994,0.09999999999999432,0.1,-5.689893001203927e-15,0.0,42,2,89,53,69.50600040796641,66.42611341917046,27.86666666666656
183.69999999999385,196.800599999994,0.09999999999999432,0.1,-5.689893001203927e-15,0.0,42,2,89,53,69.30490094411402,65.80891479752177,27.966666666666562
183.79999999999384,196.900599999994,0.09999999999999432,0.1,-5.689893001203927e-15,0.0,42,2,89,53,69.10446418212881,65.20087482414647,28.066666666666563
183.89999999999384,197.000599999994,0.09999999999999432,0.1,-5.689893001203927e-15,0.0,42,2,91,53,68.90370897268986,64.58747638026942,28.166666666666558
183.99999999999383,197.100599999994,0.09999999999999432,0.1,-5.689893001203927e-15,0.0,42,2,91,52,68.70160589211983,63.970187764608475,28.26666666666656
184.09999999999383,197.20059999999398,0.09999999999999432,0.1,-5.689893001203927e-15,0.0,42,2,91,51,68.50067066517197,63.37000986997276,28.36666666666656
184.19999999999382,197.30059999999398,0.09999999999999432,0.1,-5.689893001203927e-15,0.0,42,2,91,51,68.26268256086856,62.74963783394573,28.466666666666562
184.29999999999382,197.40059999999397,0.09999999999999432,0.1,-5.689893001203927e-15,0.0,42,2,91,51,68.0368048712232,62.089011938348136,28.566666666666563
184.3999999999938,197.50059999999397,0.09999999999999432,0.1,-5.689893001203927e-15,0.0,42,2,92,51,67.81869430135389,61.41114952981193,28.666666666666558
184.4999999999938,197.60059999999396,0.09999999999999432,0.1,-5.689893001203927e-15,0.0,42,2,92,51,67.60854936155272,60.76243633261423,28.76666666666656
184.5999999999938,197.70059999999395,0.09999999999999432,0.1,-5.689893001203927e-15,0.0,42,2,92,52,67.4007119331826,60.318298730379084,28.86666666666656
184.6999999999938,197.80059999999395,0.09999999999999432,0.1,-5.689893001203927e-15,0.0,42,2,92,51,67.1997597499383,60.21829873037908,28.966666666666562
184.7999999999938,197.90059999999394,0.09999999999999432,0.1,-5.689893001203927e-15,0.0,42,2,92,51,66.9987418645532,60.11829873037908,29.066666666666556
184.89999999999378,198.00059999999394,0.09999999999999432,0.1,-5.689893001203927e-15,0.0,42,2,92,51,66.74689440354052,60.01829873037908,29.166666666666558
184.99999999999378,198.10059999999393,0.09999999999999432,0.1,-5.689893001203927e-15,0.0,42,2,91,51,66.53281170009814,59.91829873037908,29.26666666666656
185.09999999999377,198.20059999999393,0.09999999999999432,0.1,-5.689893001203927e-15,0.0,42,2,91,51,66.33170891481637,59.81829873037908,29.36666666666656
185.19999999999376,198.30059999999392,0.09999999999999432,0.1,-5.689893001203927e-15,0.0,42,2,91,51,66.12962807074867,59.718298730379075,29.466666666666562
185.29999999999376,198.40059999999391,0.09999999999999432,0.1,-5.689893001203927e-15,0.0,42,2,91,51,65.92879006108774,59.618298730379074,29.566666666666556
185.39999999999375,198.5005999999939,0.09999999999999432,0.1,-5.689893001203927e-15,0.0,42,2,91,52,65.72830032073065,59.406157622039615,29.666666666666558
185.49999999999375,198.6005999999939,0.09999999999999432,0.1,-5.689893001203927e-15,0.0,42,2,91,51,65.52755940952613,59.109894510322185,29.76666666666656
185.59999999999374,198.7005999999939,0.09999999999999432,0.1,-5.689893001203927e-15,0.0,42,2,91,51,65.32582265884446,59.009894510322184,29.86666666666656
185.69999999999374,198.8005999999939,0.09999999999999432,0.1,-5.689893001203927e-15,0.0,42,2,91,51,65.12417448427246,58.90989451032218,29.966666666666562
185.79999999999373,198.9005999999939,0.09999999999999432,0.1,-5.689893001203927e-15,0.0,42,2,91,51,64.92190178188638,58.80989451032218,30.066666666666556
185.89999999999372,199.00059999999388,0.09999999999999432,0.1,-5.689893001203927e-15,0.0,42,2,91,51,64.69204323881742,58.70989451032218,30.166666666666558
185.99999999999372,199.10059999999388,0.09999999999999432,0.1,-5.689893001203927e-15,0.0,42,2,91,51,64.4631347079085,58.60989451032218,30.26666666666656
186.0999999999937,199.20059999999387,0.09999999999999432,0.1,-5.689893001203927e-15,0.0,42,2,91,52,64.23428650872226,57.92089288019922,30.36666666666656
186.1999999999937,199.30059999999386,0.09999999999999432,0.1,-5.689893001203927e-15,0.0,42,2,91,51,64.00377679255288,56.78089288019923,30.466666666666555
186.2999999999937,199.40059999999386,0.09999999999999432,0.1,-5.689893001203927e-15,0.0,42,2,92,51,63.774944655940665,55.72335163659983,30.566666666666556
186.3999999999937,199.50059999999385,0.09999999999999432,0.1,-5.689893001203927e-15,0.0,42,2,92,51,63.511855121416474,55.62335163659983,30.666666666666558
186.4999999999937,199.60059999999385,0.09999999999999432,0.1,-5.689893001203927e-15,0.0,42,2,92,51,63.256543861890314,55.52335163659983,30.76666666666656
186.59999999999368,199.70059999999384,0.09999999999999432,0.1,-5.689893001203927e-15,0.0,42,2,92,51,63.02572444235574,55.423351636599826,30.86666666666656
186.69999999999368,199.80059999999384,0.09999999999999432,0.1,-5.689893001203927e-15,0.0,42,2,92,52,62.79619233631349,55.323351636599824,30.966666666666555
186.79999999999367,199.90059999999383,0.09999999999999432,0.1,-5.689893001203927e-15,0.0,42,2,93,52,62.56657721315181,55.22335163659982,31.066666666666556
186.89999999999367,200.00059999999382,0.09999999999999432,0.1,-5.689893001203927e-15,0.0,42,2,92,52,62.337514927524495,55.12335163659982,31.166666666666558
186.99999999999366,200.1293999999938,0.12879999999998404,0.1,0.028799999999984033,0.0,42,2,90,52,62.79261406389113,57.609894510322164,31.26666666666656
187.09999999999366,200.2293999999938,0.09999999999999432,0.1,-5.689893001203927e-15,0.0,42,2,90,52,62.56072555119429,57.50989451032216,31.366666666666553
187.19999999999365,200.3293999999938,0.09999999999999432,0.1,-5.689893001203927e-15,0.0,42,2,90,53,62.33069437855552,57.40989451032216,31.466666666666555
187.29999999999364,200.4293999999938,0.09999999999999432,0.1,-5.689893001203927e-15,0.0,42,2,91,53,62.10583933287101,57.30989451032216,31.566666666666556
187.39999999999364,200.52939999999379,0.09999999999999432,0.1,-5.689893001203927e-15,0.0,41,2,91,53,63.41083370745495,57.20989451032216,31.42439024390232
187.49999999999363,200.62939999999378,0.09999999999999432,0.1,-5.689893001203927e-15,0.0,41,2,92,54,63.201868305060174,57.10989451032216,31.524390243902317
187.59999999999363,200.72939999999377,0.09999999999999432,0.1,-5.689893001203927e-15,0.0,41,2,91,54,62.993066569605425,57.009894510322155,31.62439024390232
187.69999999999362,200.82939999999377,0.09999999999999432,0.1,-5.689893001203927e-15,0.0,41,2,92,55,62.78443032811816,56.909894510322154,31.724390243902317
187.79999999999362,200.92939999999376,0.09999999999999432,0.1,-5.689893001203927e-15,0.0,41,2,93,55,62.576212553970116,56.80989451032215,31.824390243902315
187.8999999999936,201.02939999999376,0.09999999999999432,0.1,-5.689893001203927e-15,0.0,41,2,92,55,62.36796249835808,56.70989451032215,31.92439024390232
187.9999999999936,201.12939999999375,0.09999999999999432,0.1,-5.689893001203927e-15,0.0,41,2,92,55,62.159391000171404,56.60989451032215,32.02439024390232
188.0999999999936,201.22939999999375,0.09999999999999432,0.1,-5.689893001203927e-15,0.0,41,2,92,55,61.95075229687971,56.50989451032215,32.12439024390232
188.1999999999936,201.32939999999374,0.09999999999999432,0.1,-5.689893001203927e-15,0.0,41,2,93,55,61.7416440757495,56.40989451032215,32.22439024390232
188.2999999999936,201.42939999999373,0.09999999999999432,0.1,-5.689893001203927e-15,0.0,41,2,93,55,61.53275494303123,56.309894510322145,32.324390243902315
188.39999999999358,201.52939999999373,0.09999999999999432,0.1,-5.689893001203927e-15,0.0,41,2,94,55,61.324083623574964,56.209894510322144,32.424390243902316
188.49999999999358,201.62939999999372,0.09999999999999432,0.1,-5.689893001203927e-15,0.0,41,2,94,55,61.115301723679714,56.10989451032214,32.52439024390232
188.59999999999357,201.72939999999372,0.09999999999999432,0.1,-5.689893001203927e-15,0.0,41,2,94,55,60.906397122058976,56.00989451032214,32.62439024390231
188.69999999999357,201.8293999999937,0.09999999999999432,0.1,-5.689893001203927e-15,0.0,41,2,94,55,60.69735702514169,55.90989451032214,32.72439024390232
188.79999999999356,201.9293999999937,0.09999999999999432,0.1,-5.689893001203927e-15,0.0,41,2,94,55,60.488162985178796,55.80989451032214,32.824390243902315
188.89999999999355,202.0293999999937,0.09999999999999432,0.1,-5.689893001203927e-15,0.0,41,2,94,55,60.27831233355573,55.70989451032214,32.924390243902316
188.99999999999355,202.1293999999937,0.09999999999999432,0.1,-5.689893001203927e-15,0.0,41,2,95,54,60.06737219785207,55.609894510322135,33.02439024390232
189.09999999999354,202.2293999999937,0.09999999999999432,0.1,-5.689893001203927e-15,0.0,40,2,95,53,61.356055264244695,55.509894510322134,33.332499999999875
189.19999999999354,202.32939999999368,0.09999999999999432,0.1,-5.689893001203927e-15,0.0,40,2,97,53,61.14318232126251,55.40989451032213,33.43249999999988
189.29999999999353,202.46119999999368,0.13179999999999836,0.1,0.03179999999999836,0.0,40,2,97,53,61.61574729977879,55.30989451032213,33.53249999999987
189.39999999999353,202.56119999999368,0.09999999999999432,0.1,-5.689893001203927e-15,0.0,40,2,97,53,61.293566287834,55.20989451032213,33.63249999999987
189.49999999999352,202.73579999999367,0.1745999999999981,0.1,0.07459999999999808,0.0,40,2,95,53,62.86911230045648,55.10989451032213,33.732499999999874
189.5999999999935,202.83579999999367,0.09999999999999432,0.1,-5.689893001203927e-15,0.0,40,2,96,53,62.571334201677494,55.00989451032213,33.832499999999875
189.6999999999935,202.96779999999367,0.132000000000005,0.1,0.032000000000005,0.0,39,2,95,53,64.73405351138864,54.909894510322125,32.55897435897425
189.7999999999935,203.12939999999367,0.16159999999999286,0.1,0.061599999999992855,0.0,40,2,93,53,63.762338584167274,55.11829873037901,31.844999999999892
189.8999999999935,203.22939999999366,0.09999999999999432,0.1,-5.689893001203927e-15,0.0,41,2,93,54,61.345852367639445,55.01829873037901,31.16829268292672
189.9999999999935,203.38719999999367,0.15780000000000882,0.1,0.05780000000000882,0.0,41,2,92,54,62.499763641724414,54.91829873037901,31.268292682926724
190.09999999999349,203.48719999999366,0.09999999999999432,0.1,-5.689893001203927e-15,0.0,41,2,92,54,62.2476294244641,54.818298730379006,31.36829268292672
190.19999999999348,203.58719999999366,0.09999999999999432,0.1,-5.689893001203927e-15,0.0,41,2,92,54,62.01097150944762,54.718298730379004,31.468292682926727
190.29999999999347,203.68719999999365,0.09999999999999432,0.1,-5.689893001203927e-15,0.0,41,2,93,55,61.79061810507908,54.618298730379,31.568292682926725
190.39999999999347,203.78719999999365,0.09999999999999432,0.1,-5.689893001203927e-15,0.0,41,2,93,55,61.57337704805169,54.518298730379,31.66829268292672
190.49999999999346,203.88719999999364,0.09999999999999432,0.1,-5.689893001203927e-15,0.0,41,2,93,55,61.3638556638927,54.418298730379,31.768292682926724
190.59999999999346,203.98719999999363,0.09999999999999432,0.1,-5.689893001203927e-15,0.0,41,2,92,55,61.161720091748634,54.318298730379,31.86829268292672
190.69999999999345,204.08719999999363,0.09999999999999432,0.1,-5.689893001203927e-15,0.0,41,2,92,56,60.959451008598776,54.218298730379,31.968292682926727
190.79999999999345,204.18719999999362,0.09999999999999432,0.1,-5.689893001203927e-15,0.0,41,2,92,57,60.75575416919515,54.118298730378996,32.068292682926725
190.89999999999344,204.28719999999362,0.09999999999999432,0.1,-5.689893001203927e-15,0.0,41,2,92,57,60.55163598301496,54.018298730378994,32.16829268292672
190.99999999999343,204.3871999999936,0.09999999999999432,0.1,-5.689893001203927e-15,0.0,41,2,92,58,60.34818738642569,53.775106879108755,32.26829268292673
191.09999999999343,204.4871999999936,0.09999999999999432,0.1,-5.689893001203927e-15,0.0,41,2,93,58,60.144331183250785,53.509894510322106,32.36829268292672
191.19999999999342,204.5871999999936,0.09999999999999432,0.1,-5.689893001203927e-15,0.0,40,2,93,58,61.48289993294628,53.71829873037899,30.55249999999994
191.29999999999342,204.6871999999936,0.09999999999999432,0.1,-5.689893001203927e-15,0.0,40,2,93,57,61.304022930295886,53.61829873037899,30.65249999999994
191.3999999999934,204.7871999999936,0.09999999999999432,0.1,-5.689893001203927e-15,0.0,40,2,92,57,61.128769077061825,53.51829873037899,30.75249999999994
191.4999999999934,204.88719999999358,0.09999999999999432,0.1,-5.689893001203927e-15,0.0,40,2,92,57,60.938442041781855,53.418298730378986,30.852499999999942
191.5999999999934,205.09439999999358,0.20720000000000027,0.1,0.10720000000000027,0.0,40,2,90,57,63.43387009411508,53.318298730378984,30.95249999999994
191.6999999999934,205.25439999999358,0.1599999999999966,0.1,0.059999999999996584,0.0,41,2,89,58,62.56092046067126,53.21829873037898,30.297560975609695
191.7999999999934,205.35439999999357,0.09999999999999432,0.1,-5.689893001203927e-15,0.0,41,2,88,58,62.35651826025516,53.11829873037898,30.3975609756097
191.89999999999338,205.50419999999357,0.14979999999999905,0.1,0.04979999999999904,0.0,41,2,88,58,63.359924840539946,53.01829873037898,30.497560975609698
191.99999999999338,205.60419999999357,0.09999999999999432,0.1,-5.689893001203927e-15,0.0,42,2,88,58,61.06736949050004,59.36033395337762,29.871428571428517
192.09999999999337,205.76419999999356,0.1599999999999966,0.1,0.059999999999996584,0.0,42,2,87,58,62.27863604966569,59.26033395337762,29.971428571428515
192.19999999999337,205.86419999999356,0.09999999999999432,0.1,-5.689893001203927e-15,0.0,42,2,87,59,62.07549924473251,59.16033395337762,30.071428571428516
192.29999999999336,205.96419999999355,0.09999999999999432,0.1,-5.689893001203927e-15,0.0,42,2,86,60,61.860234024919876,59.060333953377615,30.171428571428518
192.39999999999336,206.06419999999355,0.09999999999999432,0.1,-5.689893001203927e-15,0.0,42,2,85,60,61.65650344295615,58.960333953377614,30.271428571428515
192.49999999999335,206.16419999999354,0.09999999999999432,0.1,-5.689893001203927e-15,0.0,42,2,85,60,61.46659043963981,58.86033395337761,30.371428571428517
192.59999999999334,206.26419999999354,0.09999999999999432,0.1,-5.689893001203927e-15,0.0,42,2,85,60,61.273380044658815,58.76033395337761,30.471428571428515
192.69999999999334,206.36419999999353,0.09999999999999432,0.1,-5.689893001203927e-15,0.0,42,2,85,60,61.08657202216328,58.66033395337761,30.571428571428516
192.79999999999333,206.46419999999353,0.09999999999999432,0.1,-5.689893001203927e-15,0.0,42,2,85,60,60.90370492164673,58.56033395337761,30.671428571428518
192.89999999999333,206.56419999999352,0.09999999999999432,0.1,-5.689893001203927e-15,0.0,42,2,85,60,60.68904366031474,58.46033395337761,30.77142857142852
192.99999999999332,206.6641999999935,0.09999999999999432,0.1,-5.689893001203927e-15,0.0,42,2,86,60,60.47840437116664,58.360333953377605,30.871428571428517
193.09999999999332,206.7641999999935,0.09999999999999432,0.1,-5.689893001203927e-15,0.0,42,2,86,60,60.26373127172304,58.260333953377604,30.971428571428515
193.1999999999933,206.8641999999935,0.09999999999999432,0.1,-5.689893001203927e-15,0.0,42,2,86,61,60.05271693706097,58.1603339533776,31.071428571428516
193.2999999999933,206.9641999999935,0.09999999999999432,0.1,-5.689893001203927e-15,0.0,42,2,86,60,59.837822618075094,58.0603339533776,31.171428571428518
193.3999999999933,207.0641999999935,0.09999999999999432,0.1,-5.689893001203927e-15,0.0,41,2,86,61,61.15367179173354,57.9603339533776,29.02926829268294
193.4999999999933,207.16419999999349,0.09999999999999432,0.1,-5.689893001203927e-15,0.0,41,2,86,61,60.93304539532894,57.8603339533776,29.12926829268294
193.5999999999933,207.28519999999347,0.1209999999999809,0.1,0.020999999999980895,0.0,41,2,85,61,61.237650215283026,57.7603339533776,29.22926829268294
193.69999999999328,207.38519999999346,0.09999999999999432,0.1,-5.689893001203927e-15,0.0,41,2,85,60,61.029106472616185,57.660333953377595,29.329268292682936
193.79999999999328,207.48519999999345,0.09999999999999432,0.1,-5.689893001203927e-15,0.0,41,2,85,61,60.82396014967996,57.560333953377594,29.42926829268294
193.89999999999327,207.61479999999344,0.12959999999998217,0.1,0.02959999999998217,0.0,41,2,85,61,61.32892213993429,57.46033395337759,29.52926829268294
193.99999999999326,207.71479999999343,0.09999999999999432,0.1,-5.689893001203927e-15,0.0,41,2,84,60,61.13147519803259,57.36033395337759,29.62926829268294
194.09999999999326,207.81479999999343,0.09999999999999432,0.1,-5.689893001203927e-15,0.0,41,2,84,60,60.935556768332255,57.26033395337759,29.72926829268294
194.19999999999325,207.94759999999343,0.13280000000000314,0.1,0.03280000000000313,0.0,41,2,83,60,61.523281159115456,57.16033395337759,29.829268292682944
194.29999999999325,208.04759999999342,0.09999999999999432,0.1,-5.689893001203927e-15,0.0,41,3,83,60,61.31540569378651,57.06033395337759,29.92926829268294
194.39999999999324,208.19159999999343,0.14400000000000546,0.1,0.04400000000000545,0.0,41,3,82,60,62.16466883695867,56.960333953377585,30.029268292682943
194.49999999999324,208.4059999999934,0.2143999999999835,0.1,0.11439999999998349,0.0,41,3,80,60,64.73739645747906,59.03135589340664,30.12926829268294
194.59999999999323,208.54139999999342,0.13540000000000418,0.1,0.03540000000000418,0.0,41,3,80,60,65.26239590901017,58.93135589340664,30.229268292682946
194.69999999999322,208.6413999999934,0.09999999999999432,0.1,-5.689893001203927e-15,0.0,41,3,81,60,65.04359971378832,58.83135589340664,30.329268292682944
194.79999999999322,208.8013999999934,0.1599999999999966,0.1,0.059999999999996584,0.0,40,3,79,60,67.88354841769686,60.65521789661008,28.227500000000077
194.8999999999932,208.9013999999934,0.09999999999999432,0.1,-5.689893001203927e-15,0.0,40,3,80,60,67.56603248596358,60.55521789661008,28.32750000000008
194.9999999999932,209.0013999999934,0.09999999999999432,0.1,-5.689893001203927e-15,0.0,40,3,80,60,67.26044151233788,60.45521789661008,28.427500000000084
195.0999999999932,209.1013999999934,0.09999999999999432,0.1,-5.689893001203927e-15,0.0,40,3,80,59,66.95010064823519,60.35521789661008,28.52750000000008
195.1999999999932,209.20139999999338,0.09999999999999432,0.1,-5.689893001203927e-15,0.0,40,3,80,59,66.64377610870014,60.25521789661008,28.627500000000083
195.2999999999932,209.30139999999338,0.09999999999999432,0.1,-5.689893001203927e-15,0.0,40,3,80,59,66.25948806098356,60.155217896610075,28.727500000000084
195.39999999999318,209.42419999999336,0.12279999999998381,0.1,0.022799999999983805,0.0,40,3,79,59,66.4717737068925,60.055217896610074,28.827500000000082
195.49999999999318,209.52419999999336,0.09999999999999432,0.1,-5.689893001203927e-15,0.0,40,3,79,59,66.09056852369869,59.95521789661007,28.927500000000084
195.59999999999317,209.68419999999335,0.1599999999999966,0.1,0.059999999999996584,0.0,40,3,78,59,67.22236021609606,59.85521789661007,29.02750000000008
195.69999999999317,209.78419999999335,0.09999999999999432,0.1,-5.689893001203927e-15,0.0,40,3,78,59,66.27224850856297,59.83913448835405,26.27750000000014
195.79999999999316,209.88419999999334,0.09999999999999432,0.1,-5.689893001203927e-15,0.0,40,3,78,59,65.91689666716628,59.73913448835405,26.37750000000014
195.89999999999316,209.98419999999334,0.09999999999999432,0.1,-5.689893001203927e-15,0.0,40,3,78,59,65.57766995222252,59.639134488354046,26.47750000000014
195.99999999999315,210.14419999999333,0.1599999999999966,0.1,0.059999999999996584,0.0,40,3,77,59,66.73825864276283,59.539134488354044,26.57750000000014
196.09999999999314,210.24419999999333,0.09999999999999432,0.1,-5.689893001203927e-15,0.0,40,3,77,59,66.39010159984895,59.43913448835404,26.67750000000014
196.19999999999314,210.34419999999332,0.09999999999999432,0.1,-5.689893001203927e-15,0.0,40,3,77,59,66.1708587619346,59.33913448835404,26.777500000000146
196.29999999999313,210.47279999999333,0.12860000000000582,0.1,0.028600000000005815,0.0,40,3,76,60,66.68324122316531,59.23913448835404,26.877500000000147
196.39999999999313,210.57279999999332,0.09999999999999432,0.1,-5.689893001203927e-15,0.0,41,3,76,60,64.2447571009234,59.13913448835404,26.321951219512336
196.49999999999312,210.67279999999332,0.09999999999999432,0.1,-5.689893001203927e-15,0.0,41,3,78,60,64.02260507655733,59.03913448835404,26.421951219512337
196.59999999999312,210.7727999999933,0.09999999999999432,0.1,-5.689893001203927e-15,0.0,41,3,77,60,63.68636062688978,58.939134488354036,26.521951219512335
196.6999999999931,210.8727999999933,0.09999999999999432,0.1,-5.689893001203927e-15,0.0,41,3,78,59,63.48955317549595,58.839134488354034,26.62195121951234
196.7999999999931,210.9727999999933,0.09999999999999432,0.1,-5.689893001203927e-15,0.0,41,3,78,59,63.33784866114599,58.73913448835403,26.721951219512338
196.8999999999931,211.0727999999933,0.09999999999999432,0.1,-5.689893001203927e-15,0.0,41,3,78,59,63.13444355914036,58.63913448835403,26.82195121951234
196.9999999999931,211.1727999999933,0.09999999999999432,0.1,-5.689893001203927e-15,0.0,41,3,79,59,62.945712345333796,58.53913448835403,26.921951219512337
197.0999999999931,211.33279999999328,0.1599999999999966,0.1,0.059999999999996584,0.0,41,3,78,59,64.22087186378111,58.43913448835403,27.021951219512342
197.19999999999308,211.48599999999328,0.15319999999999823,0.1,0.05319999999999822,0.0,42,3,77,59,63.17553698304071,58.33913448835403,26.478571428571573
197.29999999999308,211.58599999999328,0.09999999999999432,0.1,-5.689893001203927e-15,0.0,42,3,77,59,62.9640374989364,58.239134488354026,26.578571428571575
197.39999999999307,211.68599999999327,0.09999999999999432,0.1,-5.689893001203927e-15,0.0,42,3,77,59,62.735513856369465,58.139134488354024,26.678571428571576
197.49999999999307,211.78599999999327,0.09999999999999432,0.1,-5.689893001203927e-15,0.0,42,3,77,59,62.41741229538128,58.03913448835402,26.778571428571574
197.59999999999306,211.88599999999326,0.09999999999999432,0.1,-5.689893001203927e-15,0.0,42,3,76,59,62.22188391183801,57.93913448835402,26.878571428571576
197.69999999999305,211.98599999999325,0.09999999999999432,0.1,-5.689893001203927e-15,0.0,42,3,76,59,62.03501412005506,57.83913448835402,26.978571428571577
197.79999999999305,212.08599999999325,0.09999999999999432,0.1,-5.689893001203927e-15,0.0,42,3,75,59,61.8905612306343,57.73913448835402,27.07857142857158
197.89999999999304,212.18599999999324,0.09999999999999432,0.1,-5.689893001203927e-15,0.0,42,3,76,59,61.75148732604463,57.63913448835402,27.17857142857158
197.99999999999304,212.28599999999324,0.09999999999999432,0.1,-5.689893001203927e-15,0.0,42,3,75,59,61.61236883729201,57.539134488354016,27.27857142857158
198.09999999999303,212.38599999999323,0.09999999999999432,0.1,-5.689893001203927e-15,0.0,42,3,74,59,61.473176225931866,57.439134488354014,27.378571428571583
198.19999999999303,212.48599999999323,0.09999999999999432,0.1,-5.689893001203927e-15,0.0,42,3,74,59,61.335980193369856,57.33913448835401,27.478571428571584
198.29999999999302,212.58599999999322,0.09999999999999432,0.1,-5.689893001203927e-15,0.0,42,3,74,59,61.20417750823654,57.23913448835401,27.578571428571585
198.399999999993,212.68599999999321,0.09999999999999432,0.1,-5.689893001203927e-15,0.0,42,3,74,58,61.07372267347063,57.13913448835401,27.678571428571587
198.499999999993,212.7859999999932,0.09999999999999432,0.1,-5.689893001203927e-15,0.0,42,3,74,58,60.943574860506814,57.03913448835401,27.77857142857159
198.599999999993,212.8859999999932,0.09999999999999432,0.1,-5.689893001203927e-15,0.0,42,3,74,58,60.81319787278597,56.93913448835401,27.878571428571586
198.699999999993,212.9859999999932,0.09999999999999432,0.1,-5.689893001203927e-15,0.0,42,3,75,59,60.682688318109044,56.839134488354006,27.978571428571588
198.799999999993,213.0859999999932,0.09999999999999432,0.1,-5.689893001203927e-15,0.0,41,3,75,58,62.03388181102475,56.739134488354004,28.102439024390407
198.89999999999299,213.1859999999932,0.09999999999999432,0.1,-5.689893001203927e-15,0.0,41,3,75,58,61.902963111439455,56.639134488354,28.202439024390404
198.99999999999298,213.33319999999318,0.147199999999998,0.1,0.047199999999997994,0.0,41,3,75,58,62.87053198894858,55.830850611792,28.302439024390406
199.09999999999297,213.43319999999318,0.09999999999999432,0.1,-5.689893001203927e-15,0.0,41,3,75,58,62.68277767032331,54.76162634519674,28.40243902439041
199.19999999999297,213.53319999999317,0.09999999999999432,0.1,-5.689893001203927e-15,0.0,41,3,75,58,62.50797059947376,54.16162634519674,28.50243902439041
199.29999999999296,213.67299999999318,0.13980000000000814,0.1,0.039800000000008134,0.0,41,3,74,58,63.30974354667719,59.01411085269229,28.60243902439041
199.39999999999296,213.88799999999316,0.214999999999975,0.1,0.11499999999997498,0.0,41,3,73,58,65.94303811342695,62.40526261040863,28.702439024390408
199.49999999999295,213.98799999999315,0.09999999999999432,0.1,-5.689893001203927e-15,0.0,42,3,73,58,63.612089148262015,62.53657811920561,28.11904761904778
199.59999999999295,214.08799999999314,0.09999999999999432,0.1,-5.689893001203927e-15,0.0,42,3,73,58,63.41650821380443,62.205262610408624,28.21904761904778
199.69999999999294,214.18799999999314,0.09999999999999432,0.1,-5.689893001203927e-15,0.0,42,3,73,58,63.239777851711196,62.10526261040862,28.319047619047783
199.79999999999293,214.28799999999313,0.09999999999999432,0.1,-5.689893001203927e-15,0.0,42,3,75,59,63.079267702003584,62.00526261040862,28.419047619047785
199.89999999999293,214.41819999999313,0.1302000000000021,0.1,0.030200000000002086,0.0,42,3,73,59,63.64366212122437,63.15797247346334,28.519047619047786
199.99999999999292,214.51819999999313,0.09999999999999432,0.1,-5.689893001203927e-15,0.0,42,3,74,59,63.49029659978439,63.05797247346334,28.619047619047787
200.09999999999292,214.61819999999312,0.09999999999999432,0.1,-5.689893001203927e-15,0.0,42,3,73,59,63.33208178934604,62.957972473463336,28.71904761904779
200.1999999999929,214.71819999999312,0.09999999999999432,0.1,-5.689893001203927e-15,0.0,42,3,72,59,63.17719467838933,62.857972473463334,28.81904761904779
200.2999999999929,214.8181999999931,0.09999999999999432,0.1,-5.689893001203927e-15,0.0,42,3,72,59,63.02270323243711,62.75797247346333,28.91904761904779
200.3999999999929,214.9181999999931,0.09999999999999432,0.1,-5.689893001203927e-15,0.0,42,3,73,59,62.880110495398455,62.65797247346333,29.01904761904779
200.4999999999929,215.0181999999931,0.09999999999999432,0.1,-5.689893001203927e-15,0.0,42,3,73,59,62.74895717585017,62.55797247346333,29.11904761904779
200.5999999999929,215.1181999999931,0.09999999999999432,0.1,-5.689893001203927e-15,0.0,42,3,73,59,62.61862486456679,62.45797247346333,29.219047619047792
200.69999999999288,215.2181999999931,0.09999999999999432,0.1,-5.689893001203927e-15,0.0,42,3,73,59,62.48755789293642,62.35797247346333,29.319047619047794
200.79999999999288,215.31819999999308,0.09999999999999432,0.1,-5.689893001203927e-15,0.0,42,3,73,58,62.35521303272613,62.257972473463326,29.419047619047795
200.89999999999287,215.41819999999308,0.09999999999999432,0.1,-5.689893001203927e-15,0.0,42,3,73,58,62.22295700540324,62.157972473463325,29.519047619047797
200.99999999999287,215.51819999999307,0.09999999999999432,0.1,-5.689893001203927e-15,0.0,42,3,73,58,62.08907676617996,62.05797247346332,29.619047619047798
201.09999999999286,215.61819999999307,0.09999999999999432,0.1,-5.689893001203927e-15,0.0,42,3,73,58,61.958105717389174,61.95797247346332,29.7190476190478
201.19999999999285,215.71819999999306,0.09999999999999432,0.1,-5.689893001203927e-15,0.0,42,3,73,58,61.827294930884406,61.85797247346332,29.8190476190478
201.29999999999285,215.81819999999306,0.09999999999999432,0.1,-5.689893001203927e-15,0.0,42,3,72,58,61.6965545607293,61.75797247346332,29.919047619047802
201.39999999999284,215.91819999999305,0.09999999999999432,0.1,-5.689893001203927e-15,0.0,42,3,72,58,61.565623437334,61.65797247346332,30.019047619047804
201.49999999999284,216.01819999999304,0.09999999999999432,0.1,-5.689893001203927e-15,0.0,42,3,72,58,61.43366542799707,61.557972473463316,30.1190476190478
201.59999999999283,216.11819999999304,0.09999999999999432,0.1,-5.689893001203927e-15,0.0,42,3,72,58,61.30164804186676,61.457972473463315,30.219047619047803
201.69999999999283,215.39062991397807,-0.7275700860149641,0.1,-1.176836406102666e-14,0.8275700860149523,41,3,72,58,60.64429900444206,60.105262610408595,30.36829268292702
201.79999999999282,215.49062991397807,0.09999999999999432,0.1,-5.689893001203927e-15,0.0,41,3,75,58,60.523922983945404,60.00526261040859,30.468292682927018
201.89999999999281,215.59062991397806,0.09999999999999432,0.1,-5.689893001203927e-15,0.0,41,3,77,58,60.40361392782148,59.90526261040859,30.568292682927023
201.9999999999928,215.69062991397806,0.09999999999999432,0.1,-5.689893001203927e-15,0.0,41,3,79,57,60.28431454011741,59.80526261040859,30.66829268292702
202.0999999999928,215.79062991397805,0.09999999999999432,0.1,-5.689893001203927e-15,0.0,41,3,79,57,60.16572010855713,59.70526261040859,30.768292682927022
202.1999999999928,215.89062991397805,0.09999999999999432,0.1,-5.689893001203927e-15,0.0,41,3,79,57,60.04703926806777,59.60526261040859,30.868292682927027
202.2999999999928,215.99062991397804,0.09999999999999432,0.1,-5.689893001203927e-15,0.0,41,3,79,57,59.92859956043116,59.505262610408586,30.968292682927025
202.3999999999928,216.09062991397803,0.09999999999999432,0.1,-5.689893001203927e-15,0.0,41,3,79,57,59.8099537360137,59.405262610408585,31.068292682927027
202.49999999999278,216.19062991397803,0.09999999999999432,0.1,-5.689893001203927e-15,0.0,41,3,79,58,59.69122378603991,59.30526261040858,31.168292682927024
202.59999999999278,216.29062991397802,0.09999999999999432,0.1,-5.689893001203927e-15,0.0,41,3,79,58,59.57273715084185,59.20526261040858,31.26829268292703
202.69999999999277,216.39062991397802,0.09999999999999432,0.1,-5.689893001203927e-15,0.0,41,3,79,58,59.45403946853208,59.10526261040858,31.36829268292703
202.79999999999276,216.490629913978,0.09999999999999432,0.1,-5.689893001203927e-15,0.0,41,3,79,59,59.33525996470007,59.00526261040858,31.46829268292703
202.89999999999276,216.590629913978,0.09999999999999432,0.1,-5.689893001203927e-15,0.0,41,3,79,59,59.216725977310226,58.90526261040858,31.568292682927034
202.99999999999275,216.690629913978,0.09999999999999432,0.1,-5.689893001203927e-15,0.0,41,3,79,59,59.097975967865004,58.805262610408576,31.66829268292703
203.09999999999275,216.790629913978,0.09999999999999432,0.1,-5.689893001203927e-15,0.0,41,3,80,59,58.97914646178006,58.705262610408575,31.768292682927033
203.19999999999274,216.890629913978,0.09999999999999432,0.1,-5.689893001203927e-15,0.0,41,3,79,59,58.860564693725756,58.60526261040857,31.868292682927038
203.29999999999274,216.99062991397798,0.09999999999999432,0.1,-5.689893001203927e-15,0.0,41,3,80,59,58.74760907193239,58.50526261040857,31.968292682927036
203.39999999999273,217.09062991397798,0.09999999999999432,0.1,-5.689893001203927e-15,0.0,41,3,79,59,58.639654646358636,58.40526261040857,32.06829268292704
203.49999999999272,217.19062991397797,0.09999999999999432,0.1,-5.689893001203927e-15,0.0,41,3,79,59,58.53321978724135,58.30526261040857,32.16829268292704
203.59999999999272,217.29062991397797,0.09999999999999432,0.1,-5.689893001203927e-15,0.0,41,3,79,58,58.42655882072473,58.20526261040857,32.26829268292704
203.6999999999927,217.39062991397796,0.09999999999999432,0.1,-5.689893001203927e-15,0.0,41,3,78,58,58.319823070634726,58.105262610408566,32.36829268292704
203.7999999999927,217.49062991397795,0.09999999999999432,0.1,-5.689893001203927e-15,0.0,41,3,80,57,58.13750560862943,58.005262610408565,32.46829268292704
203.8999999999927,217.59062991397795,0.09999999999999432,0.1,-5.689893001203927e-15,0.0,41,3,80,57,57.98201039381311,57.90526261040856,32.568292682927044
203.9999999999927,217.69062991397794,0.09999999999999432,0.1,-5.689893001203927e-15,0.0,41,3,81,57,57.83975975391379,57.80526261040856,32.668292682927046
204.0999999999927,217.81502991397795,0.1244000000000085,0.1,0.024400000000008498,0.0,41,3,81,57,58.316153985302996,57.70526261040856,32.76829268292705
204.19999999999268,217.91502991397795,0.09999999999999432,0.1,-5.689893001203927e-15,0.0,41,3,82,56,58.20321284556325,57.60526261040856,32.86829268292705
204.29999999999268,218.01502991397794,0.09999999999999432,0.1,-5.689893001203927e-15,0.0,41,3,82,56,58.076650672642465,57.50526261040856,32.96829268292705
204.39999999999267,218.11502991397793,0.09999999999999432,0.1,-5.689893001203927e-15,0.0,41,3,82,55,57.95821217252123,57.405262610408556,33.06829268292705
204.49999999999267,218.21502991397793,0.09999999999999432,0.1,-5.689893001203927e-15,0.0,41,3,82,55,57.83968033547329,57.305262610408555,33.168292682927046
204.59999999999266,218.3404299139779,0.12539999999998486,0.1,0.02539999999998485,0.0,41,3,81,55,58.340895206211705,57.20526261040855,33.268292682927054
204.69999999999266,218.4404299139779,0.09999999999999432,0.1,-5.689893001203927e-15,0.0,41,3,80,55,58.22368759535604,57.10526261040855,33.368292682927056
204.79999999999265,218.5948299139779,0.15439999999998122,0.1,0.05439999999998121,0.0,41,3,78,55,59.42635038000578,57.00526261040855,33.46829268292705
204.89999999999264,218.69482991397788,0.09999999999999432,0.1,-5.689893001203927e-15,0.0,42,3,78,55,57.30467360411688,58.15797247346327,32.77142857142879
204.99999999999264,218.79482991397788,0.09999999999999432,0.1,-5.689893001203927e-15,0.0,42,3,79,55,57.165161220174305,58.057972473463266,32.871428571428794
205.09999999999263,218.89482991397787,0.09999999999999432,0.1,-5.689893001203927e-15,0.0,42,3,79,55,57.05136689967239,57.957972473463265,32.971428571428795
205.19999999999263,218.99482991397787,0.09999999999999432,0.1,-5.689893001203927e-15,0.0,42,3,80,56,56.945320479554255,57.85797247346326,33.0714285714288
205.29999999999262,219.09482991397786,0.09999999999999432,0.1,-5.689893001203927e-15,0.0,42,3,80,56,56.83907804921502,57.75797247346326,33.17142857142879
205.39999999999262,219.19482991397786,0.09999999999999432,0.1,-5.689893001203927e-15,0.0,42,3,80,56,56.732751066712645,57.65797247346326,33.27142857142879
205.4999999999926,219.29482991397785,0.09999999999999432,0.1,-5.689893001203927e-15,0.0,42,3,80,56,56.62665928412722,57.55797247346326,33.371428571428794
205.5999999999926,219.39482991397784,0.09999999999999432,0.1,-5.689893001203927e-15,0.0,42,3,80,56,56.520366725422654,57.45797247346326,33.471428571428795
205.6999999999926,219.49482991397784,0.09999999999999432,0.1,-5.689893001203927e-15,0.0,42,3,80,56,56.41399184174658,57.357972473463256,33.5714285714288
205.7999999999926,219.59482991397783,0.09999999999999432,0.1,-5.689893001203927e-15,0.0,42,3,82,57,56.30785428622549,57.257972473463255,33.6714285714288
205.8999999999926,219.69482991397783,0.09999999999999432,0.1,-5.689893001203927e-15,0.0,42,3,82,57,56.20151114556235,57.15797247346325,33.7714285714288
205.99999999999258,219.79482991397782,0.09999999999999432,0.1,-5.689893001203927e-15,0.0,42,3,82,57,56.095087927272374,57.05797247346325,33.8714285714288
206.09999999999258,219.89482991397782,0.09999999999999432,0.1,-5.689893001203927e-15,0.0,42,3,82,57,55.98890418463307,56.95797247346325,33.9714285714288
206.19999999999257,219.9948299139778,0.09999999999999432,0.1,-5.689893001203927e-15,0.0,42,3,82,57,55.88251000431369,56.85797247346325,34.071428571428804
206.29999999999256,220.0948299139778,0.09999999999999432,0.1,-5.689893001203927e-15,0.0,42,3,81,57,55.776038014047586,56.75797247346325,34.171428571428805
206.39999999999256,220.1948299139778,0.09999999999999432,0.1,-5.689893001203927e-15,0.0,42,3,81,57,55.669807666359716,56.657972473463246,34.27142857142881
206.49999999999255,220.2948299139778,0.09999999999999432,0.1,-5.689893001203927e-15,0.0,42,3,83,56,55.52864482131651,56.557972473463245,34.37142857142881
206.59999999999255,220.3948299139778,0.09999999999999432,0.1,-5.689893001203927e-15,0.0,42,3,83,56,55.398312995776244,56.45797247346324,34.47142857142881
206.69999999999254,220.49482991397778,0.09999999999999432,0.1,-5.689893001203927e-15,0.0,42,3,83,57,55.2682248575466,56.35797247346324,34.57142857142881
206.79999999999254,220.59482991397778,0.09999999999999432,0.1,-5.689893001203927e-15,0.0,42,3,83,57,55.13791628258227,56.25797247346324,34.67142857142881
206.89999999999253,220.69482991397777,0.09999999999999432,0.1,-5.689893001203927e-15,0.0,42,3,83,56,55.00753430978166,56.15797247346324,34.771428571428814
206.99999999999253,220.79482991397776,0.09999999999999432,0.1,-5.689893001203927e-15,0.0,42,3,83,56,54.877398160680926,56.05797247346324,34.871428571428815
207.09999999999252,220.89482991397776,0.09999999999999432,0.1,-5.689893001203927e-15,0.0,42,3,85,56,54.74703650855634,55.957972473463236,34.97142857142882
207.1999999999925,220.99482991397775,0.09999999999999432,0.1,-5.689893001203927e-15,0.0,42,3,85,56,54.61660369482564,55.857972473463235,35.07142857142882
207.2999999999925,221.09482991397775,0.09999999999999432,0.1,-5.689893001203927e-15,0.0,42,3,85,56,54.4864188226,55.757972473463234,35.17142857142882
207.3999999999925,221.19482991397774,0.09999999999999432,0.1,-5.689893001203927e-15,0.0,42,3,86,56,54.356470813231184,55.65797247346323,35.271428571428814
207.4999999999925,221.29482991397774,0.09999999999999432,0.1,-5.689893001203927e-15,0.0,42,3,87,56,54.226749070158824,55.55797247346323,35.371428571428815
207.5999999999925,221.39482991397773,0.09999999999999432,0.1,-5.689893001203927e-15,0.0,42,3,87,56,54.09684528621365,55.45797247346323,35.47142857142882
207.69999999999249,221.49482991397772,0.09999999999999432,0.1,-5.689893001203927e-15,0.0,42,3,87,56,53.96684962473654,55.35797247346323,35.57142857142882
207.79999999999248,221.59482991397772,0.09999999999999432,0.1,-5.689893001203927e-15,0.0,42,3,87,57,53.83708204797327,55.25797247346323,35.67142857142882
207.89999999999247,221.6948299139777,0.09999999999999432,0.1,-5.689893001203927e-15,0.0,42,3,88,57,53.70712752264378,55.157972473463225,35.77142857142882
207.99999999999247,221.7948299139777,0.09999999999999432,0.1,-5.689893001203927e-15,0.0,42,3,88,57,53.57708296600074,55.057972473463224,35.87142857142882
208.09999999999246,221.8948299139777,0.09999999999999432,0.1,-5.689893001203927e-15,0.0,42,3,88,57,53.4472681880212,54.95797247346322,35.971428571428824
208.19999999999246,221.9948299139777,0.09999999999999432,0.1,-5.689893001203927e-15,0.0,42,3,88,57,53.3172613419618,54.85797247346322,36.071428571428825
208.29999999999245,222.0948299139777,0.09999999999999432,0.1,-5.689893001203927e-15,0.0,42,3,88,57,53.18716612825555,54.75797247346322,36.17142857142883
208.39999999999245,222.19482991397769,0.09999999999999432,0.1,-5.689893001203927e-15,0.0,42,3,88,57,53.057302164881854,54.65797247346322,36.27142857142883
208.49999999999244,222.29482991397768,0.09999999999999432,0.1,-5.689893001203927e-15,0.0,42,3,87,57,52.927240683715766,54.55797247346322,36.37142857142883
208.59999999999243,222.39482991397767,0.09999999999999432,0.1,-5.689893001203927e-15,0.0,42,3,87,55,52.7970921738456,54.457972473463215,36.47142857142883
208.69999999999243,222.49482991397767,0.09999999999999432,0.1,-5.689893001203927e-15,0.0,42,3,87,55,52.667175991870494,54.357972473463214,36.57142857142883
208.79999999999242,222.59482991397766,0.09999999999999432,0.1,-5.689893001203927e-15,0.0,42,3,88,55,52.53705630370595,54.25797247346321,36.671428571428834
208.89999999999242,222.69482991397766,0.09999999999999432,0.1,-5.689893001203927e-15,0.0,42,3,89,55,52.40685034916863,54.15797247346321,36.771428571428835
208.9999999999924,222.79482991397765,0.09999999999999432,0.1,-5.689893001203927e-15,0.0,42,3,89,55,52.27687710062524,54.05797247346321,36.87142857142884
209.0999999999924,222.89482991397765,0.09999999999999432,0.1,-5.689893001203927e-15,0.0,42,3,90,55,52.146693448061214,53.95797247346321,36.97142857142884
209.1999999999924,222.99482991397764,0.09999999999999432,0.1,-5.689893001203927e-15,0.0,42,3,89,55,52.01642326640992,53.65531567766583,37.07142857142884
209.2999999999924,223.09482991397763,0.09999999999999432,0.1,-5.689893001203927e-15,0.0,42,3,89,55,51.886384927247526,53.295774635394736,37.17142857142884
209.3999999999924,223.19482991397763,0.09999999999999432,0.1,-5.689893001203927e-15,0.0,42,3,89,55,51.756127723326365,52.927413717185686,37.27142857142884
209.49999999999238,223.29482991397762,0.09999999999999432,0.1,-5.689893001203927e-15,0.0,42,3,89,55,51.62578192136702,52.55577613272804,37.37142857142884
209.59999999999238,223.39482991397762,0.09999999999999432,0.1,-5.689893001203927e-15,0.0,42,3,88,55,51.495664931961514,52.20526261040848,37.47142857142884
209.69999999999237,223.4948299139776,0.09999999999999432,0.1,-5.689893001203927e-15,0.0,42,3,88,54,51.36531797722874,52.10526261040848,37.57142857142884
209.79999999999237,223.5948299139776,0.09999999999999432,0.1,-5.689893001203927e-15,0.0,42,3,88,54,51.23487733074708,52.00526261040848,37.67142857142884
209.89999999999236,223.6948299139776,0.09999999999999432,0.1,-5.689893001203927e-15,0.0,42,3,88,54,51.06106010045739,51.90526261040848,37.77142857142884
209.99999999999235,223.8548299139776,0.1599999999999966,0.1,0.059999999999996584,0.0,42,3,87,54,52.32820643451133,51.80526261040848,37.871428571428844
210.09999999999235,223.9548299139776,0.09999999999999432,0.1,-5.689893001203927e-15,0.0,42,3,89,54,52.13391289219869,51.705262610408475,37.97142857142884
210.19999999999234,224.05482991397758,0.09999999999999432,0.1,-5.689893001203927e-15,0.0,42,3,89,54,51.947644338861906,51.605262610408474,38.07142857142884
210.29999999999234,224.15482991397758,0.09999999999999432,0.1,-5.689893001203927e-15,0.0,42,3,89,54,51.76177709387195,51.50526261040847,38.17142857142884
210.39999999999233,224.25482991397757,0.09999999999999432,0.1,-5.689893001203927e-15,0.0,42,3,89,54,51.57527711121598,51.40526261040847,38.27142857142884
210.49999999999233,224.35482991397757,0.09999999999999432,0.1,-5.689893001203927e-15,0.0,42,3,89,54,51.38954936193521,51.30526261040847,38.371428571428844
210.59999999999232,224.45482991397756,0.09999999999999432,0.1,-5.689893001203927e-15,0.0,42,3,89,55,51.20342273394461,51.20526261040847,38.471428571428845
210.69999999999231,224.55482991397756,0.09999999999999432,0.1,-5.689893001203927e-15,0.0,41,3,90,55,52.24006832133906,50.58554975934952,38.54878048780515
210.7999999999923,224.65482991397755,0.09999999999999432,0.1,-5.689893001203927e-15,0.0,41,3,90,55,52.03994112932093,49.97739057349776,38.648780487805155
210.8999999999923,224.75482991397755,0.09999999999999432,0.1,-5.689893001203927e-15,0.0,41,3,90,56,51.83971383302703,49.66760294852445,38.748780487805156
210.9999999999923,224.85482991397754,0.09999999999999432,0.1,-5.689893001203927e-15,0.0,41,3,90,57,51.639895743010605,49.567602948524446,38.84878048780516
211.0999999999923,224.95482991397753,0.09999999999999432,0.1,-5.689893001203927e-15,0.0,41,3,91,57,51.439864825126,49.467602948524444,38.94878048780516
211.1999999999923,225.05482991397753,0.09999999999999432,0.1,-5.689893001203927e-15,0.0,40,3,91,56,52.537984902139655,50.218841102571,38.35000000000027
211.29999999999228,225.15482991397752,0.09999999999999432,0.1,-5.689893001203927e-15,0.0,40,3,91,56,52.34720633336252,49.6180567878188,38.45000000000027
211.39999999999227,225.25482991397752,0.09999999999999432,0.1,-5.689893001203927e-15,0.0,40,3,92,56,52.157168776533275,49.16760294852444,38.55000000000028
211.49999999999227,225.3548299139775,0.09999999999999432,0.1,-5.689893001203927e-15,0.0,40,3,92,56,51.956236096779705,49.06760294852444,38.650000000000276
211.59999999999226,225.5148299139775,0.1599999999999966,0.1,0.059999999999996584,0.0,40,3,91,56,53.26539919741602,51.45797247346317,38.75000000000028
211.69999999999226,225.6148299139775,0.09999999999999432,0.1,-5.689893001203927e-15,0.0,40,3,92,56,53.07638001308235,51.35797247346317,38.85000000000028
211.79999999999225,225.7748299139775,0.1599999999999966,0.1,0.059999999999996584,0.0,40,3,91,56,54.383053822310785,53.17825413825199,38.95000000000028
211.89999999999225,225.8748299139775,0.09999999999999432,0.1,-5.689893001203927e-15,0.0,40,3,91,56,54.19125039156059,52.596977909524014,39.05000000000028
211.99999999999224,225.9748299139775,0.09999999999999432,0.1,-5.689893001203927e-15,0.0,40,3,92,56,54.00045198763742,52.0514382044618,39.150000000000276
212.09999999999224,226.07482991397748,0.09999999999999432,0.1,-5.689893001203927e-15,0.0,40,3,92,56,53.80977034647066,51.51252416193327,39.250000000000284
212.19999999999223,226.17482991397748,0.09999999999999432,0.1,-5.689893001203927e-15,0.0,40,3,92,56,53.61915558508325,50.98172977128613,39.350000000000286
212.29999999999222,226.27482991397747,0.09999999999999432,0.1,-5.689893001203927e-15,0.0,40,3,94,55,53.428834883682235,50.75797247346316,39.45000000000029
212.39999999999222,226.37482991397746,0.09999999999999432,0.1,-5.689893001203927e-15,0.0,40,3,94,55,53.2378379749206,50.65797247346316,39.55000000000028
212.4999999999922,226.47482991397746,0.09999999999999432,0.1,-5.689893001203927e-15,0.0,40,3,94,55,53.01813343375365,50.55797247346316,39.65000000000028
212.5999999999922,226.57482991397745,0.09999999999999432,0.1,-5.689893001203927e-15,0.0,40,3,96,55,52.80260485209703,50.45797247346316,39.750000000000284
212.6999999999922,226.67482991397745,0.09999999999999432,0.1,-5.689893001203927e-15,0.0,40,3,96,55,52.58563242809348,50.35797247346316,39.850000000000286
212.7999999999922,226.83482991397744,0.1599999999999966,0.1,0.059999999999996584,0.0,38,3,95,56,56.72430358486124,52.35539846878158,39.64210526315818
212.8999999999922,226.96482991397744,0.12999999999999545,0.1,0.029999999999995447,0.0,38,3,94,56,57.323348900159566,52.25539846878158,39.74210526315818
212.99999999999218,227.06482991397743,0.09999999999999432,0.1,-5.689893001203927e-15,0.0,38,3,94,56,57.14547547162448,52.15539846878158,39.842105263158174
213.09999999999218,227.16482991397743,0.09999999999999432,0.1,-5.689893001203927e-15,0.0,38,3,94,56,56.95317046571051,52.055398468781576,39.942105263158176
213.19999999999217,227.26482991397742,0.09999999999999432,0.1,-5.689893001203927e-15,0.0,38,3,94,56,56.76156397000526,51.955398468781574,40.04210526315818
213.29999999999217,227.42482991397742,0.1599999999999966,0.1,0.059999999999996584,0.0,38,3,93,56,58.15887342449763,51.85539846878157,40.14210526315818
213.39999999999216,227.5248299139774,0.09999999999999432,0.1,-5.689893001203927e-15,0.0,39,3,93,56,55.84307536832144,51.75539846878157,39.21282051282079
213.49999999999216,227.6248299139774,0.09999999999999432,0.1,-5.689893001203927e-15,0.0,39,3,95,56,55.6367786704044,51.65539846878157,39.312820512820785
213.59999999999215,227.7248299139774,0.09999999999999432,0.1,-5.689893001203927e-15,0.0,39,3,96,56,55.442642731242266,51.55539846878157,39.412820512820794
213.69999999999214,227.8248299139774,0.09999999999999432,0.1,-5.689893001203927e-15,0.0,39,3,96,56,55.24778666972754,51.45539846878157,39.512820512820795
213.79999999999214,227.9248299139774,0.09999999999999432,0.1,-5.689893001203927e-15,0.0,39,3,97,56,55.05670752338394,51.355398468781566,39.61282051282079
213.89999999999213,228.02482991397738,0.09999999999999432,0.1,-5.689893001203927e-15,0.0,39,3,99,56,54.86559983210326,51.255398468781564,39.71282051282079
213.99999999999213,228.12482991397738,0.09999999999999432,0.1,-5.689893001203927e-15,0.0,39,3,101,56,54.66729603680153,51.15539846878156,39.81282051282079
214.09999999999212,228.25802991397737,0.133199999999988,0.1,0.03319999999998799,0.0,39,3,101,56,55.31727666094188,51.05539846878156,39.912820512820794
214.19999999999212,228.35802991397736,0.09999999999999432,0.1,-5.689893001203927e-15,0.0,39,3,101,57,55.126670386043806,50.95539846878156,40.012820512820795
214.2999999999921,228.45802991397736,0.09999999999999432,0.1,-5.689893001203927e-15,0.0,39,3,101,57,54.93547060677989,50.85539846878156,40.1128205128208
214.3999999999921,228.55802991397735,0.09999999999999432,0.1,-5.689893001203927e-15,0.0,38,3,101,57,56.184424169978016,53.45061779309814,39.81052631578975
214.4999999999921,228.71802991397735,0.1599999999999966,0.1,0.059999999999996584,0.0,38,3,101,58,57.55110340890629,53.35061779309814,39.910526315789745
214.5999999999921,228.81802991397734,0.09999999999999432,0.1,-5.689893001203927e-15,0.0,39,3,101,58,55.22086418458773,53.25061779309814,38.98717948717975
214.6999999999921,228.91802991397734,0.09999999999999432,0.1,-5.689893001203927e-15,0.0,39,3,102,58,54.99875387251956,53.150617793098135,39.08717948717975
214.79999999999208,229.01802991397733,0.09999999999999432,0.1,-5.689893001203927e-15,0.0,39,3,102,58,54.7743721539372,53.050617793098134,39.187179487179755
214.89999999999208,229.11802991397732,0.09999999999999432,0.1,-5.689893001203927e-15,0.0,39,3,102,59,54.55836975699402,52.95061779309813,39.287179487179756
214.99999999999207,229.21802991397732,0.09999999999999432,0.1,-5.689893001203927e-15,0.0,38,3,102,60,55.773637427746294,52.85061779309813,38.88157894736868
215.09999999999206,229.3180299139773,0.09999999999999432,0.1,-5.689893001203927e-15,0.0,38,3,102,60,55.55498428686703,52.75061779309813,38.98157894736868
215.19999999999206,229.4180299139773,0.09999999999999432,0.1,-5.689893001203927e-15,0.0,38,3,102,60,55.32981499158149,52.65061779309813,39.08157894736868
215.29999999999205,229.5180299139773,0.09999999999999432,0.1,-5.689893001203927e-15,0.0,38,3,104,60,55.10853799871022,52.55061779309813,39.18157894736868
215.39999999999205,229.6180299139773,0.09999999999999432,0.1,-5.689893001203927e-15,0.0,37,3,104,60,56.40635007906876,52.450617793098125,38.42162162162188
215.49999999999204,229.7180299139773,0.09999999999999432,0.1,-5.689893001203927e-15,0.0,37,3,105,60,56.19910691253396,52.350617793098124,38.52162162162188
215.59999999999204,229.81802991397728,0.09999999999999432,0.1,-5.689893001203927e-15,0.0,37,3,106,60,55.9899405618784,52.25061779309812,38.621621621621884
215.69999999999203,229.91802991397728,0.09999999999999432,0.1,-5.689893001203927e-15,0.0,37,3,107,60,55.78734746583666,52.15061779309812,38.72162162162188
215.79999999999202,230.01802991397727,0.09999999999999432,0.1,-5.689893001203927e-15,0.0,37,3,107,60,55.578611889122776,52.05061779309812,38.82162162162188
215.89999999999202,230.11802991397727,0.09999999999999432,0.1,-5.689893001203927e-15,0.0,37,3,107,60,55.37468051580969,51.95061779309812,38.92162162162188
215.999999999992,230.21802991397726,0.09999999999999432,0.1,-5.689893001203927e-15,0.0,37,3,107,60,55.15050597337011,51.85061779309812,39.02162162162188
216.099999999992,230.35962991397724,0.14159999999998263,0.1,0.04159999999998262,0.0,37,3,106,61,56.059186349110526,51.750617793098115,39.121621621621884
216.199999999992,230.45962991397724,0.09999999999999432,0.1,-5.689893001203927e-15,0.0,37,3,106,61,55.840840271541225,51.650617793098114,39.221621621621885
216.299999999992,230.55962991397723,0.09999999999999432,0.1,-5.689893001203927e-15,0.0,37,3,106,61,55.62572133832029,51.55061779309811,39.32162162162189
216.399999999992,230.71962991397723,0.1599999999999966,0.1,0.059999999999996584,0.0,37,3,105,60,57.03012012223558,54.15740548093138,39.42162162162188
216.49999999999199,229.84838881904818,-0.8712410949290472,0.1,-9.658940314238862e-15,0.9712410949290375,36,3,105,60,55.6964155068311,54.05740548093138,40.53055555555583
216.59999999999198,229.98118881904819,0.13280000000000314,0.1,0.03280000000000313,0.0,36,3,105,60,56.409714401848,53.95740548093138,40.63055555555583
216.69999999999197,230.08118881904818,0.09999999999999432,0.1,-5.689893001203927e-15,0.0,36,3,105,60,56.23839255174379,53.85740548093138,40.730555555555824
216.79999999999197,230.23578881904817,0.15459999999998786,0.1,0.05459999999998785,0.0,36,3,104,60,57.57346157000674,53.757405480931375,40.83055555555583
216.89999999999196,230.33578881904816,0.09999999999999432,0.1,-5.689893001203927e-15,0.0,37,3,104,60,55.142312519244285,53.657405480931374,39.82702702702729
216.99999999999196,230.49578881904816,0.1599999999999966,0.1,0.059999999999996584,0.0,37,3,103,60,56.53883383932112,53.55740548093137,39.92702702702729
217.09999999999195,230.59578881904815,0.09999999999999432,0.1,-5.689893001203927e-15,0.0,37,3,103,61,56.33988731471451,53.45740548093137,40.027027027027295
217.19999999999195,230.69578881904815,0.09999999999999432,0.1,-5.689893001203927e-15,0.0,37,3,103,60,56.14562765320625,53.35740548093137,40.127027027027296
217.29999999999194,230.79578881904814,0.09999999999999432,0.1,-5.689893001203927e-15,0.0,37,3,103,60,55.95862784282389,53.25740548093137,40.22702702702729
217.39999999999193,230.89578881904814,0.09999999999999432,0.1,-5.689893001203927e-15,0.0,37,3,103,60,55.76611330975982,53.15740548093137,40.32702702702729
217.49999999999193,230.99578881904813,0.09999999999999432,0.1,-5.689893001203927e-15,0.0,37,3,104,59,55.57958848656192,53.057405480931365,40.42702702702729
217.59999999999192,231.09578881904812,0.09999999999999432,0.1,-5.689893001203927e-15,0.0,37,3,104,59,55.395555904885995,52.957405480931364,40.527027027027295
217.69999999999192,231.19578881904812,0.09999999999999432,0.1,-5.689893001203927e-15,0.0,37,3,104,58,55.219688485934036,52.85740548093136,40.627027027027296
217.7999999999919,231.2957888190481,0.09999999999999432,0.1,-5.689893001203927e-15,0.0,37,3,105,58,55.0437235270785,52.75740548093136,40.72702702702729
217.8999999999919,231.3957888190481,0.09999999999999432,0.1,-5.689893001203927e-15,0.0,37,3,106,57,54.87611452376586,52.65740548093136,40.82702702702729
217.9999999999919,231.4957888190481,0.09999999999999432,0.1,-5.689893001203927e-15,0.0,37,3,107,58,54.70724432146476,52.55740548093136,40.92702702702729
218.0999999999919,231.5957888190481,0.09999999999999432,0.1,-5.689893001203927e-15,0.0,37,3,107,58,54.547892956804525,52.45740548093136,41.027027027027295
218.1999999999919,231.6957888190481,0.09999999999999432,0.1,-5.689893001203927e-15,0.0,37,3,108,58,54.38414117768118,52.357405480931355,41.127027027027296
218.29999999999188,231.79578881904808,0.09999999999999432,0.1,-5.689893001203927e-15,0.0,37,3,108,58,54.224599421181004,52.257405480931354,41.2270270270273
218.39999999999188,231.89578881904808,0.09999999999999432,0.1,-5.689893001203927e-15,0.0,37,3,108,58,54.0613894424547,52.15740548093135,41.3270270270273
218.49999999999187,231.99578881904807,0.09999999999999432,0.1,-5.689893001203927e-15,0.0,37,3,109,58,53.90160589797277,52.05740548093135,41.42702702702729
218.59999999999187,232.09578881904807,0.09999999999999432,0.1,-5.689893001203927e-15,0.0,37,3,109,58,53.739000723296094,51.95740548093135,41.527027027027295
218.69999999999186,232.19578881904806,0.09999999999999432,0.1,-5.689893001203927e-15,0.0,37,3,109,58,53.57666651015199,51.85740548093135,41.627027027027296
218.79999999999185,232.29578881904806,0.09999999999999432,0.1,-5.689893001203927e-15,0.0,37,3,109,58,53.417693102083526,51.75740548093135,41.7270270270273
218.89999999999185,232.39578881904805,0.09999999999999432,0.1,-5.689893001203927e-15,0.0,37,3,109,58,53.25839010034262,51.657405480931345,41.8270270270273
218.99999999999184,232.49578881904804,0.09999999999999432,0.1,-5.689893001203927e-15,0.0,37,3,110,58,53.09898970427871,51.557405480931344,41.92702702702729
219.09999999999184,232.59578881904804,0.09999999999999432,0.1,-5.689893001203927e-15,0.0,37,3,110,58,52.93936677883605,51.45740548093134,42.027027027027295
219.19999999999183,232.69578881904803,0.09999999999999432,0.1,-5.689893001203927e-15,0.0,37,3,110,58,52.779427370993496,51.35740548093134,42.127027027027296
219.29999999999183,232.79578881904803,0.09999999999999432,0.1,-5.689893001203927e-15,0.0,37,3,111,58,52.62058820868245,51.25740548093134,42.2270270270273
219.39999999999182,232.89578881904802,0.09999999999999432,0.1,-5.689893001203927e-15,0.0,37,3,112,58,52.460774608958985,51.15740548093134,42.32702702702729
219.49999999999181,232.99578881904802,0.09999999999999432,0.1,-5.689893001203927e-15,0.0,37,3,112,58,52.301104034886755,51.05740548093134,42.42702702702729
219.5999999999918,233.155788819048,0.1599999999999966,0.1,0.059999999999996584,0.0,37,3,112,58,53.76339080810657,50.957405480931335,42.527027027027295
219.6999999999918,233.255788819048,0.09999999999999432,0.1,-5.689893001203927e-15,0.0,37,3,112,58,53.60628810591985,50.857405480931334,42.627027027027296
219.7999999999918,233.355788819048,0.09999999999999432,0.1,-5.689893001203927e-15,0.0,37,3,112,58,53.44606804447557,50.75740548093133,42.72702702702729
219.8999999999918,233.455788819048,0.09999999999999432,0.1,-5.689893001203927e-15,0.0,37,3,113,58,53.286728415800305,50.65740548093133,42.82702702702729
219.9999999999918,233.555788819048,0.09999999999999432,0.1,-5.689893001203927e-15,0.0,37,3,113,58,53.12695551511426,50.55740548093133,42.92702702702729
220.09999999999178,233.65578881904798,0.09999999999999432,0.1,-5.689893001203927e-15,0.0,37,3,113,58,52.966760357291,50.45740548093133,43.027027027027295
220.19999999999177,233.75578881904798,0.09999999999999432,0.1,-5.689893001203927e-15,0.0,37,3,113,58,52.80878343870977,50.35740548093133,43.127027027027296
220.29999999999177,233.85578881904797,0.09999999999999432,0.1,-5.689893001203927e-15,0.0,37,3,113,58,52.647753062290754,50.257405480931325,43.22702702702729
220.39999999999176,233.95578881904797,0.09999999999999432,0.1,-5.689893001203927e-15,0.0,37,3,114,58,52.48999438072343,50.157405480931324,43.32702702702729
220.49999999999176,234.05578881904796,0.09999999999999432,0.1,-5.689893001203927e-15,0.0,37,3,115,58,52.33589373352,50.05740548093132,43.42702702702729
220.59999999999175,234.15578881904796,0.09999999999999432,0.1,-5.689893001203927e-15,0.0,37,3,115,58,52.18123194996425,49.78754358132918,43.527027027027295
220.69999999999175,234.25578881904795,0.09999999999999432,0.1,-5.689893001203927e-15,0.0,37,3,115,58,52.02754622969981,49.42177352572108,43.627027027027296
220.79999999999174,234.35578881904794,0.09999999999999432,0.1,-5.689893001203927e-15,0.0,37,3,115,58,51.87363577729846,49.05261169244026,43.72702702702729
220.89999999999173,234.45578881904794,0.09999999999999432,0.1,-5.689893001203927e-15,0.0,37,3,115,58,51.71916284112684,48.69348058616025,43.82702702702729
220.99999999999173,234.55578881904793,0.09999999999999432,0.1,-5.689893001203927e-15,0.0,37,3,115,58,51.5654893129201,48.32557267287695,43.92702702702729
221.09999999999172,234.65578881904793,0.09999999999999432,0.1,-5.689893001203927e-15,0.0,37,3,115,58,51.41118317813738,47.95436796644133,44.027027027027295
221.19999999999172,234.75578881904792,0.09999999999999432,0.1,-5.689893001203927e-15,0.0,37,3,115,58,51.25698756777302,47.593284751386705,44.127027027027296
221.2999999999917,234.85578881904792,0.09999999999999432,0.1,-5.689893001203927e-15,0.0,37,3,116,58,51.10349325086774,47.22321963573595,44.22702702702729
221.3999999999917,234.9557888190479,0.09999999999999432,0.1,-5.689893001203927e-15,0.0,37,3,116,58,50.94929111912892,46.849953570933465,44.32702702702729
221.4999999999917,235.0557888190479,0.09999999999999432,0.1,-5.689893001203927e-15,0.0,37,3,116,58,50.79495456065765,46.486900583185864,44.42702702702729
221.5999999999917,235.1557888190479,0.09999999999999432,0.1,-5.689893001203927e-15,0.0,36,3,115,58,52.051173581701754,47.5263224166182,44.122222222222476
221.6999999999917,235.2557888190479,0.09999999999999432,0.1,-5.689893001203927e-15,0.0,35,3,115,58,53.396202172494434,47.15088474577904,43.737142857143105
221.79999999999168,235.3557888190479,0.09999999999999432,0.1,-5.689893001203927e-15,0.0,34,3,115,58,54.8218208275542,48.757405480931304,43.158823529412004
221.89999999999168,235.45578881904788,0.09999999999999432,0.1,-5.689893001203927e-15,0.0,34,3,115,58,54.67668964366061,48.6574054809313,43.258823529412
221.99999999999167,235.55578881904788,0.09999999999999432,0.1,-5.689893001203927e-15,0.0,34,3,115,58,54.531111141385,48.5574054809313,43.358823529412
222.09999999999167,235.65578881904787,0.09999999999999432,0.1,-5.689893001203927e-15,0.0,34,3,115,58,54.38497142835931,48.4574054809313,43.458823529412
222.19999999999166,235.75578881904786,0.09999999999999432,0.1,-5.689893001203927e-15,0.0,33,3,115,58,55.887892761855056,48.3574054809313,43.66363636363659
222.29999999999166,235.85578881904786,0.09999999999999432,0.1,-5.689893001203927e-15,0.0,33,3,115,58,55.73125489282022,48.2574054809313,43.7636363636366
222.39999999999165,235.95578881904785,0.09999999999999432,0.1,-5.689893001203927e-15,0.0,33,3,115,58,55.56983909367299,48.157405480931295,43.8636363636366
222.49999999999164,236.05578881904785,0.09999999999999432,0.1,-5.689893001203927e-15,0.0,33,3,115,58,55.41375718348125,48.057405480931294,43.963636363636596
222.59999999999164,236.15578881904784,0.09999999999999432,0.1,-5.689893001203927e-15,0.0,32,3,115,58,56.996073985467646,50.59216442036186,44.40937500000023
222.69999999999163,236.25578881904784,0.09999999999999432,0.1,-5.689893001203927e-15,0.0,32,3,116,58,56.84989585190328,50.49216442036186,44.50937500000023
222.79999999999163,236.35578881904783,0.09999999999999432,0.1,-5.689893001203927e-15,0.0,32,3,117,58,56.703825591214496,50.39216442036186,44.609375000000234
222.89999999999162,236.49438881904783,0.13859999999999673,0.1,0.03859999999999672,0.0,32,3,117,58,57.76507923911479,50.29216442036186,44.70937500000023
222.99999999999162,236.59438881904782,0.09999999999999432,0.1,-5.689893001203927e-15,0.0,33,3,117,58,55.11539293339983,50.192164420361856,43.45454545454567
223.0999999999916,236.69438881904782,0.09999999999999432,0.1,-5.689893001203927e-15,0.0,33,3,117,58,54.94947107953971,50.092164420361854,43.55454545454568
223.1999999999916,236.7943888190478,0.09999999999999432,0.1,-5.689893001203927e-15,0.0,33,3,117,58,54.78977237378173,49.99216442036185,43.654545454545676
223.2999999999916,236.9251888190478,0.1307999999999936,0.1,0.030799999999993583,0.0,33,3,118,58,55.54892597918266,49.89216442036185,43.75454545454568
223.3999999999916,237.0251888190478,0.09999999999999432,0.1,-5.689893001203927e-15,0.0,33,3,118,58,55.3666863582174,49.79216442036185,43.85454545454568
223.4999999999916,237.1251888190478,0.09999999999999432,0.1,-5.689893001203927e-15,0.0,33,3,118,58,55.189311140450975,49.69216442036185,43.95454545454567
223.59999999999158,237.2251888190478,0.09999999999999432,0.1,-5.689893001203927e-15,0.0,33,3,119,58,55.01595899043463,49.59216442036185,44.054545454545675
223.69999999999158,237.32518881904778,0.09999999999999432,0.1,-5.689893001203927e-15,0.0,33,3,120,58,54.842569634848545,49.492164420361846,44.15454545454567
223.79999999999157,237.42518881904778,0.09999999999999432,0.1,-5.689893001203927e-15,0.0,33,3,121,59,54.6690469906022,49.392164420361844,44.25454545454567
223.89999999999156,237.52518881904777,0.09999999999999432,0.1,-5.689893001203927e-15,0.0,33,3,121,59,54.49551915790569,49.29216442036184,44.35454545454568
223.99999999999156,237.62518881904776,0.09999999999999432,0.1,-5.689893001203927e-15,0.0,33,3,122,59,54.32459060816255,49.19216442036184,44.45454545454567
224.09999999999155,237.72518881904776,0.09999999999999432,0.1,-5.689893001203927e-15,0.0,33,3,123,59,54.166102214900754,49.09216442036184,44.554545454545675
224.19999999999155,237.82518881904775,0.09999999999999432,0.1,-5.689893001203927e-15,0.0,33,3,124,59,54.00795390407479,48.99216442036184,44.65454545454567
224.29999999999154,237.92518881904775,0.09999999999999432,0.1,-5.689893001203927e-15,0.0,33,3,124,59,53.84856925424997,48.89216442036184,44.75454545454567
224.39999999999154,238.02518881904774,0.09999999999999432,0.1,-5.689893001203927e-15,0.0,33,3,125,59,53.68975749203889,48.792164420361836,44.85454545454567
224.49999999999153,238.12518881904774,0.09999999999999432,0.1,-5.689893001203927e-15,0.0,33,3,125,59,53.530775332975686,48.692164420361834,44.954545454545666
224.59999999999152,238.22518881904773,0.09999999999999432,0.1,-5.689893001203927e-15,0.0,33,3,125,59,53.371075484206244,48.59216442036183,45.054545454545675
224.69999999999152,238.32518881904772,0.09999999999999432,0.1,-5.689893001203927e-15,0.0,33,3,125,59,53.21183243228049,48.49216442036183,45.15454545454567
224.7999999999915,238.42518881904772,0.09999999999999432,0.1,-5.689893001203927e-15,0.0,33,3,125,59,53.05289392912698,48.39216442036183,45.25454545454567
224.8999999999915,238.5251888190477,0.09999999999999432,0.1,-5.689893001203927e-15,0.0,33,3,125,58,52.892957356497114,48.29216442036183,45.35454545454567
224.9999999999915,238.6251888190477,0.09999999999999432,0.1,-5.689893001203927e-15,0.0,33,3,125,58,52.73352439315146,48.19216442036183,45.454545454545666
225.0999999999915,238.7251888190477,0.09999999999999432,0.1,-5.689893001203927e-15,0.0,33,3,126,59,52.57456799750182,48.092164420361826,45.55454545454567
225.1999999999915,238.8251888190477,0.09999999999999432,0.1,-5.689893001203927e-15,0.0,33,3,127,59,52.4149916719441,47.992164420361824,45.65454545454566
225.29999999999148,238.9251888190477,0.09999999999999432,0.1,-5.689893001203927e-15,0.0,33,3,127,59,52.25572557798265,47.89216442036182,45.754545454545664
225.39999999999148,239.02518881904768,0.09999999999999432,0.1,-5.689893001203927e-15,0.0,33,3,129,59,52.095919963639176,47.79216442036182,45.854545454545665
225.49999999999147,239.12518881904768,0.09999999999999432,0.1,-5.689893001203927e-15,0.0,33,3,131,60,51.9365016038493,47.69216442036182,45.95454545454566
225.59999999999147,239.22518881904767,0.09999999999999432,0.1,-5.689893001203927e-15,0.0,33,3,131,59,51.76724819722272,47.59216442036182,46.05454545454567
225.69999999999146,239.32518881904767,0.09999999999999432,0.1,-5.689893001203927e-15,0.0,33,3,131,59,51.60203787320904,47.49216442036182,46.15454545454566
225.79999999999146,239.42518881904766,0.09999999999999432,0.1,-5.689893001203927e-15,0.0,33,3,130,60,51.43564114164121,47.392164420361816,46.254545454545664
225.89999999999145,239.52518881904766,0.09999999999999432,0.1,-5.689893001203927e-15,0.0,33,3,130,60,51.27390868438726,47.292164420361814,46.354545454545665
225.99999999999145,239.62518881904765,0.09999999999999432,0.1,-5.689893001203927e-15,0.0,33,3,129,60,51.08644467956663,47.19216442036181,46.45454545454566
226.09999999999144,239.72518881904764,0.09999999999999432,0.1,-5.689893001203927e-15,0.0,33,3,129,60,50.905551930672736,47.09216442036181,46.55454545454566
226.19999999999143,239.82518881904764,0.09999999999999432,0.1,-5.689893001203927e-15,0.0,33,3,129,60,50.72106678484636,46.99216442036181,46.654545454545655
226.29999999999143,239.92518881904763,0.09999999999999432,0.1,-5.689893001203927e-15,0.0,33,3,130,60,50.53634125845683,46.89216442036181,46.75454545454566
226.39999999999142,240.02518881904763,0.09999999999999432,0.1,-5.689893001203927e-15,0.0,33,3,130,60,50.3554208417643,46.79216442036181,46.85454545454566
226.49999999999142,240.12518881904762,0.09999999999999432,0.1,-5.689893001203927e-15,0.0,33,3,131,60,50.17385377551609,46.692164420361806,46.95454545454565
226.5999999999914,240.22518881904762,0.09999999999999432,0.1,-5.689893001203927e-15,0.0,33,3,131,60,49.99278421004184,46.592164420361804,47.05454545454566
226.6999999999914,240.3251888190476,0.09999999999999432,0.1,-5.689893001203927e-15,0.0,33,3,130,60,49.81209352076955,46.4921644203618,47.154545454545655
226.7999999999914,240.4251888190476,0.09999999999999432,0.1,-5.689893001203927e-15,0.0,33,3,130,60,49.6311622241177,46.3921644203618,47.25454545454566
226.8999999999914,240.5251888190476,0.09999999999999432,0.1,-5.689893001203927e-15,0.0,33,3,130,60,49.45004852423388,46.2921644203618,47.35454545454566
226.9999999999914,240.6251888190476,0.09999999999999432,0.1,-5.689893001203927e-15,0.0,33,3,130,60,49.268975875272744,46.1921644203618,47.45454545454565
227.09999999999138,240.7251888190476,0.09999999999999432,0.1,-5.689893001203927e-15,0.0,33,3,130,60,49.08800203937382,46.0921644203618,47.554545454545654
227.19999999999138,240.82518881904758,0.09999999999999432,0.1,-5.689893001203927e-15,0.0,33,3,130,60,48.906753610611446,45.992164420361796,47.654545454545655
227.29999999999137,240.92518881904758,0.09999999999999432,0.1,-5.689893001203927e-15,0.0,33,3,130,60,48.724006508939624,45.892164420361794,47.75454545454565
227.39999999999137,241.02518881904757,0.09999999999999432,0.1,-5.689893001203927e-15,0.0,33,3,130,60,48.54296871058756,45.67186456063385,47.85454545454565
227.49999999999136,241.12518881904757,0.09999999999999432,0.1,-5.689893001203927e-15,0.0,33,3,130,60,48.361830427170965,44.90086456063384,47.954545454545645
227.59999999999135,241.22518881904756,0.09999999999999432,0.1,-5.689893001203927e-15,0.0,33,3,130,60,48.180549953925315,44.128864560633836,48.054545454545654
227.69999999999135,241.32518881904755,0.09999999999999432,0.1,-5.689893001203927e-15,0.0,33,3,129,60,47.999145265821085,43.35586456063383,48.154545454545655
227.79999999999134,241.42518881904755,0.09999999999999432,0.1,-5.689893001203927e-15,0.0,33,3,130,60,47.8176397318018,42.75740548093122,48.25454545454565
227.89999999999134,241.52518881904754,0.09999999999999432,0.1,-5.689893001203927e-15,0.0,33,3,130,60,47.63599126973177,42.65740548093122,48.35454545454565
227.99999999999133,241.62518881904754,0.09999999999999432,0.1,-5.689893001203927e-15,0.0,33,3,130,60,47.45421801723041,42.557405480931216,48.454545454545645
228.09999999999133,241.72518881904753,0.09999999999999432,0.1,-5.689893001203927e-15,0.0,33,3,130,60,47.27234355469828,42.457405480931214,48.55454545454565
228.19999999999132,241.82518881904753,0.09999999999999432,0.1,-5.689893001203927e-15,0.0,33,3,130,60,47.09032541921382,42.35740548093121,48.65454545454565
228.29999999999131,241.92518881904752,0.09999999999999432,0.1,-5.689893001203927e-15,0.0,33,3,130,59,46.90818191251712,42.25740548093121,48.75454545454564
228.3999999999913,242.02518881904751,0.09999999999999432,0.1,-5.689893001203927e-15,0.0,33,3,130,59,46.72593682837918,42.15740548093121,48.854545454545644
228.4999999999913,242.1251888190475,0.09999999999999432,0.1,-5.689893001203927e-15,0.0,33,3,130,59,46.46543947290845,42.05740548093121,48.95454545454564
228.5999999999913,242.2517888190475,0.12659999999999627,0.1,0.026599999999996266,0.0,33,3,130,59,47.03678743124864,44.592164420361776,49.05454545454564
228.6999999999913,242.3517888190475,0.09999999999999432,0.1,-5.689893001203927e-15,0.0,33,3,129,59,46.78966715817641,44.492164420361775,49.15454545454565
228.7999999999913,242.4517888190475,0.09999999999999432,0.1,-5.689893001203927e-15,0.0,33,3,128,59,46.52877784173026,44.39216442036177,49.25454545454564
228.89999999999128,242.5517888190475,0.09999999999999432,0.1,-5.689893001203927e-15,0.0,33,3,128,59,46.28177034691595,44.29216442036177,49.354545454545644
228.99999999999127,242.7411888190475,0.18940000000000623,0.1,0.08940000000000622,0.0,33,3,126,59,48.704021745181876,45.0347293801087,49.45454545454564
229.09999999999127,242.8411888190475,0.09999999999999432,0.1,-5.689893001203927e-15,0.0,33,3,126,59,48.41956916073551,44.4347293801087,49.55454545454564
229.19999999999126,242.94118881904748,0.09999999999999432,0.1,-5.689893001203927e-15,0.0,33,3,126,59,47.924414048436255,43.99216442036177,49.65454545454564
229.29999999999126,243.04118881904748,0.09999999999999432,0.1,-5.689893001203927e-15,0.0,33,3,126,59,47.616395151904776,43.892164420361766,49.754545454545635
229.39999999999125,243.20118881904747,0.1599999999999966,0.1,0.059999999999996584,0.0,33,3,124,59,48.97359191641182,43.792164420361765,49.85454545454564
229.49999999999125,243.30118881904747,0.09999999999999432,0.1,-5.689893001203927e-15,0.0,34,3,124,59,46.364957919741094,46.001839446821,48.48823529411783
229.59999999999124,243.24711266399984,-0.05407615504762475,0.1,-1.2101430968414206e-14,0.15407615504761266,33,3,126,59,46.97809263707561,45.40118259656951,48.59090909090926
229.69999999999123,243.34711266399984,0.09999999999999432,0.1,-5.689893001203927e-15,0.0,33,3,126,58,46.672962314506414,44.80118259656951,48.69090909090926
229.79999999999123,243.44711266399983,0.09999999999999432,0.1,-5.689893001203927e-15,0.0,33,3,126,58,46.37645123281901,44.20118259656951,48.79090909090925
229.89999999999122,242.91001223305122,-0.5371004309486125,0.1,3.3306690738754696e-15,0.6371004309486158,32,3,126,58,45.46793784616486,43.60118259656951,48.875000000000156
229.99999999999122,242.91203433093668,0.0020220978854581517,0.1,-5.287437154777308e-15,0.09797790211453657,31,3,126,58,46.27410077719875,43.00118259656951,47.97419354838727
230.0999999999912,243.01203433093667,0.09999999999999432,0.1,-5.689893001203927e-15,0.0,31,3,125,58,45.9477133409158,42.401182596569505,48.074193548387264
230.1999999999912,243.16423433093667,0.15219999999999345,0.1,0.052199999999993446,0.0,31,3,124,58,47.34467337678094,41.801182596569504,48.17419354838726
230.2999999999912,243.32423433093666,0.1599999999999966,0.1,0.059999999999996584,0.0,31,3,124,58,49.00249565219536,41.21694920833043,48.27419354838727
230.3999999999912,243.42423433093666,0.09999999999999432,0.1,-5.689893001203927e-15,0.0,32,3,124,58,46.41439109134574,47.016706748530964,46.86562500000016
230.4999999999912,243.06594459477785,-0.35828973615880955,0.1,0.060000000000004716,0.5182897361588142,31,3,124,58,47.875138337188964,41.01694920833043,48.23548387096791
230.59999999999118,242.97294233888186,-0.09300225589598199,0.1,-8.520961713998076e-15,0.19300225589597347,30,3,125,58,48.53767089314197,46.81670674853096,48.59000000000016
230.69999999999118,243.07294233888186,0.09999999999999432,0.1,-5.689893001203927e-15,0.0,30,3,125,58,48.24840077150961,46.71670674853096,48.69000000000016
230.79999999999117,243.17294233888185,0.09999999999999432,0.1,-5.689893001203927e-15,0.0,30,3,124,58,47.96529885100029,46.61670674853096,48.790000000000155
230.89999999999117,243.33294233888185,0.1599999999999966,0.1,0.059999999999996584,0.0,30,3,122,58,49.68243175019777,46.51670674853096,48.89000000000015
230.99999999999116,243.46714233888184,0.13419999999999277,0.1,0.034199999999992764,0.0,31,3,122,58,48.091373888591065,46.416706748530956,47.4129032258066
231.09999999999116,243.56714233888184,0.09999999999999432,0.1,-5.689893001203927e-15,0.0,31,3,122,58,47.78885669482507,46.316706748530954,47.5129032258066
231.19999999999115,243.66714233888183,0.09999999999999432,0.1,-5.689893001203927e-15,0.0,31,3,122,57,47.46368611109607,46.21670674853095,47.6129032258066
231.29999999999114,243.82434233888182,0.1571999999999889,0.1,0.0571999999999889,0.0,31,3,121,56,48.90269600533159,46.11670674853095,47.71290322580659
231.39999999999114,242.89263222858412,-0.9317101102977006,0.1,0.11439999999996942,1.14611011029767,29,3,119,56,51.024939969145386,47.651176758226725,45.65172413793117
231.49999999999113,243.11203222858413,0.21940000000000737,0.1,0.11940000000000736,0.0,29,3,117,55,54.61004238557896,48.32686691361505,45.75172413793118
231.59999999999113,243.21203222858412,0.09999999999999432,0.1,-5.689893001203927e-15,0.0,30,3,116,56,51.45518175732778,53.62952019812388,44.3266666666668
231.69999999999112,243.31203222858412,0.09999999999999432,0.1,-5.689893001203927e-15,0.0,29,3,117,56,52.83444712377052,53.34803958191266,43.49655172413806
231.79999999999112,243.4120322285841,0.09999999999999432,0.1,-5.689893001203927e-15,0.0,28,3,117,56,54.312823366759254,55.21201978538069,43.28214285714297
231.8999999999911,243.5120322285841,0.09999999999999432,0.1,-5.689893001203927e-15,0.0,28,3,118,56,53.91483355850174,54.02336863591491,43.38214285714297
231.9999999999911,243.6120322285841,0.09999999999999432,0.1,-5.689893001203927e-15,0.0,28,3,118,56,53.46130989542845,53.048039581912654,43.48214285714297
232.0999999999911,243.7120322285841,0.09999999999999432,0.1,-5.689893001203927e-15,0.0,28,3,119,56,53.02795393424664,52.94803958191265,43.58214285714297
232.1999999999911,242.68407972041948,-1.027952508164617,0.1,3.9968028886505635e-15,1.1279525081646211,26,3,119,56,52.301756519488194,49.94336863591491,41.76538461538474
232.2999999999911,242.82767972041947,0.14359999999999218,0.1,0.04359999999999217,0.0,26,3,118,56,53.558592610600265,52.74803958191265,41.86538461538475
232.39999999999108,242.92767972041946,0.09999999999999432,0.1,-5.689893001203927e-15,0.0,26,3,118,56,53.075826309506056,52.64803958191265,41.96538461538474
232.49999999999108,242.68098259762357,-0.24669712279589362,0.1,0.060000000000006326,0.4066971227958999,25,3,117,55,55.45243791326112,52.54803958191265,41.74400000000011
232.59999999999107,242.78098259762356,0.09999999999999432,0.1,-5.689893001203927e-15,0.0,25,3,118,55,55.049939989034065,52.448039581912646,41.844000000000115
232.69999999999106,242.88098259762356,0.09999999999999432,0.1,-5.689893001203927e-15,0.0,25,3,118,55,54.42987504697082,52.348039581912644,41.944000000000116
232.79999999999106,242.98098259762355,0.09999999999999432,0.1,-5.689893001203927e-15,0.0,25,3,118,55,53.99974482785212,52.24803958191264,42.04400000000012
232.89999999999105,243.08098259762355,0.09999999999999432,0.1,-5.689893001203927e-15,0.0,25,3,118,55,53.37242836960467,52.14803958191264,42.14400000000011
232.99999999999105,243.18098259762354,0.09999999999999432,0.1,-5.689893001203927e-15,0.0,25,3,120,55,52.764302914792104,52.04803958191264,42.24400000000011
233.09999999999104,243.28098259762353,0.09999999999999432,0.1,-5.689893001203927e-15,0.0,25,3,120,55,52.380843394298836,51.94803958191264,42.344000000000115
233.19999999999104,243.38098259762353,0.09999999999999432,0.1,-5.689893001203927e-15,0.0,25,3,120,55,51.81343191187726,51.84803958191264,42.444000000000116
233.29999999999103,243.48098259762352,0.09999999999999432,0.1,-5.689893001203927e-15,0.0,25,3,120,55,51.43042184261776,51.748039581912636,42.5440000000001
233.39999999999102,243.64098259762352,0.1599999999999966,0.1,0.059999999999996584,0.0,25,3,119,55,53.2574023491579,51.648039581912634,42.644000000000105
233.49999999999102,243.78138259762352,0.14039999999999964,0.1,0.04039999999999963,0.0,25,3,118,55,54.32039704736051,51.54803958191263,42.744000000000106
233.599999999991,243.8813825976235,0.09999999999999432,0.1,-5.689893001203927e-15,0.0,24,3,118,55,56.210006014779815,62.875180593988716,41.0791666666668
233.699999999991,243.9813825976235,0.09999999999999432,0.1,-5.689893001203927e-15,0.0,23,3,118,55,58.065843200496275,62.275180593988715,40.708695652174036
233.799999999991,244.0813825976235,0.09999999999999432,0.1,-5.689893001203927e-15,0.0,23,3,118,55,57.694728070180545,61.67518059398871,40.80869565217403
233.899999999991,244.1813825976235,0.09999999999999432,0.1,-5.689893001203927e-15,0.0,23,3,118,54,57.302014432518014,61.07518059398871,40.90869565217404
233.999999999991,244.32818259762348,0.14679999999998472,0.1,0.046799999999984715,0.0,23,3,117,54,58.96126879799227,60.47518059398871,41.00869565217403
234.09999999999098,244.42818259762348,0.09999999999999432,0.1,-5.689893001203927e-15,0.0,23,3,116,54,58.58858761322259,59.946337339776605,41.108695652174035
234.19999999999098,244.52818259762347,0.09999999999999432,0.1,-5.689893001203927e-15,0.0,23,3,116,54,58.21913401483915,59.760568688934185,41.20869565217403
234.29999999999097,244.62818259762346,0.09999999999999432,0.1,-5.689893001203927e-15,0.0,23,3,116,54,57.88081179571277,59.660568688934184,41.30869565217403
234.39999999999097,244.72818259762346,0.09999999999999432,0.1,-5.689893001203927e-15,0.0,23,3,116,54,57.567369365823836,59.56056868893418,41.40869565217403
234.49999999999096,244.82818259762345,0.09999999999999432,0.1,-5.689893001203927e-15,0.0,23,3,116,54,57.25095358432916,59.46056868893418,41.508695652174026
234.59999999999096,244.92818259762345,0.09999999999999432,0.1,-5.689893001203927e-15,0.0,23,3,116,54,56.93944817181993,59.36056868893418,41.608695652174035
234.69999999999095,245.02818259762344,0.09999999999999432,0.1,-5.689893001203927e-15,0.0,23,3,115,54,56.54621817380521,59.26056868893418,41.70869565217403
234.79999999999094,245.12818259762344,0.09999999999999432,0.1,-5.689893001203927e-15,0.0,23,3,115,55,56.23545621319236,59.16056868893418,41.80869565217403
234.89999999999094,245.22818259762343,0.09999999999999432,0.1,-5.689893001203927e-15,0.0,23,3,115,55,55.92377781732232,59.060568688934175,41.90869565217403
234.99999999999093,245.38818259762343,0.1599999999999966,0.1,0.059999999999996584,0.0,23,3,114,55,58.22217442991486,58.960568688934174,42.008695652174026
235.09999999999093,245.48818259762342,0.09999999999999432,0.1,-5.689893001203927e-15,0.0,24,3,115,55,54.44727912213059,64.78935982656793,40.35833333333344
235.19999999999092,245.58818259762342,0.09999999999999432,0.1,-5.689893001203927e-15,0.0,24,3,115,54,54.10340912961061,64.68935982656794,40.45833333333344
235.29999999999092,245.6881825976234,0.09999999999999432,0.1,-5.689893001203927e-15,0.0,24,3,115,54,53.79155418883952,64.58935982656794,40.558333333333444
235.3999999999909,245.9081825976234,0.21999999999999886,0.1,0.11999999999999886,0.0,24,3,114,54,58.48920377972993,64.48935982656795,40.65833333333344
235.4999999999909,246.0501825976234,0.1419999999999959,0.1,0.0419999999999959,0.0,24,3,113,54,59.937971798544446,64.38935982656795,40.75833333333344
235.5999999999909,246.1703825976234,0.12019999999998277,0.1,0.02019999999998276,0.0,25,3,112,54,57.01194772460065,64.28935982656796,39.2280000000001
235.6999999999909,246.4503825976234,0.28000000000000114,0.1,0.18000000000000113,0.0,25,3,111,54,63.88138746075459,64.18935982656797,39.3280000000001
235.7999999999909,246.55038259762338,0.09999999999999432,0.1,-5.689893001203927e-15,0.0,26,3,111,53,60.17363784339672,63.72513941478808,37.91538461538472
235.89999999999088,246.77038259762338,0.21999999999999886,0.1,0.11999999999999886,0.0,26,3,110,53,64.46753670269241,63.98935982656797,38.01538461538472
235.99999999999088,246.87038259762338,0.09999999999999432,0.1,-5.689893001203927e-15,0.0,27,3,110,53,60.86821196200961,62.507445603820834,36.7074074074075
236.09999999999087,246.97038259762337,0.09999999999999432,0.1,-5.689893001203927e-15,0.0,27,3,110,53,60.51682406975125,61.89689647132034,36.8074074074075
236.19999999999087,247.09078259762336,0.1203999999999894,0.1,0.0203999999999894,0.0,27,3,109,53,60.96016524532853,61.28511735098438,36.9074074074075
236.29999999999086,247.36658259762336,0.2758000000000038,0.1,0.17580000000000381,0.0,28,3,108,53,63.88084670448711,72.3520787064013,35.6892857142858
236.39999999999085,247.46658259762336,0.09999999999999432,0.1,-5.689893001203927e-15,0.0,30,3,108,53,57.67528995831615,72.2520787064013,33.41000000000008
236.49999999999085,247.5492346870935,0.08265208947014457,0.1,-5.523359547510154e-15,0.017347910529849908,29,3,107,54,59.270943166814064,72.15207870640131,33.255172413793176
236.59999999999084,247.52505333754584,-0.024181349547660602,0.1,0.05999999999999664,0.18418134954765725,27,3,106,54,64.89557335689379,73.22574039337023,33.155555555555615
236.69999999999084,247.66745333754582,0.14239999999998076,0.1,0.04239999999998076,0.0,27,3,105,54,66.20928948524501,72.67123514531032,33.25555555555562
236.79999999999083,247.82745333754582,0.1599999999999966,0.1,0.059999999999996584,0.0,27,3,104,53,68.18472101836392,72.15800915286898,33.35555555555562
236.89999999999083,247.9274533375458,0.09999999999999432,0.1,-5.689893001203927e-15,0.0,28,3,104,53,64.6001663973456,71.75207870640133,32.26428571428577
236.99999999999082,247.46329309267793,-0.4641602448678839,0.1,-9.769962616701378e-15,0.5641602448678741,27,3,105,54,64.61973467658476,71.65207870640134,30.251851851851942
237.0999999999908,247.56329309267792,0.09999999999999432,0.1,-5.689893001203927e-15,0.0,27,3,105,54,64.38044070445464,71.55207870640135,30.35185185185194
237.1999999999908,247.66329309267792,0.09999999999999432,0.1,-5.689893001203927e-15,0.0,27,3,105,54,64.15498064956108,71.45207870640135,30.45185185185194
237.2999999999908,247.7632930926779,0.09999999999999432,0.1,-5.689893001203927e-15,0.0,27,3,107,54,63.95694823100989,71.35207870640136,30.55185185185194
237.3999999999908,247.8632930926779,0.09999999999999432,0.1,-5.689893001203927e-15,0.0,26,3,108,54,66.27661545769635,71.36800151751312,28.700000000000106
237.4999999999908,247.9632930926779,0.09999999999999432,0.1,-5.689893001203927e-15,0.0,26,3,108,54,66.1594075389495,71.26800151751313,28.800000000000104
237.59999999999079,248.0632930926779,0.09999999999999432,0.1,-5.689893001203927e-15,0.0,26,3,108,55,66.04834516140502,71.16800151751313,28.900000000000105
237.69999999999078,248.1632930926779,0.09999999999999432,0.1,-5.689893001203927e-15,0.0,26,3,108,55,65.93120462948943,71.06800151751314,29.000000000000107
237.79999999999077,248.26329309267788,0.09999999999999432,0.1,-5.689893001203927e-15,0.0,26,3,109,54,65.76132621009214,70.95207870640138,29.100000000000104
237.89999999999077,248.36329309267788,0.09999999999999432,0.1,-5.689893001203927e-15,0.0,26,3,109,54,65.58608753708114,70.85207870640139,29.200000000000102
237.99999999999076,248.46329309267787,0.09999999999999432,0.1,-5.689893001203927e-15,0.0,26,3,108,54,65.3583586946986,70.75207870640139,29.300000000000104
238.09999999999076,248.56329309267787,0.09999999999999432,0.1,-5.689893001203927e-15,0.0,25,3,109,54,67.76523121148621,70.6520787064014,28.220000000000088
238.19999999999075,248.72309309267786,0.15979999999998995,0.1,0.059799999999989945,0.0,25,3,108,54,69.96498179532225,70.5520787064014,28.320000000000086
238.29999999999075,248.82309309267785,0.09999999999999432,0.1,-5.689893001203927e-15,0.0,25,3,108,54,69.75464246205422,70.45207870640141,28.420000000000087
238.39999999999074,248.97989309267786,0.15680000000000405,0.1,0.05680000000000404,0.0,25,3,106,54,71.82204963329737,70.36800151751318,28.520000000000085
238.49999999999073,249.07989309267785,0.09999999999999432,0.1,-5.689893001203927e-15,0.0,25,3,106,54,71.62362404613705,70.26800151751318,28.620000000000083
238.59999999999073,249.23989309267785,0.1599999999999966,0.1,0.059999999999996584,0.0,25,3,104,54,73.76096037119652,70.16800151751319,28.72000000000008
238.69999999999072,249.33989309267784,0.09999999999999432,0.1,-5.689893001203927e-15,0.0,26,3,104,54,69.71005069216854,70.77552310568018,27.715384615384696
238.79999999999072,249.47629309267782,0.13639999999998054,0.1,0.03639999999998053,0.0,26,3,103,54,70.39601799819123,70.67552310568018,27.815384615384694
238.8999999999907,249.57629309267782,0.09999999999999432,0.1,-5.689893001203927e-15,0.0,26,3,103,54,69.68751372324876,70.57552310568019,27.915384615384696
238.9999999999907,246.96149530225318,-2.614797790424632,0.1,-2.353672812205332e-14,2.7147977904246083,23,3,103,54,66.56097602404894,67.2143250634873,30.417391304347916
239.0999999999907,247.06149530225318,0.09999999999999432,0.1,-5.689893001203927e-15,0.0,23,3,103,54,66.2628952316666,66.60313067653051,30.517391304347914
239.1999999999907,247.16149530225317,0.09999999999999432,0.1,-5.689893001203927e-15,0.0,23,3,103,54,65.97456045006913,65.9906369403407,30.617391304347912
239.2999999999907,247.26149530225317,0.09999999999999432,0.1,-5.689893001203927e-15,0.0,23,3,102,54,65.67904574507877,65.38457688464499,30.717391304347917
239.39999999999068,247.36149530225316,0.09999999999999432,0.1,-5.689893001203927e-15,0.0,23,3,101,54,65.39032849611412,64.77981866600803,30.817391304347915
239.49999999999068,247.46149530225316,0.09999999999999432,0.1,-5.689893001203927e-15,0.0,23,3,101,54,65.09435301429708,64.17406660658737,30.917391304347912
239.59999999999067,247.56149530225315,0.09999999999999432,0.1,-5.689893001203927e-15,0.0,23,3,101,54,64.78379177082375,63.573212202130456,31.017391304347914
239.69999999999067,247.66149530225314,0.09999999999999432,0.1,-5.689893001203927e-15,0.0,23,3,101,55,64.46612255280493,62.97014593230291,31.117391304347912
239.79999999999066,247.76149530225314,0.09999999999999432,0.1,-5.689893001203927e-15,0.0,23,3,101,54,64.1133620465759,61.87573343252728,31.21739130434791
239.89999999999065,247.86149530225313,0.09999999999999432,0.1,-5.689893001203927e-15,0.0,23,3,102,54,63.808296997750496,61.19835761480678,31.317391304347915
239.99999999999065,247.96149530225313,0.09999999999999432,0.1,-5.689893001203927e-15,0.0,23,3,102,53,63.339398095227,60.54273449148562,31.417391304347912
240.09999999999064,248.06149530225312,0.09999999999999432,0.1,-5.689893001203927e-15,0.0,23,3,102,53,62.89756379423364,59.83108833946586,31.51739130434791
240.19999999999064,248.16149530225312,0.09999999999999432,0.1,-5.689893001203927e-15,0.0,23,3,102,53,62.46871656117216,59.68935982656791,31.617391304347912
240.29999999999063,248.31929530225312,0.15780000000000882,0.1,0.05780000000000882,0.0,23,3,101,53,64.55615031688292,65.25226164829165,31.71739130434791
240.39999999999063,248.47929530225312,0.1599999999999966,0.1,0.059999999999996584,0.0,23,3,100,53,66.7310880551376,64.65226164829166,31.817391304347908
240.49999999999062,248.57929530225312,0.09999999999999432,0.1,-5.689893001203927e-15,0.0,24,3,99,53,62.45400609203341,64.04436932953274,30.591666666666743
240.59999999999062,248.6792953022531,0.09999999999999432,0.1,-5.689893001203927e-15,0.0,24,3,99,53,62.0084165445904,63.44436932953274,30.691666666666748
240.6999999999906,248.9026953022531,0.22339999999999804,0.1,0.12339999999999804,0.0,24,3,96,52,66.71585249134375,65.99935119136815,30.791666666666746
240.7999999999906,249.0026953022531,0.09999999999999432,0.1,-5.689893001203927e-15,0.0,24,3,96,51,66.30922919364447,65.39935119136815,30.891666666666747
240.8999999999906,249.1026953022531,0.09999999999999432,0.1,-5.689893001203927e-15,0.0,24,3,95,51,65.8965761475122,64.71862285123903,30.991666666666745
240.9999999999906,247.32672403222782,-1.7759712700252805,0.1,-2.1538326677728037e-14,1.875971270025259,21,3,95,50,65.96175457076971,62.24242322896588,27.195238095238146
241.0999999999906,247.4267240322278,0.09999999999999432,0.1,-5.689893001203927e-15,0.0,21,3,95,49,65.64931047683466,62.14242322896588,27.295238095238147
241.19999999999058,247.5267240322278,0.09999999999999432,0.1,-5.689893001203927e-15,0.0,21,3,96,49,65.34812696118605,62.04242322896588,27.39523809523815
241.29999999999058,247.6267240322278,0.09999999999999432,0.1,-5.689893001203927e-15,0.0,21,3,97,49,65.19460601480925,61.94242322896588,27.495238095238147
241.39999999999057,247.7267240322278,0.09999999999999432,0.1,-5.689893001203927e-15,0.0,21,3,97,49,65.08207775988069,61.84242322896588,27.595238095238145
241.49999999999056,247.8267240322278,0.09999999999999432,0.1,-5.689893001203927e-15,0.0,21,3,96,48,64.97001431951654,61.742423228965876,27.695238095238146
241.59999999999056,247.92672403222778,0.09999999999999432,0.1,-5.689893001203927e-15,0.0,21,3,96,48,64.85756194753672,61.642423228965875,27.795238095238147
241.69999999999055,248.02672403222778,0.09999999999999432,0.1,-5.689893001203927e-15,0.0,21,3,96,48,64.74493902776528,61.54242322896587,27.895238095238142
241.79999999999055,248.12672403222777,0.09999999999999432,0.1,-5.689893001203927e-15,0.0,21,3,99,48,64.63278512849523,61.44242322896587,27.995238095238143
241.89999999999054,248.22672403222776,0.09999999999999432,0.1,-5.689893001203927e-15,0.0,21,3,99,48,64.5202327937631,61.34242322896587,28.095238095238145
241.99999999999054,248.32672403222776,0.09999999999999432,0.1,-5.689893001203927e-15,0.0,21,3,99,48,64.40751435256122,61.24242322896587,28.195238095238146
242.09999999999053,248.42672403222775,0.09999999999999432,0.1,-5.689893001203927e-15,0.0,21,3,99,48,64.29526917585574,61.14242322896587,28.29523809523814
242.19999999999052,248.52672403222775,0.09999999999999432,0.1,-5.689893001203927e-15,0.0,21,3,99,48,64.18261597384489,61.042423228965866,28.395238095238142
242.29999999999052,248.62672403222774,0.09999999999999432,0.1,-5.689893001203927e-15,0.0,21,3,99,48,64.0698011468741,60.942423228965865,28.495238095238143
242.3999999999905,248.72672403222774,0.09999999999999432,0.1,-5.689893001203927e-15,0.0,21,3,99,48,63.957463866797035,60.84242322896586,28.595238095238145
242.4999999999905,248.82672403222773,0.09999999999999432,0.1,-5.689893001203927e-15,0.0,21,3,100,49,63.844708884796376,60.74242322896586,28.69523809523814
242.5999999999905,248.92672403222772,0.09999999999999432,0.1,-5.689893001203927e-15,0.0,21,3,100,50,63.73179679989709,60.64242322896586,28.79523809523814
242.6999999999905,249.02672403222772,0.09999999999999432,0.1,-5.689893001203927e-15,0.0,21,3,100,50,63.61936658303873,60.54242322896586,28.895238095238142
242.7999999999905,249.1267240322277,0.09999999999999432,0.1,-5.689893001203927e-15,0.0,21,3,100,51,63.50650890007834,60.44242322896586,28.995238095238143
242.89999999999048,249.2267240322277,0.09999999999999432,0.1,-5.689893001203927e-15,0.0,21,3,100,51,63.39349867719914,60.342423228965856,29.095238095238138
242.99999999999048,249.3267240322277,0.09999999999999432,0.1,-5.689893001203927e-15,0.0,21,3,102,51,63.280974682608544,60.242423228965855,29.19523809523814
243.09999999999047,249.4267240322277,0.09999999999999432,0.1,-5.689893001203927e-15,0.0,21,3,102,50,63.168013369385,60.14242322896585,29.29523809523814
243.19999999999047,249.5267240322277,0.09999999999999432,0.1,-5.689893001203927e-15,0.0,20,3,102,50,66.2155877210966,60.533992162432405,27.820000000000014
243.29999999999046,249.62672403222768,0.09999999999999432,0.1,-5.689893001203927e-15,0.0,20,3,102,50,66.10233816916919,60.4339921624324,27.920000000000016
243.39999999999046,249.72672403222768,0.09999999999999432,0.1,-5.689893001203927e-15,0.0,20,3,102,50,65.9895808882197,60.3339921624324,28.020000000000017
243.49999999999045,249.82672403222767,0.09999999999999432,0.1,-5.689893001203927e-15,0.0,20,3,102,50,65.8764057031998,60.2339921624324,28.120000000000015
243.59999999999044,249.92672403222767,0.09999999999999432,0.1,-5.689893001203927e-15,0.0,20,3,103,50,65.76305589461445,60.1339921624324,28.220000000000017
243.69999999999044,250.02672403222766,0.09999999999999432,0.1,-5.689893001203927e-15,0.0,20,3,103,50,65.65020281138709,60.0339921624324,28.320000000000014
243.79999999999043,250.12672403222766,0.09999999999999432,0.1,-5.689893001203927e-15,0.0,20,3,104,50,65.52136929117651,59.933992162432396,28.420000000000016
243.89999999999043,250.22672403222765,0.09999999999999432,0.1,-5.689893001203927e-15,0.0,20,3,104,50,65.40106364684182,59.833992162432395,28.520000000000017
243.99999999999042,250.32672403222765,0.09999999999999432,0.1,-5.689893001203927e-15,0.0,20,3,104,51,65.27992411578006,59.73399216243239,28.620000000000015
244.09999999999042,250.42672403222764,0.09999999999999432,0.1,-5.689893001203927e-15,0.0,20,3,104,51,65.16632574268695,59.63399216243239,28.72000000000001
244.1999999999904,250.52672403222763,0.09999999999999432,0.1,-5.689893001203927e-15,0.0,20,3,104,51,64.99291168944357,59.53399216243239,28.82000000000001
244.2999999999904,250.62672403222763,0.09999999999999432,0.1,-5.689893001203927e-15,0.0,20,3,105,51,64.8284188366352,59.43399216243239,28.92000000000001
244.3999999999904,250.72672403222762,0.09999999999999432,0.1,-5.689893001203927e-15,0.0,20,3,105,52,64.63235937700995,58.842423228965835,29.02000000000001
244.4999999999904,250.82672403222762,0.09999999999999432,0.1,-5.689893001203927e-15,0.0,20,3,105,52,64.43744869281213,58.74242322896583,29.12000000000001
244.5999999999904,250.9267240322276,0.09999999999999432,0.1,-5.689893001203927e-15,0.0,20,3,105,52,64.22274924567392,58.64242322896583,29.22000000000001
244.69999999999038,251.0267240322276,0.09999999999999432,0.1,-5.689893001203927e-15,0.0,20,3,105,53,63.98103181137701,58.54242322896583,29.32000000000001
244.79999999999038,251.1267240322276,0.09999999999999432,0.1,-5.689893001203927e-15,0.0,20,3,105,53,63.74138660494772,58.44242322896583,29.42000000000001
244.89999999999037,251.2267240322276,0.09999999999999432,0.1,-5.689893001203927e-15,0.0,20,3,105,53,63.50145149437437,58.34242322896583,29.520000000000003
244.99999999999037,251.3267240322276,0.09999999999999432,0.1,-5.689893001203927e-15,0.0,20,3,105,53,63.26077653203921,58.242423228965826,29.620000000000005
245.09999999999036,251.42672403222758,0.09999999999999432,0.1,-5.689893001203927e-15,0.0,20,3,105,53,63.02031771409848,58.142423228965825,29.720000000000006
245.19999999999035,251.52672403222758,0.09999999999999432,0.1,-5.689893001203927e-15,0.0,20,3,104,53,62.779282312269025,57.94492489372205,29.820000000000004
245.29999999999035,251.62672403222757,0.09999999999999432,0.1,-5.689893001203927e-15,0.0,20,3,104,53,62.539039301670314,57.45681329275192,29.920000000000005
245.39999999999034,251.72672403222757,0.09999999999999432,0.1,-5.689893001203927e-15,0.0,20,3,104,53,62.29947061168788,57.356813292751916,30.02
245.49999999999034,251.82672403222756,0.09999999999999432,0.1,-5.689893001203927e-15,0.0,20,3,104,53,62.05926181370675,57.256813292751914,30.119999999999997
245.59999999999033,251.92672403222755,0.09999999999999432,0.1,-5.689893001203927e-15,0.0,20,3,104,53,61.32262640827977,57.15681329275191,30.22
245.69999999999033,252.02672403222755,0.09999999999999432,0.1,-5.689893001203927e-15,0.0,20,3,104,53,61.085148247125304,57.05681329275191,30.32
245.79999999999032,252.12672403222754,0.09999999999999432,0.1,-5.689893001203927e-15,0.0,20,3,104,53,60.869244823561324,56.95681329275191,30.419999999999998
245.8999999999903,252.22672403222754,0.09999999999999432,0.1,-5.689893001203927e-15,0.0,20,3,104,53,60.14726361540188,56.85681329275191,30.519999999999992
245.9999999999903,251.29254686908368,-0.9341771631438576,0.1,-6.217248937900877e-15,1.0341771631438514,19,3,105,53,57.594990774323904,53.889359826567826,31.93684210526315
246.0999999999903,251.39254686908367,0.09999999999999432,0.1,-5.689893001203927e-15,0.0,19,3,105,53,57.37277330145548,53.789359826567825,32.03684210526315
246.1999999999903,251.49254686908367,0.09999999999999432,0.1,-5.689893001203927e-15,0.0,19,3,105,53,57.09733451035881,53.689359826567824,32.13684210526315
246.2999999999903,251.59254686908366,0.09999999999999432,0.1,-5.689893001203927e-15,0.0,19,3,105,53,56.8214576402012,53.58935982656782,32.23684210526314
246.39999999999029,251.69254686908366,0.09999999999999432,0.1,-5.689893001203927e-15,0.0,19,3,105,54,56.60021920740805,53.48935982656782,32.33684210526315
246.49999999999028,251.79254686908365,0.09999999999999432,0.1,-5.689893001203927e-15,0.0,19,3,105,54,56.378942606948506,53.38935982656782,32.436842105263146
246.59999999999027,251.89254686908365,0.09999999999999432,0.1,-5.689893001203927e-15,0.0,19,3,105,54,56.15821412587051,53.28935982656782,32.53684210526314
246.69999999999027,251.99254686908364,0.09999999999999432,0.1,-5.689893001203927e-15,0.0,19,3,104,54,55.89451153418465,53.18935982656782,32.63684210526314
246.79999999999026,252.09254686908363,0.09999999999999432,0.1,-5.689893001203927e-15,0.0,19,3,104,54,55.622119954923534,53.089359826567815,32.73684210526314
246.89999999999026,252.19254686908363,0.09999999999999432,0.1,-5.689893001203927e-15,0.0,19,3,104,54,55.354980469537225,52.989359826567814,32.83684210526314
246.99999999999025,252.29254686908362,0.09999999999999432,0.1,-5.689893001203927e-15,0.0,18,3,104,54,58.20701458496119,54.837383981651755,31.994444444444397
247.09999999999025,252.39254686908362,0.09999999999999432,0.1,-5.689893001203927e-15,0.0,18,3,106,54,57.96174463451395,54.225374391657105,32.0944444444444
247.19999999999024,252.4925468690836,0.09999999999999432,0.1,-5.689893001203927e-15,0.0,18,3,105,53,57.71947697754521,53.61323153434147,32.1944444444444
247.29999999999023,252.5925468690836,0.09999999999999432,0.1,-5.689893001203927e-15,0.0,18,3,105,52,57.47738002456371,52.99805247051856,32.294444444444395
247.39999999999023,252.6925468690836,0.09999999999999432,0.1,-5.689893001203927e-15,0.0,18,3,105,52,57.23436020637939,52.48935982656781,32.394444444444396
247.49999999999022,252.7925468690836,0.09999999999999432,0.1,-5.689893001203927e-15,0.0,18,3,105,51,56.98572785503845,52.389359826567805,32.49444444444439
247.59999999999022,252.8925468690836,0.09999999999999432,0.1,-5.689893001203927e-15,0.0,18,3,106,51,56.70356154455954,52.289359826567804,32.59444444444439
247.6999999999902,252.99254686908358,0.09999999999999432,0.1,-5.689893001203927e-15,0.0,18,3,106,51,56.3494812941955,52.1893598265678,32.69444444444439
247.7999999999902,253.09254686908358,0.09999999999999432,0.1,-5.689893001203927e-15,0.0,18,3,106,51,55.99499922915874,52.08380548463739,32.794444444444395
247.8999999999902,253.19254686908357,0.09999999999999432,0.1,-5.689893001203927e-15,0.0,18,3,106,51,55.63896073379372,50.98380548463739,32.89444444444439
247.9999999999902,253.29254686908357,0.09999999999999432,0.1,-5.689893001203927e-15,0.0,18,3,106,51,55.28559140791437,49.938163486666454,32.99444444444438
248.0999999999902,253.39254686908356,0.09999999999999432,0.1,-5.689893001203927e-15,0.0,18,3,105,50,54.93485452227283,48.83816348666645,33.094444444444385
248.19999999999018,253.49254686908355,0.09999999999999432,0.1,-5.689893001203927e-15,0.0,18,3,105,50,54.5865882808006,47.79494503507298,33.194444444444386
248.29999999999018,253.59254686908355,0.09999999999999432,0.1,-5.689893001203927e-15,0.0,18,3,106,51,54.238061425535314,46.873416404439844,33.29444444444439
248.39999999999017,253.69254686908354,0.09999999999999432,0.1,-5.689893001203927e-15,0.0,18,3,106,51,53.88952490274945,46.27341640443984,33.39444444444438
248.49999999999017,253.79254686908354,0.09999999999999432,0.1,-5.689893001203927e-15,0.0,18,3,106,51,53.54159562949726,45.67341640443984,33.49444444444438
248.59999999999016,253.89254686908353,0.09999999999999432,0.1,-5.689893001203927e-15,0.0,18,3,106,51,53.218384721802835,45.07341640443984,33.59444444444438
248.69999999999015,253.99254686908353,0.09999999999999432,0.1,-5.689893001203927e-15,0.0,18,3,106,51,52.92247839930641,44.47341640443984,33.69444444444438
248.79999999999015,254.09254686908352,0.09999999999999432,0.1,-5.689893001203927e-15,0.0,18,3,107,50,52.62701738829151,43.87341640443984,33.79444444444438
248.89999999999014,254.19254686908351,0.09999999999999432,0.1,-5.689893001203927e-15,0.0,18,3,106,49,52.34028011034058,43.273416404439836,33.894444444444375
248.99999999999014,254.2925468690835,0.09999999999999432,0.1,-5.689893001203927e-15,0.0,18,3,106,49,52.0731734956732,42.673416404439834,33.994444444444376
249.09999999999013,254.3925468690835,0.09999999999999432,0.1,-5.689893001203927e-15,0.0,18,3,107,49,51.806280205225534,42.13526322284341,34.09444444444437
249.19999999999013,254.4925468690835,0.09999999999999432,0.1,-5.689893001203927e-15,0.0,18,3,106,49,51.496845847998344,42.03526322284341,34.19444444444437
249.29999999999012,254.5925468690835,0.09999999999999432,0.1,-5.689893001203927e-15,0.0,18,3,106,49,51.23017918133168,41.93526322284341,34.29444444444437
249.39999999999011,254.7287468690835,0.13620000000000232,0.1,0.036200000000002314,0.0,18,3,105,50,52.974623625776125,44.56056868893397,34.39444444444437
249.4999999999901,254.8287468690835,0.09999999999999432,0.1,-5.689893001203927e-15,0.0,18,3,105,50,52.70704174612624,44.46056868893397,34.49444444444437
249.5999999999901,254.92874686908348,0.09999999999999432,0.1,-5.689893001203927e-15,0.0,18,3,105,51,52.41988181429933,44.36056868893397,34.59444444444436
249.6999999999901,255.02874686908348,0.09999999999999432,0.1,-5.689893001203927e-15,0.0,18,3,105,51,52.153215147632665,44.260568688933965,34.69444444444437
249.7999999999901,255.12874686908347,0.09999999999999432,0.1,-5.689893001203927e-15,0.0,18,3,105,51,51.89308874273513,44.160568688933964,34.794444444444366
249.8999999999901,255.22874686908347,0.09999999999999432,0.1,-5.689893001203927e-15,0.0,18,3,104,51,51.681977631624015,44.06056868893396,34.89444444444436
249.99999999999008,255.32874686908346,0.09999999999999432,0.1,-5.689893001203927e-15,0.0,18,3,103,51,51.47086652051291,43.96056868893396,34.99444444444436
250.09999999999008,255.42874686908345,0.09999999999999432,0.1,-5.689893001203927e-15,0.0,18,3,103,51,51.2597554094018,43.86056868893396,35.094444444444356
250.19999999999007,255.52874686908345,0.09999999999999432,0.1,-5.689893001203927e-15,0.0,18,3,103,51,51.04864429829068,43.379534342114,35.194444444444365
250.29999999999006,255.62874686908344,0.09999999999999432,0.1,-5.689893001203927e-15,0.0,18,3,102,51,50.837533187179574,42.779534342114,35.29444444444436
250.39999999999006,255.72874686908344,0.09999999999999432,0.1,-5.689893001203927e-15,0.0,18,3,103,51,50.556088704410776,42.179534342113996,35.39444444444436
250.49999999999005,254.51074700425355,-1.217999864829892,0.1,0.059999999999991394,1.3779998648298835,16,3,102,51,51.720972951385484,41.579534342113995,37.4124999999999
250.59999999999005,254.61074700425354,0.09999999999999432,0.1,-5.689893001203927e-15,0.0,16,3,102,51,51.54372882989546,40.97953434211399,37.512499999999896
250.69999999999004,254.71074700425353,0.09999999999999432,0.1,-5.689893001203927e-15,0.0,16,3,102,51,51.381228829895456,40.53526322284339,37.6124999999999
250.79999999999004,254.81074700425353,0.09999999999999432,0.1,-5.689893001203927e-15,0.0,16,3,104,52,51.240986564452164,40.43526322284339,37.71249999999989
250.89999999999003,254.91074700425352,0.09999999999999432,0.1,-5.689893001203927e-15,0.0,16,3,104,52,51.10973656445216,40.33526322284339,37.81249999999989
250.99999999999002,255.01074700425352,0.09999999999999432,0.1,-5.689893001203927e-15,0.0,16,3,104,51,51.00973656445216,40.235263222843386,37.91249999999989
251.09999999999002,255.1107470042535,0.09999999999999432,0.1,-5.689893001203927e-15,0.0,16,3,104,50,50.90973656445217,40.135263222843385,38.01249999999989
251.19999999999,255.2107470042535,0.09999999999999432,0.1,-5.689893001203927e-15,0.0,16,3,104,50,50.809736564452166,40.03526322284338,38.11249999999989
251.29999999999,255.3107470042535,0.09999999999999432,0.1,-5.689893001203927e-15,0.0,16,3,104,51,50.709736564452164,39.93526322284338,38.212499999999885
251.39999999999,255.4107470042535,0.09999999999999432,0.1,-5.689893001203927e-15,0.0,16,3,104,51,50.60973656445216,39.83526322284338,38.312499999999886
251.49999999999,255.5107470042535,0.09999999999999432,0.1,-5.689893001203927e-15,0.0,16,3,105,51,50.50973656445217,39.73526322284338,38.41249999999988
251.59999999999,255.61074700425348,0.09999999999999432,0.1,-5.689893001203927e-15,0.0,16,3,105,51,50.40973656445217,39.63526322284338,38.51249999999988
251.69999999998998,255.71074700425348,0.09999999999999432,0.1,-5.689893001203927e-15,0.0,16,3,105,51,50.309736564452166,39.535263222843376,38.61249999999988
251.79999999998998,255.81074700425347,0.09999999999999432,0.1,-5.689893001203927e-15,0.0,16,3,106,51,50.209736564452164,39.435263222843375,38.71249999999988
251.89999999998997,255.91074700425347,0.09999999999999432,0.1,-5.689893001203927e-15,0.0,16,3,107,50,50.10973656445217,39.33526322284337,38.81249999999988
251.99999999998997,256.01074700425346,0.09999999999999432,0.1,-5.689893001203927e-15,0.0,16,3,106,50,50.00973656445217,39.23526322284337,38.91249999999987
252.09999999998996,256.1107470042535,0.10000000000002274,0.1,2.273181642920008e-14,0.0,16,3,104,50,49.90973656445217,39.13526322284337,39.012499999999875
252.19999999998996,256.2107470042535,0.10000000000002274,0.1,2.273181642920008e-14,0.0,16,3,104,50,49.809736564452166,39.03526322284337,39.112499999999876
252.29999999998995,256.3107470042535,0.10000000000002274,0.1,2.273181642920008e-14,0.0,16,3,104,50,49.70973656445217,38.93526322284337,39.21249999999987
252.39999999998994,256.41074700425355,0.10000000000002274,0.1,2.273181642920008e-14,0.0,16,3,105,50,49.60973656445217,38.835263222843366,39.31249999999987
252.49999999998994,256.5107470042536,0.10000000000002274,0.1,2.273181642920008e-14,0.0,16,3,105,50,49.50973656445217,38.735263222843365,39.412499999999866
252.59999999998993,256.6107470042536,0.10000000000002274,0.1,2.273181642920008e-14,0.0,16,3,105,50,49.409736564452174,38.63526322284336,39.51249999999987
252.69999999998993,256.7107470042536,0.10000000000002274,0.1,2.273181642920008e-14,0.0,16,3,105,50,49.30973656445217,38.53526322284336,39.61249999999987
252.79999999998992,256.81074700425364,0.10000000000002274,0.1,2.273181642920008e-14,0.0,16,3,105,50,49.20973656445217,38.43526322284336,39.712499999999864
252.89999999998992,256.91074700425366,0.10000000000002274,0.1,2.273181642920008e-14,0.0,16,3,105,50,49.10973656445217,38.33526322284336,39.812499999999865
252.9999999999899,257.0107470042537,0.10000000000002274,0.1,2.273181642920008e-14,0.0,16,3,105,50,49.009736564452176,38.23526322284336,39.912499999999866
253.0999999999899,257.1107470042537,0.10000000000002274,0.1,2.273181642920008e-14,0.0,16,3,105,50,48.909736564452174,38.135263222843356,40.01249999999986
253.1999999999899,257.21074700425373,0.10000000000002274,0.1,2.273181642920008e-14,0.0,16,3,106,50,48.80973656445217,38.035263222843355,40.11249999999986
253.2999999999899,257.31074700425376,0.10000000000002274,0.1,2.273181642920008e-14,0.0,16,3,106,51,48.70973656445217,37.93526322284335,40.212499999999864
253.3999999999899,257.4107470042538,0.10000000000002274,0.1,2.273181642920008e-14,0.0,16,3,106,52,48.60973656445218,37.83526322284335,40.31249999999986
253.49999999998988,257.5107470042538,0.10000000000002274,0.1,2.273181642920008e-14,0.0,16,3,106,52,48.509736564452176,37.73526322284335,40.41249999999986
253.59999999998988,257.6107470042538,0.10000000000002274,0.1,2.273181642920008e-14,0.0,16,3,105,53,48.409736564452174,37.63526322284335,40.51249999999986
253.69999999998987,257.71074700425385,0.10000000000002274,0.1,2.273181642920008e-14,0.0,16,3,106,53,48.30973656445217,37.53526322284335,40.612499999999855
253.79999999998986,257.81074700425387,0.10000000000002274,0.1,2.273181642920008e-14,0.0,16,3,106,53,48.20973656445218,37.435263222843346,40.71249999999986
253.89999999998986,257.9107470042539,0.10000000000002274,0.1,2.273181642920008e-14,0.0,16,3,105,53,48.10973656445218,37.335263222843345,40.81249999999986
253.99999999998985,258.0107470042539,0.10000000000002274,0.1,2.273181642920008e-14,0.0,16,3,104,53,48.009736564452176,37.235263222843344,40.91249999999985
254.09999999998985,258.11074700425394,0.10000000000002274,0.1,2.273181642920008e-14,0.0,16,3,104,53,47.909736564452174,37.13526322284334,41.012499999999854
254.19999999998984,258.21074700425396,0.10000000000002274,0.1,2.273181642920008e-14,0.0,16,3,105,53,47.80973656445218,37.03526322284334,41.112499999999855
254.29999999998984,258.310747004254,0.10000000000002274,0.1,2.273181642920008e-14,0.0,16,3,105,53,47.70973656445218,36.93526322284334,41.21249999999985
254.39999999998983,258.410747004254,0.10000000000002274,0.1,2.273181642920008e-14,0.0,16,3,104,53,47.60973656445218,36.83526322284334,41.31249999999985
254.49999999998983,258.51074700425403,0.10000000000002274,0.1,2.273181642920008e-14,0.0,16,3,103,53,47.50973656445218,36.73526322284334,41.41249999999985
254.59999999998982,258.61074700425405,0.10000000000002274,0.1,2.273181642920008e-14,0.0,16,3,103,53,47.40973656445218,36.635263222843335,41.512499999999854
254.6999999999898,258.7107470042541,0.10000000000002274,0.1,2.273181642920008e-14,0.0,16,3,103,53,47.30973656445218,36.535263222843334,41.61249999999985
254.7999999999898,258.8107470042541,0.10000000000002274,0.1,2.273181642920008e-14,0.0,16,3,103,52,47.20973656445218,36.43526322284333,41.71249999999985
254.8999999999898,258.9107470042541,0.10000000000002274,0.1,2.273181642920008e-14,0.0,16,3,103,52,47.109736564452184,36.33526322284333,41.81249999999985
254.9999999999898,259.01074700425414,0.10000000000002274,0.1,2.273181642920008e-14,0.0,16,3,103,52,47.00973656445218,36.23526322284333,41.912499999999845
255.0999999999898,259.11074700425416,0.10000000000002274,0.1,2.273181642920008e-14,0.0,16,3,103,52,46.90973656445218,36.13526322284333,42.01249999999985
255.19999999998979,259.2107470042542,0.10000000000002274,0.1,2.273181642920008e-14,0.0,16,3,102,51,46.80973656445218,36.03526322284333,42.11249999999985
255.29999999998978,259.3107470042542,0.10000000000002274,0.1,2.273181642920008e-14,0.0,16,3,102,50,46.709736564452186,35.935263222843325,42.21249999999984
255.39999999998977,259.41074700425423,0.10000000000002274,0.1,2.273181642920008e-14,0.0,16,3,102,50,46.609736564452184,35.835263222843324,42.312499999999844
255.49999999998977,259.51074700425426,0.10000000000002274,0.1,2.273181642920008e-14,0.0,16,3,102,50,46.246019876021855,35.73526322284332,42.412499999999845
255.59999999998976,259.64974700425427,0.13900000000001,0.1,0.03900000000001,0.0,16,3,101,51,48.41176987602186,35.63526322284332,42.51249999999984
255.69999999998976,259.7497470042543,0.10000000000002274,0.1,2.273181642920008e-14,0.0,16,3,101,51,48.11373208226446,35.53526322284332,42.61249999999984
255.79999999998975,259.88294700425433,0.13320000000004484,0.1,0.03320000000004483,0.0,16,3,100,52,49.8364483253383,35.43526322284332,42.71249999999984
255.89999999998975,259.98294700425436,0.10000000000002274,0.1,2.273181642920008e-14,0.0,16,3,100,53,49.50584179668802,35.33526322284332,42.81249999999984
255.99999999998974,260.10834700425437,0.12540000000001328,0.1,0.025400000000013273,0.0,16,3,99,53,50.73723799444612,35.235263222843315,42.91249999999984
256.09999999998973,260.2083470042544,0.10000000000002274,0.1,2.273181642920008e-14,0.0,16,3,99,53,50.40870449665471,35.135263222843314,43.01249999999984
256.19999999998976,260.3083470042544,0.10000000000002274,0.1,2.273181642920008e-14,0.0,16,3,99,53,50.0686840183812,35.03526322284331,43.11249999999984
256.2999999999898,260.40834700425444,0.10000000000002274,0.1,2.273181642920008e-14,0.0,16,3,99,53,49.7327465183812,34.93526322284331,43.212499999999835
256.3999999999898,260.50834700425446,0.10000000000002274,0.1,2.273181642920008e-14,0.0,16,3,100,53,49.3966840183812,34.83526322284331,43.31249999999984
256.4999999999898,260.6083470042545,0.10000000000002274,0.1,2.273181642920008e-14,0.0,16,3,101,53,49.0604965183812,34.73526322284331,43.41249999999984
256.59999999998985,260.7083470042545,0.10000000000002274,0.1,2.273181642920008e-14,0.0,16,3,101,53,48.72418401838121,34.63526322284331,43.51249999999983
256.69999999998987,260.80834700425453,0.10000000000002274,0.1,2.273181642920008e-14,0.0,16,3,100,53,48.387746518381206,34.535263222843305,43.612499999999834
256.7999999999899,260.90834700425455,0.10000000000002274,0.1,2.273181642920008e-14,0.0,16,3,100,52,48.05118401838121,34.435263222843304,43.712499999999835
256.8999999999899,261.0083470042546,0.10000000000002274,0.1,2.273181642920008e-14,0.0,16,3,101,52,47.71449651838121,34.3352632228433,43.81249999999983
256.99999999998994,261.1083470042546,0.10000000000002274,0.1,2.273181642920008e-14,0.0,16,3,101,52,47.37768401838122,34.2352632228433,43.91249999999983
257.09999999998996,261.2083470042546,0.10000000000002274,0.1,2.273181642920008e-14,0.0,16,3,103,51,47.04074651838121,34.1352632228433,44.01249999999983
257.19999999999,261.30834700425464,0.10000000000002274,0.1,2.273181642920008e-14,0.0,15,3,103,51,49.91138443412845,34.0352632228433,40.18666666666659
257.29999999999,261.40834700425467,0.10000000000002274,0.1,2.273181642920008e-14,0.0,15,3,102,52,49.62705110079512,33.9352632228433,40.28666666666659
257.39999999999003,261.5083470042547,0.10000000000002274,0.1,2.273181642920008e-14,0.0,15,3,102,52,49.34265110079512,33.835263222843295,40.386666666666585
257.49999999999005,261.6083470042547,0.10000000000002274,0.1,2.273181642920008e-14,0.0,15,3,102,52,49.05818443412846,33.735263222843294,40.486666666666586
257.5999999999901,261.70834700425473,0.10000000000002274,0.1,2.273181642920008e-14,0.0,15,3,102,52,48.77365110079513,33.63526322284329,40.58666666666659
257.6999999999901,261.80834700425476,0.10000000000002274,0.1,2.273181642920008e-14,0.0,15,3,102,52,48.48905110079512,33.53526322284329,40.68666666666659
257.7999999999901,261.9083470042548,0.10000000000002274,0.1,2.273181642920008e-14,0.0,15,3,102,52,48.20438443412846,33.43526322284329,40.78666666666659
257.89999999999014,262.0083470042548,0.10000000000002274,0.1,2.273181642920008e-14,0.0,15,3,102,52,47.91965110079513,33.33526322284329,40.886666666666585
257.99999999999017,262.1083470042548,0.10000000000002274,0.1,2.273181642920008e-14,0.0,15,3,103,52,47.63485110079513,33.23526322284329,40.986666666666586
258.0999999999902,262.20834700425485,0.10000000000002274,0.1,2.273181642920008e-14,0.0,15,3,103,53,47.349984434128466,33.135263222843285,41.08666666666659
258.1999999999902,262.30834700425487,0.10000000000002274,0.1,2.273181642920008e-14,0.0,15,3,103,53,47.06505110079513,33.035263222843284,41.18666666666659
258.29999999999023,262.4083470042549,0.10000000000002274,0.1,2.273181642920008e-14,0.0,15,3,103,53,46.65165299406432,32.93526322284328,41.28666666666659
258.39999999999026,262.5083470042549,0.10000000000002274,0.1,2.273181642920008e-14,0.0,15,3,103,53,46.366586327397656,32.83526322284328,41.386666666666585
258.4999999999903,262.60834700425494,0.10000000000002274,0.1,2.273181642920008e-14,0.0,15,3,103,53,46.085413332050784,32.73526322284328,41.48666666666658
258.5999999999903,262.70834700425496,0.10000000000002274,0.1,2.273181642920008e-14,0.0,15,3,103,53,45.84535471758412,32.63526322284328,41.58666666666658
258.6999999999903,262.808347004255,0.10000000000002274,0.1,2.273181642920008e-14,0.0,15,3,104,53,45.64932541035079,32.53526322284328,41.68666666666658
258.79999999999035,262.908347004255,0.10000000000002274,0.1,2.273181642920008e-14,0.0,15,3,104,53,45.47527742340079,32.435263222843275,41.786666666666584
258.89999999999037,263.00834700425503,0.10000000000002274,0.1,2.273181642920008e-14,0.0,15,3,104,53,45.31937772706291,32.335263222843274,41.88666666666658
258.9999999999904,263.10834700425505,0.10000000000002274,0.1,2.273181642920008e-14,0.0,15,3,104,53,45.167244393729575,32.23526322284327,41.98666666666658
259.0999999999904,263.2083470042551,0.10000000000002274,0.1,2.273181642920008e-14,0.0,15,3,104,53,45.015044393729575,32.13526322284327,42.08666666666658
259.19999999999044,263.3083470042551,0.10000000000002274,0.1,2.273181642920008e-14,0.0,15,3,104,53,44.86277772706291,32.03526322284327,42.18666666666658
259.29999999999046,263.4083470042551,0.10000000000002274,0.1,2.273181642920008e-14,0.0,15,3,103,53,44.71044439372958,31.93526322284327,42.286666666666584
259.3999999999905,263.50834700425514,0.10000000000002274,0.1,2.273181642920008e-14,0.0,15,3,104,53,44.55804439372958,31.835263222843267,42.38666666666658
259.4999999999905,263.60834700425517,0.10000000000002274,0.1,2.273181642920008e-14,0.0,14,3,104,53,47.646509397416416,32.40793156005599,39.89285714285706
259.59999999999053,263.7083470042552,0.10000000000002274,0.1,2.273181642920008e-14,0.0,14,3,103,53,47.54650939741641,32.30793156005599,39.99285714285706
259.69999999999055,263.8083470042552,0.10000000000002274,0.1,2.273181642920008e-14,0.0,14,3,103,53,47.44650939741641,32.20793156005599,40.09285714285706
259.7999999999906,263.90834700425523,0.10000000000002274,0.1,2.273181642920008e-14,0.0,14,3,103,52,46.77534003884951,31.43526322284326,40.192857142857065
259.8999999999906,264.00834700425526,0.10000000000002274,0.1,2.273181642920008e-14,0.0,14,3,103,52,46.532462527217284,31.33526322284326,40.292857142857066
259.9999999999906,264.1083470042553,0.10000000000002274,0.1,2.273181642920008e-14,0.0,14,3,103,52,46.289580004909574,31.23526322284326,40.39285714285706
260.09999999999064,264.2083470042553,0.10000000000002274,0.1,2.273181642920008e-14,0.0,14,3,103,53,46.04669082970332,31.135263222843257,40.49285714285706
260.19999999999067,264.3083470042553,0.10000000000002274,0.1,2.273181642920008e-14,0.0,14,3,102,53,45.80379266811898,31.035263222843255,40.592857142857056
260.2999999999907,264.40834700425535,0.10000000000002274,0.1,2.273181642920008e-14,0.0,14,3,101,53,45.5608821304474,30.935263222843254,40.692857142857065
260.3999999999907,264.50834700425537,0.10000000000002274,0.1,2.273181642920008e-14,0.0,14,3,101,53,45.31795416783235,30.835263222843253,40.792857142857066
260.49999999999073,264.6083470042554,0.10000000000002274,0.1,2.273181642920008e-14,0.0,14,3,102,53,45.075001041896215,30.73526322284325,40.89285714285706
260.59999999999076,264.7083470042554,0.10000000000002274,0.1,2.273181642920008e-14,0.0,14,3,102,53,44.832010494447786,30.63526322284325,40.99285714285706
260.6999999999908,262.82395167073736,-1.8843953335180572,0.1,3.730349362740526e-14,1.9843953335180946,11,3,102,53,38.70963086726912,28.235668872910587,45.036363636363504
260.7999999999908,262.9239516707374,0.10000000000002274,0.1,2.273181642920008e-14,0.0,11,3,102,53,38.56416737142283,28.135668872910585,45.136363636363505
260.8999999999908,261.9409182596852,-0.9830334110521903,0.1,-1.1102230246251565e-15,1.0830334110521893,10,3,102,53,31.430235872347787,28.035668872910584,46.69999999999983
260.99999999999085,262.0409182596852,0.10000000000002274,0.1,2.273181642920008e-14,0.0,10,3,103,54,31.33023587234779,27.935668872910583,46.799999999999834
261.09999999999087,262.14091825968524,0.10000000000002274,0.1,2.273181642920008e-14,0.0,10,3,103,54,31.230235872347787,27.83566887291058,46.899999999999835
261.1999999999909,262.24091825968526,0.10000000000002274,0.1,2.273181642920008e-14,0.0,10,3,104,54,31.13023587234779,27.73566887291058,46.99999999999984
261.2999999999909,262.3409182596853,0.10000000000002274,0.1,2.273181642920008e-14,0.0,10,3,103,55,31.030235872347788,27.63566887291058,47.09999999999984
261.39999999999094,262.4409182596853,0.10000000000002274,0.1,2.273181642920008e-14,0.0,10,3,103,55,30.930235872347787,27.535668872910577,47.19999999999983
261.49999999999096,262.5409182596853,0.10000000000002274,0.1,2.273181642920008e-14,0.0,10,3,103,55,30.83023587234779,27.435668872910576,47.29999999999983
261.599999999991,262.64091825968535,0.10000000000002274,0.1,2.273181642920008e-14,0.0,10,3,103,55,30.730235872347787,27.335668872910574,47.39999999999983
261.699999999991,262.7409182596854,0.10000000000002274,0.1,2.273181642920008e-14,0.0,10,3,103,55,30.63023587234779,27.235668872910573,47.49999999999983
261.79999999999103,262.8409182596854,0.10000000000002274,0.1,2.273181642920008e-14,0.0,10,3,103,56,30.530235872347788,27.13566887291057,47.59999999999983
261.89999999999105,262.9409182596854,0.10000000000002274,0.1,2.273181642920008e-14,0.0,10,3,104,56,30.430235872347787,27.03566887291057,47.69999999999983
261.9999999999911,263.04091825968544,0.10000000000002274,0.1,2.273181642920008e-14,0.0,10,3,104,56,30.33023587234779,26.93566887291057,47.79999999999983
262.0999999999911,263.14091825968546,0.10000000000002274,0.1,2.273181642920008e-14,0.0,10,3,104,56,30.230235872347784,26.835668872910567,47.89999999999983
262.1999999999911,263.2409182596855,0.10000000000002274,0.1,2.273181642920008e-14,0.0,10,3,104,56,30.130235872347782,26.735668872910566,47.99999999999983
262.29999999999114,263.3409182596855,0.10000000000002274,0.1,2.273181642920008e-14,0.0,10,3,104,56,30.03023587234778,26.635668872910564,48.09999999999983
262.39999999999117,263.44091825968553,0.10000000000002274,0.1,2.273181642920008e-14,0.0,10,3,103,56,29.930235872347783,26.535668872910563,48.199999999999825
262.4999999999912,263.54091825968555,0.10000000000002274,0.1,2.273181642920008e-14,0.0,10,3,104,56,29.83023587234778,26.43566887291056,48.29999999999983
262.5999999999912,263.6409182596856,0.10000000000002274,0.1,2.273181642920008e-14,0.0,10,3,104,56,29.730235872347784,26.33566887291056,48.39999999999982
262.69999999999123,263.7409182596856,0.10000000000002274,0.1,2.273181642920008e-14,0.0,10,3,104,56,29.630235872347782,26.23566887291056,48.49999999999982
262.79999999999126,263.8409182596856,0.10000000000002274,0.1,2.273181642920008e-14,0.0,10,3,104,55,29.53023587234778,26.135668872910557,48.599999999999824
262.8999999999913,263.94091825968565,0.10000000000002274,0.1,2.273181642920008e-14,0.0,10,3,103,55,29.430235872347783,26.035668872910556,48.699999999999825
262.9999999999913,264.04091825968567,0.10000000000002274,0.1,2.273181642920008e-14,0.0,10,3,103,55,29.33023587234778,25.935668872910554,48.79999999999983
263.0999999999913,264.1409182596857,0.10000000000002274,0.1,2.273181642920008e-14,0.0,10,3,103,56,29.230235872347784,25.835668872910553,48.89999999999982
263.19999999999135,264.2409182596857,0.10000000000002274,0.1,2.273181642920008e-14,0.0,10,3,104,56,29.130235872347782,25.73566887291055,48.999999999999815
263.29999999999137,264.34091825968574,0.10000000000002274,0.1,2.273181642920008e-14,0.0,10,3,105,56,29.03023587234778,25.63566887291055,49.09999999999982
263.3999999999914,264.44091825968576,0.10000000000002274,0.1,2.273181642920008e-14,0.0,10,3,105,56,28.930235872347783,25.53566887291055,49.19999999999982
263.4999999999914,264.5409182596858,0.10000000000002274,0.1,2.273181642920008e-14,0.0,10,3,105,56,28.83023587234778,25.435668872910547,49.29999999999982
263.59999999999144,264.6409182596858,0.10000000000002274,0.1,2.273181642920008e-14,0.0,10,3,105,57,28.730235872347777,25.335668872910546,49.39999999999982
263.69999999999146,264.7409182596858,0.10000000000002274,0.1,2.273181642920008e-14,0.0,10,3,104,56,28.630235872347775,25.235668872910544,49.499999999999815
263.7999999999915,264.84091825968585,0.10000000000002274,0.1,2.273181642920008e-14,0.0,10,3,104,56,28.530235872347777,25.135668872910543,49.59999999999982
263.8999999999915,264.9409182596859,0.10000000000002274,0.1,2.273181642920008e-14,0.0,10,3,104,56,28.2755047089245,24.520364456851603,49.69999999999982
263.99999999999153,265.0409182596859,0.10000000000002274,0.1,2.273181642920008e-14,0.0,10,3,102,56,28.0255047089245,23.9203644568516,49.79999999999981
264.09999999999155,265.1409182596859,0.10000000000002274,0.1,2.273181642920008e-14,0.0,10,3,101,56,27.660904708924505,23.3203644568516,49.899999999999814
264.1999999999916,265.24091825968594,0.10000000000002274,0.1,2.273181642920008e-14,0.0,10,3,101,56,27.296204708924506,22.7203644568516,49.999999999999815
264.2999999999916,265.34091825968596,0.10000000000002274,0.1,2.273181642920008e-14,0.0,10,3,101,56,26.93140470892451,22.45563801864904,50.09999999999981
264.3999999999916,265.440918259686,0.10000000000002274,0.1,2.273181642920008e-14,0.0,10,3,101,56,26.686211089918537,22.35563801864904,50.19999999999981
264.49999999999164,265.540918259686,0.10000000000002274,0.1,2.273181642920008e-14,0.0,10,3,101,56,26.47121108991854,22.255638018649037,50.29999999999981
264.59999999999167,265.64091825968603,0.10000000000002274,0.1,2.273181642920008e-14,0.0,10,3,101,56,26.256111089918544,22.155638018649036,50.399999999999814
264.6999999999917,265.74091825968605,0.10000000000002274,0.1,2.273181642920008e-14,0.0,10,3,101,56,26.040911089918545,22.055638018649034,50.49999999999981
264.7999999999917,265.8409182596861,0.10000000000002274,0.1,2.273181642920008e-14,0.0,10,3,100,56,25.825611089918546,21.955638018649033,50.59999999999981
264.89999999999173,265.9409182596861,0.10000000000002274,0.1,2.273181642920008e-14,0.0,10,3,100,56,25.610211089918543,21.85563801864903,50.699999999999804
264.99999999999176,266.0409182596861,0.10000000000002274,0.1,2.273181642920008e-14,0.0,10,3,101,56,25.394711089918548,21.75563801864903,50.799999999999805
265.0999999999918,266.14091825968615,0.10000000000002274,0.1,2.273181642920008e-14,0.0,10,3,102,56,25.118787490672087,21.65563801864903,50.89999999999981
265.1999999999918,266.24091825968617,0.10000000000002274,0.1,2.273181642920008e-14,0.0,10,3,102,56,24.853087490672088,21.555638018649027,50.99999999999981
265.2999999999918,266.3409182596862,0.10000000000002274,0.1,2.273181642920008e-14,0.0,9,3,102,56,27.363470130888693,21.455638018649026,53.533333333333104
265.39999999999185,266.4409182596862,0.10000000000002274,0.1,2.273181642920008e-14,0.0,9,3,102,56,27.134692353110918,21.355638018649024,53.6333333333331
265.49999999999187,266.54091825968624,0.10000000000002274,0.1,2.273181642920008e-14,0.0,9,3,101,56,26.90580346422203,21.255638018649023,53.73333333333309
265.5999999999919,266.64091825968626,0.10000000000002274,0.1,2.273181642920008e-14,0.0,9,3,101,56,26.676803464222033,21.15563801864902,53.8333333333331
265.6999999999919,266.7409182596863,0.10000000000002274,0.1,2.273181642920008e-14,0.0,9,3,100,56,26.447692353110924,21.05563801864902,53.933333333333096
265.79999999999194,266.8409182596863,0.10000000000002274,0.1,2.273181642920008e-14,0.0,9,3,99,56,26.2184701308887,20.95563801864902,54.0333333333331
265.89999999999196,266.9409182596863,0.10000000000002274,0.1,2.273181642920008e-14,0.0,9,3,98,56,25.914381829037243,20.855638018649017,54.1333333333331
265.999999999992,267.04091825968635,0.10000000000002274,0.1,2.273181642920008e-14,0.0,9,3,98,56,25.55438037029771,20.755638018649016,54.23333333333309
266.099999999992,267.0815440157915,0.04062575610515751,0.1,0.03320000000006881,0.09257424389491131,8,3,99,56,31.358249867898532,27.860568688933732,54.68749999999967
266.19999999999203,267.18154401579153,0.10000000000002274,0.1,2.273181642920008e-14,0.0,8,3,100,56,31.049874867898534,27.76056868893373,54.78749999999967
266.29999999999205,266.7991513821548,-0.3823926336367549,0.1,4.440892098500626e-14,0.4823926336367993,7,3,100,56,28.238040457036046,22.31874567527834,50.75714285714255
266.3999999999921,266.8991513821548,0.10000000000002274,0.1,2.273181642920008e-14,0.0,7,3,100,57,27.97104045703605,22.21874567527834,50.85714285714255
266.4999999999921,266.9991513821548,0.10000000000002274,0.1,2.273181642920008e-14,0.0,7,3,101,56,27.703897599893196,22.118745675278337,50.95714285714255
266.5999999999921,267.09915138215484,0.10000000000002274,0.1,2.273181642920008e-14,0.0,7,3,101,56,27.436611885607483,22.018745675278335,51.057142857142544
266.69999999999214,267.19915138215487,0.10000000000002274,0.1,2.273181642920008e-14,0.0,7,3,102,56,27.169183314178916,21.918745675278334,51.157142857142546
266.79999999999217,267.2991513821549,0.10000000000002274,0.1,2.273181642920008e-14,0.0,7,3,103,56,26.901611885607487,21.818745675278333,51.25714285714254
266.8999999999922,267.3991513821549,0.10000000000002274,0.1,2.273181642920008e-14,0.0,7,3,103,56,26.633897599893203,21.71874567527833,51.35714285714255
266.9999999999922,267.49915138215493,0.10000000000002274,0.1,2.273181642920008e-14,0.0,7,3,104,56,26.366040457036064,21.61874567527833,51.45714285714255
267.09999999999224,267.59915138215496,0.10000000000002274,0.1,2.273181642920008e-14,0.0,7,3,104,57,26.098040457036067,21.51874567527833,51.557142857142544
267.19999999999226,267.699151382155,0.10000000000002274,0.1,2.273181642920008e-14,0.0,7,3,105,58,25.82989759989321,21.418745675278327,51.657142857142546
267.2999999999923,267.799151382155,0.10000000000002274,0.1,2.273181642920008e-14,0.0,7,3,107,58,25.5616118856075,21.318745675278326,51.75714285714254
267.3999999999923,267.899151382155,0.10000000000002274,0.1,2.273181642920008e-14,0.0,7,3,107,59,25.29318331417893,21.218745675278324,51.85714285714254
267.4999999999923,267.99915138215505,0.10000000000002274,0.1,2.273181642920008e-14,0.0,7,3,107,60,25.024611885607502,21.118745675278323,51.957142857142536
267.59999999999235,268.09915138215507,0.10000000000002274,0.1,2.273181642920008e-14,0.0,7,3,107,60,24.75589759989322,21.01874567527832,52.057142857142544
267.6999999999924,268.1991513821551,0.10000000000002274,0.1,2.273181642920008e-14,0.0,7,3,106,60,24.487040457036077,20.91874567527832,52.157142857142546
267.7999999999924,268.2991513821551,0.10000000000002274,0.1,2.273181642920008e-14,0.0,7,3,106,60,24.21804045703608,20.291883150162885,52.25714285714254
267.8999999999924,268.39915138215514,0.10000000000002274,0.1,2.273181642920008e-14,0.0,7,3,106,60,23.948897599893225,19.007883150162908,52.35714285714254
267.99999999999244,268.49915138215516,0.10000000000002274,0.1,2.273181642920008e-14,0.0,7,3,106,60,23.679611885607518,18.755638018648987,52.457142857142536
268.09999999999246,268.5991513821552,0.10000000000002274,0.1,2.273181642920008e-14,0.0,7,3,106,60,23.410183314178944,18.655638018648986,52.55714285714254
268.1999999999925,268.6991513821552,0.10000000000002274,0.1,2.273181642920008e-14,0.0,7,3,105,60,23.14061188560752,18.555638018648985,52.65714285714254
268.2999999999925,268.79915138215523,0.10000000000002274,0.1,2.273181642920008e-14,0.0,7,3,105,60,22.870897599893237,18.455638018648983,52.75714285714253
268.39999999999253,268.89915138215525,0.10000000000002274,0.1,2.273181642920008e-14,0.0,7,3,106,61,22.6010404570361,18.355638018648982,52.857142857142534
268.49999999999255,268.9991513821553,0.10000000000002274,0.1,2.273181642920008e-14,0.0,7,3,106,61,22.252886435070405,17.919385726831635,52.957142857142536
268.5999999999926,269.0991513821553,0.10000000000002274,0.1,2.273181642920008e-14,0.0,7,3,106,61,21.909705530316213,17.819385726831634,53.05714285714254
268.6999999999926,269.1991513821553,0.10000000000002274,0.1,2.273181642920008e-14,0.0,7,3,106,62,21.567758285591935,17.719385726831632,53.15714285714254
268.7999999999926,269.29915138215534,0.10000000000002274,0.1,2.273181642920008e-14,0.0,7,3,107,62,21.225090621597296,17.61938572683163,53.25714285714253
268.89999999999264,269.39915138215537,0.10000000000002274,0.1,2.273181642920008e-14,0.0,7,3,108,61,20.882175344745878,17.51938572683163,53.357142857142534
268.99999999999267,269.4991513821554,0.10000000000002274,0.1,2.273181642920008e-14,0.0,7,3,110,61,20.539177020874842,17.419385726831628,53.45714285714253
269.0999999999927,269.5991513821554,0.10000000000002274,0.1,2.273181642920008e-14,0.0,7,3,112,61,20.034342984100338,17.319385726831626,53.55714285714253
269.1999999999927,269.69915138215543,0.10000000000002274,0.1,2.273181642920008e-14,0.0,7,3,111,61,19.546082774267067,17.219385726831625,53.65714285714254
269.29999999999274,269.79915138215546,0.10000000000002274,0.1,2.273181642920008e-14,0.0,7,3,111,61,19.03464805599791,17.119385726831624,53.75714285714253
269.39999999999276,269.8991513821555,0.10000000000002274,0.1,2.273181642920008e-14,0.0,6,3,111,61,22.143495599657726,19.218745675278296,42.83333333333337
269.4999999999928,269.9991513821555,0.10000000000002274,0.1,2.273181642920008e-14,0.0,6,3,111,60,21.947555404383518,19.118745675278294,42.93333333333337
269.5999999999928,270.0991513821555,0.10000000000002274,0.1,2.273181642920008e-14,0.0,6,3,110,60,21.764222071050185,19.018745675278293,43.03333333333338
269.6999999999928,270.19915138215555,0.10000000000002274,0.1,2.273181642920008e-14,0.0,6,3,111,60,21.580888737716847,18.91874567527829,43.133333333333375
269.79999999999285,270.3591513821556,0.160000000000025,0.1,0.060000000000025006,0.0,6,3,109,60,31.397555404383578,18.81874567527829,43.23333333333338
269.8999999999929,270.4591513821556,0.10000000000002274,0.1,2.273181642920008e-14,0.0,6,3,109,60,31.21897675017011,18.71874567527829,43.33333333333338
269.9999999999929,270.5591513821556,0.10000000000002274,0.1,2.273181642920008e-14,0.0,6,3,109,59,31.032394613971295,18.618745675278287,43.43333333333337
270.0999999999929,270.65915138215564,0.10000000000002274,0.1,2.273181642920008e-14,0.0,6,3,109,59,30.848215489908654,18.518745675278286,43.53333333333338
270.19999999999294,270.75915138215566,0.10000000000002274,0.1,2.273181642920008e-14,0.0,6,3,109,58,30.402209586022455,18.418745675278284,43.63333333333338
270.29999999999296,270.8591513821557,0.10000000000002274,0.1,2.273181642920008e-14,0.0,6,3,109,59,30.052063298225445,18.318745675278283,43.73333333333338
270.399999999993,270.9591513821557,0.10000000000002274,0.1,2.273181642920008e-14,0.0,6,3,110,59,29.699976945881744,18.21874567527828,43.83333333333338
270.499999999993,271.05915138215573,0.10000000000002274,0.1,2.273181642920008e-14,0.0,6,3,110,58,29.34821474245032,18.11874567527828,43.93333333333337
270.59999999999303,271.15915138215576,0.10000000000002274,0.1,2.273181642920008e-14,0.0,6,3,111,58,29.051506003461572,18.01874567527828,44.03333333333338
270.69999999999305,271.2591513821558,0.10000000000002274,0.1,2.273181642920008e-14,0.0,6,3,111,58,28.85372482859066,17.918745675278277,44.13333333333338
270.7999999999931,271.3591513821558,0.10000000000002274,0.1,2.273181642920008e-14,0.0,6,3,110,58,28.658470836444945,17.818745675278276,44.23333333333338
270.8999999999931,271.4591513821558,0.10000000000002274,0.1,2.273181642920008e-14,0.0,6,3,110,58,28.46663661232169,17.718745675278274,44.33333333333338
270.9999999999931,271.55915138215585,0.10000000000002274,0.1,2.273181642920008e-14,0.0,6,3,110,58,28.28181694691581,17.618745675278273,44.43333333333337
271.09999999999314,271.65915138215587,0.10000000000002274,0.1,2.273181642920008e-14,0.0,6,3,110,58,28.098165635989712,17.51874567527827,44.53333333333338
271.19999999999317,271.7591513821559,0.10000000000002274,0.1,2.273181642920008e-14,0.0,6,3,110,57,27.91437917966651,17.41874567527827,44.63333333333338
271.2999999999932,271.8591513821559,0.10000000000002274,0.1,2.273181642920008e-14,0.0,6,3,110,55,27.72778272171981,17.31874567527827,44.73333333333338
271.3999999999932,271.95915138215594,0.10000000000002274,0.1,2.273181642920008e-14,0.0,6,3,111,56,27.54318112480188,17.218745675278267,44.83333333333338
271.49999999999324,272.05915138215596,0.10000000000002274,0.1,2.273181642920008e-14,0.0,6,3,112,56,27.357392728889362,17.118745675278266,44.93333333333339
271.59999999999326,272.159151382156,0.10000000000002274,0.1,2.273181642920008e-14,0.0,6,3,112,56,27.17178037786699,17.018745675278264,45.03333333333338
271.6999999999933,272.259151382156,0.10000000000002274,0.1,2.273181642920008e-14,0.0,6,3,112,56,26.978053700180684,16.918745675278263,45.13333333333338
271.7999999999933,272.359151382156,0.10000000000002274,0.1,2.273181642920008e-14,0.0,6,3,112,56,26.772006621209304,16.81874567527826,45.233333333333384
271.8999999999933,272.45915138215605,0.10000000000002274,0.1,2.273181642920008e-14,0.0,6,3,113,57,26.587146539610668,16.71874567527826,45.33333333333338
271.99999999999335,272.5591513821561,0.10000000000002274,0.1,2.273181642920008e-14,0.0,6,3,113,56,26.403813206277334,16.61874567527826,45.43333333333339
272.0999999999934,272.6591513821561,0.10000000000002274,0.1,2.273181642920008e-14,0.0,6,3,113,56,26.220479872943997,16.518745675278257,45.53333333333338
272.1999999999934,272.7591513821561,0.10000000000002274,0.1,2.273181642920008e-14,0.0,6,3,113,56,26.037146539610664,16.418745675278256,45.63333333333338
272.2999999999934,272.85915138215614,0.10000000000002274,0.1,2.273181642920008e-14,0.0,6,3,113,56,25.853813206277334,16.318745675278254,45.733333333333384
272.39999999999344,272.95915138215616,0.10000000000002274,0.1,2.273181642920008e-14,0.0,6,3,113,56,25.670479872944,16.218745675278253,45.83333333333338
272.49999999999346,273.0591513821562,0.10000000000002274,0.1,2.273181642920008e-14,0.0,6,3,113,56,25.487146539610666,16.11874567527825,45.93333333333339
272.5999999999935,273.1591513821562,0.10000000000002274,0.1,2.273181642920008e-14,0.0,6,3,113,57,25.30381320627733,16.01874567527825,46.03333333333338
272.6999999999935,273.25915138215623,0.10000000000002274,0.1,2.273181642920008e-14,0.0,6,3,113,57,25.120479872944,15.91874567527825,46.13333333333338
272.79999999999353,273.35915138215626,0.10000000000002274,0.1,2.273181642920008e-14,0.0,6,3,113,57,24.937146539610666,15.818745675278251,46.233333333333384
272.89999999999355,273.49115138215626,0.132000000000005,0.1,0.032000000000005,0.0,6,3,111,57,30.087146539610657,15.718745675278251,46.33333333333338
272.9999999999936,273.5911513821563,0.10000000000002274,0.1,2.273181642920008e-14,0.0,6,3,111,57,29.935382778754292,15.618745675278252,46.43333333333339
273.0999999999936,273.6911513821563,0.10000000000002274,0.1,2.273181642920008e-14,0.0,6,3,110,57,29.710496946774413,15.518745675278252,46.53333333333339
273.1999999999936,273.79115138215633,0.10000000000002274,0.1,2.273181642920008e-14,0.0,6,3,110,57,29.52716361344108,15.418745675278252,46.63333333333338
273.29999999999364,273.9229513821563,0.13179999999999836,0.1,0.03179999999999836,0.0,6,3,109,57,34.64383028010774,15.318745675278253,46.733333333333384
273.39999999999367,274.02295138215635,0.10000000000002274,0.1,2.273181642920008e-14,0.0,6,3,108,57,34.47223783934716,15.218745675278253,46.83333333333339
273.4999999999937,274.1229513821564,0.10000000000002274,0.1,2.273181642920008e-14,0.0,6,3,107,56,34.238159500709926,15.118745675278253,46.93333333333339
273.5999999999937,274.2229513821564,0.10000000000002274,0.1,2.273181642920008e-14,0.0,6,3,107,56,34.054826167376596,15.018745675278254,47.03333333333339
273.69999999999374,274.3229513821564,0.10000000000002274,0.1,2.273181642920008e-14,0.0,6,3,107,56,33.87149283404326,14.918745675278254,47.13333333333338
273.79999999999376,274.42295138215644,0.10000000000002274,0.1,2.273181642920008e-14,0.0,6,3,106,56,33.72419120010471,14.818745675278254,47.233333333333384
273.8999999999938,274.52295138215646,0.10000000000002274,0.1,2.273181642920008e-14,0.0,6,3,105,56,33.60054038313544,14.718745675278255,47.33333333333339
273.9999999999938,274.6229513821565,0.10000000000002274,0.1,2.273181642920008e-14,0.0,6,3,106,56,33.4887149746508,14.618745675278255,47.43333333333339
274.0999999999938,274.7229513821565,0.10000000000002274,0.1,2.273181642920008e-14,0.0,6,3,106,56,33.3887149746508,14.518745675278256,47.53333333333339
274.19999999999385,274.82295138215653,0.10000000000002274,0.1,2.273181642920008e-14,0.0,6,3,105,56,33.2887149746508,14.418745675278256,47.63333333333338
274.2999999999939,274.92295138215655,0.10000000000002274,0.1,2.273181642920008e-14,0.0,6,3,104,56,33.1887149746508,14.318745675278256,47.733333333333384
274.3999999999939,275.0229513821566,0.10000000000002274,0.1,2.273181642920008e-14,0.0,6,3,105,56,33.088714974650806,14.218745675278257,47.83333333333339
274.4999999999939,275.1229513821566,0.10000000000002274,0.1,2.273181642920008e-14,0.0,6,3,105,56,32.988714974650804,14.118745675278257,47.93333333333339
274.59999999999394,275.2229513821566,0.10000000000002274,0.1,2.273181642920008e-14,0.0,6,3,105,56,32.8887149746508,14.018745675278257,48.03333333333339
274.69999999999396,275.32295138215665,0.10000000000002274,0.1,2.273181642920008e-14,0.0,6,3,105,57,32.78871497465081,13.918745675278258,48.13333333333339
274.799999999994,275.42295138215667,0.10000000000002274,0.1,2.273181642920008e-14,0.0,6,3,105,57,32.68871497465081,13.818745675278258,48.233333333333384
274.899999999994,275.5229513821567,0.10000000000002274,0.1,2.273181642920008e-14,0.0,6,3,106,57,32.588714974650806,13.718745675278258,48.33333333333339
274.99999999999403,275.6229513821567,0.10000000000002274,0.1,2.273181642920008e-14,0.0,6,3,106,56,32.48871497465081,13.618745675278259,48.433333333333394
275.09999999999405,275.72295138215674,0.10000000000002274,0.1,2.273181642920008e-14,0.0,6,3,106,56,32.38871497465081,13.518745675278259,48.53333333333339
275.1999999999941,275.82295138215676,0.10000000000002274,0.1,2.273181642920008e-14,0.0,6,3,107,56,32.28871497465081,13.41874567527826,48.63333333333339
275.2999999999941,275.9229513821568,0.10000000000002274,0.1,2.273181642920008e-14,0.0,6,3,106,56,32.188714974650814,13.31874567527826,48.733333333333384
275.3999999999941,276.0229513821568,0.10000000000002274,0.1,2.273181642920008e-14,0.0,6,3,107,56,32.08871497465081,13.21874567527826,48.83333333333339
275.49999999999415,276.1229513821568,0.10000000000002274,0.1,2.273181642920008e-14,0.0,6,3,107,56,31.988714974650815,13.11874567527826,48.933333333333394
275.59999999999417,276.22295138215685,0.10000000000002274,0.1,2.273181642920008e-14,0.0,6,3,105,56,31.888714974650814,13.01874567527826,49.03333333333339
275.6999999999942,276.3229513821569,0.10000000000002274,0.1,2.273181642920008e-14,0.0,6,3,104,56,31.788714974650816,12.918745675278261,49.13333333333339
275.7999999999942,276.4229513821569,0.10000000000002274,0.1,2.273181642920008e-14,0.0,6,3,105,56,31.688714974650818,12.818745675278262,49.233333333333384
275.89999999999424,276.5229513821569,0.10000000000002274,0.1,2.273181642920008e-14,0.0,6,3,105,56,31.588714974650816,12.718745675278262,49.33333333333339
275.99999999999426,276.62295138215694,0.10000000000002274,0.1,2.273181642920008e-14,0.0,6,3,105,56,31.48871497465082,12.618745675278262,49.433333333333394
276.0999999999943,276.72295138215696,0.10000000000002274,0.1,2.273181642920008e-14,0.0,6,3,106,56,31.38871497465082,12.518745675278263,49.53333333333339
276.1999999999943,276.822951382157,0.10000000000002274,0.1,2.273181642920008e-14,0.0,6,3,107,56,31.28871497465082,12.418745675278263,49.63333333333339
276.2999999999943,276.922951382157,0.10000000000002274,0.1,2.273181642920008e-14,0.0,6,3,107,56,31.18871497465082,12.318745675278263,49.7333333333334
276.39999999999435,277.02295138215703,0.10000000000002274,0.1,2.273181642920008e-14,0.0,6,3,107,56,31.088714974650824,12.218745675278264,49.83333333333339
276.4999999999944,277.12295138215705,0.10000000000002274,0.1,2.273181642920008e-14,0.0,6,3,108,56,30.988714974650822,12.118745675278264,49.933333333333394
276.5999999999944,277.2229513821571,0.10000000000002274,0.1,2.273181642920008e-14,0.0,6,3,108,56,30.888714974650824,12.018745675278264,50.033333333333395
276.6999999999944,277.3229513821571,0.10000000000002274,0.1,2.273181642920008e-14,0.0,6,3,107,56,30.788714974650826,11.918745675278265,50.13333333333339
276.79999999999444,277.4229513821571,0.10000000000002274,0.1,2.273181642920008e-14,0.0,6,3,107,56,30.68871497465082,11.818745675278265,50.2333333333334
276.89999999999446,277.52295138215715,0.10000000000002274,0.1,2.273181642920008e-14,0.0,6,3,107,56,30.588714974650824,11.718745675278265,50.33333333333339
276.9999999999945,277.62295138215717,0.10000000000002274,0.1,2.273181642920008e-14,0.0,6,3,106,56,30.488714974650822,11.618745675278266,50.433333333333394
277.0999999999945,277.7229513821572,0.10000000000002274,0.1,2.273181642920008e-14,0.0,6,3,106,55,30.388714974650824,11.518745675278266,50.533333333333395
277.19999999999453,277.8229513821572,0.10000000000002274,0.1,2.273181642920008e-14,0.0,6,3,106,55,30.288714974650826,11.418745675278267,50.63333333333339
277.29999999999455,277.92295138215724,0.10000000000002274,0.1,2.273181642920008e-14,0.0,6,3,106,56,30.188714974650825,11.318745675278267,50.7333333333334
277.3999999999946,278.02295138215726,0.10000000000002274,0.1,2.273181642920008e-14,0.0,6,3,107,56,30.088714974650827,11.218745675278267,50.83333333333339
277.4999999999946,278.1229513821573,0.10000000000002274,0.1,2.273181642920008e-14,0.0,6,3,107,56,29.98871497465083,11.118745675278268,50.933333333333394
277.5999999999946,278.2229513821573,0.10000000000002274,0.1,2.273181642920008e-14,0.0,6,3,107,56,29.888714974650828,11.018745675278268,51.033333333333395
277.69999999999465,278.3229513821573,0.10000000000002274,0.1,2.273181642920008e-14,0.0,6,3,107,56,29.78871497465083,10.918745675278268,51.13333333333339
277.79999999999467,278.42295138215735,0.10000000000002274,0.1,2.273181642920008e-14,0.0,6,3,107,56,29.688714974650832,10.818745675278269,51.2333333333334
277.8999999999947,278.5229513821574,0.10000000000002274,0.1,2.273181642920008e-14,0.0,5,3,107,56,35.54344482346421,10.718745675278269,53.14000000000001
277.9999999999947,278.6229513821574,0.10000000000002274,0.1,2.273181642920008e-14,0.0,5,3,107,56,35.44344482346422,10.61874567527827,53.24000000000001
278.09999999999474,278.7229513821574,0.10000000000002274,0.1,2.273181642920008e-14,0.0,5,3,108,56,35.34344482346422,10.51874567527827,53.34000000000001
278.19999999999476,278.82295138215744,0.10000000000002274,0.1,2.273181642920008e-14,0.0,5,3,108,56,35.243444823464216,10.41874567527827,53.44000000000001
278.2999999999948,278.92295138215746,0.10000000000002274,0.1,2.273181642920008e-14,0.0,5,3,108,56,35.143444823464215,10.31874567527827,53.540000000000006
278.3999999999948,279.0229513821575,0.10000000000002274,0.1,2.273181642920008e-14,0.0,5,3,109,56,35.04344482346422,10.21874567527827,53.64000000000001
278.4999999999948,279.1229513821575,0.10000000000002274,0.1,2.273181642920008e-14,0.0,5,3,109,56,34.94344482346422,10.118745675278271,53.74000000000001
278.59999999999485,279.22295138215753,0.10000000000002274,0.1,2.273181642920008e-14,0.0,5,3,109,57,34.843444823464225,10.018745675278272,53.84000000000001
278.6999999999949,279.32295138215756,0.10000000000002274,0.1,2.273181642920008e-14,0.0,5,3,109,57,34.74344482346422,9.918745675278272,53.94000000000001
278.7999999999949,279.4229513821576,0.10000000000002274,0.1,2.273181642920008e-14,0.0,5,3,108,57,34.64344482346422,9.818745675278272,54.040000000000006
278.8999999999949,279.5229513821576,0.10000000000002274,0.1,2.273181642920008e-14,0.0,5,3,108,58,34.54344482346423,9.718745675278273,54.14000000000001
278.99999999999494,279.6229513821576,0.10000000000002274,0.1,2.273181642920008e-14,0.0,5,3,108,58,34.443444823464226,9.618745675278273,54.24000000000001
279.09999999999496,279.72295138215765,0.10000000000002274,0.1,2.273181642920008e-14,0.0,5,3,108,58,34.343444823464225,9.518745675278273,54.34000000000001
279.199999999995,279.82295138215767,0.10000000000002274,0.1,2.273181642920008e-14,0.0,5,3,109,58,34.24344482346423,9.418745675278274,54.44000000000001
279.299999999995,279.9229513821577,0.10000000000002274,0.1,2.273181642920008e-14,0.0,5,3,110,58,34.14344482346423,9.318745675278274,54.540000000000006
279.39999999999503,280.0229513821577,0.10000000000002274,0.1,2.273181642920008e-14,0.0,5,3,110,58,34.04344482346423,9.218745675278274,54.64000000000001
279.49999999999505,280.12295138215774,0.10000000000002274,0.1,2.273181642920008e-14,0.0,5,3,110,58,33.94344482346423,9.118745675278275,54.74000000000001
279.5999999999951,280.22295138215776,0.10000000000002274,0.1,2.273181642920008e-14,0.0,5,3,110,58,33.84344482346423,9.018745675278275,54.84000000000001
279.6999999999951,280.3229513821578,0.10000000000002274,0.1,2.273181642920008e-14,0.0,5,3,109,58,33.74344482346423,8.918745675278275,54.94000000000001
279.7999999999951,280.4229513821578,0.10000000000002274,0.1,2.273181642920008e-14,0.0,4,3,108,59,42.07447734996002,40.076223796203294,58.49999999999993
279.89999999999515,280.5229513821578,0.10000000000002274,0.1,2.273181642920008e-14,0.0,4,3,108,59,41.97447734996002,39.97622379620329,58.59999999999993
279.99999999999517,280.62295138215785,0.10000000000002274,0.1,2.273181642920008e-14,0.0,4,3,108,59,41.87447734996002,39.87622379620329,58.69999999999993
280.0999999999952,280.7229513821579,0.10000000000002274,0.1,2.273181642920008e-14,0.0,4,3,108,59,41.77447734996002,39.77622379620329,58.79999999999993
280.1999999999952,280.8229513821579,0.10000000000002274,0.1,2.273181642920008e-14,0.0,4,3,108,59,41.67447734996002,39.67622379620329,58.899999999999935
280.29999999999524,280.9229513821579,0.10000000000002274,0.1,2.273181642920008e-14,0.0,4,3,108,59,41.57447734996003,39.57622379620329,58.99999999999993
280.39999999999526,281.02295138215794,0.10000000000002274,0.1,2.273181642920008e-14,0.0,4,3,109,59,41.474477349960026,39.476223796203286,59.09999999999993
280.4999999999953,281.12295138215796,0.10000000000002274,0.1,2.273181642920008e-14,0.0,4,3,109,59,41.374477349960024,39.376223796203284,59.19999999999993
280.5999999999953,281.222951382158,0.10000000000002274,0.1,2.273181642920008e-14,0.0,4,3,108,59,41.27447734996003,39.27622379620328,59.299999999999926
280.6999999999953,281.322951382158,0.10000000000002274,0.1,2.273181642920008e-14,0.0,4,3,108,59,41.17447734996003,39.17622379620328,59.39999999999993
280.79999999999535,281.42295138215803,0.10000000000002274,0.1,2.273181642920008e-14,0.0,4,3,108,59,41.07447734996003,39.07622379620328,59.49999999999993
280.8999999999954,281.52295138215806,0.10000000000002274,0.1,2.273181642920008e-14,0.0,4,3,109,59,40.97447734996003,38.97622379620328,59.59999999999993
280.9999999999954,281.6229513821581,0.10000000000002274,0.1,2.273181642920008e-14,0.0,4,3,109,59,40.87447734996003,38.87622379620328,59.69999999999993
281.0999999999954,281.7229513821581,0.10000000000002274,0.1,2.273181642920008e-14,0.0,4,3,109,59,40.77447734996004,38.776223796203276,59.799999999999926
281.19999999999544,281.8229513821581,0.10000000000002274,0.1,2.273181642920008e-14,0.0,4,3,108,59,40.674477349960036,38.676223796203274,59.89999999999993
281.29999999999546,281.92295138215815,0.10000000000002274,0.1,2.273181642920008e-14,0.0,4,3,108,59,40.574477349960034,38.57622379620327,59.99999999999993
281.3999999999955,282.02295138215817,0.10000000000002274,0.1,2.273181642920008e-14,0.0,4,3,109,59,40.47447734996004,38.47622379620327,60.09999999999992
281.4999999999955,282.1229513821582,0.10000000000002274,0.1,2.273181642920008e-14,0.0,4,3,109,58,40.37447734996004,38.37622379620327,60.199999999999925
281.59999999999553,282.2229513821582,0.10000000000002274,0.1,2.273181642920008e-14,0.0,4,3,109,58,40.27447734996004,38.27622379620327,60.299999999999926
281.69999999999555,282.32295138215824,0.10000000000002274,0.1,2.273181642920008e-14,0.0,4,3,109,58,40.17447734996004,38.17622379620327,60.39999999999993
281.7999999999956,282.42295138215826,0.10000000000002274,0.1,2.273181642920008e-14,0.0,4,3,110,57,40.07447734996004,38.076223796203266,60.49999999999993
281.8999999999956,282.5229513821583,0.10000000000002274,0.1,2.273181642920008e-14,0.0,4,3,110,57,39.97447734996005,37.976223796203264,60.59999999999992
281.9999999999956,282.6229513821583,0.10000000000002274,0.1,2.273181642920008e-14,0.0,4,3,111,57,39.874477349960046,37.87622379620326,60.699999999999925
282.09999999999565,282.7229513821583,0.10000000000002274,0.1,2.273181642920008e-14,0.0,4,3,111,57,39.774477349960044,37.77622379620326,60.799999999999926
282.19999999999567,282.82295138215835,0.10000000000002274,0.1,2.273181642920008e-14,0.0,4,3,111,57,39.67447734996005,37.67622379620326,60.89999999999992
282.2999999999957,282.9229513821584,0.10000000000002274,0.1,2.273181642920008e-14,0.0,4,3,110,57,39.57447734996005,37.57622379620326,60.99999999999992
282.3999999999957,283.0229513821584,0.10000000000002274,0.1,2.273181642920008e-14,0.0,4,3,110,57,39.47447734996005,37.47622379620326,61.09999999999992
282.49999999999574,283.1229513821584,0.10000000000002274,0.1,2.273181642920008e-14,0.0,4,3,110,57,39.37447734996005,37.376223796203256,61.199999999999925
282.59999999999576,283.22295138215844,0.10000000000002274,0.1,2.273181642920008e-14,0.0,4,3,111,57,39.27447734996005,37.276223796203254,61.299999999999926
282.6999999999958,283.32295138215846,0.10000000000002274,0.1,2.273181642920008e-14,0.0,4,3,111,58,39.17447734996006,37.17622379620325,61.39999999999992
282.7999999999958,283.4229513821585,0.10000000000002274,0.1,2.273181642920008e-14,0.0,4,3,112,58,39.074477349960056,37.07622379620325,61.49999999999992
282.8999999999958,283.5229513821585,0.10000000000002274,0.1,2.273181642920008e-14,0.0,4,3,112,57,38.974477349960054,36.97622379620325,61.59999999999992
282.99999999999585,283.62295138215853,0.10000000000002274,0.1,2.273181642920008e-14,0.0,4,3,111,57,38.87447734996006,36.87622379620325,61.69999999999992
283.0999999999959,283.77095138215856,0.14800000000002456,0.1,0.04800000000002455,0.0,4,3,110,57,50.389004922146945,50.648440871205516,61.79999999999992
283.1999999999959,283.8709513821586,0.10000000000002274,0.1,2.273181642920008e-14,0.0,4,3,109,57,50.03874370790495,50.048440871205514,61.89999999999992
283.2999999999959,283.9709513821586,0.10000000000002274,0.1,2.273181642920008e-14,0.0,4,3,110,57,49.68841499487363,49.44712601908023,61.99999999999992
283.39999999999594,284.0709513821586,0.10000000000002274,0.1,2.273181642920008e-14,0.0,4,3,111,57,49.33841499487363,48.84712601908023,62.09999999999992
283.49999999999596,284.23095138215865,0.160000000000025,0.1,0.060000000000025006,0.0,4,3,110,56,63.98841499487372,108.24712601908058,62.19999999999992
283.599999999996,284.3309513821587,0.10000000000002274,0.1,2.273181642920008e-14,0.0,5,3,110,56,45.88764047723778,36.27622379620324,49.859999999999935
283.699999999996,284.4309513821587,0.10000000000002274,0.1,2.273181642920008e-14,0.0,5,3,110,56,45.46400306770495,36.17622379620324,49.95999999999994
283.79999999999603,284.5309513821587,0.10000000000002274,0.1,2.273181642920008e-14,0.0,5,3,110,56,45.04303083818413,36.07622379620324,50.05999999999993
283.89999999999606,284.63095138215874,0.10000000000002274,0.1,2.273181642920008e-14,0.0,4,3,111,57,55.831840466623426,72.9013027314997,50.89999999999982
283.9999999999961,284.73095138215876,0.10000000000002274,0.1,2.273181642920008e-14,0.0,4,3,111,57,55.454939690019295,72.20709041449138,50.999999999999815
284.0999999999961,284.8309513821588,0.10000000000002274,0.1,2.273181642920008e-14,0.0,4,3,111,57,55.06219550355375,71.45966169770576,51.09999999999982
284.1999999999961,284.9309513821588,0.10000000000002274,0.1,2.273181642920008e-14,0.0,4,3,112,57,54.67030371602441,70.70549882449713,51.19999999999982
284.29999999999615,285.03095138215883,0.10000000000002274,0.1,2.273181642920008e-14,0.0,4,3,111,57,54.27403427961915,69.96704225380482,51.29999999999981
284.39999999999617,285.13095138215886,0.10000000000002274,0.1,2.273181642920008e-14,0.0,4,3,112,58,53.829246769260166,69.25482585258571,51.399999999999814
284.4999999999962,285.2309513821589,0.10000000000002274,0.1,2.273181642920008e-14,0.0,4,3,112,58,53.43152975100094,68.54513670241636,51.499999999999815
284.5999999999962,285.3309513821589,0.10000000000002274,0.1,2.273181642920008e-14,0.0,4,3,113,58,53.0427573126687,67.7900469490874,51.59999999999981
284.69999999999624,285.4909513821589,0.160000000000025,0.1,0.060000000000025006,0.0,4,3,112,59,67.66730857785522,67.08825200983311,51.69999999999981
284.79999999999626,285.59095138215895,0.10000000000002274,0.1,2.273181642920008e-14,0.0,4,3,112,59,67.3473561518442,66.38110183743095,51.79999999999981
284.8999999999963,285.69095138215897,0.10000000000002274,0.1,2.273181642920008e-14,0.0,4,3,112,59,66.96777568523164,65.67289843017005,51.899999999999814
284.9999999999963,285.790951382159,0.10000000000002274,0.1,2.273181642920008e-14,0.0,4,3,113,59,66.58767212189444,64.95901400996956,51.99999999999981
285.0999999999963,285.890951382159,0.10000000000002274,0.1,2.273181642920008e-14,0.0,4,3,113,59,66.20943235661818,64.26238799527825,52.09999999999981
285.19999999999635,285.99095138215904,0.10000000000002274,0.1,2.273181642920008e-14,0.0,4,3,113,59,65.83401961079193,63.56319821722096,52.19999999999981
285.2999999999964,286.09095138215906,0.10000000000002274,0.1,2.273181642920008e-14,0.0,4,3,113,59,65.43635527625541,62.78467323688081,52.299999999999805
285.3999999999964,286.1909513821591,0.10000000000002274,0.1,2.273181642920008e-14,0.0,4,3,113,59,65.05001808692185,62.04727224424679,52.39999999999981
285.4999999999964,286.2909513821591,0.10000000000002274,0.1,2.273181642920008e-14,0.0,4,3,114,59,64.6587247209114,61.2972441198736,52.49999999999981
285.59999999999644,286.39095138215913,0.10000000000002274,0.1,2.273181642920008e-14,0.0,4,3,114,59,64.26436769260059,60.52885091919495,52.59999999999981
285.69999999999646,286.49095138215915,0.10000000000002274,0.1,2.273181642920008e-14,0.0,4,3,114,59,63.8896169084776,59.83062866687651,52.699999999999804
285.7999999999965,286.5909513821592,0.10000000000002274,0.1,2.273181642920008e-14,0.0,4,3,113,59,63.511518508049285,59.11944182245122,52.799999999999805
285.8999999999965,286.6909513821592,0.10000000000002274,0.1,2.273181642920008e-14,0.0,4,3,112,59,63.13188853034551,58.4227557514109,52.89999999999981
285.99999999999653,286.7909513821592,0.10000000000002274,0.1,2.273181642920008e-14,0.0,4,3,112,59,62.75098506722655,57.71661826654266,52.9999999999998
286.09999999999656,286.89095138215924,0.10000000000002274,0.1,2.273181642920008e-14,0.0,4,3,112,59,62.36803895324081,56.98559424156272,53.0999999999998
286.1999999999966,286.99095138215927,0.10000000000002274,0.1,2.273181642920008e-14,0.0,4,3,112,59,61.98965639638414,56.292340678411975,53.199999999999804
286.2999999999966,287.0909513821593,0.10000000000002274,0.1,2.273181642920008e-14,0.0,4,3,112,59,61.61421425337309,55.59908711526123,53.2999999999998
286.3999999999966,287.1909513821593,0.10000000000002274,0.1,2.273181642920008e-14,0.0,4,3,111,59,61.22578094626959,54.90583355211048,53.3999999999998
286.49999999999665,287.29095138215934,0.10000000000002274,0.1,2.273181642920008e-14,0.0,4,3,111,59,60.83593632668375,54.21257998895973,53.4999999999998
286.59999999999667,287.39095138215936,0.10000000000002274,0.1,2.273181642920008e-14,0.0,4,3,110,59,60.461695083766074,53.51743550120324,53.5999999999998
286.6999999999967,287.4909513821594,0.10000000000002274,0.1,2.273181642920008e-14,0.0,4,3,111,59,60.085316717281074,52.82418193805249,53.6999999999998
286.7999999999967,287.5909513821594,0.10000000000002274,0.1,2.273181642920008e-14,0.0,4,3,111,59,59.70834747169167,52.13092837490174,53.7999999999998
286.89999999999674,287.6909513821594,0.10000000000002274,0.1,2.273181642920008e-14,0.0,4,3,111,59,59.322747250095865,51.437674811750995,53.8999999999998
286.99999999999676,287.79095138215945,0.10000000000002274,0.1,2.273181642920008e-14,0.0,4,3,111,59,58.92854526869992,50.74442124860025,53.999999999999794
287.0999999999968,287.89095138215947,0.10000000000002274,0.1,2.273181642920008e-14,0.0,4,3,111,59,58.550199911647816,50.0511676854495,54.099999999999795
287.1999999999968,287.9909513821595,0.10000000000002274,0.1,2.273181642920008e-14,0.0,4,3,111,59,58.17296712948299,49.35791412229875,54.1999999999998
287.2999999999968,288.0909513821595,0.10000000000002274,0.1,2.273181642920008e-14,0.0,4,3,111,59,57.70835937346959,48.503491858725305,54.29999999999979
287.39999999999685,288.19095138215954,0.10000000000002274,0.1,2.273181642920008e-14,0.0,4,3,111,59,57.303214994063524,47.7465763183378,54.39999999999979
287.4999999999969,288.41095138215957,0.22000000000002728,0.1,0.12000000000002728,0.0,4,3,108,59,86.88458266003076,104.9835542015273,54.499999999999794
287.5999999999969,288.5109513821596,0.10000000000002274,0.1,2.273181642920008e-14,0.0,5,3,108,59,64.18210180774649,66.29162907758953,43.69999999999983
287.6999999999969,288.6109513821596,0.10000000000002274,0.1,2.273181642920008e-14,0.0,5,3,108,59,63.64851891919635,65.31521014705672,43.799999999999834
287.79999999999694,288.77095138215964,0.160000000000025,0.1,0.060000000000025006,0.0,5,3,107,59,75.27482079274144,64.62195658390597,43.899999999999835
287.89999999999696,288.93095138215966,0.160000000000025,0.1,0.060000000000025006,0.0,6,3,106,59,68.31813984515453,74.9,36.683333333333195
287.999999999997,289.0309513821597,0.10000000000002274,0.1,2.273181642920008e-14,0.0,6,3,106,59,67.91036807655165,74.17249423895753,36.783333333333196
288.099999999997,289.1909513821597,0.160000000000025,0.1,0.060000000000025006,0.0,6,3,105,59,77.46733855302016,91.54598393323327,36.88333333333319
288.19999999999703,289.29095138215973,0.10000000000002274,0.1,2.273181642920008e-14,0.0,7,3,105,59,62.47112517798702,72.7730247588509,31.71428571428559
288.29999999999706,289.39095138215976,0.10000000000002274,0.1,2.273181642920008e-14,0.0,7,3,104,59,62.01475307523704,72.06366310667815,31.814285714285592
288.3999999999971,289.4909513821598,0.10000000000002274,0.1,2.273181642920008e-14,0.0,7,3,104,59,61.56286081479681,71.3160706289734,31.914285714285594
288.4999999999971,289.5909513821598,0.10000000000002274,0.1,2.273181642920008e-14,0.0,7,3,104,59,61.08728525155177,70.54150227634092,32.01428571428559
288.5999999999971,289.6909513821598,0.10000000000002274,0.1,2.273181642920008e-14,0.0,7,3,104,60,60.6116974896516,69.76918671297918,32.11428571428559
288.69999999999715,289.79095138215985,0.10000000000002274,0.1,2.273181642920008e-14,0.0,7,3,104,60,60.141892149762796,69.03433353172926,32.214285714285595
288.79999999999717,289.89095138215987,0.10000000000002274,0.1,2.273181642920008e-14,0.0,7,3,104,60,59.67685505490827,68.29936617794888,32.31428571428559
288.8999999999972,289.9909513821599,0.10000000000002274,0.1,2.273181642920008e-14,0.0,7,3,104,60,59.205288329698234,67.52284994259377,32.41428571428559
288.9999999999972,290.0909513821599,0.10000000000002274,0.1,2.273181642920008e-14,0.0,7,3,104,60,58.74394663255412,66.76473435598434,32.514285714285585
289.09999999999724,290.19095138215994,0.10000000000002274,0.1,2.273181642920008e-14,0.0,7,3,104,60,58.28238067315559,66.01810160886258,32.61428571428559
289.19999999999726,290.29095138215996,0.10000000000002274,0.1,2.273181642920008e-14,0.0,7,3,104,60,57.82202861010402,65.26195371320671,32.71428571428559
289.2999999999973,290.39095138216,0.10000000000002274,0.1,2.273181642920008e-14,0.0,7,3,105,60,57.36311894289446,64.49101440470406,32.81428571428559
289.3999999999973,290.49095138216,0.10000000000002274,0.1,2.273181642920008e-14,0.0,7,3,105,59,56.90496626689338,63.72435589843166,32.91428571428559
289.4999999999973,290.59095138216003,0.10000000000002274,0.1,2.273181642920008e-14,0.0,7,3,105,59,56.44464755736321,62.96741785026329,33.014285714285585
289.59999999999735,290.69095138216005,0.10000000000002274,0.1,2.273181642920008e-14,0.0,7,3,106,59,55.98790908960023,62.229053666538334,33.114285714285586
289.6999999999974,290.7909513821601,0.10000000000002274,0.1,2.273181642920008e-14,0.0,7,3,106,59,55.52617400717418,61.45569306798545,33.21428571428559
289.7999999999974,290.8909513821601,0.10000000000002274,0.1,2.273181642920008e-14,0.0,7,3,106,58,55.06548152093398,60.702023169497856,33.31428571428559
289.8999999999974,290.9909513821601,0.10000000000002274,0.1,2.273181642920008e-14,0.0,7,3,106,58,54.606150752000204,59.96016145740407,33.41428571428558
289.99999999999744,291.09095138216014,0.10000000000002274,0.1,2.273181642920008e-14,0.0,7,3,106,58,54.14275112539219,59.18289335765756,33.514285714285585
290.09999999999746,291.19095138216016,0.10000000000002274,0.1,2.273181642920008e-14,0.0,7,3,106,58,53.678593288869074,58.402314031677086,33.614285714285586
290.1999999999975,291.2909513821602,0.10000000000002274,0.1,2.273181642920008e-14,0.0,7,3,106,58,53.223048535606615,57.66787220096863,33.71428571428559
290.2999999999975,291.3909513821602,0.10000000000002274,0.1,2.273181642920008e-14,0.0,7,3,107,58,52.76322898542795,56.93261519747151,33.81428571428558
290.39999999999753,291.49095138216023,0.10000000000002274,0.1,2.273181642920008e-14,0.0,7,3,107,58,52.30510384676832,56.18964766770448,33.91428571428558
290.49999999999756,291.59095138216026,0.10000000000002274,0.1,2.273181642920008e-14,0.0,7,3,108,58,51.840452523517,55.421671587739446,34.014285714285585
290.5999999999976,291.6909513821603,0.10000000000002274,0.1,2.273181642920008e-14,0.0,7,3,109,58,51.37631024149332,54.64470481864392,34.11428571428558
290.6999999999976,291.7909513821603,0.10000000000002274,0.1,2.273181642920008e-14,0.0,7,3,110,59,50.91935063647794,53.89195406958484,34.21428571428558
290.7999999999976,291.8909513821603,0.10000000000002274,0.1,2.273181642920008e-14,0.0,7,3,110,59,50.46490697376331,53.1485846078186,34.31428571428558
290.89999999999765,291.99095138216035,0.10000000000002274,0.1,2.273181642920008e-14,0.0,7,3,110,58,50.00844741585902,52.41188627588382,34.41428571428558
290.99999999999767,292.09095138216037,0.10000000000002274,0.1,2.273181642920008e-14,0.0,7,3,111,58,49.545095287330014,51.63729637262359,34.51428571428558
291.0999999999977,292.1909513821604,0.10000000000002274,0.1,2.273181642920008e-14,0.0,6,3,112,59,57.29807377017213,54.32387501241234,39.11666666666651
291.1999999999977,292.2909513821604,0.10000000000002274,0.1,2.273181642920008e-14,0.0,6,3,113,59,56.88500368535299,53.613772399573726,39.21666666666651
291.29999999999774,292.39095138216044,0.10000000000002274,0.1,2.273181642920008e-14,0.0,6,3,114,59,56.47065948852287,52.90624721392208,39.316666666666514
291.39999999999776,292.49095138216046,0.10000000000002274,0.1,2.273181642920008e-14,0.0,6,3,114,59,56.04916593906565,52.16101594397382,39.41666666666651
291.4999999999978,292.5909513821605,0.10000000000002274,0.1,2.273181642920008e-14,0.0,6,3,116,59,55.63057329856992,51.40473295387009,39.51666666666651
291.5999999999978,292.6909513821605,0.10000000000002274,0.1,2.273181642920008e-14,0.0,6,3,117,59,55.20860915966366,50.63004785231444,39.61666666666651
291.69999999999783,292.79095138216053,0.10000000000002274,0.1,2.273181642920008e-14,0.0,6,3,117,60,54.780959550603406,49.852715101575534,39.716666666666505
291.79999999999785,292.89095138216055,0.10000000000002274,0.1,2.273181642920008e-14,0.0,6,3,118,60,54.37445065570614,49.15089528965282,39.81666666666651
291.8999999999979,292.9909513821606,0.10000000000002274,0.1,2.273181642920008e-14,0.0,6,3,117,60,53.95968680305447,48.44044059626013,39.91666666666651
291.9999999999979,293.0909513821606,0.10000000000002274,0.1,2.273181642920008e-14,0.0,6,3,117,60,53.54541284225857,47.728155038553346,40.01666666666651
292.0999999999979,293.1909513821606,0.10000000000002274,0.1,2.273181642920008e-14,0.0,6,3,117,60,53.128162262385615,47.01180531321767,40.11666666666651
292.19999999999794,293.29095138216064,0.10000000000002274,0.1,2.273181642920008e-14,0.0,6,3,118,60,52.70953373138271,46.30540749288344,40.216666666666505
292.29999999999797,293.39095138216067,0.10000000000002274,0.1,2.273181642920008e-14,0.0,6,3,118,60,52.28826445694358,45.59024119565071,40.31666666666651
292.399999999998,293.4909513821607,0.10000000000002274,0.1,2.273181642920008e-14,0.0,6,3,119,60,51.86784083385542,44.87928646564846,40.41666666666651
292.499999999998,293.5909513821607,0.10000000000002274,0.1,2.273181642920008e-14,0.0,6,3,120,61,51.460502136566845,44.177085420979616,40.5166666666665
292.59999999999803,293.69095138216073,0.10000000000002274,0.1,2.273181642920008e-14,0.0,6,3,120,61,51.04562241245657,43.46175826082,40.616666666666504
292.69999999999806,293.79095138216076,0.10000000000002274,0.1,2.273181642920008e-14,0.0,6,3,120,61,50.63524296457746,42.75729226984087,40.716666666666505
292.7999999999981,293.8909513821608,0.10000000000002274,0.1,2.273181642920008e-14,0.0,6,3,119,61,50.22862892045873,42.058135669750946,40.8166666666665
292.8999999999981,293.9909513821608,0.10000000000002274,0.1,2.273181642920008e-14,0.0,6,3,119,61,49.81943498973169,41.358854090801486,40.9166666666665
292.9999999999981,294.0909513821608,0.10000000000002274,0.1,2.273181642920008e-14,0.0,6,3,120,61,49.41028175531918,40.6619718194467,41.0166666666665
293.09999999999815,294.19095138216085,0.10000000000002274,0.1,2.273181642920008e-14,0.0,6,3,119,61,49.0032423657365,39.95408126638801,41.1166666666665
293.19999999999817,294.29095138216087,0.10000000000002274,0.1,2.273181642920008e-14,0.0,6,3,118,61,48.587312001031314,39.18720436089542,41.2166666666665
293.2999999999982,294.3909513821609,0.10000000000002274,0.1,2.273181642920008e-14,0.0,6,3,118,62,48.174475049634246,38.490935591189384,41.3166666666665
293.3999999999982,294.4909513821609,0.10000000000002274,0.1,2.273181642920008e-14,0.0,6,3,118,62,47.75984739461842,37.77693789373551,41.416666666666494
293.49999999999824,294.59095138216094,0.10000000000002274,0.1,2.273181642920008e-14,0.0,6,3,118,62,47.347185911803344,37.08286902288905,41.5166666666665
293.59999999999826,294.69095138216096,0.10000000000002274,0.1,2.273181642920008e-14,0.0,6,3,119,62,46.93507636167803,36.37877662774984,41.6166666666665
293.6999999999983,294.790951382161,0.10000000000002274,0.1,2.273181642920008e-14,0.0,6,3,119,62,46.52499730239581,35.6771295884978,41.7166666666665
293.7999999999983,294.890951382161,0.10000000000002274,0.1,2.273181642920008e-14,0.0,6,3,120,62,46.11239751695462,35.49880908677784,41.8166666666665
293.89999999999833,294.99095138216103,0.10000000000002274,0.1,2.273181642920008e-14,0.0,6,3,119,62,45.69911277203986,35.39880908677784,41.916666666666494
293.99999999999835,295.09095138216105,0.10000000000002274,0.1,2.273181642920008e-14,0.0,6,3,119,62,45.28825919009356,35.29880908677784,42.016666666666495
294.0999999999984,295.1909513821611,0.10000000000002274,0.1,2.273181642920008e-14,0.0,6,3,119,62,44.86342875328436,35.198809086777835,42.1166666666665
294.1999999999984,295.2909513821611,0.10000000000002274,0.1,2.273181642920008e-14,0.0,6,3,119,62,44.4493963895834,35.098809086777834,42.21666666666649
294.2999999999984,295.3909513821611,0.10000000000002274,0.1,2.273181642920008e-14,0.0,6,3,120,62,44.01785237566429,34.99880908677783,42.31666666666649
294.39999999999844,295.49095138216114,0.10000000000002274,0.1,2.273181642920008e-14,0.0,6,3,120,62,43.60208997794681,34.89880908677783,42.416666666666494
294.49999999999847,295.59095138216117,0.10000000000002274,0.1,2.273181642920008e-14,0.0,6,3,119,63,43.18473947640697,34.79880908677783,42.51666666666649
294.5999999999985,295.6909513821612,0.10000000000002274,0.1,2.273181642920008e-14,0.0,6,3,119,64,42.772100784037804,34.69880908677783,42.61666666666649
294.6999999999985,295.7909513821612,0.10000000000002274,0.1,2.273181642920008e-14,0.0,6,3,120,64,42.36261413849598,34.59880908677783,42.71666666666649
294.79999999999853,295.89095138216123,0.10000000000002274,0.1,2.273181642920008e-14,0.0,6,3,121,64,41.951812646089756,34.498809086777825,42.81666666666649
294.89999999999856,295.99095138216126,0.10000000000002274,0.1,2.273181642920008e-14,0.0,6,3,121,64,41.544204551346596,34.398809086777824,42.91666666666649
294.9999999999986,296.0909513821613,0.10000000000002274,0.1,2.273181642920008e-14,0.0,6,3,121,64,41.13450804198247,34.29880908677782,43.01666666666649
295.0999999999986,296.1909513821613,0.10000000000002274,0.1,2.273181642920008e-14,0.0,6,3,121,64,40.71949526849672,34.19880908677782,43.11666666666648
295.1999999999986,296.2909513821613,0.10000000000002274,0.1,2.273181642920008e-14,0.0,6,3,121,64,40.31011399306099,34.09880908677782,43.21666666666649
295.29999999999865,296.39095138216135,0.10000000000002274,0.1,2.273181642920008e-14,0.0,6,3,121,64,39.90115863312523,33.99880908677782,43.316666666666485
295.39999999999867,296.49095138216137,0.10000000000002274,0.1,2.273181642920008e-14,0.0,6,3,121,64,39.49490758901221,33.89880908677782,43.41666666666649
295.4999999999987,296.5909513821614,0.10000000000002274,0.1,2.273181642920008e-14,0.0,6,3,121,64,39.08862968089149,33.798809086777815,43.51666666666648
295.5999999999987,296.6909513821614,0.10000000000002274,0.1,2.273181642920008e-14,0.0,6,3,121,64,38.48681738997754,33.698809086777814,43.61666666666648
295.69999999999874,296.79095138216144,0.10000000000002274,0.1,2.273181642920008e-14,0.0,6,3,121,65,37.88210427316622,33.59880908677781,43.71666666666648
295.79999999999876,296.89095138216146,0.10000000000002274,0.1,2.273181642920008e-14,0.0,6,3,123,65,37.28018663006224,33.49880908677781,43.816666666666485
295.8999999999988,296.9909513821615,0.10000000000002274,0.1,2.273181642920008e-14,0.0,6,3,123,65,36.67704795853572,33.39880908677781,43.91666666666648
295.9999999999988,297.0909513821615,0.10000000000002274,0.1,2.273181642920008e-14,0.0,6,3,123,65,36.07234881153294,33.29880908677781,44.016666666666474
296.09999999999883,297.19095138216153,0.10000000000002274,0.1,2.273181642920008e-14,0.0,6,3,123,65,35.46853303969086,33.19880908677781,44.116666666666475
296.19999999999885,297.29095138216155,0.10000000000002274,0.1,2.273181642920008e-14,0.0,6,3,123,65,34.86363887116361,33.098809086777806,44.21666666666647
296.2999999999989,297.3909513821616,0.10000000000002274,0.1,2.273181642920008e-14,0.0,6,3,123,65,34.260829852487554,32.998809086777804,44.31666666666647
296.3999999999989,297.4909513821616,0.10000000000002274,0.1,2.273181642920008e-14,0.0,6,3,123,65,33.65340719449495,32.58087095122555,44.416666666666465
296.4999999999989,297.5909513821616,0.10000000000002274,0.1,2.273181642920008e-14,0.0,6,3,123,65,33.04361774165397,31.875199681120396,44.51666666666646
296.59999999999894,297.69095138216164,0.10000000000002274,0.1,2.273181642920008e-14,0.0,6,3,123,65,32.43999442033468,31.167444880553447,44.61666666666647
296.69999999999897,297.79095138216167,0.10000000000002274,0.1,2.273181642920008e-14,0.0,6,3,123,65,31.841550584310124,30.47194050318804,44.71666666666646
296.799999999999,297.8909513821617,0.10000000000002274,0.1,2.273181642920008e-14,0.0,6,3,122,65,31.235593272864904,29.755379212809924,44.816666666666464
296.899999999999,297.9909513821617,0.10000000000002274,0.1,2.273181642920008e-14,0.0,6,3,124,66,30.630479493835093,29.055621123493047,44.91666666666646
296.99999999999903,298.09095138216173,0.10000000000002274,0.1,2.273181642920008e-14,0.0,6,3,124,65,30.029483149254386,28.3589434363967,45.01666666666646
297.09999999999906,298.19095138216176,0.10000000000002274,0.1,2.273181642920008e-14,0.0,6,3,124,65,29.42076681342779,27.658343870584716,45.116666666666454
297.1999999999991,298.2909513821618,0.10000000000002274,0.1,2.273181642920008e-14,0.0,6,3,124,64,28.816976471107083,26.95220615589119,45.21666666666645
297.2999999999991,298.3909513821618,0.10000000000002274,0.1,2.273181642920008e-14,0.0,6,3,123,64,28.208647855656817,26.247703093908793,45.31666666666646
297.3999999999991,298.4909513821618,0.10000000000002274,0.1,2.273181642920008e-14,0.0,6,3,123,65,27.598884828924223,25.53436433650475,45.41666666666645
297.49999999999915,298.59095138216185,0.10000000000002274,0.1,2.273181642920008e-14,0.0,6,3,123,65,26.990891151965204,24.821351085063117,45.51666666666645
297.59999999999917,298.69095138216187,0.10000000000002274,0.1,2.273181642920008e-14,0.0,5,3,124,64,32.11271653848712,24.12072800913683,31.28000000000021
297.6999999999992,298.7909513821619,0.10000000000002274,0.1,2.273181642920008e-14,0.0,5,3,124,64,31.64257100099541,23.41247129174731,31.380000000000212
297.7999999999992,298.8909513821619,0.10000000000002274,0.1,2.273181642920008e-14,0.0,5,3,124,64,31.16225052737285,22.642384348518164,31.48000000000021
297.89999999999924,298.99095138216194,0.10000000000002274,0.1,2.273181642920008e-14,0.0,4,3,123,64,38.511137572298594,31.39880908677778,36.92500000000027
297.99999999999926,299.09095138216196,0.10000000000002274,0.1,2.273181642920008e-14,0.0,4,3,123,64,38.103878467746036,31.29880908677778,37.02500000000027
298.0999999999993,299.190951382162,0.10000000000002274,0.1,2.273181642920008e-14,0.0,4,3,123,64,37.704428114499905,31.19880908677778,37.12500000000026
298.1999999999993,299.290951382162,0.10000000000002274,0.1,2.273181642920008e-14,0.0,4,3,123,63,37.29186656519188,31.098809086777777,37.225000000000264
298.29999999999933,299.39095138216203,0.10000000000002274,0.1,2.273181642920008e-14,0.0,4,3,123,63,36.89260594107385,30.998809086777776,37.325000000000266
298.39999999999935,299.49095138216205,0.10000000000002274,0.1,2.273181642920008e-14,0.0,4,3,123,63,36.494279598885015,30.898809086777774,37.42500000000026
298.4999999999994,299.5909513821621,0.10000000000002274,0.1,2.273181642920008e-14,0.0,4,3,123,63,36.09417364157741,30.798809086777773,37.52500000000026
298.5999999999994,299.6909513821621,0.10000000000002274,0.1,2.273181642920008e-14,0.0,4,3,123,62,35.69416778768644,30.69880908677777,37.625000000000256
298.6999999999994,299.7909513821621,0.10000000000002274,0.1,2.273181642920008e-14,0.0,4,3,123,61,35.28801681830071,30.59880908677777,37.72500000000026
298.79999999999944,299.89095138216214,0.10000000000002274,0.1,2.273181642920008e-14,0.0,3,3,124,61,46.58188465389719,30.49880908677777,46.90000000000035
298.89999999999947,299.99095138216217,0.10000000000002274,0.1,2.273181642920008e-14,0.0,3,3,124,61,46.100232479898985,30.398809086777767,47.00000000000035
298.9999999999995,300.1445513821622,0.15360000000003993,0.1,0.05360000000003992,0.0,3,3,124,61,63.50248129218215,30.298809086777766,47.10000000000034
299.0999999999995,300.30455138216223,0.160000000000025,0.1,0.060000000000025006,0.0,3,3,124,61,83.0380634377987,30.198809086777764,47.20000000000035
299.19999999999953,300.40455138216225,0.10000000000002274,0.1,2.273181642920008e-14,0.0,4,3,124,60,55.645104777057526,74.9,35.500000000000256
299.29999999999956,300.5045513821623,0.10000000000002274,0.1,2.273181642920008e-14,0.0,4,3,124,60,55.09608538423616,74.27418450001984,35.60000000000026
299.3999999999996,300.6045513821623,0.10000000000002274,0.1,2.273181642920008e-14,0.0,4,3,124,60,54.597771993448475,73.67418450001985,35.70000000000026
299.4999999999996,300.7645513821623,0.160000000000025,0.1,0.060000000000025006,0.0,4,3,123,60,69.09945860266087,102.91432509251493,35.80000000000025
299.5999999999996,300.86455138216235,0.10000000000002274,0.1,2.273181642920008e-14,0.0,4,3,123,60,68.60114521187319,102.31432509251493,35.900000000000254
299.69999999999965,300.96455138216237,0.10000000000002274,0.1,2.273181642920008e-14,0.0,4,3,123,60,68.04744903084638,101.71432509251494,36.00000000000025
299.79999999999967,301.0995513821624,0.13500000000004775,0.1,0.03500000000004774,0.0,4,3,123,60,76.2991356400587,131.05265333906368,36.10000000000025
299.8999999999997,301.19955138216244,0.10000000000002274,0.1,2.273181642920008e-14,0.0,4,3,123,60,75.83686419951152,130.4526533390637,36.20000000000025
299.9999999999997,301.29955138216246,0.10000000000002274,0.1,2.273181642920008e-14,0.0,4,3,123,60,75.28085443183978,129.8526533390637,36.300000000000246
300.09999999999974,301.3995513821625,0.10000000000002274,0.1,2.273181642920008e-14,0.0,4,3,123,60,74.7825410410521,129.2526533390637,36.40000000000025
300.19999999999976,301.5595513821625,0.160000000000025,0.1,0.060000000000025006,0.0,4,3,122,60,89.34228995266963,133.85995659556133,36.50000000000025
300.2999999999998,301.65955138216253,0.10000000000002274,0.1,2.273181642920008e-14,0.0,5,3,122,60,66.12840617046761,74.9,29.300000000000193
300.3999999999998,301.75955138216256,0.10000000000002274,0.1,2.273181642920008e-14,0.0,5,3,122,60,65.67803473501581,74.28859555962778,29.400000000000194
300.49999999999983,301.8595513821626,0.10000000000002274,0.1,2.273181642920008e-14,0.0,5,3,122,60,65.25638748597859,73.67361287759242,29.500000000000192
300.59999999999985,301.9595513821626,0.10000000000002274,0.1,2.273181642920008e-14,0.0,5,3,122,60,64.8339506881368,73.0546824515341,29.600000000000193
300.6999999999999,302.0595513821626,0.10000000000002274,0.1,2.273181642920008e-14,0.0,5,3,122,60,64.41099141417865,72.43313964489417,29.700000000000188
300.7999999999999,302.20075138216265,0.1412000000000262,0.1,0.04120000000002619,0.0,5,3,121,60,72.2316768747269,71.82982051078602,29.80000000000019
300.8999999999999,302.3007513821627,0.10000000000002274,0.1,2.273181642920008e-14,0.0,5,3,121,60,71.81630424875851,71.18880670807467,29.900000000000187
300.99999999999994,302.4007513821627,0.10000000000002274,0.1,2.273181642920008e-14,0.0,5,3,121,60,71.39491303832645,70.58198912796736,30.00000000000018
301.09999999999997,302.5007513821627,0.10000000000002274,0.1,2.273181642920008e-14,0.0,4,3,121,60,88.85889832305558,124.50372202208976,34.225000000000236
301.2,302.60075138216274,0.10000000000002274,0.1,2.273181642920008e-14,0.0,4,3,123,60,88.50733592235812,123.8980091508113,34.32500000000023
301.3,302.70075138216276,0.10000000000002274,0.1,2.273181642920008e-14,0.0,4,3,123,60,88.1500570217367,123.28341952099606,34.425000000000225
301.40000000000003,302.8007513821628,0.10000000000002274,0.1,2.273181642920008e-14,0.0,4,3,123,60,87.7960782725955,122.68280635628845,34.525000000000226
301.50000000000006,302.9007513821628,0.10000000000002274,0.1,2.273181642920008e-14,0.0,4,3,123,60,87.43170434514379,122.07653166858577,34.62500000000022
301.6000000000001,303.00075138216283,0.10000000000002274,0.1,2.273181642920008e-14,0.0,4,3,124,59,87.069689658778,121.47609717688671,34.72500000000022
301.7000000000001,303.10075138216285,0.10000000000002274,0.1,2.273181642920008e-14,0.0,4,3,124,59,86.70134242666296,120.87089288697284,34.825000000000216
301.8000000000001,303.2007513821629,0.10000000000002274,0.1,2.273181642920008e-14,0.0,4,3,123,59,86.3431831463157,120.25228442606068,34.92500000000021
301.90000000000015,303.3007513821629,0.10000000000002274,0.1,2.273181642920008e-14,0.0,4,3,123,59,85.98824170763666,119.64143915311013,35.02500000000021
302.00000000000017,303.4007513821629,0.10000000000002274,0.1,2.273181642920008e-14,0.0,4,3,123,59,85.62067613339022,118.99481253560184,35.125000000000206
302.1000000000002,303.50075138216295,0.10000000000002274,0.1,2.273181642920008e-14,0.0,4,3,122,59,85.24503289749856,118.30766381699554,35.22500000000021
302.2000000000002,303.60075138216297,0.10000000000002274,0.1,2.273181642920008e-14,0.0,4,3,122,59,84.87627269468639,117.63359487633386,35.3250000000002
302.30000000000024,303.700751382163,0.10000000000002274,0.1,2.273181642920008e-14,0.0,4,3,123,58,84.50623224043224,116.95593214346738,35.425000000000196
302.40000000000026,303.800751382163,0.10000000000002274,0.1,2.273181642920008e-14,0.0,4,3,123,58,84.1474327371751,116.34332518494018,35.5250000000002
302.5000000000003,303.90075138216304,0.10000000000002274,0.1,2.273181642920008e-14,0.0,4,3,123,58,83.78482226953061,115.69719177238667,35.62500000000019
302.6000000000003,304.00075138216306,0.10000000000002274,0.1,2.273181642920008e-14,0.0,4,3,122,58,83.41494198589048,115.0221093229382,35.72500000000019
302.70000000000033,304.1007513821631,0.10000000000002274,0.1,2.273181642920008e-14,0.0,4,3,122,57,83.03729894638884,114.32221825212416,35.82500000000019
302.80000000000035,304.2007513821631,0.10000000000002274,0.1,2.273181642920008e-14,0.0,4,3,122,57,82.66594134160934,113.65526148985238,35.92500000000018
302.9000000000004,304.3007513821631,0.10000000000002274,0.1,2.273181642920008e-14,0.0,4,3,122,57,82.27920605062104,112.95566409086197,36.02500000000018
303.0000000000004,304.40075138216315,0.10000000000002274,0.1,2.273181642920008e-14,0.0,4,3,122,57,81.9085012658627,112.34071151467967,36.12500000000018
303.1000000000004,304.5007513821632,0.10000000000002274,0.1,2.273181642920008e-14,0.0,4,3,122,55,81.53440855915578,111.74071151467967,36.22500000000018
303.20000000000044,304.6007513821632,0.10000000000002274,0.1,2.273181642920008e-14,0.0,4,3,122,55,81.17780500906757,111.14071151467968,36.32500000000017
303.30000000000047,304.7007513821632,0.10000000000002274,0.1,2.273181642920008e-14,0.0,4,3,123,55,80.82115657199947,110.54071151467969,36.42500000000017
303.4000000000005,304.80075138216324,0.10000000000002274,0.1,2.273181642920008e-14,0.0,4,3,123,54,80.45458056004283,109.94071151467969,36.52500000000017
303.5000000000005,304.94655138216325,0.14580000000000837,0.1,0.04580000000000836,0.0,4,3,122,54,91.53679485149458,130.3591435027769,36.62500000000016
303.60000000000053,305.0465513821633,0.10000000000002274,0.1,2.273181642920008e-14,0.0,4,3,122,54,91.17849455982298,130.2591435027769,36.725000000000165
303.70000000000056,305.1465513821633,0.10000000000002274,0.1,2.273181642920008e-14,0.0,4,3,122,54,90.81506184311209,130.1591435027769,36.82500000000016
303.8000000000006,305.2465513821633,0.10000000000002274,0.1,2.273181642920008e-14,0.0,4,3,122,53,90.4539048250114,130.05914350277692,36.92500000000015
303.9000000000006,305.34655138216334,0.10000000000002274,0.1,2.273181642920008e-14,0.0,4,3,122,52,90.09160645624954,129.95914350277693,37.025000000000155
304.0000000000006,305.44655138216336,0.10000000000002274,0.1,2.273181642920008e-14,0.0,4,3,122,52,89.72256799344673,129.85914350277693,37.12500000000015
304.10000000000065,305.5465513821634,0.10000000000002274,0.1,2.273181642920008e-14,0.0,4,3,122,52,89.35807142577396,129.75914350277694,37.22500000000015
304.20000000000067,305.6465513821634,0.10000000000002274,0.1,2.273181642920008e-14,0.0,4,3,122,53,88.99300842461173,129.65914350277694,37.325000000000145
304.3000000000007,305.74655138216343,0.10000000000002274,0.1,2.273181642920008e-14,0.0,4,3,122,53,88.62607740879648,129.55914350277695,37.42500000000014
304.4000000000007,305.84655138216345,0.10000000000002274,0.1,2.273181642920008e-14,0.0,4,3,121,54,88.25444008707653,129.45914350277695,37.52500000000014
304.50000000000074,305.9729513821635,0.12640000000004648,0.1,0.02640000000004647,0.0,4,3,120,54,94.48271150952144,129.35914350277696,37.625000000000135
304.60000000000076,306.0729513821635,0.10000000000002274,0.1,2.273181642920008e-14,0.0,4,3,120,54,94.15315614578002,129.25914350277696,37.725000000000136
304.7000000000008,306.17295138216355,0.10000000000002274,0.1,2.273181642920008e-14,0.0,4,3,120,54,93.72897450914323,129.15914350277697,37.82500000000013
304.8000000000008,306.27295138216357,0.10000000000002274,0.1,2.273181642920008e-14,0.0,4,3,120,54,93.36635144964902,129.05914350277698,37.925000000000125
304.90000000000083,306.3729513821636,0.10000000000002274,0.1,2.273181642920008e-14,0.0,4,3,121,54,93.00518275614915,128.95914350277698,38.02500000000013
305.00000000000085,306.4729513821636,0.10000000000002274,0.1,2.273181642920008e-14,0.0,4,3,122,54,92.63941000825967,128.859143502777,38.12500000000012
305.1000000000009,306.57295138216364,0.10000000000002274,0.1,2.273181642920008e-14,0.0,4,3,122,54,92.26980005256698,128.759143502777,38.225000000000115
305.2000000000009,306.67295138216366,0.10000000000002274,0.1,2.273181642920008e-14,0.0,4,3,122,54,91.95506273376613,128.659143502777,38.32500000000012
305.3000000000009,306.7729513821637,0.10000000000002274,0.1,2.273181642920008e-14,0.0,4,3,123,54,91.67701858232304,128.559143502777,38.42500000000011
305.40000000000094,306.8729513821637,0.10000000000002274,0.1,2.273181642920008e-14,0.0,4,3,123,54,91.42265551110741,128.459143502777,38.525000000000105
305.50000000000097,306.9729513821637,0.10000000000002274,0.1,2.273181642920008e-14,0.0,4,3,123,54,91.18681601167272,128.35914350277702,38.62500000000011
305.600000000001,307.07295138216375,0.10000000000002274,0.1,2.273181642920008e-14,0.0,4,3,123,54,90.94579071744299,128.25914350277702,38.7250000000001
305.700000000001,307.1729513821638,0.10000000000002274,0.1,2.273181642920008e-14,0.0,4,3,123,54,90.70939182786655,128.15914350277703,38.8250000000001
305.80000000000103,307.2729513821638,0.10000000000002274,0.1,2.273181642920008e-14,0.0,4,3,124,55,90.4662909511223,128.05914350277703,38.9250000000001
305.90000000000106,307.3729513821638,0.10000000000002274,0.1,2.273181642920008e-14,0.0,4,3,126,55,90.22137291080594,127.95914350277704,39.02500000000009
306.0000000000011,307.47295138216384,0.10000000000002274,0.1,2.273181642920008e-14,0.0,4,3,126,55,89.97995430562806,127.85914350277704,39.12500000000009
306.1000000000011,307.57295138216386,0.10000000000002274,0.1,2.273181642920008e-14,0.0,4,3,127,55,89.74223042225218,127.75914350277705,39.22500000000009
306.2000000000011,307.6729513821639,0.10000000000002274,0.1,2.273181642920008e-14,0.0,4,3,126,54,89.50407088473935,127.65914350277706,39.32500000000009
306.30000000000115,307.7729513821639,0.10000000000002274,0.1,2.273181642920008e-14,0.0,4,3,126,54,89.25865095096901,127.55914350277706,39.42500000000008
306.40000000000117,307.87295138216393,0.10000000000002274,0.1,2.273181642920008e-14,0.0,4,3,126,54,89.01451129414443,127.45914350277707,39.52500000000008
306.5000000000012,307.97295138216396,0.10000000000002274,0.1,2.273181642920008e-14,0.0,4,3,126,54,88.77449552568082,127.35914350277707,39.62500000000008
306.6000000000012,308.072951382164,0.10000000000002274,0.1,2.273181642920008e-14,0.0,4,3,125,54,88.53352701256381,127.25914350277708,39.72500000000007
306.70000000000124,308.172951382164,0.10000000000002274,0.1,2.273181642920008e-14,0.0,4,3,124,54,88.29665181443364,127.15914350277708,39.82500000000007
306.80000000000126,308.272951382164,0.10000000000002274,0.1,2.273181642920008e-14,0.0,4,3,124,54,88.06033651370265,127.05914350277709,39.92500000000007
306.9000000000013,308.37295138216405,0.10000000000002274,0.1,2.273181642920008e-14,0.0,4,3,124,55,87.81362422072529,126.9591435027771,40.02500000000006
307.0000000000013,308.47295138216407,0.10000000000002274,0.1,2.273181642920008e-14,0.0,4,3,125,55,87.56681698886744,126.8591435027771,40.12500000000006
307.10000000000133,308.5729513821641,0.10000000000002274,0.1,2.273181642920008e-14,0.0,4,3,124,55,87.32353089506054,126.7591435027771,40.22500000000006
307.20000000000135,308.6729513821641,0.10000000000002274,0.1,2.273181642920008e-14,0.0,4,3,124,55,87.08852810178539,126.65914350277711,40.32500000000005
307.3000000000014,308.77295138216414,0.10000000000002274,0.1,2.273181642920008e-14,0.0,4,3,126,56,86.8533705389948,126.55914350277712,40.425000000000054
307.4000000000014,308.87295138216416,0.10000000000002274,0.1,2.273181642920008e-14,0.0,4,3,127,56,86.60718646764421,126.45914350277712,40.52500000000005
307.5000000000014,308.9729513821642,0.10000000000002274,0.1,2.273181642920008e-14,0.0,4,3,127,56,86.36228538052609,126.35914350277713,40.62500000000004
307.60000000000144,309.0729513821642,0.10000000000002274,0.1,2.273181642920008e-14,0.0,4,3,127,56,86.11930452685486,126.25914350277714,40.725000000000044
307.70000000000147,309.17295138216423,0.10000000000002274,0.1,2.273181642920008e-14,0.0,4,3,127,54,85.87292880041379,126.15914350277714,40.82500000000004
307.8000000000015,309.27295138216425,0.10000000000002274,0.1,2.273181642920008e-14,0.0,4,3,127,54,85.62855283791383,126.05914350277715,40.92500000000004
307.9000000000015,309.3729513821643,0.10000000000002274,0.1,2.273181642920008e-14,0.0,4,3,127,54,85.38411557965959,125.95914350277715,41.025000000000034
308.00000000000153,309.4729513821643,0.10000000000002274,0.1,2.273181642920008e-14,0.0,4,3,127,54,85.14782708557495,125.85914350277716,41.12500000000003
308.10000000000156,309.5729513821643,0.10000000000002274,0.1,2.273181642920008e-14,0.0,4,3,128,54,84.90743107566351,125.75914350277716,41.22500000000003
308.2000000000016,309.67295138216434,0.10000000000002274,0.1,2.273181642920008e-14,0.0,4,3,128,54,84.66968152825284,125.65914350277717,41.325000000000024
308.3000000000016,309.77295138216436,0.10000000000002274,0.1,2.273181642920008e-14,0.0,4,3,128,54,84.43353225374034,125.55914350277718,41.42500000000002
308.4000000000016,309.8729513821644,0.10000000000002274,0.1,2.273181642920008e-14,0.0,4,3,129,54,84.19458239025525,125.45914350277718,41.52500000000002
308.50000000000165,309.9729513821644,0.10000000000002274,0.1,2.273181642920008e-14,0.0,4,3,129,54,83.95048584932421,125.35914350277719,41.625000000000014
308.60000000000167,310.07295138216443,0.10000000000002274,0.1,2.273181642920008e-14,0.0,4,3,129,55,83.70932266095207,125.25914350277719,41.72500000000001
308.7000000000017,310.17295138216446,0.10000000000002274,0.1,2.273181642920008e-14,0.0,4,3,130,56,83.47391141169358,125.1591435027772,41.82500000000001
308.8000000000017,310.2729513821645,0.10000000000002274,0.1,2.273181642920008e-14,0.0,4,3,130,56,83.23500509490596,125.0591435027772,41.925000000000004
308.90000000000174,310.3729513821645,0.10000000000002274,0.1,2.273181642920008e-14,0.0,4,3,130,56,82.98980561668833,124.95914350277721,42.025000000000006
309.00000000000176,310.4729513821645,0.10000000000002274,0.1,2.273181642920008e-14,0.0,4,3,130,55,82.75458842163555,124.85914350277721,42.125
309.1000000000018,310.57295138216455,0.10000000000002274,0.1,2.273181642920008e-14,0.0,4,3,131,55,82.51189446212581,124.75914350277722,42.224999999999994
309.2000000000018,310.67295138216457,0.10000000000002274,0.1,2.273181642920008e-14,0.0,4,3,131,55,82.2690988555286,124.65914350277723,42.324999999999996
309.30000000000183,310.7729513821646,0.10000000000002274,0.1,2.273181642920008e-14,0.0,4,3,131,54,82.02332716515946,124.55914350277723,42.42499999999999
309.40000000000185,310.8729513821646,0.10000000000002274,0.1,2.273181642920008e-14,0.0,4,3,131,53,81.77676402186326,124.45914350277724,42.52499999999999
309.5000000000019,310.97295138216464,0.10000000000002274,0.1,2.273181642920008e-14,0.0,4,3,132,53,81.53170755038536,124.35914350277724,42.624999999999986
309.6000000000019,311.07295138216466,0.10000000000002274,0.1,2.273181642920008e-14,0.0,4,3,132,53,81.29054267489165,124.25914350277725,42.72499999999998
309.7000000000019,311.1729513821647,0.10000000000002274,0.1,2.273181642920008e-14,0.0,4,3,132,53,81.04384026004767,124.15914350277725,42.82499999999998
309.80000000000194,311.2729513821647,0.10000000000002274,0.1,2.273181642920008e-14,0.0,4,3,134,53,80.81601270294624,124.05914350277726,42.924999999999976
309.90000000000197,311.37295138216473,0.10000000000002274,0.1,2.273181642920008e-14,0.0,4,3,135,53,80.5298892067569,123.95914350277727,43.02499999999997
310.000000000002,311.47295138216475,0.10000000000002274,0.1,2.273181642920008e-14,0.0,4,3,135,53,80.29534340270074,123.85914350277727,43.12499999999997
310.100000000002,311.5729513821648,0.10000000000002274,0.1,2.273181642920008e-14,0.0,4,3,135,53,80.06372211293692,123.75914350277728,43.224999999999966
310.20000000000203,311.6729513821648,0.10000000000002274,0.1,2.273181642920008e-14,0.0,4,3,135,53,79.83224437320519,123.65914350277728,43.32499999999996
310.30000000000206,311.7729513821648,0.10000000000002274,0.1,2.273181642920008e-14,0.0,4,3,135,53,79.5949027188115,123.55914350277729,43.42499999999996
310.4000000000021,311.87295138216484,0.10000000000002274,0.1,2.273181642920008e-14,0.0,4,3,135,53,79.35566046786491,123.4591435027773,43.524999999999956
310.5000000000021,311.97295138216487,0.10000000000002274,0.1,2.273181642920008e-14,0.0,4,3,135,53,79.11082467462093,123.3591435027773,43.62499999999996
310.6000000000021,312.0729513821649,0.10000000000002274,0.1,2.273181642920008e-14,0.0,4,3,137,52,78.88458374964469,123.2591435027773,43.72499999999995
310.70000000000215,312.1729513821649,0.10000000000002274,0.1,2.273181642920008e-14,0.0,4,3,139,52,78.64160248358627,123.15914350277731,43.824999999999946
310.80000000000217,312.27295138216493,0.10000000000002274,0.1,2.273181642920008e-14,0.0,4,3,140,52,78.40382358217559,123.05914350277732,43.92499999999995
310.9000000000022,312.37295138216496,0.10000000000002274,0.1,2.273181642920008e-14,0.0,4,3,141,52,78.15984205776932,122.95914350277732,44.02499999999994
311.0000000000022,312.472951382165,0.10000000000002274,0.1,2.273181642920008e-14,0.0,4,3,141,52,77.91717546474246,122.85914350277733,44.12499999999994
311.10000000000224,312.572951382165,0.10000000000002274,0.1,2.273181642920008e-14,0.0,4,3,141,52,77.68867315193006,122.75914350277733,44.22499999999994
311.20000000000226,312.672951382165,0.10000000000002274,0.1,2.273181642920008e-14,0.0,4,3,140,52,77.46326557128083,122.65914350277734,44.32499999999993
311.3000000000023,312.77295138216505,0.10000000000002274,0.1,2.273181642920008e-14,0.0,4,3,140,53,77.19820656268976,122.55914350277735,44.42499999999993
311.4000000000023,312.87295138216507,0.10000000000002274,0.1,2.273181642920008e-14,0.0,4,3,140,53,76.97320656268977,122.45914350277735,44.52499999999993
311.50000000000233,312.9729513821651,0.10000000000002274,0.1,2.273181642920008e-14,0.0,4,3,141,53,76.74820656268977,122.35914350277736,44.62499999999992
311.60000000000235,313.0729513821651,0.10000000000002274,0.1,2.273181642920008e-14,0.0,4,3,141,53,76.52320656268977,122.25914350277736,44.72499999999992
311.7000000000024,313.17295138216514,0.10000000000002274,0.1,2.273181642920008e-14,0.0,4,3,141,53,76.29820656268977,122.15914350277737,44.82499999999992
311.8000000000024,313.27295138216516,0.10000000000002274,0.1,2.273181642920008e-14,0.0,4,3,141,53,76.09147603148799,122.05914350277737,44.92499999999991
311.9000000000024,313.3729513821652,0.10000000000002274,0.1,2.273181642920008e-14,0.0,3,3,141,52,101.30310606017447,121.95914350277738,56.13333333333322
312.00000000000244,313.4729513821652,0.10000000000002274,0.1,2.273181642920008e-14,0.0,3,3,141,52,101.20310606017449,121.85914350277739,56.23333333333323
312.10000000000247,313.57295138216523,0.10000000000002274,0.1,2.273181642920008e-14,0.0,3,3,140,53,101.10310606017448,121.75914350277739,56.33333333333322
312.2000000000025,313.67295138216525,0.10000000000002274,0.1,2.273181642920008e-14,0.0,3,3,140,53,101.00310606017449,121.6591435027774,56.433333333333216
312.3000000000025,313.7729513821653,0.10000000000002274,0.1,2.273181642920008e-14,0.0,3,3,140,53,100.9031060601745,121.5591435027774,56.53333333333321
312.40000000000254,313.8729513821653,0.10000000000002274,0.1,2.273181642920008e-14,0.0,3,3,140,54,100.8031060601745,121.45914350277741,56.633333333333205
312.50000000000256,313.9729513821653,0.10000000000002274,0.1,2.273181642920008e-14,0.0,3,3,140,54,100.7031060601745,121.35914350277741,56.7333333333332
312.6000000000026,314.07295138216534,0.10000000000002274,0.1,2.273181642920008e-14,0.0,3,3,139,54,100.60310606017451,121.25914350277742,56.8333333333332
312.7000000000026,314.17295138216537,0.10000000000002274,0.1,2.273181642920008e-14,0.0,3,3,138,54,100.5031060601745,121.15914350277743,56.933333333333195
312.8000000000026,314.2729513821654,0.10000000000002274,0.1,2.273181642920008e-14,0.0,3,3,138,54,100.40310606017452,121.05914350277743,57.03333333333319
312.90000000000265,314.3729513821654,0.10000000000002274,0.1,2.273181642920008e-14,0.0,3,3,139,54,100.30310606017451,120.95914350277744,57.133333333333184
313.0000000000027,314.47295138216543,0.10000000000002274,0.1,2.273181642920008e-14,0.0,3,3,139,54,100.20310606017453,120.85914350277744,57.23333333333318
313.1000000000027,314.57295138216546,0.10000000000002274,0.1,2.273181642920008e-14,0.0,3,3,139,53,100.10310606017453,120.75914350277745,57.33333333333318
313.2000000000027,314.6729513821655,0.10000000000002274,0.1,2.273181642920008e-14,0.0,3,3,140,53,100.00310606017452,120.65914350277745,57.433333333333174
313.30000000000274,314.7729513821655,0.10000000000002274,0.1,2.273181642920008e-14,0.0,3,3,140,53,99.90310606017454,120.55914350277746,57.53333333333317
313.40000000000276,314.8729513821655,0.10000000000002274,0.1,2.273181642920008e-14,0.0,3,3,140,53,99.80310606017453,120.45914350277747,57.63333333333316
313.5000000000028,314.97295138216555,0.10000000000002274,0.1,2.273181642920008e-14,0.0,3,3,139,53,99.70310606017453,120.35914350277747,57.73333333333316
313.6000000000028,315.07295138216557,0.10000000000002274,0.1,2.273181642920008e-14,0.0,3,3,140,53,99.60310606017454,120.25914350277748,57.833333333333165
313.70000000000283,315.1729513821656,0.10000000000002274,0.1,2.273181642920008e-14,0.0,3,3,141,53,99.50310606017455,120.15914350277748,57.93333333333316
313.80000000000285,315.2729513821656,0.10000000000002274,0.1,2.273181642920008e-14,0.0,3,3,141,53,99.40310606017455,120.05914350277749,58.033333333333154
313.9000000000029,315.37295138216564,0.10000000000002274,0.1,2.273181642920008e-14,0.0,3,3,141,53,99.30310606017456,119.9591435027775,58.13333333333315
314.0000000000029,315.47295138216566,0.10000000000002274,0.1,2.273181642920008e-14,0.0,3,3,141,53,99.20310606017456,119.8591435027775,58.23333333333314
314.1000000000029,315.5729513821657,0.10000000000002274,0.1,2.273181642920008e-14,0.0,3,3,140,53,99.10310606017457,119.7591435027775,58.333333333333144
314.20000000000294,315.6729513821657,0.10000000000002274,0.1,2.273181642920008e-14,0.0,3,3,141,53,99.00310606017456,119.65914350277751,58.43333333333314
314.30000000000297,315.77295138216573,0.10000000000002274,0.1,2.273181642920008e-14,0.0,3,3,141,53,98.90310606017458,119.55914350277752,58.53333333333313
314.400000000003,315.87295138216575,0.10000000000002274,0.1,2.273181642920008e-14,0.0,3,3,141,53,98.80310606017457,119.45914350277752,58.63333333333313
314.500000000003,315.9729513821658,0.10000000000002274,0.1,2.273181642920008e-14,0.0,3,3,141,53,98.70310606017459,119.35914350277753,58.73333333333312
314.60000000000304,316.0729513821658,0.10000000000002274,0.1,2.273181642920008e-14,0.0,3,3,141,53,98.60310606017458,119.25914350277753,58.833333333333115
314.70000000000306,316.1729513821658,0.10000000000002274,0.1,2.273181642920008e-14,0.0,3,3,141,53,98.50310606017457,119.15914350277754,58.93333333333312
314.8000000000031,316.27295138216584,0.10000000000002274,0.1,2.273181642920008e-14,0.0,3,3,142,53,98.4031060601746,119.05914350277754,59.03333333333311
314.9000000000031,316.37295138216587,0.10000000000002274,0.1,2.273181642920008e-14,0.0,3,3,143,54,98.30310606017458,118.95914350277755,59.133333333333105
315.0000000000031,316.4729513821659,0.10000000000002274,0.1,2.273181642920008e-14,0.0,3,3,143,54,98.2031060601746,118.85914350277756,59.2333333333331
315.10000000000315,316.5729513821659,0.10000000000002274,0.1,2.273181642920008e-14,0.0,3,3,142,54,98.1031060601746,118.75914350277756,59.333333333333094
315.2000000000032,316.67295138216593,0.10000000000002274,0.1,2.273181642920008e-14,0.0,3,3,141,54,98.0031060601746,118.65914350277757,59.4333333333331
315.3000000000032,316.77295138216596,0.10000000000002274,0.1,2.273181642920008e-14,0.0,3,3,140,54,97.90310606017461,118.55914350277757,59.5333333333331
315.4000000000032,316.872951382166,0.10000000000002274,0.1,2.273181642920008e-14,0.0,3,3,140,54,97.80310606017461,118.45914350277758,59.63333333333309
315.50000000000324,316.972951382166,0.10000000000002274,0.1,2.273181642920008e-14,0.0,3,3,141,54,97.70310606017462,118.35914350277758,59.733333333333086
315.60000000000326,317.072951382166,0.10000000000002274,0.1,2.273181642920008e-14,0.0,3,3,141,54,97.60310606017462,118.25914350277759,59.83333333333309
315.7000000000033,317.17295138216605,0.10000000000002274,0.1,2.273181642920008e-14,0.0,3,3,141,54,97.50310606017462,118.1591435027776,59.93333333333308
315.8000000000033,317.27295138216607,0.10000000000002274,0.1,2.273181642920008e-14,0.0,3,3,141,54,97.40310606017464,118.0591435027776,60.033333333333076
315.90000000000333,317.3729513821661,0.10000000000002274,0.1,2.273181642920008e-14,0.0,3,3,141,54,97.30310606017463,117.95914350277761,60.13333333333307
316.00000000000335,317.4729513821661,0.10000000000002274,0.1,2.273181642920008e-14,0.0,3,3,142,54,97.20310606017465,117.85914350277761,60.233333333333064
316.1000000000034,317.57295138216614,0.10000000000002274,0.1,2.273181642920008e-14,0.0,3,3,142,55,97.10310606017464,117.75914350277762,60.333333333333066
316.2000000000034,317.67295138216616,0.10000000000002274,0.1,2.273181642920008e-14,0.0,3,3,142,55,97.00310606017463,117.65914350277762,60.43333333333306
316.3000000000034,317.7729513821662,0.10000000000002274,0.1,2.273181642920008e-14,0.0,3,3,142,55,96.90310606017465,117.55914350277763,60.533333333333054
316.40000000000344,317.8729513821662,0.10000000000002274,0.1,2.273181642920008e-14,0.0,3,3,142,55,96.80310606017464,117.45914350277764,60.63333333333306
316.50000000000347,317.97295138216623,0.10000000000002274,0.1,2.273181642920008e-14,0.0,3,3,142,55,96.70310606017466,117.35914350277764,60.73333333333306
316.6000000000035,318.07295138216625,0.10000000000002274,0.1,2.273181642920008e-14,0.0,3,3,143,55,96.60310606017465,117.25914350277765,60.83333333333305
316.7000000000035,318.1729513821663,0.10000000000002274,0.1,2.273181642920008e-14,0.0,3,3,143,56,96.50310606017466,117.15914350277765,60.933333333333046
316.80000000000354,318.2729513821663,0.10000000000002274,0.1,2.273181642920008e-14,0.0,3,3,143,55,96.40310606017466,117.05914350277766,61.03333333333304
316.90000000000356,318.3729513821663,0.10000000000002274,0.1,2.273181642920008e-14,0.0,3,3,142,55,96.30310606017467,116.95914350277766,61.13333333333304
317.0000000000036,318.47295138216634,0.10000000000002274,0.1,2.273181642920008e-14,0.0,3,3,143,55,96.20310606017468,116.85914350277767,61.233333333333036
317.1000000000036,318.57295138216637,0.10000000000002274,0.1,2.273181642920008e-14,0.0,3,3,143,55,96.10310606017468,116.75914350277768,61.33333333333303
317.2000000000036,318.6729513821664,0.10000000000002274,0.1,2.273181642920008e-14,0.0,3,3,143,55,96.00310606017467,116.65914350277768,61.43333333333303
317.30000000000365,318.7729513821664,0.10000000000002274,0.1,2.273181642920008e-14,0.0,3,3,143,55,95.9031060601747,116.55914350277769,61.533333333333026
317.4000000000037,318.87295138216643,0.10000000000002274,0.1,2.273181642920008e-14,0.0,3,3,143,55,95.80310606017468,116.45914350277769,61.63333333333302
317.5000000000037,318.97295138216646,0.10000000000002274,0.1,2.273181642920008e-14,0.0,3,3,143,55,95.7031060601747,116.3591435027777,61.733333333333015
317.6000000000037,319.0729513821665,0.10000000000002274,0.1,2.273181642920008e-14,0.0,3,3,143,55,95.6031060601747,116.2591435027777,61.83333333333301
317.70000000000374,319.1729513821665,0.10000000000002274,0.1,2.273181642920008e-14,0.0,3,3,143,55,95.50310606017472,116.15914350277771,61.93333333333302
317.80000000000376,319.2729513821665,0.10000000000002274,0.1,2.273181642920008e-14,0.0,3,3,143,54,95.40310606017471,116.05914350277772,62.03333333333301
317.9000000000038,319.37295138216655,0.10000000000002274,0.1,2.273181642920008e-14,0.0,3,3,143,54,95.3031060601747,115.95914350277772,62.133333333333006
318.0000000000038,319.47295138216657,0.10000000000002274,0.1,2.273181642920008e-14,0.0,3,3,143,54,95.20310606017472,115.85914350277773,62.23333333333301
318.10000000000383,319.5729513821666,0.10000000000002274,0.1,2.273181642920008e-14,0.0,3,3,143,54,95.10310606017471,115.75914350277773,62.333333333333
318.20000000000385,319.6729513821666,0.10000000000002274,0.1,2.273181642920008e-14,0.0,3,3,143,55,95.00310606017473,115.65914350277774,62.433333333332996
318.3000000000039,319.77295138216664,0.10000000000002274,0.1,2.273181642920008e-14,0.0,3,3,144,55,94.90310606017472,115.55914350277774,62.53333333333299
318.4000000000039,319.87295138216666,0.10000000000002274,0.1,2.273181642920008e-14,0.0,3,3,144,55,94.80310606017473,115.45914350277775,62.633333333332985
318.5000000000039,319.9729513821667,0.10000000000002274,0.1,2.273181642920008e-14,0.0,3,3,144,55,94.70310606017473,115.35914350277775,62.733333333332986
318.60000000000394,320.0729513821667,0.10000000000002274,0.1,2.273181642920008e-14,0.0,3,3,143,55,94.60310606017474,115.25914350277776,62.83333333333298
318.70000000000397,320.17295138216673,0.10000000000002274,0.1,2.273181642920008e-14,0.0,3,3,143,55,94.50310606017474,115.15914350277777,62.933333333332975
318.800000000004,320.27295138216675,0.10000000000002274,0.1,2.273181642920008e-14,0.0,3,3,143,55,94.23324360448288,115.05914350277777,63.03333333333298
318.900000000004,320.3729513821668,0.10000000000002274,0.1,2.273181642920008e-14,0.0,3,3,143,54,93.96488975180962,114.95914350277778,63.13333333333298
319.00000000000404,320.4729513821668,0.10000000000002274,0.1,2.273181642920008e-14,0.0,3,3,142,55,93.69732941731162,114.85914350277778,63.23333333333297
319.10000000000406,320.5729513821668,0.10000000000002274,0.1,2.273181642920008e-14,0.0,3,3,141,54,93.43019101067686,114.75914350277779,63.333333333332966
319.2000000000041,320.67295138216684,0.10000000000002274,0.1,2.273181642920008e-14,0.0,3,3,139,53,93.16327890871179,114.6591435027778,63.43333333333296
319.3000000000041,320.77295138216687,0.10000000000002274,0.1,2.273181642920008e-14,0.0,3,3,138,53,92.89652644312334,114.5591435027778,63.53333333333296
319.4000000000041,320.8729513821669,0.10000000000002274,0.1,2.273181642920008e-14,0.0,3,3,139,53,92.62983895951237,114.4591435027778,63.633333333332956
319.50000000000415,320.9729513821669,0.10000000000002274,0.1,2.273181642920008e-14,0.0,3,3,139,53,92.36316396606799,114.35914350277781,63.73333333333295
319.6000000000042,321.07295138216693,0.10000000000002274,0.1,2.273181642920008e-14,0.0,3,3,140,53,92.09649396869024,114.25914350277782,63.83333333333295
319.7000000000042,321.17295138216696,0.10000000000002274,0.1,2.273181642920008e-14,0.0,3,3,140,53,91.82982596973915,114.15914350277782,63.933333333332946
319.8000000000042,321.272951382167,0.10000000000002274,0.1,2.273181642920008e-14,0.0,3,3,139,53,91.5631587701587,114.05914350277783,64.03333333333295
319.90000000000424,321.372951382167,0.10000000000002274,0.1,2.273181642920008e-14,0.0,3,3,139,53,91.29649189032652,113.95914350277783,64.13333333333294
320.00000000000426,321.472951382167,0.10000000000002274,0.1,2.273181642920008e-14,0.0,3,3,139,53,91.02982513839366,113.85914350277784,64.23333333333294
320.1000000000043,321.57295138216705,0.10000000000002274,0.1,2.273181642920008e-14,0.0,3,3,139,53,90.76315843762052,113.75914350277785,64.33333333333293
320.2000000000043,321.67295138216707,0.10000000000002274,0.1,2.273181642920008e-14,0.0,3,3,139,52,90.49649175731126,113.65914350277785,64.43333333333293
320.30000000000433,321.7729513821671,0.10000000000002274,0.1,2.273181642920008e-14,0.0,3,3,139,52,90.22982508518756,113.55914350277786,64.53333333333292
320.40000000000435,321.8729513821671,0.10000000000002274,0.1,2.273181642920008e-14,0.0,3,3,139,52,89.96315841633809,113.45914350277786,64.63333333333293
320.5000000000044,321.97295138216714,0.10000000000002274,0.1,2.273181642920008e-14,0.0,3,3,139,52,89.6964917487983,113.35914350277787,64.73333333333292
320.6000000000044,322.07295138216716,0.10000000000002274,0.1,2.273181642920008e-14,0.0,3,3,139,52,89.42982508178238,113.25914350277787,64.83333333333292
320.7000000000044,322.1729513821672,0.10000000000002274,0.1,2.273181642920008e-14,0.0,3,3,139,51,89.10991820249278,113.15914350277788,64.93333333333291
320.80000000000445,322.2729513821672,0.10000000000002274,0.1,2.273181642920008e-14,0.0,3,3,138,51,88.84325153582613,113.05914350277789,65.0333333333329
320.90000000000447,322.37295138216723,0.10000000000002274,0.1,2.273181642920008e-14,0.0,3,3,139,51,88.57658486915945,112.95914350277789,65.13333333333291
321.0000000000045,322.47295138216725,0.10000000000002274,0.1,2.273181642920008e-14,0.0,3,3,139,51,88.30991820249278,112.8591435027779,65.23333333333291
321.1000000000045,322.5729513821673,0.10000000000002274,0.1,2.273181642920008e-14,0.0,3,3,139,51,88.04325153582613,112.7591435027779,65.3333333333329
321.20000000000454,322.7329513821673,0.160000000000025,0.1,0.060000000000025006,0.0,3,3,138,51,107.77658486915958,112.65914350277791,65.4333333333329
321.30000000000456,322.8329513821673,0.10000000000002274,0.1,2.273181642920008e-14,0.0,4,3,140,50,74.35743865186969,101.97180201792324,49.17499999999967
321.4000000000046,322.93295138216735,0.10000000000002274,0.1,2.273181642920008e-14,0.0,4,3,140,50,73.87059806826385,101.2484854461464,49.274999999999665
321.5000000000046,323.03295138216737,0.10000000000002274,0.1,2.273181642920008e-14,0.0,4,3,140,49,73.52059806826385,100.64848544614641,49.374999999999666
321.6000000000046,323.1329513821674,0.10000000000002274,0.1,2.273181642920008e-14,0.0,4,3,139,49,73.17059806826386,100.04848544614642,49.47499999999966
321.70000000000465,323.2329513821674,0.10000000000002274,0.1,2.273181642920008e-14,0.0,4,3,139,49,72.62170360937284,99.44848544614642,49.57499999999966
321.8000000000047,323.33295138216744,0.10000000000002274,0.1,2.273181642920008e-14,0.0,4,3,139,49,72.14670360937284,98.84848544614643,49.674999999999656
321.9000000000047,323.43295138216746,0.10000000000002274,0.1,2.273181642920008e-14,0.0,4,3,139,49,71.67170360937284,98.24848544614643,49.77499999999966
322.0000000000047,323.56835138216746,0.13540000000000418,0.1,0.03540000000000418,0.0,4,3,138,49,80.0688061671056,97.73689567707748,49.87499999999965
322.10000000000474,323.6683513821675,0.10000000000002274,0.1,2.273181642920008e-14,0.0,4,3,138,49,79.73153786038273,97.431100792543,49.97499999999965
322.20000000000476,323.7683513821675,0.10000000000002274,0.1,2.273181642920008e-14,0.0,4,3,138,49,79.37229128129322,97.22820335027578,50.07499999999965
322.3000000000048,323.86835138216753,0.10000000000002274,0.1,2.273181642920008e-14,0.0,4,3,138,49,79.11115954420312,97.07675462914216,50.17499999999964
322.4000000000048,323.96835138216755,0.10000000000002274,0.1,2.273181642920008e-14,0.0,4,3,139,50,78.88615954420312,96.97675462914216,50.27499999999964
322.50000000000483,324.0683513821676,0.10000000000002274,0.1,2.273181642920008e-14,0.0,4,3,139,50,78.66115954420313,96.87675462914217,50.37499999999964
322.60000000000485,324.1683513821676,0.10000000000002274,0.1,2.273181642920008e-14,0.0,4,3,139,50,78.43615954420314,96.77675462914218,50.47499999999964
322.7000000000049,324.2683513821676,0.10000000000002274,0.1,2.273181642920008e-14,0.0,4,3,139,50,78.21115954420314,96.67675462914218,50.57499999999963
322.8000000000049,324.42835138216765,0.160000000000025,0.1,0.060000000000025006,0.0,4,3,138,50,92.98615954420323,96.57675462914219,50.674999999999635
322.9000000000049,324.52835138216767,0.10000000000002274,0.1,2.273181642920008e-14,0.0,5,3,138,50,69.19409597725594,74.9,40.6399999999997
323.00000000000495,324.6883513821677,0.160000000000025,0.1,0.060000000000025006,0.0,5,3,137,50,80.80285763058181,96.3767546291422,40.739999999999704
323.10000000000497,324.7883513821677,0.10000000000002274,0.1,2.273181642920008e-14,0.0,5,3,138,49,80.39161038474947,96.2767546291422,40.839999999999705
323.200000000005,324.88835138216774,0.10000000000002274,0.1,2.273181642920008e-14,0.0,5,3,137,49,79.00364855304386,96.17675462914221,40.9399999999997
323.300000000005,324.98835138216776,0.10000000000002274,0.1,2.273181642920008e-14,0.0,5,3,137,49,78.6795021749013,96.07675462914221,41.039999999999694
323.40000000000504,325.0883513821678,0.10000000000002274,0.1,2.273181642920008e-14,0.0,5,3,137,49,78.36620203485538,95.82763171347743,41.139999999999695
323.50000000000506,325.1883513821678,0.10000000000002274,0.1,2.273181642920008e-14,0.0,5,3,137,49,78.06620203485537,95.22763171347744,41.23999999999969
323.6000000000051,325.28835138216783,0.10000000000002274,0.1,2.273181642920008e-14,0.0,5,3,137,49,77.76620203485538,94.62763171347744,41.33999999999969
323.7000000000051,325.38835138216785,0.10000000000002274,0.1,2.273181642920008e-14,0.0,5,3,138,49,77.46620203485539,94.02763171347745,41.43999999999969
323.8000000000051,325.4883513821679,0.10000000000002274,0.1,2.273181642920008e-14,0.0,5,3,140,49,77.16620203485539,93.42763171347745,41.53999999999969
323.90000000000515,325.5883513821679,0.10000000000002274,0.1,2.273181642920008e-14,0.0,5,3,140,49,76.86620203485539,92.82763171347746,41.63999999999969
324.0000000000052,325.6883513821679,0.10000000000002274,0.1,2.273181642920008e-14,0.0,5,3,140,49,76.5662020348554,92.22763171347746,41.73999999999968
324.1000000000052,325.78835138216795,0.10000000000002274,0.1,2.273181642920008e-14,0.0,5,3,140,50,76.26620203485541,91.62763171347747,41.83999999999968
324.2000000000052,325.88835138216797,0.10000000000002274,0.1,2.273181642920008e-14,0.0,5,3,139,50,75.9662020348554,91.02763171347748,41.93999999999968
324.30000000000524,325.988351382168,0.10000000000002274,0.1,2.273181642920008e-14,0.0,5,3,139,50,75.66620203485542,90.42763171347748,42.03999999999968
324.40000000000526,326.088351382168,0.10000000000002274,0.1,2.273181642920008e-14,0.0,5,3,139,51,75.36620203485542,89.82763171347749,42.139999999999674
324.5000000000053,326.18835138216804,0.10000000000002274,0.1,2.273181642920008e-14,0.0,5,3,139,51,75.06620203485542,89.22763171347749,42.239999999999675
324.6000000000053,326.28835138216806,0.10000000000002274,0.1,2.273181642920008e-14,0.0,5,3,138,50,74.76620203485543,88.6276317134775,42.33999999999967
324.70000000000533,326.3883513821681,0.10000000000002274,0.1,2.273181642920008e-14,0.0,5,3,138,50,74.46620203485543,88.0276317134775,42.43999999999967
324.80000000000535,326.4883513821681,0.10000000000002274,0.1,2.273181642920008e-14,0.0,5,3,139,50,74.16620203485544,87.42763171347751,42.539999999999665
324.9000000000054,326.5883513821681,0.10000000000002274,0.1,2.273181642920008e-14,0.0,5,3,140,50,73.86620203485543,86.82763171347752,42.63999999999966
325.0000000000054,326.68835138216815,0.10000000000002274,0.1,2.273181642920008e-14,0.0,5,3,140,50,73.56620203485544,86.22763171347752,42.73999999999966
325.1000000000054,326.81715138216816,0.12880000000001246,0.1,0.028800000000012455,0.0,5,3,139,50,79.02620203485544,94.27675462914232,42.83999999999966
325.20000000000545,326.9171513821682,0.10000000000002274,0.1,2.273181642920008e-14,0.0,5,3,139,50,78.69268175263821,94.17675462914232,42.93999999999966
325.30000000000547,327.0171513821682,0.10000000000002274,0.1,2.273181642920008e-14,0.0,5,3,138,50,78.3902954393474,94.07675462914233,43.03999999999966
325.4000000000055,327.11715138216823,0.10000000000002274,0.1,2.273181642920008e-14,0.0,5,3,138,50,78.09029543934739,93.97675462914233,43.13999999999966
325.5000000000055,327.21715138216825,0.10000000000002274,0.1,2.273181642920008e-14,0.0,5,3,138,51,77.7902954393474,93.87675462914234,43.239999999999654
325.60000000000554,327.3171513821683,0.10000000000002274,0.1,2.273181642920008e-14,0.0,5,3,137,51,77.4902954393474,93.77675462914235,43.33999999999965
325.70000000000556,327.4171513821683,0.10000000000002274,0.1,2.273181642920008e-14,0.0,5,3,137,51,77.19029543934741,93.67675462914235,43.43999999999965
325.8000000000056,327.5171513821683,0.10000000000002274,0.1,2.273181642920008e-14,0.0,5,3,137,51,76.89029543934741,93.57675462914236,43.539999999999644
325.9000000000056,327.61715138216834,0.10000000000002274,0.1,2.273181642920008e-14,0.0,5,3,137,50,76.59029543934741,93.47675462914236,43.639999999999645
326.0000000000056,327.71715138216837,0.10000000000002274,0.1,2.273181642920008e-14,0.0,5,3,137,50,76.29029543934743,93.37675462914237,43.73999999999965
326.10000000000565,327.8171513821684,0.10000000000002274,0.1,2.273181642920008e-14,0.0,5,3,138,50,75.88517319510474,93.27675462914237,43.83999999999964
326.2000000000057,327.9171513821684,0.10000000000002274,0.1,2.273181642920008e-14,0.0,5,3,138,49,75.53308939757537,93.17675462914238,43.93999999999964
326.3000000000057,328.10815138216844,0.19100000000003092,0.1,0.09100000000003092,0.0,5,3,135,49,93.40704749881075,93.07675462914239,44.03999999999964
326.4000000000057,328.20815138216847,0.10000000000002274,0.1,2.273181642920008e-14,0.0,5,3,135,49,93.1678219540801,92.97675462914239,44.13999999999963
326.50000000000574,328.4083513821685,0.20020000000005211,0.1,0.10020000000005211,0.0,5,3,133,49,112.85368924391575,92.8767546291424,44.23999999999963
326.60000000000576,328.50835138216854,0.10000000000002274,0.1,2.273181642920008e-14,0.0,6,3,133,48,89.6495592666942,92.7767546291424,36.96666666666636
326.7000000000058,328.60835138216856,0.10000000000002274,0.1,2.273181642920008e-14,0.0,6,3,132,48,89.21414927197071,92.67675462914241,37.06666666666636
326.8000000000058,328.7083513821686,0.10000000000002274,0.1,2.273181642920008e-14,0.0,6,3,131,48,88.84801307471226,92.57675462914241,37.16666666666635
326.90000000000583,328.8083513821686,0.10000000000002274,0.1,2.273181642920008e-14,0.0,6,3,131,48,88.4970907259584,92.47675462914242,37.26666666666635
327.00000000000585,328.96835138216863,0.160000000000025,0.1,0.060000000000025006,0.0,6,3,130,49,98.14367281575586,107.9338305319672,37.366666666666355
327.1000000000059,329.06835138216866,0.10000000000002274,0.1,2.273181642920008e-14,0.0,7,3,130,49,80.22908752758518,74.9,32.128571428571156
327.2000000000059,329.1683513821687,0.10000000000002274,0.1,2.273181642920008e-14,0.0,7,3,131,49,79.72870463307295,73.85396921385436,32.22857142857116
327.3000000000059,329.3197513821687,0.15140000000002374,0.1,0.05140000000002373,0.0,7,3,130,49,86.68286386051814,92.07675462914244,32.32857142857115
327.40000000000595,329.4197513821687,0.10000000000002274,0.1,2.273181642920008e-14,0.0,7,3,130,49,86.29659251713933,91.97675462914245,32.42857142857115
327.50000000000597,329.51975138216875,0.10000000000002274,0.1,2.273181642920008e-14,0.0,7,3,130,49,85.89632907821833,91.38504628884876,32.52857142857115
327.600000000006,329.6581513821688,0.13840000000004693,0.1,0.038400000000046924,0.0,7,3,129,49,90.99632907821835,91.77675462914246,32.62857142857115
327.700000000006,329.7581513821688,0.10000000000002274,0.1,2.273181642920008e-14,0.0,8,3,129,49,76.15882586526794,74.9,28.649999999999753
327.80000000000604,329.85815138216884,0.10000000000002274,0.1,2.273181642920008e-14,0.0,8,3,129,48,75.70697180798047,74.16145221628157,28.74999999999975
327.90000000000606,330.12035138216885,0.2622000000000071,0.1,0.1622000000000071,0.0,8,3,126,48,95.47262727810832,106.46045733184421,28.849999999999753
328.0000000000061,330.2499513821689,0.12960000000003902,0.1,0.029600000000039012,0.0,10,3,127,48,73.95407571192455,74.9,23.1799999999998
328.1000000000061,330.3499513821689,0.10000000000002274,0.1,2.273181642920008e-14,0.0,10,3,127,49,73.37022365022358,74.29701457222039,23.2799999999998
328.2000000000061,330.44995138216893,0.10000000000002274,0.1,2.273181642920008e-14,0.0,10,3,127,50,72.7554126815273,73.6970145722204,23.3799999999998
328.30000000000615,330.60995138216896,0.160000000000025,0.1,0.060000000000025006,0.0,10,3,125,50,78.14048645708496,73.0970145722204,23.479999999999798
328.4000000000062,330.75375138216896,0.14379999999999882,0.1,0.04379999999999881,0.0,10,3,124,50,81.94857854303028,72.49701457222041,23.579999999999796
328.5000000000062,330.853751382169,0.10000000000002274,0.1,2.273181642920008e-14,0.0,10,3,125,50,81.32821714366821,71.8691544580631,23.679999999999794
328.6000000000062,331.013751382169,0.160000000000025,0.1,0.060000000000025006,0.0,10,3,123,50,86.69942556853769,71.22903125271918,23.779999999999795
328.70000000000624,331.140751382169,0.12700000000000955,0.1,0.027000000000009544,0.0,10,3,122,50,88.83478254981797,85.18350416957088,23.879999999999793
328.80000000000626,331.24075138216904,0.10000000000002274,0.1,2.273181642920008e-14,0.0,10,3,122,50,88.28857109986058,84.77169975322583,23.97999999999979
328.9000000000063,331.34075138216906,0.10000000000002274,0.1,2.273181642920008e-14,0.0,10,3,123,50,87.72118021740633,84.1356003584114,24.079999999999792
329.0000000000063,331.4971513821691,0.1564000000000192,0.1,0.056400000000019185,0.0,10,3,122,50,92.81112375837003,85.32221527111918,24.17999999999979
329.10000000000633,331.5971513821691,0.10000000000002274,0.1,2.273181642920008e-14,0.0,11,3,122,51,81.5097908341582,68.06830162467443,22.08181818181799
329.20000000000636,331.7175513821691,0.12040000000001783,0.1,0.02040000000001782,0.0,11,3,121,51,82.73365158122762,73.97759046884286,22.181818181817988
329.3000000000064,331.86095138216916,0.14340000000004238,0.1,0.04340000000004238,0.0,11,3,120,51,86.16695345964578,81.42586778844688,22.281818181817986
329.4000000000064,331.9609513821692,0.10000000000002274,0.1,2.273181642920008e-14,0.0,11,3,120,51,85.52264721046646,80.76220581121012,22.381818181817987
329.5000000000064,332.0609513821692,0.10000000000002274,0.1,2.273181642920008e-14,0.0,11,3,120,52,84.97260500773324,79.95368112518582,22.481818181817985
329.60000000000645,332.16095138216923,0.10000000000002274,0.1,2.273181642920008e-14,0.0,11,3,120,51,84.45390520574743,79.2490814962875,22.581818181817987
329.70000000000647,332.26095138216925,0.10000000000002274,0.1,2.273181642920008e-14,0.0,11,3,120,52,84.0638422585953,78.88369084867362,22.681818181817984
329.8000000000065,332.3609513821693,0.10000000000002274,0.1,2.273181642920008e-14,0.0,11,3,121,53,83.81316791721527,78.78369084867363,22.781818181817982
329.9000000000065,332.4609513821693,0.10000000000002274,0.1,2.273181642920008e-14,0.0,11,3,121,53,83.57409466823788,78.68369084867363,22.88181818181798
330.00000000000654,332.5609513821693,0.10000000000002274,0.1,2.273181642920008e-14,0.0,11,3,121,53,83.33219825503602,78.58369084867364,22.98181818181798
330.10000000000656,332.66095138216934,0.10000000000002274,0.1,2.273181642920008e-14,0.0,11,3,121,53,83.07886183411303,78.48369084867365,23.08181818181798
330.2000000000066,332.76095138216937,0.10000000000002274,0.1,2.273181642920008e-14,0.0,11,3,121,53,82.81543469912137,77.77554203233787,23.18181818181798
330.3000000000066,332.8609513821694,0.10000000000002274,0.1,2.273181642920008e-14,0.0,11,3,121,53,82.56808176769414,77.11188005510111,23.28181818181798
330.4000000000066,332.9609513821694,0.10000000000002274,0.1,2.273181642920008e-14,0.0,11,3,121,53,82.32689217884344,76.4837339957655,23.38181818181798
330.50000000000665,333.06095138216943,0.10000000000002274,0.1,2.273181642920008e-14,0.0,11,3,121,53,82.08165759863692,75.84600898284474,23.481818181817975
330.6000000000067,333.22095138216946,0.160000000000025,0.1,0.060000000000025006,0.0,11,3,119,53,87.28758948580341,77.98369084867367,23.58181818181798
330.7000000000067,333.3209513821695,0.10000000000002274,0.1,2.273181642920008e-14,0.0,11,3,119,53,87.04609068866885,77.88369084867368,23.681818181817974
330.8000000000067,333.4209513821695,0.10000000000002274,0.1,2.273181642920008e-14,0.0,11,3,119,53,86.80914439783282,77.78369084867369,23.78181818181797
330.90000000000674,333.5209513821695,0.10000000000002274,0.1,2.273181642920008e-14,0.0,11,3,121,53,86.57004274984749,77.68369084867369,23.881818181817973
331.00000000000676,333.62095138216955,0.10000000000002274,0.1,2.273181642920008e-14,0.0,11,3,121,54,86.34629816574268,77.5836908486737,23.98181818181797
331.1000000000068,333.7209513821696,0.10000000000002274,0.1,2.273181642920008e-14,0.0,11,3,120,54,86.15193488044885,77.4836908486737,24.081818181817972
331.2000000000068,333.8209513821696,0.10000000000002274,0.1,2.273181642920008e-14,0.0,11,3,120,54,85.46805233830618,77.38369084867371,24.18181818181797
331.30000000000683,333.9209513821696,0.10000000000002274,0.1,2.273181642920008e-14,0.0,11,3,120,54,84.70657844502851,77.28369084867371,24.281818181817968
331.40000000000686,334.08095138216964,0.160000000000025,0.1,0.060000000000025006,0.0,11,3,119,55,89.8364822010729,77.18369084867372,24.38181818181797
331.5000000000069,334.21615138216964,0.13519999999999754,0.1,0.03519999999999754,0.0,11,3,118,55,91.81086042189953,77.08369084867373,24.481818181817967
331.6000000000069,334.31615138216966,0.10000000000002274,0.1,2.273181642920008e-14,0.0,11,3,117,55,91.03046890661746,76.98369084867373,24.58181818181797
331.7000000000069,334.4161513821697,0.10000000000002274,0.1,2.273181642920008e-14,0.0,11,3,117,55,90.20002038739706,76.88369084867374,24.681818181817963
331.80000000000695,334.5161513821697,0.10000000000002274,0.1,2.273181642920008e-14,0.0,11,3,117,55,88.95610520904216,76.78369084867374,24.78181818181796
331.90000000000697,334.61615138216973,0.10000000000002274,0.1,2.273181642920008e-14,0.0,11,3,117,55,87.75897137908989,76.68369084867375,24.881818181817962
332.000000000007,334.71615138216976,0.10000000000002274,0.1,2.273181642920008e-14,0.0,11,3,116,55,87.00772047422087,76.58369084867375,24.98181818181796
332.100000000007,334.8161513821698,0.10000000000002274,0.1,2.273181642920008e-14,0.0,11,3,116,55,86.25395544701858,76.48369084867376,25.08181818181796
332.20000000000704,334.9161513821698,0.10000000000002274,0.1,2.273181642920008e-14,0.0,11,3,115,55,85.9914890348931,76.38369084867377,25.18181818181796
332.30000000000706,335.0161513821698,0.10000000000002274,0.1,2.273181642920008e-14,0.0,11,3,115,55,85.75494669519928,76.28369084867377,25.281818181817957
332.4000000000071,335.11615138216985,0.10000000000002274,0.1,2.273181642920008e-14,0.0,11,3,115,55,85.54812633627716,76.18369084867378,25.38181818181796
332.5000000000071,335.21615138216987,0.10000000000002274,0.1,2.273181642920008e-14,0.0,11,3,116,55,84.89459565735106,76.08369084867378,25.481818181817957
332.6000000000071,335.3161513821699,0.10000000000002274,0.1,2.273181642920008e-14,0.0,11,3,116,55,84.15139831540729,75.98369084867379,25.58181818181795
332.70000000000715,335.4161513821699,0.10000000000002274,0.1,2.273181642920008e-14,0.0,11,3,116,54,83.37250557172742,75.8836908486738,25.681818181817956
332.8000000000072,335.51615138216994,0.10000000000002274,0.1,2.273181642920008e-14,0.0,11,3,115,54,82.18422984447443,75.7836908486738,25.78181818181795
332.9000000000072,335.67615138216996,0.160000000000025,0.1,0.060000000000025006,0.0,11,3,114,53,87.34429765508456,75.6836908486738,25.881818181817952
333.0000000000072,335.83615138217,0.160000000000025,0.1,0.060000000000025006,0.0,12,3,112,52,82.72303933010708,81.05936475465671,23.82499999999979
333.10000000000724,335.93615138217,0.10000000000002274,0.1,2.273181642920008e-14,0.0,12,3,113,52,82.45317361245996,80.95936475465672,23.924999999999788
333.20000000000726,335.71485590119704,-0.22129548097296947,0.1,6.439293542825908e-15,0.3212954809729759,11,3,113,52,86.66257725712467,80.85936475465672,25.118181818181586
333.3000000000073,335.81485590119706,0.10000000000002274,0.1,2.273181642920008e-14,0.0,11,3,113,52,86.38928359927237,80.75936475465673,25.218181818181584
333.4000000000073,335.9148559011971,0.10000000000002274,0.1,2.273181642920008e-14,0.0,11,3,113,52,86.15055705826373,80.65936475465674,25.318181818181586
333.50000000000733,336.0148559011971,0.10000000000002274,0.1,2.273181642920008e-14,0.0,11,3,112,52,85.92426934022801,80.55936475465674,25.418181818181584
333.60000000000736,336.17485590119713,0.160000000000025,0.1,0.060000000000025006,0.0,11,3,110,52,91.20474069153123,80.45936475465675,25.518181818181585
333.7000000000074,336.27485590119716,0.10000000000002274,0.1,2.273181642920008e-14,0.0,12,3,110,52,81.3784198142847,80.35936475465675,23.491666666666447
333.8000000000074,336.3748559011972,0.10000000000002274,0.1,2.273181642920008e-14,0.0,12,3,110,52,81.14939180420691,80.25936475465676,23.591666666666445
333.9000000000074,336.4748559011972,0.10000000000002274,0.1,2.273181642920008e-14,0.0,12,3,110,51,80.9070224436232,80.15936475465676,23.691666666666446
334.00000000000745,336.5748559011972,0.10000000000002274,0.1,2.273181642920008e-14,0.0,12,3,111,51,80.66680069551667,80.05936475465677,23.791666666666444
334.10000000000747,336.67485590119725,0.10000000000002274,0.1,2.273181642920008e-14,0.0,12,3,111,52,80.42631502448252,79.95936475465678,23.891666666666442
334.2000000000075,336.77485590119727,0.10000000000002274,0.1,2.273181642920008e-14,0.0,12,3,111,52,80.1856114545554,79.85936475465678,23.991666666666443
334.3000000000075,336.8748559011973,0.10000000000002274,0.1,2.273181642920008e-14,0.0,12,3,111,52,79.92318909195549,79.75936475465679,24.09166666666644
334.40000000000754,337.0348559011973,0.160000000000025,0.1,0.060000000000025006,0.0,12,3,109,52,84.66093508722894,79.65936475465679,24.19166666666644
334.50000000000756,337.13485590119734,0.10000000000002274,0.1,2.273181642920008e-14,0.0,12,3,109,52,84.00280412767944,79.5593647546568,24.29166666666644
334.6000000000076,337.23485590119736,0.10000000000002274,0.1,2.273181642920008e-14,0.0,12,3,108,52,83.3442838264376,79.08862498482087,24.39166666666644
334.7000000000076,337.3348559011974,0.10000000000002274,0.1,2.273181642920008e-14,0.0,12,3,108,52,82.68539525330861,78.46473645700667,24.491666666666436
334.8000000000076,337.4348559011974,0.10000000000002274,0.1,2.273181642920008e-14,0.0,12,3,107,52,82.02621409219576,77.83878993978848,24.591666666666438
334.90000000000765,337.53485590119743,0.10000000000002274,0.1,2.273181642920008e-14,0.0,12,3,107,52,81.78378876727359,77.22163091942625,24.691666666666436
335.0000000000077,337.63485590119745,0.10000000000002274,0.1,2.273181642920008e-14,0.0,12,3,109,52,81.54087256901295,76.60834260204797,24.791666666666433
335.1000000000077,337.7348559011975,0.10000000000002274,0.1,2.273181642920008e-14,0.0,12,3,109,52,81.29898631029822,75.9996803395689,24.891666666666435
335.2000000000077,337.8348559011975,0.10000000000002274,0.1,2.273181642920008e-14,0.0,12,3,108,51,81.0564501504968,75.3945811517163,24.991666666666433
335.30000000000774,337.9348559011975,0.10000000000002274,0.1,2.273181642920008e-14,0.0,12,3,108,51,80.81099181521164,74.791591330074,25.09166666666643
335.40000000000776,338.03485590119755,0.10000000000002274,0.1,2.273181642920008e-14,0.0,12,3,108,51,80.37080902928163,74.18983802490469,25.191666666666432
335.5000000000078,338.13485590119757,0.10000000000002274,0.1,2.273181642920008e-14,0.0,12,3,107,51,80.00135461482144,73.58880829561615,25.29166666666643
335.6000000000078,338.2348559011976,0.10000000000002274,0.1,2.273181642920008e-14,0.0,12,3,107,51,79.63540999749186,72.98880829561615,25.391666666666428
335.70000000000783,338.3348559011976,0.10000000000002274,0.1,2.273181642920008e-14,0.0,12,3,106,51,79.28804067840552,72.38880829561616,25.49166666666643
335.80000000000786,338.43485590119764,0.10000000000002274,0.1,2.273181642920008e-14,0.0,12,3,108,51,79.04750760454554,71.78880829561616,25.591666666666427
335.9000000000079,338.53485590119766,0.10000000000002274,0.1,2.273181642920008e-14,0.0,12,3,108,51,78.80095371247263,71.18880829561617,25.691666666666425
336.0000000000079,338.6348559011977,0.10000000000002274,0.1,2.273181642920008e-14,0.0,12,3,108,51,78.56122624855699,70.58880829561618,25.791666666666426
336.1000000000079,338.7348559011977,0.10000000000002274,0.1,2.273181642920008e-14,0.0,12,3,110,50,78.32127253037278,70.37464213191188,25.891666666666424
336.20000000000795,338.8348559011977,0.10000000000002274,0.1,2.273181642920008e-14,0.0,12,3,111,50,78.08048960423714,70.27464213191189,25.991666666666422
336.30000000000797,338.93485590119775,0.10000000000002274,0.1,2.273181642920008e-14,0.0,12,3,111,50,77.84079910080594,70.1746421319119,26.091666666666423
336.400000000008,339.0348559011978,0.10000000000002274,0.1,2.273181642920008e-14,0.0,12,3,112,50,77.60023897737621,70.0746421319119,26.19166666666642
336.500000000008,339.1348559011978,0.10000000000002274,0.1,2.273181642920008e-14,0.0,12,3,112,50,77.3603500128778,69.9746421319119,26.29166666666642
336.60000000000804,339.2348559011978,0.10000000000002274,0.1,2.273181642920008e-14,0.0,12,3,114,50,77.12090304900995,69.87464213191191,26.39166666666642
336.70000000000806,339.33485590119784,0.10000000000002274,0.1,2.273181642920008e-14,0.0,12,3,114,50,76.88127246578567,69.77464213191192,26.49166666666642
336.8000000000081,339.43485590119786,0.10000000000002274,0.1,2.273181642920008e-14,0.0,12,3,114,50,76.64194950790211,69.67464213191192,26.591666666666416
336.9000000000081,339.5348559011979,0.10000000000002274,0.1,2.273181642920008e-14,0.0,12,3,114,50,76.40170247208025,69.57464213191193,26.691666666666418
337.00000000000813,339.6348559011979,0.10000000000002274,0.1,2.273181642920008e-14,0.0,12,3,114,50,76.1616716202805,69.47464213191193,26.791666666666416
337.10000000000815,339.79485590119793,0.160000000000025,0.1,0.060000000000025006,0.0,12,3,113,50,80.9214510580156,76.95936475465695,26.891666666666413
337.2000000000082,339.89485590119796,0.10000000000002274,0.1,2.273181642920008e-14,0.0,12,3,113,50,80.71789970043561,76.85936475465695,26.991666666666415
337.3000000000082,339.994855901198,0.10000000000002274,0.1,2.273181642920008e-14,0.0,12,3,113,50,80.47525514709002,76.75936475465696,27.091666666666413
337.4000000000082,340.150255901198,0.15540000000004284,0.1,0.05540000000004283,0.0,12,3,112,49,84.85112423025657,76.65936475465696,27.19166666666641
337.50000000000824,340.25025590119805,0.10000000000002274,0.1,2.273181642920008e-14,0.0,12,3,112,49,84.6430475083196,76.55936475465697,27.291666666666412
337.60000000000827,340.35025590119807,0.10000000000002274,0.1,2.273181642920008e-14,0.0,12,3,112,49,84.38261301422874,76.45936475465697,27.39166666666641
337.7000000000083,340.5102559011981,0.160000000000025,0.1,0.060000000000025006,0.0,12,3,111,49,89.14283625165969,76.35936475465698,27.491666666666408
337.8000000000083,340.6102559011981,0.10000000000002274,0.1,2.273181642920008e-14,0.0,12,3,111,49,88.60212571882988,76.25936475465699,27.59166666666641
337.90000000000833,340.71025590119814,0.10000000000002274,0.1,2.273181642920008e-14,0.0,12,3,110,50,88.08438614708406,76.15936475465699,27.691666666666407
338.00000000000836,340.81025590119816,0.10000000000002274,0.1,2.273181642920008e-14,0.0,13,3,110,50,79.13043331651744,74.9,25.661538461538218
338.1000000000084,340.9102559011982,0.10000000000002274,0.1,2.273181642920008e-14,0.0,13,3,110,50,78.78764569747474,73.6606627742542,25.76153846153822
338.2000000000084,339.896367818242,-1.0138880829561572,0.1,0.06000000000000849,1.1738880829561658,12,3,109,50,80.23523977570392,75.85936475465701,26.733333333333075
338.3000000000084,339.99636781824205,0.10000000000002274,0.1,2.273181642920008e-14,0.0,12,3,109,50,79.97982017395248,75.75936475465701,26.833333333333073
338.40000000000845,340.0963678182421,0.10000000000002274,0.1,2.273181642920008e-14,0.0,12,3,109,50,79.723888705457,75.65936475465702,26.93333333333307
338.50000000000847,340.1963678182421,0.10000000000002274,0.1,2.273181642920008e-14,0.0,12,3,109,50,79.46560340910032,75.55936475465703,27.033333333333072
338.6000000000085,340.2963678182421,0.10000000000002274,0.1,2.273181642920008e-14,0.0,12,3,109,50,79.20410472234319,75.45936475465703,27.13333333333307
338.7000000000085,340.39636781824214,0.10000000000002274,0.1,2.273181642920008e-14,0.0,12,3,109,50,78.94539270154256,75.35936475465704,27.233333333333068
338.80000000000854,340.49636781824216,0.10000000000002274,0.1,2.273181642920008e-14,0.0,12,3,109,50,78.68396634742071,75.25936475465704,27.33333333333307
338.90000000000856,340.5963678182422,0.10000000000002274,0.1,2.273181642920008e-14,0.0,12,3,109,50,78.42180204423109,75.15936475465705,27.433333333333064
339.0000000000086,340.6963678182422,0.10000000000002274,0.1,2.273181642920008e-14,0.0,12,3,110,50,78.16316868796498,75.05936475465705,27.53333333333306
339.1000000000086,340.79636781824223,0.10000000000002274,0.1,2.273181642920008e-14,0.0,12,3,110,50,77.90504051551797,74.95936475465706,27.63333333333306
339.20000000000863,340.89636781824225,0.10000000000002274,0.1,2.273181642920008e-14,0.0,12,3,110,50,77.64785475228786,74.85936475465707,27.73333333333306
339.30000000000865,340.9963678182423,0.10000000000002274,0.1,2.273181642920008e-14,0.0,12,3,110,50,77.39179290297359,74.75936475465707,27.83333333333306
339.4000000000087,341.0963678182423,0.10000000000002274,0.1,2.273181642920008e-14,0.0,12,3,110,50,77.12601283981982,74.65936475465708,27.933333333333056
339.5000000000087,341.1963678182423,0.10000000000002274,0.1,2.273181642920008e-14,0.0,12,3,109,50,76.86525480383575,74.55936475465708,28.033333333333058
339.6000000000087,341.29636781824235,0.10000000000002274,0.1,2.273181642920008e-14,0.0,12,3,109,50,76.61063885660602,74.45936475465709,28.133333333333056
339.70000000000874,341.39636781824237,0.10000000000002274,0.1,2.273181642920008e-14,0.0,12,3,109,50,76.3525184904247,74.3593647546571,28.233333333333054
339.80000000000877,341.4963678182424,0.10000000000002274,0.1,2.273181642920008e-14,0.0,12,3,108,50,76.09905520590054,74.2593647546571,28.333333333333055
339.9000000000088,341.5963678182424,0.10000000000002274,0.1,2.273181642920008e-14,0.0,12,3,108,50,75.84575728195432,74.1593647546571,28.433333333333053
340.0000000000088,341.69636781824244,0.10000000000002274,0.1,2.273181642920008e-14,0.0,12,3,108,49,75.59208892105897,74.05936475465711,28.53333333333305
340.10000000000883,341.79636781824246,0.10000000000002274,0.1,2.273181642920008e-14,0.0,12,3,108,50,75.33884103973911,73.95936475465712,28.633333333333052
340.20000000000886,341.8963678182425,0.10000000000002274,0.1,2.273181642920008e-14,0.0,12,3,108,50,75.0850984958121,73.85936475465712,28.73333333333305
340.3000000000089,341.9963678182425,0.10000000000002274,0.1,2.273181642920008e-14,0.0,12,3,109,50,74.83127262160774,73.75936475465713,28.833333333333048
340.4000000000089,342.0963678182425,0.10000000000002274,0.1,2.273181642920008e-14,0.0,12,3,109,50,74.57801883136501,73.65936475465713,28.93333333333305
340.5000000000089,342.19636781824255,0.10000000000002274,0.1,2.273181642920008e-14,0.0,12,3,108,50,74.32422407594662,73.55936475465714,29.033333333333047
340.60000000000895,342.2963678182426,0.10000000000002274,0.1,2.273181642920008e-14,0.0,12,3,108,50,74.07033667427199,73.45936475465714,29.133333333333045
340.70000000000897,342.3963678182426,0.10000000000002274,0.1,2.273181642920008e-14,0.0,12,3,108,51,73.81707582325593,73.35936475465715,29.233333333333047
340.800000000009,342.4963678182426,0.10000000000002274,0.1,2.273181642920008e-14,0.0,12,3,108,51,73.56381224122794,73.25936475465716,29.333333333333044
340.900000000009,342.59636781824264,0.10000000000002274,0.1,2.273181642920008e-14,0.0,12,3,107,51,73.31054573159304,73.15936475465716,29.433333333333042
341.00000000000904,342.69636781824266,0.10000000000002274,0.1,2.273181642920008e-14,0.0,12,3,108,51,73.05727607574005,73.05936475465717,29.533333333333044
341.10000000000906,342.7963678182427,0.10000000000002274,0.1,2.273181642920008e-14,0.0,12,3,110,50,72.80387527700088,72.95936475465717,29.63333333333304
341.2000000000091,342.8963678182427,0.10000000000002274,0.1,2.273181642920008e-14,0.0,12,3,109,49,72.55059875836264,72.85936475465718,29.73333333333304
341.3000000000091,342.99636781824273,0.10000000000002274,0.1,2.273181642920008e-14,0.0,12,3,108,49,72.2057719794827,72.75936475465718,29.83333333333304
341.40000000000913,343.09636781824275,0.10000000000002274,0.1,2.273181642920008e-14,0.0,12,3,107,49,71.85845193019493,72.65936475465719,29.93333333333304
341.50000000000915,342.7281190600928,-0.36824875814994584,0.1,3.8469227803261674e-14,0.4682487581499843,11,3,106,49,73.75680439133677,72.5593647546572,32.43636363636331
341.6000000000092,342.82811906009283,0.10000000000002274,0.1,2.273181642920008e-14,0.0,11,3,105,49,73.45011701117535,72.4593647546572,32.53636363636331
341.7000000000092,342.92811906009285,0.10000000000002274,0.1,2.273181642920008e-14,0.0,11,3,104,49,73.1422074405699,72.35936475465721,32.63636363636331
341.8000000000092,343.0281190600929,0.10000000000002274,0.1,2.273181642920008e-14,0.0,11,3,105,49,72.83364339938122,72.25936475465721,32.73636363636331
341.90000000000924,343.1281190600929,0.10000000000002274,0.1,2.273181642920008e-14,0.0,11,3,104,49,72.53507725938984,72.15936475465722,32.83636363636331
342.00000000000927,343.2281190600929,0.10000000000002274,0.1,2.273181642920008e-14,0.0,11,3,105,49,72.25378763275499,72.05936475465722,32.9363636363633
342.1000000000093,343.32811906009294,0.10000000000002274,0.1,2.273181642920008e-14,0.0,11,3,105,49,71.98280931842315,71.95936475465723,33.036363636363305
342.2000000000093,343.42811906009297,0.10000000000002274,0.1,2.273181642920008e-14,0.0,11,3,104,49,71.71663510512359,71.85936475465724,33.136363636363306
342.30000000000933,343.528119060093,0.10000000000002274,0.1,2.273181642920008e-14,0.0,11,3,104,49,71.45348290782889,71.75936475465724,33.2363636363633
342.40000000000936,343.628119060093,0.10000000000002274,0.1,2.273181642920008e-14,0.0,11,3,104,49,71.19067781105348,71.65936475465725,33.3363636363633
342.5000000000094,343.72811906009304,0.10000000000002274,0.1,2.273181642920008e-14,0.0,11,3,105,49,70.92742562944329,71.55936475465725,33.4363636363633
342.6000000000094,343.82811906009306,0.10000000000002274,0.1,2.273181642920008e-14,0.0,11,3,104,49,70.66420107816681,71.45936475465726,33.5363636363633
342.7000000000094,343.9281190600931,0.10000000000002274,0.1,2.273181642920008e-14,0.0,11,3,103,49,70.401321057252,71.35936475465726,33.6363636363633
342.80000000000945,344.0281190600931,0.10000000000002274,0.1,2.273181642920008e-14,0.0,11,3,103,49,70.13807458700624,71.09917323898588,33.7363636363633
342.90000000000947,344.1281190600931,0.10000000000002274,0.1,2.273181642920008e-14,0.0,11,3,103,50,69.87448801384684,70.31272093423253,33.8363636363633
343.0000000000095,344.22811906009315,0.10000000000002274,0.1,2.273181642920008e-14,0.0,11,3,103,50,69.61117168373991,69.53024130305614,33.936363636363296
343.1000000000095,344.3281190600932,0.10000000000002274,0.1,2.273181642920008e-14,0.0,11,3,103,50,69.34740658174955,68.74382518116222,34.03636363636329
343.20000000000954,344.4281190600932,0.10000000000002274,0.1,2.273181642920008e-14,0.0,11,3,103,50,69.08313871973996,67.95287869905673,34.13636363636329
343.30000000000956,344.5281190600932,0.10000000000002274,0.1,2.273181642920008e-14,0.0,11,3,103,50,68.81661283808276,67.13809400082751,34.23636363636329
343.4000000000096,344.62811906009324,0.10000000000002274,0.1,2.273181642920008e-14,0.0,11,3,103,51,68.5541497837773,66.36900040346741,34.336363636363295
343.5000000000096,344.72811906009326,0.10000000000002274,0.1,2.273181642920008e-14,0.0,11,3,103,51,68.29159582038095,65.59990680610731,34.43636363636329
343.60000000000963,344.8281190600933,0.10000000000002274,0.1,2.273181642920008e-14,0.0,11,3,103,51,68.02895094789366,64.83081320874722,34.53636363636329
343.70000000000965,344.9281190600933,0.10000000000002274,0.1,2.273181642920008e-14,0.0,11,3,103,51,67.76621516631548,64.06171961138712,34.63636363636329
343.8000000000097,345.02811906009333,0.10000000000002274,0.1,2.273181642920008e-14,0.0,11,3,103,51,67.50338847564637,63.29262601402701,34.736363636363286
343.9000000000097,345.12811906009335,0.10000000000002274,0.1,2.273181642920008e-14,0.0,11,3,104,51,67.24047087588637,62.57464213191222,34.83636363636329
344.0000000000097,345.2281190600934,0.10000000000002274,0.1,2.273181642920008e-14,0.0,11,3,103,51,66.97746236703546,62.47464213191222,34.93636363636329
344.10000000000974,345.3281190600934,0.10000000000002274,0.1,2.273181642920008e-14,0.0,11,3,103,51,66.71436294909364,62.37464213191222,35.03636363636329
344.20000000000977,345.4281190600934,0.10000000000002274,0.1,2.273181642920008e-14,0.0,11,3,104,51,66.4511726220609,62.274642131912216,35.136363636363285
344.3000000000098,345.52811906009345,0.10000000000002274,0.1,2.273181642920008e-14,0.0,11,3,104,51,66.18789138593726,62.174642131912215,35.236363636363286
344.4000000000098,345.62811906009347,0.10000000000002274,0.1,2.273181642920008e-14,0.0,11,3,104,51,65.9245192407227,62.07464213191221,35.33636363636329
344.50000000000983,345.7281190600935,0.10000000000002274,0.1,2.273181642920008e-14,0.0,11,3,103,51,65.66105618641724,61.97464213191221,35.43636363636329
344.60000000000986,345.8281190600935,0.10000000000002274,0.1,2.273181642920008e-14,0.0,11,3,103,51,65.39750222302088,61.87464213191221,35.53636363636329
344.7000000000099,345.92811906009354,0.10000000000002274,0.1,2.273181642920008e-14,0.0,11,3,103,50,65.1338573505336,61.77464213191221,35.636363636363285
344.8000000000099,346.02811906009356,0.10000000000002274,0.1,2.273181642920008e-14,0.0,11,3,103,50,64.87012156895541,61.67464213191221,35.736363636363286
344.9000000000099,346.1281190600936,0.10000000000002274,0.1,2.273181642920008e-14,0.0,11,3,102,50,64.6062948782863,61.574642131912206,35.83636363636328
345.00000000000995,346.2281190600936,0.10000000000002274,0.1,2.273181642920008e-14,0.0,11,3,101,50,64.34237727852631,61.474642131912205,35.93636363636329
345.10000000000997,346.3281190600936,0.10000000000002274,0.1,2.273181642920008e-14,0.0,11,3,101,50,64.09608037514792,61.3746421319122,36.03636363636328
345.20000000001,346.42811906009365,0.10000000000002274,0.1,2.273181642920008e-14,0.0,11,3,101,50,63.87125010527689,61.2746421319122,36.136363636363285
345.30000000001,346.5281190600937,0.10000000000002274,0.1,2.273181642920008e-14,0.0,11,3,103,51,63.65710769761412,61.1746421319122,36.23636363636328
345.40000000001004,346.6281190600937,0.10000000000002274,0.1,2.273181642920008e-14,0.0,11,3,103,51,63.44826376651001,61.0746421319122,36.33636363636328
345.50000000001006,346.7281190600937,0.10000000000002274,0.1,2.273181642920008e-14,0.0,10,3,103,51,69.58089578081571,68.55936475465742,29.169999999999806
345.6000000000101,346.82811906009374,0.10000000000002274,0.1,2.273181642920008e-14,0.0,10,3,104,51,69.36689578081572,68.45936475465743,29.269999999999804
345.7000000000101,346.92811906009376,0.10000000000002274,0.1,2.273181642920008e-14,0.0,10,3,105,51,69.15279578081572,68.35936475465743,29.369999999999806
345.80000000001013,347.0281190600938,0.10000000000002274,0.1,2.273181642920008e-14,0.0,10,3,106,51,68.93859578081573,68.25936475465744,29.469999999999807
345.90000000001015,347.1281190600938,0.10000000000002274,0.1,2.273181642920008e-14,0.0,10,3,105,51,68.72429578081572,68.15936475465745,29.569999999999805
346.0000000000102,347.22811906009383,0.10000000000002274,0.1,2.273181642920008e-14,0.0,9,3,104,51,76.14001421911881,68.05936475465745,30.911111111110895
346.1000000000102,347.32811906009385,0.10000000000002274,0.1,2.273181642920008e-14,0.0,9,3,105,51,75.9127919968966,67.95936475465746,31.0111111111109
346.2000000000102,347.4281190600939,0.10000000000002274,0.1,2.273181642920008e-14,0.0,9,3,105,51,75.68545866356327,67.85936475465746,31.111111111110898
346.30000000001024,347.5281190600939,0.10000000000002274,0.1,2.273181642920008e-14,0.0,9,3,105,51,75.45801421911884,67.75936475465747,31.211111111110895
346.40000000001027,347.6281190600939,0.10000000000002274,0.1,2.273181642920008e-14,0.0,9,3,105,51,75.23045866356328,67.65936475465747,31.311111111110897
346.5000000000103,347.72811906009395,0.10000000000002274,0.1,2.273181642920008e-14,0.0,9,3,105,51,75.00279199689662,67.55936475465748,31.411111111110895
346.6000000000103,347.82811906009397,0.10000000000002274,0.1,2.273181642920008e-14,0.0,9,3,105,51,74.77501421911884,67.45936475465749,31.5111111111109
346.70000000001033,347.928119060094,0.10000000000002274,0.1,2.273181642920008e-14,0.0,9,3,107,51,74.54712533022996,67.35936475465749,31.611111111110898
346.80000000001036,348.028119060094,0.10000000000002274,0.1,2.273181642920008e-14,0.0,9,3,107,51,74.31912533022997,67.2593647546575,31.7111111111109
346.9000000000104,348.12811906009404,0.10000000000002274,0.1,2.273181642920008e-14,0.0,9,3,107,52,74.09101421911886,67.1593647546575,31.811111111110897
347.0000000000104,348.22811906009406,0.10000000000002274,0.1,2.273181642920008e-14,0.0,9,3,106,52,73.86279199689665,67.05936475465751,31.911111111110895
347.1000000000104,348.3281190600941,0.10000000000002274,0.1,2.273181642920008e-14,0.0,9,3,107,52,73.63445866356331,66.95936475465751,32.0111111111109
347.20000000001045,348.4281190600941,0.10000000000002274,0.1,2.273181642920008e-14,0.0,9,3,106,51,73.2426459092254,66.85936475465752,32.111111111110894
347.30000000001047,348.5281190600941,0.10000000000002274,0.1,2.273181642920008e-14,0.0,9,3,106,51,72.88419106507429,65.75597325919945,32.2111111111109
347.4000000000105,348.62811906009415,0.10000000000002274,0.1,2.273181642920008e-14,0.0,9,3,106,51,72.52562510981207,64.49797325919948,32.3111111111109
347.5000000000105,348.7881190600942,0.160000000000025,0.1,0.060000000000025006,0.0,9,3,104,51,78.83361471010544,66.55936475465754,32.4111111111109
347.60000000001054,348.8881190600942,0.10000000000002274,0.1,2.273181642920008e-14,0.0,9,3,104,51,78.50518550112591,66.45936475465754,32.5111111111109
347.70000000001056,348.9881190600942,0.10000000000002274,0.1,2.273181642920008e-14,0.0,9,3,105,51,78.09411601562122,66.35936475465755,32.6111111111109
347.8000000000106,349.08811906009424,0.10000000000002274,0.1,2.273181642920008e-14,0.0,9,3,104,51,77.73510561591456,66.25936475465755,32.7111111111109
347.9000000000106,349.18811906009427,0.10000000000002274,0.1,2.273181642920008e-14,0.0,9,3,104,51,77.37598410509678,66.15936475465756,32.8111111111109
348.00000000001063,349.3307190600943,0.14260000000001583,0.1,0.04260000000001582,0.0,9,3,103,52,81.75008481650121,66.05936475465757,32.9111111111109
348.10000000001065,349.4307190600943,0.10000000000002274,0.1,2.273181642920008e-14,0.0,9,3,105,53,81.403501086242,65.95936475465757,33.0111111111109
348.2000000000107,349.5307190600943,0.10000000000002274,0.1,2.273181642920008e-14,0.0,9,3,105,53,81.04177681921034,65.85936475465758,33.1111111111109
348.3000000000107,349.63071906009435,0.10000000000002274,0.1,2.273181642920008e-14,0.0,9,3,105,53,80.67822985212426,65.75936475465758,33.2111111111109
348.4000000000107,349.7307190600944,0.10000000000002274,0.1,2.273181642920008e-14,0.0,9,3,106,53,80.31609132178824,65.65936475465759,33.311111111110904
348.50000000001074,349.8307190600944,0.10000000000002274,0.1,2.273181642920008e-14,0.0,9,3,106,51,79.95476823411147,65.5593647546576,33.4111111111109
348.60000000001077,349.9307190600944,0.10000000000002274,0.1,2.273181642920008e-14,0.0,9,3,106,51,79.59159141469578,65.4593647546576,33.5111111111109
348.7000000000108,350.03071906009444,0.10000000000002274,0.1,2.273181642920008e-14,0.0,9,3,106,51,78.93101005845227,64.6447062233301,33.6111111111109
348.8000000000108,350.13071906009446,0.10000000000002274,0.1,2.273181642920008e-14,0.0,9,3,106,51,78.34538546546588,64.04470622333011,33.7111111111109
348.90000000001083,350.2307190600945,0.10000000000002274,0.1,2.273181642920008e-14,0.0,9,3,106,51,77.98263589575849,63.94470622333011,33.811111111110904
349.00000000001086,350.3307190600945,0.10000000000002274,0.1,2.273181642920008e-14,0.0,9,3,105,51,77.6123211623297,63.84470622333011,33.9111111111109
349.1000000000109,350.43071906009453,0.10000000000002274,0.1,2.273181642920008e-14,0.0,9,3,105,51,77.24346413907978,63.744706223330105,34.01111111111091
349.2000000000109,350.53071906009455,0.10000000000002274,0.1,2.273181642920008e-14,0.0,9,3,106,51,76.8737512641986,63.09588155361233,34.1111111111109
349.3000000000109,350.6307190600946,0.10000000000002274,0.1,2.273181642920008e-14,0.0,9,3,105,51,76.5020690279512,62.42052419521067,34.21111111111091
349.40000000001095,350.7307190600946,0.10000000000002274,0.1,2.273181642920008e-14,0.0,9,3,107,51,76.13793891037012,61.80746322413879,34.311111111110904
349.50000000001097,350.8307190600946,0.10000000000002274,0.1,2.273181642920008e-14,0.0,9,3,107,51,75.76914170688208,61.14307257185944,34.411111111110905
349.600000000011,350.93071906009465,0.10000000000002274,0.1,2.273181642920008e-14,0.0,9,3,107,51,75.40557190863723,60.54082053493945,34.51111111111091
349.700000000011,351.03071906009467,0.10000000000002274,0.1,2.273181642920008e-14,0.0,9,3,108,51,75.04119051830406,59.92767408200364,34.61111111111091
349.80000000001104,351.1307190600947,0.10000000000002274,0.1,2.273181642920008e-14,0.0,9,3,108,51,74.67858644369164,59.315361552350666,34.71111111111091
349.90000000001106,351.2307190600947,0.10000000000002274,0.1,2.273181642920008e-14,0.0,9,3,109,51,74.31560998910984,58.700667058474494,34.811111111110904
350.0000000000111,351.33071906009474,0.10000000000002274,0.1,2.273181642920008e-14,0.0,9,3,109,51,73.95214208190788,58.082549491016934,34.911111111110905
350.1000000000111,351.43071906009476,0.10000000000002274,0.1,2.273181642920008e-14,0.0,9,3,110,51,73.58996594391283,57.47705784642152,35.011111111110914
350.20000000001113,351.5307190600948,0.10000000000002274,0.1,2.273181642920008e-14,0.0,9,3,110,50,73.22687059619166,56.86429331429119,35.11111111111091
350.30000000001115,351.6307190600948,0.10000000000002274,0.1,2.273181642920008e-14,0.0,9,3,110,50,72.86328153558166,56.248085366161284,35.21111111111091
350.4000000000112,351.7307190600948,0.10000000000002274,0.1,2.273181642920008e-14,0.0,9,3,110,50,72.50053521629582,55.64046208994867,35.31111111111091
350.5000000000112,351.83071906009485,0.10000000000002274,0.1,2.273181642920008e-14,0.0,9,3,110,50,72.13768810339803,55.0329316712287,35.41111111111091
350.6000000000112,351.9307190600949,0.10000000000002274,0.1,2.273181642920008e-14,0.0,9,3,110,50,71.77422625713056,54.716689624039084,35.511111111110914
350.70000000001124,352.0307190600949,0.10000000000002274,0.1,2.273181642920008e-14,0.0,9,3,110,50,71.41154122222251,54.61668962403908,35.61111111111091
350.80000000001127,352.1307190600949,0.10000000000002274,0.1,2.273181642920008e-14,0.0,9,3,109,50,71.04223726762501,54.51668962403908,35.71111111111091
350.9000000000113,352.23071906009494,0.10000000000002274,0.1,2.273181642920008e-14,0.0,9,3,109,50,70.67978242347391,54.41668962403908,35.81111111111092
351.0000000000113,352.33071906009496,0.10000000000002274,0.1,2.273181642920008e-14,0.0,9,3,109,50,70.31721646821167,54.31668962403908,35.91111111111091
351.10000000001133,352.430719060095,0.10000000000002274,0.1,2.273181642920008e-14,0.0,9,3,109,50,69.95453940183832,54.21668962403908,36.011111111110914
351.20000000001136,352.530719060095,0.10000000000002274,0.1,2.273181642920008e-14,0.0,9,3,110,50,69.59175122435389,54.116689624039076,36.111111111110915
351.3000000000114,352.63071906009503,0.10000000000002274,0.1,2.273181642920008e-14,0.0,9,3,110,50,69.22885193575831,54.016689624039074,36.21111111111092
351.4000000000114,352.73071906009505,0.10000000000002274,0.1,2.273181642920008e-14,0.0,9,3,110,50,68.86584153605163,53.91668962403907,36.31111111111092
351.5000000000114,352.8307190600951,0.10000000000002274,0.1,2.273181642920008e-14,0.0,9,3,111,50,68.50272002523386,53.81668962403907,36.41111111111091
351.60000000001145,352.9307190600951,0.10000000000002274,0.1,2.273181642920008e-14,0.0,9,3,112,51,68.13948740330495,53.71668962403907,36.51111111111092
351.70000000001147,353.0307190600951,0.10000000000002274,0.1,2.273181642920008e-14,0.0,9,3,115,51,67.77614367026496,53.61668962403907,36.61111111111092
351.8000000000115,353.13071906009515,0.10000000000002274,0.1,2.273181642920008e-14,0.0,9,3,114,51,67.41268882611384,53.51668962403907,36.71111111111092
351.9000000000115,353.23071906009517,0.10000000000002274,0.1,2.273181642920008e-14,0.0,9,3,114,51,67.04912287085159,53.416689624039066,36.81111111111092
352.00000000001154,353.3307190600952,0.10000000000002274,0.1,2.273181642920008e-14,0.0,9,3,114,51,66.68544580447826,53.316689624039064,36.91111111111092
352.10000000001156,353.4307190600952,0.10000000000002274,0.1,2.273181642920008e-14,0.0,9,3,114,50,66.32165762699381,53.21668962403906,37.01111111111092
352.2000000000116,353.53071906009524,0.10000000000002274,0.1,2.273181642920008e-14,0.0,9,3,113,50,65.95775833839825,53.11668962403906,37.11111111111092
352.3000000000116,353.63071906009526,0.10000000000002274,0.1,2.273181642920008e-14,0.0,9,3,113,50,65.59374793869158,53.01668962403906,37.21111111111092
352.40000000001163,353.7307190600953,0.10000000000002274,0.1,2.273181642920008e-14,0.0,9,3,113,50,65.22962642787378,52.91668962403906,37.311111111110925
352.50000000001165,353.8307190600953,0.10000000000002274,0.1,2.273181642920008e-14,0.0,9,3,113,50,64.86539380594489,52.81668962403906,37.41111111111093
352.6000000000117,353.9307190600953,0.10000000000002274,0.1,2.273181642920008e-14,0.0,8,3,113,50,72.87390270538084,60.244706223330056,27.062500000000114
352.7000000000117,354.03071906009535,0.10000000000002274,0.1,2.273181642920008e-14,0.0,8,3,114,50,72.6669856237727,60.144706223330054,27.162500000000115
352.8000000000117,354.1307190600954,0.10000000000002274,0.1,2.273181642920008e-14,0.0,8,3,114,50,72.47668409390396,60.04470622333005,27.262500000000117
352.90000000001174,354.2307190600954,0.10000000000002274,0.1,2.273181642920008e-14,0.0,8,3,114,50,72.29530026342873,59.94470622333005,27.362500000000118
353.00000000001177,354.3307190600954,0.10000000000002274,0.1,2.273181642920008e-14,0.0,8,3,115,50,72.10311552500916,59.84470622333005,27.46250000000012
353.1000000000118,354.43071906009544,0.10000000000002274,0.1,2.273181642920008e-14,0.0,8,3,115,51,71.93265777785457,59.74470622333005,27.56250000000012
353.2000000000118,354.53071906009546,0.10000000000002274,0.1,2.273181642920008e-14,0.0,8,3,115,51,71.77015777785458,59.64470622333005,27.662500000000122
353.30000000001183,354.6307190600955,0.10000000000002274,0.1,2.273181642920008e-14,0.0,8,3,115,51,71.60765777785457,59.544706223330046,27.762500000000124
353.40000000001186,354.7307190600955,0.10000000000002274,0.1,2.273181642920008e-14,0.0,8,3,115,51,71.44515777785458,59.444706223330044,27.862500000000125
353.5000000000119,354.83071906009553,0.10000000000002274,0.1,2.273181642920008e-14,0.0,8,3,114,51,71.28265777785458,59.34470622333004,27.962500000000126
353.6000000000119,354.93071906009556,0.10000000000002274,0.1,2.273181642920008e-14,0.0,8,3,114,50,71.12015777785457,59.24470622333004,28.062500000000128
353.7000000000119,355.0307190600956,0.10000000000002274,0.1,2.273181642920008e-14,0.0,8,3,116,50,70.95765777785458,59.14470622333004,28.16250000000013
353.80000000001195,355.1307190600956,0.10000000000002274,0.1,2.273181642920008e-14,0.0,8,3,116,50,70.79515777785458,59.04470622333004,28.26250000000013
353.90000000001197,355.2307190600956,0.10000000000002274,0.1,2.273181642920008e-14,0.0,8,3,116,50,70.63265777785458,58.94470622333004,28.362500000000132
354.000000000012,355.33071906009565,0.10000000000002274,0.1,2.273181642920008e-14,0.0,8,3,116,50,70.47015777785458,58.844706223330036,28.462500000000134
354.100000000012,355.43071906009567,0.10000000000002274,0.1,2.273181642920008e-14,0.0,8,3,116,50,70.30765777785459,58.744706223330034,28.562500000000135
354.20000000001204,355.5307190600957,0.10000000000002274,0.1,2.273181642920008e-14,0.0,8,3,116,50,70.14515777785458,58.64470622333003,28.662500000000136
354.30000000001206,355.6307190600957,0.10000000000002274,0.1,2.273181642920008e-14,0.0,8,3,116,51,69.98265777785458,58.54470622333003,28.762500000000138
354.4000000000121,355.73071906009574,0.10000000000002274,0.1,2.273181642920008e-14,0.0,8,3,116,51,69.82015777785459,58.44470622333003,28.86250000000014
354.5000000000121,355.83071906009576,0.10000000000002274,0.1,2.273181642920008e-14,0.0,8,3,116,51,69.65765777785458,58.34470622333003,28.96250000000014
354.60000000001213,355.9307190600958,0.10000000000002274,0.1,2.273181642920008e-14,0.0,8,3,116,51,69.50611836016266,58.24470622333003,29.062500000000142
354.70000000001215,356.0307190600958,0.10000000000002274,0.1,2.273181642920008e-14,0.0,8,3,119,51,69.37423194231859,58.144706223330026,29.162500000000144
354.8000000000122,356.1307190600958,0.10000000000002274,0.1,2.273181642920008e-14,0.0,8,3,119,51,69.25300529769159,58.044706223330024,29.262500000000145
354.9000000000122,356.23071906009585,0.10000000000002274,0.1,2.273181642920008e-14,0.0,8,3,119,51,69.1219768802818,57.94470622333002,29.362500000000146
355.0000000000122,356.3307190600959,0.10000000000002274,0.1,2.273181642920008e-14,0.0,8,3,119,51,69.0140191331272,57.84470622333002,29.462500000000148
355.10000000001224,356.4307190600959,0.10000000000002274,0.1,2.273181642920008e-14,0.0,8,3,120,51,68.91401913312721,57.74470622333002,29.56250000000015
355.20000000001227,356.5307190600959,0.10000000000002274,0.1,2.273181642920008e-14,0.0,8,3,119,51,68.8140191331272,57.64470622333002,29.66250000000015
355.3000000000123,356.63071906009594,0.10000000000002274,0.1,2.273181642920008e-14,0.0,8,3,119,52,68.71401913312721,57.54470622333002,29.762500000000152
355.4000000000123,356.73071906009596,0.10000000000002274,0.1,2.273181642920008e-14,0.0,8,3,120,52,68.61401913312721,57.444706223330016,29.862500000000153
355.50000000001234,356.830719060096,0.10000000000002274,0.1,2.273181642920008e-14,0.0,8,3,120,52,68.5140191331272,57.344706223330014,29.962500000000155
355.60000000001236,356.930719060096,0.10000000000002274,0.1,2.273181642920008e-14,0.0,8,3,120,52,68.41401913312721,57.24470622333001,30.062500000000156
355.7000000000124,357.03071906009603,0.10000000000002274,0.1,2.273181642920008e-14,0.0,8,3,121,52,68.31401913312722,57.14470622333001,30.162500000000158
355.8000000000124,357.13071906009606,0.10000000000002274,0.1,2.273181642920008e-14,0.0,8,3,121,52,68.21401913312722,57.04470622333001,30.26250000000016
355.9000000000124,357.2307190600961,0.10000000000002274,0.1,2.273181642920008e-14,0.0,8,3,121,52,68.11401913312721,56.94470622333001,30.36250000000016
356.00000000001245,357.3307190600961,0.10000000000002274,0.1,2.273181642920008e-14,0.0,8,3,120,52,68.01401913312722,56.84470622333001,30.462500000000162
356.10000000001247,357.4307190600961,0.10000000000002274,0.1,2.273181642920008e-14,0.0,8,3,119,51,67.91401913312723,56.744706223330006,30.562500000000163
356.2000000000125,357.53071906009615,0.10000000000002274,0.1,2.273181642920008e-14,0.0,8,3,119,51,67.81401913312722,56.644706223330004,30.662500000000165
356.3000000000125,357.63071906009617,0.10000000000002274,0.1,2.273181642920008e-14,0.0,8,3,119,51,67.71401913312722,56.54470622333,30.762500000000166
356.40000000001254,357.7307190600962,0.10000000000002274,0.1,2.273181642920008e-14,0.0,8,3,119,52,67.61401913312723,56.44470622333,30.862500000000168
356.50000000001256,357.8307190600962,0.10000000000002274,0.1,2.273181642920008e-14,0.0,8,3,120,51,67.51401913312722,56.34470622333,30.96250000000017
356.6000000000126,357.93071906009624,0.10000000000002274,0.1,2.273181642920008e-14,0.0,8,3,121,51,67.41401913312723,56.24470622333,31.06250000000017
356.7000000000126,358.03071906009626,0.10000000000002274,0.1,2.273181642920008e-14,0.0,8,3,122,52,67.31401913312723,56.14470622333,31.162500000000172
356.80000000001263,358.1307190600963,0.10000000000002274,0.1,2.273181642920008e-14,0.0,8,3,122,52,67.21401913312722,56.044706223329996,31.262500000000173
356.90000000001265,358.2307190600963,0.10000000000002274,0.1,2.273181642920008e-14,0.0,8,3,122,52,67.11401913312723,55.944706223329995,31.362500000000175
357.0000000000127,358.3307190600963,0.10000000000002274,0.1,2.273181642920008e-14,0.0,8,3,122,52,67.01401913312723,55.84470622332999,31.462500000000176
357.1000000000127,358.43071906009635,0.10000000000002274,0.1,2.273181642920008e-14,0.0,8,3,122,52,66.91401913312723,55.74470622332999,31.562500000000178
357.2000000000127,358.5307190600964,0.10000000000002274,0.1,2.273181642920008e-14,0.0,8,3,121,52,66.81401913312723,55.64470622332999,31.66250000000018
357.30000000001274,358.6307190600964,0.10000000000002274,0.1,2.273181642920008e-14,0.0,8,3,121,52,66.71401913312724,55.54470622332999,31.76250000000018
357.40000000001277,358.7307190600964,0.10000000000002274,0.1,2.273181642920008e-14,0.0,8,3,119,52,66.61401913312724,55.44470622332999,31.862500000000182
357.5000000000128,358.83071906009644,0.10000000000002274,0.1,2.273181642920008e-14,0.0,8,3,117,52,66.51401913312723,55.344706223329986,31.962500000000183
357.6000000000128,358.93071906009646,0.10000000000002274,0.1,2.273181642920008e-14,0.0,8,3,116,52,66.34803514426847,55.244706223329985,32.062500000000185
357.70000000001284,359.0307190600965,0.10000000000002274,0.1,2.273181642920008e-14,0.0,8,3,116,52,66.18347378541966,55.14470622332998,32.162500000000186
357.80000000001286,359.1307190600965,0.10000000000002274,0.1,2.273181642920008e-14,0.0,8,3,116,52,66.02039941696842,55.04470622332998,32.26250000000019
357.9000000000129,359.23071906009653,0.10000000000002274,0.1,2.273181642920008e-14,0.0,8,3,116,52,65.85741333999225,54.94470622332998,32.36250000000019
358.0000000000129,359.33071906009656,0.10000000000002274,0.1,2.273181642920008e-14,0.0,8,3,116,52,65.6940171100092,54.84470622332998,32.46250000000019
358.1000000000129,359.4307190600966,0.10000000000002274,0.1,2.273181642920008e-14,0.0,8,3,116,52,65.53086666637961,54.74470622332998,32.56250000000019
358.20000000001295,359.5307190600966,0.10000000000002274,0.1,2.273181642920008e-14,0.0,8,3,116,52,65.36686840984581,54.644706223329976,32.66250000000019
358.300000000013,359.6307190600966,0.10000000000002274,0.1,2.273181642920008e-14,0.0,8,3,116,52,65.13504919557884,54.544706223329975,32.762500000000195
358.400000000013,359.73071906009665,0.10000000000002274,0.1,2.273181642920008e-14,0.0,8,3,116,52,64.90846769127526,54.44470622332997,32.862500000000196
358.500000000013,359.83071906009667,0.10000000000002274,0.1,2.273181642920008e-14,0.0,8,3,116,52,64.68344785988404,54.34470622332997,32.9625000000002
358.60000000001304,359.9307190600967,0.10000000000002274,0.1,2.273181642920008e-14,0.0,8,3,117,52,64.45552764119041,54.24470622332997,33.0625000000002
358.70000000001306,360.0307190600967,0.10000000000002274,0.1,2.273181642920008e-14,0.0,8,3,116,52,64.2275975469177,54.14470622332997,33.1625000000002
358.8000000000131,360.13071906009674,0.10000000000002274,0.1,2.273181642920008e-14,0.0,8,3,116,52,63.94234052966026,54.04470622332997,33.2625000000002
358.9000000000131,360.23071906009676,0.10000000000002274,0.1,2.273181642920008e-14,0.0,8,3,116,52,63.65696338904621,53.944706223329966,33.3625000000002
359.00000000001313,360.3307190600968,0.10000000000002274,0.1,2.273181642920008e-14,0.0,8,3,116,52,63.371945663900554,53.844706223329965,33.462500000000205
359.10000000001315,360.4307190600968,0.10000000000002274,0.1,2.273181642920008e-14,0.0,8,3,116,52,63.148008945857114,53.74470622332996,33.562500000000206
359.2000000000132,360.5307190600968,0.10000000000002274,0.1,2.273181642920008e-14,0.0,8,3,115,52,62.93067783853916,53.64470622332996,33.66250000000021
359.3000000000132,360.63071906009685,0.10000000000002274,0.1,2.273181642920008e-14,0.0,8,3,114,52,62.76380939513001,53.54470622332996,33.76250000000021
359.4000000000132,360.7307190600969,0.10000000000002274,0.1,2.273181642920008e-14,0.0,8,3,114,52,62.59727376444626,53.44470622332996,33.86250000000021
359.50000000001324,360.8307190600969,0.10000000000002274,0.1,2.273181642920008e-14,0.0,8,3,114,52,62.432249704337416,53.34470622332996,33.96250000000021
359.60000000001327,360.9307190600969,0.10000000000002274,0.1,2.273181642920008e-14,0.0,8,3,114,52,62.267903950630824,53.244706223329956,34.06250000000021
359.7000000000133,361.03071906009694,0.10000000000002274,0.1,2.273181642920008e-14,0.0,8,3,113,52,62.104248434280365,53.144706223329955,34.162500000000215
359.8000000000133,361.13071906009696,0.10000000000002274,0.1,2.273181642920008e-14,0.0,8,3,114,52,61.94102547065731,53.04470622332995,34.262500000000216
359.90000000001334,361.230719060097,0.10000000000002274,0.1,2.273181642920008e-14,0.0,8,3,114,52,61.77807195427986,52.94470622332995,34.36250000000022
360.00000000001336,361.330719060097,0.10000000000002274,0.1,2.273181642920008e-14,0.0,8,3,113,52,61.615286377823935,52.84470622332995,34.46250000000022
360.1000000000134,361.43071906009703,0.10000000000002274,0.1,2.273181642920008e-14,0.0,8,3,113,52,61.45260577102527,52.74470622332995,34.56250000000022
360.2000000000134,361.53071906009706,0.10000000000002274,0.1,2.273181642920008e-14,0.0,8,3,113,51,61.290105771025274,52.64470622332995,34.66250000000022
360.3000000000134,361.6307190600971,0.10000000000002274,0.1,2.273181642920008e-14,0.0,8,3,113,51,61.12760577102527,52.544706223329946,34.76250000000022
360.40000000001345,361.7307190600971,0.10000000000002274,0.1,2.273181642920008e-14,0.0,8,3,113,50,60.62748723620599,51.76946915369137,34.862500000000225
360.5000000000135,361.8307190600971,0.10000000000002274,0.1,2.273181642920008e-14,0.0,8,3,114,50,60.213209389544986,51.16946915369137,34.962500000000226
360.6000000000135,361.93071906009715,0.10000000000002274,0.1,2.273181642920008e-14,0.0,8,3,115,50,59.80070938954499,50.569469153691365,35.06250000000023
360.7000000000135,362.03071906009717,0.10000000000002274,0.1,2.273181642920008e-14,0.0,8,3,114,50,59.57023180893279,50.33351399246697,35.16250000000023
360.80000000001354,362.1307190600972,0.10000000000002274,0.1,2.273181642920008e-14,0.0,8,3,113,50,59.407731808932795,50.23351399246697,35.26250000000023
360.90000000001356,362.2307190600972,0.10000000000002274,0.1,2.273181642920008e-14,0.0,8,3,113,50,59.24523180893279,50.133513992466966,35.36250000000023
361.0000000000136,362.33071906009724,0.10000000000002274,0.1,2.273181642920008e-14,0.0,8,3,114,50,59.0827318089328,50.033513992466965,35.46250000000023
361.1000000000136,362.43071906009726,0.10000000000002274,0.1,2.273181642920008e-14,0.0,8,3,114,50,58.9202318089328,49.93351399246696,35.562500000000234
361.20000000001363,362.5307190600973,0.10000000000002274,0.1,2.273181642920008e-14,0.0,8,3,113,50,58.757731808932796,49.83351399246696,35.662500000000236
361.30000000001365,362.6307190600973,0.10000000000002274,0.1,2.273181642920008e-14,0.0,8,3,113,50,58.5952318089328,49.73351399246696,35.76250000000024
361.4000000000137,362.73071906009733,0.10000000000002274,0.1,2.273181642920008e-14,0.0,8,3,113,50,58.4327318089328,49.63351399246696,35.86250000000024
361.5000000000137,362.14384722786605,-0.5868718322312816,0.1,1.3211653993039363e-14,0.6868718322312948,7,3,114,50,56.78209589261899,42.00549739317595,32.22857142857162
361.6000000000137,362.24384722786607,0.10000000000002274,0.1,2.273181642920008e-14,0.0,7,3,114,50,56.68209589261899,41.90549739317595,32.328571428571614
361.70000000001374,362.3438472278661,0.10000000000002274,0.1,2.273181642920008e-14,0.0,7,3,114,50,56.582095892618995,41.80549739317595,32.42857142857162
361.80000000001377,362.4438472278661,0.10000000000002274,0.1,2.273181642920008e-14,0.0,7,3,114,50,56.48209589261899,41.705497393175946,32.528571428571624
361.9000000000138,362.54384722786614,0.10000000000002274,0.1,2.273181642920008e-14,0.0,7,3,114,49,56.251600051171415,41.605497393175945,32.62857142857162
362.0000000000138,362.64384722786616,0.10000000000002274,0.1,2.273181642920008e-14,0.0,7,3,114,49,56.05389512249743,41.50549739317594,32.72857142857162
362.10000000001384,362.7438472278662,0.10000000000002274,0.1,2.273181642920008e-14,0.0,7,3,114,49,55.74881271445874,41.40549739317594,32.82857142857163
362.20000000001386,362.8438472278662,0.10000000000002274,0.1,2.273181642920008e-14,0.0,7,3,114,50,55.477288059988844,41.30549739317594,32.92857142857163
362.3000000000139,362.94384722786623,0.10000000000002274,0.1,2.273181642920008e-14,0.0,7,3,114,50,55.20489381454972,41.20549739317594,33.02857142857163
362.4000000000139,363.04384722786625,0.10000000000002274,0.1,2.273181642920008e-14,0.0,7,3,116,50,54.93458883795215,41.10549739317594,33.128571428571625
362.5000000000139,363.1438472278663,0.10000000000002274,0.1,2.273181642920008e-14,0.0,7,3,116,50,54.66429165428527,41.005497393175936,33.228571428571634
362.60000000001395,363.2438472278663,0.10000000000002274,0.1,2.273181642920008e-14,0.0,7,3,116,50,54.39415643024865,40.905497393175935,33.328571428571635
362.700000000014,363.3438472278663,0.10000000000002274,0.1,2.273181642920008e-14,0.0,7,3,116,51,54.124726611827704,40.80549739317593,33.42857142857163
362.800000000014,363.44384722786634,0.10000000000002274,0.1,2.273181642920008e-14,0.0,7,3,117,50,53.857317195031804,40.70549739317593,33.52857142857163
362.900000000014,363.54384722786637,0.10000000000002274,0.1,2.273181642920008e-14,0.0,7,3,117,50,53.590080926195434,40.60549739317593,33.62857142857164
363.00000000001404,363.6438472278664,0.10000000000002274,0.1,2.273181642920008e-14,0.0,7,3,117,50,53.32285969908431,40.50549739317593,33.72857142857164
363.10000000001406,363.7438472278664,0.10000000000002274,0.1,2.273181642920008e-14,0.0,7,3,117,50,53.05567124872881,40.40549739317593,33.82857142857164
363.2000000000141,363.84384722786643,0.10000000000002274,0.1,2.273181642920008e-14,0.0,7,3,117,50,52.78847221155181,40.305497393175926,33.92857142857164
363.3000000000141,363.94384722786646,0.10000000000002274,0.1,2.273181642920008e-14,0.0,7,3,117,50,52.512611307144994,40.205497393175925,34.028571428571645
363.40000000001413,364.0438472278665,0.10000000000002274,0.1,2.273181642920008e-14,0.0,7,3,117,50,52.23127936889779,40.10549739317592,34.12857142857165
363.50000000001415,364.1438472278665,0.10000000000002274,0.1,2.273181642920008e-14,0.0,7,3,117,49,51.95311118737287,40.00549739317592,34.22857142857164
363.6000000000142,364.2438472278665,0.10000000000002274,0.1,2.273181642920008e-14,0.0,7,3,116,49,51.68596929406954,39.90549739317592,34.32857142857164
363.7000000000142,364.34384722786655,0.10000000000002274,0.1,2.273181642920008e-14,0.0,7,3,116,49,51.41895592301809,39.80549739317592,34.42857142857165
363.8000000000142,364.44384722786657,0.10000000000002274,0.1,2.273181642920008e-14,0.0,7,3,115,49,51.132535490915934,39.70549739317592,34.52857142857165
363.90000000001424,364.5438472278666,0.10000000000002274,0.1,2.273181642920008e-14,0.0,7,3,116,49,50.86518380432467,39.605497393175916,34.628571428571654
364.00000000001427,364.6438472278666,0.10000000000002274,0.1,2.273181642920008e-14,0.0,7,3,116,49,50.59509143296817,39.505497393175915,34.72857142857165
364.1000000000143,364.74384722786664,0.10000000000002274,0.1,2.273181642920008e-14,0.0,7,3,116,49,50.3238301659735,39.405497393175914,34.82857142857166
364.2000000000143,364.84384722786666,0.10000000000002274,0.1,2.273181642920008e-14,0.0,7,3,116,49,50.05247082143688,39.30549739317591,34.92857142857166
364.30000000001434,364.9438472278667,0.10000000000002274,0.1,2.273181642920008e-14,0.0,7,3,117,49,49.78122167280981,39.20549739317591,35.02857142857165
364.40000000001436,365.0438472278667,0.10000000000002274,0.1,2.273181642920008e-14,0.0,7,3,117,49,49.502181148841785,39.10549739317591,35.128571428571654
364.5000000000144,365.14384722786673,0.10000000000002274,0.1,2.273181642920008e-14,0.0,7,3,117,49,49.22234363644037,39.00549739317591,35.22857142857166
364.6000000000144,365.24384722786675,0.10000000000002274,0.1,2.273181642920008e-14,0.0,7,3,117,49,48.94511164906367,38.90549739317591,35.328571428571664
364.7000000000144,365.3438472278668,0.10000000000002274,0.1,2.273181642920008e-14,0.0,7,3,117,49,48.6666424580069,38.805497393175905,35.428571428571665
364.80000000001445,365.4438472278668,0.10000000000002274,0.1,2.273181642920008e-14,0.0,7,3,117,50,48.38324850635104,38.705497393175904,35.52857142857166
364.9000000000145,365.5438472278668,0.10000000000002274,0.1,2.273181642920008e-14,0.0,7,3,117,50,48.10464349475911,38.6054973931759,35.62857142857167
365.0000000000145,365.64384722786684,0.10000000000002274,0.1,2.273181642920008e-14,0.0,7,3,116,50,47.82965518897579,38.5054973931759,35.72857142857167
365.1000000000145,365.74384722786687,0.10000000000002274,0.1,2.273181642920008e-14,0.0,7,3,116,51,47.54744626045317,38.4054973931759,35.828571428571664
365.20000000001454,365.8438472278669,0.10000000000002274,0.1,2.273181642920008e-14,0.0,7,3,116,51,47.26570647088514,38.3054973931759,35.928571428571665
365.30000000001456,365.9438472278669,0.10000000000002274,0.1,2.273181642920008e-14,0.0,7,3,116,51,46.98931954832331,38.2054973931759,36.028571428571674
365.4000000000146,366.04384722786693,0.10000000000002274,0.1,2.273181642920008e-14,0.0,7,3,117,51,46.70339404999645,38.105497393175895,36.128571428571675
365.5000000000146,366.14384722786696,0.10000000000002274,0.1,2.273181642920008e-14,0.0,7,3,118,51,46.4218538076352,38.005497393175894,36.22857142857168
365.60000000001463,366.243847227867,0.10000000000002274,0.1,2.273181642920008e-14,0.0,7,3,118,52,46.14264012758838,37.90549739317589,36.32857142857167
365.70000000001465,366.343847227867,0.10000000000002274,0.1,2.273181642920008e-14,0.0,6,3,117,52,53.62294367034293,45.3335139924669,37.01666666666692
365.8000000000147,366.443847227867,0.10000000000002274,0.1,2.273181642920008e-14,0.0,6,3,117,52,53.40222034405395,45.2335139924669,37.11666666666692
365.9000000000147,366.54384722786705,0.10000000000002274,0.1,2.273181642920008e-14,0.0,6,3,117,52,53.178988329294334,45.133513992466895,37.216666666666924
366.0000000000147,366.64384722786707,0.10000000000002274,0.1,2.273181642920008e-14,0.0,6,3,117,52,52.96062104898351,45.033513992466894,37.316666666666926
366.10000000001475,366.7438472278671,0.10000000000002274,0.1,2.273181642920008e-14,0.0,6,3,117,52,52.73488643542308,44.93351399246689,37.41666666666693
366.20000000001477,366.8438472278671,0.10000000000002274,0.1,2.273181642920008e-14,0.0,6,3,117,52,52.515151178110266,44.83351399246689,37.51666666666693
366.3000000000148,366.94384722786714,0.10000000000002274,0.1,2.273181642920008e-14,0.0,6,3,117,52,52.29530609766133,44.73351399246689,37.61666666666693
366.4000000000148,367.04384722786716,0.10000000000002274,0.1,2.273181642920008e-14,0.0,6,3,117,52,52.0731613737141,44.63351399246689,37.71666666666693
366.50000000001484,367.1438472278672,0.10000000000002274,0.1,2.273181642920008e-14,0.0,6,3,117,52,51.84929631711612,44.53351399246689,37.81666666666693
366.60000000001486,367.2438472278672,0.10000000000002274,0.1,2.273181642920008e-14,0.0,6,3,117,52,51.62494547797932,44.433513992466885,37.916666666666934
366.7000000000149,367.34384722786723,0.10000000000002274,0.1,2.273181642920008e-14,0.0,6,3,117,52,51.39973845543659,44.333513992466884,38.016666666666936
366.8000000000149,367.44384722786725,0.10000000000002274,0.1,2.273181642920008e-14,0.0,6,3,116,51,51.18082972878471,44.23351399246688,38.11666666666694
366.9000000000149,367.5438472278673,0.10000000000002274,0.1,2.273181642920008e-14,0.0,6,3,116,51,50.95523163155559,44.13351399246688,38.21666666666694
367.00000000001495,367.6438472278673,0.10000000000002274,0.1,2.273181642920008e-14,0.0,6,3,116,51,50.73669059756858,44.03351399246688,38.31666666666694
367.100000000015,367.7438472278673,0.10000000000002274,0.1,2.273181642920008e-14,0.0,6,3,116,50,50.513013105136274,43.93351399246688,38.41666666666694
367.200000000015,367.84384722786734,0.10000000000002274,0.1,2.273181642920008e-14,0.0,6,3,115,50,50.28920352842075,43.83351399246688,38.51666666666694
367.300000000015,367.94384722786737,0.10000000000002274,0.1,2.273181642920008e-14,0.0,6,3,115,50,50.06588962355278,43.733513992466875,38.616666666666944
367.40000000001504,368.0438472278674,0.10000000000002274,0.1,2.273181642920008e-14,0.0,6,3,114,50,49.84095942202947,43.633513992466874,38.716666666666946
367.50000000001506,368.1438472278674,0.10000000000002274,0.1,2.273181642920008e-14,0.0,6,3,115,50,49.617430769639306,43.53351399246687,38.81666666666695
367.6000000000151,368.24384722786743,0.10000000000002274,0.1,2.273181642920008e-14,0.0,6,3,114,50,49.32663371257979,43.43351399246687,38.91666666666695
367.7000000000151,368.34384722786746,0.10000000000002274,0.1,2.273181642920008e-14,0.0,6,3,114,50,49.105741453660414,43.33351399246687,39.01666666666695
367.80000000001513,368.4438472278675,0.10000000000002274,0.1,2.273181642920008e-14,0.0,6,3,115,50,48.89353121848302,43.23351399246687,39.11666666666695
367.90000000001515,368.5438472278675,0.10000000000002274,0.1,2.273181642920008e-14,0.0,6,3,115,50,48.674877174349795,43.13351399246687,39.21666666666695
368.0000000000152,368.6438472278675,0.10000000000002274,0.1,2.273181642920008e-14,0.0,6,3,116,50,48.463211543389576,43.033513992466865,39.316666666666954
368.1000000000152,368.74384722786755,0.10000000000002274,0.1,2.273181642920008e-14,0.0,6,3,116,50,48.24874329304922,42.933513992466864,39.416666666666956
368.2000000000152,368.84384722786757,0.10000000000002274,0.1,2.273181642920008e-14,0.0,6,3,117,50,48.0338126713948,42.83351399246686,39.51666666666696
368.30000000001525,368.9438472278676,0.10000000000002274,0.1,2.273181642920008e-14,0.0,6,3,117,50,47.818365501949295,42.73351399246686,39.61666666666696
368.40000000001527,369.0438472278676,0.10000000000002274,0.1,2.273181642920008e-14,0.0,6,3,118,50,47.602587799647075,42.63351399246686,39.71666666666696
368.5000000000153,369.14384722786764,0.10000000000002274,0.1,2.273181642920008e-14,0.0,6,3,118,50,47.38624598612989,42.53351399246686,39.81666666666696
368.6000000000153,369.24384722786766,0.10000000000002274,0.1,2.273181642920008e-14,0.0,6,3,118,50,47.17029333173016,42.43351399246686,39.91666666666696
368.70000000001534,369.3438472278677,0.10000000000002274,0.1,2.273181642920008e-14,0.0,6,3,120,50,46.95471016294755,42.333513992466855,40.016666666666964
368.80000000001536,369.4438472278677,0.10000000000002274,0.1,2.273181642920008e-14,0.0,6,3,120,49,46.742307335965926,42.233513992466854,40.116666666666966
368.9000000000154,369.54384722786773,0.10000000000002274,0.1,2.273181642920008e-14,0.0,6,3,120,49,46.53024155509541,42.13351399246685,40.21666666666697
369.0000000000154,369.64384722786775,0.10000000000002274,0.1,2.273181642920008e-14,0.0,6,3,120,49,46.318383440774035,41.92077604757269,40.31666666666697
369.1000000000154,369.7438472278678,0.10000000000002274,0.1,2.273181642920008e-14,0.0,6,3,120,49,46.105040552603946,41.14071871855212,40.41666666666697
369.20000000001545,369.8438472278678,0.10000000000002274,0.1,2.273181642920008e-14,0.0,6,3,121,49,45.88984574187234,40.349549854162525,40.51666666666697
369.3000000000155,369.9438472278678,0.10000000000002274,0.1,2.273181642920008e-14,0.0,6,3,121,49,45.67782921750214,39.577450707941345,40.61666666666697
369.4000000000155,370.04384722786784,0.10000000000002274,0.1,2.273181642920008e-14,0.0,6,3,121,49,45.4660005844641,38.80647890971304,40.716666666666974
369.5000000000155,370.14384722786787,0.10000000000002274,0.1,2.273181642920008e-14,0.0,6,3,121,48,45.254288428703624,38.036205975150175,40.816666666666976
369.60000000001554,370.2438472278679,0.10000000000002274,0.1,2.273181642920008e-14,0.0,6,3,120,48,45.04277282914361,37.26711237779006,40.91666666666698
369.70000000001556,370.3438472278679,0.10000000000002274,0.1,2.273181642920008e-14,0.0,6,3,121,48,44.83125722958359,36.49801878042995,41.01666666666698
369.8000000000156,370.44384722786793,0.10000000000002274,0.1,2.273181642920008e-14,0.0,6,3,121,48,44.61974163002356,35.72892518306984,41.11666666666698
369.9000000000156,370.54384722786796,0.10000000000002274,0.1,2.273181642920008e-14,0.0,6,3,121,48,44.408226030463545,34.95983158570973,41.21666666666698
370.00000000001563,370.643847227868,0.10000000000002274,0.1,2.273181642920008e-14,0.0,6,3,122,47,44.19671043090353,34.19073798834962,41.31666666666698
370.10000000001565,370.743847227868,0.10000000000002274,0.1,2.273181642920008e-14,0.0,6,3,123,47,43.985194831343506,33.421644390989506,41.416666666666984
370.2000000000157,370.843847227868,0.10000000000002274,0.1,2.273181642920008e-14,0.0,6,3,123,47,43.77367923178349,33.30549739317583,41.516666666666985
370.3000000000157,370.94384722786805,0.10000000000002274,0.1,2.273181642920008e-14,0.0,6,3,123,47,43.56216363222347,33.205497393175825,41.61666666666699
370.4000000000157,371.04384722786807,0.10000000000002274,0.1,2.273181642920008e-14,0.0,6,3,123,46,43.35064803266346,33.105497393175824,41.71666666666699
370.50000000001575,371.1438472278681,0.10000000000002274,0.1,2.273181642920008e-14,0.0,6,3,124,46,43.13913243310344,33.00549739317582,41.81666666666699
370.60000000001577,371.2438472278681,0.10000000000002274,0.1,2.273181642920008e-14,0.0,6,3,124,46,42.92761683354342,32.90549739317582,41.91666666666699
370.7000000000158,371.34384722786814,0.10000000000002274,0.1,2.273181642920008e-14,0.0,6,3,124,45,42.71482590941898,32.80549739317582,42.01666666666699
370.8000000000158,371.44384722786816,0.10000000000002274,0.1,2.273181642920008e-14,0.0,6,3,124,45,42.498939300222084,32.70549739317582,42.116666666666994
370.90000000001584,371.5438472278682,0.10000000000002274,0.1,2.273181642920008e-14,0.0,6,3,124,45,42.28309370549345,32.60549739317582,42.216666666666995
371.00000000001586,371.6438472278682,0.10000000000002274,0.1,2.273181642920008e-14,0.0,6,3,124,45,42.06927205822887,32.505497393175816,42.316666666667
371.1000000000159,371.74384722786823,0.10000000000002274,0.1,2.273181642920008e-14,0.0,6,3,123,45,41.856583111948034,32.405497393175814,42.416666666667
371.2000000000159,371.84384722786825,0.10000000000002274,0.1,2.273181642920008e-14,0.0,6,3,123,44,41.643041692349804,32.30549739317581,42.516666666667
371.3000000000159,371.9438472278683,0.10000000000002274,0.1,2.273181642920008e-14,0.0,6,3,123,44,41.43038023096328,32.20549739317581,42.616666666667
371.40000000001595,372.0786472278683,0.1348000000000411,0.1,0.034800000000041104,0.0,6,3,121,44,47.01781602312895,39.63351399246682,42.716666666667
371.500000000016,372.17864722786834,0.10000000000002274,0.1,2.273181642920008e-14,0.0,6,3,120,44,46.80611470449772,39.533513992466816,42.816666666667004
371.600000000016,372.27864722786836,0.10000000000002274,0.1,2.273181642920008e-14,0.0,6,3,120,44,46.59436035498953,39.433513992466814,42.916666666667005
371.700000000016,372.3786472278684,0.10000000000002274,0.1,2.273181642920008e-14,0.0,6,3,121,44,46.38284475542952,39.33351399246681,43.016666666667014
371.80000000001604,372.4786472278684,0.10000000000002274,0.1,2.273181642920008e-14,0.0,6,3,121,44,46.17060070262173,39.23351399246681,43.11666666666701
371.90000000001606,372.57864722786843,0.10000000000002274,0.1,2.273181642920008e-14,0.0,6,3,122,44,45.95861057437404,39.13351399246681,43.21666666666701
372.0000000000161,372.67864722786845,0.10000000000002274,0.1,2.273181642920008e-14,0.0,6,3,121,45,45.74510163469778,39.03351399246681,43.31666666666701
372.1000000000161,372.7786472278685,0.10000000000002274,0.1,2.273181642920008e-14,0.0,6,3,121,45,45.53129586681232,38.93351399246681,43.41666666666702
372.20000000001613,372.8786472278685,0.10000000000002274,0.1,2.273181642920008e-14,0.0,6,3,121,46,45.31900418102697,38.833513992466806,43.516666666667014
372.30000000001615,372.9786472278685,0.10000000000002274,0.1,2.273181642920008e-14,0.0,6,3,121,46,45.107219811677034,38.733513992466804,43.616666666667015
372.4000000000162,373.07864722786854,0.10000000000002274,0.1,2.273181642920008e-14,0.0,6,3,121,46,44.8926085074422,38.6335139924668,43.71666666666702
372.5000000000162,373.17864722786857,0.10000000000002274,0.1,2.273181642920008e-14,0.0,6,3,121,46,44.6782288547764,38.5335139924668,43.816666666667025
372.6000000000162,373.2786472278686,0.10000000000002274,0.1,2.273181642920008e-14,0.0,6,3,120,46,44.46476123993358,38.4335139924668,43.91666666666702
372.70000000001625,373.3786472278686,0.10000000000002274,0.1,2.273181642920008e-14,0.0,6,3,120,46,44.250633966381876,38.3335139924668,44.01666666666702
372.80000000001627,373.47864722786863,0.10000000000002274,0.1,2.273181642920008e-14,0.0,6,3,120,46,44.036388996767805,38.2335139924668,44.11666666666702
372.9000000000163,373.57864722786866,0.10000000000002274,0.1,2.273181642920008e-14,0.0,6,3,121,46,43.824856900454684,38.133513992466796,44.21666666666703
373.0000000000163,373.6786472278687,0.10000000000002274,0.1,2.273181642920008e-14,0.0,6,3,121,46,43.61047337333181,38.033513992466794,44.316666666667025
373.10000000001634,373.7786472278687,0.10000000000002274,0.1,2.273181642920008e-14,0.0,6,3,122,46,43.39890967314758,37.93351399246679,44.41666666666703
373.20000000001636,373.8786472278687,0.10000000000002274,0.1,2.273181642920008e-14,0.0,6,3,122,46,43.18505816094904,37.83351399246679,44.51666666666703
373.3000000000164,373.97864722786875,0.10000000000002274,0.1,2.273181642920008e-14,0.0,6,3,123,46,42.971629779608726,37.73351399246679,44.61666666666704
373.4000000000164,374.07864722786877,0.10000000000002274,0.1,2.273181642920008e-14,0.0,6,3,123,46,42.7564800245466,37.63351399246679,44.71666666666703
373.5000000000164,374.1786472278688,0.10000000000002274,0.1,2.273181642920008e-14,0.0,6,3,123,46,42.5410209087084,37.53351399246679,44.81666666666703
373.60000000001645,374.2786472278688,0.10000000000002274,0.1,2.273181642920008e-14,0.0,6,3,123,46,42.32716937594815,37.433513992466786,44.916666666667034
373.7000000000165,374.37864722786884,0.10000000000002274,0.1,2.273181642920008e-14,0.0,6,3,124,47,42.11264644337659,37.333513992466784,45.01666666666704
373.8000000000165,374.47864722786886,0.10000000000002274,0.1,2.273181642920008e-14,0.0,6,3,124,47,41.898282148670056,37.23351399246678,45.11666666666704
373.9000000000165,374.5786472278689,0.10000000000002274,0.1,2.273181642920008e-14,0.0,6,3,124,47,41.6851097423366,37.13351399246678,45.21666666666704
374.00000000001654,374.6786472278689,0.10000000000002274,0.1,2.273181642920008e-14,0.0,6,3,123,47,41.47020296366212,37.03351399246678,45.31666666666704
374.10000000001656,374.77864722786893,0.10000000000002274,0.1,2.273181642920008e-14,0.0,6,3,123,47,41.25771585636041,36.93351399246678,45.41666666666705
374.2000000000166,374.87864722786895,0.10000000000002274,0.1,2.273181642920008e-14,0.0,6,3,123,47,41.04613425350146,36.28728092393718,45.51666666666704
374.3000000000166,374.978647227869,0.10000000000002274,0.1,2.273181642920008e-14,0.0,6,3,123,48,40.83073151864362,35.49486451479013,45.616666666667044
374.40000000001663,375.078647227869,0.10000000000002274,0.1,2.273181642920008e-14,0.0,6,3,123,48,40.61814205151955,34.719327712045725,45.716666666667045
374.50000000001666,375.178647227869,0.10000000000002274,0.1,2.273181642920008e-14,0.0,6,3,123,48,40.403223625963186,33.92981715870751,45.816666666667054
374.6000000000167,375.27864722786904,0.10000000000002274,0.1,2.273181642920008e-14,0.0,6,3,123,48,40.19002818654636,33.15064452220655,45.91666666666705
374.7000000000167,375.37864722786907,0.10000000000002274,0.1,2.273181642920008e-14,0.0,6,3,123,48,39.96773302703536,32.31687356514059,46.01666666666705
374.8000000000167,375.4786472278691,0.10000000000002274,0.1,2.273181642920008e-14,0.0,6,3,123,48,39.74936346687583,31.50665620418338,46.11666666666705
374.90000000001675,375.5786472278691,0.10000000000002274,0.1,2.273181642920008e-14,0.0,6,3,123,48,39.526014418557104,30.66656191427104,46.21666666666706
375.00000000001677,375.67864722786913,0.10000000000002274,0.1,2.273181642920008e-14,0.0,6,3,122,48,39.30736981772701,29.85469430929046,46.316666666667054
375.1000000000168,375.77864722786916,0.10000000000002274,0.1,2.273181642920008e-14,0.0,6,3,121,48,39.09564812510397,29.084364153552237,46.416666666667055
375.2000000000168,375.8786472278692,0.10000000000002274,0.1,2.273181642920008e-14,0.0,6,3,122,48,38.884000524698465,28.314478551119183,46.51666666666706
375.30000000001684,375.9786472278692,0.10000000000002274,0.1,2.273181642920008e-14,0.0,6,3,122,48,38.670309966493015,28.205497393175754,46.616666666667065
375.40000000001686,376.0786472278692,0.10000000000002274,0.1,2.273181642920008e-14,0.0,6,3,122,48,38.455574058060044,28.105497393175753,46.71666666666706
375.5000000000169,376.17864722786925,0.10000000000002274,0.1,2.273181642920008e-14,0.0,6,3,122,47,38.241973723709954,28.00549739317575,46.81666666666706
375.6000000000169,376.27864722786927,0.10000000000002274,0.1,2.273181642920008e-14,0.0,6,3,121,47,38.02669998986831,27.90549739317575,46.91666666666706
375.7000000000169,376.3786472278693,0.10000000000002274,0.1,2.273181642920008e-14,0.0,6,3,121,48,37.790042119956375,27.80549739317575,47.01666666666707
375.80000000001695,376.4786472278693,0.10000000000002274,0.1,2.273181642920008e-14,0.0,6,3,121,48,37.57828107145325,27.705497393175747,47.116666666667065
375.900000000017,376.57864722786934,0.10000000000002274,0.1,2.273181642920008e-14,0.0,6,3,121,48,37.366603478932234,27.605497393175746,47.21666666666707
376.000000000017,376.67864722786936,0.10000000000002274,0.1,2.273181642920008e-14,0.0,6,3,121,48,37.15508787937222,27.505497393175744,47.31666666666707
376.100000000017,376.7786472278694,0.10000000000002274,0.1,2.273181642920008e-14,0.0,6,3,121,48,36.9435722798122,27.405497393175743,47.416666666667076
376.20000000001704,376.8786472278694,0.10000000000002274,0.1,2.273181642920008e-14,0.0,6,3,120,48,36.73205668025218,27.30549739317574,47.51666666666707
376.30000000001706,376.97864722786943,0.10000000000002274,0.1,2.273181642920008e-14,0.0,6,3,120,48,36.52054108069216,27.20549739317574,47.61666666666707
376.4000000000171,377.07864722786945,0.10000000000002274,0.1,2.273181642920008e-14,0.0,6,3,120,48,36.309025481132146,27.10549739317574,47.716666666667074
376.5000000000171,377.1786472278695,0.10000000000002274,0.1,2.273181642920008e-14,0.0,6,3,120,48,36.097159479454604,27.005497393175737,47.81666666666708
376.60000000001713,377.2786472278695,0.10000000000002274,0.1,2.273181642920008e-14,0.0,6,3,119,48,35.884597122098704,26.905497393175736,47.916666666667076
376.70000000001716,377.3786472278695,0.10000000000002274,0.1,2.273181642920008e-14,0.0,6,3,119,49,35.672347538218965,26.805497393175735,48.01666666666708
376.8000000000172,377.47864722786954,0.10000000000002274,0.1,2.273181642920008e-14,0.0,6,3,119,50,35.460108480980374,26.705497393175733,48.11666666666708
376.9000000000172,377.57864722786957,0.10000000000002274,0.1,2.273181642920008e-14,0.0,6,3,119,50,35.248208572739834,26.60549739317573,48.21666666666709
377.0000000000172,377.6786472278696,0.10000000000002274,0.1,2.273181642920008e-14,0.0,6,3,119,49,35.03606959309938,26.50549739317573,48.31666666666708
377.10000000001725,377.7786472278696,0.10000000000002274,0.1,2.273181642920008e-14,0.0,6,3,119,49,34.82425759252154,26.40549739317573,48.41666666666708
377.20000000001727,377.87864722786964,0.10000000000002274,0.1,2.273181642920008e-14,0.0,6,3,119,50,34.612191574906255,26.305497393175727,48.516666666667085
377.3000000000173,377.97864722786966,0.10000000000002274,0.1,2.273181642920008e-14,0.0,6,3,121,51,34.40067597534624,26.205497393175726,48.61666666666709
377.4000000000173,378.0786472278697,0.10000000000002274,0.1,2.273181642920008e-14,0.0,6,3,120,51,34.18891653054113,26.105497393175725,48.71666666666709
377.50000000001734,378.1786472278697,0.10000000000002274,0.1,2.273181642920008e-14,0.0,6,3,120,51,33.97444164814046,26.005497393175723,48.81666666666709
377.60000000001736,378.2786472278697,0.10000000000002274,0.1,2.273181642920008e-14,0.0,6,3,121,51,33.76196121778045,25.90549739317572,48.91666666666709
377.7000000000174,378.37864722786975,0.10000000000002274,0.1,2.273181642920008e-14,0.0,6,3,122,51,33.5477265153831,25.80549739317572,49.0166666666671
377.8000000000174,378.47864722786977,0.10000000000002274,0.1,2.273181642920008e-14,0.0,6,3,122,51,33.335896960607535,25.70549739317572,49.11666666666709
377.9000000000174,378.5786472278698,0.10000000000002274,0.1,2.273181642920008e-14,0.0,6,3,122,51,33.122207629630694,25.605497393175717,49.216666666667095
378.00000000001745,378.6786472278698,0.10000000000002274,0.1,2.273181642920008e-14,0.0,6,3,122,52,32.91042821194548,25.505497393175716,49.316666666667096
378.1000000000175,378.77864722786984,0.10000000000002274,0.1,2.273181642920008e-14,0.0,6,3,121,52,32.672045344594494,25.405497393175715,49.416666666667105
378.2000000000175,378.87864722786986,0.10000000000002274,0.1,2.273181642920008e-14,0.0,6,3,121,52,32.46052974503448,25.305497393175713,49.5166666666671
378.3000000000175,378.9786472278699,0.10000000000002274,0.1,2.273181642920008e-14,0.0,6,3,121,52,32.24901414547446,25.205497393175712,49.6166666666671
378.40000000001754,379.0786472278699,0.10000000000002274,0.1,2.273181642920008e-14,0.0,6,3,121,52,32.03749854591444,25.10549739317571,49.7166666666671
378.50000000001756,379.17864722786993,0.10000000000002274,0.1,2.273181642920008e-14,0.0,6,3,120,52,31.825982946354426,25.00549739317571,49.81666666666711
378.6000000000176,379.27864722786995,0.10000000000002274,0.1,2.273181642920008e-14,0.0,6,3,120,52,31.61446734679441,24.905497393175708,49.916666666667105
378.7000000000176,379.37864722787,0.10000000000002274,0.1,2.273181642920008e-14,0.0,6,3,119,52,31.402951747234386,24.805497393175706,50.016666666667106
378.80000000001763,379.47864722787,0.10000000000002274,0.1,2.273181642920008e-14,0.0,6,3,119,51,31.19143614767437,24.705497393175705,50.11666666666711
378.90000000001766,379.57864722787,0.10000000000002274,0.1,2.273181642920008e-14,0.0,5,3,120,51,37.297904919414336,24.605497393175703,51.22000000000046
379.0000000000177,379.67864722787004,0.10000000000002274,0.1,2.273181642920008e-14,0.0,5,3,120,51,37.197904919414334,24.505497393175702,51.32000000000046
379.1000000000177,379.77864722787007,0.10000000000002274,0.1,2.273181642920008e-14,0.0,5,3,120,51,37.09790491941433,24.4054973931757,51.42000000000046
379.2000000000177,379.8786472278701,0.10000000000002274,0.1,2.273181642920008e-14,0.0,5,3,120,51,36.99790491941433,24.3054973931757,51.52000000000046
379.30000000001775,379.9786472278701,0.10000000000002274,0.1,2.273181642920008e-14,0.0,5,3,120,51,36.89790491941433,24.205497393175698,51.62000000000046
379.40000000001777,380.07864722787014,0.10000000000002274,0.1,2.273181642920008e-14,0.0,5,3,120,52,36.797904919414336,24.105497393175696,51.72000000000046
379.5000000000178,380.17864722787016,0.10000000000002274,0.1,2.273181642920008e-14,0.0,5,3,120,52,36.697904919414334,24.005497393175695,51.82000000000047
379.6000000000178,380.2786472278702,0.10000000000002274,0.1,2.273181642920008e-14,0.0,5,3,120,52,36.59790491941433,23.905497393175693,51.92000000000047
379.70000000001784,380.3786472278702,0.10000000000002274,0.1,2.273181642920008e-14,0.0,5,3,119,52,36.49790491941433,23.805497393175692,52.02000000000047
379.80000000001786,380.4786472278702,0.10000000000002274,0.1,2.273181642920008e-14,0.0,5,3,119,52,36.39790491941433,23.70549739317569,52.12000000000047
379.9000000000179,380.57864722787025,0.10000000000002274,0.1,2.273181642920008e-14,0.0,5,3,120,51,36.297904919414336,23.60549739317569,52.22000000000047
380.0000000000179,380.6786472278703,0.10000000000002274,0.1,2.273181642920008e-14,0.0,5,3,120,51,36.19790491941434,23.505497393175688,52.32000000000047
380.1000000000179,380.7786472278703,0.10000000000002274,0.1,2.273181642920008e-14,0.0,5,3,120,51,36.09790491941434,23.405497393175686,52.42000000000047
380.20000000001795,380.8786472278703,0.10000000000002274,0.1,2.273181642920008e-14,0.0,5,3,120,51,35.99790491941434,23.305497393175685,52.52000000000048
380.300000000018,380.97864722787034,0.10000000000002274,0.1,2.273181642920008e-14,0.0,5,3,120,51,35.89790491941434,23.205497393175683,52.62000000000048
380.400000000018,381.07864722787036,0.10000000000002274,0.1,2.273181642920008e-14,0.0,5,3,120,51,35.797904919414336,23.105497393175682,52.72000000000048
380.500000000018,381.1786472278704,0.10000000000002274,0.1,2.273181642920008e-14,0.0,5,3,120,51,35.69790491941434,23.00549739317568,52.82000000000048
380.60000000001804,381.2786472278704,0.10000000000002274,0.1,2.273181642920008e-14,0.0,5,3,120,51,35.59790491941434,22.90549739317568,52.920000000000485
380.70000000001806,381.37864722787043,0.10000000000002274,0.1,2.273181642920008e-14,0.0,5,3,120,50,35.497904919414346,22.805497393175678,53.02000000000048
380.8000000000181,381.47864722787045,0.10000000000002274,0.1,2.273181642920008e-14,0.0,5,3,120,50,35.397904919414344,22.705497393175676,53.12000000000048
380.9000000000181,381.5786472278705,0.10000000000002274,0.1,2.273181642920008e-14,0.0,5,3,121,50,35.29790491941434,22.605497393175675,53.22000000000048
381.00000000001813,381.6786472278705,0.10000000000002274,0.1,2.273181642920008e-14,0.0,5,3,120,50,35.19790491941434,22.505497393175673,53.32000000000048
381.10000000001816,381.7786472278705,0.10000000000002274,0.1,2.273181642920008e-14,0.0,5,3,120,49,35.09790491941435,22.405497393175672,53.42000000000049
381.2000000000182,381.87864722787054,0.10000000000002274,0.1,2.273181642920008e-14,0.0,5,3,120,49,34.997904919414346,22.30549739317567,53.52000000000049
381.3000000000182,381.97864722787057,0.10000000000002274,0.1,2.273181642920008e-14,0.0,5,3,119,48,34.897904919414344,22.20549739317567,53.620000000000495
381.4000000000182,382.0786472278706,0.10000000000002274,0.1,2.273181642920008e-14,0.0,5,3,120,48,34.79790491941434,22.105497393175668,53.720000000000496
381.50000000001825,382.1786472278706,0.10000000000002274,0.1,2.273181642920008e-14,0.0,5,3,121,48,34.69790491941435,22.005497393175666,53.82000000000049
381.60000000001827,382.27864722787064,0.10000000000002274,0.1,2.273181642920008e-14,0.0,5,3,121,48,34.59790491941435,21.905497393175665,53.92000000000049
381.7000000000183,382.37864722787066,0.10000000000002274,0.1,2.273181642920008e-14,0.0,5,3,122,48,34.49790491941435,21.805497393175663,54.02000000000049
381.8000000000183,382.4786472278707,0.10000000000002274,0.1,2.273181642920008e-14,0.0,5,3,122,48,34.39790491941435,21.705497393175662,54.1200000000005
381.90000000001834,382.5786472278707,0.10000000000002274,0.1,2.273181642920008e-14,0.0,5,3,123,48,34.29790491941435,21.60549739317566,54.2200000000005
382.00000000001836,382.6786472278707,0.10000000000002274,0.1,2.273181642920008e-14,0.0,5,3,124,49,34.19790491941435,21.50549739317566,54.320000000000505
382.1000000000184,382.77864722787075,0.10000000000002274,0.1,2.273181642920008e-14,0.0,5,3,124,49,34.09790491941435,21.405497393175658,54.420000000000506
382.2000000000184,382.8786472278708,0.10000000000002274,0.1,2.273181642920008e-14,0.0,5,3,125,50,33.99790491941435,21.305497393175656,54.52000000000051
382.30000000001843,382.9786472278708,0.10000000000002274,0.1,2.273181642920008e-14,0.0,5,3,127,49,33.89790491941436,21.205497393175655,54.6200000000005
382.40000000001845,383.0786472278708,0.10000000000002274,0.1,2.273181642920008e-14,0.0,5,3,128,49,33.79790491941436,21.105497393175654,54.7200000000005
382.5000000000185,383.17864722787084,0.10000000000002274,0.1,2.273181642920008e-14,0.0,5,3,128,49,33.697904919414356,21.005497393175652,54.820000000000505
382.6000000000185,383.27864722787086,0.10000000000002274,0.1,2.273181642920008e-14,0.0,5,3,128,50,33.597904919414354,20.90549739317565,54.920000000000506
382.7000000000185,383.3786472278709,0.10000000000002274,0.1,2.273181642920008e-14,0.0,5,3,128,50,33.49790491941435,20.80549739317565,55.020000000000515
382.80000000001854,383.4786472278709,0.10000000000002274,0.1,2.273181642920008e-14,0.0,5,3,128,50,33.39790491941436,20.705497393175648,55.120000000000516
382.90000000001857,383.57864722787093,0.10000000000002274,0.1,2.273181642920008e-14,0.0,5,3,128,50,33.29790491941436,20.605497393175646,55.22000000000052
383.0000000000186,383.67864722787095,0.10000000000002274,0.1,2.273181642920008e-14,0.0,5,3,129,49,33.197904919414356,20.505497393175645,55.32000000000052
383.1000000000186,383.778647227871,0.10000000000002274,0.1,2.273181642920008e-14,0.0,5,3,129,49,33.09790491941436,20.405497393175644,55.42000000000051
383.20000000001863,383.878647227871,0.10000000000002274,0.1,2.273181642920008e-14,0.0,5,3,130,49,32.99790491941436,20.305497393175642,55.520000000000515
383.30000000001866,383.978647227871,0.10000000000002274,0.1,2.273181642920008e-14,0.0,5,3,129,49,32.714212862458886,20.20549739317564,55.620000000000516
383.4000000000187,384.07864722787104,0.10000000000002274,0.1,2.273181642920008e-14,0.0,5,3,129,49,32.41421286245888,20.10549739317564,55.720000000000525
383.5000000000187,384.17864722787107,0.10000000000002274,0.1,2.273181642920008e-14,0.0,5,3,128,49,32.21000455971102,20.005497393175638,55.820000000000526
383.6000000000187,384.3386472278711,0.160000000000025,0.1,0.060000000000025006,0.0,5,3,127,49,44.0068088998746,19.905497393175636,55.92000000000053
383.70000000001875,384.4386472278711,0.10000000000002274,0.1,2.273181642920008e-14,0.0,5,3,127,49,43.804370263208156,19.805497393175635,56.02000000000053
383.80000000001877,384.53864722787114,0.10000000000002274,0.1,2.273181642920008e-14,0.0,5,3,128,49,43.60251465192339,19.705497393175634,56.12000000000053
383.9000000000188,384.63864722787116,0.10000000000002274,0.1,2.273181642920008e-14,0.0,5,3,128,49,43.401123531770274,19.605497393175632,56.220000000000525
384.0000000000188,384.7386472278712,0.10000000000002274,0.1,2.273181642920008e-14,0.0,5,3,128,49,43.20003424228353,19.50549739317563,56.320000000000526
384.10000000001884,384.8986472278712,0.160000000000025,0.1,0.060000000000025006,0.0,5,3,127,49,54.95829447719243,19.40549739317563,56.42000000000053
384.20000000001886,384.99864722787123,0.10000000000002274,0.1,2.273181642920008e-14,0.0,5,3,126,49,54.810299712280106,19.305497393175628,56.52000000000053
384.3000000000189,385.09864722787125,0.10000000000002274,0.1,2.273181642920008e-14,0.0,5,3,126,49,54.54705640364032,19.205497393175627,56.62000000000054
384.4000000000189,385.1986472278713,0.10000000000002274,0.1,2.273181642920008e-14,0.0,5,3,127,47,54.347056403640316,19.105497393175625,56.72000000000054
384.50000000001893,385.2986472278713,0.10000000000002274,0.1,2.273181642920008e-14,0.0,5,3,127,47,54.14705640364032,19.005497393175624,56.82000000000054
384.60000000001895,385.4236472278713,0.125,0.1,0.024999999999999994,0.0,5,3,126,47,58.93432400819296,18.905497393175622,56.92000000000054
384.700000000019,385.5236472278713,0.10000000000002274,0.1,2.273181642920008e-14,0.0,5,3,126,47,58.742314318492255,18.80549739317562,57.020000000000536
384.800000000019,385.62364722787134,0.10000000000002274,0.1,2.273181642920008e-14,0.0,5,3,126,47,58.44727166666672,18.70549739317562,57.12000000000054
384.900000000019,385.72364722787137,0.10000000000002274,0.1,2.273181642920008e-14,0.0,5,3,126,47,58.23119137432233,18.605497393175618,57.22000000000054
385.00000000001904,385.8236472278714,0.10000000000002274,0.1,2.273181642920008e-14,0.0,5,3,126,47,58.031191374322326,18.505497393175617,57.32000000000055
385.10000000001907,385.96704722787143,0.14340000000004238,0.1,0.04340000000004238,0.0,5,3,124,47,66.51119137432235,18.405497393175615,57.42000000000055
385.2000000000191,386.06704722787146,0.10000000000002274,0.1,2.273181642920008e-14,0.0,6,3,123,47,51.10021531706557,25.83351399246662,47.95000000000045
385.3000000000191,386.1670472278715,0.10000000000002274,0.1,2.273181642920008e-14,0.0,6,3,123,47,50.724898293517946,25.73351399246662,48.05000000000046
385.40000000001913,386.3624472278715,0.19540000000000646,0.1,0.09540000000000645,0.0,6,3,121,47,66.35823162685134,25.633513992466618,48.15000000000046
385.50000000001916,386.4624472278715,0.10000000000002274,0.1,2.273181642920008e-14,0.0,6,3,122,47,66.15635222458197,25.533513992466617,48.25000000000046
385.6000000000192,386.56244722787153,0.10000000000002274,0.1,2.273181642920008e-14,0.0,6,3,122,48,65.87854577056684,25.433513992466615,48.350000000000456
385.7000000000192,386.66244722787155,0.10000000000002274,0.1,2.273181642920008e-14,0.0,6,3,122,48,65.5823479129315,25.333513992466614,48.450000000000465
385.8000000000192,386.7624472278716,0.10000000000002274,0.1,2.273181642920008e-14,0.0,6,3,122,48,65.31568124626484,25.233513992466612,48.550000000000466
385.90000000001925,386.8624472278716,0.10000000000002274,0.1,2.273181642920008e-14,0.0,6,3,121,48,65.04901457959816,25.13351399246661,48.65000000000046
386.00000000001927,387.0550472278716,0.1926000000000272,0.1,0.09260000000002719,0.0,6,3,119,48,80.21568124626488,25.03351399246661,48.75000000000046
386.1000000000193,387.15504722787165,0.10000000000002274,0.1,2.273181642920008e-14,0.0,7,3,119,48,64.97870363447626,24.933513992466608,41.885714285714684
386.2000000000193,387.25504722787167,0.10000000000002274,0.1,2.273181642920008e-14,0.0,7,3,119,48,64.58475714317065,24.833513992466607,41.985714285714685
386.30000000001934,387.3820472278717,0.12700000000000955,0.1,0.027000000000009544,0.0,7,3,117,48,68.1276142860278,24.733513992466605,42.08571428571469
386.40000000001936,387.5036472278717,0.12160000000000082,0.1,0.021600000000000813,0.0,8,3,115,48,58.90788521866674,72.7447270720921,36.92500000000035
386.5000000000194,387.6036472278717,0.10000000000002274,0.1,2.273181642920008e-14,0.0,8,3,115,47,58.57527460931771,72.64472707209211,37.025000000000354
386.6000000000194,387.7528472278717,0.14920000000000755,0.1,0.04920000000000754,0.0,8,3,114,47,64.39339390567038,72.54472707209212,37.125000000000355
386.70000000001943,387.85284722787173,0.10000000000002274,0.1,2.273181642920008e-14,0.0,8,3,113,46,64.07862022477113,72.44472707209212,37.22500000000036
386.80000000001945,387.95284722787176,0.10000000000002274,0.1,2.273181642920008e-14,0.0,8,3,112,46,63.77138167562429,72.34472707209213,37.32500000000036
386.9000000000195,388.0528472278718,0.10000000000002274,0.1,2.273181642920008e-14,0.0,8,3,112,46,63.52877684222825,72.24472707209213,37.42500000000036
387.0000000000195,388.1528472278718,0.10000000000002274,0.1,2.273181642920008e-14,0.0,8,3,112,46,63.366276842228245,72.14472707209214,37.52500000000036
387.1000000000195,388.2528472278718,0.10000000000002274,0.1,2.273181642920008e-14,0.0,8,3,113,46,63.20377684222825,72.04472707209214,37.62500000000036
387.20000000001954,388.35284722787185,0.10000000000002274,0.1,2.273181642920008e-14,0.0,8,3,113,46,63.08009280471693,71.94472707209215,37.72500000000036
387.30000000001957,388.45284722787187,0.10000000000002274,0.1,2.273181642920008e-14,0.0,8,3,113,46,62.98009280471693,71.84472707209216,37.82500000000036
387.4000000000196,388.5528472278719,0.10000000000002274,0.1,2.273181642920008e-14,0.0,8,3,113,46,62.88009280471694,71.74472707209216,37.92500000000036
387.5000000000196,388.6528472278719,0.10000000000002274,0.1,2.273181642920008e-14,0.0,8,3,114,46,62.780092804716936,71.64472707209217,38.02500000000036
387.60000000001963,388.75284722787194,0.10000000000002274,0.1,2.273181642920008e-14,0.0,8,3,115,46,62.68009280471694,71.54472707209217,38.12500000000036
387.70000000001966,388.85284722787196,0.10000000000002274,0.1,2.273181642920008e-14,0.0,8,3,115,45,62.58009280471694,71.44472707209218,38.225000000000364
387.8000000000197,388.952847227872,0.10000000000002274,0.1,2.273181642920008e-14,0.0,8,3,114,45,62.480092804716946,71.34472707209218,38.325000000000365
387.9000000000197,389.052847227872,0.10000000000002274,0.1,2.273181642920008e-14,0.0,8,3,114,45,62.380092804716945,71.24472707209219,38.42500000000037
388.0000000000197,389.15284722787203,0.10000000000002274,0.1,2.273181642920008e-14,0.0,8,3,114,45,62.28009280471695,71.1447270720922,38.52500000000037
388.10000000001975,389.25284722787205,0.10000000000002274,0.1,2.273181642920008e-14,0.0,8,3,114,45,62.180092804716956,71.0447270720922,38.62500000000037
388.20000000001977,389.3528472278721,0.10000000000002274,0.1,2.273181642920008e-14,0.0,8,3,114,45,62.080092804716955,70.9447270720922,38.72500000000037
388.3000000000198,389.4528472278721,0.10000000000002274,0.1,2.273181642920008e-14,0.0,8,3,114,45,61.98009280471696,70.84472707209221,38.82500000000037
388.4000000000198,389.5528472278721,0.10000000000002274,0.1,2.273181642920008e-14,0.0,8,3,115,45,61.88009280471696,70.74472707209222,38.925000000000374
388.50000000001984,389.65284722787214,0.10000000000002274,0.1,2.273181642920008e-14,0.0,8,3,115,46,61.780092804716965,70.64472707209222,39.025000000000375
388.60000000001986,389.75284722787217,0.10000000000002274,0.1,2.273181642920008e-14,0.0,8,3,115,45,61.68009280471697,70.54472707209223,39.12500000000037
388.7000000000199,389.8528472278722,0.10000000000002274,0.1,2.273181642920008e-14,0.0,8,3,115,45,61.58009280471697,70.44472707209223,39.22500000000037
388.8000000000199,389.9528472278722,0.10000000000002274,0.1,2.273181642920008e-14,0.0,8,3,115,45,61.480092804716975,70.34472707209224,39.32500000000037
388.90000000001993,390.05284722787223,0.10000000000002274,0.1,2.273181642920008e-14,0.0,8,3,115,46,61.38009280471697,70.24472707209225,39.425000000000374
389.00000000001995,390.15284722787226,0.10000000000002274,0.1,2.273181642920008e-14,0.0,8,3,115,46,61.28009280471698,70.14472707209225,39.525000000000375
389.10000000002,390.2528472278723,0.10000000000002274,0.1,2.273181642920008e-14,0.0,8,3,115,46,61.18009280471698,70.04472707209226,39.62500000000038
389.20000000002,390.3528472278723,0.10000000000002274,0.1,2.273181642920008e-14,0.0,8,3,114,46,61.08009280471698,69.94472707209226,39.72500000000038
389.30000000002,390.4528472278723,0.10000000000002274,0.1,2.273181642920008e-14,0.0,8,3,114,45,60.98009280471699,69.84472707209227,39.82500000000038
389.40000000002004,390.55284722787235,0.10000000000002274,0.1,2.273181642920008e-14,0.0,7,3,116,45,69.60251189455673,69.74472707209227,36.84285714285749
389.50000000002007,390.65284722787237,0.10000000000002274,0.1,2.273181642920008e-14,0.0,7,3,116,45,69.50251189455672,69.64472707209228,36.9428571428575
389.6000000000201,390.7528472278724,0.10000000000002274,0.1,2.273181642920008e-14,0.0,7,3,116,44,69.40251189455672,69.54472707209229,37.04285714285749
389.7000000000201,390.8528472278724,0.10000000000002274,0.1,2.273181642920008e-14,0.0,7,3,116,44,69.30251189455673,69.44472707209229,37.142857142857494
389.80000000002013,390.95284722787244,0.10000000000002274,0.1,2.273181642920008e-14,0.0,7,3,116,45,69.20251189455674,69.3447270720923,37.24285714285749
389.90000000002016,391.05284722787246,0.10000000000002274,0.1,2.273181642920008e-14,0.0,7,3,116,45,69.10251189455674,69.2447270720923,37.3428571428575
390.0000000000202,391.1528472278725,0.10000000000002274,0.1,2.273181642920008e-14,0.0,7,3,116,45,69.00251189455675,69.14472707209231,37.4428571428575
390.1000000000202,391.2528472278725,0.10000000000002274,0.1,2.273181642920008e-14,0.0,7,3,116,45,68.90251189455674,69.04472707209231,37.54285714285749
390.2000000000202,391.35284722787253,0.10000000000002274,0.1,2.273181642920008e-14,0.0,7,3,116,45,68.80251189455676,68.94472707209232,37.6428571428575
390.30000000002025,391.45284722787255,0.10000000000002274,0.1,2.273181642920008e-14,0.0,7,3,116,44,68.70251189455675,68.84472707209233,37.742857142857495
390.40000000002027,391.5528472278726,0.10000000000002274,0.1,2.273181642920008e-14,0.0,7,3,116,44,68.60251189455676,68.74472707209233,37.8428571428575
390.5000000000203,391.6528472278726,0.10000000000002274,0.1,2.273181642920008e-14,0.0,7,3,115,44,68.42448238789109,68.09852052543266,37.9428571428575
390.6000000000203,391.78784722787265,0.13500000000004775,0.1,0.03500000000004774,0.0,7,3,114,44,73.25305381646253,89.64876551264813,38.0428571428575
390.70000000002034,391.88784722787267,0.10000000000002274,0.1,2.273181642920008e-14,0.0,7,3,115,44,73.13585087818025,89.54876551264813,38.1428571428575
390.80000000002036,392.0262472278727,0.13840000000004693,0.1,0.038400000000046924,0.0,7,3,114,44,78.421342142942,89.44876551264814,38.242857142857495
390.9000000000204,392.12624722787274,0.10000000000002274,0.1,2.273181642920008e-14,0.0,7,3,114,44,78.26837646209744,89.34876551264814,38.3428571428575
391.0000000000204,392.22624722787276,0.10000000000002274,0.1,2.273181642920008e-14,0.0,7,3,114,44,78.0878894569661,89.24876551264815,38.4428571428575
391.10000000002043,392.3262472278728,0.10000000000002274,0.1,2.273181642920008e-14,0.0,7,3,114,44,77.91646088553752,89.14876551264815,38.54285714285749
391.20000000002045,392.4262472278728,0.10000000000002274,0.1,2.273181642920008e-14,0.0,7,3,113,44,77.74503231410895,89.04876551264816,38.642857142857494
391.3000000000205,392.52624722787283,0.10000000000002274,0.1,2.273181642920008e-14,0.0,7,3,112,44,77.57360374268039,88.94876551264817,38.74285714285749
391.4000000000205,392.62624722787285,0.10000000000002274,0.1,2.273181642920008e-14,0.0,7,3,113,44,77.40217517125181,88.84876551264817,38.84285714285749
391.5000000000205,392.7262472278729,0.10000000000002274,0.1,2.273181642920008e-14,0.0,7,3,113,44,77.23074659982326,88.74876551264818,38.942857142857484
391.60000000002054,392.8262472278729,0.10000000000002274,0.1,2.273181642920008e-14,0.0,7,3,113,44,77.05931802839469,88.64876551264818,39.042857142857486
391.70000000002057,392.9262472278729,0.10000000000002274,0.1,2.273181642920008e-14,0.0,7,3,113,44,76.88788945696612,88.54876551264819,39.14285714285749
391.8000000000206,393.02624722787294,0.10000000000002274,0.1,2.273181642920008e-14,0.0,7,3,113,44,76.71646088553756,88.4487655126482,39.24285714285748
391.9000000000206,393.12624722787297,0.10000000000002274,0.1,2.273181642920008e-14,0.0,7,3,113,44,76.54503231410898,88.3487655126482,39.34285714285748
392.00000000002063,393.226247227873,0.10000000000002274,0.1,2.273181642920008e-14,0.0,7,3,113,44,76.37360374268042,88.2487655126482,39.442857142857484
392.10000000002066,393.326247227873,0.10000000000002274,0.1,2.273181642920008e-14,0.0,7,3,113,44,76.20217517125184,88.14876551264821,39.54285714285748
392.2000000000207,393.42624722787303,0.10000000000002274,0.1,2.273181642920008e-14,0.0,7,3,112,45,76.03074659982327,88.04876551264822,39.64285714285747
392.3000000000207,393.52624722787306,0.10000000000002274,0.1,2.273181642920008e-14,0.0,7,3,112,45,75.8593180283947,87.94876551264822,39.742857142857474
392.4000000000207,393.6862472278731,0.160000000000025,0.1,0.060000000000025006,0.0,7,3,111,46,84.25931802839476,87.84876551264823,39.842857142857476
392.50000000002075,393.7862472278731,0.10000000000002274,0.1,2.273181642920008e-14,0.0,7,3,111,46,84.0878894569662,87.74876551264823,39.94285714285747
392.60000000002077,393.8862472278731,0.10000000000002274,0.1,2.273181642920008e-14,0.0,7,3,111,46,83.91519526044058,87.64876551264824,40.04285714285747
392.7000000000208,393.98624722787315,0.10000000000002274,0.1,2.273181642920008e-14,0.0,7,3,110,46,83.743766689012,87.54876551264825,40.142857142857466
392.8000000000208,394.1462472278732,0.160000000000025,0.1,0.060000000000025006,0.0,7,3,109,46,92.14376668901207,87.44876551264825,40.24285714285747
392.90000000002084,394.2462472278732,0.10000000000002274,0.1,2.273181642920008e-14,0.0,8,3,109,47,77.33829585288557,87.34876551264826,35.31250000000028
393.00000000002086,394.3462472278732,0.10000000000002274,0.1,2.273181642920008e-14,0.0,8,3,109,47,77.11092810668923,87.24876551264826,35.41250000000028
393.1000000000209,394.44624722787324,0.10000000000002274,0.1,2.273181642920008e-14,0.0,8,3,110,48,76.8837897092621,87.14876551264827,35.51250000000027
393.2000000000209,394.54624722787327,0.10000000000002274,0.1,2.273181642920008e-14,0.0,8,3,110,48,76.65529975768851,87.04876551264827,35.612500000000274
393.30000000002093,394.6462472278733,0.10000000000002274,0.1,2.273181642920008e-14,0.0,8,3,110,48,76.42771862179835,86.94876551264828,35.71250000000027
393.40000000002095,394.7462472278733,0.10000000000002274,0.1,2.273181642920008e-14,0.0,8,3,111,48,76.1960081877657,86.84876551264828,35.81250000000026
393.500000000021,394.84624722787333,0.10000000000002274,0.1,2.273181642920008e-14,0.0,8,3,111,49,75.95976705953356,86.74876551264829,35.912500000000264
393.600000000021,394.94624722787336,0.10000000000002274,0.1,2.273181642920008e-14,0.0,8,3,112,49,75.73382439318607,86.6487655126483,36.01250000000026
393.700000000021,395.0462472278734,0.10000000000002274,0.1,2.273181642920008e-14,0.0,8,3,112,49,75.50615421916815,86.5487655126483,36.11250000000025
393.80000000002104,395.1462472278734,0.10000000000002274,0.1,2.273181642920008e-14,0.0,8,3,113,49,75.26917386454808,86.44876551264831,36.212500000000254
393.90000000002107,395.2462472278734,0.10000000000002274,0.1,2.273181642920008e-14,0.0,8,3,113,49,75.0259833122148,86.34876551264831,36.31250000000025
394.0000000000211,395.34624722787345,0.10000000000002274,0.1,2.273181642920008e-14,0.0,8,3,112,49,73.9776622679157,85.51829764584012,36.41250000000025
394.1000000000211,395.44624722787347,0.10000000000002274,0.1,2.273181642920008e-14,0.0,8,3,111,49,73.54892156708657,84.91819968701888,36.512500000000244
394.20000000002113,395.5462472278735,0.10000000000002274,0.1,2.273181642920008e-14,0.0,8,3,111,49,72.50143017157745,84.31819968701889,36.61250000000024
394.30000000002116,395.6462472278735,0.10000000000002274,0.1,2.273181642920008e-14,0.0,8,3,112,49,71.51575350597574,83.71809933503043,36.71250000000024
394.4000000000212,395.74624722787354,0.10000000000002274,0.1,2.273181642920008e-14,0.0,8,3,111,50,71.14944057108798,83.11796985283745,36.812500000000234
394.5000000000212,395.8674472278736,0.12120000000004438,0.1,0.021200000000044378,0.0,8,3,110,49,72.79765155872411,82.51796985283745,36.912500000000236
394.6000000000212,395.9674472278736,0.10000000000002274,0.1,2.273181642920008e-14,0.0,8,3,110,48,72.41056983500312,81.91796985283746,37.01250000000023
394.70000000002125,396.06744722787363,0.10000000000002274,0.1,2.273181642920008e-14,0.0,8,3,110,48,71.39628667614333,81.31796985283746,37.112500000000225
394.80000000002127,396.16744722787365,0.10000000000002274,0.1,2.273181642920008e-14,0.0,8,3,110,48,70.9967429920567,80.71796985283747,37.212500000000226
394.9000000000213,396.2674472278737,0.10000000000002274,0.1,2.273181642920008e-14,0.0,8,3,110,48,69.98038814664145,80.11796985283748,37.31250000000022
395.0000000000213,396.3674472278737,0.10000000000002274,0.1,2.273181642920008e-14,0.0,8,3,112,48,69.57734767781787,79.51796985283748,37.412500000000215
395.10000000002134,396.5274472278737,0.160000000000025,0.1,0.060000000000025006,0.0,8,3,111,49,76.06156936393,90.52734631391714,37.512500000000216
395.20000000002136,396.62744722787374,0.10000000000002274,0.1,2.273181642920008e-14,0.0,8,3,112,49,75.65316166084982,90.42734631391714,37.61250000000021
395.3000000000214,396.72744722787377,0.10000000000002274,0.1,2.273181642920008e-14,0.0,8,3,112,49,75.28836792270873,90.32734631391715,37.71250000000021
395.4000000000214,396.8566472278738,0.12920000000002574,0.1,0.029200000000025733,0.0,8,3,110,49,78.58836792270873,90.22734631391715,37.812500000000206
395.50000000002143,396.25146752934546,-0.6051796985283318,0.1,0.06000000000004335,0.7651796985283751,7,3,108,49,87.05709066268459,90.12734631391716,42.01428571428595
395.60000000002145,396.3514675293455,0.10000000000002274,0.1,2.273181642920008e-14,0.0,7,3,108,50,86.76675562429067,90.02734631391716,42.11428571428594
395.7000000000215,396.4514675293455,0.10000000000002274,0.1,2.273181642920008e-14,0.0,6,3,108,50,100.89403034230128,130.52052407955821,38.11666666666685
395.8000000000215,396.55146752934553,0.10000000000002274,0.1,2.273181642920008e-14,0.0,6,3,107,50,100.61756628801739,130.31851928374454,38.216666666666846
395.9000000000215,396.65146752934555,0.10000000000002274,0.1,2.273181642920008e-14,0.0,6,3,106,50,100.41050657070326,130.1675168858377,38.31666666666684
396.00000000002154,396.7514675293456,0.10000000000002274,0.1,2.273181642920008e-14,0.0,6,3,106,50,100.25875652603746,130.0675168858377,38.41666666666684
396.10000000002157,396.8514675293456,0.10000000000002274,0.1,2.273181642920008e-14,0.0,6,3,105,50,100.15875652603745,129.9675168858377,38.51666666666684
396.2000000000216,396.9514675293456,0.10000000000002274,0.1,2.273181642920008e-14,0.0,6,3,105,50,100.05875652603747,129.86751688583772,38.61666666666684
396.3000000000216,397.05146752934564,0.10000000000002274,0.1,2.273181642920008e-14,0.0,6,3,106,50,99.95875652603746,129.76751688583772,38.71666666666683
396.40000000002163,397.15146752934567,0.10000000000002274,0.1,2.273181642920008e-14,0.0,6,3,106,51,99.85875652603748,129.66751688583773,38.816666666666826
396.50000000002166,397.2514675293457,0.10000000000002274,0.1,2.273181642920008e-14,0.0,6,3,106,51,99.75875652603747,129.56751688583773,38.91666666666683
396.6000000000217,397.3514675293457,0.10000000000002274,0.1,2.273181642920008e-14,0.0,6,3,106,51,99.65875652603746,129.46751688583774,39.01666666666683
396.7000000000217,397.45146752934573,0.10000000000002274,0.1,2.273181642920008e-14,0.0,6,3,107,51,99.55875652603748,129.36751688583774,39.11666666666682
396.8000000000217,397.55146752934576,0.10000000000002274,0.1,2.273181642920008e-14,0.0,6,3,106,51,99.45875652603748,129.26751688583775,39.21666666666682
396.90000000002175,397.6514675293458,0.10000000000002274,0.1,2.273181642920008e-14,0.0,6,3,105,51,99.3587565260375,129.16751688583776,39.31666666666681
397.00000000002177,397.7514675293458,0.10000000000002274,0.1,2.273181642920008e-14,0.0,6,3,105,52,99.16741130942067,129.06751688583776,39.41666666666681
397.1000000000218,397.8514675293458,0.10000000000002274,0.1,2.273181642920008e-14,0.0,6,3,105,52,98.98168138239943,128.96751688583777,39.51666666666681
397.2000000000218,397.95146752934585,0.10000000000002274,0.1,2.273181642920008e-14,0.0,6,3,105,52,98.79825369978603,128.86751688583777,39.61666666666681
397.30000000002184,398.05146752934587,0.10000000000002274,0.1,2.273181642920008e-14,0.0,6,3,105,52,98.61409986021455,128.76751688583778,39.716666666666804
397.40000000002186,398.1514675293459,0.10000000000002274,0.1,2.273181642920008e-14,0.0,6,3,104,52,98.31391645093494,128.66751688583778,39.8166666666668
397.5000000000219,398.2514675293459,0.10000000000002274,0.1,2.273181642920008e-14,0.0,6,3,105,52,98.0134307125499,128.5675168858378,39.9166666666668
397.6000000000219,398.35146752934594,0.10000000000002274,0.1,2.273181642920008e-14,0.0,6,3,105,52,97.71350850719152,128.4675168858378,40.016666666666794
397.70000000002193,398.45146752934596,0.10000000000002274,0.1,2.273181642920008e-14,0.0,6,3,106,52,97.41388415238971,128.3675168858378,40.116666666666795
397.80000000002195,398.551467529346,0.10000000000002274,0.1,2.273181642920008e-14,0.0,6,3,106,53,97.11415927605827,128.2675168858378,40.21666666666679
397.900000000022,398.651467529346,0.10000000000002274,0.1,2.273181642920008e-14,0.0,6,3,105,53,96.81427344976078,128.1675168858378,40.316666666666784
398.000000000022,398.75146752934603,0.10000000000002274,0.1,2.273181642920008e-14,0.0,6,3,105,53,96.51346028475602,128.06751688583782,40.41666666666678
398.100000000022,398.85146752934605,0.10000000000002274,0.1,2.273181642920008e-14,0.0,6,3,105,52,96.21213492172772,127.96751688583782,40.51666666666678
398.20000000002204,398.9514675293461,0.10000000000002274,0.1,2.273181642920008e-14,0.0,6,3,104,53,95.91051256517113,127.86751688583783,40.61666666666678
398.30000000002207,399.0514675293461,0.10000000000002274,0.1,2.273181642920008e-14,0.0,6,3,103,53,95.60868618919862,127.76751688583784,40.716666666666775
398.4000000000221,399.1514675293461,0.10000000000002274,0.1,2.273181642920008e-14,0.0,6,3,104,53,95.30669936937245,127.66751688583784,40.81666666666677
398.5000000000221,399.25146752934614,0.10000000000002274,0.1,2.273181642920008e-14,0.0,6,3,105,53,95.00457522846331,127.56751688583785,40.916666666666764
398.60000000002213,399.35146752934617,0.10000000000002274,0.1,2.273181642920008e-14,0.0,6,3,105,53,94.70232789883208,127.46751688583785,41.016666666666765
398.70000000002216,399.4514675293462,0.10000000000002274,0.1,2.273181642920008e-14,0.0,6,3,104,53,94.39996706531328,127.36751688583786,41.11666666666676
398.8000000000222,399.5514675293462,0.10000000000002274,0.1,2.273181642920008e-14,0.0,6,3,104,53,94.05334107772518,127.26751688583786,41.21666666666676
398.9000000000222,399.65146752934623,0.10000000000002274,0.1,2.273181642920008e-14,0.0,6,3,104,53,93.74005624112534,127.16751688583787,41.316666666666755
399.0000000000222,399.75146752934626,0.10000000000002274,0.1,2.273181642920008e-14,0.0,6,3,104,54,93.43838957445867,127.06751688583788,41.41666666666675
399.10000000002225,399.8514675293463,0.10000000000002274,0.1,2.273181642920008e-14,0.0,6,3,104,54,93.13655624112535,126.96751688583788,41.51666666666675
399.20000000002227,399.9514675293463,0.10000000000002274,0.1,2.273181642920008e-14,0.0,5,3,104,54,111.70616469085712,126.86751688583789,35.68000000000005
399.3000000000223,400.0514675293463,0.10000000000002274,0.1,2.273181642920008e-14,0.0,5,3,104,54,111.50616469085715,126.76751688583789,35.780000000000044
399.4000000000223,400.15146752934635,0.10000000000002274,0.1,2.273181642920008e-14,0.0,5,3,103,54,111.30616469085714,126.6675168858379,35.880000000000045
399.50000000002234,400.25146752934637,0.10000000000002274,0.1,2.273181642920008e-14,0.0,5,3,102,54,111.10616469085714,126.5675168858379,35.98000000000004
399.60000000002236,400.3514675293464,0.10000000000002274,0.1,2.273181642920008e-14,0.0,5,3,102,54,110.91627723787308,126.46751688583791,36.08000000000004
399.7000000000224,400.4514675293464,0.10000000000002274,0.1,2.273181642920008e-14,0.0,5,3,102,54,110.77133351138104,126.36751688583792,36.180000000000035
399.8000000000224,400.55146752934644,0.10000000000002274,0.1,2.273181642920008e-14,0.0,5,3,102,54,110.64886164813504,126.26751688583792,36.28000000000004
399.90000000002243,400.65146752934646,0.10000000000002274,0.1,2.273181642920008e-14,0.0,5,3,102,54,110.53762571651203,126.16751688583793,36.38000000000003
400.00000000002245,400.7514675293465,0.10000000000002274,0.1,2.273181642920008e-14,0.0,5,3,101,54,110.43762571651203,126.06751688583793,36.48000000000003
400.1000000000225,400.8514675293465,0.10000000000002274,0.1,2.273181642920008e-14,0.0,5,3,100,54,110.33762571651205,125.96751688583794,36.58000000000003
400.2000000000225,400.95146752934653,0.10000000000002274,0.1,2.273181642920008e-14,0.0,5,3,99,54,110.23762571651204,125.86751688583794,36.68000000000002
400.3000000000225,401.05146752934655,0.10000000000002274,0.1,2.273181642920008e-14,0.0,5,3,99,54,110.13762571651205,125.76751688583795,36.78000000000002
400.40000000002254,401.1514675293466,0.10000000000002274,0.1,2.273181642920008e-14,0.0,5,3,99,54,110.03762571651205,125.66751688583795,36.88000000000002
400.50000000002257,401.2514675293466,0.10000000000002274,0.1,2.273181642920008e-14,0.0,5,3,99,54,109.93762571651204,125.56751688583796,36.98000000000002
400.6000000000226,401.3514675293466,0.10000000000002274,0.1,2.273181642920008e-14,0.0,5,3,99,54,109.83762571651206,125.46751688583797,37.08000000000001
400.7000000000226,401.45146752934664,0.10000000000002274,0.1,2.273181642920008e-14,0.0,5,3,99,54,109.73762571651207,125.36751688583797,37.180000000000014
400.80000000002264,401.55146752934667,0.10000000000002274,0.1,2.273181642920008e-14,0.0,5,3,100,53,109.63762571651208,125.26751688583798,37.28000000000001
400.90000000002266,401.6514675293467,0.10000000000002274,0.1,2.273181642920008e-14,0.0,5,3,100,53,109.53762571651207,125.16751688583798,37.38000000000001
401.0000000000227,401.7514675293467,0.10000000000002274,0.1,2.273181642920008e-14,0.0,5,3,100,53,109.43762571651207,125.06751688583799,37.480000000000004
401.1000000000227,401.85146752934673,0.10000000000002274,0.1,2.273181642920008e-14,0.0,5,3,101,53,109.3376257165121,124.967516885838,37.58
401.2000000000227,401.95146752934676,0.10000000000002274,0.1,2.273181642920008e-14,0.0,5,3,102,53,109.2376257165121,124.867516885838,37.68
401.30000000002275,402.0514675293468,0.10000000000002274,0.1,2.273181642920008e-14,0.0,5,3,100,53,109.13762571651209,124.767516885838,37.779999999999994
401.40000000002277,402.1514675293468,0.10000000000002274,0.1,2.273181642920008e-14,0.0,5,3,100,53,109.0376257165121,124.66751688583801,37.879999999999995
401.5000000000228,402.2514675293468,0.10000000000002274,0.1,2.273181642920008e-14,0.0,5,3,100,53,108.93762571651209,124.56751688583802,37.98
401.6000000000228,402.35146752934685,0.10000000000002274,0.1,2.273181642920008e-14,0.0,5,3,100,53,108.8376257165121,124.46751688583802,38.07999999999999
401.70000000002284,402.45146752934687,0.10000000000002274,0.1,2.273181642920008e-14,0.0,5,3,100,53,108.73762571651211,124.36751688583803,38.17999999999999
401.80000000002286,402.5514675293469,0.10000000000002274,0.1,2.273181642920008e-14,0.0,5,3,98,53,108.63762571651212,124.26751688583803,38.27999999999999
401.9000000000229,402.6514675293469,0.10000000000002274,0.1,2.273181642920008e-14,0.0,5,3,97,53,108.53762571651211,124.16751688583804,38.37999999999998
402.0000000000229,402.75146752934694,0.10000000000002274,0.1,2.273181642920008e-14,0.0,5,3,96,53,108.43762571651212,124.06751688583805,38.47999999999998
402.10000000002293,402.85146752934696,0.10000000000002274,0.1,2.273181642920008e-14,0.0,5,3,96,53,108.33762571651212,123.96751688583805,38.57999999999998
402.20000000002295,402.951467529347,0.10000000000002274,0.1,2.273181642920008e-14,0.0,5,3,97,53,108.23762571651214,123.86751688583806,38.67999999999998
402.300000000023,403.051467529347,0.10000000000002274,0.1,2.273181642920008e-14,0.0,5,3,97,53,108.13762571651213,123.76751688583806,38.77999999999998
402.400000000023,403.15146752934703,0.10000000000002274,0.1,2.273181642920008e-14,0.0,5,3,97,53,108.03762571651214,123.66751688583807,38.879999999999974
402.500000000023,403.25146752934705,0.10000000000002274,0.1,2.273181642920008e-14,0.0,5,3,97,53,107.78662571651213,123.56751688583807,38.979999999999976
402.60000000002304,403.3514675293471,0.10000000000002274,0.1,2.273181642920008e-14,0.0,5,3,98,53,107.53542571651215,123.46751688583808,39.07999999999997
402.70000000002307,403.4514675293471,0.10000000000002274,0.1,2.273181642920008e-14,0.0,4,3,98,53,134.4956577973463,153.98500449317942,30.024999999999967
402.8000000000231,403.5514675293471,0.10000000000002274,0.1,2.273181642920008e-14,0.0,4,3,98,53,134.3956577973463,153.88500449317942,30.124999999999968
402.9000000000231,403.65146752934714,0.10000000000002274,0.1,2.273181642920008e-14,0.0,4,3,98,52,134.2956577973463,153.78500449317943,30.224999999999966
403.00000000002314,403.75146752934717,0.10000000000002274,0.1,2.273181642920008e-14,0.0,4,3,97,52,134.1956577973463,153.68500449317943,30.324999999999964
403.10000000002316,403.8514675293472,0.10000000000002274,0.1,2.273181642920008e-14,0.0,4,3,97,52,134.09565779734632,153.58500449317944,30.424999999999965
403.2000000000232,403.9514675293472,0.10000000000002274,0.1,2.273181642920008e-14,0.0,4,3,96,52,133.99565779734633,153.48500449317945,30.524999999999963
403.3000000000232,404.05146752934724,0.10000000000002274,0.1,2.273181642920008e-14,0.0,4,3,97,52,133.89565779734633,153.38500449317945,30.624999999999964
403.4000000000232,404.15146752934726,0.10000000000002274,0.1,2.273181642920008e-14,0.0,4,3,97,52,133.79565779734634,153.28500449317946,30.724999999999962
403.50000000002325,404.2514675293473,0.10000000000002274,0.1,2.273181642920008e-14,0.0,4,3,97,52,133.69565779734634,153.18500449317946,30.82499999999996
403.6000000000233,404.3514675293473,0.10000000000002274,0.1,2.273181642920008e-14,0.0,4,4,98,52,133.59565779734635,153.08500449317947,30.92499999999996
403.7000000000233,404.4514675293473,0.10000000000002274,0.1,2.273181642920008e-14,0.0,4,4,98,52,133.49565779734635,152.98500449317947,31.02499999999996
403.8000000000233,404.55146752934735,0.10000000000002274,0.1,2.273181642920008e-14,0.0,4,4,97,52,133.39565779734636,152.88500449317948,31.124999999999957
403.90000000002334,404.65146752934737,0.10000000000002274,0.1,2.273181642920008e-14,0.0,4,4,97,52,133.29565779734637,152.78500449317949,31.22499999999996
404.00000000002336,404.7514675293474,0.10000000000002274,0.1,2.273181642920008e-14,0.0,4,4,97,52,133.19565779734637,152.6850044931795,31.324999999999957
404.1000000000234,404.8514675293474,0.10000000000002274,0.1,2.273181642920008e-14,0.0,4,4,97,52,133.09565779734638,152.5850044931795,31.424999999999955
404.2000000000234,404.95146752934744,0.10000000000002274,0.1,2.273181642920008e-14,0.0,4,4,97,52,132.99565779734638,152.4850044931795,31.524999999999956
404.30000000002343,405.05146752934746,0.10000000000002274,0.1,2.273181642920008e-14,0.0,4,4,97,52,132.8956577973464,152.3850044931795,31.624999999999954
404.40000000002345,405.1514675293475,0.10000000000002274,0.1,2.273181642920008e-14,0.0,4,4,97,52,132.65916235542028,152.2850044931795,31.724999999999955
404.5000000000235,405.2514675293475,0.10000000000002274,0.1,2.273181642920008e-14,0.0,4,4,97,52,132.43087008076196,152.18500449317952,31.824999999999953
404.6000000000235,405.35146752934753,0.10000000000002274,0.1,2.273181642920008e-14,0.0,4,4,97,53,132.20586192213358,152.08500449317953,31.92499999999995
404.7000000000235,405.45146752934755,0.10000000000002274,0.1,2.273181642920008e-14,0.0,4,4,97,54,131.97955901172102,151.98500449317953,32.02499999999995
404.80000000002354,405.58546752934757,0.13400000000001455,0.1,0.034000000000014546,0.0,4,4,96,54,140.25205225956955,151.88500449317954,32.12499999999995
404.90000000002357,405.6854675293476,0.10000000000002274,0.1,2.273181642920008e-14,0.0,4,4,96,54,140.02387063801297,151.78500449317954,32.22499999999995
405.0000000000236,405.7854675293476,0.10000000000002274,0.1,2.273181642920008e-14,0.0,4,4,96,54,139.7962659973319,151.68500449317955,32.324999999999946
405.1000000000236,405.88546752934764,0.10000000000002274,0.1,2.273181642920008e-14,0.0,4,4,96,55,139.56891481018278,151.58500449317955,32.42499999999995
405.20000000002364,405.98546752934766,0.10000000000002274,0.1,2.273181642920008e-14,0.0,4,4,96,55,139.34232594838625,151.48500449317956,32.52499999999995
405.30000000002366,406.0854675293477,0.10000000000002274,0.1,2.273181642920008e-14,0.0,4,4,96,55,139.1126257750018,151.38500449317957,32.62499999999994
405.4000000000237,406.1854675293477,0.10000000000002274,0.1,2.273181642920008e-14,0.0,4,4,95,55,138.883947472252,151.28500449317957,32.724999999999945
405.5000000000237,406.2854675293477,0.10000000000002274,0.1,2.273181642920008e-14,0.0,4,4,96,54,138.65191343446614,151.18500449317958,32.824999999999946
405.6000000000237,406.38546752934775,0.10000000000002274,0.1,2.273181642920008e-14,0.0,4,4,95,54,138.42140414267183,151.08500449317958,32.92499999999995
405.70000000002375,406.4854675293478,0.10000000000002274,0.1,2.273181642920008e-14,0.0,4,4,95,54,138.1873315339326,150.9850044931796,33.02499999999994
405.8000000000238,406.5854675293478,0.10000000000002274,0.1,2.273181642920008e-14,0.0,4,4,95,54,137.95522305617547,150.8850044931796,33.12499999999994
405.9000000000238,406.6854675293478,0.10000000000002274,0.1,2.273181642920008e-14,0.0,4,4,94,54,137.6918967807344,150.7850044931796,33.224999999999945
406.0000000000238,406.78546752934784,0.10000000000002274,0.1,2.273181642920008e-14,0.0,4,4,95,54,137.46689678073437,150.6850044931796,33.32499999999994
406.10000000002384,406.88546752934786,0.10000000000002274,0.1,2.273181642920008e-14,0.0,4,4,95,54,137.2418967807344,150.5850044931796,33.42499999999994
406.20000000002386,407.02766752934787,0.14220000000000255,0.1,0.04220000000000254,0.0,4,4,94,54,147.56689678073442,150.48500449317962,33.52499999999994
406.3000000000239,407.1276675293479,0.10000000000002274,0.1,2.273181642920008e-14,0.0,4,4,94,54,147.40890339739948,150.38500449317962,33.624999999999936
406.4000000000239,407.2276675293479,0.10000000000002274,0.1,2.273181642920008e-14,0.0,4,4,94,54,147.15253800880782,150.28500449317963,33.72499999999994
406.50000000002393,407.32766752934793,0.10000000000002274,0.1,2.273181642920008e-14,0.0,4,4,94,54,146.92753800880783,150.18500449317963,33.82499999999994
406.60000000002395,407.48186752934794,0.154200000000003,0.1,0.054200000000002996,0.0,4,4,92,54,160.2525380088079,173.5027634964503,33.92499999999993
406.700000000024,407.64186752934796,0.160000000000025,0.1,0.060000000000025006,0.0,4,4,90,54,175.027538008808,173.40276349645032,34.024999999999935
406.800000000024,407.801867529348,0.160000000000025,0.1,0.060000000000025006,0.0,5,4,88,55,146.7932599802415,149.88500449317965,27.319999999999947
406.900000000024,407.901867529348,0.10000000000002274,0.1,2.273181642920008e-14,0.0,5,4,87,54,146.42426998019457,149.78500449317966,27.41999999999995
407.00000000002404,408.00186752934803,0.10000000000002274,0.1,2.273181642920008e-14,0.0,5,4,87,54,146.13977414000868,149.68500449317966,27.519999999999946
407.10000000002407,408.10186752934806,0.10000000000002274,0.1,2.273181642920008e-14,0.0,5,4,87,54,145.85950708461502,149.58500449317967,27.619999999999948
407.2000000000241,408.2018675293481,0.10000000000002274,0.1,2.273181642920008e-14,0.0,5,4,87,54,145.6207694801427,149.48500449317967,27.71999999999995
407.3000000000241,408.3018675293481,0.10000000000002274,0.1,2.273181642920008e-14,0.0,5,4,88,54,145.44050242474907,149.38500449317968,27.819999999999943
407.40000000002414,408.4018675293481,0.10000000000002274,0.1,2.273181642920008e-14,0.0,5,4,88,54,145.28311709121124,149.28500449317968,27.91999999999994
407.50000000002416,408.50186752934815,0.10000000000002274,0.1,2.273181642920008e-14,0.0,5,4,89,53,145.18311709121124,149.1850044931797,28.019999999999943
407.6000000000242,408.60186752934817,0.10000000000002274,0.1,2.273181642920008e-14,0.0,5,4,90,53,145.08311709121125,149.0850044931797,28.11999999999994
407.7000000000242,408.7018675293482,0.10000000000002274,0.1,2.273181642920008e-14,0.0,5,4,90,53,144.98311709121126,148.9850044931797,28.219999999999942
407.8000000000242,408.8018675293482,0.10000000000002274,0.1,2.273181642920008e-14,0.0,5,4,90,53,144.88311709121126,148.8850044931797,28.319999999999943
407.90000000002425,408.90186752934824,0.10000000000002274,0.1,2.273181642920008e-14,0.0,5,4,90,53,144.78311709121127,148.7850044931797,28.41999999999994
408.0000000000243,409.00186752934826,0.10000000000002274,0.1,2.273181642920008e-14,0.0,5,4,90,53,144.68311709121127,148.68500449317972,28.519999999999943
408.1000000000243,409.1018675293483,0.10000000000002274,0.1,2.273181642920008e-14,0.0,5,4,90,53,144.58311709121128,148.58500449317972,28.61999999999994
408.2000000000243,409.2018675293483,0.10000000000002274,0.1,2.273181642920008e-14,0.0,5,4,92,53,144.48311709121128,148.48500449317973,28.719999999999935
408.30000000002434,409.3018675293483,0.10000000000002274,0.1,2.273181642920008e-14,0.0,5,4,92,53,144.3831170912113,148.38500449317974,28.819999999999936
408.40000000002436,409.40186752934835,0.10000000000002274,0.1,2.273181642920008e-14,0.0,5,4,92,53,144.2831170912113,148.28500449317974,28.919999999999938
408.5000000000244,409.5018675293484,0.10000000000002274,0.1,2.273181642920008e-14,0.0,5,4,92,53,144.1831170912113,148.18500449317975,29.019999999999936
408.6000000000244,409.6018675293484,0.10000000000002274,0.1,2.273181642920008e-14,0.0,5,4,92,53,144.0831170912113,148.08500449317975,29.119999999999937
408.70000000002443,409.7018675293484,0.10000000000002274,0.1,2.273181642920008e-14,0.0,5,4,92,53,143.9831170912113,147.98500449317976,29.219999999999935
408.80000000002445,409.80186752934844,0.10000000000002274,0.1,2.273181642920008e-14,0.0,5,4,91,53,143.88311709121132,147.88500449317976,29.319999999999936
408.9000000000245,409.90186752934846,0.10000000000002274,0.1,2.273181642920008e-14,0.0,5,4,91,52,143.78311709121132,147.78500449317977,29.419999999999938
409.0000000000245,410.0018675293485,0.10000000000002274,0.1,2.273181642920008e-14,0.0,5,4,91,52,143.68311709121133,147.68500449317978,29.519999999999936
409.1000000000245,410.1018675293485,0.10000000000002274,0.1,2.273181642920008e-14,0.0,5,4,91,52,143.58311709121134,147.58500449317978,29.619999999999937
409.20000000002454,410.20186752934853,0.10000000000002274,0.1,2.273181642920008e-14,0.0,5,4,91,52,143.48311709121134,147.4850044931798,29.719999999999935
409.30000000002457,410.30186752934856,0.10000000000002274,0.1,2.273181642920008e-14,0.0,5,4,91,52,143.38311709121135,147.3850044931798,29.81999999999993
409.4000000000246,410.4018675293486,0.10000000000002274,0.1,2.273181642920008e-14,0.0,5,4,91,52,143.28311709121135,147.2850044931798,29.91999999999993
409.5000000000246,410.5018675293486,0.10000000000002274,0.1,2.273181642920008e-14,0.0,5,4,91,52,143.18311709121136,147.1850044931798,30.019999999999932
409.60000000002464,410.6018675293486,0.10000000000002274,0.1,2.273181642920008e-14,0.0,5,4,91,51,143.08311709121136,147.0850044931798,30.11999999999993
409.70000000002466,410.70186752934865,0.10000000000002274,0.1,2.273181642920008e-14,0.0,5,4,91,51,142.98311709121137,146.98500449317982,30.21999999999993
409.8000000000247,410.80186752934867,0.10000000000002274,0.1,2.273181642920008e-14,0.0,5,4,91,51,142.88311709121137,146.88500449317982,30.31999999999993
409.9000000000247,410.9018675293487,0.10000000000002274,0.1,2.273181642920008e-14,0.0,5,4,91,51,142.78311709121138,146.78500449317983,30.41999999999993
410.0000000000247,411.0018675293487,0.10000000000002274,0.1,2.273181642920008e-14,0.0,5,4,91,51,142.6831170912114,146.68500449317983,30.519999999999932
410.10000000002475,411.10186752934874,0.10000000000002274,0.1,2.273181642920008e-14,0.0,5,4,91,50,142.5831170912114,146.58500449317984,30.61999999999993
410.2000000000248,411.20186752934876,0.10000000000002274,0.1,2.273181642920008e-14,0.0,5,4,91,50,142.4831170912114,146.48500449317984,30.71999999999993
410.3000000000248,411.3018675293488,0.10000000000002274,0.1,2.273181642920008e-14,0.0,5,4,91,50,142.2622138190856,146.38500449317985,30.81999999999993
410.4000000000248,411.4396675293488,0.137800000000027,0.1,0.037800000000027006,0.0,5,4,89,50,149.62221381908563,152.36300052520954,30.91999999999993
410.50000000002484,411.53966752934883,0.10000000000002274,0.1,2.273181642920008e-14,0.0,5,4,89,51,149.4222138190856,151.76300052520955,31.019999999999932
410.60000000002486,411.63966752934886,0.10000000000002274,0.1,2.273181642920008e-14,0.0,5,4,89,51,149.19521628686067,151.02801286408487,31.11999999999993
410.7000000000249,411.7396675293489,0.10000000000002274,0.1,2.273181642920008e-14,0.0,5,4,88,52,148.99521628686068,150.42801286408488,31.21999999999993
410.8000000000249,411.8396675293489,0.10000000000002274,0.1,2.273181642920008e-14,0.0,5,4,87,52,148.7952162868607,149.82801286408488,31.31999999999993
410.90000000002493,411.9396675293489,0.10000000000002274,0.1,2.273181642920008e-14,0.0,5,4,88,53,148.5952162868607,149.2280128640849,31.41999999999993
411.00000000002495,412.03966752934895,0.10000000000002274,0.1,2.273181642920008e-14,0.0,5,4,88,52,148.39521628686072,148.6280128640849,31.519999999999932
411.100000000025,412.13966752934897,0.10000000000002274,0.1,2.273181642920008e-14,0.0,5,4,87,52,148.1952162868607,148.0280128640849,31.61999999999993
411.200000000025,412.239667529349,0.10000000000002274,0.1,2.273181642920008e-14,0.0,5,4,86,52,147.99521628686074,147.4280128640849,31.719999999999924
411.300000000025,412.339667529349,0.10000000000002274,0.1,2.273181642920008e-14,0.0,5,4,86,52,147.79521628686072,146.8280128640849,31.819999999999926
411.40000000002505,412.43966752934904,0.10000000000002274,0.1,2.273181642920008e-14,0.0,5,4,86,52,147.60726186123077,146.28824073593512,31.919999999999924
411.50000000002507,412.53966752934906,0.10000000000002274,0.1,2.273181642920008e-14,0.0,5,4,86,52,147.4632846484158,145.96835467186023,32.019999999999925
411.6000000000251,412.6396675293491,0.10000000000002274,0.1,2.273181642920008e-14,0.0,5,4,86,52,147.3412960420083,145.75841163982278,32.119999999999926
411.7000000000251,412.7396675293491,0.10000000000002274,0.1,2.273181642920008e-14,0.0,5,4,86,52,147.23030173880457,145.60344012380406,32.21999999999993
411.80000000002514,412.83966752934913,0.10000000000002274,0.1,2.273181642920008e-14,0.0,5,4,85,52,147.13030173880458,145.50344012380407,32.31999999999992
411.90000000002516,412.93966752934915,0.10000000000002274,0.1,2.273181642920008e-14,0.0,5,4,85,51,145.83782589444786,145.40344012380407,32.41999999999992
412.0000000000252,413.0396675293492,0.10000000000002274,0.1,2.273181642920008e-14,0.0,5,4,86,51,145.45755883905423,145.30344012380408,32.519999999999925
412.1000000000252,413.1396675293492,0.10000000000002274,0.1,2.273181642920008e-14,0.0,5,4,86,50,144.07729178366057,145.20344012380409,32.619999999999926
412.2000000000252,413.2396675293492,0.10000000000002274,0.1,2.273181642920008e-14,0.0,5,4,86,50,142.7970247282669,145.1034401238041,32.71999999999993
412.30000000002525,413.33966752934924,0.10000000000002274,0.1,2.273181642920008e-14,0.0,5,4,86,50,142.50403314619336,145.0034401238041,32.81999999999992
412.4000000000253,413.43966752934926,0.10000000000002274,0.1,2.273181642920008e-14,0.0,5,4,86,50,142.22376609079973,144.9034401238041,32.91999999999992
412.5000000000253,413.5396675293493,0.10000000000002274,0.1,2.273181642920008e-14,0.0,5,4,85,50,141.94349903540606,144.8034401238041,33.019999999999925
412.6000000000253,413.6396675293493,0.10000000000002274,0.1,2.273181642920008e-14,0.0,5,4,84,50,141.66323198001243,144.7034401238041,33.119999999999926
412.70000000002534,413.73966752934933,0.10000000000002274,0.1,2.273181642920008e-14,0.0,5,4,85,50,141.3735357579431,144.60344012380412,33.21999999999993
412.80000000002536,413.83966752934936,0.10000000000002274,0.1,2.273181642920008e-14,0.0,5,4,85,50,141.0907912561858,144.50344012380413,33.31999999999992
412.9000000000254,413.32341009857043,-0.5162574307789214,0.1,-7.771561172376096e-16,0.6162574307789206,4,4,85,50,160.60600839937143,167.20276349645067,40.2249999999999
413.0000000000254,413.42341009857046,0.10000000000002274,0.1,2.273181642920008e-14,0.0,4,4,85,50,160.38100839937144,167.10276349645068,40.3249999999999
413.10000000002543,413.5234100985705,0.10000000000002274,0.1,2.273181642920008e-14,0.0,4,4,85,50,160.15600839937144,167.00276349645068,40.424999999999905
413.20000000002545,413.6234100985705,0.10000000000002274,0.1,2.273181642920008e-14,0.0,4,4,86,50,159.93100839937145,166.9027634964507,40.524999999999906
413.3000000000255,413.7234100985705,0.10000000000002274,0.1,2.273181642920008e-14,0.0,4,4,86,50,158.31220888423567,166.8027634964507,40.6249999999999
413.4000000000255,413.82341009857055,0.10000000000002274,0.1,2.273181642920008e-14,0.0,4,4,86,50,157.94311658685433,166.7027634964507,40.7249999999999
413.5000000000255,413.92341009857057,0.10000000000002274,0.1,2.273181642920008e-14,0.0,4,4,86,50,156.3614643889187,166.6027634964507,40.8249999999999
413.60000000002555,414.0234100985706,0.10000000000002274,0.1,2.273181642920008e-14,0.0,4,4,87,50,154.8519569268364,166.5027634964507,40.9249999999999
413.70000000002557,414.1234100985706,0.10000000000002274,0.1,2.273181642920008e-14,0.0,4,4,87,50,154.48470319579525,166.40276349645072,41.0249999999999
413.8000000000256,414.22341009857064,0.10000000000002274,0.1,2.273181642920008e-14,0.0,4,4,87,51,152.88470319579525,160.38086324051335,41.1249999999999
413.9000000000256,414.32341009857066,0.10000000000002274,0.1,2.273181642920008e-14,0.0,4,4,87,51,151.40970319579526,154.78086324051336,41.2249999999999
414.00000000002564,412.88160146616553,-1.4418086324051274,0.1,6.217248937900877e-15,1.5418086324051337,3,4,87,51,150.18598318088922,142.68500449318006,45.56666666666649
414.10000000002566,412.98160146616556,0.10000000000002274,0.1,2.273181642920008e-14,0.0,3,4,88,51,150.08598318088923,142.58500449318007,45.66666666666649
414.2000000000257,413.0816014661656,0.10000000000002274,0.1,2.273181642920008e-14,0.0,3,4,88,51,149.98598318088924,142.48500449318007,45.76666666666648
414.3000000000257,413.1816014661656,0.10000000000002274,0.1,2.273181642920008e-14,0.0,3,4,88,52,149.88598318088924,142.38500449318008,45.86666666666648
414.4000000000257,413.2816014661656,0.10000000000002274,0.1,2.273181642920008e-14,0.0,3,4,89,52,149.78598318088925,142.28500449318008,45.96666666666649
414.50000000002575,413.38160146616565,0.10000000000002274,0.1,2.273181642920008e-14,0.0,3,4,89,52,149.68598318088925,142.1850044931801,46.066666666666485
414.6000000000258,413.48160146616567,0.10000000000002274,0.1,2.273181642920008e-14,0.0,3,4,89,51,149.58598318088926,142.0850044931801,46.16666666666648
414.7000000000258,413.5816014661657,0.10000000000002274,0.1,2.273181642920008e-14,0.0,3,4,90,51,149.48598318088926,141.9850044931801,46.26666666666648
414.8000000000258,413.6816014661657,0.10000000000002274,0.1,2.273181642920008e-14,0.0,3,4,90,51,149.38598318088927,141.8850044931801,46.36666666666648
414.90000000002584,413.78160146616574,0.10000000000002274,0.1,2.273181642920008e-14,0.0,3,4,90,51,149.28598318088927,141.7850044931801,46.46666666666648
415.00000000002586,413.88160146616576,0.10000000000002274,0.1,2.273181642920008e-14,0.0,3,4,90,51,149.18598318088928,141.68500449318012,46.56666666666647
415.1000000000259,413.9816014661658,0.10000000000002274,0.1,2.273181642920008e-14,0.0,3,4,90,51,149.0859831808893,141.58500449318012,46.66666666666648
415.2000000000259,414.0816014661658,0.10000000000002274,0.1,2.273181642920008e-14,0.0,3,4,90,51,148.9859831808893,141.48500449318013,46.76666666666648
415.30000000002593,414.18160146616583,0.10000000000002274,0.1,2.273181642920008e-14,0.0,3,4,90,52,148.8859831808893,141.38500449318013,46.866666666666475
415.40000000002595,414.28160146616585,0.10000000000002274,0.1,2.273181642920008e-14,0.0,3,4,90,52,148.7859831808893,141.28500449318014,46.96666666666647
415.500000000026,414.3816014661659,0.10000000000002274,0.1,2.273181642920008e-14,0.0,3,4,91,52,148.6859831808893,141.18500449318014,47.06666666666647
415.600000000026,414.4816014661659,0.10000000000002274,0.1,2.273181642920008e-14,0.0,3,4,90,52,148.58598318088931,141.08500449318015,47.16666666666648
415.700000000026,414.5816014661659,0.10000000000002274,0.1,2.273181642920008e-14,0.0,3,4,90,52,148.48598318088932,140.98500449318016,47.266666666666474
415.80000000002605,414.68160146616594,0.10000000000002274,0.1,2.273181642920008e-14,0.0,3,4,90,52,148.38598318088933,140.88500449318016,47.36666666666647
415.90000000002607,414.78160146616597,0.10000000000002274,0.1,2.273181642920008e-14,0.0,3,4,91,52,148.28598318088933,140.78500449318017,47.46666666666647
416.0000000000261,414.881601466166,0.10000000000002274,0.1,2.273181642920008e-14,0.0,3,4,91,53,148.18598318088934,140.68500449318017,47.56666666666647
416.1000000000261,414.981601466166,0.10000000000002274,0.1,2.273181642920008e-14,0.0,3,4,91,53,148.08598318088934,140.58500449318018,47.666666666666465
416.20000000002614,415.08160146616603,0.10000000000002274,0.1,2.273181642920008e-14,0.0,3,4,91,53,147.98598318088935,140.48500449318018,47.76666666666646
416.30000000002616,415.18160146616606,0.10000000000002274,0.1,2.273181642920008e-14,0.0,3,4,91,53,147.88598318088935,140.3850044931802,47.86666666666647
416.4000000000262,415.2816014661661,0.10000000000002274,0.1,2.273181642920008e-14,0.0,3,4,90,53,147.78598318088936,140.2850044931802,47.96666666666647
416.5000000000262,415.3816014661661,0.10000000000002274,0.1,2.273181642920008e-14,0.0,3,4,90,53,147.68598318088937,140.1850044931802,48.066666666666464
416.6000000000262,415.4816014661661,0.10000000000002274,0.1,2.273181642920008e-14,0.0,3,4,90,53,147.58598318088937,140.0850044931802,48.16666666666646
416.70000000002625,415.58160146616615,0.10000000000002274,0.1,2.273181642920008e-14,0.0,3,4,90,53,147.48598318088938,139.9850044931802,48.26666666666646
416.8000000000263,415.68160146616617,0.10000000000002274,0.1,2.273181642920008e-14,0.0,3,4,92,52,147.38598318088938,139.88500449318022,48.36666666666647
416.9000000000263,415.7816014661662,0.10000000000002274,0.1,2.273181642920008e-14,0.0,3,4,93,52,147.2859831808894,139.78500449318022,48.46666666666646
417.0000000000263,415.8816014661662,0.10000000000002274,0.1,2.273181642920008e-14,0.0,3,4,94,51,147.1859831808894,139.68500449318023,48.56666666666646
417.10000000002634,415.98160146616624,0.10000000000002274,0.1,2.273181642920008e-14,0.0,3,4,94,50,147.0859831808894,139.58500449318024,48.66666666666646
417.20000000002636,416.08160146616626,0.10000000000002274,0.1,2.273181642920008e-14,0.0,3,4,94,50,146.9859831808894,139.48500449318024,48.76666666666646
417.3000000000264,416.1816014661663,0.10000000000002274,0.1,2.273181642920008e-14,0.0,3,4,94,51,146.8859831808894,139.38500449318025,48.866666666666454
417.4000000000264,416.2816014661663,0.10000000000002274,0.1,2.273181642920008e-14,0.0,3,4,95,51,146.78598318088942,139.28500449318025,48.96666666666645
417.50000000002643,416.38160146616633,0.10000000000002274,0.1,2.273181642920008e-14,0.0,3,4,96,51,146.68598318088942,139.18500449318026,49.06666666666646
417.60000000002645,416.48160146616635,0.10000000000002274,0.1,2.273181642920008e-14,0.0,3,4,96,51,146.58598318088943,139.08500449318026,49.16666666666646
417.7000000000265,416.5816014661664,0.10000000000002274,0.1,2.273181642920008e-14,0.0,3,4,96,51,146.48598318088943,138.98500449318027,49.26666666666645
417.8000000000265,416.6816014661664,0.10000000000002274,0.1,2.273181642920008e-14,0.0,3,4,96,51,146.38598318088944,138.88500449318028,49.36666666666645
417.9000000000265,416.7816014661664,0.10000000000002274,0.1,2.273181642920008e-14,0.0,3,4,96,51,146.28598318088945,138.78500449318028,49.46666666666645
418.00000000002655,416.88160146616644,0.10000000000002274,0.1,2.273181642920008e-14,0.0,3,4,96,51,146.18598318088945,138.6850044931803,49.56666666666646
418.10000000002657,416.98160146616647,0.10000000000002274,0.1,2.273181642920008e-14,0.0,3,4,96,51,146.08598318088946,138.5850044931803,49.66666666666645
418.2000000000266,417.0816014661665,0.10000000000002274,0.1,2.273181642920008e-14,0.0,3,4,95,51,145.98598318088946,138.4850044931803,49.766666666666445
418.3000000000266,417.1816014661665,0.10000000000002274,0.1,2.273181642920008e-14,0.0,3,4,95,52,145.88598318088947,138.3850044931803,49.86666666666645
418.40000000002664,417.28160146616653,0.10000000000002274,0.1,2.273181642920008e-14,0.0,3,4,94,52,145.78598318088947,138.2850044931803,49.96666666666645
418.50000000002666,417.38160146616656,0.10000000000002274,0.1,2.273181642920008e-14,0.0,3,4,94,52,145.68598318088948,138.18500449318032,50.06666666666644
418.6000000000267,417.4816014661666,0.10000000000002274,0.1,2.273181642920008e-14,0.0,3,4,93,52,145.58598318088949,138.08500449318032,50.16666666666644
418.7000000000267,417.5816014661666,0.10000000000002274,0.1,2.273181642920008e-14,0.0,3,4,94,52,145.4859831808895,137.98500449318033,50.266666666666445
418.8000000000267,417.6816014661666,0.10000000000002274,0.1,2.273181642920008e-14,0.0,3,4,94,52,145.3859831808895,137.88500449318033,50.36666666666645
418.90000000002675,417.78160146616665,0.10000000000002274,0.1,2.273181642920008e-14,0.0,3,4,93,52,145.2859831808895,137.78500449318034,50.46666666666644
419.0000000000268,417.88160146616667,0.10000000000002274,0.1,2.273181642920008e-14,0.0,3,4,93,52,145.1859831808895,137.68500449318034,50.566666666666436
419.1000000000268,417.9816014661667,0.10000000000002274,0.1,2.273181642920008e-14,0.0,3,4,93,53,145.0859831808895,137.58500449318035,50.66666666666644
419.2000000000268,418.0816014661667,0.10000000000002274,0.1,2.273181642920008e-14,0.0,3,4,93,53,144.98598318088952,137.48500449318036,50.766666666666445
419.30000000002684,418.18160146616674,0.10000000000002274,0.1,2.273181642920008e-14,0.0,3,4,93,52,144.88598318088953,137.38500449318036,50.86666666666644
419.40000000002686,418.28160146616676,0.10000000000002274,0.1,2.273181642920008e-14,0.0,3,4,93,52,144.78598318088953,137.28500449318037,50.966666666666434
419.5000000000269,418.3816014661668,0.10000000000002274,0.1,2.273181642920008e-14,0.0,3,4,92,53,144.47935290512874,137.18500449318037,51.066666666666436
419.6000000000269,418.5088014661668,0.1272000000000162,0.1,0.027200000000016183,0.0,3,4,91,53,153.27935290512872,137.08500449318038,51.16666666666644
419.70000000002693,418.6088014661668,0.10000000000002274,0.1,2.273181642920008e-14,0.0,3,4,91,53,153.11518040459507,136.98500449318038,51.26666666666643
419.80000000002696,418.70880146616685,0.10000000000002274,0.1,2.273181642920008e-14,0.0,3,4,92,53,152.7276036941654,136.8850044931804,51.366666666666426
419.900000000027,418.80880146616687,0.10000000000002274,0.1,2.273181642920008e-14,0.0,3,4,92,54,152.46093702749874,136.7850044931804,51.466666666666434
420.000000000027,418.9688014661669,0.160000000000025,0.1,0.060000000000025006,0.0,3,4,91,54,172.1942703608322,136.6850044931804,51.566666666666436
420.100000000027,419.0688014661669,0.10000000000002274,0.1,2.273181642920008e-14,0.0,4,4,92,54,122.69681138495295,136.5850044931804,38.77499999999982
420.20000000002705,419.22880146616694,0.160000000000025,0.1,0.060000000000025006,0.0,4,4,91,54,137.21867654250792,136.4850044931804,38.87499999999982
420.30000000002707,419.38880146616697,0.160000000000025,0.1,0.060000000000025006,0.0,4,4,89,54,151.868676542508,136.38500449318042,38.974999999999824
420.4000000000271,419.488801466167,0.10000000000002274,0.1,2.273181642920008e-14,0.0,4,4,91,54,151.55686826351717,136.28500449318042,39.07499999999982
420.5000000000271,419.681401466167,0.1926000000000272,0.1,0.09260000000002719,0.0,4,4,89,54,174.27288754700564,201.09626683670558,39.17499999999982
420.60000000002714,419.82600146616704,0.14460000000002537,0.1,0.04460000000002537,0.0,4,4,88,54,185.10764072548523,224.07911001901746,39.27499999999982
420.70000000002716,419.92600146616707,0.10000000000002274,0.1,2.273181642920008e-14,0.0,5,4,87,54,142.74888841990852,135.98500449318044,31.519999999999857
420.8000000000272,420.0260014661671,0.10000000000002274,0.1,2.273181642920008e-14,0.0,5,4,87,54,142.33510115545621,135.88500449318045,31.619999999999852
420.9000000000272,420.1860014661671,0.160000000000025,0.1,0.060000000000025006,0.0,5,4,86,55,153.93510115545627,135.78500449318045,31.71999999999985
421.0000000000272,420.28600146616714,0.10000000000002274,0.1,2.273181642920008e-14,0.0,5,4,86,56,153.53118953482095,135.68500449318046,31.81999999999985
421.10000000002725,420.38600146616716,0.10000000000002274,0.1,2.273181642920008e-14,0.0,5,4,86,56,153.12229017798856,135.58500449318046,31.919999999999852
421.2000000000273,420.5460014661672,0.160000000000025,0.1,0.060000000000025006,0.0,5,4,86,56,164.72229017798864,135.48500449318047,32.019999999999854
421.3000000000273,420.7060014661672,0.160000000000025,0.1,0.060000000000025006,0.0,6,4,87,56,142.78135924646244,135.38500449318047,26.783333333333207
421.4000000000273,420.80600146616723,0.10000000000002274,0.1,2.273181642920008e-14,0.0,6,4,87,57,142.2934737875745,135.28500449318048,26.88333333333321
421.50000000002734,420.90600146616725,0.10000000000002274,0.1,2.273181642920008e-14,0.0,6,4,87,57,141.84483147686674,135.1850044931805,26.983333333333206
421.60000000002736,421.0060014661673,0.10000000000002274,0.1,2.273181642920008e-14,0.0,6,4,87,57,141.3976784657593,135.0850044931805,27.08333333333321
421.7000000000274,421.1660014661673,0.160000000000025,0.1,0.060000000000025006,0.0,6,4,86,57,150.95530672011432,134.9850044931805,27.18333333333321
421.8000000000274,421.2660014661673,0.10000000000002274,0.1,2.273181642920008e-14,0.0,7,4,86,57,125.43224828761028,133.97018155303732,23.399999999999892
421.90000000002743,421.36600146616735,0.10000000000002274,0.1,2.273181642920008e-14,0.0,7,4,86,57,124.96595496186161,133.87018155303733,23.49999999999989
422.00000000002746,421.46600146616737,0.10000000000002274,0.1,2.273181642920008e-14,0.0,7,4,86,57,124.49800503349802,133.77018155303733,23.59999999999989
422.1000000000275,421.5660014661674,0.10000000000002274,0.1,2.273181642920008e-14,0.0,7,4,86,57,124.02817602569628,133.67018155303734,23.699999999999893
422.2000000000275,421.6660014661674,0.10000000000002274,0.1,2.273181642920008e-14,0.0,7,4,86,58,123.57743855983934,133.57018155303734,23.79999999999989
422.3000000000275,421.76600146616744,0.10000000000002274,0.1,2.273181642920008e-14,0.0,7,4,86,58,123.17368090801294,133.47018155303735,23.89999999999989
422.40000000002755,421.86600146616746,0.10000000000002274,0.1,2.273181642920008e-14,0.0,7,4,86,58,122.77730219332656,133.37018155303736,23.99999999999989
422.50000000002757,421.9660014661675,0.10000000000002274,0.1,2.273181642920008e-14,0.0,7,4,87,59,122.37976663201212,133.27018155303736,24.099999999999888
422.6000000000276,422.0660014661675,0.10000000000002274,0.1,2.273181642920008e-14,0.0,7,4,87,59,121.99217825359644,133.17018155303737,24.199999999999886
422.7000000000276,422.16600146616753,0.10000000000002274,0.1,2.273181642920008e-14,0.0,7,4,87,59,121.59822401333427,133.07018155303737,24.29999999999989
422.80000000002764,422.26600146616755,0.10000000000002274,0.1,2.273181642920008e-14,0.0,7,4,87,59,121.23500209501658,132.97018155303738,24.39999999999989
422.90000000002766,422.3660014661676,0.10000000000002274,0.1,2.273181642920008e-14,0.0,7,4,87,59,120.92071638073087,132.87018155303738,24.499999999999886
423.0000000000277,422.4660014661676,0.10000000000002274,0.1,2.273181642920008e-14,0.0,7,4,88,59,120.60643066644516,132.7701815530374,24.599999999999888
423.1000000000277,422.5660014661676,0.10000000000002274,0.1,2.273181642920008e-14,0.0,7,4,88,60,120.33504848585876,132.6701815530374,24.699999999999886
423.2000000000277,422.66600146616764,0.10000000000002274,0.1,2.273181642920008e-14,0.0,7,4,88,60,120.09219134300163,132.5701815530374,24.799999999999887
423.30000000002775,422.76600146616767,0.10000000000002274,0.1,2.273181642920008e-14,0.0,7,4,87,60,119.84933420014447,132.4701815530374,24.89999999999989
423.4000000000278,422.8660014661677,0.10000000000002274,0.1,2.273181642920008e-14,0.0,7,4,89,60,119.60647705728734,132.3701815530374,24.999999999999886
423.5000000000278,422.9660014661677,0.10000000000002274,0.1,2.273181642920008e-14,0.0,7,4,89,60,119.3636199144302,132.27018155303742,25.099999999999884
423.6000000000278,423.06600146616773,0.10000000000002274,0.1,2.273181642920008e-14,0.0,7,4,89,60,119.12076277157306,132.17018155303742,25.199999999999882
423.70000000002784,423.16600146616776,0.10000000000002274,0.1,2.273181642920008e-14,0.0,7,4,89,60,118.93158875240098,132.07018155303743,25.299999999999887
423.80000000002786,423.2660014661678,0.10000000000002274,0.1,2.273181642920008e-14,0.0,7,4,90,60,118.7601601809724,131.97018155303743,25.399999999999885
423.9000000000279,423.3660014661678,0.10000000000002274,0.1,2.273181642920008e-14,0.0,7,4,90,60,118.58873160954384,131.87018155303744,25.499999999999883
424.0000000000279,423.4660014661678,0.10000000000002274,0.1,2.273181642920008e-14,0.0,7,4,90,60,118.41730303811526,131.77018155303745,25.599999999999884
424.10000000002793,423.56600146616785,0.10000000000002274,0.1,2.273181642920008e-14,0.0,7,4,90,60,118.2458744666867,131.67018155303745,25.699999999999882
424.20000000002796,423.66600146616787,0.10000000000002274,0.1,2.273181642920008e-14,0.0,7,4,90,60,118.07444589525812,131.57018155303746,25.79999999999988
424.300000000028,423.7660014661679,0.10000000000002274,0.1,2.273181642920008e-14,0.0,7,4,90,60,117.90301732382956,131.47018155303746,25.899999999999885
424.400000000028,423.8660014661679,0.10000000000002274,0.1,2.273181642920008e-14,0.0,7,4,90,60,117.731588752401,131.37018155303747,25.999999999999883
424.500000000028,423.96600146616794,0.10000000000002274,0.1,2.273181642920008e-14,0.0,7,4,90,60,117.56016018097242,131.27018155303747,26.09999999999988
424.60000000002805,424.06600146616796,0.10000000000002274,0.1,2.273181642920008e-14,0.0,7,4,90,60,117.38873160954385,131.17018155303748,26.19999999999988
424.70000000002807,424.166001466168,0.10000000000002274,0.1,2.273181642920008e-14,0.0,7,4,90,59,117.21730303811528,131.0701815530375,26.29999999999988
424.8000000000281,424.266001466168,0.10000000000002274,0.1,2.273181642920008e-14,0.0,7,4,90,59,117.09892909439304,130.9701815530375,26.39999999999988
424.9000000000281,424.36600146616803,0.10000000000002274,0.1,2.273181642920008e-14,0.0,7,4,90,59,116.99892909439305,130.8701815530375,26.49999999999988
425.00000000002814,424.46600146616805,0.10000000000002274,0.1,2.273181642920008e-14,0.0,7,4,90,59,116.89892909439304,130.7701815530375,26.59999999999988
425.10000000002816,424.5660014661681,0.10000000000002274,0.1,2.273181642920008e-14,0.0,7,4,91,59,116.79892909439306,130.6701815530375,26.69999999999988
425.2000000000282,424.6660014661681,0.10000000000002274,0.1,2.273181642920008e-14,0.0,7,4,91,59,116.69892909439305,130.57018155303751,26.799999999999876
425.3000000000282,424.7660014661681,0.10000000000002274,0.1,2.273181642920008e-14,0.0,7,4,92,59,116.59892909439306,130.47018155303752,26.899999999999874
425.40000000002823,424.86600146616814,0.10000000000002274,0.1,2.273181642920008e-14,0.0,7,4,92,59,116.49892909439306,130.37018155303753,26.99999999999988
425.50000000002825,424.96600146616817,0.10000000000002274,0.1,2.273181642920008e-14,0.0,7,4,92,59,116.39892909439307,130.27018155303753,27.099999999999877
425.6000000000283,425.0660014661682,0.10000000000002274,0.1,2.273181642920008e-14,0.0,7,4,92,59,116.29892909439307,130.17018155303754,27.199999999999875
425.7000000000283,425.1660014661682,0.10000000000002274,0.1,2.273181642920008e-14,0.0,7,4,92,59,116.19892909439307,130.07018155303754,27.299999999999873
425.8000000000283,425.26600146616823,0.10000000000002274,0.1,2.273181642920008e-14,0.0,7,4,92,59,116.09892909439307,129.97018155303755,27.399999999999874
425.90000000002834,425.36600146616826,0.10000000000002274,0.1,2.273181642920008e-14,0.0,7,4,92,60,115.99892909439306,129.87018155303755,27.499999999999876
426.00000000002836,425.4660014661683,0.10000000000002274,0.1,2.273181642920008e-14,0.0,7,4,92,60,115.89892909439308,129.77018155303756,27.599999999999874
426.1000000000284,425.5660014661683,0.10000000000002274,0.1,2.273181642920008e-14,0.0,7,4,92,60,115.79892909439309,129.67018155303757,27.69999999999987
426.2000000000284,425.6660014661683,0.10000000000002274,0.1,2.273181642920008e-14,0.0,7,4,93,61,115.69892909439308,129.57018155303757,27.799999999999873
426.30000000002843,425.76600146616835,0.10000000000002274,0.1,2.273181642920008e-14,0.0,7,4,93,60,115.59892909439309,129.47018155303758,27.89999999999987
426.40000000002846,425.86600146616837,0.10000000000002274,0.1,2.273181642920008e-14,0.0,7,4,93,59,115.49892909439309,129.37018155303758,27.99999999999987
426.5000000000285,425.9660014661684,0.10000000000002274,0.1,2.273181642920008e-14,0.0,7,4,92,59,115.3989290943931,129.2701815530376,28.09999999999987
426.6000000000285,426.0660014661684,0.10000000000002274,0.1,2.273181642920008e-14,0.0,7,4,92,59,115.29892909439309,129.1701815530376,28.19999999999987
426.7000000000285,426.16600146616844,0.10000000000002274,0.1,2.273181642920008e-14,0.0,7,4,92,59,115.1989290943931,129.0701815530376,28.29999999999987
426.80000000002855,426.26600146616846,0.10000000000002274,0.1,2.273181642920008e-14,0.0,7,4,92,59,115.09892909439311,128.9701815530376,28.399999999999867
426.90000000002857,426.3660014661685,0.10000000000002274,0.1,2.273181642920008e-14,0.0,7,4,92,59,114.9989290943931,128.8701815530376,28.499999999999865
427.0000000000286,426.4660014661685,0.10000000000002274,0.1,2.273181642920008e-14,0.0,7,4,92,59,114.89892909439311,128.77018155303762,28.59999999999987
427.1000000000286,426.56600146616853,0.10000000000002274,0.1,2.273181642920008e-14,0.0,7,4,93,59,114.7989290943931,128.67018155303762,28.699999999999868
427.20000000002864,426.66600146616855,0.10000000000002274,0.1,2.273181642920008e-14,0.0,7,4,94,59,114.69892909439311,128.57018155303763,28.799999999999866
427.30000000002866,426.7660014661686,0.10000000000002274,0.1,2.273181642920008e-14,0.0,7,4,94,59,114.59892909439311,128.47018155303763,28.899999999999864
427.4000000000287,426.8660014661686,0.10000000000002274,0.1,2.273181642920008e-14,0.0,7,4,94,59,114.49892909439312,128.37018155303764,28.999999999999865
427.5000000000287,426.9660014661686,0.10000000000002274,0.1,2.273181642920008e-14,0.0,7,4,93,58,114.39892909439311,128.27018155303765,29.099999999999863
427.60000000002873,427.06600146616864,0.10000000000002274,0.1,2.273181642920008e-14,0.0,7,4,93,58,114.29892909439312,128.17018155303765,29.199999999999864
427.70000000002875,427.16600146616867,0.10000000000002274,0.1,2.273181642920008e-14,0.0,7,4,94,57,114.19892909439314,128.07018155303766,29.299999999999862
427.8000000000288,427.2660014661687,0.10000000000002274,0.1,2.273181642920008e-14,0.0,7,4,94,57,114.09892909439313,127.97018155303766,29.399999999999864
427.9000000000288,427.3660014661687,0.10000000000002274,0.1,2.273181642920008e-14,0.0,7,4,94,57,113.79147945116559,127.87018155303767,29.49999999999986
428.0000000000288,427.46600146616873,0.10000000000002274,0.1,2.273181642920008e-14,0.0,7,4,95,57,113.54862230830845,127.77018155303767,29.59999999999986
428.10000000002884,427.56600146616876,0.10000000000002274,0.1,2.273181642920008e-14,0.0,7,4,95,57,113.30576516545129,127.67018155303768,29.699999999999857
428.20000000002887,427.7260014661688,0.160000000000025,0.1,0.060000000000025006,0.0,7,4,95,57,121.63433659402278,127.57018155303768,29.799999999999862
428.3000000000289,427.8260014661688,0.10000000000002274,0.1,2.273181642920008e-14,0.0,8,4,96,57,103.08659679508631,127.47018155303769,26.174999999999876
428.4000000000289,427.9260014661688,0.10000000000002274,0.1,2.273181642920008e-14,0.0,8,4,95,57,102.79472670856444,127.3701815530377,26.274999999999878
428.50000000002893,428.02600146616885,0.10000000000002274,0.1,2.273181642920008e-14,0.0,8,4,95,57,102.50507299723586,127.2701815530377,26.374999999999876
428.60000000002896,428.1260014661689,0.10000000000002274,0.1,2.273181642920008e-14,0.0,8,4,96,57,102.21309354657262,127.17018155303771,26.474999999999874
428.700000000029,428.2260014661689,0.10000000000002274,0.1,2.273181642920008e-14,0.0,8,4,98,57,101.91938061395803,127.07018155303771,26.574999999999875
428.800000000029,428.3260014661689,0.10000000000002274,0.1,2.273181642920008e-14,0.0,8,4,98,58,101.62904834104123,126.97018155303772,26.674999999999873
428.900000000029,428.42600146616894,0.10000000000002274,0.1,2.273181642920008e-14,0.0,8,4,98,58,101.33595345299128,126.87018155303772,26.774999999999874
429.00000000002905,428.52600146616896,0.10000000000002274,0.1,2.273181642920008e-14,0.0,8,4,98,58,101.04425044907133,126.77018155303773,26.874999999999872
429.10000000002907,428.626001466169,0.10000000000002274,0.1,2.273181642920008e-14,0.0,8,4,97,58,100.75361931779932,126.67018155303774,26.974999999999874
429.2000000000291,428.726001466169,0.10000000000002274,0.1,2.273181642920008e-14,0.0,8,4,97,58,100.46178170558987,126.57018155303774,27.07499999999987
429.3000000000291,428.82600146616903,0.10000000000002274,0.1,2.273181642920008e-14,0.0,8,4,97,58,100.17036866490562,126.47018155303775,27.174999999999873
429.40000000002914,428.92600146616905,0.10000000000002274,0.1,2.273181642920008e-14,0.0,8,4,97,58,99.87893684287906,126.37018155303775,27.27499999999987
429.50000000002916,429.0260014661691,0.10000000000002274,0.1,2.273181642920008e-14,0.0,8,4,97,58,99.58537590275465,126.27018155303776,27.374999999999872
429.6000000000292,429.1260014661691,0.10000000000002274,0.1,2.273181642920008e-14,0.0,8,4,97,58,99.29255893175524,126.17018155303776,27.47499999999987
429.7000000000292,429.2260014661691,0.10000000000002274,0.1,2.273181642920008e-14,0.0,8,4,97,58,99.0010617896505,126.07018155303777,27.574999999999868
429.80000000002923,429.32600146616915,0.10000000000002274,0.1,2.273181642920008e-14,0.0,8,4,96,58,98.70949805287837,125.97018155303778,27.67499999999987
429.90000000002925,429.42600146616917,0.10000000000002274,0.1,2.273181642920008e-14,0.0,8,4,96,58,98.416485068372,125.87018155303778,27.774999999999867
430.0000000000293,429.5260014661692,0.10000000000002274,0.1,2.273181642920008e-14,0.0,8,4,97,58,98.12537588387343,125.77018155303779,27.87499999999987
430.1000000000293,429.6260014661692,0.10000000000002274,0.1,2.273181642920008e-14,0.0,8,4,96,58,97.83268826815839,125.67018155303779,27.974999999999866
430.2000000000293,429.72600146616924,0.10000000000002274,0.1,2.273181642920008e-14,0.0,8,4,95,58,97.54224599910762,125.5701815530378,28.074999999999868
430.30000000002934,429.82600146616926,0.10000000000002274,0.1,2.273181642920008e-14,0.0,8,4,95,58,97.25147628080673,125.4701815530378,28.174999999999866
430.40000000002937,429.9260014661693,0.10000000000002274,0.1,2.273181642920008e-14,0.0,8,4,95,58,96.95946140694316,125.37018155303781,28.274999999999867
430.5000000000294,430.0260014661693,0.10000000000002274,0.1,2.273181642920008e-14,0.0,8,4,96,58,96.6688478477899,125.27018155303782,28.374999999999865
430.6000000000294,430.1260014661693,0.10000000000002274,0.1,2.273181642920008e-14,0.0,8,4,96,58,96.37809342765368,125.17018155303782,28.474999999999866
430.70000000002943,430.22600146616935,0.10000000000002274,0.1,2.273181642920008e-14,0.0,8,4,96,58,96.08715237446036,125.07018155303783,28.574999999999864
430.80000000002946,430.3260014661694,0.10000000000002274,0.1,2.273181642920008e-14,0.0,8,4,96,58,95.79545632755473,124.97018155303783,28.674999999999862
430.9000000000295,430.4260014661694,0.10000000000002274,0.1,2.273181642920008e-14,0.0,8,4,96,58,95.50457530796,124.87018155303784,28.774999999999864
431.0000000000295,430.5260014661694,0.10000000000002274,0.1,2.273181642920008e-14,0.0,8,4,96,58,95.21468524985617,124.77018155303784,28.87499999999986
431.1000000000295,430.62600146616944,0.10000000000002274,0.1,2.273181642920008e-14,0.0,8,4,95,58,94.92381208872148,124.67018155303785,28.974999999999863
431.20000000002955,430.72600146616946,0.10000000000002274,0.1,2.273181642920008e-14,0.0,8,4,95,58,94.63308603812646,124.57018155303786,29.07499999999986
431.30000000002957,430.8260014661695,0.10000000000002274,0.1,2.273181642920008e-14,0.0,8,4,95,58,94.33932476126355,124.47018155303786,29.174999999999862
431.4000000000296,430.9260014661695,0.10000000000002274,0.1,2.273181642920008e-14,0.0,8,4,95,58,94.04235456652093,124.37018155303787,29.27499999999986
431.5000000000296,431.02600146616953,0.10000000000002274,0.1,2.273181642920008e-14,0.0,8,4,96,58,93.75240934659412,124.27018155303787,29.37499999999986
431.60000000002964,431.12600146616955,0.10000000000002274,0.1,2.273181642920008e-14,0.0,8,4,95,57,93.4537494483944,124.17018155303788,29.47499999999986
431.70000000002966,431.2260014661696,0.10000000000002274,0.1,2.273181642920008e-14,0.0,8,4,96,57,93.15638237745473,124.07018155303788,29.57499999999986
431.8000000000297,431.3260014661696,0.10000000000002274,0.1,2.273181642920008e-14,0.0,8,4,96,57,92.74827312277888,123.97018155303789,29.67499999999986
431.9000000000297,431.4260014661696,0.10000000000002274,0.1,2.273181642920008e-14,0.0,8,4,95,56,92.39685076177028,123.38872392727886,29.774999999999856
432.00000000002973,431.52600146616965,0.10000000000002274,0.1,2.273181642920008e-14,0.0,8,4,95,56,92.04569636298126,122.78872392727887,29.874999999999858
432.10000000002975,431.6812014661697,0.1552000000000362,0.1,0.05520000000003619,0.0,8,4,95,56,98.59484927409534,123.50082958070269,29.974999999999856
432.2000000000298,431.7812014661697,0.10000000000002274,0.1,2.273181642920008e-14,0.0,8,4,96,56,98.23268791790241,122.81915144671518,30.074999999999857
432.3000000000298,431.8812014661697,0.10000000000002274,0.1,2.273181642920008e-14,0.0,8,4,98,56,97.83597233453244,122.21561222223382,30.174999999999855
432.4000000000298,431.98120146616975,0.10000000000002274,0.1,2.273181642920008e-14,0.0,8,4,96,56,97.4762916274185,121.60676645831884,30.274999999999856
432.50000000002984,432.0812014661698,0.10000000000002274,0.1,2.273181642920008e-14,0.0,8,4,96,56,97.11661868771867,120.99773061460436,30.374999999999854
432.60000000002987,432.1812014661698,0.10000000000002274,0.1,2.273181642920008e-14,0.0,8,4,96,56,96.74962588922506,120.3957621714693,30.474999999999852
432.7000000000299,432.2812014661698,0.10000000000002274,0.1,2.273181642920008e-14,0.0,8,4,95,56,96.38990628424929,119.78805485193885,30.574999999999854
432.8000000000299,432.41580146616985,0.13460000000003447,0.1,0.034600000000034464,0.0,8,4,94,56,100.36298665115837,119.17269778721142,30.67499999999985
432.90000000002993,432.5158014661699,0.10000000000002274,0.1,2.273181642920008e-14,0.0,8,4,94,56,100.02894775491986,118.5531398144901,30.774999999999853
433.00000000002996,432.6158014661699,0.10000000000002274,0.1,2.273181642920008e-14,0.0,8,4,94,56,99.675173500183,117.93320732959378,30.87499999999985
433.10000000003,432.7158014661699,0.10000000000002274,0.1,2.273181642920008e-14,0.0,8,4,94,56,99.32191196879658,117.31263660688708,30.974999999999852
433.20000000003,432.81580146616994,0.10000000000002274,0.1,2.273181642920008e-14,0.0,8,4,94,56,98.97057338664064,116.70330509006662,31.07499999999985
433.30000000003,432.91580146616997,0.10000000000002274,0.1,2.273181642920008e-14,0.0,8,4,94,56,98.61140955718703,116.04162523598073,31.17499999999985
433.40000000003005,433.01580146617,0.10000000000002274,0.1,2.273181642920008e-14,0.0,8,4,94,56,98.26135100206966,115.44162523598074,31.27499999999985
433.50000000003007,433.11580146617,0.10000000000002274,0.1,2.273181642920008e-14,0.0,8,4,95,56,97.9550945992319,114.84162523598074,31.374999999999847
433.6000000000301,433.21580146617003,0.10000000000002274,0.1,2.273181642920008e-14,0.0,8,4,95,55,97.69397394239736,114.24162523598075,31.47499999999985
433.7000000000301,433.31580146617006,0.10000000000002274,0.1,2.273181642920008e-14,0.0,8,4,97,55,97.46128026174375,113.64162523598075,31.574999999999847
433.80000000003014,433.4158014661701,0.10000000000002274,0.1,2.273181642920008e-14,0.0,8,4,97,54,97.23564285549728,113.04162523598076,31.674999999999848
433.90000000003016,433.5158014661701,0.10000000000002274,0.1,2.273181642920008e-14,0.0,8,4,97,55,97.00915422212289,112.44162523598077,31.774999999999846
434.0000000000302,433.6158014661701,0.10000000000002274,0.1,2.273181642920008e-14,0.0,8,4,97,55,96.77948751317943,111.80522906495429,31.874999999999847
434.1000000000302,433.71580146617015,0.10000000000002274,0.1,2.273181642920008e-14,0.0,8,4,99,55,96.55327271183971,111.2052290649543,31.974999999999845
434.20000000003023,433.81580146617017,0.10000000000002274,0.1,2.273181642920008e-14,0.0,8,4,99,55,96.32529552053857,110.6052290649543,32.07499999999985
434.30000000003025,433.9158014661702,0.10000000000002274,0.1,2.273181642920008e-14,0.0,8,4,99,55,96.099196138666,110.0052290649543,32.17499999999984
434.4000000000303,434.0158014661702,0.10000000000002274,0.1,2.273181642920008e-14,0.0,8,4,99,55,95.87362366332677,109.40522906495431,32.27499999999984
434.5000000000303,434.11580146617024,0.10000000000002274,0.1,2.273181642920008e-14,0.0,8,4,98,55,95.64763597594167,108.80522906495432,32.374999999999844
434.6000000000303,434.21580146617026,0.10000000000002274,0.1,2.273181642920008e-14,0.0,8,4,97,55,95.42203963715801,108.20522906495432,32.474999999999845
434.70000000003034,434.3158014661703,0.10000000000002274,0.1,2.273181642920008e-14,0.0,8,4,97,55,95.19632473418132,107.60522906495433,32.57499999999984
434.80000000003037,434.4158014661703,0.10000000000002274,0.1,2.273181642920008e-14,0.0,8,4,97,55,94.97055576998609,107.00522906495434,32.67499999999984
434.9000000000304,434.51580146617033,0.10000000000002274,0.1,2.273181642920008e-14,0.0,8,4,97,55,94.60731048081063,105.32122906495437,32.77499999999984
435.0000000000304,434.61580146617035,0.10000000000002274,0.1,2.273181642920008e-14,0.0,8,4,97,55,94.2402936988764,103.63622906495439,32.874999999999844
435.10000000003043,434.7158014661704,0.10000000000002274,0.1,2.273181642920008e-14,0.0,8,4,97,54,93.87248317188175,101.95022906495441,32.97499999999984
435.20000000003046,434.8158014661704,0.10000000000002274,0.1,2.273181642920008e-14,0.0,8,4,98,54,93.51006721327262,100.26322906495444,33.07499999999984
435.3000000000305,434.9158014661704,0.10000000000002274,0.1,2.273181642920008e-14,0.0,8,4,99,54,93.14644043796505,98.57522906495447,33.17499999999984
435.4000000000305,435.01580146617044,0.10000000000002274,0.1,2.273181642920008e-14,0.0,8,4,100,54,92.7845100966257,96.88622906495449,33.274999999999835
435.5000000000305,435.11580146617047,0.10000000000002274,0.1,2.273181642920008e-14,0.0,8,4,100,54,92.4232600966257,95.19622906495452,33.37499999999984
435.60000000003055,435.2158014661705,0.10000000000002274,0.1,2.273181642920008e-14,0.0,8,4,100,54,92.0618850966257,93.50522906495455,33.47499999999984
435.70000000003057,435.3158014661705,0.10000000000002274,0.1,2.273181642920008e-14,0.0,8,4,100,54,91.70038509662571,91.81322906495457,33.57499999999984
435.8000000000306,435.41580146617054,0.10000000000002274,0.1,2.273181642920008e-14,0.0,8,4,100,54,91.3387600966257,90.1202290649546,33.674999999999834
435.9000000000306,435.51580146617056,0.10000000000002274,0.1,2.273181642920008e-14,0.0,8,4,100,54,90.97701009662572,88.42622906495463,33.774999999999835
436.00000000003064,435.6158014661706,0.10000000000002274,0.1,2.273181642920008e-14,0.0,8,4,100,54,90.61513509662572,86.73122906495465,33.87499999999984
436.10000000003066,435.76280146617063,0.1470000000000482,0.1,0.0470000000000482,0.0,8,4,99,54,96.12813509662574,119.67018155303813,33.97499999999983
436.2000000000307,435.86280146617065,0.10000000000002274,0.1,2.273181642920008e-14,0.0,8,4,99,54,95.78747935690073,119.57018155303814,34.07499999999983
436.3000000000307,435.9628014661707,0.10000000000002274,0.1,2.273181642920008e-14,0.0,8,4,98,54,95.42225640272495,119.47018155303815,34.174999999999834
436.40000000003073,436.0628014661707,0.10000000000002274,0.1,2.273181642920008e-14,0.0,8,4,99,54,95.05852386051562,119.37018155303815,34.274999999999835
436.50000000003075,436.1628014661707,0.10000000000002274,0.1,2.273181642920008e-14,0.0,8,4,99,54,94.69390939208284,119.27018155303816,34.37499999999983
436.6000000000308,436.26280146617074,0.10000000000002274,0.1,2.273181642920008e-14,0.0,8,4,99,54,94.33112965212894,119.17018155303816,34.47499999999983
436.7000000000308,436.36280146617077,0.10000000000002274,0.1,2.273181642920008e-14,0.0,8,4,99,54,93.96804309992262,119.07018155303817,34.57499999999983
436.8000000000308,436.4628014661708,0.10000000000002274,0.1,2.273181642920008e-14,0.0,8,4,99,54,93.60422279183186,118.97018155303817,34.674999999999834
436.90000000003084,436.5628014661708,0.10000000000002274,0.1,2.273181642920008e-14,0.0,8,4,99,54,93.2412003828314,118.53975135459996,34.77499999999983
437.00000000003087,436.66280146617083,0.10000000000002274,0.1,2.273181642920008e-14,0.0,8,4,100,54,92.87597829337966,116.81797463898607,34.87499999999983
437.1000000000309,436.76280146617086,0.10000000000002274,0.1,2.273181642920008e-14,0.0,8,4,100,54,92.51079240354709,115.09648752032551,34.97499999999983
437.2000000000309,436.8628014661709,0.10000000000002274,0.1,2.273181642920008e-14,0.0,8,4,100,54,92.14596814524924,113.37789345394268,35.07499999999983
437.30000000003093,436.9628014661709,0.10000000000002274,0.1,2.273181642920008e-14,0.0,8,4,99,54,91.78229811579595,111.6685332183164,35.174999999999834
437.40000000003096,437.0628014661709,0.10000000000002274,0.1,2.273181642920008e-14,0.0,8,4,99,53,91.4181484890773,109.95533620456715,35.27499999999983
437.500000000031,437.16280146617095,0.10000000000002274,0.1,2.273181642920008e-14,0.0,8,4,99,52,91.05261640734338,108.23107955069577,35.37499999999983
437.600000000031,437.322801466171,0.160000000000025,0.1,0.060000000000025006,0.0,8,4,98,51,98.18587003624774,106.49710858193022,35.47499999999983
437.700000000031,437.422801466171,0.10000000000002274,0.1,2.273181642920008e-14,0.0,9,4,98,51,84.16199709278817,74.9,31.63333333333318
437.80000000003105,437.522801466171,0.10000000000002274,0.1,2.273181642920008e-14,0.0,9,4,97,51,83.76533657841333,74.27975172213044,31.733333333333185
437.90000000003107,437.62280146617104,0.10000000000002274,0.1,2.273181642920008e-14,0.0,9,4,98,51,83.36979479750818,73.66055772536612,31.833333333333183
438.0000000000311,437.72280146617106,0.10000000000002274,0.1,2.273181642920008e-14,0.0,9,4,98,51,82.9777043737877,73.05204705753725,31.933333333333184
438.1000000000311,437.8228014661711,0.10000000000002274,0.1,2.273181642920008e-14,0.0,9,4,98,51,82.58241463805922,72.44369726692656,32.03333333333318
438.20000000003114,437.9228014661711,0.10000000000002274,0.1,2.273181642920008e-14,0.0,9,4,98,51,82.1889734689384,71.84335538719374,32.133333333333184
438.30000000003116,438.02280146617113,0.10000000000002274,0.1,2.273181642920008e-14,0.0,9,4,98,51,81.79707341067007,71.23799950338544,32.233333333333185
438.4000000000312,438.12280146617115,0.10000000000002274,0.1,2.273181642920008e-14,0.0,9,4,98,51,81.39997446484361,70.61452297292935,32.33333333333319
438.5000000000312,438.2228014661712,0.10000000000002274,0.1,2.273181642920008e-14,0.0,9,4,98,51,81.00425880767887,69.99242270769663,32.43333333333319
438.60000000003123,438.3228014661712,0.10000000000002274,0.1,2.273181642920008e-14,0.0,9,4,97,51,80.60156720392507,69.30589244103004,32.53333333333318
438.70000000003125,438.4228014661712,0.10000000000002274,0.1,2.273181642920008e-14,0.0,9,4,97,50,80.19999984694837,68.65428172569685,32.633333333333184
438.8000000000313,438.52280146617125,0.10000000000002274,0.1,2.273181642920008e-14,0.0,9,4,98,50,79.80191532335348,68.0028984748585,32.733333333333185
438.9000000000313,438.62280146617127,0.10000000000002274,0.1,2.273181642920008e-14,0.0,9,4,99,50,79.3982407325302,67.39213631225726,32.83333333333319
439.0000000000313,438.7228014661713,0.10000000000002274,0.1,2.273181642920008e-14,0.0,9,4,99,50,78.98942816748213,66.7300442347224,32.93333333333319
439.10000000003134,438.8228014661713,0.10000000000002274,0.1,2.273181642920008e-14,0.0,9,4,101,50,78.59480938035152,66.1300442347224,33.03333333333319
439.20000000003137,438.92280146617134,0.10000000000002274,0.1,2.273181642920008e-14,0.0,9,4,102,50,78.19940430738801,65.53004423472241,33.133333333333184
439.3000000000314,439.02280146617136,0.10000000000002274,0.1,2.273181642920008e-14,0.0,9,4,102,50,77.80656166452849,64.93004423472242,33.23333333333319
439.4000000000314,439.1228014661714,0.10000000000002274,0.1,2.273181642920008e-14,0.0,9,4,102,50,77.41278988751718,64.33004423472242,33.33333333333319
439.50000000003143,439.2228014661714,0.10000000000002274,0.1,2.273181642920008e-14,0.0,9,4,102,50,77.01599066981498,63.73004423472242,33.43333333333319
439.60000000003146,439.3228014661714,0.10000000000002274,0.1,2.273181642920008e-14,0.0,9,4,101,50,76.62146096000414,63.13004423472242,33.53333333333319
439.7000000000315,439.42280146617145,0.10000000000002274,0.1,2.273181642920008e-14,0.0,9,4,101,50,76.22530788939866,62.53004423472242,33.633333333333184
439.8000000000315,439.5228014661715,0.10000000000002274,0.1,2.273181642920008e-14,0.0,9,4,101,50,75.83027675945783,61.930044234722416,33.73333333333319
439.9000000000315,439.6228014661715,0.10000000000002274,0.1,2.273181642920008e-14,0.0,9,4,101,50,75.43435184566313,61.330044234722415,33.83333333333319
440.00000000003155,439.7228014661715,0.10000000000002274,0.1,2.273181642920008e-14,0.0,9,4,102,50,75.03790203728141,60.73004423472241,33.933333333333195
440.10000000003157,439.82280146617154,0.10000000000002274,0.1,2.273181642920008e-14,0.0,9,4,102,50,74.47823228257299,60.13004423472241,34.03333333333319
440.2000000000316,439.92280146617156,0.10000000000002274,0.1,2.273181642920008e-14,0.0,9,4,102,50,73.97173837519651,59.53004423472241,34.13333333333319
440.3000000000316,440.0228014661716,0.10000000000002274,0.1,2.273181642920008e-14,0.0,9,4,103,50,73.46437462224736,58.93004423472241,34.23333333333319
440.40000000003164,438.0063492716999,-2.0164521944716967,0.1,5.284661597215745e-14,2.1164521944717496,7,4,104,50,63.56594264814602,57.69744560712083,38.399999999999814
440.50000000003166,438.1063492716999,0.10000000000002274,0.1,2.273181642920008e-14,0.0,7,4,104,50,63.08727516832338,55.947557019275756,38.499999999999815
440.6000000000317,438.20634927169993,0.10000000000002274,0.1,2.273181642920008e-14,0.0,7,4,105,51,62.607322850557175,54.19825926670132,38.59999999999981
440.7000000000317,438.30634927169996,0.10000000000002274,0.1,2.273181642920008e-14,0.0,7,4,105,51,62.12885075440227,52.45583751755776,38.69999999999981
440.80000000003173,438.4063492717,0.10000000000002274,0.1,2.273181642920008e-14,0.0,7,4,105,51,61.64954663879778,50.710938978812635,38.799999999999805
440.90000000003175,438.5063492717,0.10000000000002274,0.1,2.273181642920008e-14,0.0,7,4,105,51,61.16716007936494,48.94886055491444,38.899999999999814
441.0000000000318,438.6063492717,0.10000000000002274,0.1,2.273181642920008e-14,0.0,7,4,105,51,60.68603583916353,47.19473994456144,38.999999999999815
441.1000000000318,438.70634927170005,0.10000000000002274,0.1,2.273181642920008e-14,0.0,7,4,105,51,60.207099822074596,45.44535855293432,39.09999999999981
441.2000000000318,438.84154927170005,0.13519999999999754,0.1,0.03519999999999754,0.0,7,4,104,50,64.75232437017404,43.68001919584847,39.19999999999981
441.30000000003184,438.94154927170007,0.10000000000002274,0.1,2.273181642920008e-14,0.0,7,4,104,50,64.2887234255787,43.01528038560934,39.299999999999805
441.40000000003187,439.0415492717001,0.10000000000002274,0.1,2.273181642920008e-14,0.0,7,4,103,50,63.80315996950238,42.915280385609336,39.399999999999814
441.5000000000319,439.1415492717001,0.10000000000002274,0.1,2.273181642920008e-14,0.0,7,4,103,49,63.323354676082644,42.815280385609334,39.499999999999815
441.6000000000319,439.24154927170014,0.10000000000002274,0.1,2.273181642920008e-14,0.0,7,4,104,49,62.84352115459978,42.71528038560933,39.59999999999981
441.70000000003193,439.34154927170016,0.10000000000002274,0.1,2.273181642920008e-14,0.0,7,4,105,49,62.36336817266852,42.61528038560933,39.69999999999981
441.80000000003196,439.4415492717002,0.10000000000002274,0.1,2.273181642920008e-14,0.0,7,4,105,49,61.88105141002529,42.51528038560933,39.799999999999805
441.900000000032,439.5415492717002,0.10000000000002274,0.1,2.273181642920008e-14,0.0,7,4,105,49,61.444802232758434,42.41528038560933,39.899999999999814
442.000000000032,439.6415492717002,0.10000000000002274,0.1,2.273181642920008e-14,0.0,7,4,105,49,61.03598060936054,42.31528038560933,39.999999999999815
442.100000000032,439.74154927170025,0.10000000000002274,0.1,2.273181642920008e-14,0.0,7,4,105,49,60.615905675887426,42.215280385609326,40.09999999999981
442.20000000003205,439.8415492717003,0.10000000000002274,0.1,2.273181642920008e-14,0.0,7,4,106,49,60.19927679335973,42.115280385609324,40.19999999999981
442.30000000003207,439.9415492717003,0.10000000000002274,0.1,2.273181642920008e-14,0.0,7,4,105,49,59.78396526287191,42.01528038560932,40.299999999999805
442.4000000000321,440.0415492717003,0.10000000000002274,0.1,2.273181642920008e-14,0.0,7,4,105,49,59.37467865400754,41.91528038560932,40.399999999999814
442.5000000000321,440.14154927170034,0.10000000000002274,0.1,2.273181642920008e-14,0.0,7,4,106,49,58.96298921975515,41.81528038560932,40.499999999999815
442.60000000003214,440.24154927170036,0.10000000000002274,0.1,2.273181642920008e-14,0.0,7,4,106,49,58.553826898156046,41.71528038560932,40.59999999999981
442.70000000003216,440.3415492717004,0.10000000000002274,0.1,2.273181642920008e-14,0.0,7,4,106,49,58.14344571247667,41.61528038560932,40.69999999999981
442.8000000000322,440.4415492717004,0.10000000000002274,0.1,2.273181642920008e-14,0.0,7,4,107,49,57.73314388858046,41.515280385609316,40.799999999999805
442.9000000000322,440.54154927170043,0.10000000000002274,0.1,2.273181642920008e-14,0.0,7,4,108,48,57.32395962730194,41.415280385609314,40.89999999999981
443.00000000003223,440.64154927170046,0.10000000000002274,0.1,2.273181642920008e-14,0.0,7,4,108,48,56.91307063893112,41.31528038560931,40.999999999999815
443.10000000003225,440.7415492717005,0.10000000000002274,0.1,2.273181642920008e-14,0.0,7,4,108,48,56.50286255090363,41.21528038560931,41.09999999999981
443.2000000000323,440.8415492717005,0.10000000000002274,0.1,2.273181642920008e-14,0.0,7,4,108,48,56.0902534500628,41.11528038560931,41.19999999999981
443.3000000000323,440.9415492717005,0.10000000000002274,0.1,2.273181642920008e-14,0.0,7,4,107,48,55.680493012357715,41.01528038560931,41.299999999999805
443.4000000000323,441.04154927170055,0.10000000000002274,0.1,2.273181642920008e-14,0.0,7,4,107,48,55.270192560494465,40.91528038560931,41.39999999999981
443.50000000003234,441.14154927170057,0.10000000000002274,0.1,2.273181642920008e-14,0.0,7,4,108,48,54.856835657425584,40.815280385609306,41.499999999999815
443.60000000003237,441.2415492717006,0.10000000000002274,0.1,2.273181642920008e-14,0.0,7,4,107,48,54.44590655692143,40.715280385609304,41.59999999999981
443.7000000000324,441.3415492717006,0.10000000000002274,0.1,2.273181642920008e-14,0.0,7,4,108,48,54.03354357586169,40.6152803856093,41.69999999999981
443.8000000000324,441.44154927170064,0.10000000000002274,0.1,2.273181642920008e-14,0.0,6,4,108,48,62.993997831251725,83.04653357761643,29.200000000000177
443.90000000003243,441.54154927170066,0.10000000000002274,0.1,2.273181642920008e-14,0.0,6,4,108,48,62.810664497918395,82.94653357761644,29.30000000000018
444.00000000003246,441.6415492717007,0.10000000000002274,0.1,2.273181642920008e-14,0.0,6,4,108,48,62.62733116458506,82.84653357761644,29.400000000000176
444.1000000000325,441.7415492717007,0.10000000000002274,0.1,2.273181642920008e-14,0.0,6,4,108,48,62.44399783125173,82.74653357761645,29.50000000000018
444.2000000000325,441.8415492717007,0.10000000000002274,0.1,2.273181642920008e-14,0.0,6,4,108,48,62.260664497918405,82.64653357761645,29.60000000000018
444.3000000000325,441.94154927170075,0.10000000000002274,0.1,2.273181642920008e-14,0.0,6,4,108,47,62.078056666790786,82.54653357761646,29.700000000000177
444.40000000003255,442.0415492717008,0.10000000000002274,0.1,2.273181642920008e-14,0.0,6,4,108,47,61.936752751226976,82.44653357761646,29.800000000000182
444.50000000003257,442.1415492717008,0.10000000000002274,0.1,2.273181642920008e-14,0.0,6,4,108,47,61.81610079344507,82.34653357761647,29.90000000000018
444.6000000000326,442.2415492717008,0.10000000000002274,0.1,2.273181642920008e-14,0.0,6,4,108,47,61.705774814554125,82.24653357761647,30.000000000000185
444.7000000000326,442.34154927170084,0.10000000000002274,0.1,2.273181642920008e-14,0.0,6,4,109,47,61.60577481455413,82.14653357761648,30.100000000000183
444.80000000003264,442.44154927170086,0.10000000000002274,0.1,2.273181642920008e-14,0.0,6,4,109,47,61.50577481455412,82.04653357761649,30.200000000000188
444.90000000003266,442.5415492717009,0.10000000000002274,0.1,2.273181642920008e-14,0.0,6,4,109,47,61.40577481455413,81.94653357761649,30.300000000000185
445.0000000000327,442.6415492717009,0.10000000000002274,0.1,2.273181642920008e-14,0.0,6,4,109,47,61.305774814554134,81.8465335776165,30.400000000000187
445.1000000000327,442.74154927170093,0.10000000000002274,0.1,2.273181642920008e-14,0.0,6,4,110,47,61.20577481455413,81.7465335776165,30.50000000000019
445.20000000003273,442.84154927170096,0.10000000000002274,0.1,2.273181642920008e-14,0.0,6,4,109,47,61.10577481455414,81.64653357761651,30.60000000000019
445.30000000003275,442.941549271701,0.10000000000002274,0.1,2.273181642920008e-14,0.0,6,4,110,47,61.005774814554144,81.54653357761651,30.70000000000019
445.4000000000328,443.041549271701,0.10000000000002274,0.1,2.273181642920008e-14,0.0,6,4,110,47,60.90577481455414,81.44653357761652,30.800000000000193
445.5000000000328,443.141549271701,0.10000000000002274,0.1,2.273181642920008e-14,0.0,6,4,110,46,60.80577481455415,81.34653357761653,30.900000000000194
445.6000000000328,443.24154927170105,0.10000000000002274,0.1,2.273181642920008e-14,0.0,6,4,110,46,60.705774814554154,81.24653357761653,31.000000000000195
445.70000000003284,443.34154927170107,0.10000000000002274,0.1,2.273181642920008e-14,0.0,6,4,111,46,60.605774814554145,81.14653357761654,31.100000000000193
445.80000000003287,443.4415492717011,0.10000000000002274,0.1,2.273181642920008e-14,0.0,6,4,112,46,60.50577481455415,81.04653357761654,31.2000000000002
445.9000000000329,443.5415492717011,0.10000000000002274,0.1,2.273181642920008e-14,0.0,6,4,112,46,60.40577481455416,80.94653357761655,31.300000000000196
446.0000000000329,443.64154927170114,0.10000000000002274,0.1,2.273181642920008e-14,0.0,6,4,113,46,60.305774814554155,80.84653357761655,31.4000000000002
446.10000000003294,443.74154927170116,0.10000000000002274,0.1,2.273181642920008e-14,0.0,6,4,115,46,60.114803128235735,80.74653357761656,31.5000000000002
446.20000000003296,443.8415492717012,0.10000000000002274,0.1,2.273181642920008e-14,0.0,6,4,115,46,59.92911926728769,80.64653357761657,31.600000000000204
446.300000000033,443.9665492717012,0.125,0.1,0.024999999999999994,0.0,6,4,116,46,63.86486849466516,80.54653357761657,31.700000000000202
446.400000000033,444.0665492717012,0.10000000000002274,0.1,2.273181642920008e-14,0.0,6,4,116,46,63.701893298965956,80.44653357761658,31.800000000000207
446.500000000033,444.16654927170123,0.10000000000002274,0.1,2.273181642920008e-14,0.0,6,4,118,46,63.518501849765414,80.34653357761658,31.900000000000205
446.60000000003305,444.26654927170125,0.10000000000002274,0.1,2.273181642920008e-14,0.0,6,4,118,46,63.33201877125163,80.24653357761659,32.000000000000206
446.70000000003307,444.3665492717013,0.10000000000002274,0.1,2.273181642920008e-14,0.0,6,4,118,46,63.148059300642046,80.1465335776166,32.10000000000021
446.8000000000331,444.4665492717013,0.10000000000002274,0.1,2.273181642920008e-14,0.0,6,4,118,46,62.96328215251557,80.0465335776166,32.20000000000021
446.9000000000331,444.5665492717013,0.10000000000002274,0.1,2.273181642920008e-14,0.0,6,4,118,46,62.7793450350402,79.9465335776166,32.30000000000021
447.00000000003314,444.66654927170134,0.10000000000002274,0.1,2.273181642920008e-14,0.0,6,4,118,46,62.59235191555418,79.84653357761661,32.40000000000021
447.10000000003316,444.76654927170136,0.10000000000002274,0.1,2.273181642920008e-14,0.0,6,4,118,46,62.408470620311654,79.74653357761662,32.50000000000021
447.2000000000332,444.8665492717014,0.10000000000002274,0.1,2.273181642920008e-14,0.0,6,4,118,46,62.22202156733368,79.64653357761662,32.600000000000215
447.3000000000332,444.9665492717014,0.10000000000002274,0.1,2.273181642920008e-14,0.0,6,4,119,45,62.03572593817612,79.54653357761663,32.700000000000216
447.40000000003323,445.06654927170143,0.10000000000002274,0.1,2.273181642920008e-14,0.0,6,4,119,45,61.848904373395634,79.44653357761663,32.80000000000022
447.50000000003325,445.16654927170146,0.10000000000002274,0.1,2.273181642920008e-14,0.0,6,4,119,45,61.665571040062304,79.34653357761664,32.90000000000021
447.6000000000333,445.2665492717015,0.10000000000002274,0.1,2.273181642920008e-14,0.0,6,4,120,46,61.48223770672897,79.24653357761665,33.00000000000022
447.7000000000333,445.3665492717015,0.10000000000002274,0.1,2.273181642920008e-14,0.0,6,4,119,46,61.29890437339564,79.14653357761665,33.100000000000215
447.8000000000333,445.4665492717015,0.10000000000002274,0.1,2.273181642920008e-14,0.0,6,4,119,46,61.115571040062314,79.04653357761666,33.20000000000022
447.90000000003334,445.56654927170155,0.10000000000002274,0.1,2.273181642920008e-14,0.0,6,4,120,46,60.932237706728976,78.94653357761666,33.30000000000022
448.00000000003337,445.66654927170157,0.10000000000002274,0.1,2.273181642920008e-14,0.0,6,4,120,46,60.748904373395646,78.84653357761667,33.400000000000226
448.1000000000334,445.7665492717016,0.10000000000002274,0.1,2.273181642920008e-14,0.0,6,4,121,46,60.56557104006231,78.74653357761667,33.50000000000022
448.2000000000334,445.8665492717016,0.10000000000002274,0.1,2.273181642920008e-14,0.0,6,4,122,46,60.38223770672898,78.64653357761668,33.60000000000022
448.30000000003344,445.96654927170164,0.10000000000002274,0.1,2.273181642920008e-14,0.0,6,4,122,46,60.18829404385619,78.54653357761669,33.70000000000022
448.40000000003346,446.06654927170166,0.10000000000002274,0.1,2.273181642920008e-14,0.0,6,4,122,47,59.99330083885179,78.44653357761669,33.800000000000225
448.5000000000335,446.1665492717017,0.10000000000002274,0.1,2.273181642920008e-14,0.0,6,4,122,47,59.808835519421955,78.3465335776167,33.900000000000226
448.6000000000335,446.2665492717017,0.10000000000002274,0.1,2.273181642920008e-14,0.0,6,4,121,48,59.624225960907374,78.2465335776167,34.00000000000023
448.7000000000335,446.36654927170173,0.10000000000002274,0.1,2.273181642920008e-14,0.0,6,4,122,48,59.440892627574044,78.14653357761671,34.10000000000023
448.80000000003355,446.46654927170175,0.10000000000002274,0.1,2.273181642920008e-14,0.0,6,4,122,48,59.234615183021475,78.04653357761671,34.20000000000023
448.9000000000336,446.5665492717018,0.10000000000002274,0.1,2.273181642920008e-14,0.0,6,4,122,47,59.051281849688145,77.94653357761672,34.30000000000023
449.0000000000336,446.6665492717018,0.10000000000002274,0.1,2.273181642920008e-14,0.0,6,4,122,47,58.9348103658481,77.84653357761673,34.40000000000023
449.1000000000336,446.7665492717018,0.10000000000002274,0.1,2.273181642920008e-14,0.0,6,4,122,45,58.83481036584809,77.74653357761673,34.500000000000234
449.20000000003364,446.86654927170184,0.10000000000002274,0.1,2.273181642920008e-14,0.0,6,4,122,45,58.7348103658481,77.64653357761674,34.600000000000236
449.30000000003366,446.96654927170187,0.10000000000002274,0.1,2.273181642920008e-14,0.0,6,4,123,45,58.634810365848104,77.54653357761674,34.70000000000024
449.4000000000337,447.0665492717019,0.10000000000002274,0.1,2.273181642920008e-14,0.0,6,4,123,45,58.5348103658481,77.44653357761675,34.80000000000024
449.5000000000337,447.1665492717019,0.10000000000002274,0.1,2.273181642920008e-14,0.0,6,4,124,45,58.43481036584811,77.34653357761675,34.90000000000024
449.60000000003373,447.26654927170193,0.10000000000002274,0.1,2.273181642920008e-14,0.0,6,4,125,45,58.334810365848114,77.24653357761676,35.00000000000024
449.70000000003375,447.36654927170196,0.10000000000002274,0.1,2.273181642920008e-14,0.0,6,4,126,46,58.23481036584811,77.14653357761676,35.10000000000024
449.8000000000338,447.466549271702,0.10000000000002274,0.1,2.273181642920008e-14,0.0,6,4,125,46,58.13481036584812,77.04653357761677,35.20000000000024
449.9000000000338,447.566549271702,0.10000000000002274,0.1,2.273181642920008e-14,0.0,6,4,125,46,58.034810365848124,76.94653357761678,35.300000000000246
450.0000000000338,447.666549271702,0.10000000000002274,0.1,2.273181642920008e-14,0.0,6,4,126,46,57.934810365848115,76.84653357761678,35.40000000000024
450.10000000003384,447.76654927170205,0.10000000000002274,0.1,2.273181642920008e-14,0.0,6,4,126,46,57.83481036584812,76.74653357761679,35.50000000000025
450.20000000003387,447.86654927170207,0.10000000000002274,0.1,2.273181642920008e-14,0.0,6,4,127,46,57.734810365848126,76.6465335776168,35.60000000000024
450.3000000000339,447.9665492717021,0.10000000000002274,0.1,2.273181642920008e-14,0.0,6,4,127,46,57.634810365848125,76.5465335776168,35.700000000000244
450.4000000000339,448.0665492717021,0.10000000000002274,0.1,2.273181642920008e-14,0.0,6,4,127,46,57.53481036584813,76.4465335776168,35.800000000000246
450.50000000003394,448.16654927170214,0.10000000000002274,0.1,2.273181642920008e-14,0.0,6,4,128,46,57.43481036584813,76.34653357761681,35.90000000000024
450.60000000003396,448.26654927170216,0.10000000000002274,0.1,2.273181642920008e-14,0.0,6,4,128,46,57.334810365848135,76.24653357761682,36.00000000000025
450.700000000034,448.3665492717022,0.10000000000002274,0.1,2.273181642920008e-14,0.0,6,4,128,46,57.23481036584814,76.14653357761682,36.10000000000024
450.800000000034,448.4665492717022,0.10000000000002274,0.1,2.273181642920008e-14,0.0,6,4,129,46,57.13481036584813,76.04653357761683,36.200000000000244
450.900000000034,448.56654927170223,0.10000000000002274,0.1,2.273181642920008e-14,0.0,6,4,130,46,57.03481036584814,75.94653357761683,36.300000000000246
451.00000000003405,448.66654927170225,0.10000000000002274,0.1,2.273181642920008e-14,0.0,6,4,129,46,56.93481036584814,75.84653357761684,36.40000000000024
451.1000000000341,448.7665492717023,0.10000000000002274,0.1,2.273181642920008e-14,0.0,6,4,129,45,56.83481036584814,75.74653357761684,36.50000000000025
451.2000000000341,448.8665492717023,0.10000000000002274,0.1,2.273181642920008e-14,0.0,6,4,129,45,56.73481036584815,75.64653357761685,36.60000000000024
451.3000000000341,448.9665492717023,0.10000000000002274,0.1,2.273181642920008e-14,0.0,6,4,128,45,56.549688147714505,75.54653357761686,36.700000000000244
451.40000000003414,449.06654927170234,0.10000000000002274,0.1,2.273181642920008e-14,0.0,6,4,127,45,56.36635481438117,75.44653357761686,36.800000000000246
451.50000000003416,449.16654927170237,0.10000000000002274,0.1,2.273181642920008e-14,0.0,6,4,127,45,56.18302148104784,75.34653357761687,36.90000000000024
451.6000000000342,449.2665492717024,0.10000000000002274,0.1,2.273181642920008e-14,0.0,6,4,128,45,55.999688147714515,75.24653357761687,37.00000000000025
451.7000000000342,449.3975492717024,0.13100000000002865,0.1,0.031000000000028644,0.0,6,4,127,45,60.98302148104784,75.14653357761688,37.10000000000024
451.80000000003423,449.49754927170244,0.10000000000002274,0.1,2.273181642920008e-14,0.0,6,4,127,45,60.82683654425045,75.04653357761688,37.200000000000244
451.90000000003425,449.59754927170246,0.10000000000002274,0.1,2.273181642920008e-14,0.0,6,4,126,45,60.60516663073947,74.94653357761689,37.300000000000246
452.0000000000343,449.7473492717025,0.14980000000002747,0.1,0.04980000000002746,0.0,6,4,125,45,68.72183329740618,74.8465335776169,37.40000000000024
452.1000000000343,449.8473492717025,0.10000000000002274,0.1,2.273181642920008e-14,0.0,6,4,125,45,68.53849996407284,74.7465335776169,37.50000000000025
452.2000000000343,449.94734927170254,0.10000000000002274,0.1,2.273181642920008e-14,0.0,6,4,126,45,68.3635094721123,74.6465335776169,37.60000000000024
452.30000000003434,450.04734927170256,0.10000000000002274,0.1,2.273181642920008e-14,0.0,6,4,126,45,68.23101796205724,74.54653357761691,37.700000000000244
452.40000000003437,450.1473492717026,0.10000000000002274,0.1,2.273181642920008e-14,0.0,6,4,125,44,68.10416187749026,74.44653357761692,37.800000000000246
452.5000000000344,450.2473492717026,0.10000000000002274,0.1,2.273181642920008e-14,0.0,6,4,126,44,67.9856565054082,74.34653357761692,37.90000000000024
452.6000000000344,450.3473492717026,0.10000000000002274,0.1,2.273181642920008e-14,0.0,6,4,126,44,67.87504617586875,74.24653357761693,38.00000000000024
452.70000000003444,450.44734927170265,0.10000000000002274,0.1,2.273181642920008e-14,0.0,6,4,126,42,67.76443584632928,74.14653357761694,38.10000000000024
452.80000000003446,450.54734927170267,0.10000000000002274,0.1,2.273181642920008e-14,0.0,5,4,126,42,81.21245946054877,74.04653357761694,39.60000000000026
452.9000000000345,450.6473492717027,0.10000000000002274,0.1,2.273181642920008e-14,0.0,5,4,126,42,80.97573309718345,73.94653357761695,39.70000000000026
453.0000000000345,450.8073492717027,0.160000000000025,0.1,0.060000000000025006,0.0,5,4,125,42,92.77573309718353,73.84653357761695,39.80000000000025
453.1000000000345,450.90734927170274,0.10000000000002274,0.1,2.273181642920008e-14,0.0,5,4,125,42,92.57573309718353,73.74653357761696,39.900000000000254
453.20000000003455,451.00734927170276,0.10000000000002274,0.1,2.273181642920008e-14,0.0,5,4,125,42,92.33178350417887,73.64653357761696,40.000000000000256
453.3000000000346,451.1073492717028,0.10000000000002274,0.1,2.273181642920008e-14,0.0,5,4,125,42,92.13178350417887,73.54653357761697,40.10000000000026
453.4000000000346,451.2673492717028,0.160000000000025,0.1,0.060000000000025006,0.0,5,4,124,42,103.93178350417895,73.44653357761698,40.20000000000026
453.5000000000346,451.41594927170286,0.14860000000004447,0.1,0.04860000000004447,0.0,5,4,122,42,113.451783504179,73.34653357761698,40.30000000000025
453.60000000003464,451.5159492717029,0.10000000000002274,0.1,2.273181642920008e-14,0.0,6,4,123,42,90.15357590969882,74.9,33.68333333333354
453.70000000003466,451.6759492717029,0.160000000000025,0.1,0.060000000000025006,0.0,6,4,122,41,99.83978307208609,74.27175857555926,33.783333333333545
453.8000000000347,451.7759492717029,0.10000000000002274,0.1,2.273181642920008e-14,0.0,6,4,122,41,99.61657932450412,73.67175857555927,33.883333333333546
453.9000000000347,451.93594927170295,0.160000000000025,0.1,0.060000000000025006,0.0,6,4,121,41,109.33327478149164,73.07175857555927,33.98333333333355
454.00000000003473,452.035949271703,0.10000000000002274,0.1,2.273181642920008e-14,0.0,7,4,122,42,89.90352336146017,72.84653357761701,29.22857142857161
454.10000000003475,452.195949271703,0.160000000000025,0.1,0.060000000000025006,0.0,7,4,120,42,98.13893395990308,74.16179231717526,29.32857142857161
454.2000000000348,452.295949271703,0.10000000000002274,0.1,2.273181642920008e-14,0.0,7,4,120,42,97.82145419135975,73.56179231717526,29.428571428571612
454.3000000000348,452.39594927170305,0.10000000000002274,0.1,2.273181642920008e-14,0.0,7,4,121,42,97.46283067852907,72.96179231717527,29.52857142857161
454.4000000000348,452.55594927170307,0.160000000000025,0.1,0.060000000000025006,0.0,7,4,120,43,105.7191573825447,129.77355125337328,29.62857142857161
454.50000000003485,452.6559492717031,0.10000000000002274,0.1,2.273181642920008e-14,0.0,7,4,120,43,105.40277196340755,129.1735512533733,29.72857142857161
454.60000000003487,452.7947492717031,0.13880000000000337,0.1,0.03880000000000336,0.0,7,4,119,43,110.61320179459189,131.0575292308025,29.82857142857161
454.7000000000349,453.0147492717031,0.22000000000002728,0.1,0.12000000000002728,0.0,7,4,118,43,127.44036618122524,162.25140773770264,29.928571428571612
454.8000000000349,453.11474927170315,0.10000000000002274,0.1,2.273181642920008e-14,0.0,7,4,118,43,127.11692463812481,162.15140773770264,30.02857142857161
454.90000000003494,453.21474927170317,0.10000000000002274,0.1,2.273181642920008e-14,0.0,7,4,118,43,126.72597319014436,162.05140773770265,30.12857142857161
455.00000000003496,453.3147492717032,0.10000000000002274,0.1,2.273181642920008e-14,0.0,7,4,118,43,126.40426147005572,161.95140773770265,30.22857142857161
455.100000000035,453.4747492717032,0.160000000000025,0.1,0.060000000000025006,0.0,7,4,117,41,134.65561714410757,161.85140773770266,30.32857142857161
455.200000000035,453.57474927170324,0.10000000000002274,0.1,2.273181642920008e-14,0.0,8,4,118,42,114.41046676739651,147.13400727401734,26.63750000000016
455.300000000035,453.67474927170326,0.10000000000002274,0.1,2.273181642920008e-14,0.0,8,4,119,41,114.04484785074422,146.50102624815918,26.73750000000016
455.40000000003505,453.7747492717033,0.10000000000002274,0.1,2.273181642920008e-14,0.0,8,4,119,41,113.68330703279545,145.90102624815918,26.83750000000016
455.5000000000351,453.8747492717033,0.10000000000002274,0.1,2.273181642920008e-14,0.0,8,4,120,40,113.3324039788801,145.3010262481592,26.93750000000016
455.6000000000351,453.97474927170333,0.10000000000002274,0.1,2.273181642920008e-14,0.0,8,4,120,40,112.96575392831392,144.58868304196153,27.037500000000158
455.7000000000351,454.07474927170335,0.10000000000002274,0.1,2.273181642920008e-14,0.0,8,4,119,40,112.60657724904091,143.98868304196154,27.13750000000016
455.80000000003514,454.1747492717034,0.10000000000002274,0.1,2.273181642920008e-14,0.0,8,4,119,40,112.25607313449596,143.38868304196154,27.23750000000016
455.90000000003516,454.2747492717034,0.10000000000002274,0.1,2.273181642920008e-14,0.0,8,4,120,40,111.90538849628264,142.78868304196155,27.33750000000016
456.0000000000352,454.3747492717034,0.10000000000002274,0.1,2.273181642920008e-14,0.0,8,4,120,40,111.55532578023067,142.18868304196155,27.43750000000016
456.1000000000352,454.47474927170344,0.10000000000002274,0.1,2.273181642920008e-14,0.0,8,4,120,39,111.19813615007588,141.54694070206835,27.537500000000158
456.20000000003523,454.57474927170347,0.10000000000002274,0.1,2.273181642920008e-14,0.0,8,4,119,39,110.84498024481016,140.92582133826673,27.63750000000016
456.30000000003525,454.6747492717035,0.10000000000002274,0.1,2.273181642920008e-14,0.0,8,4,120,39,110.49189762868008,140.3128703929203,27.73750000000016
456.4000000000353,454.7747492717035,0.10000000000002274,0.1,2.273181642920008e-14,0.0,8,4,121,39,110.13905317629929,139.7031031330904,27.83750000000016
456.5000000000353,454.87474927170354,0.10000000000002274,0.1,2.273181642920008e-14,0.0,8,4,121,39,109.78178420358246,139.09452259936643,27.93750000000016
456.6000000000353,454.97474927170356,0.10000000000002274,0.1,2.273181642920008e-14,0.0,8,4,121,39,109.43098967023306,138.4881663325712,28.037500000000158
456.70000000003535,455.0747492717036,0.10000000000002274,0.1,2.273181642920008e-14,0.0,8,4,121,39,109.08030588105882,137.88269601917725,28.13750000000016
456.80000000003537,455.1747492717036,0.10000000000002274,0.1,2.273181642920008e-14,0.0,8,4,121,39,108.72966591939878,137.27757632589694,28.23750000000016
456.9000000000354,455.2747492717036,0.10000000000002274,0.1,2.273181642920008e-14,0.0,8,4,121,39,108.37904301760152,136.6725931115188,28.33750000000016
457.0000000000354,455.37474927170365,0.10000000000002274,0.1,2.273181642920008e-14,0.0,8,4,121,39,108.02842646761691,136.0676607116419,28.437500000000156
457.10000000003544,455.4747492717037,0.10000000000002274,0.1,2.273181642920008e-14,0.0,8,4,121,39,107.67781198523288,135.46274485256964,28.537500000000158
457.20000000003546,455.6347492717037,0.160000000000025,0.1,0.060000000000025006,0.0,8,4,120,39,114.82719785577011,134.8578318168671,28.637500000000156
457.3000000000355,455.7347492717037,0.10000000000002274,0.1,2.273181642920008e-14,0.0,8,4,120,39,114.47658339235973,134.25291610958408,28.737500000000153
457.4000000000355,455.83474927170374,0.10000000000002274,0.1,2.273181642920008e-14,0.0,8,4,120,39,114.08728225882685,133.64799552474418,28.837500000000155
457.5000000000355,455.93474927170377,0.10000000000002274,0.1,2.273181642920008e-14,0.0,8,4,119,39,113.73666646472638,133.04306917194043,28.937500000000153
457.60000000003555,456.0347492717038,0.10000000000002274,0.1,2.273181642920008e-14,0.0,8,4,119,39,113.32338044928264,132.43813668697348,29.03750000000015
457.7000000000356,456.1347492717038,0.10000000000002274,0.1,2.273181642920008e-14,0.0,8,4,118,39,112.91006986263073,131.8331979161068,29.137500000000152
457.8000000000356,456.23474927170383,0.10000000000002274,0.1,2.273181642920008e-14,0.0,8,4,117,39,112.49665430225231,131.22943148997868,29.23750000000015
457.9000000000356,456.39474927170386,0.160000000000025,0.1,0.060000000000025006,0.0,8,4,117,39,119.58317806244472,159.05140773770282,29.33750000000015
458.00000000003564,456.4947492717039,0.10000000000002274,0.1,2.273181642920008e-14,0.0,8,4,117,39,119.16967159639951,158.95140773770282,29.43750000000015
458.10000000003566,456.6547492717039,0.160000000000025,0.1,0.060000000000025006,0.0,8,4,116,39,126.23179396624336,158.72534971375225,29.537500000000147
458.2000000000357,456.75474927170393,0.10000000000002274,0.1,2.273181642920008e-14,0.0,8,4,116,39,125.8373867756026,158.12534971375226,29.637500000000145
458.3000000000357,456.85474927170395,0.10000000000002274,0.1,2.273181642920008e-14,0.0,8,4,116,39,125.38831838754635,157.52534971375226,29.737500000000146
458.40000000003573,457.014749271704,0.160000000000025,0.1,0.060000000000025006,0.0,8,4,116,39,132.52627055433823,157.34394250225404,29.837500000000144
458.50000000003575,457.160749271704,0.146000000000015,0.1,0.046000000000015,0.0,9,4,115,40,119.81045806778064,126.99776785150253,26.62222222222235
458.6000000000358,457.260749271704,0.10000000000002274,0.1,2.273181642920008e-14,0.0,10,4,116,41,104.98005296105342,126.39286842148668,24.060000000000112
458.7000000000358,457.414749271704,0.15399999999999636,0.1,0.053999999999996356,0.0,10,4,115,41,109.94448125347662,125.78808879898457,24.160000000000114
458.8000000000358,457.53534927170404,0.12060000000002447,0.1,0.02060000000002446,0.0,11,4,114,41,99.19643719852812,74.9,22.063636363636466
458.90000000003585,457.63534927170406,0.10000000000002274,0.1,2.273181642920008e-14,0.0,11,4,114,41,98.76569804697532,74.22250182940603,22.163636363636467
459.00000000003587,457.7353492717041,0.10000000000002274,0.1,2.273181642920008e-14,0.0,11,4,114,41,98.37972938371381,73.62250182940603,22.263636363636465
459.1000000000359,457.8953492717041,0.160000000000025,0.1,0.060000000000025006,0.0,11,4,113,41,103.45846465414184,123.37411283959722,22.363636363636463
459.2000000000359,457.99534927170413,0.10000000000002274,0.1,2.273181642920008e-14,0.0,11,4,114,42,103.08702676381954,122.77091514787598,22.463636363636464
459.30000000003594,458.09534927170415,0.10000000000002274,0.1,2.273181642920008e-14,0.0,11,4,114,42,102.7316434985819,122.16774617187237,22.563636363636462
459.40000000003596,458.1953492717042,0.10000000000002274,0.1,2.273181642920008e-14,0.0,11,4,114,42,102.40122214803529,121.5645454215071,22.663636363636463
459.500000000036,458.2953492717042,0.10000000000002274,0.1,2.273181642920008e-14,0.0,11,4,114,42,102.1041534869335,120.95935002573916,22.76363636363646
459.600000000036,458.3953492717042,0.10000000000002274,0.1,2.273181642920008e-14,0.0,11,4,114,43,101.82147191591248,120.35325561222257,22.86363636363646
459.700000000036,458.55534927170424,0.160000000000025,0.1,0.060000000000025006,0.0,11,4,114,43,106.97922316253947,127.72140027575341,22.963636363636457
459.80000000003605,458.65534927170427,0.10000000000002274,0.1,2.273181642920008e-14,0.0,11,4,114,43,106.69384335477626,127.12140027575342,23.06363636363646
459.9000000000361,458.7553492717043,0.10000000000002274,0.1,2.273181642920008e-14,0.0,11,4,114,43,106.38799521031557,126.31952887275617,23.163636363636456
460.0000000000361,458.8553492717043,0.10000000000002274,0.1,2.273181642920008e-14,0.0,11,4,114,43,106.10478382686523,125.71952887275617,23.263636363636458
460.1000000000361,458.95534927170434,0.10000000000002274,0.1,2.273181642920008e-14,0.0,11,4,114,43,105.81717819257098,125.11952887275618,23.363636363636456
460.20000000003614,459.11534927170436,0.160000000000025,0.1,0.060000000000025006,0.0,11,4,112,43,110.986681907494,130.2923149447735,23.463636363636454
460.30000000003616,459.2153492717044,0.10000000000002274,0.1,2.273181642920008e-14,0.0,11,4,112,43,110.72895925531135,130.1923149447735,23.563636363636455
460.4000000000362,459.3629492717044,0.14760000000001128,0.1,0.04760000000001127,0.0,11,4,112,43,114.75192151309575,130.0923149447735,23.663636363636453
460.5000000000362,459.4629492717044,0.10000000000002274,0.1,2.273181642920008e-14,0.0,11,4,112,43,114.41795146126968,129.9923149447735,23.763636363636454
460.60000000003623,459.61134927170446,0.14840000000003783,0.1,0.04840000000003783,0.0,11,4,111,44,118.4794715520869,129.89231494477352,23.863636363636452
460.70000000003625,459.7113492717045,0.10000000000002274,0.1,2.273181642920008e-14,0.0,12,4,111,44,106.22650387948119,129.79231494477352,21.97500000000008
460.8000000000363,459.9189492717045,0.20760000000001355,0.1,0.10760000000001355,0.0,12,4,109,44,114.76815645265368,129.69231494477353,22.075000000000077
460.9000000000363,460.0189492717045,0.10000000000002274,0.1,2.273181642920008e-14,0.0,12,4,109,44,114.43899360204135,129.59231494477353,22.17500000000008
461.0000000000363,460.11894927170454,0.10000000000002274,0.1,2.273181642920008e-14,0.0,12,4,109,44,114.0342486617239,129.49231494477354,22.27500000000008
461.10000000003635,460.21894927170456,0.10000000000002274,0.1,2.273181642920008e-14,0.0,12,4,108,44,113.68448083977533,129.39231494477355,22.37500000000008
461.20000000003637,460.3189492717046,0.10000000000002274,0.1,2.273181642920008e-14,0.0,12,4,108,44,113.39359754841257,129.29231494477355,22.47500000000008
461.3000000000364,460.4189492717046,0.10000000000002274,0.1,2.273181642920008e-14,0.0,12,4,108,44,113.12091044422361,129.19231494477356,22.575000000000077
461.4000000000364,460.5189492717046,0.10000000000002274,0.1,2.273181642920008e-14,0.0,12,4,108,44,112.84898788603863,129.09231494477356,22.67500000000008
461.50000000003644,460.61894927170465,0.10000000000002274,0.1,2.273181642920008e-14,0.0,12,4,108,44,112.57522398688633,128.99231494477357,22.775000000000077
461.60000000003646,460.7189492717047,0.10000000000002274,0.1,2.273181642920008e-14,0.0,12,4,108,44,112.30001196299095,128.89231494477357,22.875000000000075
461.7000000000365,460.8189492717047,0.10000000000002274,0.1,2.273181642920008e-14,0.0,12,4,108,44,112.02456471353865,128.79231494477358,22.975000000000076
461.8000000000365,460.9189492717047,0.10000000000002274,0.1,2.273181642920008e-14,0.0,12,4,108,44,111.74633766592193,128.69231494477359,23.075000000000074
461.9000000000365,461.01894927170474,0.10000000000002274,0.1,2.273181642920008e-14,0.0,12,4,108,44,111.47187620022288,128.5923149447736,23.17500000000007
462.00000000003655,461.11894927170476,0.10000000000002274,0.1,2.273181642920008e-14,0.0,12,4,108,44,111.20176492906548,128.4923149447736,23.275000000000073
462.1000000000366,461.2189492717048,0.10000000000002274,0.1,2.273181642920008e-14,0.0,12,4,108,44,110.93210056594724,128.3923149447736,23.37500000000007
462.2000000000366,461.3189492717048,0.10000000000002274,0.1,2.273181642920008e-14,0.0,12,4,107,44,110.65880940610077,128.2923149447736,23.47500000000007
462.3000000000366,461.41894927170483,0.10000000000002274,0.1,2.273181642920008e-14,0.0,12,4,107,44,110.38929186826249,128.1923149447736,23.57500000000007
462.40000000003664,461.51894927170486,0.10000000000002274,0.1,2.273181642920008e-14,0.0,12,4,109,45,110.12262520159582,128.09231494477362,23.675000000000068
462.50000000003666,461.6189492717049,0.10000000000002274,0.1,2.273181642920008e-14,0.0,12,4,109,46,109.84870129724703,127.99231494477363,23.775000000000066
462.6000000000367,461.7189492717049,0.10000000000002274,0.1,2.273181642920008e-14,0.0,12,4,109,46,109.52539282358049,127.89231494477363,23.875000000000068
462.7000000000367,461.8189492717049,0.10000000000002274,0.1,2.273181642920008e-14,0.0,12,4,109,46,109.27645707019626,127.79231494477364,23.97500000000007
462.80000000003673,461.91894927170495,0.10000000000002274,0.1,2.273181642920008e-14,0.0,12,4,109,45,109.05001399494036,127.69231494477364,24.07500000000007
462.90000000003675,462.01894927170497,0.10000000000002274,0.1,2.273181642920008e-14,0.0,12,4,109,44,108.82432328596093,127.59231494477365,24.175000000000068
463.0000000000368,462.118949271705,0.10000000000002274,0.1,2.273181642920008e-14,0.0,12,4,109,44,108.598933601105,127.49231494477365,24.275000000000066
463.1000000000368,462.218949271705,0.10000000000002274,0.1,2.273181642920008e-14,0.0,12,4,110,45,108.31895443681641,126.7357031831755,24.375000000000068
463.2000000000368,462.37894927170504,0.160000000000025,0.1,0.060000000000025006,0.0,12,4,109,45,113.08765472857311,143.66956947024207,24.475000000000065
463.30000000003685,462.47894927170506,0.10000000000002274,0.1,2.273181642920008e-14,0.0,12,4,109,45,112.88084454363893,143.56956947024207,24.575000000000063
463.40000000003687,462.5789492717051,0.10000000000002274,0.1,2.273181642920008e-14,0.0,12,4,108,45,112.65328328636997,143.46956947024208,24.675000000000065
463.5000000000369,462.7389492717051,0.160000000000025,0.1,0.060000000000025006,0.0,11,4,108,45,128.14569729974986,143.36956947024208,23.17272727272731
463.6000000000369,462.83894927170513,0.10000000000002274,0.1,2.273181642920008e-14,0.0,12,4,108,45,115.11273051842545,143.2695694702421,21.3416666666667
463.70000000003694,462.93894927170516,0.10000000000002274,0.1,2.273181642920008e-14,0.0,12,4,108,45,114.7839597970713,143.05992749659512,21.441666666666702
463.80000000003696,463.0989492717052,0.160000000000025,0.1,0.060000000000025006,0.0,12,4,106,45,119.40317261469364,142.45294997530291,21.5416666666667
463.900000000037,463.1989492717052,0.10000000000002274,0.1,2.273181642920008e-14,0.0,12,4,106,44,119.0112501316437,141.84971323765325,21.641666666666698
464.000000000037,463.3463492717052,0.14740000000000464,0.1,0.04740000000000463,0.0,12,4,105,44,122.66147513561924,141.24893147682886,21.7416666666667
464.100000000037,463.44634927170523,0.10000000000002274,0.1,2.273181642920008e-14,0.0,13,4,105,44,111.02692485718309,116.23834345818734,20.169230769230793
464.20000000003705,463.60634927170526,0.160000000000025,0.1,0.060000000000025006,0.0,13,4,104,44,115.23369229820568,116.13834345818735,20.269230769230795
464.3000000000371,463.7063492717053,0.10000000000002274,0.1,2.273181642920008e-14,0.0,13,4,105,44,114.89890328360829,116.03834345818736,20.369230769230793
464.4000000000371,463.9263492717053,0.22000000000002728,0.1,0.12000000000002728,0.0,13,4,103,44,123.8540278809099,133.17613176692288,20.469230769230794
464.5000000000371,464.0263492717053,0.10000000000002274,0.1,2.273181642920008e-14,0.0,13,4,104,44,123.61170479225189,132.7363041008476,20.569230769230792
464.60000000003714,464.18634927170535,0.160000000000025,0.1,0.060000000000025006,0.0,13,4,103,44,127.91796388757332,132.25303998925412,20.66923076923079
464.70000000003716,464.2863492717054,0.10000000000002274,0.1,2.273181642920008e-14,0.0,13,4,103,44,127.59902695653646,131.81321232317885,20.76923076923079
464.8000000000372,464.4307492717054,0.14440000000001874,0.1,0.04440000000001873,0.0,13,4,101,44,130.31128925094134,150.9439425022544,20.869230769230793
464.9000000000372,464.5307492717054,0.10000000000002274,0.1,2.273181642920008e-14,0.0,13,4,100,44,129.99513602409195,150.8439425022544,20.969230769230787
465.00000000003723,464.63074927170544,0.10000000000002274,0.1,2.273181642920008e-14,0.0,13,4,100,44,129.2814042216983,150.7439425022544,21.06923076923079
465.10000000003726,464.73074927170546,0.10000000000002274,0.1,2.273181642920008e-14,0.0,13,4,101,43,128.99299248748343,150.64394250225442,21.169230769230786
465.2000000000373,463.6052940444809,-1.1254552272245633,0.1,2.220446049250313e-14,1.2254552272245856,11,4,101,43,140.94205856805044,151.75140773770323,23.490909090909113
465.3000000000373,463.7052940444809,0.10000000000002274,0.1,2.273181642920008e-14,0.0,11,4,101,43,140.7202560529527,151.65140773770324,23.59090909090911
465.4000000000373,463.80529404448095,0.10000000000002274,0.1,2.273181642920008e-14,0.0,11,4,101,43,140.53441950407338,151.55140773770324,23.690909090909113
465.50000000003735,463.90529404448097,0.10000000000002274,0.1,2.273181642920008e-14,0.0,11,4,101,44,140.35807153443014,151.45140773770325,23.79090909090911
465.60000000003737,464.005294044481,0.10000000000002274,0.1,2.273181642920008e-14,0.0,11,4,101,44,140.19283747163564,151.35140773770325,23.890909090909112
465.7000000000374,464.105294044481,0.10000000000002274,0.1,2.273181642920008e-14,0.0,11,4,100,44,140.08729966167118,151.25140773770326,23.99090909090911
465.8000000000374,464.20529404448104,0.10000000000002274,0.1,2.273181642920008e-14,0.0,11,4,100,44,139.459627605306,151.15140773770327,24.090909090909108
465.90000000003744,464.30529404448106,0.10000000000002274,0.1,2.273181642920008e-14,0.0,11,4,99,44,138.85922143975336,151.05140773770327,24.19090909090911
466.00000000003746,464.4052940444811,0.10000000000002274,0.1,2.273181642920008e-14,0.0,11,4,99,44,138.697947433203,150.95140773770328,24.290909090909107
466.1000000000375,464.5052940444811,0.10000000000002274,0.1,2.273181642920008e-14,0.0,11,4,99,44,138.0856695436198,150.85140773770328,24.39090909090911
466.2000000000375,464.6052940444811,0.10000000000002274,0.1,2.273181642920008e-14,0.0,11,4,99,44,137.48505426104327,150.7514077377033,24.490909090909103
466.3000000000375,464.70529404448115,0.10000000000002274,0.1,2.273181642920008e-14,0.0,11,4,99,44,136.88459904592204,150.6514077377033,24.590909090909108
466.40000000003755,464.8052940444812,0.10000000000002274,0.1,2.273181642920008e-14,0.0,11,4,99,44,136.73879290628483,150.5514077377033,24.690909090909102
466.5000000000376,464.9052940444812,0.10000000000002274,0.1,2.273181642920008e-14,0.0,11,4,99,44,136.59299804870054,150.4514077377033,24.7909090909091
466.6000000000376,463.47206975782444,-1.4332242866567526,0.1,7.105427357601002e-15,1.5332242866567598,10,4,99,44,134.75989376767427,150.3514077377033,26.070000000000014
466.7000000000376,463.57206975782447,0.10000000000002274,0.1,2.273181642920008e-14,0.0,10,4,99,44,134.65989376767428,150.25140773770332,26.170000000000016
466.80000000003764,463.6720697578245,0.10000000000002274,0.1,2.273181642920008e-14,0.0,10,4,100,44,134.55989376767428,150.15140773770332,26.27000000000001
466.90000000003766,463.7720697578245,0.10000000000002274,0.1,2.273181642920008e-14,0.0,10,4,100,44,134.45989376767426,150.05140773770333,26.37000000000001
467.0000000000377,463.87206975782453,0.10000000000002274,0.1,2.273181642920008e-14,0.0,10,4,101,44,134.35989376767427,149.95140773770333,26.47000000000001
467.1000000000377,463.97206975782456,0.10000000000002274,0.1,2.273181642920008e-14,0.0,10,4,100,44,134.2598937676743,149.85140773770334,26.57000000000001
467.20000000003773,464.0720697578246,0.10000000000002274,0.1,2.273181642920008e-14,0.0,10,4,99,44,134.1598937676743,149.75140773770335,26.67000000000001
467.30000000003776,464.1720697578246,0.10000000000002274,0.1,2.273181642920008e-14,0.0,10,4,100,44,134.05989376767428,149.65140773770335,26.77000000000001
467.4000000000378,464.2720697578246,0.10000000000002274,0.1,2.273181642920008e-14,0.0,10,4,100,44,133.9598937676743,149.55140773770336,26.870000000000005
467.5000000000378,464.37206975782465,0.10000000000002274,0.1,2.273181642920008e-14,0.0,10,4,100,44,133.8598937676743,149.45140773770336,26.970000000000006
467.6000000000378,464.47206975782467,0.10000000000002274,0.1,2.273181642920008e-14,0.0,10,4,100,44,133.75989376767433,149.35140773770337,27.070000000000004
467.70000000003785,464.5720697578247,0.10000000000002274,0.1,2.273181642920008e-14,0.0,10,4,100,44,133.6598937676743,149.25140773770337,27.170000000000005
467.80000000003787,464.6720697578247,0.10000000000002274,0.1,2.273181642920008e-14,0.0,10,4,100,44,133.5598937676743,149.15140773770338,27.270000000000003
467.9000000000379,464.77206975782474,0.10000000000002274,0.1,2.273181642920008e-14,0.0,10,4,99,43,133.45989376767432,149.05140773770339,27.370000000000005
468.0000000000379,464.87206975782476,0.10000000000002274,0.1,2.273181642920008e-14,0.0,10,4,99,43,133.35989376767432,148.9514077377034,27.47
468.10000000003794,464.9720697578248,0.10000000000002274,0.1,2.273181642920008e-14,0.0,10,4,99,43,133.25989376767433,148.8514077377034,27.57
468.20000000003796,465.0720697578248,0.10000000000002274,0.1,2.273181642920008e-14,0.0,10,4,99,43,133.15989376767433,148.7514077377034,27.669999999999998
468.300000000038,465.17206975782483,0.10000000000002274,0.1,2.273181642920008e-14,0.0,10,4,99,43,133.05989376767434,148.6514077377034,27.77
468.400000000038,465.27206975782485,0.10000000000002274,0.1,2.273181642920008e-14,0.0,10,4,99,43,132.95989376767434,148.5514077377034,27.869999999999997
468.500000000038,465.3720697578249,0.10000000000002274,0.1,2.273181642920008e-14,0.0,10,4,100,43,132.85989376767435,148.45140773770342,27.96999999999999
468.60000000003805,465.4720697578249,0.10000000000002274,0.1,2.273181642920008e-14,0.0,10,4,100,44,132.75989376767436,148.35140773770343,28.069999999999993
468.7000000000381,465.5720697578249,0.10000000000002274,0.1,2.273181642920008e-14,0.0,10,4,100,43,132.65989376767436,148.25140773770343,28.169999999999995
468.8000000000381,465.67206975782494,0.10000000000002274,0.1,2.273181642920008e-14,0.0,10,4,102,43,132.55989376767437,148.15140773770344,28.269999999999992
468.9000000000381,465.77206975782497,0.10000000000002274,0.1,2.273181642920008e-14,0.0,10,4,101,43,132.45989376767437,148.05140773770344,28.369999999999994
469.00000000003814,465.872069757825,0.10000000000002274,0.1,2.273181642920008e-14,0.0,10,4,101,43,132.35989376767435,147.95140773770345,28.469999999999988
469.10000000003816,465.972069757825,0.10000000000002274,0.1,2.273181642920008e-14,0.0,10,4,101,43,132.25989376767438,147.85140773770345,28.569999999999986
469.2000000000382,466.07206975782503,0.10000000000002274,0.1,2.273181642920008e-14,0.0,10,4,103,43,132.1598937676744,147.75140773770346,28.669999999999987
469.3000000000382,466.19206975782504,0.12000000000000455,0.1,0.020000000000004542,0.0,10,4,103,43,134.0598937676744,147.65140773770347,28.76999999999999
469.40000000003823,466.29206975782506,0.10000000000002274,0.1,2.273181642920008e-14,0.0,11,4,103,43,119.49990342515854,146.34394250225466,26.25454545454544
469.50000000003826,466.3920697578251,0.10000000000002274,0.1,2.273181642920008e-14,0.0,11,4,103,43,119.34391916274463,146.24394250225467,26.35454545454544
469.6000000000383,466.4920697578251,0.10000000000002274,0.1,2.273181642920008e-14,0.0,11,4,103,43,119.24391916274463,146.14394250225467,26.45454545454544
469.7000000000383,466.59206975782513,0.10000000000002274,0.1,2.273181642920008e-14,0.0,11,4,103,43,119.14391916274464,146.04394250225468,26.55454545454544
469.8000000000383,466.69206975782515,0.10000000000002274,0.1,2.273181642920008e-14,0.0,11,4,104,43,119.04391916274466,145.94394250225469,26.65454545454544
469.90000000003835,466.7920697578252,0.10000000000002274,0.1,2.273181642920008e-14,0.0,11,4,104,43,118.94391916274466,145.8439425022547,26.754545454545436
470.00000000003837,466.8920697578252,0.10000000000002274,0.1,2.273181642920008e-14,0.0,11,4,103,42,118.84391916274465,145.7439425022547,26.854545454545438
470.1000000000384,466.9920697578252,0.10000000000002274,0.1,2.273181642920008e-14,0.0,11,4,103,42,118.74391916274466,145.6439425022547,26.954545454545435
470.2000000000384,467.09206975782524,0.10000000000002274,0.1,2.273181642920008e-14,0.0,11,4,103,42,118.64391916274467,145.5439425022547,27.054545454545437
470.30000000003844,467.19206975782527,0.10000000000002274,0.1,2.273181642920008e-14,0.0,11,4,103,42,118.54391916274467,145.4439425022547,27.15454545454543
470.40000000003846,467.2920697578253,0.10000000000002274,0.1,2.273181642920008e-14,0.0,11,4,103,42,118.44391916274468,145.34394250225472,27.25454545454543
470.5000000000385,467.3920697578253,0.10000000000002274,0.1,2.273181642920008e-14,0.0,11,4,102,42,118.34391916274468,145.24394250225473,27.35454545454543
470.6000000000385,467.49206975782533,0.10000000000002274,0.1,2.273181642920008e-14,0.0,11,4,101,42,118.24391916274467,145.14394250225473,27.45454545454543
470.70000000003853,467.59206975782536,0.10000000000002274,0.1,2.273181642920008e-14,0.0,11,4,101,42,118.14391916274468,145.04394250225474,27.55454545454543
470.80000000003855,467.6920697578254,0.10000000000002274,0.1,2.273181642920008e-14,0.0,11,4,101,42,118.0439191627447,144.94394250225474,27.654545454545428
470.9000000000386,467.7920697578254,0.10000000000002274,0.1,2.273181642920008e-14,0.0,11,4,101,42,117.9439191627447,144.84394250225475,27.754545454545426
471.0000000000386,467.8920697578254,0.10000000000002274,0.1,2.273181642920008e-14,0.0,11,4,102,40,117.84391916274471,144.74394250225475,27.854545454545427
471.1000000000386,467.99206975782545,0.10000000000002274,0.1,2.273181642920008e-14,0.0,11,4,102,40,117.7439191627447,144.64394250225476,27.954545454545425
471.20000000003864,468.09206975782547,0.10000000000002274,0.1,2.273181642920008e-14,0.0,11,4,102,41,117.52909370589495,144.54394250225477,28.054545454545426
471.30000000003866,468.2520697578255,0.160000000000025,0.1,0.060000000000025006,0.0,11,4,102,41,122.79273006953134,144.44394250225477,28.154545454545424
471.4000000000387,468.3520697578255,0.10000000000002274,0.1,2.273181642920008e-14,0.0,11,4,102,41,122.61696751941143,144.34394250225478,28.254545454545426
471.5000000000387,468.45206975782554,0.10000000000002274,0.1,2.273181642920008e-14,0.0,11,4,101,41,122.4563589716242,144.24394250225478,28.35454545454542
471.60000000003873,468.55206975782556,0.10000000000002274,0.1,2.273181642920008e-14,0.0,11,4,101,41,122.31668681548416,144.1439425022548,28.454545454545425
471.70000000003876,468.6520697578256,0.10000000000002274,0.1,2.273181642920008e-14,0.0,11,4,101,40,122.21026778448942,144.0439425022548,28.55454545454542
471.8000000000388,468.7520697578256,0.10000000000002274,0.1,2.273181642920008e-14,0.0,11,4,101,40,122.11026778448944,143.9439425022548,28.654545454545417
471.9000000000388,468.85206975782563,0.10000000000002274,0.1,2.273181642920008e-14,0.0,11,4,101,40,122.01026778448944,143.8439425022548,28.75454545454542
472.0000000000388,468.95206975782565,0.10000000000002274,0.1,2.273181642920008e-14,0.0,11,4,101,39,121.91026778448942,143.7439425022548,28.854545454545416
472.10000000003885,469.0520697578257,0.10000000000002274,0.1,2.273181642920008e-14,0.0,11,4,101,40,121.81026778448944,143.64394250225482,28.954545454545418
472.20000000003887,469.1520697578257,0.10000000000002274,0.1,2.273181642920008e-14,0.0,11,4,101,40,121.71026778448945,143.54394250225482,29.054545454545416
472.3000000000389,469.2520697578257,0.10000000000002274,0.1,2.273181642920008e-14,0.0,11,4,102,40,121.61026778448945,143.44394250225483,29.154545454545417
472.4000000000389,469.35206975782575,0.10000000000002274,0.1,2.273181642920008e-14,0.0,11,4,102,40,121.51026778448946,143.34394250225483,29.254545454545415
472.50000000003894,469.45206975782577,0.10000000000002274,0.1,2.273181642920008e-14,0.0,11,4,102,40,121.41026778448945,143.24394250225484,29.354545454545416
472.60000000003896,469.5520697578258,0.10000000000002274,0.1,2.273181642920008e-14,0.0,11,4,102,41,121.31026778448945,143.14394250225484,29.454545454545414
472.700000000039,469.6520697578258,0.10000000000002274,0.1,2.273181642920008e-14,0.0,11,4,102,41,121.21026778448946,143.04394250225485,29.55454545454541
472.800000000039,469.75206975782584,0.10000000000002274,0.1,2.273181642920008e-14,0.0,11,4,103,41,121.11026778448947,142.94394250225486,29.654545454545413
472.90000000003903,469.85206975782586,0.10000000000002274,0.1,2.273181642920008e-14,0.0,11,4,103,40,121.01026778448946,142.84394250225486,29.754545454545408
473.00000000003905,469.9520697578259,0.10000000000002274,0.1,2.273181642920008e-14,0.0,11,4,103,40,120.91026778448946,142.74394250225487,29.854545454545413
473.1000000000391,470.0520697578259,0.10000000000002274,0.1,2.273181642920008e-14,0.0,11,4,103,40,120.81026778448948,142.64394250225487,29.954545454545407
473.2000000000391,470.1520697578259,0.10000000000002274,0.1,2.273181642920008e-14,0.0,11,4,103,40,120.71026778448949,142.54394250225488,30.05454545454541
473.3000000000391,470.25206975782595,0.10000000000002274,0.1,2.273181642920008e-14,0.0,11,4,103,40,120.6102677844895,142.44394250225488,30.154545454545406
473.40000000003914,470.352069757826,0.10000000000002274,0.1,2.273181642920008e-14,0.0,11,4,103,40,120.51026778448949,142.3439425022549,30.254545454545408
473.50000000003917,470.452069757826,0.10000000000002274,0.1,2.273181642920008e-14,0.0,11,4,103,40,120.41026778448949,142.2439425022549,30.354545454545406
473.6000000000392,470.552069757826,0.10000000000002274,0.1,2.273181642920008e-14,0.0,11,4,102,40,120.3102677844895,142.1439425022549,30.454545454545404
473.7000000000392,470.65206975782604,0.10000000000002274,0.1,2.273181642920008e-14,0.0,11,4,102,40,120.2102677844895,142.0439425022549,30.554545454545405
473.80000000003923,470.75206975782606,0.10000000000002274,0.1,2.273181642920008e-14,0.0,11,4,102,40,120.11026778448951,141.9439425022549,30.654545454545403
473.90000000003926,470.8520697578261,0.10000000000002274,0.1,2.273181642920008e-14,0.0,11,4,104,40,120.0102677844895,141.84394250225492,30.754545454545404
474.0000000000393,470.9520697578261,0.10000000000002274,0.1,2.273181642920008e-14,0.0,11,4,103,40,119.9102677844895,141.74394250225492,30.854545454545402
474.1000000000393,471.05206975782613,0.10000000000002274,0.1,2.273181642920008e-14,0.0,11,4,102,40,119.81026778448951,141.64394250225493,30.954545454545404
474.2000000000393,471.15206975782615,0.10000000000002274,0.1,2.273181642920008e-14,0.0,11,4,102,40,119.71026778448953,141.54394250225494,31.0545454545454
474.30000000003935,471.2520697578262,0.10000000000002274,0.1,2.273181642920008e-14,0.0,11,4,101,40,119.61026778448954,141.44394250225494,31.154545454545396
474.40000000003937,471.3520697578262,0.10000000000002274,0.1,2.273181642920008e-14,0.0,11,4,101,40,119.51026778448953,141.34394250225495,31.254545454545397
474.5000000000394,471.4520697578262,0.10000000000002274,0.1,2.273181642920008e-14,0.0,11,4,104,40,119.41026778448953,141.24394250225495,31.354545454545395
474.6000000000394,471.55206975782625,0.10000000000002274,0.1,2.273181642920008e-14,0.0,11,4,105,40,119.31026778448954,141.14394250225496,31.454545454545396
474.70000000003944,471.65206975782627,0.10000000000002274,0.1,2.273181642920008e-14,0.0,11,4,105,40,119.21026778448955,141.04394250225496,31.554545454545394
474.80000000003946,471.7520697578263,0.10000000000002274,0.1,2.273181642920008e-14,0.0,11,4,106,40,119.11026778448954,140.94394250225497,31.654545454545396
474.9000000000395,471.8520697578263,0.10000000000002274,0.1,2.273181642920008e-14,0.0,11,4,106,40,119.01026778448954,140.84394250225498,31.754545454545394
475.0000000000395,471.95206975782634,0.10000000000002274,0.1,2.273181642920008e-14,0.0,11,4,106,40,118.91026778448955,140.74394250225498,31.854545454545395
475.10000000003953,472.05206975782636,0.10000000000002274,0.1,2.273181642920008e-14,0.0,11,4,106,40,118.81026778448955,140.643942502255,31.954545454545393
475.20000000003955,472.1520697578264,0.10000000000002274,0.1,2.273181642920008e-14,0.0,11,4,106,40,118.71026778448957,140.543942502255,32.0545454545454
475.3000000000396,472.2520697578264,0.10000000000002274,0.1,2.273181642920008e-14,0.0,11,4,105,40,118.52917687539866,139.551942502255,32.15454545454539
475.4000000000396,472.3520697578264,0.10000000000002274,0.1,2.273181642920008e-14,0.0,11,4,106,40,118.34799505721685,138.558942502255,32.254545454545394
475.5000000000396,472.45206975782645,0.10000000000002274,0.1,2.273181642920008e-14,0.0,11,4,107,40,118.16672232994411,137.564942502255,32.35454545454539
475.60000000003964,472.5520697578265,0.10000000000002274,0.1,2.273181642920008e-14,0.0,11,4,107,40,117.98535869358048,136.56994250225503,32.45454545454539
475.70000000003967,472.6520697578265,0.10000000000002274,0.1,2.273181642920008e-14,0.0,11,4,107,40,117.80390414812595,135.57394250225505,32.55454545454539
475.8000000000397,472.7520697578265,0.10000000000002274,0.1,2.273181642920008e-14,0.0,11,4,107,40,117.6223586935805,134.57694250225506,32.65454545454539
475.9000000000397,472.85206975782654,0.10000000000002274,0.1,2.273181642920008e-14,0.0,11,4,107,40,117.44072232994414,133.57894250225507,32.75454545454539
476.00000000003973,472.95206975782656,0.10000000000002274,0.1,2.273181642920008e-14,0.0,11,4,107,40,117.25899505721686,132.57994250225508,32.85454545454539
476.10000000003976,473.0520697578266,0.10000000000002274,0.1,2.273181642920008e-14,0.0,11,4,107,40,117.07717687539868,131.57994250225508,32.95454545454539
476.2000000000398,473.1520697578266,0.10000000000002274,0.1,2.273181642920008e-14,0.0,11,4,108,40,116.89526778448959,130.5789425022551,33.05454545454539
476.3000000000398,473.25206975782663,0.10000000000002274,0.1,2.273181642920008e-14,0.0,11,4,108,39,116.7132677844896,129.57694250225512,33.154545454545385
476.4000000000398,473.35206975782665,0.10000000000002274,0.1,2.273181642920008e-14,0.0,11,4,107,39,116.5311768753987,128.57394250225514,33.25454545454539
476.50000000003985,473.4520697578267,0.10000000000002274,0.1,2.273181642920008e-14,0.0,10,4,108,40,128.0034264888373,139.40860192341364,31.869999999999884
476.60000000003987,473.5520697578267,0.10000000000002274,0.1,2.273181642920008e-14,0.0,10,4,108,39,127.81292648883729,139.30860192341365,31.969999999999885
476.7000000000399,473.6520697578267,0.10000000000002274,0.1,2.273181642920008e-14,0.0,10,4,108,39,127.6223264888373,139.20860192341365,32.06999999999988
476.8000000000399,473.75206975782675,0.10000000000002274,0.1,2.273181642920008e-14,0.0,10,4,111,39,127.43162648883731,139.10860192341366,32.16999999999988
476.90000000003994,473.85206975782677,0.10000000000002274,0.1,2.273181642920008e-14,0.0,10,4,111,39,127.24082648883731,139.00860192341366,32.26999999999988
477.00000000003996,473.9520697578268,0.10000000000002274,0.1,2.273181642920008e-14,0.0,10,4,111,39,127.04992648883731,138.90860192341367,32.36999999999988
477.10000000004,474.0520697578268,0.10000000000002274,0.1,2.273181642920008e-14,0.0,10,4,111,39,126.85892648883733,138.80860192341368,32.46999999999988
477.20000000004,474.15206975782684,0.10000000000002274,0.1,2.273181642920008e-14,0.0,10,4,111,39,126.66782648883733,138.70860192341368,32.56999999999988
477.30000000004003,474.25206975782686,0.10000000000002274,0.1,2.273181642920008e-14,0.0,10,4,110,38,126.47662648883734,138.6086019234137,32.66999999999988
477.40000000004005,474.3520697578269,0.10000000000002274,0.1,2.273181642920008e-14,0.0,10,4,109,38,126.28532648883734,138.5086019234137,32.76999999999988
477.5000000000401,474.4520697578269,0.10000000000002274,0.1,2.273181642920008e-14,0.0,10,4,109,38,126.0152796943806,138.4086019234137,32.86999999999988
477.6000000000401,474.5924697578269,0.14039999999999964,0.1,0.04039999999999963,0.0,10,4,108,38,129.8297969277731,138.3086019234137,32.96999999999988
477.7000000000401,474.6924697578269,0.10000000000002274,0.1,2.273181642920008e-14,0.0,10,4,108,38,129.60421416116554,138.2086019234137,33.06999999999988
477.80000000004014,474.79246975782695,0.10000000000002274,0.1,2.273181642920008e-14,0.0,10,4,108,38,129.36044684397018,138.10860192341372,33.169999999999874
477.90000000004017,474.892469757827,0.10000000000002274,0.1,2.273181642920008e-14,0.0,10,4,107,38,129.13466407736266,138.00860192341372,33.269999999999875
478.0000000000402,474.992469757827,0.10000000000002274,0.1,2.273181642920008e-14,0.0,10,4,107,38,128.90878131075513,137.90860192341373,33.36999999999988
478.1000000000402,475.092469757827,0.10000000000002274,0.1,2.273181642920008e-14,0.0,10,4,107,38,128.6827985441476,137.80860192341373,33.46999999999987
478.20000000004023,475.25246975782704,0.160000000000025,0.1,0.060000000000025006,0.0,10,4,106,38,134.45671577754013,137.70860192341374,33.56999999999987
478.30000000004026,475.35246975782707,0.10000000000002274,0.1,2.273181642920008e-14,0.0,11,4,106,38,119.74593910084782,109.32694250225539,30.618181818181707
478.4000000000403,475.4524697578271,0.10000000000002274,0.1,2.273181642920008e-14,0.0,11,4,106,38,119.49668993104127,108.30394250225541,30.7181818181817
478.5000000000403,475.5524697578271,0.10000000000002274,0.1,2.273181642920008e-14,0.0,11,4,105,38,119.25090308266395,107.27994250225542,30.818181818181703
478.6000000000403,475.65246975782713,0.10000000000002274,0.1,2.273181642920008e-14,0.0,11,4,105,38,119.00502532519572,106.25494250225543,30.9181818181817
478.70000000004035,475.75246975782716,0.10000000000002274,0.1,2.273181642920008e-14,0.0,11,4,105,39,118.7590566586366,105.22894250225545,31.018181818181702
478.80000000004037,475.8524697578272,0.10000000000002274,0.1,2.273181642920008e-14,0.0,11,4,104,39,118.51299708298653,104.20194250225546,31.1181818181817
478.9000000000404,475.9524697578272,0.10000000000002274,0.1,2.273181642920008e-14,0.0,11,4,103,39,118.26684659824559,103.17394250225549,31.2181818181817
479.0000000000404,476.0524697578272,0.10000000000002274,0.1,2.273181642920008e-14,0.0,11,4,104,39,118.02060520441373,102.1449425022555,31.3181818181817
479.10000000004044,476.15246975782725,0.10000000000002274,0.1,2.273181642920008e-14,0.0,11,4,104,39,117.77427290149095,101.2383434581882,31.4181818181817
479.20000000004046,476.3124697578273,0.160000000000025,0.1,0.060000000000025006,0.0,11,4,103,38,122.98239514402276,101.1383434581882,31.5181818181817
479.3000000000405,476.4124697578273,0.10000000000002274,0.1,2.273181642920008e-14,0.0,11,4,103,38,122.73588102291818,101.03834345818821,31.6181818181817
479.4000000000405,476.5124697578273,0.10000000000002274,0.1,2.273181642920008e-14,0.0,11,4,103,38,122.46823740322276,100.93834345818821,31.718181818181698
479.50000000004053,476.61246975782734,0.10000000000002274,0.1,2.273181642920008e-14,0.0,11,4,103,38,122.22154146393633,100.83834345818822,31.8181818181817
479.60000000004055,476.77246975782737,0.160000000000025,0.1,0.060000000000025006,0.0,11,4,103,37,127.4293000701045,100.73834345818823,31.918181818181697
479.7000000000406,476.8724697578274,0.10000000000002274,0.1,2.273181642920008e-14,0.0,12,4,103,37,114.49222045324994,100.63834345818823,29.35833333333322
479.8000000000406,476.9724697578274,0.10000000000002274,0.1,2.273181642920008e-14,0.0,12,4,103,37,114.12116546743545,100.53834345818824,29.45833333333322
479.9000000000406,477.07246975782743,0.10000000000002274,0.1,2.273181642920008e-14,0.0,12,4,103,37,113.78367452891676,100.43834345818824,29.558333333333223
480.00000000004064,477.2586697578275,0.1862000000000421,0.1,0.0862000000000421,0.0,12,4,102,37,120.6304746114994,100.33834345818825,29.65833333333322
480.10000000004067,477.3806697578275,0.1220000000000141,0.1,0.02200000000001409,0.0,13,4,101,37,110.81917999716619,90.7599425022557,27.476923076922972
480.2000000000407,477.5406697578275,0.160000000000025,0.1,0.060000000000025006,0.0,13,4,100,38,115.0520857356963,100.13834345818826,27.576923076922974
480.3000000000407,477.70066975782754,0.160000000000025,0.1,0.060000000000025006,0.0,13,4,99,38,119.30925965947989,100.03834345818827,27.67692307692297
480.40000000004073,477.80066975782756,0.10000000000002274,0.1,2.273181642920008e-14,0.0,14,4,99,38,108.65143481415018,99.93834345818827,25.7999999999999
480.50000000004076,477.9006697578276,0.10000000000002274,0.1,2.273181642920008e-14,0.0,14,4,100,36,108.25637884712106,99.83834345818828,25.899999999999903
480.6000000000408,478.0606697578276,0.160000000000025,0.1,0.060000000000025006,0.0,14,4,99,36,112.20168246796399,99.73834345818828,25.999999999999904
480.7000000000408,478.16066975782763,0.10000000000002274,0.1,2.273181642920008e-14,0.0,14,4,99,36,111.64279552913426,98.72892142765066,26.099999999999902
480.8000000000408,478.26066975782766,0.10000000000002274,0.1,2.273181642920008e-14,0.0,14,4,99,36,111.20221165893882,98.12892142765067,26.199999999999903
480.90000000004085,478.3606697578277,0.10000000000002274,0.1,2.273181642920008e-14,0.0,14,4,99,36,110.7624350445167,97.52892142765067,26.2999999999999
481.00000000004087,478.5638697578277,0.20320000000003802,0.1,0.10320000000003801,0.0,14,4,97,36,117.6883452620563,96.92892142765068,26.399999999999903
481.1000000000409,478.66386975782774,0.10000000000002274,0.1,2.273181642920008e-14,0.0,14,4,98,36,117.2263965766205,96.17111289022178,26.499999999999904
481.2000000000409,478.7936697578278,0.12980000000004566,0.1,0.02980000000004565,0.0,14,4,98,37,118.90072921964439,125.37111289022175,26.599999999999902
481.30000000004094,478.8936697578278,0.10000000000002274,0.1,2.273181642920008e-14,0.0,14,4,98,37,118.43101439456618,124.9535011534026,26.699999999999903
481.40000000004096,478.99366975782783,0.10000000000002274,0.1,2.273181642920008e-14,0.0,14,4,98,37,117.9502555734804,124.11783482604966,26.7999999999999
481.500000000041,479.11426975782786,0.12060000000002447,0.1,0.02060000000002446,0.0,14,4,97,36,118.98128104564333,123.51783482604966,26.8999999999999
481.600000000041,479.2142697578279,0.10000000000002274,0.1,2.273181642920008e-14,0.0,14,4,98,36,118.5366588553736,122.91783482604967,26.999999999999904
481.70000000004103,479.3742697578279,0.160000000000025,0.1,0.060000000000025006,0.0,14,4,96,36,122.3054156310441,121.98128563070682,27.099999999999902
481.80000000004105,479.5698697578279,0.1956000000000131,0.1,0.09560000000001309,0.0,15,4,94,35,118.43171518668376,74.9,25.393333333333242
481.9000000000411,479.66986975782794,0.10000000000002274,0.1,2.273181642920008e-14,0.0,16,4,93,36,109.0299205075254,74.9,23.906249999999915
482.0000000000411,479.82986975782796,0.160000000000025,0.1,0.060000000000025006,0.0,16,4,92,35,112.37422323215807,74.41769585490644,24.006249999999913
482.1000000000411,479.964669757828,0.1348000000000411,0.1,0.034800000000041104,0.0,16,4,91,35,114.18404081338079,107.75647172227822,24.106249999999914
482.20000000004114,480.064669757828,0.10000000000002274,0.1,2.273181642920008e-14,0.0,16,4,91,36,113.82939017578482,107.27660482564096,24.206249999999912
482.30000000004117,480.16466975782805,0.10000000000002274,0.1,2.273181642920008e-14,0.0,16,4,91,36,113.43013349795923,106.66594801362795,24.306249999999913
482.4000000000412,480.3246697578281,0.160000000000025,0.1,0.060000000000025006,0.0,16,4,90,37,116.78141787088447,119.99836391303428,24.406249999999915
482.5000000000412,480.4246697578281,0.10000000000002274,0.1,2.273181642920008e-14,0.0,16,4,89,37,116.38257724380968,119.89836391303429,24.506249999999913
482.60000000004123,480.5846697578281,0.160000000000025,0.1,0.060000000000025006,0.0,16,4,88,37,119.72756818386976,119.7983639130343,24.606249999999914
482.70000000004126,480.68466975782815,0.10000000000002274,0.1,2.273181642920008e-14,0.0,17,4,87,37,110.83268475933644,74.9,23.258823529411682
482.8000000000413,480.88046975782817,0.19580000000001974,0.1,0.09580000000001973,0.0,17,4,85,36,116.05926304589343,74.38689294799036,23.358823529411683
482.9000000000413,480.9804697578282,0.10000000000002274,0.1,2.273181642920008e-14,0.0,17,4,85,35,115.66485958474672,73.88592591301955,23.45882352941168
483.0000000000413,481.0804697578282,0.10000000000002274,0.1,2.273181642920008e-14,0.0,17,4,88,35,115.24528583039462,73.38495887804874,23.558823529411683
483.10000000004135,481.18046975782823,0.10000000000002274,0.1,2.273181642920008e-14,0.0,17,4,89,35,114.83973188520831,72.88399184307792,23.658823529411684
483.20000000004137,481.28046975782826,0.10000000000002274,0.1,2.273181642920008e-14,0.0,17,4,90,35,114.43406029296317,72.38302480810711,23.758823529411682
483.3000000000414,481.4404697578283,0.160000000000025,0.1,0.060000000000025006,0.0,17,4,89,35,117.5576828183651,71.8820577731363,23.858823529411683
483.4000000000414,481.5404697578283,0.10000000000002274,0.1,2.273181642920008e-14,0.0,17,4,89,35,117.14956326994151,71.34347548313193,23.95882352941168
483.50000000004144,481.6404697578283,0.10000000000002274,0.1,2.273181642920008e-14,0.0,17,4,89,35,116.74018049193099,70.84250844816111,24.058823529411683
483.60000000004146,481.80046975782835,0.160000000000025,0.1,0.060000000000025006,0.0,17,4,87,35,119.89286184086234,118.79836391303435,24.15882352941168
483.7000000000415,481.9004697578284,0.10000000000002274,0.1,2.273181642920008e-14,0.0,17,4,87,35,119.51601377802895,118.69836391303436,24.258823529411682
483.8000000000415,482.0604697578284,0.160000000000025,0.1,0.060000000000025006,0.0,17,4,87,35,122.65766236170079,118.59836391303436,24.358823529411683
483.90000000004153,482.2204697578284,0.160000000000025,0.1,0.060000000000025006,0.0,17,4,86,35,125.82475014138315,118.49836391303437,24.45882352941168
484.00000000004155,482.32046975782845,0.10000000000002274,0.1,2.273181642920008e-14,0.0,18,4,87,35,117.10357259695758,118.39836391303437,23.19999999999992
484.1000000000416,482.42046975782847,0.10000000000002274,0.1,2.273181642920008e-14,0.0,18,4,87,35,116.74233079651276,118.29836391303438,23.29999999999992
484.2000000000416,482.5204697578285,0.10000000000002274,0.1,2.273181642920008e-14,0.0,18,4,86,35,116.38832201861045,118.19836391303438,23.39999999999992
484.3000000000416,482.6204697578285,0.10000000000002274,0.1,2.273181642920008e-14,0.0,18,4,85,35,116.04679804987225,118.09836391303439,23.499999999999922
484.40000000004164,482.78046975782854,0.160000000000025,0.1,0.060000000000025006,0.0,18,4,86,36,119.04062386374764,117.9983639130344,23.599999999999923
484.50000000004167,482.88046975782856,0.10000000000002274,0.1,2.273181642920008e-14,0.0,18,4,86,36,118.72557881796064,117.8983639130344,23.699999999999918
484.6000000000417,482.9804697578286,0.10000000000002274,0.1,2.273181642920008e-14,0.0,18,4,86,36,118.40707411823502,117.79836391303441,23.79999999999992
484.7000000000417,483.0804697578286,0.10000000000002274,0.1,2.273181642920008e-14,0.0,18,4,86,36,118.08804979720473,117.69836391303441,23.89999999999992
484.80000000004173,483.18046975782863,0.10000000000002274,0.1,2.273181642920008e-14,0.0,18,4,87,36,117.76491245404696,117.59836391303442,23.999999999999922
484.90000000004176,483.30706975782863,0.12659999999999627,0.1,0.026599999999996266,0.0,18,4,86,37,118.92529139157985,117.49836391303442,24.09999999999992
485.0000000000418,483.43086975782865,0.12380000000001701,0.1,0.023800000000017002,0.0,18,4,86,37,119.92772647907766,117.39836391303443,24.199999999999918
485.1000000000418,483.53086975782867,0.10000000000002274,0.1,2.273181642920008e-14,0.0,18,4,86,37,119.60745823882206,117.29836391303444,24.29999999999992
485.2000000000418,483.6522697578287,0.12140000000005102,0.1,0.021400000000051017,0.0,18,4,85,37,120.47870276647859,117.19836391303444,24.39999999999992
485.30000000004185,483.75226975782874,0.10000000000002274,0.1,2.273181642920008e-14,0.0,19,4,85,37,112.52771843557414,74.9,23.215789473684133
485.40000000004187,483.85226975782876,0.10000000000002274,0.1,2.273181642920008e-14,0.0,19,4,86,37,112.17031815432935,74.15386620195243,23.315789473684134
485.5000000000419,483.9522697578288,0.10000000000002274,0.1,2.273181642920008e-14,0.0,19,4,86,37,111.83051145938187,73.71403853587715,23.415789473684136
485.6000000000419,484.0724697578288,0.12020000000001119,0.1,0.02020000000001118,0.0,19,4,85,37,112.55952053590048,73.35317816322214,23.515789473684134
485.70000000004194,484.1724697578288,0.10000000000002274,0.1,2.273181642920008e-14,0.0,19,4,86,36,112.2567940552439,73.25317816322215,23.61578947368413
485.80000000004196,484.33246975782885,0.160000000000025,0.1,0.060000000000025006,0.0,19,4,86,36,115.10052403087684,73.15317816322215,23.715789473684133
485.900000000042,484.49246975782887,0.160000000000025,0.1,0.060000000000025006,0.0,20,4,85,36,110.79994547825352,74.9,22.629999999999928
486.000000000042,484.5924697578289,0.10000000000002274,0.1,2.273181642920008e-14,0.0,20,4,85,35,110.48432267666765,74.38813362032384,22.729999999999926
486.10000000004203,484.6924697578289,0.10000000000002274,0.1,2.273181642920008e-14,0.0,20,4,85,35,110.15457690773951,73.88630973286853,22.829999999999927
486.20000000004205,484.79246975782894,0.10000000000002274,0.1,2.273181642920008e-14,0.0,20,4,85,35,109.8356745592868,73.3081137201191,22.92999999999993
486.3000000000421,484.89246975782896,0.10000000000002274,0.1,2.273181642920008e-14,0.0,20,4,85,35,109.51564551685439,72.80295834861778,23.029999999999927
486.4000000000421,484.992469757829,0.10000000000002274,0.1,2.273181642920008e-14,0.0,20,4,86,35,109.20190753324214,72.55317816322219,23.129999999999928
486.5000000000421,485.092469757829,0.10000000000002274,0.1,2.273181642920008e-14,0.0,20,4,87,35,108.90407294058946,72.45317816322219,23.229999999999926
486.60000000004214,485.19246975782903,0.10000000000002274,0.1,2.273181642920008e-14,0.0,20,4,86,35,108.60603887945781,72.3531781632222,23.329999999999927
486.70000000004217,485.29246975782905,0.10000000000002274,0.1,2.273181642920008e-14,0.0,20,4,86,35,108.310605524522,72.2531781632222,23.429999999999925
486.8000000000422,485.3924697578291,0.10000000000002274,0.1,2.273181642920008e-14,0.0,20,4,86,35,108.01504937105992,72.15317816322221,23.529999999999923
486.9000000000422,485.4924697578291,0.10000000000002274,0.1,2.273181642920008e-14,0.0,20,4,86,35,107.72200275061702,72.05317816322221,23.629999999999924
487.00000000004223,485.5924697578291,0.10000000000002274,0.1,2.273181642920008e-14,0.0,20,4,86,35,107.42759308746606,71.95317816322222,23.729999999999926
487.10000000004226,485.69246975782914,0.10000000000002274,0.1,2.273181642920008e-14,0.0,20,4,86,35,107.13408026329589,71.85317816322222,23.829999999999924
487.2000000000423,485.79246975782917,0.10000000000002274,0.1,2.273181642920008e-14,0.0,20,4,87,35,106.83761842171609,71.75317816322223,23.929999999999925
487.3000000000423,485.8924697578292,0.10000000000002274,0.1,2.273181642920008e-14,0.0,20,4,87,35,106.54101681742046,71.65317816322224,24.029999999999923
487.4000000000423,485.9924697578292,0.10000000000002274,0.1,2.273181642920008e-14,0.0,20,4,87,35,106.2448649848938,71.55317816322224,24.129999999999924
487.50000000004235,486.09246975782924,0.10000000000002274,0.1,2.273181642920008e-14,0.0,20,4,87,35,105.94447378358079,71.45317816322225,24.229999999999926
487.60000000004237,486.19246975782926,0.10000000000002274,0.1,2.273181642920008e-14,0.0,20,4,87,35,105.64796195816362,71.35317816322225,24.329999999999924
487.7000000000424,486.2924697578293,0.10000000000002274,0.1,2.273181642920008e-14,0.0,20,4,87,35,105.3540287245867,71.25317816322226,24.429999999999925
487.8000000000424,486.3924697578293,0.10000000000002274,0.1,2.273181642920008e-14,0.0,20,4,87,35,105.05294431732848,71.15317816322226,24.529999999999923
487.90000000004244,486.4924697578293,0.10000000000002274,0.1,2.273181642920008e-14,0.0,20,4,88,35,104.75376684546382,71.05317816322227,24.629999999999924
488.00000000004246,486.59246975782935,0.10000000000002274,0.1,2.273181642920008e-14,0.0,20,4,88,35,104.4572359242339,70.95317816322228,24.729999999999926
488.1000000000425,486.6924697578294,0.10000000000002274,0.1,2.273181642920008e-14,0.0,20,4,88,35,104.16201240249863,70.85317816322228,24.829999999999924
488.2000000000425,486.7924697578294,0.10000000000002274,0.1,2.273181642920008e-14,0.0,20,4,88,35,103.8665111013757,70.75317816322229,24.929999999999925
488.30000000004253,486.8924697578294,0.10000000000002274,0.1,2.273181642920008e-14,0.0,20,4,88,35,103.57092379698449,70.6531781632223,25.029999999999923
488.40000000004255,486.99246975782944,0.10000000000002274,0.1,2.273181642920008e-14,0.0,20,4,89,35,103.27640668954898,70.5531781632223,25.129999999999924
488.5000000000426,487.09246975782946,0.10000000000002274,0.1,2.273181642920008e-14,0.0,20,4,89,35,102.98235325127776,70.4531781632223,25.229999999999926
488.6000000000426,487.1924697578295,0.10000000000002274,0.1,2.273181642920008e-14,0.0,19,4,89,35,108.21620316289129,70.35317816322231,21.263157894736842
488.7000000000426,487.2924697578295,0.10000000000002274,0.1,2.273181642920008e-14,0.0,19,4,89,35,107.96471720811864,70.25317816322232,21.363157894736844
488.80000000004264,487.39246975782953,0.10000000000002274,0.1,2.273181642920008e-14,0.0,19,4,89,35,107.71180047428561,70.15317816322232,21.46315789473684
488.90000000004267,487.49246975782955,0.10000000000002274,0.1,2.273181642920008e-14,0.0,19,4,89,35,107.46015375809532,70.05317816322233,21.563157894736843
489.0000000000427,487.5924697578296,0.10000000000002274,0.1,2.273181642920008e-14,0.0,19,4,89,35,107.20824506025505,69.95317816322233,21.663157894736845
489.1000000000427,487.6924697578296,0.10000000000002274,0.1,2.273181642920008e-14,0.0,19,4,88,35,106.95549495991386,69.85317816322234,21.763157894736846
489.20000000004273,487.7924697578296,0.10000000000002274,0.1,2.273181642920008e-14,0.0,19,4,88,35,106.70275319749366,69.75317816322234,21.863157894736844
489.30000000004276,487.89246975782964,0.10000000000002274,0.1,2.273181642920008e-14,0.0,19,4,87,35,106.45186942300775,69.65317816322235,21.963157894736845
489.4000000000428,487.99246975782967,0.10000000000002274,0.1,2.273181642920008e-14,0.0,19,4,87,34,106.19934027937872,69.55317816322236,22.063157894736843
489.5000000000428,488.0924697578297,0.10000000000002274,0.1,2.273181642920008e-14,0.0,19,4,87,34,105.9470352222956,69.45317816322236,22.163157894736845
489.6000000000428,488.1924697578297,0.10000000000002274,0.1,2.273181642920008e-14,0.0,19,4,87,34,105.69482162428032,69.35317816322237,22.263157894736846
489.70000000004285,488.29246975782974,0.10000000000002274,0.1,2.273181642920008e-14,0.0,19,4,88,34,105.44173534428012,69.25317816322237,22.363157894736844
489.80000000004287,488.39246975782976,0.10000000000002274,0.1,2.273181642920008e-14,0.0,19,4,88,34,105.18620559279623,69.15317816322238,22.463157894736845
489.9000000000429,488.4924697578298,0.10000000000002274,0.1,2.273181642920008e-14,0.0,19,4,88,34,104.92997680583369,69.05317816322238,22.563157894736843
490.0000000000429,488.5924697578298,0.10000000000002274,0.1,2.273181642920008e-14,0.0,19,4,88,34,104.67776551310422,68.95317816322239,22.663157894736845
490.10000000004294,488.6924697578298,0.10000000000002274,0.1,2.273181642920008e-14,0.0,19,4,88,34,104.42063177407226,68.8531781632224,22.763157894736846
490.20000000004296,488.79246975782985,0.10000000000002274,0.1,2.273181642920008e-14,0.0,19,4,88,34,104.16385031985583,68.7531781632224,22.863157894736847
490.300000000043,488.8924697578299,0.10000000000002274,0.1,2.273181642920008e-14,0.0,19,4,88,34,103.90762693813558,68.6531781632224,22.963157894736845
490.400000000043,488.9924697578299,0.10000000000002274,0.1,2.273181642920008e-14,0.0,19,4,88,34,103.65035985406458,68.55317816322241,23.063157894736843
490.50000000004303,489.1506697578299,0.1582000000000221,0.1,0.058200000000022095,0.0,19,4,87,34,106.45698070650771,111.89836391303474,23.163157894736845
490.60000000004305,489.25066975782994,0.10000000000002274,0.1,2.273181642920008e-14,0.0,19,4,86,35,106.19807791489889,111.51928788661264,23.263157894736846
490.7000000000431,489.35066975782996,0.10000000000002274,0.1,2.273181642920008e-14,0.0,19,4,86,35,105.9343513949892,110.87587534863172,23.363157894736847
490.8000000000431,489.50746975783,0.15680000000003247,0.1,0.05680000000003246,0.0,19,4,84,35,108.66612010159294,111.59836391303476,23.463157894736845
490.9000000000431,489.60746975783,0.10000000000002274,0.1,2.273181642920008e-14,0.0,19,4,84,35,108.41405115502295,111.49836391303477,23.563157894736847
491.00000000004314,489.70746975783004,0.10000000000002274,0.1,2.273181642920008e-14,0.0,19,4,84,35,108.15661314043379,111.39836391303477,23.663157894736845
491.10000000004317,489.80746975783006,0.10000000000002274,0.1,2.273181642920008e-14,0.0,19,4,85,35,107.90061375427335,111.29836391303478,23.763157894736846
491.2000000000432,489.9074697578301,0.10000000000002274,0.1,2.273181642920008e-14,0.0,19,4,85,35,107.64435805531552,111.19836391303478,23.863157894736847
491.3000000000432,490.0074697578301,0.10000000000002274,0.1,2.273181642920008e-14,0.0,19,4,86,35,107.38935764076005,111.09836391303479,23.963157894736845
491.40000000004324,490.10746975783013,0.10000000000002274,0.1,2.273181642920008e-14,0.0,19,4,87,35,107.13411247905513,110.9983639130348,24.063157894736847
491.50000000004326,490.20746975783015,0.10000000000002274,0.1,2.273181642920008e-14,0.0,19,4,87,35,106.88106441613093,110.8983639130348,24.163157894736845
491.6000000000433,490.3074697578302,0.10000000000002274,0.1,2.273181642920008e-14,0.0,19,4,87,35,106.62723430085562,110.7983639130348,24.26315789473685
491.7000000000433,490.4074697578302,0.10000000000002274,0.1,2.273181642920008e-14,0.0,19,4,87,36,106.38288425456425,110.69836391303481,24.363157894736847
491.8000000000433,490.5074697578302,0.10000000000002274,0.1,2.273181642920008e-14,0.0,19,4,86,36,106.14604683635193,110.59836391303482,24.46315789473685
491.90000000004335,490.60746975783024,0.10000000000002274,0.1,2.273181642920008e-14,0.0,19,4,85,36,105.91038637180876,110.49836391303482,24.563157894736847
492.00000000004337,490.70746975783027,0.10000000000002274,0.1,2.273181642920008e-14,0.0,19,4,85,36,105.67272959134972,110.39836391303483,24.663157894736845
492.1000000000434,490.8074697578303,0.10000000000002274,0.1,2.273181642920008e-14,0.0,19,4,85,36,105.43837947392416,110.29836391303483,24.76315789473685
492.2000000000434,490.9074697578303,0.10000000000002274,0.1,2.273181642920008e-14,0.0,19,4,85,36,105.20267767447754,110.19836391303484,24.863157894736847
492.30000000004344,491.00746975783034,0.10000000000002274,0.1,2.273181642920008e-14,0.0,19,4,85,36,104.96686152492708,110.09836391303485,24.96315789473685
492.40000000004346,491.10746975783036,0.10000000000002274,0.1,2.273181642920008e-14,0.0,19,4,84,36,104.73019322702334,109.99836391303485,25.063157894736847
492.5000000000435,491.2074697578304,0.10000000000002274,0.1,2.273181642920008e-14,0.0,19,4,84,36,104.49460970836326,109.89836391303486,25.163157894736848
492.6000000000435,491.3074697578304,0.10000000000002274,0.1,2.273181642920008e-14,0.0,19,4,84,36,104.25779035829409,109.79836391303486,25.26315789473685
492.70000000004353,491.4074697578304,0.10000000000002274,0.1,2.273181642920008e-14,0.0,19,4,84,36,104.02128429080871,109.69836391303487,25.363157894736847
492.80000000004355,491.50746975783045,0.10000000000002274,0.1,2.273181642920008e-14,0.0,19,4,84,36,103.78114710886821,109.52597206209677,25.46315789473685
492.9000000000436,491.6074697578305,0.10000000000002274,0.1,2.273181642920008e-14,0.0,19,4,84,36,103.54271318948145,109.0121561592543,25.563157894736847
493.0000000000436,491.7074697578305,0.10000000000002274,0.1,2.273181642920008e-14,0.0,19,4,84,36,103.30359969801157,108.50143772057072,25.663157894736848
493.1000000000436,491.8074697578305,0.10000000000002274,0.1,2.273181642920008e-14,0.0,19,4,84,36,103.06336919393603,107.98206186469683,25.76315789473685
493.20000000004364,491.90746975783054,0.10000000000002274,0.1,2.273181642920008e-14,0.0,19,4,84,36,102.8235118952124,107.47179081408734,25.86315789473685
493.30000000004367,492.00746975783056,0.10000000000002274,0.1,2.273181642920008e-14,0.0,19,4,84,36,102.58507484869669,106.96625828353001,25.96315789473685
493.4000000000437,492.1074697578306,0.10000000000002274,0.1,2.273181642920008e-14,0.0,19,4,86,36,102.34716606749903,106.46525338780614,26.06315789473685
493.5000000000437,492.2074697578306,0.10000000000002274,0.1,2.273181642920008e-14,0.0,19,4,87,36,102.11073847991271,105.96284280377255,26.163157894736848
493.60000000004374,492.30746975783063,0.10000000000002274,0.1,2.273181642920008e-14,0.0,19,4,87,36,101.87500488611953,105.44792523880952,26.26315789473685
493.70000000004376,492.40746975783065,0.10000000000002274,0.1,2.273181642920008e-14,0.0,19,4,86,36,101.63963361426704,104.94041612014772,26.36315789473685
493.8000000000438,492.5074697578307,0.10000000000002274,0.1,2.273181642920008e-14,0.0,19,4,86,36,101.40316870722597,104.43904548824658,26.46315789473685
493.9000000000438,492.6074697578307,0.10000000000002274,0.1,2.273181642920008e-14,0.0,19,4,87,36,101.16658313975161,103.93664683106667,26.56315789473685
494.0000000000438,492.7074697578307,0.10000000000002274,0.1,2.273181642920008e-14,0.0,19,4,87,36,100.92943882739205,103.4351437422778,26.663157894736848
494.10000000004385,492.80746975783075,0.10000000000002274,0.1,2.273181642920008e-14,0.0,19,4,88,36,100.67398543738996,102.93051250987756,26.76315789473685
494.2000000000439,492.90746975783077,0.10000000000002274,0.1,2.273181642920008e-14,0.0,19,4,88,36,100.41229242187296,102.36086915881097,26.86315789473685
494.3000000000439,493.0074697578308,0.10000000000002274,0.1,2.273181642920008e-14,0.0,19,4,88,36,100.15551898176734,101.81177234444992,26.963157894736852
494.4000000000439,493.1074697578308,0.10000000000002274,0.1,2.273181642920008e-14,0.0,19,4,88,36,99.89854278655915,101.26021744473745,27.06315789473685
494.50000000004394,493.20746975783084,0.10000000000002274,0.1,2.273181642920008e-14,0.0,19,4,88,36,99.64384881687211,100.75025834868786,27.163157894736848
494.60000000004396,493.30746975783086,0.10000000000002274,0.1,2.273181642920008e-14,0.0,19,4,88,36,99.37016541181444,100.24361163142596,27.26315789473685
494.700000000044,493.4074697578309,0.10000000000002274,0.1,2.273181642920008e-14,0.0,19,4,87,36,99.09535616416714,99.722823198268,27.363157894736855
494.800000000044,493.5074697578309,0.10000000000002274,0.1,2.273181642920008e-14,0.0,19,4,88,36,98.82145133746913,99.20323048218563,27.463157894736852
494.90000000004403,493.6074697578309,0.10000000000002274,0.1,2.273181642920008e-14,0.0,19,4,87,36,98.5491446220999,98.70043176686329,27.56315789473685
495.00000000004405,493.70746975783095,0.10000000000002274,0.1,2.273181642920008e-14,0.0,19,4,87,36,98.27532156761362,98.15910887667798,27.663157894736848
495.1000000000441,493.807469757831,0.10000000000002274,0.1,2.273181642920008e-14,0.0,19,4,87,36,98.00196061483071,97.6404318892067,27.763157894736853
495.2000000000441,493.907469757831,0.10000000000002274,0.1,2.273181642920008e-14,0.0,19,4,87,36,97.72607530188598,97.1308071737939,27.863157894736855
495.3000000000441,494.007469757831,0.10000000000002274,0.1,2.273181642920008e-14,0.0,19,4,87,36,97.4536229802115,96.62479723152764,27.963157894736852
495.40000000004414,494.10746975783104,0.10000000000002274,0.1,2.273181642920008e-14,0.0,19,4,87,35,97.18116873118149,96.12065503310266,28.06315789473685
495.50000000004417,494.20746975783106,0.10000000000002274,0.1,2.273181642920008e-14,0.0,19,4,86,35,96.90823441145831,95.4095581629535,28.163157894736855
495.6000000000442,494.3074697578311,0.10000000000002274,0.1,2.273181642920008e-14,0.0,19,4,87,35,96.6038856444112,94.28255816295352,28.263157894736853
495.7000000000442,494.4074697578311,0.10000000000002274,0.1,2.273181642920008e-14,0.0,19,4,87,35,96.3024226181177,93.15455816295355,28.363157894736855
495.80000000004424,494.50746975783113,0.10000000000002274,0.1,2.273181642920008e-14,0.0,19,4,87,35,96.0017457191949,92.02555816295357,28.463157894736852
495.90000000004426,494.60746975783115,0.10000000000002274,0.1,2.273181642920008e-14,0.0,19,4,87,35,95.70203968509442,90.89555816295359,28.563157894736857
496.0000000000443,494.7074697578312,0.10000000000002274,0.1,2.273181642920008e-14,0.0,19,4,87,35,95.40154093565953,89.76455816295362,28.663157894736855
496.1000000000443,494.8074697578312,0.10000000000002274,0.1,2.273181642920008e-14,0.0,19,4,87,35,95.10202089108172,88.63255816295364,28.763157894736853
496.2000000000443,494.9074697578312,0.10000000000002274,0.1,2.273181642920008e-14,0.0,19,4,86,35,94.80191797051876,87.49955816295366,28.863157894736855
496.30000000004435,495.00746975783125,0.10000000000002274,0.1,2.273181642920008e-14,0.0,19,4,85,36,94.50075010466931,86.36555816295369,28.963157894736856
496.4000000000444,495.10746975783127,0.10000000000002274,0.1,2.273181642920008e-14,0.0,19,4,85,36,94.20063545760267,85.23055816295371,29.063157894736857
496.5000000000444,495.2074697578313,0.10000000000002274,0.1,2.273181642920008e-14,0.0,19,4,85,36,93.49018860930956,84.09455816295373,29.163157894736855
496.6000000000444,493.2252087754198,-1.9822609824115034,0.1,2.3092638912203256e-14,2.0822609824115266,18,4,88,36,86.63208884153374,82.95755816295376,28.772222222222222
496.70000000004444,492.8337012663717,-0.39150750904809684,0.1,-4.163336342344337e-15,0.49150750904809265,17,4,87,36,88.39353386602747,81.81955816295378,28.61764705882352
496.80000000004446,490.9776249818069,-1.8560762845647787,0.1,4.263256414560601e-14,1.9560762845648214,14,4,88,36,92.86016770331416,88.84139788942123,29.142857142857107
496.9000000000445,491.07762498180693,0.10000000000002274,0.1,2.273181642920008e-14,0.0,14,4,88,36,92.47740904554121,88.28881941130781,29.242857142857105
497.0000000000445,491.17762498180696,0.10000000000002274,0.1,2.273181642920008e-14,0.0,14,4,88,36,92.09338550171118,87.72419039910024,29.342857142857106
497.10000000004453,491.277624981807,0.10000000000002274,0.1,2.273181642920008e-14,0.0,14,4,88,36,91.70470025521747,87.15879034623076,29.442857142857104
497.20000000004455,491.377624981807,0.10000000000002274,0.1,2.273181642920008e-14,0.0,13,4,88,36,98.3805361027112,86.59416133402318,30.68461538461535
497.3000000000446,491.477624981807,0.10000000000002274,0.1,2.273181642920008e-14,0.0,13,4,88,37,98.01147101229643,86.02874241243593,30.78461538461535
497.4000000000446,491.57762498180705,0.10000000000002274,0.1,2.273181642920008e-14,0.0,13,4,88,37,97.60813119803453,85.46411340022836,30.88461538461535
497.5000000000446,491.67762498180707,0.10000000000002274,0.1,2.273181642920008e-14,0.0,13,4,88,37,97.23523558208382,84.88401049827094,30.98461538461535
497.60000000004464,490.2931605354518,-1.3844644463552527,0.1,-3.774758283725532e-15,1.484464446355249,12,4,89,37,92.53433344057449,83.88667679144517,30.13333333333327
497.70000000004467,490.39316053545184,0.10000000000002274,0.1,2.273181642920008e-14,0.0,12,4,89,37,92.15285348505012,83.37468355550664,30.233333333333267
497.8000000000447,490.49316053545186,0.10000000000002274,0.1,2.273181642920008e-14,0.0,12,4,90,37,91.8089300977033,82.85332633814846,30.333333333333268
497.9000000000447,490.5931605354519,0.10000000000002274,0.1,2.273181642920008e-14,0.0,12,4,90,37,91.46375190555439,82.33876986704787,30.433333333333266
498.00000000004474,490.6931605354519,0.10000000000002274,0.1,2.273181642920008e-14,0.0,12,4,90,37,91.11461698555148,81.8156217202763,30.53333333333327
498.10000000004476,490.79316053545193,0.10000000000002274,0.1,2.273181642920008e-14,0.0,12,4,89,37,90.76166820825146,81.30401214204727,30.63333333333327
498.2000000000448,490.43733083026666,-0.3558297051852719,0.1,3.0031532816110484e-14,0.4558297051853019,11,4,89,37,94.4910076885638,80.78537864703422,32.34545454545448
498.3000000000448,490.5373308302667,0.10000000000002274,0.1,2.273181642920008e-14,0.0,11,4,89,38,94.15721288381738,80.27993004998159,32.445454545454474
498.4000000000448,490.6373308302667,0.10000000000002274,0.1,2.273181642920008e-14,0.0,11,4,88,38,93.82477198589241,79.77586896679009,32.545454545454476
498.50000000004485,490.7373308302667,0.10000000000002274,0.1,2.273181642920008e-14,0.0,10,4,88,38,102.86634562625363,100.23343783043795,34.44999999999993
498.6000000000449,490.83733083026675,0.10000000000002274,0.1,2.273181642920008e-14,0.0,10,4,88,38,102.55070312367225,99.79361016436268,34.54999999999993
498.7000000000449,490.9373308302668,0.10000000000002274,0.1,2.273181642920008e-14,0.0,10,4,88,38,102.23353286761409,99.3537824982874,34.649999999999935
498.8000000000449,491.0373308302668,0.10000000000002274,0.1,2.273181642920008e-14,0.0,10,4,88,39,101.91715422829199,98.91395483221213,34.74999999999993
498.90000000004494,491.1373308302668,0.10000000000002274,0.1,2.273181642920008e-14,0.0,10,4,88,40,101.60012737462067,98.47412716613685,34.84999999999993
499.00000000004496,491.23733083026684,0.10000000000002274,0.1,2.273181642920008e-14,0.0,10,4,89,40,101.27758270694582,98.03429950006158,34.94999999999993
499.100000000045,491.33733083026686,0.10000000000002274,0.1,2.273181642920008e-14,0.0,10,4,89,40,100.24740653491965,97.59005438886295,35.04999999999993
499.200000000045,491.4373308302669,0.10000000000002274,0.1,2.273181642920008e-14,0.0,10,4,89,40,99.93058362646192,97.15022672278768,35.149999999999935
499.30000000004503,491.5373308302669,0.10000000000002274,0.1,2.273181642920008e-14,0.0,10,4,89,40,99.61435105119911,96.7103990567124,35.24999999999993
499.40000000004505,491.63733083026693,0.10000000000002274,0.1,2.273181642920008e-14,0.0,10,4,89,40,99.29760876344712,96.27057139063713,35.34999999999994
499.5000000000451,491.73733083026696,0.10000000000002274,0.1,2.273181642920008e-14,0.0,10,4,88,40,98.98010598588114,95.83074372456186,35.44999999999994
499.6000000000451,491.837330830267,0.10000000000002274,0.1,2.273181642920008e-14,0.0,10,4,88,40,98.6626373801484,95.39091605848658,35.54999999999994
499.7000000000451,491.937330830267,0.10000000000002274,0.1,2.273181642920008e-14,0.0,10,4,87,40,97.68275180858188,94.95108839241131,35.649999999999935
499.80000000004515,492.037330830267,0.10000000000002274,0.1,2.273181642920008e-14,0.0,10,4,88,40,97.35996241430936,94.51126072633603,35.749999999999936
499.90000000004517,492.13733083026705,0.10000000000002274,0.1,2.273181642920008e-14,0.0,10,4,88,40,96.37850518413009,94.07143306026076,35.84999999999994
500.0000000000452,492.23733083026707,0.10000000000002274,0.1,2.273181642920008e-14,0.0,10,4,88,40,95.39653012870647,93.63160539418548,35.94999999999994
500.1000000000452,492.3373308302671,0.10000000000002274,0.1,2.273181642920008e-14,0.0,10,4,88,40,95.07972935967405,93.19177772811021,36.04999999999994
500.20000000004524,492.4373308302671,0.10000000000002274,0.1,2.273181642920008e-14,0.0,10,4,88,40,94.10106626163105,92.75195006203494,36.149999999999935
500.30000000004526,492.53733083026714,0.10000000000002274,0.1,2.273181642920008e-14,0.0,10,4,88,40,93.78268024292981,92.31212239595966,36.249999999999936
500.4000000000453,492.63733083026716,0.10000000000002274,0.1,2.273181642920008e-14,0.0,10,4,88,40,93.46546270364976,91.87229472988439,36.349999999999945
500.5000000000453,491.1663809036705,-1.4709499265966883,0.1,2.353672812205332e-14,1.570949926596712,9,4,90,41,86.04361606893352,68.87872758290258,38.42222222222215
500.6000000000453,491.2663809036705,0.10000000000002274,0.1,2.273181642920008e-14,0.0,9,4,90,41,85.73899455713409,68.353961642783,38.522222222222155
500.70000000004535,491.3663809036705,0.10000000000002274,0.1,2.273181642920008e-14,0.0,9,4,89,41,85.4367581037103,67.85166122804411,38.622222222222156
500.8000000000454,491.46638090367054,0.10000000000002274,0.1,2.273181642920008e-14,0.0,9,4,89,41,85.13331767327185,67.33952502017316,38.72222222222216
500.9000000000454,491.56638090367056,0.10000000000002274,0.1,2.273181642920008e-14,0.0,9,4,89,41,84.83027269233824,66.83194785784602,38.82222222222216
501.0000000000454,491.6663809036706,0.10000000000002274,0.1,2.273181642920008e-14,0.0,9,4,88,41,84.52520506105402,66.30716684236342,38.92222222222216
501.10000000004544,491.7663809036706,0.10000000000002274,0.1,2.273181642920008e-14,0.0,9,4,87,41,84.22043100647797,65.786028017254,39.022222222222155
501.20000000004546,491.86638090367063,0.10000000000002274,0.1,2.273181642920008e-14,0.0,9,4,87,40,83.91680526350983,65.27622399661605,39.12222222222216
501.3000000000455,491.96638090367065,0.10000000000002274,0.1,2.273181642920008e-14,0.0,9,4,87,41,83.61405029672693,64.77525696164524,39.22222222222216
501.4000000000455,492.0663809036707,0.10000000000002274,0.1,2.273181642920008e-14,0.0,9,4,87,41,83.31118421883292,64.27428992667443,39.322222222222166
501.50000000004553,492.1663809036707,0.10000000000002274,0.1,2.273181642920008e-14,0.0,9,4,87,41,83.00820702982782,63.77332289170361,39.42222222222216
501.60000000004555,492.2663809036707,0.10000000000002274,0.1,2.273181642920008e-14,0.0,9,4,87,41,82.70511872971159,63.27235585673279,39.52222222222216
501.7000000000456,492.36638090367074,0.10000000000002274,0.1,2.273181642920008e-14,0.0,9,4,88,41,82.40191931848423,62.77138882176197,39.62222222222216
501.8000000000456,492.46638090367077,0.10000000000002274,0.1,2.273181642920008e-14,0.0,9,4,88,41,82.09860879614578,62.27042178679115,39.72222222222216
501.9000000000456,492.5663809036708,0.10000000000002274,0.1,2.273181642920008e-14,0.0,9,4,88,41,81.79518716269622,61.76945475182033,39.822222222222166
502.00000000004565,492.6663809036708,0.10000000000002274,0.1,2.273181642920008e-14,0.0,9,4,88,41,81.49165441813555,61.268487716849506,39.92222222222216
502.10000000004567,492.76638090367084,0.10000000000002274,0.1,2.273181642920008e-14,0.0,9,4,90,40,81.18801056246376,60.767520681878686,40.02222222222216
502.2000000000457,492.86638090367086,0.10000000000002274,0.1,2.273181642920008e-14,0.0,9,4,90,40,80.88425559568087,60.266553646907866,40.12222222222216
502.3000000000457,492.9663809036709,0.10000000000002274,0.1,2.273181642920008e-14,0.0,9,4,91,40,80.58038951778686,59.765586611937046,40.22222222222216
502.40000000004574,493.0663809036709,0.10000000000002274,0.1,2.273181642920008e-14,0.0,9,4,90,40,80.27641232878175,59.264619576966226,40.322222222222166
502.50000000004576,493.1663809036709,0.10000000000002274,0.1,2.273181642920008e-14,0.0,9,4,90,40,79.97232402866551,58.763652541995405,40.42222222222216
502.6000000000458,493.26638090367095,0.10000000000002274,0.1,2.273181642920008e-14,0.0,9,4,90,40,79.66812461743818,58.262685507024585,40.522222222222155
502.7000000000458,493.366380903671,0.10000000000002274,0.1,2.273181642920008e-14,0.0,9,4,90,40,79.36381409509971,57.761718472053765,40.62222222222216
502.8000000000458,493.466380903671,0.10000000000002274,0.1,2.273181642920008e-14,0.0,9,4,90,40,79.05939246165016,57.260751437082945,40.72222222222216
502.90000000004585,493.566380903671,0.10000000000002274,0.1,2.273181642920008e-14,0.0,9,4,91,40,78.75329148221395,56.74567028823233,40.82222222222216
503.0000000000459,493.66638090367104,0.10000000000002274,0.1,2.273181642920008e-14,0.0,9,4,90,40,78.44797851269576,56.23868122864371,40.92222222222216
503.1000000000459,493.76638090367106,0.10000000000002274,0.1,2.273181642920008e-14,0.0,9,4,90,40,78.12370286490426,55.56202806459563,41.022222222222155
503.2000000000459,493.8663809036711,0.10000000000002274,0.1,2.273181642920008e-14,0.0,9,4,90,40,77.81875959673224,55.0603663171226,41.12222222222216
503.30000000004594,493.9663809036711,0.10000000000002274,0.1,2.273181642920008e-14,0.0,9,4,91,40,77.51373818070891,54.55900123898782,41.22222222222216
503.40000000004596,494.06638090367113,0.10000000000002274,0.1,2.273181642920008e-14,0.0,9,4,91,40,77.20864988059267,54.058034204017,41.32222222222216
503.500000000046,494.16638090367115,0.10000000000002274,0.1,2.273181642920008e-14,0.0,9,4,92,40,76.90345046936532,53.55706716904618,41.42222222222216
503.600000000046,494.2663809036712,0.10000000000002274,0.1,2.273181642920008e-14,0.0,9,4,92,40,76.59813994702688,53.05610013407536,41.522222222222155
503.70000000004603,494.3663809036712,0.10000000000002274,0.1,2.273181642920008e-14,0.0,9,4,93,40,76.29271831357731,52.55513309910454,41.62222222222216
503.80000000004605,494.4663809036712,0.10000000000002274,0.1,2.273181642920008e-14,0.0,8,4,94,40,85.68808341947616,76.91815408332506,33.062500000000185
503.9000000000461,494.56638090367125,0.10000000000002274,0.1,2.273181642920008e-14,0.0,8,4,96,40,85.49321027267688,76.47832641724979,33.16250000000018
504.0000000000461,494.66638090367127,0.10000000000002274,0.1,2.273181642920008e-14,0.0,8,4,95,40,85.29865912063362,76.03849875117452,33.26250000000018
504.1000000000461,494.7663809036713,0.10000000000002274,0.1,2.273181642920008e-14,0.0,8,4,95,40,85.1041245104912,75.59867108509924,33.36250000000018
504.20000000004615,494.8967809036713,0.13040000000000873,0.1,0.030400000000008726,0.0,8,4,93,40,88.70961209885088,105.55884341902393,33.46250000000018
504.30000000004617,494.9967809036713,0.10000000000002274,0.1,2.273181642920008e-14,0.0,8,4,93,40,88.51552267491935,105.11901575294866,33.562500000000185
504.4000000000462,495.09678090367134,0.10000000000002274,0.1,2.273181642920008e-14,0.0,8,4,93,40,88.31538001395174,104.6669820944398,33.662500000000186
504.5000000000462,495.19678090367137,0.10000000000002274,0.1,2.273181642920008e-14,0.0,8,4,92,40,88.11200313996886,104.22715442836453,33.76250000000019
504.60000000004624,495.2967809036714,0.10000000000002274,0.1,2.273181642920008e-14,0.0,8,4,92,40,87.9083148738329,103.78732676228925,33.86250000000019
504.70000000004626,495.3967809036714,0.10000000000002274,0.1,2.273181642920008e-14,0.0,8,4,92,40,87.71509351332595,103.34749909621398,33.96250000000019
504.8000000000463,495.49678090367144,0.10000000000002274,0.1,2.273181642920008e-14,0.0,8,4,93,40,87.5218165727886,102.9076714301387,34.062500000000185
504.9000000000463,495.13463952793086,-0.3621413757405776,0.1,1.9206858326015208e-14,0.46214137574059677,7,4,94,40,93.20209079639993,102.46784376406343,35.48571428571449
505.0000000000463,495.2346395279309,0.10000000000002274,0.1,2.273181642920008e-14,0.0,7,4,94,40,93.05354398696059,102.02801609798816,35.58571428571449
505.10000000004635,495.3346395279309,0.10000000000002274,0.1,2.273181642920008e-14,0.0,7,4,94,40,92.90499717752128,101.58818843191288,35.68571428571449
505.2000000000464,495.4346395279309,0.10000000000002274,0.1,2.273181642920008e-14,0.0,7,4,94,39,92.75645036808194,101.14836076583761,35.78571428571449
505.3000000000464,495.53463952793095,0.10000000000002274,0.1,2.273181642920008e-14,0.0,7,4,95,40,92.60790355864263,100.70853309976233,35.88571428571449
505.4000000000464,495.634639527931,0.10000000000002274,0.1,2.273181642920008e-14,0.0,7,4,94,40,92.45935674920331,100.26870543368706,35.98571428571449
505.50000000004644,495.734639527931,0.10000000000002274,0.1,2.273181642920008e-14,0.0,7,4,93,40,92.31080993976398,99.82887776761179,36.085714285714495
505.60000000004646,495.834639527931,0.10000000000002274,0.1,2.273181642920008e-14,0.0,7,4,93,40,92.16226313032466,99.38905010153651,36.18571428571449
505.7000000000465,495.93463952793104,0.10000000000002274,0.1,2.273181642920008e-14,0.0,7,4,92,40,92.01371632088534,98.94922243546124,36.28571428571449
505.8000000000465,496.03463952793106,0.10000000000002274,0.1,2.273181642920008e-14,0.0,7,4,92,40,91.86516951144601,98.50939476938596,36.38571428571449
505.90000000004653,496.1346395279311,0.10000000000002274,0.1,2.273181642920008e-14,0.0,7,4,92,40,91.71662270200669,98.06956710331069,36.485714285714494
506.00000000004655,496.2346395279311,0.10000000000002274,0.1,2.273181642920008e-14,0.0,7,4,93,40,91.56807589256736,97.62973943723541,36.585714285714495
506.1000000000466,496.33463952793113,0.10000000000002274,0.1,2.273181642920008e-14,0.0,7,4,93,40,91.41952908312805,97.18991177116014,36.68571428571449
506.2000000000466,496.43463952793115,0.10000000000002274,0.1,2.273181642920008e-14,0.0,7,4,93,40,91.27098227368872,96.75008410508487,36.7857142857145
506.3000000000466,496.5346395279312,0.10000000000002274,0.1,2.273181642920008e-14,0.0,7,4,93,40,91.1224354642494,96.31025643900959,36.88571428571449
506.40000000004665,496.6346395279312,0.10000000000002274,0.1,2.273181642920008e-14,0.0,7,4,93,40,90.97388865481007,95.87042877293432,36.985714285714494
506.50000000004667,496.7346395279312,0.10000000000002274,0.1,2.273181642920008e-14,0.0,7,4,94,40,90.82534184537076,95.43060110685904,37.085714285714495
506.6000000000467,496.83463952793124,0.10000000000002274,0.1,2.273181642920008e-14,0.0,7,4,94,40,90.67679503593142,94.99077344078377,37.185714285714496
506.7000000000467,496.93463952793127,0.10000000000002274,0.1,2.273181642920008e-14,0.0,7,4,95,40,90.52824822649211,94.5509457747085,37.2857142857145
506.80000000004674,497.0346395279313,0.10000000000002274,0.1,2.273181642920008e-14,0.0,7,4,96,40,90.3797014170528,94.11111810863322,37.38571428571449
506.90000000004676,497.1346395279313,0.10000000000002274,0.1,2.273181642920008e-14,0.0,7,4,96,40,90.23115460761346,93.67129044255795,37.485714285714494
507.0000000000468,497.23463952793134,0.10000000000002274,0.1,2.273181642920008e-14,0.0,7,4,96,40,90.08260779817415,93.23146277648267,37.5857142857145
507.1000000000468,497.33463952793136,0.10000000000002274,0.1,2.273181642920008e-14,0.0,7,4,96,40,89.93792166216603,92.81865982442591,37.685714285714496
507.2000000000468,497.4346395279314,0.10000000000002274,0.1,2.273181642920008e-14,0.0,7,4,96,40,89.80664136696035,92.49969775798617,37.7857142857145
507.30000000004685,497.5346395279314,0.10000000000002274,0.1,2.273181642920008e-14,0.0,7,4,97,40,89.6847451603164,92.24642431147836,37.88571428571449
507.4000000000469,497.6346395279314,0.10000000000002274,0.1,2.273181642920008e-14,0.0,7,4,97,40,89.58474516031639,92.14642431147837,37.9857142857145
507.5000000000469,497.73463952793145,0.10000000000002274,0.1,2.273181642920008e-14,0.0,7,4,99,41,89.4847451603164,92.04642431147838,38.0857142857145
507.6000000000469,497.8346395279315,0.10000000000002274,0.1,2.273181642920008e-14,0.0,7,4,99,40,89.38474516031638,91.94642431147838,38.185714285714496
507.70000000004694,497.9346395279315,0.10000000000002274,0.1,2.273181642920008e-14,0.0,7,4,99,40,89.2847451603164,91.84642431147839,38.2857142857145
507.80000000004696,498.0346395279315,0.10000000000002274,0.1,2.273181642920008e-14,0.0,7,4,99,40,89.1847451603164,91.74642431147839,38.385714285714506
507.900000000047,498.13463952793154,0.10000000000002274,0.1,2.273181642920008e-14,0.0,7,4,99,40,89.0847451603164,91.6464243114784,38.4857142857145
508.000000000047,498.23463952793156,0.10000000000002274,0.1,2.273181642920008e-14,0.0,7,4,99,40,88.98474516031641,91.5464243114784,38.5857142857145
508.10000000004703,498.3346395279316,0.10000000000002274,0.1,2.273181642920008e-14,0.0,7,4,98,40,88.8847451603164,91.44642431147841,38.685714285714496
508.20000000004705,498.4346395279316,0.10000000000002274,0.1,2.273181642920008e-14,0.0,7,4,98,40,88.78474516031642,91.34642431147842,38.785714285714505
508.3000000000471,498.53463952793163,0.10000000000002274,0.1,2.273181642920008e-14,0.0,7,4,98,40,88.68474516031641,91.24642431147842,38.885714285714506
508.4000000000471,498.63463952793165,0.10000000000002274,0.1,2.273181642920008e-14,0.0,7,4,98,40,88.58474516031642,91.14642431147843,38.9857142857145
508.5000000000471,498.7346395279317,0.10000000000002274,0.1,2.273181642920008e-14,0.0,7,4,99,40,88.41103712363649,90.53046805471901,39.0857142857145
508.60000000004715,498.8346395279317,0.10000000000002274,0.1,2.273181642920008e-14,0.0,7,4,100,40,88.19106174276861,89.59064038864373,39.1857142857145
508.70000000004717,498.9346395279317,0.10000000000002274,0.1,2.273181642920008e-14,0.0,7,4,100,40,87.97108636190072,88.65081272256846,39.285714285714505
508.8000000000472,499.03463952793174,0.10000000000002274,0.1,2.273181642920008e-14,0.0,7,4,101,39,87.8225395524614,88.21098505649319,39.385714285714506
508.9000000000472,499.13463952793177,0.10000000000002274,0.1,2.273181642920008e-14,0.0,7,4,101,39,87.67399274302207,87.77115739041791,39.4857142857145
509.00000000004724,499.2346395279318,0.10000000000002274,0.1,2.273181642920008e-14,0.0,7,4,101,40,87.52544593358274,87.33132972434264,39.58571428571451
509.10000000004726,499.35923952793183,0.12460000000004356,0.1,0.02460000000004356,0.0,7,4,100,40,90.89118483842913,110.10219206891574,39.6857142857145
509.2000000000473,499.45923952793186,0.10000000000002274,0.1,2.273181642920008e-14,0.0,7,4,100,40,90.72437616023356,110.00219206891575,39.785714285714505
509.3000000000473,499.5592395279319,0.10000000000002274,0.1,2.273181642920008e-14,0.0,7,4,100,40,90.51321028031445,109.90219206891575,39.885714285714506
509.4000000000473,499.6592395279319,0.10000000000002274,0.1,2.273181642920008e-14,0.0,7,4,100,40,90.32113195006113,109.3011318396912,39.98571428571451
509.50000000004735,499.7592395279319,0.10000000000002274,0.1,2.273181642920008e-14,0.0,7,4,100,40,90.17250584536355,108.86074910680821,40.08571428571451
509.6000000000474,499.85923952793195,0.10000000000002274,0.1,2.273181642920008e-14,0.0,7,4,102,40,89.96791472928847,108.02861129428254,40.1857142857145
509.7000000000474,499.95923952793197,0.10000000000002274,0.1,2.273181642920008e-14,0.0,7,4,104,40,89.76605249584802,107.2155756601994,40.285714285714505
509.8000000000474,500.059239527932,0.10000000000002274,0.1,2.273181642920008e-14,0.0,7,4,104,40,89.61692933935394,106.77171356474092,40.38571428571451
509.90000000004744,499.09595186964805,-0.9632876582839458,0.1,4.773959005888173e-14,1.0632876582839936,6,4,103,40,86.65779863512279,109.30219206891579,39.583333333333535
510.00000000004746,499.19595186964807,0.10000000000002274,0.1,2.273181642920008e-14,0.0,6,4,105,40,86.55779863512278,109.20219206891579,39.68333333333353
510.1000000000475,499.2959518696481,0.10000000000002274,0.1,2.273181642920008e-14,0.0,6,4,105,39,86.45779863512278,109.1021920689158,39.78333333333353
510.2000000000475,499.3959518696481,0.10000000000002274,0.1,2.273181642920008e-14,0.0,6,4,107,40,86.35779863512279,109.0021920689158,39.88333333333353
510.30000000004753,499.49595186964814,0.10000000000002274,0.1,2.273181642920008e-14,0.0,6,4,107,40,86.2577986351228,108.90219206891581,39.983333333333526
510.40000000004756,499.59595186964816,0.10000000000002274,0.1,2.273181642920008e-14,0.0,6,4,107,40,86.15779863512279,108.80219206891582,40.083333333333535
510.5000000000476,499.6959518696482,0.10000000000002274,0.1,2.273181642920008e-14,0.0,6,4,107,40,86.05779863512281,108.70219206891582,40.18333333333353
510.6000000000476,499.7959518696482,0.10000000000002274,0.1,2.273181642920008e-14,0.0,6,4,106,40,85.9577986351228,108.60219206891583,40.28333333333353
510.7000000000476,499.89595186964823,0.10000000000002274,0.1,2.273181642920008e-14,0.0,6,4,106,40,85.85779863512279,108.50219206891583,40.38333333333353
510.80000000004765,499.99595186964825,0.10000000000002274,0.1,2.273181642920008e-14,0.0,6,4,106,39,85.75779863512281,108.40219206891584,40.48333333333353
510.90000000004767,500.0959518696483,0.10000000000002274,0.1,2.273181642920008e-14,0.0,6,4,106,39,85.6577986351228,108.30219206891584,40.583333333333535
511.0000000000477,500.1959518696483,0.10000000000002274,0.1,2.273181642920008e-14,0.0,6,4,106,39,85.49847563051196,108.20219206891585,40.68333333333353
511.1000000000477,500.2959518696483,0.10000000000002274,0.1,2.273181642920008e-14,0.0,6,4,106,39,85.33809292634974,108.10219206891585,40.78333333333353
511.20000000004774,500.39595186964834,0.10000000000002274,0.1,2.273181642920008e-14,0.0,6,4,106,39,85.17763656956436,108.00219206891586,40.88333333333353
511.30000000004776,500.49595186964837,0.10000000000002274,0.1,2.273181642920008e-14,0.0,6,4,107,39,85.01873689116208,107.90219206891587,40.98333333333353
511.4000000000478,500.5959518696484,0.10000000000002274,0.1,2.273181642920008e-14,0.0,6,4,107,39,84.86123413598236,107.80219206891587,41.083333333333535
511.5000000000478,500.6959518696484,0.10000000000002274,0.1,2.273181642920008e-14,0.0,6,4,107,39,84.70122078972008,107.70219206891588,41.183333333333536
511.6000000000478,500.79595186964843,0.10000000000002274,0.1,2.273181642920008e-14,0.0,6,4,109,39,84.53666323825438,107.60219206891588,41.28333333333354
511.70000000004785,500.89595186964846,0.10000000000002274,0.1,2.273181642920008e-14,0.0,6,4,111,39,84.36914434728492,107.50219206891589,41.38333333333353
511.8000000000479,500.9959518696485,0.10000000000002274,0.1,2.273181642920008e-14,0.0,6,4,111,39,84.20463598601829,107.4021920689159,41.48333333333353
511.9000000000479,501.0959518696485,0.10000000000002274,0.1,2.273181642920008e-14,0.0,6,4,111,39,84.03449106849045,107.3021920689159,41.583333333333535
512.0000000000479,501.1959518696485,0.10000000000002274,0.1,2.273181642920008e-14,0.0,6,4,113,39,83.86468315155811,107.2021920689159,41.683333333333536
512.1000000000479,501.29595186964855,0.10000000000002274,0.1,2.273181642920008e-14,0.0,6,4,113,39,83.69771552086034,107.10219206891591,41.78333333333354
512.2000000000479,501.39595186964857,0.10000000000002274,0.1,2.273181642920008e-14,0.0,6,4,113,39,83.5323099225041,107.00219206891592,41.88333333333353
512.3000000000479,501.4959518696486,0.10000000000002274,0.1,2.273181642920008e-14,0.0,6,4,114,39,83.36897239449625,106.90219206891592,41.98333333333354
512.400000000048,501.5959518696486,0.10000000000002274,0.1,2.273181642920008e-14,0.0,6,4,114,39,83.19907618337281,106.80219206891593,42.083333333333535
512.500000000048,501.69595186964864,0.10000000000002274,0.1,2.273181642920008e-14,0.0,6,4,113,39,83.02825784639374,106.70219206891593,42.183333333333536
512.600000000048,501.79595186964866,0.10000000000002274,0.1,2.273181642920008e-14,0.0,6,4,112,39,82.8616610119265,106.60219206891594,42.28333333333354
512.700000000048,501.8959518696487,0.10000000000002274,0.1,2.273181642920008e-14,0.0,6,4,113,40,82.69574450408449,106.50219206891595,42.38333333333353
512.800000000048,501.9959518696487,0.10000000000002274,0.1,2.273181642920008e-14,0.0,6,4,113,39,82.53187108409513,106.40219206891595,42.48333333333354
512.9000000000481,502.09595186964873,0.10000000000002274,0.1,2.273181642920008e-14,0.0,6,4,114,39,82.36174406587422,106.30219206891596,42.583333333333535
513.0000000000481,502.19595186964875,0.10000000000002274,0.1,2.273181642920008e-14,0.0,6,4,114,39,82.07223386688088,106.20219206891596,42.683333333333536
513.1000000000481,502.2959518696488,0.10000000000002274,0.1,2.273181642920008e-14,0.0,6,4,114,40,81.77681147105376,106.10219206891597,42.78333333333354
513.2000000000481,502.3959518696488,0.10000000000002274,0.1,2.273181642920008e-14,0.0,6,4,114,41,81.4804097439716,106.00219206891597,42.88333333333353
513.3000000000482,502.4959518696488,0.10000000000002274,0.1,2.273181642920008e-14,0.0,6,4,114,39,81.18664610638064,105.90219206891598,42.98333333333354
513.4000000000482,502.59595186964884,0.10000000000002274,0.1,2.273181642920008e-14,0.0,6,4,113,39,80.89571895194577,105.80219206891599,43.08333333333354
513.5000000000482,502.69595186964887,0.10000000000002274,0.1,2.273181642920008e-14,0.0,6,4,113,39,80.44281668145143,105.70219206891599,43.183333333333536
513.6000000000482,502.8395518696489,0.14360000000004902,0.1,0.043600000000049016,0.0,6,4,112,38,87.33298592016585,105.602192068916,43.28333333333354
513.7000000000482,502.93955186964894,0.10000000000002274,0.1,2.273181642920008e-14,0.0,6,4,112,38,86.98490021844873,105.502192068916,43.38333333333353
513.8000000000483,503.09955186964896,0.160000000000025,0.1,0.060000000000025006,0.0,6,4,111,39,96.5746437649165,105.40219206891601,43.48333333333354
513.9000000000483,503.199551869649,0.10000000000002274,0.1,2.273181642920008e-14,0.0,6,4,111,39,96.19926090362763,105.30219206891601,43.58333333333354
514.0000000000483,503.299551869649,0.10000000000002274,0.1,2.273181642920008e-14,0.0,6,4,113,39,95.82224322617355,105.20219206891602,43.683333333333536
514.1000000000483,503.39955186964903,0.10000000000002274,0.1,2.273181642920008e-14,0.0,6,4,113,39,95.4422686421485,105.10219206891603,43.78333333333354
514.2000000000484,503.49955186964905,0.10000000000002274,0.1,2.273181642920008e-14,0.0,6,4,114,39,95.06251566723476,105.00219206891603,43.883333333333546
514.3000000000484,503.5995518696491,0.10000000000002274,0.1,2.273181642920008e-14,0.0,6,4,114,39,94.68444832692312,104.90219206891604,43.98333333333354
514.4000000000484,503.6995518696491,0.10000000000002274,0.1,2.273181642920008e-14,0.0,6,4,114,39,94.30301124634163,104.80219206891604,44.08333333333354
514.5000000000484,503.7995518696491,0.10000000000002274,0.1,2.273181642920008e-14,0.0,6,4,113,39,93.92594921939842,104.70219206891605,44.18333333333354
514.6000000000485,503.89955186964914,0.10000000000002274,0.1,2.273181642920008e-14,0.0,6,4,113,39,93.55073358060817,104.60219206891605,44.28333333333354
514.7000000000485,503.99955186964917,0.10000000000002274,0.1,2.273181642920008e-14,0.0,6,4,112,39,93.1825956362623,104.50219206891606,44.383333333333546
514.8000000000485,504.0995518696492,0.10000000000002274,0.1,2.273181642920008e-14,0.0,6,4,113,39,92.81429102524976,104.40219206891607,44.48333333333354
514.9000000000485,504.1995518696492,0.10000000000002274,0.1,2.273181642920008e-14,0.0,6,4,114,39,92.44581974757055,104.30219206891607,44.58333333333354
515.0000000000485,504.29955186964924,0.10000000000002274,0.1,2.273181642920008e-14,0.0,6,4,114,39,92.07718180322468,104.20219206891608,44.68333333333354
515.1000000000486,504.39955186964926,0.10000000000002274,0.1,2.273181642920008e-14,0.0,6,4,115,39,91.70837719221213,104.10219206891608,44.78333333333354
515.2000000000486,504.4995518696493,0.10000000000002274,0.1,2.273181642920008e-14,0.0,6,4,115,39,91.33940591453292,104.00219206891609,44.883333333333546
515.3000000000486,504.5995518696493,0.10000000000002274,0.1,2.273181642920008e-14,0.0,6,4,115,39,90.97026797018704,103.9021920689161,44.98333333333354
515.4000000000486,504.6995518696493,0.10000000000002274,0.1,2.273181642920008e-14,0.0,6,4,115,38,90.6009633591745,103.8021920689161,45.08333333333354
515.5000000000487,504.85955186964935,0.160000000000025,0.1,0.060000000000025006,0.0,6,4,114,38,100.23149208149535,121.94019129439764,45.18333333333354
515.6000000000487,505.0195518696494,0.160000000000025,0.1,0.060000000000025006,0.0,6,4,113,38,109.7132244819564,121.50036362832236,45.28333333333354
515.7000000000487,505.1535518696494,0.13400000000001455,0.1,0.034000000000014546,0.0,7,4,112,38,94.91624681784756,103.50219206891612,38.914285714285896
515.8000000000487,505.2535518696494,0.10000000000002274,0.1,2.273181642920008e-14,0.0,7,4,112,39,94.40025780595522,103.40219206891612,39.0142857142859
515.9000000000487,505.41355186964944,0.160000000000025,0.1,0.060000000000025006,0.0,7,4,111,39,102.49428081677289,103.30219206891613,39.11428571428589
516.0000000000488,505.51355186964946,0.10000000000002274,0.1,2.273181642920008e-14,0.0,7,4,112,39,102.01018274324119,103.20219206891613,39.21428571428589
516.1000000000488,505.6135518696495,0.10000000000002274,0.1,2.273181642920008e-14,0.0,7,4,112,39,101.50460423615864,103.10219206891614,39.3142857142859
516.2000000000488,505.7735518696495,0.160000000000025,0.1,0.060000000000025006,0.0,7,4,111,39,109.59947830247636,103.00219206891614,39.414285714285896
516.3000000000488,505.87355186964953,0.10000000000002274,0.1,2.273181642920008e-14,0.0,8,4,111,39,92.34213816151457,102.90219206891615,34.58750000000016
516.4000000000489,505.97355186964955,0.10000000000002274,0.1,2.273181642920008e-14,0.0,8,4,111,39,91.77496358751651,102.80219206891616,34.687500000000156
516.5000000000489,506.0735518696496,0.10000000000002274,0.1,2.273181642920008e-14,0.0,8,4,111,39,91.2637161304295,102.70219206891616,34.78750000000016
516.6000000000489,506.1735518696496,0.10000000000002274,0.1,2.273181642920008e-14,0.0,8,4,111,39,90.77031057872428,102.60219206891617,34.88750000000016
516.7000000000489,506.2735518696496,0.10000000000002274,0.1,2.273181642920008e-14,0.0,8,4,111,39,90.27442476630006,102.50219206891617,34.98750000000016
516.800000000049,506.43355186964965,0.160000000000025,0.1,0.060000000000025006,0.0,8,4,110,40,97.27908412563058,123.359275421276,35.08750000000016
516.900000000049,506.53355186964967,0.10000000000002274,0.1,2.273181642920008e-14,0.0,8,4,110,40,96.78960962058275,121.95474144081675,35.187500000000156
517.000000000049,506.6627518696497,0.12920000000002574,0.1,0.029200000000025733,0.0,8,4,108,40,99.9182883430592,120.54296177682856,35.28750000000016
517.100000000049,506.81275186964973,0.1500000000000341,0.1,0.0500000000000341,0.0,8,4,107,40,105.67437757229679,119.1469774899944,35.38750000000016
517.200000000049,506.91275186964975,0.10000000000002274,0.1,2.273181642920008e-14,0.0,8,4,106,40,105.15286941144751,117.68144443614338,35.48750000000016
517.3000000000491,507.0127518696498,0.10000000000002274,0.1,2.273181642920008e-14,0.0,8,4,106,40,104.56217700506386,116.21970047034912,35.58750000000016
517.4000000000491,507.1127518696498,0.10000000000002274,0.1,2.273181642920008e-14,0.0,8,4,106,40,104.04924497105571,114.73813336187808,35.68750000000016
517.5000000000491,507.2727518696498,0.160000000000025,0.1,0.060000000000025006,0.0,8,4,105,40,111.04786863156949,113.26797557142501,35.78750000000016
517.6000000000491,507.37275186964985,0.10000000000002274,0.1,2.273181642920008e-14,0.0,8,4,105,40,110.53863824460191,111.86997557142502,35.88750000000016
517.7000000000492,507.47275186964987,0.10000000000002274,0.1,2.273181642920008e-14,0.0,8,4,105,40,110.03638314002865,110.47097557142503,35.98750000000016
517.8000000000492,507.5727518696499,0.10000000000002274,0.1,2.273181642920008e-14,0.0,8,4,105,40,109.54215167262102,109.07097557142504,36.08750000000016
517.9000000000492,507.6727518696499,0.10000000000002274,0.1,2.273181642920008e-14,0.0,8,4,104,40,109.04884535150697,107.66997557142504,36.18750000000016
518.0000000000492,507.8305518696499,0.15780000000000882,0.1,0.05780000000000882,0.0,8,4,103,40,115.78052686279159,106.26797557142505,36.287500000000165
518.1000000000492,507.93055186964995,0.10000000000002274,0.1,2.273181642920008e-14,0.0,9,4,103,40,99.68275864224982,101.10219206891625,32.355555555555696
518.2000000000493,508.03055186964997,0.10000000000002274,0.1,2.273181642920008e-14,0.0,9,4,104,39,99.16429726085326,101.00219206891626,32.4555555555557
518.3000000000493,508.13055186965,0.10000000000002274,0.1,2.273181642920008e-14,0.0,9,4,104,38,98.64944909732921,100.90219206891626,32.5555555555557
518.4000000000493,508.23055186965,0.10000000000002274,0.1,2.273181642920008e-14,0.0,9,4,104,38,98.13818111093593,100.64997557142509,32.6555555555557
518.5000000000493,508.33055186965004,0.10000000000002274,0.1,2.273181642920008e-14,0.0,9,4,104,37,97.6288927864461,99.24297557142509,32.7555555555557
518.6000000000494,508.43055186965006,0.10000000000002274,0.1,2.273181642920008e-14,0.0,9,4,104,37,97.11657572007253,97.8349755714251,32.855555555555696
518.7000000000494,508.5305518696501,0.10000000000002274,0.1,2.273181642920008e-14,0.0,9,4,103,37,96.6071959622421,96.42597557142511,32.955555555555705
518.8000000000494,508.6305518696501,0.10000000000002274,0.1,2.273181642920008e-14,0.0,9,4,103,37,96.09866520925976,95.01597557142512,33.0555555555557
518.9000000000494,508.7305518696501,0.10000000000002274,0.1,2.273181642920008e-14,0.0,9,4,102,37,95.58798384837513,93.60497557142513,33.1555555555557
519.0000000000495,508.83055186965015,0.10000000000002274,0.1,2.273181642920008e-14,0.0,9,4,101,37,95.07708916773609,92.19297557142514,33.2555555555557
519.1000000000495,508.9305518696502,0.10000000000002274,0.1,2.273181642920008e-14,0.0,9,4,101,37,94.58514604406047,90.94521247507471,33.355555555555696
519.2000000000495,509.0305518696502,0.10000000000002274,0.1,2.273181642920008e-14,0.0,9,4,101,37,94.11916471993018,89.96425985580464,33.455555555555705
519.3000000000495,509.1305518696502,0.10000000000002274,0.1,2.273181642920008e-14,0.0,9,4,100,37,93.6616383381778,89.04925985580465,33.5555555555557
519.4000000000495,509.23055186965024,0.10000000000002274,0.1,2.273181642920008e-14,0.0,9,4,100,37,93.19644497780239,88.13325985580465,33.65555555555571
519.5000000000496,509.33055186965026,0.10000000000002274,0.1,2.273181642920008e-14,0.0,9,4,100,37,92.72867281535734,87.21625985580467,33.7555555555557
519.6000000000496,509.4305518696503,0.10000000000002274,0.1,2.273181642920008e-14,0.0,9,4,100,37,92.24665320750584,86.29825985580467,33.855555555555696
519.7000000000496,509.5305518696503,0.10000000000002274,0.1,2.273181642920008e-14,0.0,9,4,100,37,91.7792136693407,85.37925985580468,33.955555555555705
519.8000000000496,509.63055186965033,0.10000000000002274,0.1,2.273181642920008e-14,0.0,9,4,100,37,91.32564581219884,84.45925985580469,34.0555555555557
519.9000000000497,509.73055186965036,0.10000000000002274,0.1,2.273181642920008e-14,0.0,9,4,100,37,90.87444273819048,83.5382598558047,34.15555555555571
520.0000000000497,509.8305518696504,0.10000000000002274,0.1,2.273181642920008e-14,0.0,9,4,99,37,90.42312855307101,82.6162598558047,34.2555555555557
520.1000000000497,509.9905518696504,0.160000000000025,0.1,0.060000000000025006,0.0,9,4,98,37,96.63836992350713,99.10219206891637,34.3555555555557
520.2000000000497,510.0905518696504,0.10000000000002274,0.1,2.273181642920008e-14,0.0,9,4,98,37,96.18683351616545,99.00219206891637,34.455555555555705
520.3000000000497,510.25055186965045,0.160000000000025,0.1,0.060000000000025006,0.0,9,4,97,36,102.40139193234542,98.90219206891638,34.5555555555557
520.4000000000498,510.3505518696505,0.10000000000002274,0.1,2.273181642920008e-14,0.0,9,4,97,36,101.94963330278149,98.80219206891638,34.65555555555571
520.5000000000498,510.4505518696505,0.10000000000002274,0.1,2.273181642920008e-14,0.0,9,4,97,36,101.49197066010663,98.70219206891639,34.7555555555557
520.6000000000498,510.5505518696505,0.10000000000002274,0.1,2.273181642920008e-14,0.0,9,4,97,36,101.0399898083205,98.6021920689164,34.8555555555557
520.7000000000498,510.65055186965054,0.10000000000002274,0.1,2.273181642920008e-14,0.0,9,4,97,36,100.58789784542324,98.5021920689164,34.955555555555705
520.8000000000499,510.75055186965056,0.10000000000002274,0.1,2.273181642920008e-14,0.0,9,4,97,36,100.13569477141488,98.4021920689164,35.0555555555557
520.9000000000499,510.8505518696506,0.10000000000002274,0.1,2.273181642920008e-14,0.0,9,4,97,36,99.68338058629541,98.30219206891641,35.15555555555571
521.0000000000499,510.9505518696506,0.10000000000002274,0.1,2.273181642920008e-14,0.0,9,4,97,36,99.23095529006483,98.20219206891642,35.2555555555557
521.1000000000499,511.05055186965063,0.10000000000002274,0.1,2.273181642920008e-14,0.0,9,4,97,36,98.77841888272313,98.10219206891642,35.3555555555557
521.20000000005,511.15055186965066,0.10000000000002274,0.1,2.273181642920008e-14,0.0,9,4,96,36,98.32577136427034,98.00219206891643,35.455555555555705
521.30000000005,511.2505518696507,0.10000000000002274,0.1,2.273181642920008e-14,0.0,9,4,96,36,97.8730127347064,97.90219206891643,35.555555555555706
521.40000000005,511.3505518696507,0.10000000000002274,0.1,2.273181642920008e-14,0.0,9,4,96,36,97.42014299403138,97.80219206891644,35.65555555555571
521.50000000005,511.4505518696507,0.10000000000002274,0.1,2.273181642920008e-14,0.0,9,4,96,36,96.96008858921894,97.70219206891645,35.7555555555557
521.60000000005,511.55055186965075,0.10000000000002274,0.1,2.273181642920008e-14,0.0,9,4,97,36,96.4987943336973,97.60219206891645,35.8555555555557
521.7000000000501,511.65055186965077,0.10000000000002274,0.1,2.273181642920008e-14,0.0,9,4,97,36,96.03851770666263,97.50219206891646,35.955555555555705
521.8000000000501,511.7505518696508,0.10000000000002274,0.1,2.273181642920008e-14,0.0,9,4,97,36,95.5764888291697,97.40219206891646,36.055555555555706
521.9000000000501,511.8505518696508,0.10000000000002274,0.1,2.273181642920008e-14,0.0,9,4,97,36,95.12306353293911,97.30219206891647,36.15555555555571
522.0000000000501,511.9859518696508,0.13540000000000418,0.1,0.03540000000000418,0.0,9,4,96,36,98.60286045893075,97.20219206891647,36.2555555555557
522.1000000000502,512.0859518696508,0.0999999999999659,0.1,-3.4111602431607935e-14,0.0,9,4,96,36,98.18211517254639,97.10219206891648,36.3555555555557
522.2000000000502,512.1859518696508,0.10000000000002274,0.1,2.273181642920008e-14,0.0,9,4,97,36,97.74207631128752,97.00219206891649,36.455555555555705
522.3000000000502,512.2859518696508,0.10000000000002274,0.1,2.273181642920008e-14,0.0,9,4,98,36,97.33541382204382,96.90219206891649,36.555555555555706
522.4000000000502,512.3859518696509,0.10000000000002274,0.1,2.273181642920008e-14,0.0,9,4,98,36,96.93698852581323,96.8021920689165,36.65555555555571
522.5000000000502,512.4859518696509,0.10000000000002274,0.1,2.273181642920008e-14,0.0,9,4,98,35,96.53845211847154,96.7021920689165,36.7555555555557
522.6000000000503,512.5859518696509,0.10000000000002274,0.1,2.273181642920008e-14,0.0,9,4,98,35,96.1665327936935,96.60219206891651,36.8555555555557
522.7000000000503,512.6859518696509,0.10000000000002274,0.1,2.273181642920008e-14,0.0,9,4,100,35,95.83669381652254,96.50219206891651,36.955555555555705
522.8000000000503,512.785951869651,0.10000000000002274,0.1,2.273181642920008e-14,0.0,9,4,100,35,95.54631729887765,96.40219206891652,37.055555555555706
522.9000000000503,512.936551869651,0.15060000000005402,0.1,0.05060000000005402,0.0,9,4,99,35,100.9107752956271,96.30219206891653,37.15555555555571
523.0000000000504,513.036551869651,0.10000000000002274,0.1,2.273181642920008e-14,0.0,9,4,98,35,100.66908057082715,96.20219206891653,37.2555555555557
523.1000000000504,513.196551869651,0.15999999999996817,0.1,0.05999999999996816,0.0,9,4,97,35,107.08101296680124,96.10219206891654,37.355555555555696
523.2000000000504,513.356551869651,0.15999999999996817,0.1,0.05999999999996816,0.0,9,4,97,35,113.51503211501515,96.00219206891654,37.455555555555705
523.3000000000504,513.456551869651,0.10000000000002274,0.1,2.273181642920008e-14,0.0,10,4,97,35,99.43742105380147,95.90219206891655,33.81000000000013
523.4000000000505,513.556551869651,0.10000000000002274,0.1,2.273181642920008e-14,0.0,10,4,97,35,99.12777470586153,95.80219206891655,33.910000000000124
523.5000000000505,513.656551869651,0.10000000000002274,0.1,2.273181642920008e-14,0.0,10,4,97,35,98.87410917264648,95.70219206891656,34.010000000000126
523.6000000000505,513.756551869651,0.10000000000002274,0.1,2.273181642920008e-14,0.0,10,4,97,35,98.62034363943143,95.60219206891657,34.11000000000013
523.7000000000505,513.8565518696511,0.10000000000002274,0.1,2.273181642920008e-14,0.0,10,4,97,35,98.36647810621638,95.50219206891657,34.21000000000013
523.8000000000505,513.9565518696511,0.10000000000002274,0.1,2.273181642920008e-14,0.0,10,4,97,35,98.11251257300133,95.40219206891658,34.31000000000013
523.9000000000506,514.0565518696511,0.10000000000002274,0.1,2.273181642920008e-14,0.0,10,4,97,35,97.89242980639379,95.30219206891658,34.410000000000124
524.0000000000506,514.1565518696511,0.10000000000002274,0.1,2.273181642920008e-14,0.0,10,4,98,35,97.67224703978627,95.20219206891659,34.510000000000126
524.1000000000506,514.2565518696512,0.10000000000002274,0.1,2.273181642920008e-14,0.0,10,4,97,35,97.48594703978628,95.1021920689166,34.61000000000013
524.2000000000506,514.3565518696512,0.10000000000002274,0.1,2.273181642920008e-14,0.0,10,4,98,35,97.29954703978629,95.0021920689166,34.71000000000012
524.3000000000507,514.4565518696512,0.10000000000002274,0.1,2.273181642920008e-14,0.0,10,4,98,35,97.11304703978628,94.9021920689166,34.81000000000012
524.4000000000507,514.5565518696512,0.10000000000002274,0.1,2.273181642920008e-14,0.0,10,4,98,36,96.92644703978628,94.80219206891661,34.910000000000124
524.5000000000507,514.6565518696513,0.10000000000002274,0.1,2.273181642920008e-14,0.0,10,4,98,36,96.7397470397863,94.70219206891662,35.01000000000012
524.6000000000507,514.7565518696513,0.10000000000002274,0.1,2.273181642920008e-14,0.0,10,4,97,36,96.55294703978629,94.60219206891662,35.11000000000012
524.7000000000507,514.8565518696513,0.10000000000002274,0.1,2.273181642920008e-14,0.0,10,4,96,36,96.36604703978631,94.50219206891663,35.21000000000012
524.8000000000508,514.9565518696513,0.10000000000002274,0.1,2.273181642920008e-14,0.0,10,4,97,36,96.1790470397863,94.40219206891663,35.31000000000012
524.9000000000508,515.0565518696513,0.10000000000002274,0.1,2.273181642920008e-14,0.0,10,4,97,36,95.99194703978631,94.30219206891664,35.410000000000124
525.0000000000508,515.1565518696514,0.10000000000002274,0.1,2.273181642920008e-14,0.0,10,4,97,35,95.8047470397863,94.20219206891664,35.51000000000012
525.1000000000508,515.2565518696514,0.10000000000002274,0.1,2.273181642920008e-14,0.0,10,4,97,36,95.61744703978631,94.10219206891665,35.61000000000011
525.2000000000509,515.3565518696514,0.10000000000002274,0.1,2.273181642920008e-14,0.0,10,4,97,36,95.43004703978632,94.00219206891666,35.710000000000115
525.3000000000509,515.4565518696514,0.10000000000002274,0.1,2.273181642920008e-14,0.0,10,4,98,36,95.24254703978633,93.90219206891666,35.810000000000116
525.4000000000509,515.5565518696515,0.10000000000002274,0.1,2.273181642920008e-14,0.0,10,4,98,36,95.05494703978633,93.80219206891667,35.91000000000012
525.5000000000509,515.6565518696515,0.10000000000002274,0.1,2.273181642920008e-14,0.0,10,4,98,36,94.86724703978633,93.70219206891667,36.01000000000012
525.600000000051,515.7565518696515,0.10000000000002274,0.1,2.273181642920008e-14,0.0,10,4,97,37,94.67944703978633,93.60219206891668,36.11000000000011
525.700000000051,515.8565518696515,0.10000000000002274,0.1,2.273181642920008e-14,0.0,10,4,96,37,94.49154703978634,93.50219206891668,36.210000000000115
525.800000000051,515.9565518696515,0.10000000000002274,0.1,2.273181642920008e-14,0.0,10,4,96,37,94.30354703978634,93.40219206891669,36.310000000000116
525.900000000051,516.0565518696516,0.10000000000002274,0.1,2.273181642920008e-14,0.0,10,4,96,37,94.11544703978635,93.3021920689167,36.41000000000011
526.000000000051,516.1565518696516,0.10000000000002274,0.1,2.273181642920008e-14,0.0,10,5,96,37,93.92724703978635,93.2021920689167,36.51000000000011
526.1000000000511,516.2565518696516,0.10000000000002274,0.1,2.273181642920008e-14,0.0,10,5,96,37,93.73894703978635,93.10219206891671,36.61000000000011
526.2000000000511,516.3565518696516,0.10000000000002274,0.1,2.273181642920008e-14,0.0,10,5,96,36,93.55054703978635,93.00219206891671,36.71000000000011
526.3000000000511,516.4565518696517,0.10000000000002274,0.1,2.273181642920008e-14,0.0,10,5,96,36,93.36204703978636,92.90219206891672,36.81000000000011
526.4000000000511,516.6165518696516,0.15999999999996817,0.1,0.05999999999996816,0.0,10,5,95,36,98.98749038051434,134.4146547516595,36.91000000000011
526.5000000000512,516.7165518696517,0.10000000000002274,0.1,2.273181642920008e-14,0.0,10,5,95,36,98.64270062532084,134.3146547516595,37.01000000000011
526.6000000000512,516.8165518696517,0.10000000000002274,0.1,2.273181642920008e-14,0.0,10,5,95,36,98.30942192746627,134.2146547516595,37.11000000000011
526.7000000000512,516.9533518696517,0.13679999999999382,0.1,0.03679999999999381,0.0,10,5,94,36,101.68255639425124,134.11465475165951,37.21000000000011
526.8000000000512,517.0533518696517,0.10000000000002274,0.1,2.273181642920008e-14,0.0,10,5,93,36,101.35799505202985,134.01465475165952,37.3100000000001
526.9000000000513,517.1967518696517,0.14340000000004238,0.1,0.04340000000004238,0.0,10,5,91,36,105.3746987872551,133.91465475165953,37.4100000000001
527.0000000000513,517.2967518696518,0.10000000000002274,0.1,2.273181642920008e-14,0.0,10,5,90,36,105.05334933325848,133.81465475165953,37.510000000000105
527.1000000000513,517.4567518696517,0.15999999999996817,0.1,0.05999999999996816,0.0,10,5,89,36,110.73678657310097,133.71465475165954,37.610000000000106
527.2000000000513,517.6117518696517,0.15499999999997272,0.1,0.05499999999997271,0.0,11,5,88,36,103.10160324897505,129.9000000000003,34.29090909090919
527.3000000000513,517.7117518696517,0.10000000000002274,0.1,2.273181642920008e-14,0.0,11,5,88,36,102.75548555219956,129.20055060217064,34.39090909090918
527.4000000000514,517.8117518696517,0.10000000000002274,0.1,2.273181642920008e-14,0.0,11,5,88,36,102.38775364725657,128.57814252190676,34.490909090909184
527.5000000000514,517.9117518696518,0.10000000000002274,0.1,2.273181642920008e-14,0.0,11,5,90,36,102.05351225342473,127.97814252190676,34.590909090909186
527.6000000000514,518.0717518696517,0.15999999999996817,0.1,0.05999999999996816,0.0,11,5,89,34,107.17372540504743,133.21465475165957,34.69090909090918
527.7000000000514,518.1717518696518,0.10000000000002274,0.1,2.273181642920008e-14,0.0,11,5,89,34,106.83930219303375,133.11465475165957,34.79090909090918
527.8000000000515,518.2717518696518,0.10000000000002274,0.1,2.273181642920008e-14,0.0,11,5,89,34,106.24906669636984,132.36975572791798,34.89090909090918
527.9000000000515,518.4317518696517,0.15999999999996817,0.1,0.05999999999996816,0.0,11,5,88,34,111.16662823508378,164.63015200846075,34.990909090909184
528.0000000000515,518.5317518696518,0.10000000000002274,0.1,2.273181642920008e-14,0.0,11,5,89,34,110.59420233305799,164.53015200846076,35.09090909090918
528.1000000000515,518.6317518696518,0.10000000000002274,0.1,2.273181642920008e-14,0.0,11,5,89,34,109.53094750848037,164.43015200846077,35.19090909090918
528.2000000000515,518.7317518696518,0.10000000000002274,0.1,2.273181642920008e-14,0.0,11,5,89,34,108.46901329463803,164.33015200846077,35.290909090909174
528.3000000000516,518.8317518696518,0.10000000000002274,0.1,2.273181642920008e-14,0.0,11,5,89,34,107.88626763042566,164.23015200846078,35.39090909090918
528.4000000000516,518.9317518696519,0.10000000000002274,0.1,2.273181642920008e-14,0.0,11,5,90,34,107.30580688716412,164.13015200846078,35.49090909090918
528.5000000000516,519.0317518696519,0.10000000000002274,0.1,2.273181642920008e-14,0.0,11,5,90,34,106.72363898321619,164.0301520084608,35.59090909090918
528.6000000000516,519.1317518696519,0.10000000000002274,0.1,2.273181642920008e-14,0.0,11,5,90,35,106.14340685453782,163.9301520084608,35.69090909090917
528.7000000000517,519.2317518696519,0.10000000000002274,0.1,2.273181642920008e-14,0.0,10,5,90,35,116.27315272250716,172.29112020996584,30.27000000000018
528.8000000000517,519.331751869652,0.10000000000002274,0.1,2.273181642920008e-14,0.0,10,5,90,35,115.7392411410749,171.68950665444842,30.370000000000182
528.9000000000517,519.454351869652,0.12260000000003402,0.1,0.02260000000003401,0.0,9,5,89,35,130.5797978112423,171.0188308062662,28.211111111111265
529.0000000000517,519.554351869652,0.10000000000002274,0.1,2.273181642920008e-14,0.0,8,5,90,36,146.44079016094207,173.06139958064045,25.675000000000118
529.1000000000518,519.709151869652,0.15480000000002292,0.1,0.054800000000022914,0.0,8,5,89,36,152.77051264454815,172.39846930486243,25.775000000000116
529.2000000000518,519.809151869652,0.10000000000002274,0.1,2.273181642920008e-14,0.0,9,5,89,36,132.52249734820037,163.33015200846083,23.011111111111216
529.3000000000518,519.9091518696521,0.10000000000002274,0.1,2.273181642920008e-14,0.0,9,5,89,36,131.98413631594434,163.23015200846083,23.111111111111214
529.4000000000518,520.0091518696521,0.10000000000002274,0.1,2.273181642920008e-14,0.0,9,5,89,36,131.4665473989745,163.13015200846084,23.21111111111121
529.5000000000518,520.1091518696521,0.10000000000002274,0.1,2.273181642920008e-14,0.0,9,5,89,36,130.95550010099225,163.03015200846085,23.311111111111213
529.6000000000519,520.3281518696521,0.21899999999993724,0.1,0.11899999999993724,0.0,9,5,87,36,143.66755544587468,166.73902625872813,23.411111111111214
529.7000000000519,520.4281518696521,0.10000000000002274,0.1,2.273181642920008e-14,0.0,9,5,87,37,143.14684475422914,166.06159109136053,23.511111111111212
529.8000000000519,520.5281518696521,0.10000000000002274,0.1,2.273181642920008e-14,0.0,9,5,89,37,142.60175047675386,165.45567427695875,23.611111111111214
529.9000000000519,520.6281518696521,0.10000000000002274,0.1,2.273181642920008e-14,0.0,9,5,89,37,142.06548706455047,164.83583786277066,23.71111111111121
530.000000000052,520.7281518696522,0.10000000000002274,0.1,2.273181642920008e-14,0.0,9,5,90,37,141.55132234874927,164.22991450802826,23.81111111111121
530.100000000052,520.8281518696522,0.10000000000002274,0.1,2.273181642920008e-14,0.0,9,5,90,37,141.0323082901504,163.61108372056978,23.91111111111121
530.200000000052,520.9881518696521,0.15999999999996817,0.1,0.05999999999996816,0.0,9,5,88,37,147.18193298066748,163.00814176670247,24.011111111111212
530.300000000052,521.0881518696522,0.10000000000002274,0.1,2.273181642920008e-14,0.0,9,5,88,37,146.66841616721814,162.40271795423405,24.11111111111121
530.400000000052,521.1881518696522,0.10000000000002274,0.1,2.273181642920008e-14,0.0,9,5,88,37,146.1473378034341,162.1301520084609,24.211111111111208
530.5000000000521,521.2881518696522,0.10000000000002274,0.1,2.273181642920008e-14,0.0,9,5,88,37,145.61952560602506,162.0301520084609,24.31111111111121
530.6000000000521,521.4481518696522,0.15999999999996817,0.1,0.05999999999996816,0.0,9,5,87,37,151.7657252216453,161.9301520084609,24.411111111111207
530.7000000000521,521.5481518696522,0.10000000000002274,0.1,2.273181642920008e-14,0.0,9,5,88,37,151.23370969404263,161.8301520084609,24.51111111111121
530.8000000000521,521.6481518696522,0.10000000000002274,0.1,2.273181642920008e-14,0.0,9,5,88,37,150.68598207205284,161.73015200846092,24.61111111111121
530.9000000000522,521.8081518696522,0.15999999999996817,0.1,0.05999999999996816,0.0,9,5,87,37,156.87489215785456,161.87123639467728,24.711111111111208
531.0000000000522,521.9681518696522,0.15999999999996817,0.1,0.05999999999996816,0.0,9,5,86,36,163.07080849909406,161.7712363946773,24.811111111111206
531.1000000000522,522.0681518696522,0.10000000000002274,0.1,2.273181642920008e-14,0.0,10,5,86,36,143.81857801347982,161.43015200846094,22.430000000000085
531.2000000000522,520.5524395057055,-1.5157123639467045,0.1,6.838973831690964e-14,1.615712363946773,9,5,86,36,141.31799602243242,156.88843131950716,24.57777777777787
531.3000000000523,520.6524395057055,0.10000000000002274,0.1,2.273181642920008e-14,0.0,9,5,86,36,140.80424293613058,156.28117380970397,24.677777777777873
531.4000000000523,520.7524395057055,0.10000000000002274,0.1,2.273181642920008e-14,0.0,9,5,85,36,140.29295279915087,155.67468900193816,24.77777777777787
531.5000000000523,520.8524395057055,0.10000000000002274,0.1,2.273181642920008e-14,0.0,9,5,85,36,139.7786859278966,155.05135833488154,24.87777777777787
531.6000000000523,520.9524395057056,0.10000000000002274,0.1,2.273181642920008e-14,0.0,9,5,85,37,139.2643364593141,154.43682114604692,24.97777777777787
531.7000000000523,521.0524395057056,0.10000000000002274,0.1,2.273181642920008e-14,0.0,9,5,85,37,138.7520622710037,153.8186964058106,25.07777777777787
531.8000000000524,521.1524395057056,0.10000000000002274,0.1,2.273181642920008e-14,0.0,9,5,84,38,138.2391211318087,153.21804615647392,25.17777777777787
531.9000000000524,521.2760395057056,0.12360000000001037,0.1,0.023600000000010363,0.0,9,5,83,38,140.34843080768792,152.60082188650523,25.27777777777787
532.0000000000524,521.4360395057056,0.15999999999996817,0.1,0.05999999999996816,0.0,9,5,82,38,146.4699227876821,152.00014896016617,25.37777777777787
532.1000000000524,521.5360395057056,0.10000000000002274,0.1,2.273181642920008e-14,0.0,9,5,82,38,145.94023319121513,151.38251798857632,25.477777777777867
532.2000000000525,521.6360395057056,0.10000000000002274,0.1,2.273181642920008e-14,0.0,9,5,82,39,145.41894208653412,150.69773064613432,25.577777777777868
532.3000000000525,521.7360395057057,0.10000000000002274,0.1,2.273181642920008e-14,0.0,9,5,82,39,144.8976590477198,150.023920359203,25.67777777777787
532.4000000000525,521.8360395057057,0.10000000000002274,0.1,2.273181642920008e-14,0.0,9,5,82,39,144.3771224059102,149.34638307344352,25.77777777777787
532.5000000000525,521.9360395057057,0.10000000000002274,0.1,2.273181642920008e-14,0.0,9,5,82,39,143.91789073898326,148.74384191313035,25.877777777777865
532.6000000000525,522.0360395057057,0.10000000000002274,0.1,2.273181642920008e-14,0.0,9,5,82,39,143.53345116450387,148.14384191313036,25.977777777777867
532.7000000000526,522.1360395057058,0.10000000000002274,0.1,2.273181642920008e-14,0.0,9,5,82,39,143.18094729004278,147.54384191313036,26.077777777777868
532.8000000000526,522.2360395057058,0.10000000000002274,0.1,2.273181642920008e-14,0.0,9,5,82,39,142.83598294927683,146.94384191313037,26.17777777777787
532.9000000000526,522.3620395057058,0.12599999999997635,0.1,0.025999999999976348,0.0,9,5,81,40,145.36915595443915,158.23147741995305,26.277777777777867
533.0000000000526,522.4620395057058,0.10000000000002274,0.1,2.273181642920008e-14,0.0,9,5,81,40,145.02286075995323,157.68348577366982,26.377777777777865
533.1000000000527,522.5620395057058,0.10000000000002274,0.1,2.273181642920008e-14,0.0,9,5,81,39,144.67040410007667,157.01251997287747,26.477777777777867
533.2000000000527,522.6620395057058,0.10000000000002274,0.1,2.273181642920008e-14,0.0,9,5,80,39,144.32455985696873,156.41251997287748,26.577777777777868
533.3000000000527,522.7620395057058,0.10000000000002274,0.1,2.273181642920008e-14,0.0,9,5,79,39,143.9743012854343,155.81251997287748,26.67777777777787
533.4000000000527,522.8620395057059,0.10000000000002274,0.1,2.273181642920008e-14,0.0,9,5,80,39,143.62218965932786,155.2125199728775,26.777777777777867
533.5000000000528,522.9620395057059,0.10000000000002274,0.1,2.273181642920008e-14,0.0,9,5,80,39,143.28604474049706,154.7599036577956,26.877777777777865
533.6000000000528,523.0620395057059,0.10000000000002274,0.1,2.273181642920008e-14,0.0,9,5,80,39,142.96356981381282,154.43905161973598,26.977777777777867
533.7000000000528,523.1620395057059,0.10000000000002274,0.1,2.273181642920008e-14,0.0,9,5,80,39,142.64513206669807,154.18887580114054,27.077777777777868
533.8000000000528,523.262039505706,0.10000000000002274,0.1,2.273181642920008e-14,0.0,9,5,80,39,142.33416560483232,153.97923505918754,27.177777777777866
533.9000000000528,523.362039505706,0.10000000000002274,0.1,2.273181642920008e-14,0.0,9,5,81,39,142.03085297176162,153.8155730819508,27.277777777777867
534.0000000000529,523.462039505706,0.10000000000002274,0.1,2.273181642920008e-14,0.0,9,5,81,39,141.7195666129346,153.65191110471403,27.377777777777865
534.1000000000529,523.562039505706,0.10000000000002274,0.1,2.273181642920008e-14,0.0,9,5,81,39,141.41382329119114,153.55191110471404,27.477777777777867
534.2000000000529,523.662039505706,0.10000000000002274,0.1,2.273181642920008e-14,0.0,9,5,81,39,141.11469485498327,153.45191110471404,27.577777777777868
534.3000000000529,523.7620395057061,0.10000000000002274,0.1,2.273181642920008e-14,0.0,9,5,82,39,140.8246103672874,153.35191110471405,27.677777777777866
534.400000000053,523.8620395057061,0.10000000000002274,0.1,2.273181642920008e-14,0.0,9,5,82,39,140.5917878168331,153.25191110471405,27.777777777777867
534.500000000053,523.9620395057061,0.10000000000002274,0.1,2.273181642920008e-14,0.0,9,5,82,39,140.3575928807297,153.15191110471406,27.877777777777865
534.600000000053,524.0620395057061,0.10000000000002274,0.1,2.273181642920008e-14,0.0,9,5,81,39,140.12517250638902,153.05191110471407,27.977777777777867
534.700000000053,524.1620395057062,0.10000000000002274,0.1,2.273181642920008e-14,0.0,9,5,81,39,139.8909489105563,152.95191110471407,28.077777777777868
534.800000000053,524.2620395057062,0.10000000000002274,0.1,2.273181642920008e-14,0.0,9,5,81,39,139.6564443894443,152.85191110471408,28.177777777777866
534.9000000000531,524.3620395057062,0.10000000000002274,0.1,2.273181642920008e-14,0.0,9,5,82,39,139.42324976998495,152.75191110471408,28.277777777777867
535.0000000000531,524.4620395057062,0.10000000000002274,0.1,2.273181642920008e-14,0.0,9,5,82,39,139.1896089829384,152.6519111047141,28.377777777777865
535.1000000000531,524.5620395057063,0.10000000000002274,0.1,2.273181642920008e-14,0.0,9,5,82,39,138.95679490358202,152.5519111047141,28.477777777777867
535.2000000000531,524.6620395057063,0.10000000000002274,0.1,2.273181642920008e-14,0.0,9,5,83,39,138.72201177174864,152.4519111047141,28.577777777777865
535.3000000000532,524.7620395057063,0.10000000000002274,0.1,2.273181642920008e-14,0.0,9,5,83,39,138.48878586369352,152.3519111047141,28.67777777777787
535.4000000000532,524.8620395057063,0.10000000000002274,0.1,2.273181642920008e-14,0.0,9,5,83,39,138.25385587013832,152.2519111047141,28.777777777777867
535.5000000000532,524.9620395057063,0.10000000000002274,0.1,2.273181642920008e-14,0.0,9,5,84,39,138.0197516966692,152.15191110471412,28.87777777777787
535.6000000000532,525.0620395057064,0.10000000000002274,0.1,2.273181642920008e-14,0.0,9,5,84,39,137.78637032334154,152.05191110471412,28.977777777777867
535.7000000000533,525.1620395057064,0.10000000000002274,0.1,2.273181642920008e-14,0.0,9,5,84,39,137.54584701892517,151.95191110471413,29.077777777777865
535.8000000000533,525.2620395057064,0.10000000000002274,0.1,2.273181642920008e-14,0.0,9,5,85,39,137.30440878029,151.85191110471413,29.17777777777787
535.9000000000533,525.3620395057064,0.10000000000002274,0.1,2.273181642920008e-14,0.0,9,5,85,39,137.06697645276688,151.75191110471414,29.277777777777867
536.0000000000533,525.4620395057065,0.10000000000002274,0.1,2.273181642920008e-14,0.0,9,5,84,39,136.82468095431892,151.65191110471415,29.37777777777787
536.1000000000533,525.5620395057065,0.10000000000002274,0.1,2.273181642920008e-14,0.0,9,5,85,40,136.59215654294633,151.55191110471415,29.477777777777867
536.2000000000534,525.6620395057065,0.10000000000002274,0.1,2.273181642920008e-14,0.0,9,5,85,40,136.35154267814107,151.45191110471416,29.577777777777865
536.3000000000534,525.7620395057065,0.10000000000002274,0.1,2.273181642920008e-14,0.0,9,5,85,40,136.10896759607814,151.35191110471416,29.67777777777787
536.4000000000534,525.8620395057065,0.10000000000002274,0.1,2.273181642920008e-14,0.0,9,5,86,40,135.8762817116643,151.25191110471417,29.777777777777867
536.5000000000534,525.9620395057066,0.10000000000002274,0.1,2.273181642920008e-14,0.0,9,5,86,40,135.64269298411588,151.15191110471417,29.87777777777787
536.6000000000535,526.0620395057066,0.10000000000002274,0.1,2.273181642920008e-14,0.0,9,5,85,40,135.42241483105934,151.05191110471418,29.977777777777867
536.7000000000535,526.1620395057066,0.10000000000002274,0.1,2.273181642920008e-14,0.0,9,5,85,40,135.22394877236803,150.95191110471418,30.077777777777865
536.8000000000535,526.2620395057066,0.10000000000002274,0.1,2.273181642920008e-14,0.0,9,5,85,40,135.03545248699396,150.8519111047142,30.17777777777787
536.9000000000535,526.3620395057067,0.10000000000002274,0.1,2.273181642920008e-14,0.0,9,5,85,39,134.85622632395456,150.7519111047142,30.277777777777867
537.0000000000535,526.4620395057067,0.10000000000002274,0.1,2.273181642920008e-14,0.0,9,5,85,39,134.672704439238,150.6519111047142,30.37777777777787
537.1000000000536,526.5620395057067,0.10000000000002274,0.1,2.273181642920008e-14,0.0,9,5,85,39,134.4891275569803,150.5519111047142,30.477777777777867
537.2000000000536,526.6620395057067,0.10000000000002274,0.1,2.273181642920008e-14,0.0,9,5,85,39,134.3058707777863,150.4519111047142,30.57777777777787
537.3000000000536,526.7620395057068,0.10000000000002274,0.1,2.273181642920008e-14,0.0,9,5,85,39,134.1270102915363,150.35191110471422,30.67777777777787
537.4000000000536,526.8620395057068,0.10000000000002274,0.1,2.273181642920008e-14,0.0,9,5,84,39,133.9494043847542,150.25191110471422,30.777777777777867
537.5000000000537,526.9620395057068,0.10000000000002274,0.1,2.273181642920008e-14,0.0,9,5,84,39,133.7642714381323,150.15191110471423,30.87777777777787
537.6000000000537,527.0620395057068,0.10000000000002274,0.1,2.273181642920008e-14,0.0,9,5,84,39,133.58616079807157,150.05191110471424,30.977777777777867
537.7000000000537,527.1620395057068,0.10000000000002274,0.1,2.273181642920008e-14,0.0,9,5,84,39,133.40120065928892,149.95191110471424,31.07777777777787
537.8000000000537,527.2620395057069,0.10000000000002274,0.1,2.273181642920008e-14,0.0,9,5,84,39,133.21677590098048,149.85191110471425,31.17777777777787
537.9000000000538,527.3620395057069,0.10000000000002274,0.1,2.273181642920008e-14,0.0,9,5,84,39,133.03390506523286,149.75191110471425,31.277777777777867
538.0000000000538,527.4620395057069,0.10000000000002274,0.1,2.273181642920008e-14,0.0,9,5,84,38,132.85155378756477,149.65191110471426,31.37777777777787
538.1000000000538,527.5620395057069,0.10000000000002274,0.1,2.273181642920008e-14,0.0,9,5,84,38,132.67400194684043,149.55191110471426,31.477777777777867
538.2000000000538,527.662039505707,0.10000000000002274,0.1,2.273181642920008e-14,0.0,9,5,84,38,132.48733877476755,149.45191110471427,31.57777777777787
538.3000000000538,527.762039505707,0.10000000000002274,0.1,2.273181642920008e-14,0.0,9,5,83,38,132.30272769695432,149.35191110471428,31.67777777777787
538.4000000000539,527.862039505707,0.10000000000002274,0.1,2.273181642920008e-14,0.0,9,5,83,38,132.1217698039421,149.25191110471428,31.777777777777867
538.5000000000539,527.962039505707,0.10000000000002274,0.1,2.273181642920008e-14,0.0,9,5,83,38,131.93677499153188,149.1519111047143,31.87777777777787
538.6000000000539,528.062039505707,0.10000000000002274,0.1,2.273181642920008e-14,0.0,9,5,83,38,131.7531554683843,149.0519111047143,31.977777777777867
538.7000000000539,528.1620395057071,0.10000000000002274,0.1,2.273181642920008e-14,0.0,9,5,83,38,131.57090030521144,148.9519111047143,32.07777777777787
538.800000000054,528.2620395057071,0.10000000000002274,0.1,2.273181642920008e-14,0.0,9,5,83,38,131.2154191999934,148.8519111047143,32.17777777777787
538.900000000054,528.3620395057071,0.10000000000002274,0.1,2.273181642920008e-14,0.0,9,5,83,38,130.86571002364298,148.7519111047143,32.277777777777864
539.000000000054,528.4620395057071,0.10000000000002274,0.1,2.273181642920008e-14,0.0,9,5,83,38,130.51660429267818,148.65191110471432,32.37777777777787
539.100000000054,528.5620395057072,0.10000000000002274,0.1,2.273181642920008e-14,0.0,9,5,83,38,130.16961004825535,148.55191110471432,32.47777777777787
539.200000000054,528.6620395057072,0.10000000000002274,0.1,2.273181642920008e-14,0.0,9,5,82,38,129.82201793698266,148.45191110471433,32.57777777777787
539.3000000000541,528.7620395057072,0.10000000000002274,0.1,2.273181642920008e-14,0.0,9,5,82,38,129.4708291585879,148.35191110471433,32.67777777777787
539.4000000000541,528.8620395057072,0.10000000000002274,0.1,2.273181642920008e-14,0.0,9,5,82,38,129.12006780069672,148.25191110471434,32.777777777777864
539.5000000000541,528.9620395057073,0.10000000000002274,0.1,2.273181642920008e-14,0.0,9,5,82,38,128.76885243608245,148.15191110471434,32.87777777777787
539.6000000000541,529.0620395057073,0.10000000000002274,0.1,2.273181642920008e-14,0.0,9,5,82,38,128.41958564719832,148.05191110471435,32.97777777777787
539.7000000000542,529.1620395057073,0.10000000000002274,0.1,2.273181642920008e-14,0.0,9,5,82,38,128.06978543724205,147.95191110471436,33.07777777777787
539.8000000000542,529.2620395057073,0.10000000000002274,0.1,2.273181642920008e-14,0.0,9,5,83,38,127.72223288673194,147.85191110471436,33.17777777777787
539.9000000000542,529.3620395057073,0.10000000000002274,0.1,2.273181642920008e-14,0.0,9,5,82,37,127.37029680717566,147.75191110471437,33.27777777777787
540.0000000000542,529.4620395057074,0.10000000000002274,0.1,2.273181642920008e-14,0.0,9,5,82,37,127.02184432137132,147.65191110471437,33.37777777777787
540.1000000000543,529.5620395057074,0.10000000000002274,0.1,2.273181642920008e-14,0.0,9,5,82,37,126.67048700433276,147.55191110471438,33.477777777777874
540.2000000000543,529.6620395057074,0.10000000000002274,0.1,2.273181642920008e-14,0.0,9,5,82,36,126.31734021718366,147.45191110471438,33.57777777777787
540.3000000000543,529.7620395057074,0.10000000000002274,0.1,2.273181642920008e-14,0.0,9,5,82,36,125.96380139872979,147.3519111047144,33.67777777777787
540.4000000000543,529.8620395057075,0.10000000000002274,0.1,2.273181642920008e-14,0.0,9,5,82,37,125.6075648602876,147.2519111047144,33.77777777777787
540.5000000000543,529.9620395057075,0.10000000000002274,0.1,2.273181642920008e-14,0.0,9,5,82,37,125.26176430797821,147.1519111047144,33.87777777777787
540.6000000000544,530.0620395057075,0.10000000000002274,0.1,2.273181642920008e-14,0.0,9,5,82,37,124.9126453433878,147.0519111047144,33.977777777777874
540.7000000000544,530.1620395057075,0.10000000000002274,0.1,2.273181642920008e-14,0.0,9,5,82,37,124.56307912670587,146.9519111047144,34.07777777777787
540.8000000000544,530.2620395057075,0.10000000000002274,0.1,2.273181642920008e-14,0.0,9,5,82,37,124.21035954433907,146.85191110471442,34.17777777777788
540.9000000000544,530.3620395057076,0.10000000000002274,0.1,2.273181642920008e-14,0.0,9,5,82,37,123.86586908054784,146.75191110471442,34.27777777777787
541.0000000000545,530.4620395057076,0.10000000000002274,0.1,2.273181642920008e-14,0.0,9,5,82,37,123.51818691457376,146.65191110471443,34.37777777777787
541.1000000000545,530.5620395057076,0.10000000000002274,0.1,2.273181642920008e-14,0.0,9,5,82,36,123.17369087487913,146.55191110471443,34.477777777777874
541.2000000000545,530.6620395057076,0.10000000000002274,0.1,2.273181642920008e-14,0.0,9,5,82,37,122.82799223358052,146.45191110471444,34.57777777777787
541.3000000000545,530.7620395057077,0.10000000000002274,0.1,2.273181642920008e-14,0.0,9,5,81,37,122.48101032514097,146.19253867885539,34.67777777777788
541.4000000000545,530.8620395057077,0.10000000000002274,0.1,2.273181642920008e-14,0.0,9,5,81,37,122.13551112737468,145.73239965048816,34.77777777777787
541.5000000000546,530.9620395057077,0.10000000000002274,0.1,2.273181642920008e-14,0.0,9,5,81,37,121.79015782914115,145.28369810793842,34.87777777777788
541.6000000000546,531.0620395057077,0.10000000000002274,0.1,2.273181642920008e-14,0.0,9,5,81,37,121.44421439469433,144.83366343154046,34.977777777777874
541.7000000000546,531.1620395057078,0.10000000000002274,0.1,2.273181642920008e-14,0.0,9,5,81,37,121.09874163537148,144.3783565260487,35.077777777777875
541.8000000000546,531.2620395057078,0.10000000000002274,0.1,2.273181642920008e-14,0.0,9,5,81,38,120.75323746036442,143.92751297126316,35.17777777777788
541.9000000000547,531.3620395057078,0.10000000000002274,0.1,2.273181642920008e-14,0.0,9,5,81,38,120.40750592947663,143.47699058494064,35.27777777777787
542.0000000000547,531.4620395057078,0.10000000000002274,0.1,2.273181642920008e-14,0.0,9,5,81,38,120.06273143318407,143.0329525942849,35.37777777777788
542.1000000000547,531.5620395057078,0.10000000000002274,0.1,2.273181642920008e-14,0.0,9,5,81,39,119.71848030429503,142.58614645737356,35.477777777777874
542.2000000000547,531.6620395057079,0.10000000000002274,0.1,2.273181642920008e-14,0.0,9,5,81,39,119.37256868557945,142.12282256213945,35.577777777777875
542.3000000000548,531.7620395057079,0.10000000000002274,0.1,2.273181642920008e-14,0.0,9,5,81,39,119.0297320821474,141.67935725719516,35.67777777777788
542.4000000000548,531.8620395057079,0.10000000000002274,0.1,2.273181642920008e-14,0.0,9,5,81,39,118.68694187140606,141.23677875639987,35.77777777777788
542.5000000000548,531.9620395057079,0.10000000000002274,0.1,2.273181642920008e-14,0.0,9,5,81,40,118.34031893193608,140.77451921829717,35.87777777777788
542.6000000000548,532.062039505708,0.10000000000002274,0.1,2.273181642920008e-14,0.0,9,5,81,40,118.0339080004456,140.31838601203503,35.977777777777874
542.7000000000548,532.162039505708,0.10000000000002274,0.1,2.273181642920008e-14,0.0,9,5,81,40,117.7853750945793,139.87257237227772,36.077777777777875
542.8000000000549,532.262039505708,0.10000000000002274,0.1,2.273181642920008e-14,0.0,9,5,81,40,117.45943053697566,139.42442767366742,36.17777777777788
542.9000000000549,532.362039505708,0.10000000000002274,0.1,2.273181642920008e-14,0.0,9,5,80,40,117.13254703866374,138.9792506786886,36.27777777777788
543.0000000000549,532.462039505708,0.10000000000002274,0.1,2.273181642920008e-14,0.0,9,5,80,40,116.83672802790953,138.53617991717223,36.37777777777788
543.1000000000549,532.5620395057081,0.10000000000002274,0.1,2.273181642920008e-14,0.0,9,5,80,40,116.56495461798305,138.08274287040442,36.47777777777788
543.200000000055,532.6620395057081,0.10000000000002274,0.1,2.273181642920008e-14,0.0,9,5,80,40,116.29415857448609,137.63971326205734,36.577777777777875
543.300000000055,532.7620395057081,0.10000000000002274,0.1,2.273181642920008e-14,0.0,9,5,80,40,116.02044543708581,137.1786595127245,36.677777777777884
543.400000000055,532.8620395057081,0.10000000000002274,0.1,2.273181642920008e-14,0.0,9,5,80,40,115.75010179223955,136.73650618625695,36.77777777777788
543.500000000055,532.9620395057082,0.10000000000002274,0.1,2.273181642920008e-14,0.0,9,5,80,40,115.4692263571989,136.27789993563985,36.87777777777788
543.600000000055,533.0620395057082,0.10000000000002274,0.1,2.273181642920008e-14,0.0,9,5,80,40,115.18984602425641,135.8349871992656,36.97777777777788
543.7000000000551,533.1620395057082,0.10000000000002274,0.1,2.273181642920008e-14,0.0,9,5,81,40,114.9112755931153,135.3781998628144,37.077777777777875
543.8000000000551,533.2620395057082,0.10000000000002274,0.1,2.273181642920008e-14,0.0,9,5,81,40,114.63753480412953,134.92066365374657,37.177777777777884
543.9000000000551,533.3620395057083,0.10000000000002274,0.1,2.273181642920008e-14,0.0,9,5,82,40,114.36632675526734,134.47188825674544,37.27777777777788
544.0000000000551,533.4620395057083,0.10000000000002274,0.1,2.273181642920008e-14,0.0,9,5,82,40,114.09347836849432,134.02691588231426,37.37777777777788
544.1000000000552,533.5620395057083,0.10000000000002274,0.1,2.273181642920008e-14,0.0,9,5,83,40,113.81891580092434,133.56371060744547,37.47777777777788
544.2000000000552,533.6620395057083,0.10000000000002274,0.1,2.273181642920008e-14,0.0,9,5,83,40,113.54765406315728,133.12278324890815,37.577777777777875
544.3000000000552,533.7620395057083,0.10000000000002274,0.1,2.273181642920008e-14,0.0,9,5,82,40,113.27416510955001,132.67006531571113,37.677777777777884
544.4000000000552,533.8620395057084,0.10000000000002274,0.1,2.273181642920008e-14,0.0,9,5,82,40,113.00032278104086,132.21455410723456,37.77777777777788
544.5000000000553,533.9620395057084,0.10000000000002274,0.1,2.273181642920008e-14,0.0,9,5,82,40,112.72588244992063,131.76172792910972,37.87777777777788
544.6000000000553,534.0620395057084,0.10000000000002274,0.1,2.273181642920008e-14,0.0,9,5,82,40,112.45463665131446,131.31904364160937,37.97777777777788
544.7000000000553,534.1620395057084,0.10000000000002274,0.1,2.273181642920008e-14,0.0,9,5,82,40,112.18128110516126,130.87044447358548,38.07777777777788
544.8000000000553,534.2620395057085,0.10000000000002274,0.1,2.273181642920008e-14,0.0,9,5,82,39,111.90840621059716,130.42364764339345,38.177777777777884
544.9000000000553,534.3620395057085,0.10000000000002274,0.1,2.273181642920008e-14,0.0,9,5,82,39,111.63497007984829,129.97750496845225,38.277777777777885
545.0000000000554,534.4620395057085,0.10000000000002274,0.1,2.273181642920008e-14,0.0,9,5,81,39,111.3619380634017,129.5294454780984,38.37777777777788
545.1000000000554,534.5620395057085,0.10000000000002274,0.1,2.273181642920008e-14,0.0,9,5,81,39,111.08795646595142,129.0797446118574,38.47777777777788
545.2000000000554,534.6620395057085,0.10000000000002274,0.1,2.273181642920008e-14,0.0,9,5,82,39,110.81262193814646,128.62206683472635,38.57777777777788
545.3000000000554,534.7620395057086,0.10000000000002274,0.1,2.273181642920008e-14,0.0,9,5,82,39,110.53865027195283,128.16264326906165,38.677777777777884
545.4000000000555,534.8620395057086,0.10000000000002274,0.1,2.273181642920008e-14,0.0,9,5,82,39,110.26444184090177,127.7223507218308,38.777777777777885
545.5000000000555,534.9620395057086,0.10000000000002274,0.1,2.273181642920008e-14,0.0,9,5,82,39,109.99019993568736,127.26786520997626,38.87777777777788
545.6000000000555,535.0620395057086,0.10000000000002274,0.1,2.273181642920008e-14,0.0,9,5,82,39,109.71409885862437,126.80685802900304,38.97777777777789
545.7000000000555,535.1620395057087,0.10000000000002274,0.1,2.273181642920008e-14,0.0,9,5,83,39,109.44029330238448,126.36512364600229,39.07777777777788
545.8000000000555,535.2620395057087,0.10000000000002274,0.1,2.273181642920008e-14,0.0,9,5,83,39,109.16577043387731,125.91479733171262,39.17777777777789
545.9000000000556,535.3620395057087,0.10000000000002274,0.1,2.273181642920008e-14,0.0,9,5,83,39,108.89265541962487,125.46946169052804,39.277777777777885
546.0000000000556,535.4620395057087,0.10000000000002274,0.1,2.273181642920008e-14,0.0,9,5,83,40,108.6195820720892,125.0241130284415,39.37777777777788
546.1000000000556,535.5620395057088,0.10000000000002274,0.1,2.273181642920008e-14,0.0,9,5,82,40,108.34405150881656,124.56306288301467,39.47777777777789
546.2000000000556,535.6620395057088,0.10000000000002274,0.1,2.273181642920008e-14,0.0,9,5,81,39,108.06957132199364,124.11437764232899,39.57777777777788
546.3000000000557,535.7620395057088,0.10000000000002274,0.1,2.273181642920008e-14,0.0,9,5,81,39,107.7927653801272,123.65283648837088,39.677777777777884
546.4000000000557,535.8620395057088,0.10000000000002274,0.1,2.273181642920008e-14,0.0,9,5,81,39,107.51571044927877,123.18977762995976,39.777777777777885
546.5000000000557,535.9620395057088,0.10000000000002274,0.1,2.273181642920008e-14,0.0,9,5,81,39,107.24149579823015,122.74486505472139,39.87777777777788
546.6000000000557,536.0620395057089,0.10000000000002274,0.1,2.273181642920008e-14,0.0,9,5,81,39,106.90776812444284,122.30020109791282,39.97777777777788
546.7000000000558,536.1620395057089,0.10000000000002274,0.1,2.273181642920008e-14,0.0,9,5,80,39,106.57268383221684,121.84176451109478,40.07777777777788
546.8000000000558,535.3804675108743,-0.7815719948346214,0.1,1.9095836023552692e-14,0.8815719948346404,8,5,79,39,108.49899638542628,140.85191110471476,34.20000000000021
546.9000000000558,535.4804675108743,0.10000000000002274,0.1,2.273181642920008e-14,0.0,8,5,78,39,108.31157738577079,140.75191110471476,34.30000000000021
547.0000000000558,535.5804675108743,0.10000000000002274,0.1,2.273181642920008e-14,0.0,8,5,78,39,108.12385365793061,140.65191110471477,34.40000000000021
547.1000000000558,535.6804675108743,0.10000000000002274,0.1,2.273181642920008e-14,0.0,8,5,78,39,107.93595920974546,140.55191110471478,34.500000000000206
547.2000000000559,535.7804675108744,0.10000000000002274,0.1,2.273181642920008e-14,0.0,8,5,78,40,107.7455593898851,140.45191110471478,34.60000000000021
547.3000000000559,535.8804675108744,0.10000000000002274,0.1,2.273181642920008e-14,0.0,8,5,78,40,107.54918648241325,140.3519111047148,34.70000000000021
547.4000000000559,535.9804675108744,0.10000000000002274,0.1,2.273181642920008e-14,0.0,8,5,78,40,107.3625411547878,140.2519111047148,34.80000000000021
547.5000000000559,536.0804675108744,0.10000000000002274,0.1,2.273181642920008e-14,0.0,8,5,78,40,107.17566356487882,140.1519111047148,34.90000000000021
547.600000000056,536.1804675108745,0.10000000000002274,0.1,2.273181642920008e-14,0.0,8,5,78,40,106.98720936865136,140.0519111047148,35.00000000000021
547.700000000056,536.2804675108745,0.10000000000002274,0.1,2.273181642920008e-14,0.0,8,5,78,40,106.79473161792711,139.9519111047148,35.100000000000215
547.800000000056,536.3804675108745,0.10000000000002274,0.1,2.273181642920008e-14,0.0,8,5,77,41,106.60688842757155,139.85191110471482,35.200000000000216
547.900000000056,536.4804675108745,0.10000000000002274,0.1,2.273181642920008e-14,0.0,8,5,78,41,106.41904987258259,139.75191110471482,35.30000000000021
548.000000000056,536.5804675108745,0.10000000000002274,0.1,2.273181642920008e-14,0.0,8,5,77,41,106.22977233043714,139.65191110471483,35.40000000000021
548.1000000000561,536.6804675108746,0.10000000000002274,0.1,2.273181642920008e-14,0.0,8,5,77,41,106.04138736310192,139.55191110471483,35.50000000000021
548.2000000000561,536.7804675108746,0.10000000000002274,0.1,2.273181642920008e-14,0.0,8,5,77,41,105.85314798808398,139.45191110471484,35.600000000000215
548.3000000000561,536.8804675108746,0.10000000000002274,0.1,2.273181642920008e-14,0.0,8,5,77,41,105.66604266132337,139.35191110471484,35.700000000000216
548.4000000000561,536.9804675108746,0.10000000000002274,0.1,2.273181642920008e-14,0.0,8,5,77,41,105.47650927889914,139.25191110471485,35.80000000000022
548.5000000000562,537.0804675108747,0.10000000000002274,0.1,2.273181642920008e-14,0.0,8,5,77,41,105.28794089108348,139.15191110471486,35.90000000000022
548.6000000000562,537.1804675108747,0.10000000000002274,0.1,2.273181642920008e-14,0.0,8,5,77,41,105.10017075785981,139.05191110471486,36.00000000000021
548.7000000000562,537.2804675108747,0.10000000000002274,0.1,2.273181642920008e-14,0.0,8,5,77,41,104.91375872722239,138.95191110471487,36.100000000000215
548.8000000000562,537.3804675108747,0.10000000000002274,0.1,2.273181642920008e-14,0.0,8,5,77,42,104.7241441834585,138.85191110471487,36.200000000000216
548.9000000000563,537.4804675108747,0.10000000000002274,0.1,2.273181642920008e-14,0.0,8,5,77,42,104.53483775803043,138.75191110471488,36.30000000000022
549.0000000000563,537.5804675108748,0.10000000000002274,0.1,2.273181642920008e-14,0.0,8,5,78,42,104.34822582709059,138.65191110471488,36.40000000000022
549.1000000000563,537.6804675108748,0.10000000000002274,0.1,2.273181642920008e-14,0.0,8,5,78,42,104.1615890579522,138.5519111047149,36.50000000000022
549.2000000000563,537.7804675108748,0.10000000000002274,0.1,2.273181642920008e-14,0.0,8,5,78,42,103.97278465438046,138.4519111047149,36.60000000000022
549.3000000000563,537.8804675108748,0.10000000000002274,0.1,2.273181642920008e-14,0.0,8,5,78,42,103.78628613927825,138.3519111047149,36.70000000000022
549.4000000000564,537.9804675108749,0.10000000000002274,0.1,2.273181642920008e-14,0.0,8,5,78,42,103.60040041400758,138.2519111047149,36.800000000000225
549.5000000000564,538.0804675108749,0.10000000000002274,0.1,2.273181642920008e-14,0.0,8,5,78,42,103.41233849636721,138.1519111047149,36.90000000000022
549.6000000000564,538.1804675108749,0.10000000000002274,0.1,2.273181642920008e-14,0.0,8,5,79,42,103.22230394911497,138.05191110471492,37.00000000000022
549.7000000000564,538.2804675108749,0.10000000000002274,0.1,2.273181642920008e-14,0.0,8,5,79,42,103.03567664622851,137.95191110471492,37.10000000000022
549.8000000000565,538.380467510875,0.10000000000002274,0.1,2.273181642920008e-14,0.0,8,5,79,42,102.84969064771815,137.85191110471493,37.20000000000022
549.9000000000565,538.480467510875,0.10000000000002274,0.1,2.273181642920008e-14,0.0,8,5,79,42,102.66143692502769,137.75191110471494,37.300000000000225
550.0000000000565,538.580467510875,0.10000000000002274,0.1,2.273181642920008e-14,0.0,8,5,78,42,102.47105778792925,137.65191110471494,37.400000000000226
550.1000000000565,538.680467510875,0.10000000000002274,0.1,2.273181642920008e-14,0.0,8,5,79,42,102.28209941669279,137.55191110471495,37.50000000000022
550.2000000000565,538.780467510875,0.10000000000002274,0.1,2.273181642920008e-14,0.0,8,5,79,42,102.09528295906945,137.45191110471495,37.60000000000022
550.3000000000566,538.8804675108751,0.10000000000002274,0.1,2.273181642920008e-14,0.0,8,5,79,42,101.82650548844187,137.35191110471496,37.70000000000022
550.4000000000566,538.9804675108751,0.10000000000002274,0.1,2.273181642920008e-14,0.0,8,5,80,42,101.5599935800746,137.25191110471496,37.800000000000225
550.5000000000566,539.0804675108751,0.10000000000002274,0.1,2.273181642920008e-14,0.0,8,5,81,43,101.29174777326106,137.15191110471497,37.90000000000022
550.6000000000566,539.1804675108751,0.10000000000002274,0.1,2.273181642920008e-14,0.0,8,5,80,43,101.02294808661532,137.05191110471497,38.00000000000022
550.7000000000567,539.2804675108752,0.10000000000002274,0.1,2.273181642920008e-14,0.0,8,5,80,43,100.75483663359532,136.95191110471498,38.10000000000022
550.8000000000567,539.3804675108752,0.10000000000002274,0.1,2.273181642920008e-14,0.0,8,5,81,43,100.48321546566056,136.851911104715,38.20000000000022
550.9000000000567,539.4804675108752,0.10000000000002274,0.1,2.273181642920008e-14,0.0,8,5,81,43,100.21638826782915,136.751911104715,38.30000000000022
551.0000000000567,539.5804675108752,0.10000000000002274,0.1,2.273181642920008e-14,0.0,8,5,82,43,99.94939771881027,136.651911104715,38.40000000000022
551.1000000000568,539.6804675108752,0.10000000000002274,0.1,2.273181642920008e-14,0.0,8,5,82,44,99.68145099908301,136.551911104715,38.50000000000022
551.2000000000568,539.7804675108753,0.10000000000002274,0.1,2.273181642920008e-14,0.0,8,5,82,44,99.41378518719075,136.451911104715,38.60000000000022
551.3000000000568,539.8804675108753,0.10000000000002274,0.1,2.273181642920008e-14,0.0,8,5,83,44,99.14538781767989,136.35191110471501,38.700000000000216
551.4000000000568,539.9804675108753,0.10000000000002274,0.1,2.273181642920008e-14,0.0,8,5,83,44,98.87680089588324,136.25191110471502,38.80000000000022
551.5000000000568,540.0804675108753,0.10000000000002274,0.1,2.273181642920008e-14,0.0,8,5,84,44,98.59910331607689,136.15191110471503,38.90000000000022
551.6000000000569,540.1804675108754,0.10000000000002274,0.1,2.273181642920008e-14,0.0,8,5,84,44,98.32521076193981,136.05191110471503,39.00000000000022
551.7000000000569,540.2804675108754,0.10000000000002274,0.1,2.273181642920008e-14,0.0,8,5,84,44,98.05507084090127,135.95191110471504,39.100000000000215
551.8000000000569,540.3804675108754,0.10000000000002274,0.1,2.273181642920008e-14,0.0,8,5,84,44,97.78504463854789,135.85191110471504,39.200000000000216
551.9000000000569,540.4804675108754,0.10000000000002274,0.1,2.273181642920008e-14,0.0,8,5,84,43,97.5166170415629,135.75191110471505,39.30000000000022
552.000000000057,540.5804675108755,0.10000000000002274,0.1,2.273181642920008e-14,0.0,8,5,84,43,97.24626804821159,135.65191110471505,39.40000000000022
552.100000000057,540.6804675108755,0.10000000000002274,0.1,2.273181642920008e-14,0.0,8,5,84,43,96.90872734965203,135.05112034695887,39.50000000000021
552.200000000057,540.7804675108755,0.10000000000002274,0.1,2.273181642920008e-14,0.0,8,5,83,43,96.57479147804997,134.4412170181176,39.600000000000215
552.300000000057,540.8804675108755,0.10000000000002274,0.1,2.273181642920008e-14,0.0,8,5,83,42,96.24230348580403,133.84121701811762,39.700000000000216
552.400000000057,540.9804675108755,0.10000000000002274,0.1,2.273181642920008e-14,0.0,8,5,82,42,95.90938804685187,133.24121701811762,39.80000000000022
552.5000000000571,541.0804675108756,0.10000000000002274,0.1,2.273181642920008e-14,0.0,8,5,84,42,95.57613147948867,132.64121701811763,39.90000000000021
552.6000000000571,541.1804675108756,0.10000000000002274,0.1,2.273181642920008e-14,0.0,8,5,84,42,95.24430645434919,132.04121701811764,40.00000000000021
552.7000000000571,541.3404675108756,0.15999999999996817,0.1,0.05999999999996816,0.0,8,5,83,42,102.41185017821662,135.79119016848333,40.100000000000215
552.8000000000571,541.4404675108756,0.10000000000002274,0.1,2.273181642920008e-14,0.0,8,5,83,42,102.07953835186086,135.69119016848333,40.200000000000216
552.9000000000572,541.5404675108756,0.10000000000002274,0.1,2.273181642920008e-14,0.0,8,5,83,42,101.74366434576089,135.59119016848334,40.30000000000021
553.0000000000572,541.6404675108756,0.10000000000002274,0.1,2.273181642920008e-14,0.0,8,5,83,41,101.4088576494171,135.49119016848334,40.40000000000021
553.1000000000572,541.7404675108756,0.10000000000002274,0.1,2.273181642920008e-14,0.0,8,5,83,41,101.07535980928436,135.39119016848335,40.50000000000021
553.2000000000572,541.8404675108757,0.10000000000002274,0.1,2.273181642920008e-14,0.0,8,5,82,41,100.73943841580692,135.29119016848335,40.600000000000215
553.3000000000573,541.9404675108757,0.10000000000002274,0.1,2.273181642920008e-14,0.0,8,5,82,41,100.40373528972741,135.19119016848336,40.70000000000021
553.4000000000573,542.0404675108757,0.10000000000002274,0.1,2.273181642920008e-14,0.0,8,5,82,42,100.0675837293447,135.09119016848337,40.80000000000021
553.5000000000573,542.1404675108757,0.10000000000002274,0.1,2.273181642920008e-14,0.0,8,5,81,42,99.73077579989443,134.99119016848337,40.90000000000021
553.6000000000573,542.2404675108758,0.10000000000002274,0.1,2.273181642920008e-14,0.0,8,5,81,42,99.39745258658161,134.89119016848338,41.00000000000021
553.7000000000573,542.3404675108758,0.10000000000002274,0.1,2.273181642920008e-14,0.0,8,5,80,41,99.05451279969564,134.79119016848338,41.10000000000021
553.8000000000574,542.4404675108758,0.10000000000002274,0.1,2.273181642920008e-14,0.0,8,5,81,41,98.71489008323621,134.6911901684834,41.20000000000021
553.9000000000574,542.5404675108758,0.10000000000002274,0.1,2.273181642920008e-14,0.0,8,5,80,41,98.37417060285021,134.5911901684834,41.30000000000021
554.0000000000574,542.6404675108759,0.10000000000002274,0.1,2.273181642920008e-14,0.0,8,5,78,41,98.03999182470167,134.4911901684834,41.40000000000021
554.1000000000574,542.7404675108759,0.10000000000002274,0.1,2.273181642920008e-14,0.0,8,5,77,41,97.7051568822572,134.3911901684834,41.500000000000206
554.2000000000575,542.8404675108759,0.10000000000002274,0.1,2.273181642920008e-14,0.0,8,5,78,41,97.36672665368954,134.2911901684834,41.60000000000021
554.3000000000575,542.9404675108759,0.10000000000002274,0.1,2.273181642920008e-14,0.0,8,5,78,41,97.02635425372428,134.19119016848342,41.70000000000021
554.4000000000575,543.0404675108759,0.10000000000002274,0.1,2.273181642920008e-14,0.0,8,5,78,41,96.6885913005706,134.09119016848342,41.80000000000021
554.5000000000575,543.140467510876,0.10000000000002274,0.1,2.273181642920008e-14,0.0,8,5,78,40,96.34465616042617,133.99119016848343,41.900000000000205
554.6000000000575,543.240467510876,0.10000000000002274,0.1,2.273181642920008e-14,0.0,8,5,78,40,96.00533140198702,133.89119016848343,42.000000000000206
554.7000000000576,543.340467510876,0.10000000000002274,0.1,2.273181642920008e-14,0.0,8,5,78,40,95.663260667475,133.79119016848344,42.10000000000021
554.8000000000576,543.440467510876,0.10000000000002274,0.1,2.273181642920008e-14,0.0,8,5,78,41,95.32740420148944,133.69119016848344,42.20000000000021
554.9000000000576,543.540467510876,0.10000000000002274,0.1,2.273181642920008e-14,0.0,8,5,78,41,94.97774593373397,133.59119016848345,42.3000000000002
555.0000000000576,543.6404675108761,0.10000000000002274,0.1,2.273181642920008e-14,0.0,8,5,78,41,94.636390083598,133.49119016848346,42.400000000000205
555.1000000000577,543.7404675108761,0.10000000000002274,0.1,2.273181642920008e-14,0.0,8,5,77,41,94.29245677202908,133.39119016848346,42.500000000000206
555.2000000000577,543.8404675108761,0.10000000000002274,0.1,2.273181642920008e-14,0.0,8,5,77,41,93.95412568520624,133.29119016848347,42.60000000000021
555.3000000000577,543.9404675108761,0.10000000000002274,0.1,2.273181642920008e-14,0.0,8,5,78,41,93.61542619465537,133.19119016848347,42.7000000000002
555.4000000000577,544.0404675108762,0.10000000000002274,0.1,2.273181642920008e-14,0.0,8,5,78,41,93.27677091264599,133.09119016848348,42.8000000000002
555.5000000000578,544.1404675108762,0.10000000000002274,0.1,2.273181642920008e-14,0.0,8,5,77,41,92.93565811229342,132.99119016848348,42.900000000000205
555.6000000000578,544.2404675108762,0.10000000000002274,0.1,2.273181642920008e-14,0.0,8,5,77,41,92.59378949820973,132.8911901684835,43.000000000000206
555.7000000000578,544.3404675108762,0.10000000000002274,0.1,2.273181642920008e-14,0.0,8,5,77,41,92.23717778330945,132.7911901684835,43.1000000000002
555.8000000000578,544.4404675108763,0.10000000000002274,0.1,2.273181642920008e-14,0.0,7,5,78,41,105.06947148740093,132.6911901684835,44.70000000000021
555.9000000000578,544.5404675108763,0.10000000000002274,0.1,2.273181642920008e-14,0.0,7,5,78,41,104.74488678182779,132.5911901684835,44.8000000000002
556.0000000000579,544.6404675108763,0.10000000000002274,0.1,2.273181642920008e-14,0.0,7,5,78,42,104.42328897873305,132.4911901684835,44.900000000000205
556.1000000000579,544.7404675108763,0.10000000000002274,0.1,2.273181642920008e-14,0.0,7,5,78,42,104.10071204743079,132.39119016848352,45.000000000000206
556.2000000000579,544.8404675108764,0.10000000000002274,0.1,2.273181642920008e-14,0.0,7,5,77,42,103.77904741719767,132.29119016848352,45.1000000000002
556.3000000000579,544.9404675108764,0.10000000000002274,0.1,2.273181642920008e-14,0.0,7,5,76,43,103.45806701249437,132.19119016848353,45.2000000000002
556.400000000058,545.0404675108764,0.10000000000002274,0.1,2.273181642920008e-14,0.0,7,5,76,43,103.1315003614027,132.09119016848354,45.300000000000196
556.500000000058,545.1404675108764,0.10000000000002274,0.1,2.273181642920008e-14,0.0,7,5,76,43,102.80653564493272,131.99119016848354,45.4000000000002
556.600000000058,545.2404675108764,0.10000000000002274,0.1,2.273181642920008e-14,0.0,7,5,76,43,102.48286972230748,131.89119016848355,45.50000000000019
556.700000000058,545.3404675108765,0.10000000000002274,0.1,2.273181642920008e-14,0.0,7,5,76,43,102.158241226772,131.79119016848355,45.6000000000002
556.800000000058,545.4404675108765,0.10000000000002274,0.1,2.273181642920008e-14,0.0,7,5,76,43,101.8346427133589,131.69119016848356,45.7000000000002
556.9000000000581,545.5404675108765,0.10000000000002274,0.1,2.273181642920008e-14,0.0,7,5,76,43,101.51188758663126,131.59119016848356,45.800000000000196
557.0000000000581,545.6404675108765,0.10000000000002274,0.1,2.273181642920008e-14,0.0,7,5,75,43,101.1877159009202,131.49119016848357,45.9000000000002
557.1000000000581,545.7404675108766,0.10000000000002274,0.1,2.273181642920008e-14,0.0,7,5,75,44,100.86334337075047,131.39119016848358,46.00000000000019
557.2000000000581,545.8404675108766,0.10000000000002274,0.1,2.273181642920008e-14,0.0,7,5,76,44,100.538110472621,131.29119016848358,46.10000000000019
557.3000000000582,545.9404675108766,0.10000000000002274,0.1,2.273181642920008e-14,0.0,7,5,76,44,100.21538854360395,131.1911901684836,46.200000000000195
557.4000000000582,546.0404675108766,0.10000000000002274,0.1,2.273181642920008e-14,0.0,7,5,76,44,99.8903723067868,131.0911901684836,46.300000000000196
557.5000000000582,546.1404675108766,0.10000000000002274,0.1,2.273181642920008e-14,0.0,7,5,75,45,99.56776670920145,130.9911901684836,46.4000000000002
557.6000000000582,546.2404675108767,0.10000000000002274,0.1,2.273181642920008e-14,0.0,7,5,75,45,99.24326611687897,130.8911901684836,46.50000000000019
557.7000000000583,546.3404675108767,0.10000000000002274,0.1,2.273181642920008e-14,0.0,7,5,74,44,98.91987506629552,130.7911901684836,46.60000000000019
557.8000000000583,546.4404675108767,0.10000000000002274,0.1,2.273181642920008e-14,0.0,7,5,74,44,98.59615071751848,130.69119016848362,46.700000000000195
557.9000000000583,546.5404675108767,0.10000000000002274,0.1,2.273181642920008e-14,0.0,7,5,74,44,98.27044699029666,130.59119016848362,46.80000000000019
558.0000000000583,546.6404675108768,0.10000000000002274,0.1,2.273181642920008e-14,0.0,7,5,74,44,97.94601162006772,130.49119016848363,46.90000000000019
558.1000000000583,546.7404675108768,0.10000000000002274,0.1,2.273181642920008e-14,0.0,7,5,74,44,97.6206443318846,130.39119016848363,47.000000000000185
558.2000000000584,546.8404675108768,0.10000000000002274,0.1,2.273181642920008e-14,0.0,7,5,74,44,97.2963395668663,130.29119016848364,47.100000000000186
558.3000000000584,546.9404675108768,0.10000000000002274,0.1,2.273181642920008e-14,0.0,7,5,74,44,96.96243115284696,130.19119016848364,47.200000000000195
558.4000000000584,547.0404675108769,0.10000000000002274,0.1,2.273181642920008e-14,0.0,7,5,74,44,96.63237924573664,130.09119016848365,47.30000000000019
558.5000000000584,547.1404675108769,0.10000000000002274,0.1,2.273181642920008e-14,0.0,7,5,74,44,96.30184166286305,129.99119016848366,47.40000000000019
558.6000000000585,547.2404675108769,0.10000000000002274,0.1,2.273181642920008e-14,0.0,7,5,74,44,95.97667948214855,129.89119016848366,47.500000000000185
558.7000000000585,547.3404675108769,0.10000000000002274,0.1,2.273181642920008e-14,0.0,7,5,73,44,95.65098870489409,129.79119016848367,47.600000000000186
558.8000000000585,547.4404675108769,0.10000000000002274,0.1,2.273181642920008e-14,0.0,7,5,73,44,95.32504289899508,129.69119016848367,47.70000000000018
558.9000000000585,547.540467510877,0.10000000000002274,0.1,2.273181642920008e-14,0.0,7,5,74,44,94.99942037028237,129.59119016848368,47.80000000000018
559.0000000000585,547.640467510877,0.10000000000002274,0.1,2.273181642920008e-14,0.0,7,5,73,44,94.67325611039897,129.49119016848368,47.90000000000019
559.1000000000586,547.740467510877,0.10000000000002274,0.1,2.273181642920008e-14,0.0,7,5,73,44,94.34635700157746,129.3911901684837,48.000000000000185
559.2000000000586,547.840467510877,0.10000000000002274,0.1,2.273181642920008e-14,0.0,7,5,74,44,94.01896247433021,129.2911901684837,48.100000000000186
559.3000000000586,547.940467510877,0.10000000000002274,0.1,2.273181642920008e-14,0.0,7,5,74,43,93.6845126255877,129.1911901684837,48.20000000000018
559.4000000000586,548.0404675108771,0.10000000000002274,0.1,2.273181642920008e-14,0.0,7,5,74,43,93.35872128694018,129.0911901684837,48.30000000000018
559.5000000000587,548.1404675108771,0.10000000000002274,0.1,2.273181642920008e-14,0.0,6,5,74,43,108.68242586244678,133.03015200846255,44.18333333333353
559.6000000000587,548.2404675108771,0.10000000000002274,0.1,2.273181642920008e-14,0.0,6,5,75,43,108.49909252911345,132.93015200846256,44.28333333333353
559.7000000000587,548.3404675108771,0.10000000000002274,0.1,2.273181642920008e-14,0.0,6,5,75,43,108.31575919578012,132.83015200846256,44.38333333333353
559.8000000000587,548.4404675108772,0.10000000000002274,0.1,2.273181642920008e-14,0.0,6,5,73,43,108.1324258624468,132.73015200846257,44.483333333333526
559.9000000000588,548.5404675108772,0.10000000000002274,0.1,2.273181642920008e-14,0.0,6,5,72,43,107.94909252911346,132.63015200846257,44.583333333333535
560.0000000000588,548.6404675108772,0.10000000000002274,0.1,2.273181642920008e-14,0.0,6,5,72,43,107.76575919578015,132.53015200846258,44.68333333333353
560.1000000000588,548.7404675108772,0.10000000000002274,0.1,2.273181642920008e-14,0.0,6,5,72,42,107.58242586244681,132.43015200846258,44.78333333333353
560.2000000000588,548.8404675108773,0.10000000000002274,0.1,2.273181642920008e-14,0.0,6,5,72,42,107.39909252911349,132.3301520084626,44.88333333333353
560.3000000000588,548.9404675108773,0.10000000000002274,0.1,2.273181642920008e-14,0.0,6,5,71,42,107.21575919578015,132.2301520084626,44.983333333333526
560.4000000000589,549.0704675108773,0.12999999999999545,0.1,0.029999999999995447,0.0,6,5,70,42,112.03242586244681,132.1301520084626,45.083333333333535
560.5000000000589,549.1704675108773,0.10000000000002274,0.1,2.273181642920008e-14,0.0,6,5,70,43,111.87470979406044,132.0301520084626,45.18333333333353
560.6000000000589,549.2704675108773,0.10000000000002274,0.1,2.273181642920008e-14,0.0,6,5,70,43,111.6765455792776,131.9301520084626,45.28333333333353
560.7000000000589,549.3704675108773,0.10000000000002274,0.1,2.273181642920008e-14,0.0,6,5,70,43,111.48109019775113,131.83015200846262,45.38333333333353
560.800000000059,549.4704675108774,0.10000000000002274,0.1,2.273181642920008e-14,0.0,6,5,70,43,111.28714653487833,131.73015200846262,45.483333333333526
560.900000000059,549.5704675108774,0.10000000000002274,0.1,2.273181642920008e-14,0.0,6,5,70,43,111.09110588752931,131.63015200846263,45.583333333333535
561.000000000059,549.6704675108774,0.10000000000002274,0.1,2.273181642920008e-14,0.0,6,5,71,43,110.907772554196,131.53015200846264,45.683333333333536
561.100000000059,549.7704675108774,0.10000000000002274,0.1,2.273181642920008e-14,0.0,6,5,71,43,110.72443922086266,131.43015200846264,45.78333333333353
561.200000000059,549.8704675108775,0.10000000000002274,0.1,2.273181642920008e-14,0.0,6,5,72,43,110.5439773285321,131.33015200846265,45.88333333333353
561.3000000000591,549.9704675108775,0.10000000000002274,0.1,2.273181642920008e-14,0.0,6,5,72,44,110.4037463823668,131.23015200846265,45.98333333333354
561.4000000000591,550.0704675108775,0.10000000000002274,0.1,2.273181642920008e-14,0.0,6,5,72,44,110.28363090928417,131.13015200846266,46.083333333333535
561.5000000000591,550.1704675108775,0.10000000000002274,0.1,2.273181642920008e-14,0.0,6,5,72,44,110.17357317274285,131.03015200846266,46.183333333333536
561.6000000000591,550.2704675108776,0.10000000000002274,0.1,2.273181642920008e-14,0.0,6,5,71,44,110.07357317274285,130.93015200846267,46.28333333333353
561.7000000000592,550.3704675108776,0.10000000000002274,0.1,2.273181642920008e-14,0.0,6,5,71,44,109.97357317274286,130.83015200846268,46.38333333333353
561.8000000000592,550.4704675108776,0.10000000000002274,0.1,2.273181642920008e-14,0.0,6,5,69,44,109.87357317274287,130.73015200846268,46.48333333333354
561.9000000000592,550.5704675108776,0.10000000000002274,0.1,2.273181642920008e-14,0.0,6,5,69,45,109.77357317274287,130.6301520084627,46.583333333333535
562.0000000000592,550.6704675108776,0.10000000000002274,0.1,2.273181642920008e-14,0.0,6,5,69,45,109.41010446941527,130.5301520084627,46.683333333333536
562.1000000000593,550.7704675108777,0.10000000000002274,0.1,2.273181642920008e-14,0.0,6,5,69,46,109.06338930061243,130.4301520084627,46.78333333333353
562.2000000000593,550.8704675108777,0.10000000000002274,0.1,2.273181642920008e-14,0.0,6,5,69,46,108.70985337747821,130.3301520084627,46.88333333333353
562.3000000000593,550.9704675108777,0.10000000000002274,0.1,2.273181642920008e-14,0.0,6,5,68,46,108.35682792956213,130.2301520084627,46.98333333333354
562.4000000000593,551.0704675108777,0.10000000000002274,0.1,2.273181642920008e-14,0.0,6,5,68,46,108.00423032533064,130.13015200846272,47.083333333333535
562.5000000000593,551.1704675108778,0.10000000000002274,0.1,2.273181642920008e-14,0.0,6,5,68,47,107.65182473249912,130.03015200846272,47.183333333333536
562.6000000000594,551.2704675108778,0.10000000000002274,0.1,2.273181642920008e-14,0.0,6,5,69,46,107.30005111367926,129.93015200846273,47.28333333333354
562.7000000000594,551.3704675108778,0.10000000000002274,0.1,2.273181642920008e-14,0.0,6,5,69,47,106.94853567350462,129.83015200846273,47.38333333333353
562.8000000000594,551.4704675108778,0.10000000000002274,0.1,2.273181642920008e-14,0.0,6,5,70,47,106.59712882406335,129.73015200846274,47.48333333333354
562.9000000000594,551.5704675108778,0.10000000000002274,0.1,2.273181642920008e-14,0.0,5,5,70,47,127.57798874479661,129.63015200846274,47.640000000000164
563.0000000000595,551.6704675108779,0.10000000000002274,0.1,2.273181642920008e-14,0.0,5,5,69,47,127.27654402812979,129.53015200846275,47.740000000000165
563.1000000000595,551.7704675108779,0.10000000000002274,0.1,2.273181642920008e-14,0.0,5,5,68,47,126.97508892252158,129.43015200846276,47.84000000000016
563.2000000000595,551.8704675108779,0.10000000000002274,0.1,2.273181642920008e-14,0.0,5,5,68,47,126.6730038685387,129.33015200846276,47.94000000000016
563.3000000000595,551.9704675108779,0.10000000000002274,0.1,2.273181642920008e-14,0.0,5,5,68,46,126.37143687301959,129.23015200846277,48.04000000000016
563.4000000000595,552.070467510878,0.10000000000002274,0.1,2.273181642920008e-14,0.0,5,5,68,46,126.07029443612763,129.13015200846277,48.140000000000164
563.5000000000596,552.170467510878,0.10000000000002274,0.1,2.273181642920008e-14,0.0,5,5,68,46,125.7694042813943,129.03015200846278,48.240000000000165
563.6000000000596,552.270467510878,0.10000000000002274,0.1,2.273181642920008e-14,0.0,5,5,68,46,125.46883755948538,128.93015200846278,48.34000000000016
563.7000000000596,552.370467510878,0.10000000000002274,0.1,2.273181642920008e-14,0.0,5,5,68,46,125.16817907337096,128.8301520084628,48.44000000000016
563.8000000000596,552.470467510878,0.10000000000002274,0.1,2.273181642920008e-14,0.0,5,5,68,46,124.86770569169843,128.7301520084628,48.54000000000016
563.9000000000597,552.5704675108781,0.10000000000002274,0.1,2.273181642920008e-14,0.0,5,5,68,46,124.56730625414313,128.6301520084628,48.640000000000164
564.0000000000597,552.6704675108781,0.10000000000002274,0.1,2.273181642920008e-14,0.0,5,5,68,46,124.26671585653267,128.5301520084628,48.740000000000165
564.1000000000597,552.7704675108781,0.10000000000002274,0.1,2.273181642920008e-14,0.0,5,5,67,46,123.96627028173813,128.4301520084628,48.84000000000016
564.2000000000597,552.8704675108781,0.10000000000002274,0.1,2.273181642920008e-14,0.0,5,5,66,46,123.66588253895043,128.33015200846282,48.94000000000016
564.3000000000598,552.9704675108782,0.10000000000002274,0.1,2.273181642920008e-14,0.0,5,5,66,46,123.36551783175564,128.23015200846282,49.04000000000016
564.4000000000598,553.0704675108782,0.10000000000002274,0.1,2.273181642920008e-14,0.0,5,5,66,46,123.06516224149784,128.13015200846283,49.140000000000164
564.5000000000598,553.1704675108782,0.10000000000002274,0.1,2.273181642920008e-14,0.0,5,5,66,46,122.76481020062413,128.03015200846284,49.240000000000165
564.6000000000598,553.2704675108782,0.10000000000002274,0.1,2.273181642920008e-14,0.0,5,5,66,46,122.46445948202265,127.93015200846284,49.34000000000016
564.7000000000598,553.3704675108783,0.10000000000002274,0.1,2.273181642920008e-14,0.0,5,5,66,46,122.16410919475781,127.83015200846285,49.44000000000016
564.8000000000599,553.4704675108783,0.10000000000002274,0.1,2.273181642920008e-14,0.0,5,5,66,46,121.86375898236437,127.73015200846285,49.54000000000016
564.9000000000599,553.5704675108783,0.10000000000002274,0.1,2.273181642920008e-14,0.0,5,5,66,46,121.56340870216509,127.63015200846286,49.640000000000164
565.0000000000599,553.6704675108783,0.10000000000002274,0.1,2.273181642920008e-14,0.0,5,5,65,46,121.26305829699774,127.53015200846286,49.740000000000165
565.1000000000599,553.7704675108783,0.10000000000002274,0.1,2.273181642920008e-14,0.0,5,5,64,46,120.96270774390598,127.43015200846287,49.84000000000016
565.20000000006,553.8704675108784,0.10000000000002274,0.1,2.273181642920008e-14,0.0,5,5,65,46,120.6623570336156,127.33015200846287,49.94000000000016
565.30000000006,553.9704675108784,0.10000000000002274,0.1,2.273181642920008e-14,0.0,5,5,66,46,120.35728090112718,127.23015200846288,50.04000000000016
565.40000000006,554.0704675108784,0.10000000000002274,0.1,2.273181642920008e-14,0.0,5,5,66,46,120.05548764990621,127.13015200846289,50.140000000000164
565.50000000006,554.1704675108784,0.10000000000002274,0.1,2.273181642920008e-14,0.0,5,5,66,46,119.7502471853956,127.03015200846289,50.240000000000165
565.60000000006,554.2704675108785,0.10000000000002274,0.1,2.273181642920008e-14,0.0,5,5,66,46,119.44671250395061,126.9301520084629,50.34000000000016
565.7000000000601,554.3704675108785,0.10000000000002274,0.1,2.273181642920008e-14,0.0,5,5,66,46,119.14387643732925,126.8301520084629,50.44000000000016
565.8000000000601,554.4704675108785,0.10000000000002274,0.1,2.273181642920008e-14,0.0,5,5,66,46,118.84042048866574,126.73015200846291,50.54000000000016
565.9000000000601,554.5704675108785,0.10000000000002274,0.1,2.273181642920008e-14,0.0,5,5,66,46,118.53673061770412,126.63015200846291,50.640000000000164
566.0000000000601,554.6704675108786,0.10000000000002274,0.1,2.273181642920008e-14,0.0,5,5,67,45,118.23296102084771,126.53015200846292,50.740000000000165
566.1000000000602,554.7704675108786,0.10000000000002274,0.1,2.273181642920008e-14,0.0,5,5,67,45,117.92917319310527,126.0145293521987,50.84000000000016
566.2000000000602,554.8704675108786,0.10000000000002274,0.1,2.273181642920008e-14,0.0,5,5,66,45,117.62567766489306,125.40578308570909,50.94000000000016
566.3000000000602,554.9704675108786,0.10000000000002274,0.1,2.273181642920008e-14,0.0,5,5,66,45,117.32231647616484,124.79737510074169,51.04000000000016
566.4000000000602,555.0704675108786,0.10000000000002274,0.1,2.273181642920008e-14,0.0,5,5,66,45,117.01917355607247,124.18988260222638,51.140000000000164
566.5000000000603,555.1704675108787,0.10000000000002274,0.1,2.273181642920008e-14,0.0,5,5,66,45,116.71628616044673,123.58282344226441,51.240000000000165
566.6000000000603,555.2704675108787,0.10000000000002274,0.1,2.273181642920008e-14,0.0,5,5,66,45,116.41429153480158,122.97525661600525,51.34000000000017
566.7000000000603,555.3704675108787,0.10000000000002274,0.1,2.273181642920008e-14,0.0,5,5,66,45,116.10817554315163,122.35464566937476,51.44000000000017
566.8000000000603,555.4704675108787,0.10000000000002274,0.1,2.273181642920008e-14,0.0,5,5,66,45,115.80375240335748,121.75241621587983,51.54000000000017
566.9000000000603,555.5704675108788,0.10000000000002274,0.1,2.273181642920008e-14,0.0,5,5,66,45,115.49873210422547,121.13655142935585,51.64000000000017
567.0000000000604,555.6704675108788,0.10000000000002274,0.1,2.273181642920008e-14,0.0,5,5,66,45,115.19382559623318,120.53014919440325,51.740000000000165
567.1000000000604,555.7704675108788,0.10000000000002274,0.1,2.273181642920008e-14,0.0,5,5,67,45,114.88980224803875,119.9224085013014,51.84000000000017
567.2000000000604,555.8704675108788,0.10000000000002274,0.1,2.273181642920008e-14,0.0,5,5,68,45,114.58801768598796,119.31448889589129,51.94000000000017
567.3000000000604,555.9704675108788,0.10000000000002274,0.1,2.273181642920008e-14,0.0,5,5,69,45,114.28548117194389,118.70760483559604,52.04000000000017
567.4000000000605,556.0704675108789,0.10000000000002274,0.1,2.273181642920008e-14,0.0,5,5,69,45,113.98282672991104,118.10147768668664,52.14000000000017
567.5000000000605,556.1704675108789,0.10000000000002274,0.1,2.273181642920008e-14,0.0,5,5,69,44,113.68063951574511,117.49764599203043,52.240000000000165
567.6000000000605,556.2704675108789,0.10000000000002274,0.1,2.273181642920008e-14,0.0,5,5,69,44,113.37515896066516,116.87535235509979,52.34000000000017
567.7000000000605,556.3704675108789,0.10000000000002274,0.1,2.273181642920008e-14,0.0,5,5,69,44,112.76048712065135,116.25371685406034,52.44000000000017
567.8000000000605,556.470467510879,0.10000000000002274,0.1,2.273181642920008e-14,0.0,5,5,69,44,112.1524799907605,115.63207919699583,52.54000000000017
567.9000000000606,556.570467510879,0.10000000000002274,0.1,2.273181642920008e-14,0.0,5,5,69,43,111.54396021255602,115.01230412632916,52.64000000000017
568.0000000000606,556.670467510879,0.10000000000002274,0.1,2.273181642920008e-14,0.0,5,5,69,43,110.93976094856461,114.39379754447016,52.740000000000165
568.1000000000606,556.770467510879,0.10000000000002274,0.1,2.273181642920008e-14,0.0,5,5,69,43,110.33662205338817,113.78379026565784,52.84000000000017
568.2000000000606,556.870467510879,0.10000000000002274,0.1,2.273181642920008e-14,0.0,5,5,69,43,109.72938969682264,113.16522535063616,52.94000000000017
568.3000000000607,556.9704675108791,0.10000000000002274,0.1,2.273181642920008e-14,0.0,5,5,69,43,109.12669877320317,112.55646867542113,53.04000000000017
568.4000000000607,557.0704675108791,0.10000000000002274,0.1,2.273181642920008e-14,0.0,5,5,69,43,108.5217170619388,111.9433916411192,53.14000000000017
568.5000000000607,557.1704675108791,0.10000000000002274,0.1,2.273181642920008e-14,0.0,5,5,69,43,107.91611634166779,111.33496532079961,53.240000000000165
568.6000000000607,557.2704675108791,0.10000000000002274,0.1,2.273181642920008e-14,0.0,5,5,69,43,107.30903937636398,110.72233630835657,53.34000000000017
568.7000000000608,557.3704675108792,0.10000000000002274,0.1,2.273181642920008e-14,0.0,5,5,69,43,106.70773399914256,110.1222998567884,53.44000000000017
568.8000000000608,557.4704675108792,0.10000000000002274,0.1,2.273181642920008e-14,0.0,5,5,69,42,106.10382234035,109.52215285562798,53.54000000000017
568.9000000000608,557.5704675108792,0.10000000000002274,0.1,2.273181642920008e-14,0.0,5,5,69,42,105.49820075004911,108.9125671662244,53.64000000000017
569.0000000000608,557.6704675108792,0.10000000000002274,0.1,2.273181642920008e-14,0.0,5,5,69,42,104.8917005926354,108.2926376368518,53.740000000000165
569.1000000000608,557.7704675108793,0.10000000000002274,0.1,2.273181642920008e-14,0.0,5,5,70,42,104.2869849193874,107.68377085986727,53.84000000000017
569.2000000000609,557.8704675108793,0.10000000000002274,0.1,2.273181642920008e-14,0.0,5,5,70,42,103.68184374839787,107.0814482914266,53.94000000000017
569.3000000000609,557.9704675108793,0.10000000000002274,0.1,2.273181642920008e-14,0.0,5,5,70,41,103.07445701511543,106.4629246604108,54.04000000000017
569.4000000000609,558.0704675108793,0.10000000000002274,0.1,2.273181642920008e-14,0.0,5,5,70,41,102.47203259417002,105.85467454338782,54.14000000000017
569.5000000000609,558.1704675108793,0.10000000000002274,0.1,2.273181642920008e-14,0.0,5,5,70,41,101.86498796940286,105.23809078015245,54.240000000000165
569.600000000061,558.2704675108794,0.10000000000002274,0.1,2.273181642920008e-14,0.0,5,5,69,41,101.26009229095669,104.63416988930209,54.34000000000017
569.700000000061,558.3704675108794,0.10000000000002274,0.1,2.273181642920008e-14,0.0,5,5,69,41,100.65289485444448,104.0151582477954,54.44000000000017
569.800000000061,558.4704675108794,0.10000000000002274,0.1,2.273181642920008e-14,0.0,5,5,69,41,100.03906162887499,103.4049131172221,54.54000000000017
569.900000000061,558.6304675108794,0.15999999999996817,0.1,0.05999999999996816,0.0,5,5,68,41,111.43658710438228,102.79254049475816,54.64000000000017
570.000000000061,558.7304675108794,0.10000000000002274,0.1,2.273181642920008e-14,0.0,5,5,68,41,110.79678554106064,102.12225343997403,54.740000000000165
570.1000000000611,558.8304675108794,0.10000000000002274,0.1,2.273181642920008e-14,0.0,5,5,68,42,110.12770307739292,101.46856674603131,54.84000000000017
570.2000000000611,558.9304675108795,0.10000000000002274,0.1,2.273181642920008e-14,0.0,5,5,68,42,109.52084273501006,100.83426503411701,54.94000000000017
570.3000000000611,559.0304675108795,0.10000000000002274,0.1,2.273181642920008e-14,0.0,5,5,68,42,108.92084273501007,100.23426503411702,55.04000000000017
570.4000000000611,559.1904675108794,0.15999999999996817,0.1,0.05999999999996816,0.0,5,5,67,42,120.32084273501016,107.98278820204185,55.14000000000017
570.5000000000612,559.2904675108795,0.10000000000002274,0.1,2.273181642920008e-14,0.0,5,5,67,42,119.72084273501017,107.38278820204185,55.240000000000165
570.6000000000612,559.3904675108795,0.10000000000002274,0.1,2.273181642920008e-14,0.0,5,5,67,42,119.11542277546808,106.77029861323706,55.34000000000017
570.7000000000612,559.4904675108795,0.10000000000002274,0.1,2.273181642920008e-14,0.0,5,5,67,42,118.5071372158779,106.14775695042299,55.44000000000017
570.8000000000612,559.5904675108795,0.10000000000002274,0.1,2.273181642920008e-14,0.0,5,5,67,42,117.90226735130662,105.54656315270795,55.54000000000017
570.9000000000613,559.6904675108796,0.10000000000002274,0.1,2.273181642920008e-14,0.0,5,5,67,42,117.29148237549764,104.9297410952674,55.64000000000017
571.0000000000613,559.7904675108796,0.10000000000002274,0.1,2.273181642920008e-14,0.0,5,5,67,41,116.68301120916354,104.31301192604667,55.740000000000165
571.1000000000613,559.8904675108796,0.10000000000002274,0.1,2.273181642920008e-14,0.0,5,5,67,41,116.07773652264504,103.70895342825082,55.84000000000017
571.2000000000613,559.9904675108796,0.10000000000002274,0.1,2.273181642920008e-14,0.0,5,5,67,41,115.46841810736495,103.09744689382514,55.94000000000017
571.3000000000613,560.0904675108796,0.10000000000002274,0.1,2.273181642920008e-14,0.0,5,5,67,41,114.8636105895196,102.49643615613715,56.04000000000017
571.4000000000614,560.1904675108797,0.10000000000002274,0.1,2.273181642920008e-14,0.0,5,5,67,41,114.25692877024957,101.89487238021333,56.14000000000017
571.5000000000614,560.2904675108797,0.10000000000002274,0.1,2.273181642920008e-14,0.0,5,5,67,40,113.64693949739213,101.27561446824261,56.240000000000165
571.6000000000614,560.3904675108797,0.10000000000002274,0.1,2.273181642920008e-14,0.0,5,5,67,40,113.0394793399466,100.65580507767316,56.34000000000017
571.7000000000614,560.4904675108797,0.10000000000002274,0.1,2.273181642920008e-14,0.0,5,5,67,40,112.41846133844695,99.97494000924175,56.44000000000017
571.8000000000615,560.5904675108798,0.10000000000002274,0.1,2.273181642920008e-14,0.0,5,5,66,40,111.7993734425725,99.29430795381211,56.54000000000017
571.9000000000615,560.6904675108798,0.10000000000002274,0.1,2.273181642920008e-14,0.0,5,5,66,40,111.17933910367181,98.62171087198757,56.64000000000017
572.0000000000615,560.7904675108798,0.10000000000002274,0.1,2.273181642920008e-14,0.0,5,5,66,41,110.55004599345386,98.01877241480908,56.740000000000165
572.1000000000615,560.8904675108798,0.10000000000002274,0.1,2.273181642920008e-14,0.0,5,5,68,41,109.95361522625551,97.41719520430955,56.84000000000017
572.2000000000616,560.9904675108799,0.10000000000002274,0.1,2.273181642920008e-14,0.0,5,5,68,41,109.46133556764626,96.81132077886963,56.94000000000017
572.3000000000616,561.0904675108799,0.10000000000002274,0.1,2.273181642920008e-14,0.0,5,5,69,41,109.04143207299755,96.20484563638153,57.04000000000017
572.4000000000616,561.1904675108799,0.10000000000002274,0.1,2.273181642920008e-14,0.0,5,5,68,42,108.63249949994295,95.60245609451432,57.14000000000017
572.5000000000616,561.2904675108799,0.10000000000002274,0.1,2.273181642920008e-14,0.0,5,5,67,42,108.22546603754904,94.9900140389291,57.240000000000165
572.6000000000616,561.39046751088,0.10000000000002274,0.1,2.273181642920008e-14,0.0,5,5,67,43,107.81261331281223,94.367810626213,57.34000000000017
572.7000000000617,561.49046751088,0.10000000000002274,0.1,2.273181642920008e-14,0.0,5,5,67,43,107.40637987773626,93.7610933062898,57.44000000000017
572.8000000000617,561.59046751088,0.10000000000002274,0.1,2.273181642920008e-14,0.0,5,5,68,43,107.00128749584164,93.16024589960573,57.54000000000017
572.9000000000617,561.69046751088,0.10000000000002274,0.1,2.273181642920008e-14,0.0,5,5,68,43,106.59238738635733,92.54657824078876,57.64000000000017
573.0000000000617,561.79046751088,0.10000000000002274,0.1,2.273181642920008e-14,0.0,5,5,68,43,106.17383844742025,91.93190634035953,57.740000000000165
573.1000000000618,561.8904675108801,0.10000000000002274,0.1,2.273181642920008e-14,0.0,5,5,69,44,105.73927105846997,91.31603045051195,57.84000000000017
573.2000000000618,561.9904675108801,0.10000000000002274,0.1,2.273181642920008e-14,0.0,5,5,70,45,105.32384216427397,90.66886747272476,57.94000000000017
573.3000000000618,562.0904675108801,0.10000000000002274,0.1,2.273181642920008e-14,0.0,5,5,70,45,104.9027201090051,89.98438085558438,58.04000000000017
573.4000000000618,562.1904675108801,0.10000000000002274,0.1,2.273181642920008e-14,0.0,5,5,69,45,104.48666845126816,89.32769723303127,58.14000000000017
573.5000000000618,562.2904675108801,0.10000000000002274,0.1,2.273181642920008e-14,0.0,5,5,69,45,104.07367931605935,88.68462755120648,58.240000000000165
573.6000000000619,562.3904675108802,0.10000000000002274,0.1,2.273181642920008e-14,0.0,5,5,70,45,103.64397076240516,88.00514769663475,58.34000000000017
573.7000000000619,562.4904675108802,0.10000000000002274,0.1,2.273181642920008e-14,0.0,5,5,70,46,103.23211671361992,87.40715491175477,58.44000000000017
573.8000000000619,562.5904675108802,0.10000000000002274,0.1,2.273181642920008e-14,0.0,5,5,70,46,102.80229007858983,87.30715491175478,58.54000000000017
573.9000000000619,562.6904675108802,0.10000000000002274,0.1,2.273181642920008e-14,0.0,5,5,71,46,102.40133744365889,87.20715491175478,58.64000000000017
574.000000000062,562.7904675108803,0.10000000000002274,0.1,2.273181642920008e-14,0.0,5,5,72,46,102.00107542043898,87.10715491175479,58.740000000000165
574.100000000062,562.8904675108803,0.10000000000002274,0.1,2.273181642920008e-14,0.0,5,5,72,46,101.6004634987145,87.0071549117548,58.84000000000017
574.200000000062,562.9904675108803,0.10000000000002274,0.1,2.273181642920008e-14,0.0,5,5,72,46,101.19880282681393,86.9071549117548,58.94000000000017
574.300000000062,563.0904675108803,0.10000000000002274,0.1,2.273181642920008e-14,0.0,5,5,72,46,100.79414419429247,86.80715491175481,59.04000000000017
574.400000000062,563.1904675108804,0.10000000000002274,0.1,2.273181642920008e-14,0.0,5,5,72,46,100.39011977403405,86.70715491175481,59.14000000000017
574.5000000000621,563.2904675108804,0.10000000000002274,0.1,2.273181642920008e-14,0.0,5,5,72,46,99.9811214287959,86.60715491175482,59.240000000000165
574.6000000000621,563.3904675108804,0.10000000000002274,0.1,2.273181642920008e-14,0.0,5,5,72,46,99.58112142879591,86.50715491175482,59.34000000000017
574.7000000000621,563.4904675108804,0.10000000000002274,0.1,2.273181642920008e-14,0.0,5,5,72,46,99.18112142879592,86.40715491175483,59.44000000000017
574.8000000000621,563.5904675108804,0.10000000000002274,0.1,2.273181642920008e-14,0.0,5,5,72,46,98.78112142879591,85.82949203251401,59.54000000000017
574.9000000000622,563.6904675108805,0.10000000000002274,0.1,2.273181642920008e-14,0.0,5,5,73,46,98.38112142879592,85.22949203251402,59.64000000000017
575.0000000000622,563.7904675108805,0.10000000000002274,0.1,2.273181642920008e-14,0.0,5,5,72,46,97.98112142879593,84.62949203251402,59.740000000000165
575.1000000000622,563.8904675108805,0.10000000000002274,0.1,2.273181642920008e-14,0.0,5,5,72,46,97.58112142879592,84.02949203251403,59.84000000000017
575.2000000000622,563.9904675108805,0.10000000000002274,0.1,2.273181642920008e-14,0.0,5,5,72,46,97.18112142879593,83.42949203251403,59.94000000000017
575.3000000000623,564.0904675108806,0.10000000000002274,0.1,2.273181642920008e-14,0.0,5,5,72,46,96.78112142879594,82.82949203251404,60.04000000000017
575.4000000000623,564.1904675108806,0.10000000000002274,0.1,2.273181642920008e-14,0.0,5,5,72,46,96.38112142879594,82.22949203251405,60.14000000000017
575.5000000000623,564.2904675108806,0.10000000000002274,0.1,2.273181642920008e-14,0.0,5,5,72,46,95.98112142879594,81.62949203251405,60.240000000000165
575.6000000000623,564.3904675108806,0.10000000000002274,0.1,2.273181642920008e-14,0.0,5,5,73,46,95.58112142879595,81.02949203251406,60.34000000000017
575.7000000000623,564.4904675108806,0.10000000000002274,0.1,2.273181642920008e-14,0.0,5,5,73,46,95.18112142879595,80.42949203251406,60.44000000000017
575.8000000000624,564.5904675108807,0.10000000000002274,0.1,2.273181642920008e-14,0.0,5,5,73,46,94.78112142879596,79.82949203251407,60.54000000000017
575.9000000000624,564.6904675108807,0.10000000000002274,0.1,2.273181642920008e-14,0.0,5,5,75,46,94.47527753473214,79.25918078469859,60.64000000000017
576.0000000000624,564.7904675108807,0.10000000000002274,0.1,2.273181642920008e-14,0.0,5,5,76,46,94.27527753473214,79.15918078469859,60.740000000000165
576.1000000000624,564.8904675108807,0.10000000000002274,0.1,2.273181642920008e-14,0.0,5,5,76,46,94.07527753473214,79.0591807846986,60.84000000000017
576.2000000000625,564.9904675108808,0.10000000000002274,0.1,2.273181642920008e-14,0.0,5,5,76,46,93.86254513928479,78.9591807846986,60.94000000000017
576.3000000000625,565.0904675108808,0.10000000000002274,0.1,2.273181642920008e-14,0.0,5,5,76,46,93.64773703453804,78.85918078469861,61.04000000000017
576.4000000000625,565.1904675108808,0.10000000000002274,0.1,2.273181642920008e-14,0.0,5,5,77,46,93.44773703453805,78.75918078469861,61.14000000000017
576.5000000000625,565.2904675108808,0.10000000000002274,0.1,2.273181642920008e-14,0.0,5,5,77,46,93.24773703453806,78.65918078469862,61.240000000000165
576.6000000000626,565.3904675108809,0.10000000000002274,0.1,2.273181642920008e-14,0.0,5,5,78,46,93.04773703453806,78.55918078469863,61.34000000000017
576.7000000000626,565.4904675108809,0.10000000000002274,0.1,2.273181642920008e-14,0.0,5,5,78,46,92.84773703453807,78.45918078469863,61.44000000000017
576.8000000000626,565.5904675108809,0.10000000000002274,0.1,2.273181642920008e-14,0.0,5,5,78,46,92.64773703453807,78.35918078469864,61.54000000000017
576.9000000000626,565.6904675108809,0.10000000000002274,0.1,2.273181642920008e-14,0.0,5,5,78,46,92.44773703453806,78.25918078469864,61.64000000000017
577.0000000000626,565.790467510881,0.10000000000002274,0.1,2.273181642920008e-14,0.0,5,5,78,46,92.24773703453808,78.15918078469865,61.740000000000165
577.1000000000627,565.890467510881,0.10000000000002274,0.1,2.273181642920008e-14,0.0,5,5,78,46,92.06966005859024,78.05918078469865,61.84000000000017
577.2000000000627,565.990467510881,0.10000000000002274,0.1,2.273181642920008e-14,0.0,5,5,78,46,91.91788917516898,77.95918078469866,61.94000000000017
577.3000000000627,566.090467510881,0.10000000000002274,0.1,2.273181642920008e-14,0.0,5,5,78,46,91.78447385816432,77.85918078469867,62.04000000000017
577.4000000000627,566.190467510881,0.10000000000002274,0.1,2.273181642920008e-14,0.0,5,5,78,46,91.66060708354932,77.75918078469867,62.14000000000017
577.5000000000628,566.2904675108811,0.10000000000002274,0.1,2.273181642920008e-14,0.0,5,5,78,46,91.54787468810198,77.65918078469868,62.240000000000165
577.6000000000628,566.3904675108811,0.10000000000002274,0.1,2.273181642920008e-14,0.0,5,5,79,46,91.43514229265463,77.55918078469868,62.34000000000017
577.7000000000628,566.4904675108811,0.10000000000002274,0.1,2.273181642920008e-14,0.0,5,5,78,46,91.32240989720728,77.45918078469869,62.44000000000017
577.8000000000628,566.5904675108811,0.10000000000002274,0.1,2.273181642920008e-14,0.0,5,5,78,46,91.22240989720729,77.3591807846987,62.54000000000017
577.9000000000628,566.6904675108811,0.10000000000002274,0.1,2.273181642920008e-14,0.0,5,5,78,46,91.12240989720729,77.2591807846987,62.64000000000017
578.0000000000629,566.7904675108812,0.10000000000002274,0.1,2.273181642920008e-14,0.0,5,5,78,46,91.0224098972073,77.1591807846987,62.740000000000165
578.1000000000629,566.8904675108812,0.10000000000002274,0.1,2.273181642920008e-14,0.0,5,5,78,46,90.9224098972073,77.05918078469871,62.84000000000017
578.2000000000629,566.9904675108812,0.10000000000002274,0.1,2.273181642920008e-14,0.0,5,5,77,46,90.8224098972073,76.95918078469872,62.94000000000017
578.3000000000629,567.0904675108812,0.10000000000002274,0.1,2.273181642920008e-14,0.0,5,5,77,46,90.72240989720731,76.85918078469872,63.04000000000017
578.400000000063,567.1904675108813,0.10000000000002274,0.1,2.273181642920008e-14,0.0,5,5,77,46,90.6224098972073,76.75918078469873,63.14000000000017
578.500000000063,567.2904675108813,0.10000000000002274,0.1,2.273181642920008e-14,0.0,5,5,77,46,90.52240989720731,76.65918078469873,63.240000000000165
578.600000000063,567.3904675108813,0.10000000000002274,0.1,2.273181642920008e-14,0.0,5,5,77,46,90.42240989720732,76.55918078469874,63.34000000000017
578.700000000063,567.4904675108813,0.10000000000002274,0.1,2.273181642920008e-14,0.0,5,5,77,46,90.32240989720732,76.45918078469875,63.44000000000017
578.800000000063,567.5904675108814,0.10000000000002274,0.1,2.273181642920008e-14,0.0,5,5,77,46,90.22240989720733,76.35918078469875,63.54000000000017
578.9000000000631,567.6904675108814,0.10000000000002274,0.1,2.273181642920008e-14,0.0,5,5,77,46,90.12240989720733,76.25918078469876,63.64000000000017
579.0000000000631,567.7904675108814,0.10000000000002274,0.1,2.273181642920008e-14,0.0,5,5,77,46,90.02240989720733,76.15918078469876,63.740000000000165
579.1000000000631,567.8904675108814,0.10000000000002274,0.1,2.273181642920008e-14,0.0,5,5,78,46,89.92240989720734,76.05918078469877,63.84000000000017
579.2000000000631,567.9904675108814,0.10000000000002274,0.1,2.273181642920008e-14,0.0,5,5,77,46,89.82240989720734,75.95918078469877,63.94000000000017
579.3000000000632,568.0904675108815,0.10000000000002274,0.1,2.273181642920008e-14,0.0,5,5,77,46,89.72240989720734,75.85918078469878,64.04000000000016
579.4000000000632,568.1904675108815,0.10000000000002274,0.1,2.273181642920008e-14,0.0,5,5,78,46,89.62240989720735,75.75918078469878,64.14000000000017
579.5000000000632,568.2904675108815,0.10000000000002274,0.1,2.273181642920008e-14,0.0,5,5,78,46,89.52240989720735,75.65918078469879,64.24000000000017
579.6000000000632,568.3904675108815,0.10000000000002274,0.1,2.273181642920008e-14,0.0,5,5,78,46,89.42240989720736,75.5591807846988,64.34000000000017
579.7000000000633,568.4904675108816,0.10000000000002274,0.1,2.273181642920008e-14,0.0,5,5,78,46,89.32240989720735,75.4591807846988,64.44000000000017
579.8000000000633,568.5904675108816,0.10000000000002274,0.1,2.273181642920008e-14,0.0,5,5,78,46,89.22240989720736,75.35918078469881,64.54000000000016
579.9000000000633,568.6904675108816,0.10000000000002274,0.1,2.273181642920008e-14,0.0,5,5,78,46,89.12240989720736,75.25918078469881,64.64000000000017
580.0000000000633,568.7904675108816,0.10000000000002274,0.1,2.273181642920008e-14,0.0,5,5,78,46,89.02240989720737,75.15918078469882,64.74000000000017
580.1000000000633,568.8904675108816,0.10000000000002274,0.1,2.273181642920008e-14,0.0,5,5,78,46,88.92240989720736,75.05918078469882,64.84000000000017
580.2000000000634,568.9904675108817,0.10000000000002274,0.1,2.273181642920008e-14,0.0,5,5,78,46,88.82240989720738,74.95918078469883,64.94000000000017
580.3000000000634,569.0904675108817,0.10000000000002274,0.1,2.273181642920008e-14,0.0,5,5,78,47,88.72240989720737,74.85918078469884,65.04000000000016
580.4000000000634,569.1904675108817,0.10000000000002274,0.1,2.273181642920008e-14,0.0,5,5,79,47,88.62240989720738,74.75918078469884,65.14000000000017
580.5000000000634,569.2904675108817,0.10000000000002274,0.1,2.273181642920008e-14,0.0,5,5,79,47,88.52240989720738,74.65918078469885,65.24000000000015
580.6000000000635,569.3904675108818,0.10000000000002274,0.1,2.273181642920008e-14,0.0,5,5,79,47,88.42240989720737,74.55918078469885,65.34000000000016
580.7000000000635,569.4904675108818,0.10000000000002274,0.1,2.273181642920008e-14,0.0,5,5,79,47,88.3224098972074,74.45918078469886,65.44000000000015
580.8000000000635,569.5904675108818,0.10000000000002274,0.1,2.273181642920008e-14,0.0,5,5,79,48,88.22240989720738,74.35918078469886,65.54000000000016
580.9000000000635,569.6904675108818,0.10000000000002274,0.1,2.273181642920008e-14,0.0,5,5,79,48,88.12240989720739,74.25918078469887,65.64000000000016
581.0000000000636,569.7904675108819,0.10000000000002274,0.1,2.273181642920008e-14,0.0,5,5,79,48,88.0224098972074,74.15918078469888,65.74000000000015
581.1000000000636,569.8904675108819,0.10000000000002274,0.1,2.273181642920008e-14,0.0,5,5,79,48,87.9224098972074,74.05918078469888,65.84000000000016
581.2000000000636,569.9904675108819,0.10000000000002274,0.1,2.273181642920008e-14,0.0,5,5,79,48,87.8224098972074,73.95918078469889,65.94000000000014
581.3000000000636,570.0904675108819,0.10000000000002274,0.1,2.273181642920008e-14,0.0,5,5,79,47,87.7224098972074,73.85918078469889,66.04000000000015
581.4000000000636,570.190467510882,0.10000000000002274,0.1,2.273181642920008e-14,0.0,5,5,79,47,87.6224098972074,73.7591807846989,66.14000000000014
581.5000000000637,570.290467510882,0.10000000000002274,0.1,2.273181642920008e-14,0.0,5,5,79,47,87.52240989720741,73.6591807846989,66.24000000000015
581.6000000000637,570.390467510882,0.10000000000002274,0.1,2.273181642920008e-14,0.0,5,5,79,47,87.42240989720742,73.55918078469891,66.34000000000015
581.7000000000637,570.490467510882,0.10000000000002274,0.1,2.273181642920008e-14,0.0,5,5,79,47,87.32240989720741,73.45918078469892,66.44000000000014
581.8000000000637,570.590467510882,0.10000000000002274,0.1,2.273181642920008e-14,0.0,5,5,79,47,87.22240989720743,73.35918078469892,66.54000000000015
581.9000000000638,570.6904675108821,0.10000000000002274,0.1,2.273181642920008e-14,0.0,5,5,79,47,87.12240989720742,73.25918078469893,66.64000000000014
582.0000000000638,570.7904675108821,0.10000000000002274,0.1,2.273181642920008e-14,0.0,5,5,79,47,87.02240989720742,73.15918078469893,66.74000000000015
582.1000000000638,570.8904675108821,0.10000000000002274,0.1,2.273181642920008e-14,0.0,5,5,79,47,86.92240989720742,73.05918078469894,66.84000000000013
582.2000000000638,570.9904675108821,0.10000000000002274,0.1,2.273181642920008e-14,0.0,5,5,79,47,86.82240989720742,72.95918078469894,66.94000000000014
582.3000000000638,571.0904675108821,0.10000000000002274,0.1,2.273181642920008e-14,0.0,5,5,79,47,86.72240989720743,72.85918078469895,67.04000000000013
582.4000000000639,571.1904675108822,0.10000000000002274,0.1,2.273181642920008e-14,0.0,5,5,79,47,86.62240989720743,72.75918078469896,67.14000000000013
582.5000000000639,571.2904675108822,0.10000000000002274,0.1,2.273181642920008e-14,0.0,5,5,79,47,86.52240989720744,72.65918078469896,67.24000000000012
582.6000000000639,571.3904675108822,0.10000000000002274,0.1,2.273181642920008e-14,0.0,5,5,79,47,86.42240989720744,72.55918078469897,67.34000000000012
582.7000000000639,571.4904675108822,0.10000000000002274,0.1,2.273181642920008e-14,0.0,5,5,79,47,86.32240989720745,72.45918078469897,67.44000000000013
582.800000000064,571.5904675108823,0.10000000000002274,0.1,2.273181642920008e-14,0.0,5,5,79,47,86.22240989720744,72.35918078469898,67.54000000000012
582.900000000064,571.6904675108823,0.10000000000002274,0.1,2.273181642920008e-14,0.0,5,5,79,47,86.12240989720745,72.25918078469898,67.64000000000011
583.000000000064,571.7904675108823,0.10000000000002274,0.1,2.273181642920008e-14,0.0,5,5,79,47,86.02240989720744,72.15918078469899,67.74000000000011
583.100000000064,571.8904675108823,0.10000000000002274,0.1,2.273181642920008e-14,0.0,5,5,79,47,85.92240989720746,72.059180784699,67.84000000000012
583.200000000064,571.9904675108824,0.10000000000002274,0.1,2.273181642920008e-14,0.0,5,5,81,47,85.82240989720745,71.959180784699,67.9400000000001
583.3000000000641,572.0904675108824,0.10000000000002274,0.1,2.273181642920008e-14,0.0,5,5,81,47,85.72240989720746,71.859180784699,68.0400000000001
583.4000000000641,572.1904675108824,0.10000000000002274,0.1,2.273181642920008e-14,0.0,5,5,82,47,85.62240989720746,71.75918078469901,68.1400000000001
583.5000000000641,572.2904675108824,0.10000000000002274,0.1,2.273181642920008e-14,0.0,5,5,82,47,85.52240989720747,71.65918078469902,68.2400000000001
583.6000000000641,572.3904675108824,0.10000000000002274,0.1,2.273181642920008e-14,0.0,5,5,81,46,85.42240989720747,71.55918078469902,68.3400000000001
583.7000000000642,572.4904675108825,0.10000000000002274,0.1,2.273181642920008e-14,0.0,5,5,81,46,85.32240989720746,71.45918078469903,68.44000000000008
583.8000000000642,572.5904675108825,0.10000000000002274,0.1,2.273181642920008e-14,0.0,5,5,81,46,85.22240989720747,71.35918078469903,68.54000000000009
583.9000000000642,572.6904675108825,0.10000000000002274,0.1,2.273181642920008e-14,0.0,5,5,81,46,85.12240989720748,71.25918078469904,68.64000000000009
584.0000000000642,572.7904675108825,0.10000000000002274,0.1,2.273181642920008e-14,0.0,5,5,81,46,85.02240989720748,71.15918078469905,68.74000000000008
584.1000000000643,572.8904675108826,0.10000000000002274,0.1,2.273181642920008e-14,0.0,5,5,80,46,84.92240989720747,71.05918078469905,68.84000000000007
584.2000000000643,572.9904675108826,0.10000000000002274,0.1,2.273181642920008e-14,0.0,5,5,79,46,84.82240989720749,70.95918078469906,68.94000000000008
584.3000000000643,573.0904675108826,0.10000000000002274,0.1,2.273181642920008e-14,0.0,5,5,79,46,84.72240989720748,70.85918078469906,69.04000000000008
584.4000000000643,573.1904675108826,0.10000000000002274,0.1,2.273181642920008e-14,0.0,5,5,80,46,84.62240989720749,70.75918078469907,69.14000000000007
584.5000000000643,573.2904675108826,0.10000000000002274,0.1,2.273181642920008e-14,0.0,5,5,79,45,84.3170098972075,70.65918078469907,69.24000000000007
584.6000000000644,573.3904675108827,0.10000000000002274,0.1,2.273181642920008e-14,0.0,5,5,79,45,84.0114098972075,70.55918078469908,69.34000000000006
584.7000000000644,573.4904675108827,0.10000000000002274,0.1,2.273181642920008e-14,0.0,5,5,79,45,83.70560989720751,70.45918078469909,69.44000000000007
584.8000000000644,573.5904675108827,0.10000000000002274,0.1,2.273181642920008e-14,0.0,5,5,80,45,83.39960989720751,70.35918078469909,69.54000000000005
584.9000000000644,573.6904675108827,0.10000000000002274,0.1,2.273181642920008e-14,0.0,5,5,80,45,83.09340989720752,70.2591807846991,69.64000000000006
585.0000000000645,573.7904675108828,0.10000000000002274,0.1,2.273181642920008e-14,0.0,5,5,80,45,82.78700989720753,69.93015491175552,69.74000000000005
585.1000000000645,573.8904675108828,0.10000000000002274,0.1,2.273181642920008e-14,0.0,5,5,79,45,82.48040989720752,68.79715491175554,69.84000000000006
585.2000000000645,573.9904675108828,0.10000000000002274,0.1,2.273181642920008e-14,0.0,5,5,79,45,82.17360989720754,67.66315491175557,69.94000000000005
585.3000000000645,574.0904675108828,0.10000000000002274,0.1,2.273181642920008e-14,0.0,5,5,79,45,81.86660989720755,66.52815491175559,70.04000000000005
585.4000000000646,574.1904675108829,0.10000000000002274,0.1,2.273181642920008e-14,0.0,5,5,79,44,81.55940989720754,65.39215491175561,70.14000000000004
585.5000000000646,574.2904675108829,0.10000000000002274,0.1,2.273181642920008e-14,0.0,5,5,79,44,81.25200989720756,64.25515491175564,70.24000000000004
585.6000000000646,574.3904675108829,0.10000000000002274,0.1,2.273181642920008e-14,0.0,5,5,79,44,80.94440989720756,63.11715491175566,70.34000000000003
585.7000000000646,574.4904675108829,0.10000000000002274,0.1,2.273181642920008e-14,0.0,5,5,78,44,80.63660989720758,61.97815491175568,70.44000000000003
585.8000000000646,574.590467510883,0.10000000000002274,0.1,2.273181642920008e-14,0.0,5,5,78,44,80.32860989720757,60.838154911755694,70.54000000000003
585.9000000000647,574.690467510883,0.10000000000002274,0.1,2.273181642920008e-14,0.0,5,5,78,44,80.02040989720759,59.69715491175571,70.64000000000003
586.0000000000647,574.790467510883,0.10000000000002274,0.1,2.273181642920008e-14,0.0,5,5,77,44,79.7120098972076,58.55515491175573,70.74000000000004
586.1000000000647,574.890467510883,0.10000000000002274,0.1,2.273181642920008e-14,0.0,5,5,80,44,79.40340989720758,57.41215491175574,70.84000000000002
586.2000000000647,574.990467510883,0.10000000000002274,0.1,2.273181642920008e-14,0.0,5,5,81,44,79.0946098972076,56.91559232018654,70.94000000000003
586.3000000000648,575.0904675108831,0.10000000000002274,0.1,2.273181642920008e-14,0.0,5,5,80,44,78.78560989720759,56.81559232018654,71.04000000000002
586.4000000000648,575.1904675108831,0.10000000000002274,0.1,2.273181642920008e-14,0.0,5,5,80,44,78.4764098972076,56.71559232018654,71.14000000000001
586.5000000000648,575.2904675108831,0.10000000000002274,0.1,2.273181642920008e-14,0.0,5,5,80,44,78.1670098972076,56.615592320186536,71.24000000000001
586.6000000000648,575.3904675108831,0.10000000000002274,0.1,2.273181642920008e-14,0.0,5,5,79,44,77.85740989720762,56.515592320186535,71.34
586.7000000000648,575.4904675108831,0.10000000000002274,0.1,2.273181642920008e-14,0.0,5,5,79,44,77.54760989720762,56.41559232018653,71.44000000000001
586.8000000000649,575.5904675108832,0.10000000000002274,0.1,2.273181642920008e-14,0.0,5,5,79,44,77.23760989720763,56.31559232018653,71.54
586.9000000000649,575.6904675108832,0.10000000000002274,0.1,2.273181642920008e-14,0.0,5,5,79,44,76.92740989720764,56.21559232018653,71.64
587.0000000000649,575.7904675108832,0.10000000000002274,0.1,2.273181642920008e-14,0.0,5,5,80,44,76.61700989720764,56.11559232018653,71.74
587.1000000000649,575.8904675108832,0.10000000000002274,0.1,2.273181642920008e-14,0.0,5,5,80,44,76.30640989720764,56.01559232018653,71.84
587.200000000065,575.9904675108833,0.10000000000002274,0.1,2.273181642920008e-14,0.0,5,5,80,44,75.99560989720764,55.915592320186526,71.93999999999998
587.300000000065,576.0904675108833,0.10000000000002274,0.1,2.273181642920008e-14,0.0,5,5,80,44,75.68460989720765,55.815592320186525,72.03999999999999
587.400000000065,576.1904675108833,0.10000000000002274,0.1,2.273181642920008e-14,0.0,5,5,81,44,75.37340989720765,55.71559232018652,72.13999999999999
587.500000000065,576.2904675108833,0.10000000000002274,0.1,2.273181642920008e-14,0.0,5,5,81,44,75.06200989720766,55.61559232018652,72.23999999999998
587.600000000065,576.3904675108834,0.10000000000002274,0.1,2.273181642920008e-14,0.0,5,5,81,44,74.75040989720767,55.51559232018652,72.33999999999999
587.7000000000651,576.4904675108834,0.10000000000002274,0.1,2.273181642920008e-14,0.0,5,5,81,44,74.43860989720767,55.41559232018652,72.43999999999997
587.8000000000651,576.5904675108834,0.10000000000002274,0.1,2.273181642920008e-14,0.0,5,5,81,44,74.12660989720767,55.31559232018652,72.53999999999998
587.9000000000651,576.6904675108834,0.10000000000002274,0.1,2.273181642920008e-14,0.0,5,5,81,44,73.81440989720768,55.215592320186516,72.63999999999997
588.0000000000651,576.7904675108834,0.10000000000002274,0.1,2.273181642920008e-14,0.0,5,5,83,44,73.50200989720767,55.115592320186515,72.73999999999997
588.1000000000652,576.8904675108835,0.10000000000002274,0.1,2.273181642920008e-14,0.0,5,5,83,44,73.1894098972077,55.015592320186514,72.83999999999996
588.2000000000652,576.9904675108835,0.10000000000002274,0.1,2.273181642920008e-14,0.0,5,5,83,44,72.87660989720769,54.91559232018651,72.93999999999997
588.3000000000652,577.0904675108835,0.10000000000002274,0.1,2.273181642920008e-14,0.0,5,5,83,44,72.5636098972077,54.81559232018651,73.03999999999996
588.4000000000652,577.1904675108835,0.10000000000002274,0.1,2.273181642920008e-14,0.0,5,5,83,44,72.2504098972077,54.71559232018651,73.13999999999996
588.5000000000653,577.2904675108836,0.10000000000002274,0.1,2.273181642920008e-14,0.0,5,5,83,43,71.9370098972077,54.61559232018651,73.23999999999995
588.6000000000653,577.3904675108836,0.10000000000002274,0.1,2.273181642920008e-14,0.0,5,5,84,43,71.62340989720772,54.51559232018651,73.33999999999995
588.7000000000653,577.4904675108836,0.10000000000002274,0.1,2.273181642920008e-14,0.0,5,5,84,43,71.30960989720771,54.415592320186505,73.43999999999996
588.8000000000653,577.5904675108836,0.10000000000002274,0.1,2.273181642920008e-14,0.0,5,5,84,43,70.99560989720773,54.315592320186504,73.53999999999994
588.9000000000653,577.6904675108836,0.10000000000002274,0.1,2.273181642920008e-14,0.0,5,5,85,43,70.68140989720773,54.2155923201865,73.63999999999994
589.0000000000654,577.7904675108837,0.10000000000002274,0.1,2.273181642920008e-14,0.0,5,5,85,42,70.36700989720774,54.1155923201865,73.73999999999994
589.1000000000654,577.8904675108837,0.10000000000002274,0.1,2.273181642920008e-14,0.0,5,5,85,41,70.05240989720774,54.0155923201865,73.83999999999995
589.2000000000654,577.9904675108837,0.10000000000002274,0.1,2.273181642920008e-14,0.0,5,5,85,41,69.52888519303882,53.9155923201865,73.93999999999994
589.3000000000654,578.0904675108837,0.10000000000002274,0.1,2.273181642920008e-14,0.0,5,5,85,41,69.01388519303883,53.8155923201865,74.03999999999994
589.4000000000655,578.1904675108838,0.10000000000002274,0.1,2.273181642920008e-14,0.0,5,5,85,41,68.49868519303882,53.715592320186495,74.13999999999993
589.5000000000655,578.2904675108838,0.10000000000002274,0.1,2.273181642920008e-14,0.0,5,5,85,41,67.98328519303884,53.615592320186494,74.23999999999992
589.6000000000655,578.3904675108838,0.10000000000002274,0.1,2.273181642920008e-14,0.0,5,5,85,41,67.46768519303885,53.51559232018649,74.33999999999992
589.7000000000655,578.4904675108838,0.10000000000002274,0.1,2.273181642920008e-14,0.0,5,5,85,41,67.0650700708502,53.41559232018649,74.43999999999991
589.8000000000656,578.5904675108839,0.10000000000002274,0.1,2.273181642920008e-14,0.0,5,5,86,41,66.7490700708502,53.31559232018649,74.53999999999992
589.9000000000656,578.6904675108839,0.10000000000002274,0.1,2.273181642920008e-14,0.0,5,5,86,41,66.43287007085021,53.21559232018649,74.63999999999992
590.0000000000656,578.7904675108839,0.10000000000002274,0.1,2.273181642920008e-14,0.0,5,5,88,41,66.11647007085021,53.11559232018649,74.73999999999992
590.1000000000656,578.8904675108839,0.10000000000002274,0.1,2.273181642920008e-14,0.0,5,5,88,41,65.79987007085022,53.015592320186485,74.8399999999999
590.2000000000656,578.990467510884,0.10000000000002274,0.1,2.273181642920008e-14,0.0,5,5,90,42,65.48307007085023,52.915592320186484,74.93999999999991
590.3000000000657,579.090467510884,0.10000000000002274,0.1,2.273181642920008e-14,0.0,5,5,90,42,65.16607007085022,52.81559232018648,75.0399999999999
590.4000000000657,579.190467510884,0.10000000000002274,0.1,2.273181642920008e-14,0.0,5,5,90,42,64.84887007085024,52.71559232018648,75.1399999999999
590.5000000000657,579.290467510884,0.10000000000002274,0.1,2.273181642920008e-14,0.0,5,5,90,43,64.53147007085025,52.61559232018648,75.2399999999999
590.6000000000657,579.390467510884,0.10000000000002274,0.1,2.273181642920008e-14,0.0,5,5,91,43,64.21387007085025,52.51559232018648,75.33999999999989
590.7000000000658,579.4904675108841,0.10000000000002274,0.1,2.273181642920008e-14,0.0,5,5,91,43,63.89607007085025,52.41559232018648,75.4399999999999
590.8000000000658,579.5904675108841,0.10000000000002274,0.1,2.273181642920008e-14,0.0,5,5,92,43,63.57807007085025,52.315592320186475,75.53999999999989
590.9000000000658,579.6904675108841,0.10000000000002274,0.1,2.273181642920008e-14,0.0,4,5,92,43,79.44557050383757,64.25918078469944,67.25000000000034
591.0000000000658,579.7904675108841,0.10000000000002274,0.1,2.273181642920008e-14,0.0,4,5,92,43,79.34557050383758,64.15918078469944,67.35000000000034
591.1000000000658,579.8904675108842,0.10000000000002274,0.1,2.273181642920008e-14,0.0,4,5,92,43,79.24557050383757,64.05918078469945,67.45000000000033
591.2000000000659,579.9904675108842,0.10000000000002274,0.1,2.273181642920008e-14,0.0,4,5,92,43,79.14557050383758,63.95918078469945,67.55000000000034
591.3000000000659,580.0904675108842,0.10000000000002274,0.1,2.273181642920008e-14,0.0,4,5,93,43,79.04557050383758,63.85918078469945,67.65000000000033
591.4000000000659,580.1904675108842,0.10000000000002274,0.1,2.273181642920008e-14,0.0,4,5,93,43,78.94557050383757,63.759180784699446,67.75000000000033
591.5000000000659,580.2904675108842,0.10000000000002274,0.1,2.273181642920008e-14,0.0,4,5,94,43,78.84557050383758,63.659180784699444,67.85000000000034
591.600000000066,580.3904675108843,0.10000000000002274,0.1,2.273181642920008e-14,0.0,4,5,94,43,78.74557050383758,63.55918078469944,67.95000000000033
591.700000000066,580.4904675108843,0.10000000000002274,0.1,2.273181642920008e-14,0.0,4,5,95,43,78.64557050383758,63.45918078469944,68.05000000000032
591.800000000066,580.5904675108843,0.10000000000002274,0.1,2.273181642920008e-14,0.0,4,5,95,43,78.54557050383758,63.35918078469944,68.15000000000032
591.900000000066,580.6904675108843,0.10000000000002274,0.1,2.273181642920008e-14,0.0,4,5,96,43,78.44557050383759,63.25918078469944,68.25000000000031
592.000000000066,580.7904675108844,0.10000000000002274,0.1,2.273181642920008e-14,0.0,4,5,96,43,78.34557050383758,63.15918078469944,68.35000000000032
592.1000000000661,580.8904675108844,0.10000000000002274,0.1,2.273181642920008e-14,0.0,4,5,97,44,78.24557050383758,63.059180784699436,68.45000000000032
592.2000000000661,580.9904675108844,0.10000000000002274,0.1,2.273181642920008e-14,0.0,4,5,97,44,78.14557050383758,62.959180784699434,68.55000000000031
592.3000000000661,581.0904675108844,0.10000000000002274,0.1,2.273181642920008e-14,0.0,4,5,97,44,78.04557050383758,62.85918078469943,68.65000000000032
592.4000000000661,581.1904675108844,0.10000000000002274,0.1,2.273181642920008e-14,0.0,4,5,98,44,77.94557050383759,62.75918078469943,68.75000000000031
592.5000000000662,581.2904675108845,0.10000000000002274,0.1,2.273181642920008e-14,0.0,4,5,98,44,77.84557050383758,62.65918078469943,68.8500000000003
592.6000000000662,581.3904675108845,0.10000000000002274,0.1,2.273181642920008e-14,0.0,4,5,98,43,77.74557050383758,62.55918078469943,68.9500000000003
592.7000000000662,581.4904675108845,0.10000000000002274,0.1,2.273181642920008e-14,0.0,4,5,98,43,77.64557050383758,62.45918078469943,69.0500000000003
592.8000000000662,581.5904675108845,0.10000000000002274,0.1,2.273181642920008e-14,0.0,4,5,98,43,77.54557050383758,62.359180784699426,69.1500000000003
592.9000000000663,581.6904675108846,0.10000000000002274,0.1,2.273181642920008e-14,0.0,4,5,98,43,77.44557050383759,62.259180784699424,69.2500000000003
593.0000000000663,581.7904675108846,0.10000000000002274,0.1,2.273181642920008e-14,0.0,4,5,98,43,77.34557050383758,62.15918078469942,69.35000000000029
593.1000000000663,581.8904675108846,0.10000000000002274,0.1,2.273181642920008e-14,0.0,4,5,99,43,77.24557050383758,62.05918078469942,69.4500000000003
593.2000000000663,581.9904675108846,0.10000000000002274,0.1,2.273181642920008e-14,0.0,4,5,100,43,77.14557050383759,61.95918078469942,69.5500000000003
593.3000000000663,582.0904675108847,0.10000000000002274,0.1,2.273181642920008e-14,0.0,4,5,100,42,77.04557050383758,61.85918078469942,69.65000000000029
593.4000000000664,582.1904675108847,0.10000000000002274,0.1,2.273181642920008e-14,0.0,4,5,101,42,76.94557050383759,61.75918078469942,69.75000000000028
593.5000000000664,582.2904675108847,0.10000000000002274,0.1,2.273181642920008e-14,0.0,4,5,101,42,76.84557050383759,61.659180784699416,69.85000000000028
593.6000000000664,582.3904675108847,0.10000000000002274,0.1,2.273181642920008e-14,0.0,4,5,101,42,76.74557050383758,61.559180784699414,69.95000000000027
593.7000000000664,582.4904675108847,0.10000000000002274,0.1,2.273181642920008e-14,0.0,4,5,101,42,76.64557050383759,61.45918078469941,70.05000000000027
593.8000000000665,582.5904675108848,0.10000000000002274,0.1,2.273181642920008e-14,0.0,4,5,101,42,76.54557050383758,61.35918078469941,70.15000000000026
593.9000000000665,582.6904675108848,0.10000000000002274,0.1,2.273181642920008e-14,0.0,4,5,100,42,76.44557050383759,61.25918078469941,70.25000000000027
594.0000000000665,582.7904675108848,0.10000000000002274,0.1,2.273181642920008e-14,0.0,4,5,102,42,76.34557050383759,61.15918078469941,70.35000000000026
594.1000000000665,582.8904675108848,0.10000000000002274,0.1,2.273181642920008e-14,0.0,4,5,101,42,76.24557050383758,61.05918078469941,70.45000000000026
594.2000000000666,582.9904675108849,0.10000000000002274,0.1,2.273181642920008e-14,0.0,4,5,102,42,76.14557050383759,60.959180784699406,70.55000000000025
594.3000000000666,583.0904675108849,0.10000000000002274,0.1,2.273181642920008e-14,0.0,4,5,102,42,76.04557050383758,60.859180784699404,70.65000000000025
594.4000000000666,583.1904675108849,0.10000000000002274,0.1,2.273181642920008e-14,0.0,4,5,102,42,75.94557050383759,60.7591807846994,70.75000000000024
594.5000000000666,583.2904675108849,0.10000000000002274,0.1,2.273181642920008e-14,0.0,4,5,102,43,75.84557050383759,60.6591807846994,70.85000000000024
594.6000000000666,583.390467510885,0.10000000000002274,0.1,2.273181642920008e-14,0.0,4,5,102,43,75.74557050383758,60.5591807846994,70.95000000000024
594.7000000000667,583.490467510885,0.10000000000002274,0.1,2.273181642920008e-14,0.0,4,5,102,42,75.64557050383759,60.4591807846994,71.05000000000024
594.8000000000667,583.590467510885,0.10000000000002274,0.1,2.273181642920008e-14,0.0,4,5,102,42,75.5455705038376,60.3591807846994,71.15000000000023
594.9000000000667,583.690467510885,0.10000000000002274,0.1,2.273181642920008e-14,0.0,4,5,102,42,75.44557050383759,60.259180784699396,71.25000000000023
595.0000000000667,583.790467510885,0.10000000000002274,0.1,2.273181642920008e-14,0.0,4,5,102,42,75.34557050383759,60.159180784699394,71.35000000000022
595.1000000000668,583.8904675108851,0.10000000000002274,0.1,2.273181642920008e-14,0.0,4,5,103,42,75.2455705038376,60.05918078469939,71.45000000000022
595.2000000000668,583.9904675108851,0.10000000000002274,0.1,2.273181642920008e-14,0.0,4,5,103,42,75.14557050383759,59.95918078469939,71.55000000000021
595.3000000000668,584.0904675108851,0.10000000000002274,0.1,2.273181642920008e-14,0.0,4,5,103,42,75.0455705038376,59.85918078469939,71.6500000000002
595.4000000000668,584.1904675108851,0.10000000000002274,0.1,2.273181642920008e-14,0.0,4,5,103,42,74.7480705038376,59.75918078469939,71.7500000000002
595.5000000000668,584.2904675108852,0.10000000000002274,0.1,2.273181642920008e-14,0.0,4,5,103,42,74.45032050383759,59.65918078469939,71.8500000000002
595.6000000000669,584.3904675108852,0.10000000000002274,0.1,2.273181642920008e-14,0.0,4,5,104,41,74.1523205038376,59.559180784699386,71.95000000000019
595.7000000000669,584.4904675108852,0.10000000000002274,0.1,2.273181642920008e-14,0.0,4,5,104,41,73.85407050383759,59.459180784699385,72.05000000000018
595.8000000000669,584.5904675108852,0.10000000000002274,0.1,2.273181642920008e-14,0.0,4,5,104,41,73.5555705038376,59.35918078469938,72.15000000000018
595.9000000000669,584.6904675108852,0.10000000000002274,0.1,2.273181642920008e-14,0.0,4,5,104,42,73.2568205038376,59.25918078469938,72.25000000000017
596.000000000067,584.7904675108853,0.10000000000002274,0.1,2.273181642920008e-14,0.0,4,5,104,41,72.9578205038376,59.15918078469938,72.35000000000016
596.100000000067,584.8904675108853,0.10000000000002274,0.1,2.273181642920008e-14,0.0,4,5,104,41,72.6585705038376,59.05918078469938,72.45000000000016
596.200000000067,584.9904675108853,0.10000000000002274,0.1,2.273181642920008e-14,0.0,4,5,104,41,72.3590705038376,58.95918078469938,72.55000000000015
596.300000000067,585.0904675108853,0.10000000000002274,0.1,2.273181642920008e-14,0.0,4,5,104,41,72.0593205038376,58.859180784699376,72.65000000000015
596.400000000067,585.1904675108854,0.10000000000002274,0.1,2.273181642920008e-14,0.0,4,5,105,41,71.7593205038376,58.759180784699375,72.75000000000014
596.5000000000671,585.2904675108854,0.10000000000002274,0.1,2.273181642920008e-14,0.0,4,5,105,41,71.45907050383761,58.65918078469937,72.85000000000014
596.6000000000671,585.3904675108854,0.10000000000002274,0.1,2.273181642920008e-14,0.0,4,5,105,41,71.15857050383761,58.55918078469937,72.95000000000013
596.7000000000671,585.4904675108854,0.10000000000002274,0.1,2.273181642920008e-14,0.0,4,5,105,41,70.8578205038376,58.45918078469937,73.05000000000013
596.8000000000671,585.5904675108854,0.10000000000002274,0.1,2.273181642920008e-14,0.0,4,5,105,42,70.55682050383761,58.35918078469937,73.15000000000012
596.9000000000672,585.6904675108855,0.10000000000002274,0.1,2.273181642920008e-14,0.0,4,5,105,42,70.2555705038376,58.25918078469937,73.25000000000011
597.0000000000672,585.7904675108855,0.10000000000002274,0.1,2.273181642920008e-14,0.0,4,5,105,42,69.95407050383761,58.159180784699366,73.35000000000011
597.1000000000672,585.8904675108855,0.10000000000002274,0.1,2.273181642920008e-14,0.0,4,5,105,42,69.65232050383761,58.059180784699365,73.4500000000001
597.2000000000672,585.9904675108855,0.10000000000002274,0.1,2.273181642920008e-14,0.0,4,5,105,42,69.35032050383761,57.95918078469936,73.5500000000001
597.3000000000673,586.0904675108856,0.10000000000002274,0.1,2.273181642920008e-14,0.0,4,5,106,42,69.04807050383761,57.85918078469936,73.65000000000009
597.4000000000673,586.1904675108856,0.10000000000002274,0.1,2.273181642920008e-14,0.0,4,5,106,42,68.74557050383761,57.75918078469936,73.75000000000009
597.5000000000673,586.2904675108856,0.10000000000002274,0.1,2.273181642920008e-14,0.0,4,5,106,42,68.44282050383761,57.65918078469936,73.85000000000008
597.6000000000673,586.3904675108856,0.10000000000002274,0.1,2.273181642920008e-14,0.0,4,5,106,42,68.13982050383761,57.55918078469936,73.95000000000007
597.7000000000673,586.4904675108857,0.10000000000002274,0.1,2.273181642920008e-14,0.0,4,5,106,42,67.83657050383762,57.459180784699356,74.05000000000007
597.8000000000674,586.5904675108857,0.10000000000002274,0.1,2.273181642920008e-14,0.0,4,5,106,42,67.53307050383762,57.359180784699355,74.15000000000006
597.9000000000674,586.6904675108857,0.10000000000002274,0.1,2.273181642920008e-14,0.0,4,5,106,42,67.22932050383763,57.25918078469935,74.25000000000006
598.0000000000674,586.7904675108857,0.10000000000002274,0.1,2.273181642920008e-14,0.0,4,5,106,42,66.92532050383763,57.15918078469935,74.35000000000005
598.1000000000674,586.8904675108857,0.10000000000002274,0.1,2.273181642920008e-14,0.0,4,5,105,42,66.62107050383763,57.05918078469935,74.45000000000005
598.2000000000675,586.9904675108858,0.10000000000002274,0.1,2.273181642920008e-14,0.0,4,5,105,42,66.31657050383762,56.95918078469935,74.55000000000004
598.3000000000675,587.0904675108858,0.10000000000002274,0.1,2.273181642920008e-14,0.0,4,5,107,42,66.01182050383763,56.85918078469935,74.65000000000003
598.4000000000675,587.1904675108858,0.10000000000002274,0.1,2.273181642920008e-14,0.0,4,5,107,42,65.70682050383763,56.759180784699346,74.75000000000003
598.5000000000675,587.2904675108858,0.10000000000002274,0.1,2.273181642920008e-14,0.0,4,5,108,42,65.40157050383763,56.659180784699345,74.85000000000002
598.6000000000676,587.3904675108859,0.10000000000002274,0.1,2.273181642920008e-14,0.0,4,5,108,42,65.09607050383764,56.55918078469934,74.95000000000002
598.7000000000676,587.4904675108859,0.10000000000002274,0.1,2.273181642920008e-14,0.0,4,5,108,42,64.79032050383763,56.45918078469934,75.05000000000001
598.8000000000676,587.5904675108859,0.10000000000002274,0.1,2.273181642920008e-14,0.0,4,5,108,42,64.48432050383764,56.35918078469934,75.15
598.9000000000676,587.6904675108859,0.10000000000002274,0.1,2.273181642920008e-14,0.0,4,5,108,42,64.17807050383763,56.25918078469934,75.25
599.0000000000676,587.790467510886,0.10000000000002274,0.1,2.273181642920008e-14,0.0,4,5,108,42,63.69707050383764,56.15918078469934,75.35
599.1000000000677,587.890467510886,0.10000000000002274,0.1,2.273181642920008e-14,0.0,4,5,108,42,63.21557050383764,56.059180784699336,75.44999999999999
599.2000000000677,587.990467510886,0.10000000000002274,0.1,2.273181642920008e-14,0.0,4,5,107,43,62.73357050383763,55.959180784699335,75.54999999999998
599.3000000000677,588.090467510886,0.10000000000002274,0.1,2.273181642920008e-14,0.0,4,5,107,43,62.25107050383764,55.85918078469933,75.64999999999998
599.4000000000677,588.190467510886,0.10000000000002274,0.1,2.273181642920008e-14,0.0,4,5,107,43,61.564570503837636,55.75918078469933,75.74999999999997
599.5000000000678,588.2904675108861,0.10000000000002274,0.1,2.273181642920008e-14,0.0,4,5,107,43,60.877320503837645,55.65918078469933,75.84999999999997
599.6000000000678,588.3904675108861,0.10000000000002274,0.1,2.273181642920008e-14,0.0,4,5,107,43,60.18932050383764,55.55918078469933,75.94999999999996
599.7000000000678,588.4904675108861,0.10000000000002274,0.1,2.273181642920008e-14,0.0,3,5,107,43,80.00932378081022,55.45918078469933,73.6000000000001
599.8000000000678,588.5904675108861,0.10000000000002274,0.1,2.273181642920008e-14,0.0,3,5,106,42,79.40165711414356,55.359180784699326,73.70000000000009
599.9000000000678,588.6904675108862,0.10000000000002274,0.1,2.273181642920008e-14,0.0,3,5,106,41,78.79332378081023,55.259180784699325,73.80000000000008
600.0000000000679,588.7904675108862,0.10000000000002274,0.1,2.273181642920008e-14,0.0,3,5,106,41,78.18432378081023,55.15918078469932,73.90000000000008
600.1000000000679,588.8904675108862,0.10000000000002274,0.1,2.273181642920008e-14,0.0,3,5,106,41,77.57465711414356,55.05918078469932,74.00000000000007
600.2000000000679,588.9904675108862,0.10000000000002274,0.1,2.273181642920008e-14,0.0,3,5,107,41,76.96432378081023,54.95918078469932,74.10000000000007
600.3000000000679,589.0904675108862,0.10000000000002274,0.1,2.273181642920008e-14,0.0,3,5,108,41,76.35332378081023,54.85918078469932,74.20000000000006
600.400000000068,589.1904675108863,0.10000000000002274,0.1,2.273181642920008e-14,0.0,3,5,109,41,75.74165711414356,54.75918078469932,74.30000000000005
600.500000000068,589.2904675108863,0.10000000000002274,0.1,2.273181642920008e-14,0.0,3,5,109,41,75.12932378081024,54.659180784699316,74.40000000000005
600.600000000068,589.3904675108863,0.10000000000002274,0.1,2.273181642920008e-14,0.0,3,5,108,40,74.51632378081024,54.559180784699315,74.50000000000004
600.700000000068,589.4904675108863,0.10000000000002274,0.1,2.273181642920008e-14,0.0,3,5,107,40,73.90265711414357,54.45918078469931,74.60000000000004
600.800000000068,589.5904675108864,0.10000000000002274,0.1,2.273181642920008e-14,0.0,3,5,107,40,73.28832378081025,54.35918078469931,74.70000000000003
600.9000000000681,589.6904675108864,0.10000000000002274,0.1,2.273181642920008e-14,0.0,3,5,106,40,72.67332378081024,54.25918078469931,74.80000000000003
601.0000000000681,589.7904675108864,0.10000000000002274,0.1,2.273181642920008e-14,0.0,3,5,105,39,72.05765711414358,54.15918078469931,74.90000000000002
601.1000000000681,589.8904675108864,0.10000000000002274,0.1,2.273181642920008e-14,0.0,3,5,105,39,71.44132378081025,54.05918078469931,75.00000000000001
601.2000000000681,589.9904675108864,0.10000000000002274,0.1,2.273181642920008e-14,0.0,3,5,105,39,70.82432378081025,53.959180784699306,75.10000000000001
601.3000000000682,590.0904675108865,0.10000000000002274,0.1,2.273181642920008e-14,0.0,3,5,106,39,70.20665711414358,53.859180784699305,75.2
601.4000000000682,590.1904675108865,0.10000000000002274,0.1,2.273181642920008e-14,0.0,3,5,108,39,69.58832378081026,53.7591807846993,75.3
601.5000000000682,590.2904675108865,0.10000000000002274,0.1,2.273181642920008e-14,0.0,3,5,107,39,68.96932378081026,53.6591807846993,75.39999999999999
601.6000000000682,590.3904675108865,0.10000000000002274,0.1,2.273181642920008e-14,0.0,3,5,107,39,68.3496571141436,53.5591807846993,75.49999999999999
601.7000000000683,590.4904675108866,0.10000000000002274,0.1,2.273181642920008e-14,0.0,3,5,106,39,67.72932378081025,53.4591807846993,75.59999999999998
601.8000000000683,590.5904675108866,0.10000000000002274,0.1,2.273181642920008e-14,0.0,3,5,106,39,67.10832378081027,53.3591807846993,75.69999999999997
601.9000000000683,590.6904675108866,0.10000000000002274,0.1,2.273181642920008e-14,0.0,3,5,106,39,66.4866571141436,53.259180784699296,75.79999999999997
602.0000000000683,590.7904675108866,0.10000000000002274,0.1,2.273181642920008e-14,0.0,3,5,106,39,65.86432378081027,53.159180784699295,75.89999999999996
602.1000000000683,590.8904675108867,0.10000000000002274,0.1,2.273181642920008e-14,0.0,3,5,106,39,65.24132378081026,53.059180784699294,75.99999999999996
602.2000000000684,590.9904675108867,0.10000000000002274,0.1,2.273181642920008e-14,0.0,3,5,106,39,64.6176571141436,52.95918078469929,76.09999999999995
602.3000000000684,591.0904675108867,0.10000000000002274,0.1,2.273181642920008e-14,0.0,3,5,106,39,63.99332378081027,52.85918078469929,76.19999999999995
602.4000000000684,591.1904675108867,0.10000000000002274,0.1,2.273181642920008e-14,0.0,3,5,106,39,63.36832378081027,52.75918078469929,76.29999999999994
602.5000000000684,591.2904675108867,0.10000000000002274,0.1,2.273181642920008e-14,0.0,3,5,107,39,62.74265711414361,52.65918078469929,76.39999999999993
602.6000000000685,591.3904675108868,0.10000000000002274,0.1,2.273181642920008e-14,0.0,3,5,106,40,62.11632378081028,52.55918078469929,76.49999999999993
602.7000000000685,591.4904675108868,0.10000000000002274,0.1,2.273181642920008e-14,0.0,3,5,105,39,61.48932378081029,52.459180784699285,76.59999999999992
602.8000000000685,591.5904675108868,0.10000000000002274,0.1,2.273181642920008e-14,0.0,3,5,105,39,60.86165711414362,52.359180784699284,76.69999999999992
602.9000000000685,591.6904675108868,0.10000000000002274,0.1,2.273181642920008e-14,0.0,3,5,105,39,60.23332378081029,52.25918078469928,76.79999999999991
603.0000000000686,591.7904675108869,0.10000000000002274,0.1,2.273181642920008e-14,0.0,3,5,105,39,59.6043237808103,52.15918078469928,76.8999999999999
603.1000000000686,591.8904675108869,0.10000000000002274,0.1,2.273181642920008e-14,0.0,3,5,106,39,58.97465711414363,52.05918078469928,76.9999999999999
603.2000000000686,591.9904675108869,0.10000000000002274,0.1,2.273181642920008e-14,0.0,3,5,106,39,58.344323780810306,51.95918078469928,77.0999999999999
603.3000000000686,592.0904675108869,0.10000000000002274,0.1,2.273181642920008e-14,0.0,3,5,106,39,57.713323780810306,51.85918078469928,77.19999999999989
603.4000000000686,592.190467510887,0.10000000000002274,0.1,2.273181642920008e-14,0.0,3,5,106,39,57.081657114143646,51.759180784699275,77.29999999999988
603.5000000000687,592.290467510887,0.10000000000002274,0.1,2.273181642920008e-14,0.0,3,5,107,39,56.44932378081032,51.659180784699274,77.39999999999988
603.6000000000687,592.390467510887,0.10000000000002274,0.1,2.273181642920008e-14,0.0,3,5,107,39,55.816323780810315,51.55918078469927,77.49999999999987
603.7000000000687,592.490467510887,0.10000000000002274,0.1,2.273181642920008e-14,0.0,3,5,107,39,55.18265711414366,51.45918078469927,77.59999999999987
603.8000000000687,592.590467510887,0.10000000000002274,0.1,2.273181642920008e-14,0.0,3,5,107,39,54.54832378081033,51.35918078469927,77.69999999999986
603.9000000000688,592.6904675108871,0.10000000000002274,0.1,2.273181642920008e-14,0.0,3,5,107,39,53.91332378081032,51.25918078469927,77.79999999999986
604.0000000000688,592.7904675108871,0.10000000000002274,0.1,2.273181642920008e-14,0.0,3,5,107,39,53.277657114143665,51.15918078469927,77.89999999999985
604.1000000000688,592.8904675108871,0.10000000000002274,0.1,2.273181642920008e-14,0.0,3,5,106,39,52.64132378081033,51.059180784699265,77.99999999999984
604.2000000000688,592.9904675108871,0.10000000000002274,0.1,2.273181642920008e-14,0.0,2,5,106,40,79.02368951112223,107.0881982375452,74.05000000000007
604.3000000000688,593.0904675108872,0.10000000000002274,0.1,2.273181642920008e-14,0.0,2,5,106,41,78.54868951112223,106.2381982375452,74.15000000000006
604.4000000000689,593.1904675108872,0.10000000000002274,0.1,2.273181642920008e-14,0.0,2,5,106,41,78.07318951112224,105.3871982375452,74.25000000000006
604.5000000000689,593.2904675108872,0.10000000000002274,0.1,2.273181642920008e-14,0.0,2,5,106,41,77.59718951112224,104.53519823754522,74.35000000000005
604.6000000000689,593.3904675108872,0.10000000000002274,0.1,2.273181642920008e-14,0.0,2,5,106,41,77.12068951112224,103.68219823754522,74.45000000000005
604.7000000000689,593.4904675108872,0.10000000000002274,0.1,2.273181642920008e-14,0.0,2,5,106,41,76.64368951112223,102.82819823754522,74.55000000000004
604.800000000069,593.5904675108873,0.10000000000002274,0.1,2.273181642920008e-14,0.0,2,5,106,40,76.16618951112224,101.97319823754523,74.65000000000003
604.900000000069,593.6904675108873,0.10000000000002274,0.1,2.273181642920008e-14,0.0,2,5,106,41,75.68818951112225,101.11719823754524,74.75000000000003
605.000000000069,593.7904675108873,0.10000000000002274,0.1,2.273181642920008e-14,0.0,2,5,107,42,75.20968951112225,100.26019823754524,74.85000000000002
605.100000000069,593.8904675108873,0.10000000000002274,0.1,2.273181642920008e-14,0.0,2,5,107,42,74.73068951112225,99.40219823754525,74.95000000000002
605.200000000069,593.9904675108874,0.10000000000002274,0.1,2.273181642920008e-14,0.0,2,5,107,42,74.25118951112225,98.54319823754525,75.05000000000001
605.3000000000691,594.0904675108874,0.10000000000002274,0.1,2.273181642920008e-14,0.0,2,5,107,42,73.77118951112226,97.68319823754526,75.15
605.4000000000691,594.1904675108874,0.10000000000002274,0.1,2.273181642920008e-14,0.0,2,5,107,42,73.29068951112225,96.82219823754527,75.25
605.5000000000691,594.2904675108874,0.10000000000002274,0.1,2.273181642920008e-14,0.0,2,5,107,41,72.80968951112226,95.96019823754527,75.35
605.6000000000691,594.3904675108874,0.10000000000002274,0.1,2.273181642920008e-14,0.0,2,5,107,41,72.32818951112226,95.09719823754527,75.44999999999999
605.7000000000692,594.4904675108875,0.10000000000002274,0.1,2.273181642920008e-14,0.0,2,5,107,41,71.84618951112226,94.23319823754528,75.54999999999998
605.8000000000692,594.5904675108875,0.10000000000002274,0.1,2.273181642920008e-14,0.0,2,5,107,41,71.36368951112226,93.36819823754529,75.64999999999998
605.9000000000692,594.6904675108875,0.10000000000002274,0.1,2.273181642920008e-14,0.0,2,5,107,41,70.88068951112226,92.50219823754529,75.74999999999997
606.0000000000692,594.7904675108875,0.10000000000002274,0.1,2.273181642920008e-14,0.0,2,5,106,41,70.39718951112226,91.6351982375453,75.84999999999997
606.1000000000693,594.8904675108876,0.10000000000002274,0.1,2.273181642920008e-14,0.0,2,5,106,41,69.91318951112227,90.7671982375453,75.94999999999996
606.2000000000693,594.9904675108876,0.10000000000002274,0.1,2.273181642920008e-14,0.0,2,5,106,41,69.42868951112227,89.8981982375453,76.04999999999995
606.3000000000693,595.0904675108876,0.10000000000002274,0.1,2.273181642920008e-14,0.0,2,5,107,41,68.94368951112227,89.02819823754531,76.14999999999995
606.4000000000693,595.1904675108876,0.10000000000002274,0.1,2.273181642920008e-14,0.0,2,5,107,41,68.45818951112227,88.15719823754532,76.24999999999994
606.5000000000693,595.2904675108877,0.10000000000002274,0.1,2.273181642920008e-14,0.0,2,5,108,40,67.97218951112228,87.28519823754532,76.34999999999994
606.6000000000694,595.3904675108877,0.10000000000002274,0.1,2.273181642920008e-14,0.0,2,5,108,40,67.48568951112227,86.41219823754533,76.44999999999993
606.7000000000694,595.4904675108877,0.10000000000002274,0.1,2.273181642920008e-14,0.0,2,5,108,40,66.99868951112228,85.53819823754533,76.54999999999993
606.8000000000694,595.5904675108877,0.10000000000002274,0.1,2.273181642920008e-14,0.0,2,5,108,40,66.51118951112228,84.66319823754533,76.64999999999992
606.9000000000694,595.6904675108877,0.10000000000002274,0.1,2.273181642920008e-14,0.0,2,5,107,40,66.02318951112228,83.78719823754534,76.74999999999991
607.0000000000695,595.7904675108878,0.10000000000002274,0.1,2.273181642920008e-14,0.0,2,5,108,40,65.53468951112228,82.91019823754534,76.84999999999991
607.1000000000695,595.8904675108878,0.10000000000002274,0.1,2.273181642920008e-14,0.0,2,5,109,39,65.04568951112229,82.03219823754536,76.9499999999999
607.2000000000695,595.9904675108878,0.10000000000002274,0.1,2.273181642920008e-14,0.0,2,5,109,39,64.5561895111223,81.15319823754537,77.0499999999999
607.3000000000695,596.0904675108878,0.10000000000002274,0.1,2.273181642920008e-14,0.0,2,5,110,39,64.0661895111223,80.27319823754537,77.14999999999989
607.4000000000696,596.1904675108879,0.10000000000002274,0.1,2.273181642920008e-14,0.0,2,5,109,39,63.575689511122306,79.39219823754539,77.24999999999989
607.5000000000696,596.2904675108879,0.10000000000002274,0.1,2.273181642920008e-14,0.0,2,5,111,39,63.084689511122306,78.5101982375454,77.34999999999988
607.6000000000696,596.3904675108879,0.10000000000002274,0.1,2.273181642920008e-14,0.0,2,5,111,39,62.593189511122304,77.6271982375454,77.44999999999987
607.7000000000696,596.4904675108879,0.10000000000002274,0.1,2.273181642920008e-14,0.0,2,5,111,38,62.101189511122314,76.74319823754541,77.54999999999987
607.8000000000696,596.590467510888,0.10000000000002274,0.1,2.273181642920008e-14,0.0,2,5,111,38,61.60868951112232,75.85819823754542,77.64999999999986
607.9000000000697,596.690467510888,0.10000000000002274,0.1,2.273181642920008e-14,0.0,2,5,111,38,61.11568951112232,74.97219823754543,77.74999999999986
608.0000000000697,596.790467510888,0.10000000000002274,0.1,2.273181642920008e-14,0.0,2,5,111,38,60.62218951112233,74.08519823754544,77.84999999999985
608.1000000000697,596.890467510888,0.10000000000002274,0.1,2.273181642920008e-14,0.0,2,5,112,37,60.12818951112233,73.19719823754545,77.94999999999985
608.2000000000697,596.990467510888,0.10000000000002274,0.1,2.273181642920008e-14,0.0,2,5,112,37,59.63368951112233,72.30819823754545,78.04999999999984
608.3000000000698,597.0904675108881,0.10000000000002274,0.1,2.273181642920008e-14,0.0,2,5,112,37,59.13868951112234,71.41819823754547,78.14999999999984
608.4000000000698,597.1904675108881,0.10000000000002274,0.1,2.273181642920008e-14,0.0,2,5,113,37,58.643189511122344,70.52719823754548,78.24999999999983
608.5000000000698,597.2904675108881,0.10000000000002274,0.1,2.273181642920008e-14,0.0,2,5,113,37,58.14718951112234,69.63519823754548,78.34999999999982
608.6000000000698,597.3904675108881,0.10000000000002274,0.1,2.273181642920008e-14,0.0,2,5,113,37,57.65068951112235,68.7421982375455,78.44999999999982
608.7000000000698,597.4904675108882,0.10000000000002274,0.1,2.273181642920008e-14,0.0,2,5,113,37,57.15368951112235,67.8481982375455,78.54999999999981
608.8000000000699,597.5904675108882,0.10000000000002274,0.1,2.273181642920008e-14,0.0,2,5,113,37,56.65618951112235,66.95319823754551,78.6499999999998
608.9000000000699,597.6904675108882,0.10000000000002274,0.1,2.273181642920008e-14,0.0,2,5,113,37,56.15818951112236,66.05719823754552,78.7499999999998
609.0000000000699,597.7904675108882,0.10000000000002274,0.1,2.273181642920008e-14,0.0,2,5,113,37,55.659689511122366,65.16019823754553,78.8499999999998
609.1000000000699,597.8904675108882,0.10000000000002274,0.1,2.273181642920008e-14,0.0,2,5,112,37,55.160689511122364,64.26219823754553,78.94999999999979
609.20000000007,597.9904675108883,0.10000000000002274,0.1,2.273181642920008e-14,0.0,2,5,112,37,54.661189511122366,63.36319823754554,79.04999999999978
609.30000000007,598.0904675108883,0.10000000000002274,0.1,2.273181642920008e-14,0.0,2,5,112,36,54.161189511122366,62.46319823754554,79.14999999999978
609.40000000007,598.1904675108883,0.10000000000002274,0.1,2.273181642920008e-14,0.0,2,5,111,36,53.66068951112237,61.562198237545545,79.24999999999977
609.50000000007,598.2904675108883,0.10000000000002274,0.1,2.273181642920008e-14,0.0,2,5,111,35,53.159689511122366,60.66019823754554,79.34999999999977
609.60000000007,598.3904675108884,0.10000000000002274,0.1,2.273181642920008e-14,0.0,2,5,113,35,52.658189511122366,59.757198237545545,79.44999999999976
609.7000000000701,598.4904675108884,0.10000000000002274,0.1,2.273181642920008e-14,0.0,2,5,113,35,52.15618951112236,58.85319823754555,79.54999999999976
609.8000000000701,598.5904675108884,0.10000000000002274,0.1,2.273181642920008e-14,0.0,2,5,112,35,51.653689511122366,57.94819823754555,79.64999999999975
609.9000000000701,598.6904675108884,0.10000000000002274,0.1,2.273181642920008e-14,0.0,2,5,112,35,51.150689511122366,57.04219823754555,79.74999999999974
610.0000000000701,598.7904675108884,0.10000000000002274,0.1,2.273181642920008e-14,0.0,2,5,112,35,50.64718951112236,56.13519823754555,79.84999999999974
610.1000000000702,598.8904675108885,0.10000000000002274,0.1,2.273181642920008e-14,0.0,2,5,112,35,50.143189511122365,55.22719823754555,79.94999999999973
610.2000000000702,598.9904675108885,0.10000000000002274,0.1,2.273181642920008e-14,0.0,2,5,112,35,49.638689511122365,54.31819823754555,80.04999999999973
610.3000000000702,599.0904675108885,0.10000000000002274,0.1,2.273181642920008e-14,0.0,2,5,112,35,49.13368951112237,53.408198237545555,80.14999999999972
610.4000000000702,599.1904675108885,0.10000000000002274,0.1,2.273181642920008e-14,0.0,2,5,112,35,48.628189511122365,52.497198237545554,80.24999999999972
610.5000000000703,599.2904675108886,0.10000000000002274,0.1,2.273181642920008e-14,0.0,2,5,111,35,48.122189511122365,51.585198237545555,80.34999999999971
610.6000000000703,599.3904675108886,0.10000000000002274,0.1,2.273181642920008e-14,0.0,2,5,111,35,47.61568951112237,50.67219823754556,80.4499999999997
610.7000000000703,599.4904675108886,0.10000000000002274,0.1,2.273181642920008e-14,0.0,2,5,112,35,47.108689511122364,49.75819823754556,80.5499999999997
610.8000000000703,599.5904675108886,0.10000000000002274,0.1,2.273181642920008e-14,0.0,2,5,112,35,46.601189511122364,48.84319823754556,80.6499999999997
610.9000000000703,599.6904675108887,0.10000000000002274,0.1,2.273181642920008e-14,0.0,2,5,112,36,46.09318951112236,47.92719823754556,80.74999999999969
611.0000000000704,599.7904675108887,0.10000000000002274,0.1,2.273181642920008e-14,0.0,2,5,112,36,45.58468951112236,47.010198237545566,80.84999999999968
611.1000000000704,599.8904675108887,0.10000000000002274,0.1,2.273181642920008e-14,0.0,2,5,113,36,45.07568951112236,46.09219823754557,80.94999999999968
611.2000000000704,599.9904675108887,0.10000000000002274,0.1,2.273181642920008e-14,0.0,2,5,112,36,44.56618951112237,45.17319823754557,81.04999999999967
611.3000000000704,600.0904675108887,0.10000000000002274,0.1,2.273181642920008e-14,0.0,2,5,113,36,44.05618951112237,44.253198237545575,81.14999999999966
611.4000000000705,600.1904675108888,0.10000000000002274,0.1,2.273181642920008e-14,0.0,2,5,112,36,43.54568951112237,43.75918078469916,81.24999999999966
611.5000000000705,600.2904675108888,0.10000000000002274,0.1,2.273181642920008e-14,0.0,2,5,113,36,43.034689511122366,43.65918078469916,81.34999999999965
611.6000000000705,600.3904675108888,0.10000000000002274,0.1,2.273181642920008e-14,0.0,2,5,113,36,42.52318951112237,43.55918078469916,81.44999999999965
611.7000000000705,600.4904675108888,0.10000000000002274,0.1,2.273181642920008e-14,0.0,2,5,113,35,42.01118951112237,43.45918078469916,81.54999999999964
611.8000000000706,600.5904675108889,0.10000000000002274,0.1,2.273181642920008e-14,0.0,2,5,113,35,41.49868951112237,43.359180784699156,81.64999999999964
611.9000000000706,600.6904675108889,0.10000000000002274,0.1,2.273181642920008e-14,0.0,2,5,114,35,40.985689511122374,43.259180784699154,81.74999999999963
612.0000000000706,600.7904675108889,0.10000000000002274,0.1,2.273181642920008e-14,0.0,2,5,114,35,40.47218951112237,43.15918078469915,81.84999999999962
612.1000000000706,600.8904675108889,0.10000000000002274,0.1,2.273181642920008e-14,0.0,2,5,114,34,39.95818951112237,43.05918078469915,81.94999999999962
612.2000000000706,600.990467510889,0.10000000000002274,0.1,2.273181642920008e-14,0.0,2,5,114,34,39.44368951112237,42.95918078469915,82.04999999999961
612.3000000000707,601.090467510889,0.10000000000002274,0.1,2.273181642920008e-14,0.0,2,5,113,34,38.3590182818032,42.29524994204514,82.14999999999961
612.4000000000707,601.232667510889,0.14220000000000255,0.1,0.04220000000000254,0.0,2,5,112,34,58.44351828180325,75.19178662156136,82.2499999999996
612.5000000000707,601.332667510889,0.10000000000002274,0.1,2.273181642920008e-14,0.0,2,5,112,34,57.55388955145631,74.02201228331162,82.3499999999996
612.6000000000707,601.432667510889,0.10000000000002274,0.1,2.273181642920008e-14,0.0,2,5,112,34,56.513942517040434,72.56539582385095,82.44999999999959
612.7000000000708,601.532667510889,0.10000000000002274,0.1,2.273181642920008e-14,0.0,2,5,112,34,55.48608596130333,71.11452748437625,82.54999999999959
612.8000000000708,601.6326675108891,0.10000000000002274,0.1,2.273181642920008e-14,0.0,2,5,111,34,54.46048032328693,69.6775460880709,82.64999999999958
612.9000000000708,601.7326675108891,0.10000000000002274,0.1,2.273181642920008e-14,0.0,2,5,111,34,53.428842754057165,68.2367202068399,82.74999999999957
613.0000000000708,601.8326675108891,0.10000000000002274,0.1,2.273181642920008e-14,0.0,2,5,110,34,52.393053595018486,66.77609610171041,82.84999999999957
613.1000000000708,601.9326675108891,0.10000000000002274,0.1,2.273181642920008e-14,0.0,2,5,110,35,51.37023411852942,65.33253788099682,82.94999999999956
613.2000000000709,602.0326675108892,0.10000000000002274,0.1,2.273181642920008e-14,0.0,2,5,110,35,50.33939183605867,63.87682159827233,83.04999999999956
613.3000000000709,602.1326675108892,0.10000000000002274,0.1,2.273181642920008e-14,0.0,2,5,110,35,49.30619411590719,62.430673776217304,83.14999999999955
613.4000000000709,602.2326675108892,0.10000000000002274,0.1,2.273181642920008e-14,0.0,2,5,110,35,48.27553268494684,60.98394825214315,83.24999999999955
613.5000000000709,602.3326675108892,0.10000000000002274,0.1,2.273181642920008e-14,0.0,2,5,110,35,47.241565603785325,59.53307506637381,83.34999999999954
613.600000000071,602.4326675108892,0.10000000000002274,0.1,2.273181642920008e-14,0.0,2,5,110,34,46.208440854211034,58.082289273803255,83.44999999999953
613.700000000071,602.5326675108893,0.10000000000002274,0.1,2.273181642920008e-14,0.0,2,5,110,34,45.18507357041403,56.63744872354892,83.54999999999953
613.800000000071,602.6326675108893,0.10000000000002274,0.1,2.273181642920008e-14,0.0,2,5,112,34,44.12770643180765,55.1889771552818,83.64999999999952
613.900000000071,602.7326675108893,0.10000000000002274,0.1,2.273181642920008e-14,0.0,2,5,113,34,43.073011380935924,53.72353441483545,83.74999999999952
614.000000000071,602.8326675108893,0.10000000000002274,0.1,2.273181642920008e-14,0.0,2,5,113,32,42.01272359573332,52.265080204400356,83.84999999999951
614.1000000000711,602.9326675108894,0.10000000000002274,0.1,2.273181642920008e-14,0.0,2,5,113,32,40.981212706574226,50.804794178451154,83.9499999999995
614.2000000000711,603.0326675108894,0.10000000000002274,0.1,2.273181642920008e-14,0.0,2,5,113,32,39.946500644996554,49.35197985084773,84.0499999999995
614.3000000000711,603.1326675108894,0.10000000000002274,0.1,2.273181642920008e-14,0.0,2,5,114,32,38.905489372627756,47.89291423551958,84.1499999999995
614.4000000000711,603.2326675108894,0.10000000000002274,0.1,2.273181642920008e-14,0.0,2,5,114,32,37.863657914015675,46.429367414733754,84.24999999999949
614.5000000000712,603.3326675108895,0.10000000000002274,0.1,2.273181642920008e-14,0.0,2,5,115,33,36.81669051610074,44.95424130817473,84.34999999999948
614.6000000000712,603.4326675108895,0.10000000000002274,0.1,2.273181642920008e-14,0.0,2,5,115,33,35.78006135215977,43.49796601408656,84.44999999999948
614.7000000000712,603.5326675108895,0.10000000000002274,0.1,2.273181642920008e-14,0.0,2,5,115,33,34.740689447887654,42.04172717398002,84.54999999999947
614.8000000000712,603.6326675108895,0.10000000000002274,0.1,2.273181642920008e-14,0.0,2,5,115,33,33.70521703474485,40.57833631140451,84.64999999999947
614.9000000000713,603.7326675108895,0.10000000000002274,0.1,2.273181642920008e-14,0.0,2,5,115,33,32.624179763244356,39.039993784113236,84.74999999999946
615.0000000000713,603.8326675108896,0.10000000000002274,0.1,2.273181642920008e-14,0.0,2,5,115,33,31.58955687096808,37.57301355855344,84.84999999999945
615.1000000000713,603.9326675108896,0.10000000000002274,0.1,2.273181642920008e-14,0.0,2,5,116,33,30.547209332022476,36.103581076452095,84.94999999999945
615.2000000000713,604.0326675108896,0.10000000000002274,0.1,2.273181642920008e-14,0.0,2,5,118,33,29.50722948487059,34.63889780656354,85.04999999999944
615.3000000000713,604.1326675108896,0.10000000000002274,0.1,2.273181642920008e-14,0.0,2,5,118,33,28.464717167962135,33.16407425776595,85.14999999999944
615.4000000000714,604.2326675108897,0.10000000000002274,0.1,2.273181642920008e-14,0.0,2,5,118,33,27.429204513001935,31.694366575217348,85.24999999999943
615.5000000000714,604.3326675108897,0.10000000000002274,0.1,2.273181642920008e-14,0.0,2,5,117,34,26.388453737219216,30.213106428246473,85.34999999999943
615.6000000000714,604.4326675108897,0.10000000000002274,0.1,2.273181642920008e-14,0.0,2,5,117,34,25.346173571303694,28.74658670007062,85.44999999999942
615.7000000000714,604.5326675108897,0.10000000000002274,0.1,2.273181642920008e-14,0.0,2,5,117,35,24.30576498558642,27.273333024784275,85.54999999999941
615.8000000000715,604.6326675108897,0.10000000000002274,0.1,2.273181642920008e-14,0.0,2,5,116,35,23.26513159786745,25.808308353760733,85.64999999999941
615.9000000000715,604.7326675108898,0.10000000000002274,0.1,2.273181642920008e-14,0.0,2,5,116,34,22.216736203898567,24.334628667412247,85.7499999999994
616.0000000000715,604.8326675108898,0.10000000000002274,0.1,2.273181642920008e-14,0.0,2,5,116,34,21.16943390255,22.85801041189749,85.8499999999994
616.1000000000715,604.9326675108898,0.10000000000002274,0.1,2.273181642920008e-14,0.0,2,5,116,34,20.121130656273763,21.366611019165163,85.94999999999939
616.2000000000716,605.0326675108898,0.10000000000002274,0.1,2.273181642920008e-14,0.0,2,5,115,34,19.083853620499877,19.892435925159972,86.04999999999939
616.3000000000716,605.1326675108899,0.10000000000002274,0.1,2.273181642920008e-14,0.0,2,5,115,34,18.000131769453077,18.407821417881976,86.14999999999938
616.4000000000716,605.2326675108899,0.10000000000002274,0.1,2.273181642920008e-14,0.0,2,5,115,34,16.932640012337824,16.944832954158606,86.24999999999937
616.5000000000716,605.3326675108899,0.10000000000002274,0.1,2.273181642920008e-14,0.0,2,5,115,34,15.88069680359798,16.332069419973866,86.34999999999937
616.6000000000716,605.4326675108899,0.10000000000002274,0.1,2.273181642920008e-14,0.0,2,5,115,34,14.83313030387063,15.719586903786734,86.44999999999936
616.7000000000717,605.53266751089,0.10000000000002274,0.1,2.273181642920008e-14,0.0,2,5,115,34,13.787385919781325,15.111806792561161,86.54999999999936
616.8000000000717,605.63266751089,0.10000000000002274,0.1,2.273181642920008e-14,0.0,2,5,115,34,12.74256782473077,14.502391175253402,86.64999999999935
616.9000000000717,605.73266751089,0.10000000000002274,0.1,2.273181642920008e-14,0.0,2,5,116,34,11.683978004962325,13.879567386412411,86.74999999999935
617.0000000000717,605.83266751089,0.10000000000002274,0.1,2.273181642920008e-14,0.0,2,5,116,34,10.63081517075489,13.27319560920274,86.84999999999934
617.1000000000718,605.93266751089,0.10000000000002274,0.1,2.273181642920008e-14,0.0,2,5,116,34,9.572742904439364,12.65147562354541,86.94999999999933
617.2000000000718,606.0326675108901,0.10000000000002274,0.1,2.273181642920008e-14,0.0,2,5,116,34,8.52595544868713,12.042763919230389,87.04999999999933
617.3000000000718,606.1326675108901,0.10000000000002274,0.1,2.273181642920008e-14,0.0,2,5,116,34,7.475688690419194,11.423734146490116,87.14999999999932
617.4000000000718,606.2326675108901,0.10000000000002274,0.1,2.273181642920008e-14,0.0,2,5,116,35,6.419943814252844,10.809992545856552,87.24999999999932
617.5000000000719,606.3326675108901,0.10000000000002274,0.1,2.273181642920008e-14,0.0,2,5,115,35,5.365691862778775,10.191681877777349,87.34999999999931
617.6000000000719,606.4326675108902,0.10000000000002274,0.1,2.273181642920008e-14,0.0,1,5,115,34,9.675288977355041,9.675288977355041,86.49999999999936
617.7000000000719,606.5326675108902,0.10000000000002274,0.1,2.273181642920008e-14,0.0,1,5,115,34,9.0695350795697,9.0695350795697,86.59999999999935
617.8000000000719,606.6326675108902,0.10000000000002274,0.1,2.273181642920008e-14,0.0,1,5,117,34,8.45623736836868,8.45623736836868,86.69999999999935
617.9000000000719,606.7326675108902,0.10000000000002274,0.1,2.273181642920008e-14,0.0,1,5,117,34,7.840780743079176,7.840780743079176,86.79999999999934
618.000000000072,606.8326675108902,0.10000000000002274,0.1,2.273181642920008e-14,0.0,1,5,117,33,7.226825219115412,7.226825219115412,86.89999999999934
618.100000000072,606.9326675108903,0.10000000000002274,0.1,2.273181642920008e-14,0.0,1,5,117,33,6.616157832631894,6.616157832631894,86.99999999999933
618.200000000072,607.0326675108903,0.10000000000002274,0.1,2.273181642920008e-14,0.0,1,5,117,33,5.9629220324859,5.9629220324859,87.09999999999933
618.300000000072,607.1326675108903,0.10000000000002274,0.1,2.273181642920008e-14,0.0,1,5,117,33,5.290685571725906,5.290685571725906,87.19999999999932
618.400000000072,607.2326675108903,0.10000000000002274,0.1,2.273181642920008e-14,0.0,1,5,117,33,4.640287789519502,4.640287789519502,87.29999999999932
618.5000000000721,607.3326675108904,0.10000000000002274,0.1,2.273181642920008e-14,0.0,1,5,117,32,4.026040487322432,4.026040487322432,87.39999999999931
618.6000000000721,607.4326675108904,0.10000000000002274,0.1,2.273181642920008e-14,0.0,1,5,118,32,3.4159688713318124,3.4159688713318124,87.4999999999993
618.7000000000721,607.5326675108904,0.10000000000002274,0.1,2.273181642920008e-14,0.0,1,5,118,32,2.7932108341625,2.7932108341625,87.5999999999993
618.8000000000721,607.6326675108904,0.10000000000002274,0.1,2.273181642920008e-14,0.0,1,5,118,32,2.181251296017652,2.181251296017652,87.69999999999929
618.9000000000722,607.7326675108905,0.10000000000002274,0.1,2.273181642920008e-14,0.0,1,5,118,31,1.580770264560008,1.580770264560008,87.79999999999929
619.0000000000722,607.8326675108905,0.10000000000002274,0.1,2.273181642920008e-14,0.0,1,5,118,31,0.9675258318198808,0.9675258318198808,87.89999999999928
619.1000000000722,607.9326675108905,0.10000000000002274,0.1,2.273181642920008e-14,0.0,1,5,118,31,0.3654485925443085,0.3654485925443085,87.99999999999928
619.2000000000722,608.0326675108905,0.10000000000002274,0.1,2.273181642920008e-14,0.0,0,5,118,31,0.0,0.0,0.0
