sim_time,score,score_delta,time_bonus,fruit_bonus,predation_penalty,num_agents,num_predators,num_fruits,num_trees,mean_energy,median_energy,mean_age
0.1,0.1,0.1,0.1,0.0,0.0,5,0,33,27,149.9,149.9,0.1
0.2,0.2,0.1,0.1,0.0,0.0,5,0,33,27,149.23754054846668,149.25425996772614,0.2
0.30000000000000004,0.30000000000000004,0.10000000000000003,0.1,2.7755575615628914e-17,0.0,5,0,33,25,148.61591955419968,148.65425996772615,0.30000000000000004
0.4,0.4,0.09999999999999998,0.1,-2.7755575615628914e-17,0.0,5,0,33,24,148.10121076691505,148.06542187100536,0.4
0.5,0.5,0.09999999999999998,0.1,-2.7755575615628914e-17,0.0,5,0,33,24,147.58659198061966,147.45348509159695,0.5
0.6,0.6,0.09999999999999998,0.1,-2.7755575615628914e-17,0.0,5,0,33,22,147.07406175988075,146.83173926068716,0.6
0.7,0.7,0.09999999999999998,0.1,-2.7755575615628914e-17,0.0,5,0,34,22,146.56114559882207,146.18701653880223,0.7
0.7999999999999999,0.7999999999999999,0.09999999999999998,0.1,-2.7755575615628914e-17,0.0,5,0,34,21,145.84713947242315,145.57275585474292,0.7999999999999999
0.8999999999999999,0.8999999999999999,0.09999999999999998,0.1,-2.7755575615628914e-17,0.0,5,0,34,22,145.21934450841167,144.90073992141953,0.9
0.9999999999999999,1.0218,0.12180000000000013,0.1,0.021800000000000125,0.0,5,0,34,22,148.96702434510615,144.26950591685184,0.9999999999999998
1.0999999999999999,1.1218000000000001,0.10000000000000009,0.1,8.326672684688674e-17,0.0,6,0,34,23,119.46526437641508,143.5666028954119,0.9333333333333332
1.2,1.2218000000000002,0.10000000000000009,0.1,8.326672684688674e-17,0.0,6,0,34,23,118.7818592570895,142.95887530285464,1.0333333333333334
1.3,1.3218000000000003,0.10000000000000009,0.1,8.326672684688674e-17,0.0,6,0,34,23,118.16587681237654,142.34608698924382,1.1333333333333335
1.4000000000000001,1.4218000000000004,0.10000000000000009,0.1,8.326672684688674e-17,0.0,6,0,34,23,117.55025493848989,141.72367535545663,1.2333333333333334
1.5000000000000002,1.5218000000000005,0.10000000000000009,0.1,8.326672684688674e-17,0.0,6,0,34,24,116.94268167607243,141.1019154035443,1.3333333333333337
1.6000000000000003,1.6218000000000006,0.10000000000000009,0.1,8.326672684688674e-17,0.0,6,0,34,24,116.38328580306045,140.48443887905603,1.4333333333333336
1.7000000000000004,1.7218000000000007,0.10000000000000009,0.1,8.326672684688674e-17,0.0,6,0,34,24,115.86398517113469,139.8750261642466,1.5333333333333339
1.8000000000000005,1.8452000000000008,0.12340000000000018,0.1,0.02340000000000017,0.0,6,0,34,24,119.24267251353318,139.26966848021672,1.6333333333333337
1.9000000000000006,1.945200000000001,0.10000000000000009,0.1,8.326672684688674e-17,0.0,7,0,34,25,98.22209600378491,74.9,1.5000000000000004
2.0000000000000004,2.045200000000001,0.09999999999999987,0.1,-1.3877787807814457e-16,0.0,7,0,34,25,97.67158569960704,74.21757099351741,1.6000000000000003
2.1000000000000005,2.145200000000001,0.10000000000000009,0.1,8.326672684688674e-17,0.0,7,0,34,25,97.13832386814288,73.61757099351742,1.7000000000000004
2.2000000000000006,2.245200000000001,0.10000000000000009,0.1,8.326672684688674e-17,0.0,7,0,34,25,96.60194410188691,73.01757099351742,1.8000000000000005
2.3000000000000007,2.345200000000001,0.10000000000000009,0.1,8.326672684688674e-17,0.0,7,0,34,26,96.06741353911572,72.41757099351743,1.9000000000000006
2.400000000000001,2.445200000000001,0.10000000000000009,0.1,8.326672684688674e-17,0.0,7,0,34,25,95.52650164230768,71.81757099351744,2.0000000000000004
2.500000000000001,2.5452000000000012,0.10000000000000009,0.1,8.326672684688674e-17,0.0,7,0,34,25,94.97671734143293,71.21757099351744,2.1000000000000005
2.600000000000001,2.6452000000000013,0.10000000000000009,0.1,8.326672684688674e-17,0.0,7,0,34,25,94.43139884209346,70.7727583639013,2.2000000000000006
2.700000000000001,2.7452000000000014,0.10000000000000009,0.1,8.326672684688674e-17,0.0,7,0,34,25,93.9147152618691,70.67275836390131,2.3000000000000007
2.800000000000001,2.8452000000000015,0.10000000000000009,0.1,8.326672684688674e-17,0.0,7,0,34,26,93.45711379650508,70.57275836390131,2.4000000000000012
2.9000000000000012,2.9452000000000016,0.10000000000000009,0.1,8.326672684688674e-17,0.0,7,0,34,26,92.99911269508848,70.47275836390132,2.500000000000001
3.0000000000000013,3.0452000000000017,0.10000000000000009,0.1,8.326672684688674e-17,0.0,7,0,34,26,92.5335662606017,70.37275836390133,2.600000000000001
3.1000000000000014,3.1452000000000018,0.10000000000000009,0.1,8.326672684688674e-17,0.0,7,0,34,27,92.06468856187773,70.27275836390133,2.7000000000000015
3.2000000000000015,3.245200000000002,0.10000000000000009,0.1,8.326672684688674e-17,0.0,7,0,34,27,91.6003303883408,70.17275836390134,2.800000000000001
3.3000000000000016,3.3716000000000017,0.12639999999999985,0.1,0.02639999999999984,0.0,7,0,33,27,94.91186458081236,70.07275836390134,2.9000000000000012
3.4000000000000017,3.471600000000002,0.10000000000000009,0.1,8.326672684688674e-17,0.0,8,0,33,28,79.53295229702988,69.97275836390135,2.637500000000001
3.5000000000000018,3.571600000000002,0.10000000000000009,0.1,8.326672684688674e-17,0.0,8,0,33,29,79.10758912292913,69.87275836390135,2.737500000000001
3.600000000000002,3.671600000000002,0.10000000000000009,0.1,8.326672684688674e-17,0.0,8,0,33,29,78.7124491813169,69.77275836390136,2.8375000000000012
3.700000000000002,3.771600000000002,0.10000000000000009,0.1,8.326672684688674e-17,0.0,8,0,33,29,78.33368604434709,69.67275836390137,2.9375000000000013
3.800000000000002,3.871600000000002,0.10000000000000009,0.1,8.326672684688674e-17,0.0,8,0,33,29,77.96434038955819,69.57275836390137,3.0375000000000014
3.900000000000002,3.9716000000000022,0.10000000000000009,0.1,8.326672684688674e-17,0.0,8,0,34,29,77.59369303711632,69.47275836390138,3.1375000000000015
4.000000000000002,4.071600000000002,0.09999999999999964,0.1,-3.608224830031759e-16,0.0,8,0,36,29,77.23025312777848,69.37275836390138,3.237500000000001
4.100000000000001,4.1716000000000015,0.09999999999999964,0.1,-3.608224830031759e-16,0.0,8,0,36,30,76.89664199061274,69.27275836390139,3.3375000000000012
4.200000000000001,4.271600000000001,0.09999999999999964,0.1,-3.608224830031759e-16,0.0,8,0,36,30,76.57939706136894,69.1727583639014,3.437500000000001
4.300000000000001,4.371600000000001,0.09999999999999964,0.1,-3.608224830031759e-16,0.0,8,0,37,31,76.26961763509408,69.0727583639014,3.5375000000000005
4.4,4.4716000000000005,0.09999999999999964,0.1,-3.608224830031759e-16,0.0,8,0,37,31,75.96002835596786,68.63428923438012,3.6375000000000006
4.5,4.5716,0.09999999999999964,0.1,-3.608224830031759e-16,0.0,8,0,37,31,75.64837003338181,68.01664473430584,3.7375000000000003
4.6,4.6716,0.09999999999999964,0.1,-3.608224830031759e-16,0.0,8,0,38,31,75.33596407816728,67.40429788733826,3.8375000000000004
4.699999999999999,4.771599999999999,0.09999999999999964,0.1,-3.608224830031759e-16,0.0,8,0,38,31,75.02848862388691,66.78469634142282,3.9375
4.799999999999999,4.871599999999999,0.09999999999999964,0.1,-3.608224830031759e-16,0.0,8,0,38,31,74.7185024830929,66.17982119305076,4.0375
4.899999999999999,4.971599999999999,0.09999999999999964,0.1,-3.608224830031759e-16,0.0,8,0,38,31,74.40342186255296,65.57931441744448,4.137499999999999
4.999999999999998,5.071599999999998,0.09999999999999964,0.1,-3.608224830031759e-16,0.0,8,0,38,32,74.09806736056895,64.97459371695115,4.237499999999999
5.099999999999998,5.171599999999998,0.09999999999999964,0.1,-3.608224830031759e-16,0.0,8,0,38,32,73.78801858636416,64.37053836706815,4.3374999999999995
5.1999999999999975,5.271599999999998,0.09999999999999964,0.1,-3.608224830031759e-16,0.0,8,0,39,32,73.47757512705755,64.21406726178559,4.437499999999999
5.299999999999997,5.371599999999997,0.09999999999999964,0.1,-3.608224830031759e-16,0.0,8,0,39,33,73.16909935074911,64.11406726178559,4.537499999999999
5.399999999999997,5.471599999999997,0.09999999999999964,0.1,-3.608224830031759e-16,0.0,8,0,39,33,72.91081473634438,64.0140672617856,4.637499999999998
5.4999999999999964,5.5715999999999966,0.09999999999999964,0.1,-3.608224830031759e-16,0.0,8,0,39,33,72.64949562038393,63.9140672617856,4.737499999999998
5.599999999999996,5.671599999999996,0.09999999999999964,0.1,-3.608224830031759e-16,0.0,8,0,39,34,72.40398188069948,63.814067261785596,4.837499999999998
5.699999999999996,5.771599999999996,0.09999999999999964,0.1,-3.608224830031759e-16,0.0,8,0,39,35,72.15221880914281,63.714067261785594,4.937499999999997
5.799999999999995,5.8715999999999955,0.09999999999999964,0.1,-3.608224830031759e-16,0.0,8,0,39,35,71.90141504869035,63.61406726178559,5.037499999999997
5.899999999999995,5.971599999999995,0.09999999999999964,0.1,-3.608224830031759e-16,0.0,8,0,39,36,71.6584855112385,63.51406726178559,5.137499999999997
5.999999999999995,6.071599999999995,0.09999999999999964,0.1,-3.608224830031759e-16,0.0,8,0,39,37,71.41112852449345,63.41406726178559,5.237499999999997
6.099999999999994,6.171599999999994,0.09999999999999964,0.1,-3.608224830031759e-16,0.0,8,0,39,37,71.16190493266738,63.31406726178559,5.337499999999997
6.199999999999994,6.271599999999994,0.09999999999999964,0.1,-3.608224830031759e-16,0.0,8,0,39,37,70.91578192442041,63.21406726178559,5.4374999999999964
6.299999999999994,6.371599999999994,0.09999999999999964,0.1,-3.608224830031759e-16,0.0,8,0,39,37,70.66748624843873,63.114067261785586,5.537499999999996
6.399999999999993,6.471599999999993,0.09999999999999964,0.1,-3.608224830031759e-16,0.0,8,0,39,38,70.40749073591415,63.014067261785584,5.637499999999996
6.499999999999993,6.571599999999993,0.09999999999999964,0.1,-3.608224830031759e-16,0.0,8,0,39,38,70.15784911457867,62.91406726178558,5.737499999999995
6.5999999999999925,6.671599999999993,0.09999999999999964,0.1,-3.608224830031759e-16,0.0,8,0,39,38,69.90323677973885,62.81406726178558,5.837499999999995
6.699999999999992,6.771599999999992,0.09999999999999964,0.1,-3.608224830031759e-16,0.0,8,0,39,38,69.64528968788436,62.71406726178558,5.937499999999995
6.799999999999992,6.871599999999992,0.09999999999999964,0.1,-3.608224830031759e-16,0.0,8,0,39,38,69.392856242983,62.61406726178558,6.037499999999994
6.8999999999999915,6.971599999999992,0.09999999999999964,0.1,-3.608224830031759e-16,0.0,8,0,39,39,69.13485928153916,62.51406726178558,6.137499999999994
6.999999999999991,7.071599999999991,0.09999999999999964,0.1,-3.608224830031759e-16,0.0,8,0,39,39,68.87064103760783,62.414067261785576,6.237499999999994
7.099999999999991,7.171599999999991,0.09999999999999964,0.1,-3.608224830031759e-16,0.0,8,0,39,40,68.60983204008735,62.314067261785574,6.337499999999993
7.19999999999999,7.2715999999999905,0.09999999999999964,0.1,-3.608224830031759e-16,0.0,8,0,40,40,68.35771430043664,62.21406726178557,6.437499999999993
7.29999999999999,7.37159999999999,0.09999999999999964,0.1,-3.608224830031759e-16,0.0,8,0,40,40,68.09997929572627,62.11406726178557,6.5374999999999925
7.39999999999999,7.47159999999999,0.09999999999999964,0.1,-3.608224830031759e-16,0.0,8,0,40,41,67.85624477003364,62.01406726178557,6.637499999999992
7.499999999999989,7.5715999999999894,0.09999999999999964,0.1,-3.608224830031759e-16,0.0,8,0,40,41,67.60680387539351,61.91406726178557,6.737499999999992
7.599999999999989,7.671599999999989,0.09999999999999964,0.1,-3.608224830031759e-16,0.0,8,0,40,41,67.3561401043634,61.81406726178557,6.8374999999999915
7.699999999999989,7.771599999999989,0.09999999999999964,0.1,-3.608224830031759e-16,0.0,8,0,40,42,67.11303456909772,61.714067261785566,6.937499999999991
7.799999999999988,7.871599999999988,0.09999999999999964,0.1,-3.608224830031759e-16,0.0,8,0,40,42,66.86567484504974,61.614067261785564,7.037499999999991
7.899999999999988,7.971599999999988,0.09999999999999964,0.1,-3.608224830031759e-16,0.0,8,0,41,42,66.61615082469115,61.51406726178556,7.13749999999999
7.999999999999988,8.071599999999988,0.09999999999999964,0.1,-3.608224830031759e-16,0.0,8,0,41,43,66.37316282310412,61.41406726178556,7.23749999999999
8.099999999999987,8.171599999999987,0.09999999999999964,0.1,-3.608224830031759e-16,0.0,8,0,41,44,66.1238566600015,61.31406726178556,7.33749999999999
8.199999999999987,8.271599999999987,0.09999999999999964,0.1,-3.608224830031759e-16,0.0,8,0,41,44,65.87479128760215,61.21406726178556,7.437499999999989
8.299999999999986,8.371599999999987,0.09999999999999964,0.1,-3.608224830031759e-16,0.0,8,0,41,45,65.63181726299115,61.11406726178556,7.537499999999989
8.399999999999986,8.471599999999986,0.09999999999999964,0.1,-3.608224830031759e-16,0.0,8,0,41,46,65.38269566852182,61.014067261785556,7.637499999999989
8.499999999999986,8.571599999999986,0.09999999999999964,0.1,-3.608224830031759e-16,0.0,8,0,42,47,65.13316458375581,60.914067261785554,7.737499999999988
8.599999999999985,8.671599999999986,0.09999999999999964,0.1,-3.608224830031759e-16,0.0,8,0,42,47,64.88518827543311,60.81406726178555,7.837499999999988
8.699999999999985,8.771599999999985,0.09999999999999964,0.1,-3.608224830031759e-16,0.0,8,0,42,46,64.65519758040128,60.71406726178555,7.937499999999988
8.799999999999985,8.871599999999985,0.09999999999999964,0.1,-3.608224830031759e-16,0.0,8,0,42,46,64.4392497358138,60.61406726178555,8.037499999999987
8.899999999999984,8.971599999999984,0.09999999999999964,0.1,-3.608224830031759e-16,0.0,8,0,42,47,64.23927384618648,60.51406726178555,8.137499999999987
8.999999999999984,9.071599999999984,0.09999999999999964,0.1,-3.608224830031759e-16,0.0,8,0,42,47,64.054985597813,60.41406726178555,8.237499999999986
9.099999999999984,9.171599999999984,0.09999999999999964,0.1,-3.608224830031759e-16,0.0,8,0,42,47,63.86837269861163,60.314067261785546,8.337499999999986
9.199999999999983,9.271599999999983,0.09999999999999964,0.1,-3.608224830031759e-16,0.0,8,0,42,47,63.687055770814055,60.214067261785544,8.437499999999986
9.299999999999983,9.371599999999983,0.09999999999999964,0.1,-3.608224830031759e-16,0.0,8,0,42,48,63.50239341739896,60.11406726178554,8.537499999999985
9.399999999999983,9.471599999999983,0.09999999999999964,0.1,-3.608224830031759e-16,0.0,8,0,42,48,63.316810006740155,60.01406726178554,8.637499999999985
9.499999999999982,9.571599999999982,0.09999999999999964,0.1,-3.608224830031759e-16,0.0,8,0,42,47,63.13570567728506,59.91406726178554,8.737499999999985
9.599999999999982,9.671599999999982,0.09999999999999964,0.1,-3.608224830031759e-16,0.0,8,0,42,47,62.94357696942503,59.81406726178554,8.837499999999984
9.699999999999982,9.771599999999982,0.09999999999999964,0.1,-3.608224830031759e-16,0.0,8,0,42,47,62.74912680587805,59.71406726178554,8.937499999999984
9.799999999999981,9.871599999999981,0.09999999999999964,0.1,-3.608224830031759e-16,0.0,8,0,42,47,62.568218516461776,59.614067261785536,9.037499999999984
9.89999999999998,9.971599999999981,0.09999999999999964,0.1,-3.608224830031759e-16,0.0,8,0,43,47,62.38298258814931,59.514067261785534,9.137499999999983
9.99999999999998,10.07159999999998,0.09999999999999964,0.1,-3.608224830031759e-16,0.0,8,0,44,47,62.197160181893395,59.41406726178553,9.237499999999983
10.09999999999998,10.17159999999998,0.09999999999999964,0.1,-3.608224830031759e-16,0.0,8,0,44,47,62.01535489373475,59.31406726178553,9.337499999999983
10.19999999999998,10.27159999999998,0.09999999999999964,0.1,-3.608224830031759e-16,0.0,8,0,45,47,61.82360184795127,59.21406726178553,9.437499999999982
10.29999999999998,10.37159999999998,0.09999999999999964,0.1,-3.608224830031759e-16,0.0,8,0,45,48,61.63296470941078,59.11406726178553,9.537499999999982
10.399999999999979,10.47159999999998,0.09999999999999964,0.1,-3.608224830031759e-16,0.0,8,0,45,48,61.44750181619393,59.01406726178553,9.637499999999982
10.499999999999979,10.571599999999979,0.09999999999999964,0.1,-3.608224830031759e-16,0.0,8,0,45,48,61.256187213453266,58.914067261785526,9.737499999999981
10.599999999999978,10.671599999999978,0.09999999999999964,0.1,-3.608224830031759e-16,0.0,8,0,45,49,61.068228386400705,58.814067261785524,9.83749999999998
10.699999999999978,10.771599999999978,0.09999999999999964,0.1,-3.608224830031759e-16,0.0,8,0,45,49,60.888369443341674,58.71406726178552,9.93749999999998
10.799999999999978,10.871599999999978,0.09999999999999964,0.1,-3.608224830031759e-16,0.0,8,0,45,50,60.701989522518566,58.61406726178552,10.03749999999998
10.899999999999977,10.971599999999977,0.09999999999999964,0.1,-3.608224830031759e-16,0.0,8,0,45,49,60.514352576280885,58.51406726178552,10.13749999999998
10.999999999999977,11.071599999999977,0.09999999999999964,0.1,-3.608224830031759e-16,0.0,8,0,45,50,60.33288467390036,58.41406726178552,10.23749999999998
11.099999999999977,11.171599999999977,0.09999999999999964,0.1,-3.608224830031759e-16,0.0,8,0,45,50,60.057042432591444,57.58445866967784,10.337499999999979
11.199999999999976,11.271599999999976,0.09999999999999964,0.1,-3.608224830031759e-16,0.0,8,0,45,50,59.80928278862018,56.98445866967784,10.437499999999979
11.299999999999976,11.413999999999977,0.1424000000000003,0.1,0.0424000000000003,0.0,8,0,44,50,64.86229190573896,62.072758363901656,10.537499999999978
11.399999999999975,11.513999999999976,0.09999999999999964,0.1,-3.608224830031759e-16,0.0,8,0,44,50,64.61389171257127,61.972758363901654,10.637499999999978
11.499999999999975,11.613999999999976,0.09999999999999964,0.1,-3.608224830031759e-16,0.0,8,0,44,50,64.36796255701616,61.87275836390165,10.737499999999978
11.599999999999975,11.713999999999976,0.09999999999999964,0.1,-3.608224830031759e-16,0.0,8,0,44,49,64.12141040901253,61.77275836390165,10.837499999999977
11.699999999999974,11.813999999999975,0.09999999999999964,0.1,-3.608224830031759e-16,0.0,8,0,45,49,63.87377825096756,61.67275836390165,10.937499999999977
11.799999999999974,11.913999999999975,0.09999999999999964,0.1,-3.608224830031759e-16,0.0,8,0,45,49,63.6297756188616,61.57275836390165,11.037499999999977
11.899999999999974,12.013999999999974,0.09999999999999964,0.1,-3.608224830031759e-16,0.0,8,0,45,49,63.38245752052829,61.47275836390165,11.137499999999976
11.999999999999973,12.113999999999974,0.09999999999999964,0.1,-3.608224830031759e-16,0.0,8,0,46,50,63.13395597398881,61.372758363901646,11.237499999999976
12.099999999999973,12.213999999999974,0.09999999999999964,0.1,-3.608224830031759e-16,0.0,8,0,46,51,62.890038493499866,61.272758363901644,11.337499999999975
12.199999999999973,12.313999999999973,0.09999999999999964,0.1,-3.608224830031759e-16,0.0,8,0,46,51,62.64299069104517,61.17275836390164,11.437499999999975
12.299999999999972,12.413999999999973,0.09999999999999964,0.1,-3.608224830031759e-16,0.0,8,0,46,51,62.39514867392329,61.07275836390164,11.537499999999975
12.399999999999972,12.513999999999973,0.09999999999999964,0.1,-3.608224830031759e-16,0.0,7,0,46,51,71.09087425579459,60.97275836390164,11.51428571428569
12.499999999999972,12.613999999999972,0.09999999999999964,0.1,-3.608224830031759e-16,0.0,7,0,46,51,70.89439642566286,60.87275836390164,11.614285714285689
12.599999999999971,12.713999999999972,0.09999999999999964,0.1,-3.608224830031759e-16,0.0,7,0,46,51,70.69726163677343,60.77275836390164,11.714285714285689
12.69999999999997,12.859199999999971,0.1451999999999991,0.1,0.0451999999999991,0.0,7,0,45,52,76.96296151400472,60.672758363901636,11.814285714285688
12.79999999999997,12.95919999999997,0.09999999999999964,0.1,-3.608224830031759e-16,0.0,7,0,45,52,76.76651314120025,60.572758363901634,11.914285714285688
12.89999999999997,13.05919999999997,0.09999999999999964,0.1,-3.608224830031759e-16,0.0,7,0,45,53,76.56941308856622,60.47275836390163,12.014285714285688
12.99999999999997,13.15919999999997,0.09999999999999964,0.1,-3.608224830031759e-16,0.0,7,0,45,54,76.37707357059355,60.37275836390163,12.114285714285687
13.09999999999997,13.25919999999997,0.09999999999999964,0.1,-3.608224830031759e-16,0.0,7,0,45,55,76.17933856421655,60.27275836390163,12.214285714285685
13.199999999999969,13.35919999999997,0.09999999999999964,0.1,-3.608224830031759e-16,0.0,7,0,46,56,75.97977493334933,60.17275836390163,12.314285714285687
13.299999999999969,13.459199999999969,0.09999999999999964,0.1,-3.608224830031759e-16,0.0,7,0,46,56,75.78844538324032,60.07275836390163,12.414285714285686
13.399999999999968,13.559199999999969,0.09999999999999964,0.1,-3.608224830031759e-16,0.0,7,0,46,56,75.59059271430469,59.972758363901626,12.514285714285686
13.499999999999968,13.659199999999968,0.09999999999999964,0.1,-3.608224830031759e-16,0.0,7,0,46,56,75.39038031850929,59.872758363901625,12.614285714285685
13.599999999999968,13.759199999999968,0.09999999999999964,0.1,-3.608224830031759e-16,0.0,7,0,46,56,75.19565660590855,59.77275836390162,12.714285714285685
13.699999999999967,13.859199999999968,0.09999999999999964,0.1,-3.608224830031759e-16,0.0,7,0,46,56,74.99777898912714,59.67275836390162,12.814285714285685
13.799999999999967,13.959199999999967,0.09999999999999964,0.1,-3.608224830031759e-16,0.0,7,0,46,56,74.79920625377031,59.57275836390162,12.914285714285684
13.899999999999967,14.059199999999967,0.09999999999999964,0.1,-3.608224830031759e-16,0.0,7,0,46,55,74.60122029732634,59.47275836390162,13.014285714285686
13.999999999999966,14.159199999999966,0.09999999999999964,0.1,-3.608224830031759e-16,0.0,7,0,46,55,74.40232064578007,59.37275836390162,13.114285714285684
14.099999999999966,14.259199999999966,0.09999999999999964,0.1,-3.608224830031759e-16,0.0,7,0,46,56,74.20824578257985,59.272758363901616,13.214285714285683
14.199999999999966,14.359199999999966,0.09999999999999964,0.1,-3.608224830031759e-16,0.0,7,0,47,56,74.01112178054684,59.172758363901615,13.314285714285683
14.299999999999965,14.459199999999965,0.09999999999999964,0.1,-3.608224830031759e-16,0.0,7,0,47,56,73.81274673993859,59.07275836390161,13.414285714285683
14.399999999999965,14.559199999999965,0.09999999999999964,0.1,-3.608224830031759e-16,0.0,7,0,47,56,73.61964120321254,58.97275836390161,13.514285714285682
14.499999999999964,14.659199999999965,0.09999999999999964,0.1,-3.608224830031759e-16,0.0,7,0,47,55,73.4213289241883,58.87275836390161,13.614285714285682
14.599999999999964,14.759199999999964,0.09999999999999964,0.1,-3.608224830031759e-16,0.0,7,0,47,56,73.22562918329956,58.77275836390161,13.714285714285682
14.699999999999964,14.859199999999964,0.09999999999999964,0.1,-3.608224830031759e-16,0.0,7,0,47,56,73.02991568740534,58.67275836390161,13.81428571428568
14.799999999999963,14.959199999999964,0.09999999999999964,0.1,-3.608224830031759e-16,0.0,7,0,48,57,72.83303940837143,58.572758363901606,13.91428571428568
14.899999999999963,15.059199999999963,0.09999999999999964,0.1,-3.608224830031759e-16,0.0,7,0,48,58,72.64181372398288,58.472758363901605,14.01428571428568
14.999999999999963,15.159199999999963,0.09999999999999964,0.1,-3.608224830031759e-16,0.0,7,0,48,58,72.44557784188753,58.3727583639016,14.11428571428568
15.099999999999962,15.259199999999963,0.09999999999999964,0.1,-3.608224830031759e-16,0.0,7,0,48,58,72.24888688491767,58.2727583639016,14.21428571428568
15.199999999999962,15.359199999999962,0.09999999999999964,0.1,-3.608224830031759e-16,0.0,7,0,48,58,72.05804611669795,58.1727583639016,14.31428571428568
15.299999999999962,15.459199999999962,0.09999999999999964,0.1,-3.608224830031759e-16,0.0,7,0,48,58,71.86202852906696,58.0727583639016,14.414285714285679
15.399999999999961,15.559199999999962,0.09999999999999964,0.1,-3.608224830031759e-16,0.0,7,0,48,58,71.66478311201797,57.9727583639016,14.514285714285679
15.499999999999961,15.659199999999961,0.09999999999999964,0.1,-3.608224830031759e-16,0.0,7,0,48,58,71.47324714143973,57.872758363901596,14.61428571428568
15.59999999999996,15.75919999999996,0.09999999999999964,0.1,-3.608224830031759e-16,0.0,7,0,49,58,71.27670783416771,57.772758363901595,14.714285714285678
15.69999999999996,15.85919999999996,0.09999999999999964,0.1,-3.608224830031759e-16,0.0,7,0,49,58,71.07962837229097,57.67275836390159,14.814285714285678
15.79999999999996,15.95919999999996,0.09999999999999964,0.1,-3.608224830031759e-16,0.0,7,0,49,58,70.88849453510592,57.57275836390159,14.914285714285677
15.89999999999996,16.05919999999996,0.10000000000000142,0.1,1.4155343563970746e-15,0.0,7,0,49,58,70.57093611194843,57.47275836390159,15.014285714285677
15.99999999999996,16.187599999999964,0.12840000000000273,0.1,0.02840000000000273,0.0,7,0,48,59,74.35902735525237,67.28272824950841,15.114285714285677
16.09999999999996,16.287599999999966,0.10000000000000142,0.1,1.4155343563970746e-15,0.0,7,0,48,59,74.1236227830074,66.87027704228106,15.214285714285676
16.19999999999996,16.387599999999967,0.10000000000000142,0.1,1.4155343563970746e-15,0.0,7,0,48,59,73.85368612821885,66.25230797733792,15.314285714285676
16.29999999999996,16.50879999999997,0.12120000000000175,0.1,0.021200000000001745,0.0,7,0,47,59,76.61367644837502,86.85230797733792,15.414285714285677
16.399999999999963,16.60879999999997,0.10000000000000142,0.1,1.4155343563970746e-15,0.0,7,0,48,59,76.49364712138116,86.75230797733792,15.514285714285677
16.499999999999964,16.70879999999997,0.10000000000000142,0.1,1.4155343563970746e-15,0.0,7,0,48,59,76.26136044552194,85.90154197639538,15.61428571428568
16.599999999999966,16.808799999999973,0.10000000000000142,0.1,1.4155343563970746e-15,0.0,7,0,48,59,76.06566759938484,85.30154197639538,15.71428571428568
16.699999999999967,16.908799999999975,0.10000000000000142,0.1,1.4155343563970746e-15,0.0,7,0,48,60,75.9246820748805,85.08458654618578,15.81428571428568
16.79999999999997,17.008799999999976,0.10000000000000142,0.1,1.4155343563970746e-15,0.0,7,0,48,60,75.79939194060059,84.98458654618578,15.91428571428568
16.89999999999997,17.108799999999977,0.10000000000000142,0.1,1.4155343563970746e-15,0.0,7,0,48,60,75.67995881152784,84.88458654618579,16.01428571428568
16.99999999999997,17.20879999999998,0.10000000000000142,0.1,1.4155343563970746e-15,0.0,7,0,48,60,75.55534757636487,84.78458654618579,16.114285714285682
17.099999999999973,17.30879999999998,0.10000000000000142,0.1,1.4155343563970746e-15,0.0,7,0,48,60,75.42963026393839,84.6845865461858,16.214285714285683
17.199999999999974,17.40879999999998,0.10000000000000142,0.1,1.4155343563970746e-15,0.0,7,0,48,61,75.3098748927132,84.5845865461858,16.314285714285685
17.299999999999976,17.508799999999983,0.10000000000000142,0.1,1.4155343563970746e-15,0.0,7,0,48,61,75.18492160760992,84.48458654618581,16.414285714285686
17.399999999999977,17.608799999999984,0.10000000000000142,0.1,1.4155343563970746e-15,0.0,7,0,48,61,75.05866257470599,84.38458654618582,16.514285714285684
17.49999999999998,17.708799999999986,0.10000000000000142,0.1,1.4155343563970746e-15,0.0,7,0,48,61,74.93927375830239,84.28458654618582,16.614285714285685
17.59999999999998,17.808799999999987,0.10000000000000142,0.1,1.4155343563970746e-15,0.0,7,0,48,61,74.8147095596482,84.18458654618583,16.714285714285687
17.69999999999998,17.90879999999999,0.10000000000000142,0.1,1.4155343563970746e-15,0.0,7,0,48,61,74.68892284013575,84.08458654618583,16.81428571428569
17.799999999999983,18.00879999999999,0.10000000000000142,0.1,1.4155343563970746e-15,0.0,7,0,48,60,74.56884076407627,83.98458654618584,16.91428571428569
17.899999999999984,18.10879999999999,0.10000000000000142,0.1,1.4155343563970746e-15,0.0,7,0,48,60,74.4437547913817,83.88458654618584,17.014285714285688
17.999999999999986,18.208799999999993,0.10000000000000142,0.1,1.4155343563970746e-15,0.0,7,0,48,60,74.31944266468565,83.78458654618585,17.114285714285693
18.099999999999987,18.308799999999994,0.10000000000000142,0.1,1.4155343563970746e-15,0.0,7,0,48,60,74.19511426539842,83.68458654618586,17.21428571428569
18.19999999999999,18.408799999999996,0.10000000000000142,0.1,1.4155343563970746e-15,0.0,7,0,48,60,74.06975909538468,83.58458654618586,17.314285714285692
18.29999999999999,18.508799999999997,0.10000000000000142,0.1,1.4155343563970746e-15,0.0,7,0,48,60,73.95027690655775,83.48458654618587,17.414285714285693
18.39999999999999,18.6088,0.10000000000000142,0.1,1.4155343563970746e-15,0.0,7,0,48,60,73.8256135960041,83.38458654618587,17.514285714285695
18.499999999999993,18.7088,0.10000000000000142,0.1,1.4155343563970746e-15,0.0,7,0,48,60,73.69970656421276,83.28458654618588,17.614285714285696
18.599999999999994,18.8088,0.10000000000000142,0.1,1.4155343563970746e-15,0.0,7,0,48,60,73.57952335731045,83.18458654618588,17.714285714285698
18.699999999999996,18.908800000000003,0.10000000000000142,0.1,1.4155343563970746e-15,0.0,7,0,48,60,73.45433848996679,83.08458654618589,17.8142857142857
18.799999999999997,19.008800000000004,0.10000000000000142,0.1,1.4155343563970746e-15,0.0,7,0,48,59,73.32846765670637,82.9845865461859,17.9142857142857
18.9,19.108800000000006,0.10000000000000142,0.1,1.4155343563970746e-15,0.0,7,0,48,59,73.20831487718833,82.8845865461859,18.014285714285702
19.0,19.208800000000007,0.10000000000000142,0.1,1.4155343563970746e-15,0.0,7,0,48,59,73.08315976442206,82.7845865461859,18.114285714285703
19.1,19.30880000000001,0.10000000000000142,0.1,1.4155343563970746e-15,0.0,7,0,48,59,72.95732505034645,82.68458654618591,18.214285714285705
19.200000000000003,19.40880000000001,0.10000000000000142,0.1,1.4155343563970746e-15,0.0,7,0,48,60,72.83720263151676,82.58458654618592,18.314285714285706
19.300000000000004,19.50880000000001,0.10000000000000142,0.1,1.4155343563970746e-15,0.0,7,0,48,60,72.71207720810673,82.48458654618592,18.414285714285707
19.400000000000006,19.608800000000013,0.10000000000000142,0.1,1.4155343563970746e-15,0.0,7,0,48,60,72.58627853404376,82.38458654618593,18.51428571428571
19.500000000000007,19.708800000000014,0.10000000000000142,0.1,1.4155343563970746e-15,0.0,7,0,48,60,72.46618640935267,82.28458654618593,18.614285714285707
19.60000000000001,19.808800000000016,0.10000000000000142,0.1,1.4155343563970746e-15,0.0,7,0,48,60,72.34109061022069,82.18458654618594,18.71428571428571
19.70000000000001,19.908800000000017,0.10000000000000142,0.1,1.4155343563970746e-15,0.0,7,0,48,60,72.21545884470397,82.08458654618595,18.814285714285713
19.80000000000001,20.00880000000002,0.10000000000000142,0.1,1.4155343563970746e-15,0.0,7,0,48,60,72.09576800585374,81.98458654618595,18.91428571428571
19.900000000000013,20.10880000000002,0.10000000000000142,0.1,1.4155343563970746e-15,0.0,7,0,48,60,71.97088321984297,81.88458654618596,19.014285714285712
20.000000000000014,20.20880000000002,0.10000000000000142,0.1,1.4155343563970746e-15,0.0,7,0,48,60,71.84470733822526,81.78458654618596,19.114285714285717
20.100000000000016,20.308800000000023,0.10000000000000142,0.1,1.4155343563970746e-15,0.0,7,0,48,60,71.72538124705623,81.68458654618597,19.21428571428572
20.200000000000017,20.408800000000024,0.10000000000000142,0.1,1.4155343563970746e-15,0.0,7,0,48,60,71.60088362927166,81.58458654618597,19.31428571428572
20.30000000000002,20.508800000000026,0.10000000000000142,0.1,1.4155343563970746e-15,0.0,7,0,48,60,71.47517773250802,81.48458654618598,19.414285714285718
20.40000000000002,20.608800000000027,0.10000000000000142,0.1,1.4155343563970746e-15,0.0,7,0,48,59,71.35516359359332,81.38458654618599,19.514285714285723
20.50000000000002,20.70880000000003,0.10000000000000142,0.1,1.4155343563970746e-15,0.0,7,0,48,59,71.2301440558251,81.28458654618599,19.614285714285725
20.600000000000023,20.80880000000003,0.10000000000000142,0.1,1.4155343563970746e-15,0.0,7,0,48,59,71.10589355917625,81.184586546186,19.714285714285722
20.700000000000024,20.90880000000003,0.10000000000000142,0.1,1.4155343563970746e-15,0.0,7,0,48,59,70.98163057825158,81.084586546186,19.814285714285724
20.800000000000026,21.008800000000033,0.10000000000000142,0.1,1.4155343563970746e-15,0.0,7,0,48,59,70.85635916976068,80.98458654618601,19.91428571428573
20.900000000000027,21.108800000000034,0.10000000000000142,0.1,1.4155343563970746e-15,0.0,7,0,48,59,70.73694016650079,80.88458654618601,20.01428571428573
21.00000000000003,21.208800000000036,0.10000000000000142,0.1,1.4155343563970746e-15,0.0,7,0,48,59,70.61234392544522,80.64438218929,20.11428571428573
21.10000000000003,21.308800000000037,0.10000000000000142,0.1,1.4155343563970746e-15,0.0,7,0,48,59,70.48651830955046,80.36360287802678,20.21428571428573
21.20000000000003,21.40880000000004,0.10000000000000142,0.1,1.4155343563970746e-15,0.0,7,0,48,59,70.36640353837491,80.12279947979792,20.314285714285734
21.300000000000033,21.50880000000004,0.10000000000000142,0.1,1.4155343563970746e-15,0.0,7,0,48,59,70.24128559351497,79.84697386577834,20.414285714285736
21.400000000000034,21.60880000000004,0.10000000000000142,0.1,1.4155343563970746e-15,0.0,7,0,48,58,70.11549599768992,79.5664466950029,20.514285714285734
21.500000000000036,21.708800000000043,0.10000000000000142,0.1,1.4155343563970746e-15,0.0,7,0,49,58,69.99541150388954,79.32585523840025,20.614285714285735
21.600000000000037,21.808800000000044,0.10000000000000142,0.1,1.4155343563970746e-15,0.0,7,0,50,58,69.8703231669149,79.05023687957771,20.71428571428574
21.70000000000004,21.908800000000046,0.10000000000000142,0.1,1.4155343563970746e-15,0.0,7,0,50,58,69.74456951220459,78.76996129660557,20.81428571428574
21.80000000000004,22.008800000000047,0.10000000000000142,0.1,1.4155343563970746e-15,0.0,7,0,50,58,69.6245152294123,78.52958131705941,20.914285714285743
21.90000000000004,22.10880000000005,0.10000000000000142,0.1,1.4155343563970746e-15,0.0,7,0,50,58,69.49945643542333,78.25416975913664,21.01428571428574
22.000000000000043,22.20880000000005,0.10000000000000142,0.1,1.4155343563970746e-15,0.0,7,0,50,58,69.37373864304591,77.97414521249478,21.114285714285746
22.100000000000044,22.30880000000005,0.10000000000000142,0.1,1.4155343563970746e-15,0.0,7,0,50,58,69.25371450504004,77.7339762464536,21.214285714285747
22.200000000000045,22.408800000000053,0.10000000000000142,0.1,1.4155343563970746e-15,0.0,7,0,50,59,69.12868518927941,77.45877103612916,21.314285714285745
22.300000000000047,22.508800000000054,0.10000000000000142,0.1,1.4155343563970746e-15,0.0,7,0,50,59,69.00300318062571,77.17899697555335,21.414285714285747
22.40000000000005,22.608800000000056,0.10000000000000142,0.1,1.4155343563970746e-15,0.0,7,0,50,60,68.88300912132978,76.93903856048179,21.51428571428575
22.50000000000005,22.708800000000057,0.10000000000000142,0.1,1.4155343563970746e-15,0.0,7,0,51,60,68.75800921918207,76.66403924544782,21.614285714285753
22.60000000000005,22.80880000000006,0.10000000000000142,0.1,1.4155343563970746e-15,0.0,7,0,51,60,68.63236291581525,76.38451512188,21.714285714285754
22.700000000000053,22.90880000000006,0.10000000000000142,0.1,1.4155343563970746e-15,0.0,7,0,51,60,68.51239886929761,76.14476679625658,21.814285714285752
22.800000000000054,23.00880000000006,0.10000000000000142,0.1,1.4155343563970746e-15,0.0,7,0,51,60,68.38742831628906,75.8699729251967,21.914285714285757
22.900000000000055,23.108800000000063,0.10000000000000142,0.1,1.4155343563970746e-15,0.0,7,0,51,60,68.26195691562422,75.5916731205429,22.01428571428576
23.000000000000057,23.208800000000064,0.10000000000000142,0.1,1.4155343563970746e-15,0.0,7,0,51,60,68.14238704811925,75.354684048008,22.114285714285757
23.10000000000006,23.308800000000065,0.10000000000000142,0.1,1.4155343563970746e-15,0.0,7,0,51,60,68.01763066939817,75.08138939696039,22.214285714285758
23.20000000000006,23.408800000000067,0.10000000000000142,0.1,1.4155343563970746e-15,0.0,7,0,51,60,67.89161066183524,74.79924934401991,22.314285714285763
23.30000000000006,23.50880000000007,0.10000000000000142,0.1,1.4155343563970746e-15,0.0,7,0,51,60,67.77240215437531,74.56478979180044,22.414285714285764
23.400000000000063,23.60880000000007,0.10000000000000142,0.1,1.4155343563970746e-15,0.0,7,0,51,60,67.64802934801091,74.29418014724956,22.514285714285766
23.500000000000064,23.70880000000007,0.10000000000000142,0.1,1.4155343563970746e-15,0.0,7,0,51,60,67.52247496026355,74.01529943301806,22.614285714285764
23.600000000000065,23.808800000000073,0.10000000000000142,0.1,1.4155343563970746e-15,0.0,7,0,51,59,67.40258817522042,73.77609193771612,22.71428571428577
23.700000000000067,23.908800000000074,0.10000000000000142,0.1,1.4155343563970746e-15,0.0,7,0,51,59,67.2776931752894,73.50182693819902,22.81428571428577
23.800000000000068,24.008800000000075,0.10000000000000142,0.1,1.4155343563970746e-15,0.0,7,0,52,59,67.08215467404608,72.73305742949569,22.914285714285768
23.90000000000007,24.108800000000077,0.10000000000000142,0.1,1.4155343563970746e-15,0.0,7,0,52,59,66.90713386748044,72.10791178353627,23.01428571428577
24.00000000000007,24.20880000000008,0.10000000000000142,0.1,1.4155343563970746e-15,0.0,7,0,52,59,66.72227767516658,71.41391843733915,23.114285714285774
24.100000000000072,24.30880000000008,0.10000000000000142,0.1,1.4155343563970746e-15,0.0,7,0,52,59,66.54658284758275,70.7840546442524,23.214285714285776
24.200000000000074,24.40880000000008,0.10000000000000142,0.1,1.4155343563970746e-15,0.0,7,0,52,59,66.36356676045516,70.10294203435916,23.314285714285777
24.300000000000075,24.553200000000082,0.14440000000000097,0.1,0.044400000000000966,0.0,7,0,51,59,72.53499533188374,77.48458654618621,23.414285714285775
24.400000000000077,24.653200000000083,0.10000000000000142,0.1,1.4155343563970746e-15,0.0,7,0,51,59,72.37932615147847,77.38458654618621,23.51428571428578
24.500000000000078,24.753200000000085,0.10000000000000142,0.1,1.4155343563970746e-15,0.0,7,0,52,59,72.16764378735044,77.28458654618622,23.61428571428578
24.60000000000008,24.853200000000086,0.10000000000000142,0.1,1.4155343563970746e-15,0.0,7,0,52,60,71.99621521592188,77.18458654618622,23.71428571428578
24.70000000000008,24.992800000000088,0.1396000000000015,0.1,0.039600000000001495,0.0,7,0,51,60,77.48192950163617,77.08458654618623,23.81428571428578
24.800000000000082,25.11900000000009,0.12620000000000076,0.1,0.02620000000000075,0.0,8,0,50,60,67.78418831393165,76.53148122262623,20.93750000000006
24.900000000000084,25.21900000000009,0.10000000000000142,0.1,1.4155343563970746e-15,0.0,8,0,50,59,67.49900307096068,75.8176200950711,21.037500000000062
25.000000000000085,25.31900000000009,0.10000000000000142,0.1,1.4155343563970746e-15,0.0,8,0,50,59,67.23816931634803,74.9309500581699,21.137500000000063
25.100000000000087,25.419000000000093,0.10000000000000142,0.1,1.4155343563970746e-15,0.0,8,0,51,59,66.73810653620026,74.3309500581699,21.237500000000065
25.200000000000088,25.519000000000094,0.10000000000000142,0.1,1.4155343563970746e-15,0.0,8,0,52,59,66.35516890228057,73.73095005816991,21.337500000000066
25.30000000000009,25.679000000000094,0.16000000000000014,0.1,0.06000000000000014,0.0,8,0,51,59,73.62221115512601,76.48458654618626,21.437500000000068
25.40000000000009,25.779000000000096,0.10000000000000142,0.1,1.4155343563970746e-15,0.0,8,0,51,59,73.3935429161459,76.38458654618627,21.53750000000007
25.500000000000092,25.879000000000097,0.10000000000000142,0.1,1.4155343563970746e-15,0.0,8,0,51,59,73.16363659388118,76.28458654618628,21.63750000000007
25.600000000000094,25.9790000000001,0.10000000000000142,0.1,1.4155343563970746e-15,0.0,8,0,51,60,72.97158412532433,76.18458654618628,21.73750000000007
25.700000000000095,26.0790000000001,0.10000000000000142,0.1,1.4155343563970746e-15,0.0,8,0,52,60,72.78919607540364,76.08458654618629,21.837500000000073
25.800000000000097,26.1790000000001,0.10000000000000142,0.1,1.4155343563970746e-15,0.0,8,0,52,60,72.61235087926163,75.98458654618629,21.937500000000075
25.900000000000098,26.279000000000103,0.10000000000000142,0.1,1.4155343563970746e-15,0.0,8,0,52,60,72.44189313210704,75.8845865461863,22.037500000000076
26.0000000000001,26.379000000000104,0.10000000000000142,0.1,1.4155343563970746e-15,0.0,8,0,54,60,72.27143538495244,75.7845865461863,22.137500000000077
26.1000000000001,26.531200000000105,0.15220000000000056,0.1,0.05220000000000055,0.0,8,0,53,60,78.62597763779789,75.68458654618631,22.23750000000008
26.200000000000102,26.631200000000106,0.10000000000000142,0.1,1.4155343563970746e-15,0.0,9,0,53,60,66.95258179342161,74.9,19.866666666666738
26.300000000000104,26.731200000000108,0.10000000000000142,0.1,1.4155343563970746e-15,0.0,9,0,53,60,66.68098031883126,73.98739880614544,19.96666666666674
26.400000000000105,26.83120000000011,0.10000000000000142,0.1,1.4155343563970746e-15,0.0,9,0,54,60,66.46986920772015,73.38739880614544,20.066666666666737
26.500000000000107,26.93120000000011,0.10000000000000142,0.1,1.4155343563970746e-15,0.0,9,0,54,61,66.25875809660904,72.78739880614545,20.16666666666674
26.600000000000108,27.031200000000112,0.10000000000000142,0.1,1.4155343563970746e-15,0.0,9,0,54,61,66.04764698549793,72.18739880614545,20.26666666666674
26.70000000000011,27.131200000000113,0.10000000000000142,0.1,1.4155343563970746e-15,0.0,9,0,54,61,65.83653587438683,71.58739880614546,20.36666666666674
26.80000000000011,27.231200000000115,0.10000000000000142,0.1,1.4155343563970746e-15,0.0,9,0,55,61,65.63242045889095,70.98739880614546,20.466666666666743
26.900000000000112,27.331200000000116,0.10000000000000142,0.1,1.4155343563970746e-15,0.0,9,0,55,62,65.45258497336522,70.38739880614547,20.566666666666745
27.000000000000114,27.431200000000118,0.10000000000000142,0.1,1.4155343563970746e-15,0.0,9,0,55,62,65.28488945282459,69.78739880614548,20.666666666666746
27.100000000000115,27.53120000000012,0.10000000000000142,0.1,1.4155343563970746e-15,0.0,9,0,55,62,65.14715085155157,69.40238123712126,20.766666666666747
27.200000000000117,27.63120000000012,0.10000000000000142,0.1,1.4155343563970746e-15,0.0,9,0,56,62,65.03131654216133,69.15987245260915,20.866666666666745
27.300000000000118,27.731200000000122,0.10000000000000142,0.1,1.4155343563970746e-15,0.0,9,0,56,62,64.92339938746622,68.98861806035309,20.966666666666747
27.40000000000012,27.831200000000123,0.10000000000000142,0.1,1.4155343563970746e-15,0.0,9,0,56,62,64.82339938746622,68.8886180603531,21.06666666666675
27.50000000000012,27.931200000000125,0.10000000000000142,0.1,1.4155343563970746e-15,0.0,9,0,56,62,64.72339938746623,68.7886180603531,21.166666666666753
27.600000000000122,28.031200000000126,0.10000000000000142,0.1,1.4155343563970746e-15,0.0,9,0,57,62,64.62339938746624,68.68861806035311,21.26666666666675
27.700000000000124,28.131200000000128,0.10000000000000142,0.1,1.4155343563970746e-15,0.0,9,0,57,62,64.52339938746623,68.58861806035311,21.366666666666752
27.800000000000125,28.23120000000013,0.10000000000000142,0.1,1.4155343563970746e-15,0.0,9,0,58,62,64.42339938746625,68.48861806035312,21.466666666666754
27.900000000000126,28.33120000000013,0.10000000000000142,0.1,1.4155343563970746e-15,0.0,9,0,58,62,64.32339938746625,68.38861806035312,21.566666666666755
28.000000000000128,28.431200000000132,0.10000000000000142,0.1,1.4155343563970746e-15,0.0,9,0,58,62,64.22339938746626,68.28861806035313,21.666666666666757
28.10000000000013,28.531200000000133,0.10000000000000142,0.1,1.4155343563970746e-15,0.0,9,0,58,62,64.12339938746625,68.18861806035314,21.766666666666758
28.20000000000013,28.631200000000135,0.10000000000000142,0.1,1.4155343563970746e-15,0.0,9,0,58,62,64.02339938746626,68.08861806035314,21.86666666666676
28.300000000000132,28.731200000000136,0.10000000000000142,0.1,1.4155343563970746e-15,0.0,9,0,58,62,63.92339938746626,67.98861806035315,21.96666666666676
28.400000000000134,28.831200000000138,0.10000000000000142,0.1,1.4155343563970746e-15,0.0,9,0,59,63,63.82339938746626,67.88861806035315,22.066666666666762
28.500000000000135,28.93120000000014,0.10000000000000142,0.1,1.4155343563970746e-15,0.0,9,0,59,63,63.723399387466266,67.78861806035316,22.16666666666676
28.600000000000136,29.03120000000014,0.10000000000000142,0.1,1.4155343563970746e-15,0.0,9,0,59,63,63.623399387466264,67.68861806035316,22.26666666666676
28.700000000000138,29.131200000000142,0.10000000000000142,0.1,1.4155343563970746e-15,0.0,9,0,59,63,63.52339938746627,67.58861806035317,22.366666666666767
28.80000000000014,29.231200000000143,0.10000000000000142,0.1,1.4155343563970746e-15,0.0,9,0,59,63,63.423399387466276,67.48861806035318,22.466666666666768
28.90000000000014,29.331200000000145,0.10000000000000142,0.1,1.4155343563970746e-15,0.0,9,0,59,64,63.323399387466274,67.38861806035318,22.566666666666766
29.000000000000142,29.431200000000146,0.10000000000000142,0.1,1.4155343563970746e-15,0.0,9,0,59,64,63.22339938746628,67.28861806035319,22.666666666666767
29.100000000000144,29.531200000000148,0.10000000000000142,0.1,1.4155343563970746e-15,0.0,9,0,59,64,63.12339938746628,67.18861806035319,22.76666666666677
29.200000000000145,29.63120000000015,0.10000000000000142,0.1,1.4155343563970746e-15,0.0,9,0,59,64,63.023399387466284,67.0886180603532,22.86666666666677
29.300000000000146,29.73120000000015,0.10000000000000142,0.1,1.4155343563970746e-15,0.0,9,0,59,64,62.92339938746628,66.9886180603532,22.966666666666768
29.400000000000148,29.831200000000152,0.10000000000000142,0.1,1.4155343563970746e-15,0.0,9,0,60,65,62.8233993874663,66.88861806035321,23.066666666666773
29.50000000000015,29.931200000000153,0.10000000000000142,0.1,1.4155343563970746e-15,0.0,9,0,60,65,62.7233993874663,66.78861806035322,23.166666666666774
29.60000000000015,30.031200000000155,0.10000000000000142,0.1,1.4155343563970746e-15,0.0,9,0,60,65,62.62339938746631,66.68861806035322,23.266666666666776
29.700000000000152,30.131200000000156,0.10000000000000142,0.1,1.4155343563970746e-15,0.0,9,0,60,65,62.523399387466306,66.58861806035323,23.366666666666774
29.800000000000153,30.231200000000158,0.10000000000000142,0.1,1.4155343563970746e-15,0.0,9,0,61,66,62.42339938746631,66.48861806035323,23.466666666666775
29.900000000000155,30.33120000000016,0.10000000000000142,0.1,1.4155343563970746e-15,0.0,9,0,61,66,62.32339938746631,66.38861806035324,23.566666666666777
30.000000000000156,30.43120000000016,0.10000000000000142,0.1,1.4155343563970746e-15,0.0,9,0,61,66,62.223399387466316,66.28861806035324,23.666666666666778
30.100000000000158,30.53120000000016,0.10000000000000142,0.1,1.4155343563970746e-15,0.0,9,0,62,67,62.12339938746632,66.18861806035325,23.76666666666678
30.20000000000016,30.631200000000163,0.10000000000000142,0.1,1.4155343563970746e-15,0.0,9,0,64,67,62.02339938746632,66.08861806035326,23.86666666666678
30.30000000000016,30.731200000000165,0.10000000000000142,0.1,1.4155343563970746e-15,0.0,9,0,64,67,61.923399387466326,65.98861806035326,23.966666666666782
30.400000000000162,30.831200000000166,0.10000000000000142,0.1,1.4155343563970746e-15,0.0,9,0,64,68,61.823399387466324,65.88861806035327,24.066666666666784
30.500000000000163,30.931200000000167,0.10000000000000142,0.1,1.4155343563970746e-15,0.0,9,0,65,67,61.72339938746633,65.78861806035327,24.166666666666785
30.600000000000165,31.03120000000017,0.10000000000000142,0.1,1.4155343563970746e-15,0.0,9,0,65,67,61.62339938746633,65.68861806035328,24.266666666666783
30.700000000000166,31.13120000000017,0.10000000000000142,0.1,1.4155343563970746e-15,0.0,9,0,65,67,61.52339938746635,65.58861806035328,24.366666666666784
30.800000000000168,31.23120000000017,0.10000000000000142,0.1,1.4155343563970746e-15,0.0,9,0,65,67,61.42339938746635,65.48861806035329,24.466666666666786
30.90000000000017,31.331200000000173,0.10000000000000142,0.1,1.4155343563970746e-15,0.0,9,0,65,67,61.32339938746635,65.3886180603533,24.56666666666679
31.00000000000017,31.431200000000175,0.10000000000000142,0.1,1.4155343563970746e-15,0.0,9,0,66,67,61.22339938746635,65.2886180603533,24.66666666666679
31.100000000000172,31.531200000000176,0.10000000000000142,0.1,1.4155343563970746e-15,0.0,9,0,67,67,61.12339938746636,65.1886180603533,24.76666666666679
31.200000000000173,31.631200000000177,0.10000000000000142,0.1,1.4155343563970746e-15,0.0,9,0,68,67,61.023399387466355,65.08861806035331,24.86666666666679
31.300000000000175,31.73120000000018,0.10000000000000142,0.1,1.4155343563970746e-15,0.0,9,0,70,67,60.92339938746636,64.98861806035332,24.966666666666793
31.400000000000176,31.83120000000018,0.10000000000000142,0.1,1.4155343563970746e-15,0.0,9,0,70,67,60.82339938746637,64.88861806035332,25.06666666666679
31.500000000000178,31.93120000000018,0.10000000000000142,0.1,1.4155343563970746e-15,0.0,9,0,70,67,60.723399387466365,64.78861806035333,25.166666666666792
31.60000000000018,32.03120000000018,0.10000000000000142,0.1,1.4155343563970746e-15,0.0,9,0,71,67,60.62339938746637,64.68861806035333,25.266666666666794
31.70000000000018,32.131200000000185,0.10000000000000142,0.1,1.4155343563970746e-15,0.0,9,0,72,67,60.52339938746637,64.58861806035334,25.366666666666795
31.800000000000182,32.231200000000186,0.10000000000000142,0.1,1.4155343563970746e-15,0.0,9,0,73,67,60.423399387466375,64.48861806035335,25.466666666666796
31.900000000000183,32.33120000000019,0.10000000000000142,0.1,1.4155343563970746e-15,0.0,9,0,74,67,60.323399387466374,64.38861806035335,25.566666666666798
32.000000000000185,32.43120000000019,0.10000000000000142,0.1,1.4155343563970746e-15,0.0,9,0,74,67,60.22339938746638,64.28861806035336,25.6666666666668
32.100000000000186,32.53120000000019,0.10000000000000142,0.1,1.4155343563970746e-15,0.0,9,0,76,67,60.12339938746638,64.18861806035336,25.7666666666668
32.20000000000019,32.63120000000019,0.10000000000000142,0.1,1.4155343563970746e-15,0.0,9,0,78,67,60.023399387466384,64.08861806035337,25.866666666666802
32.30000000000019,32.73120000000019,0.10000000000000142,0.1,1.4155343563970746e-15,0.0,9,0,79,67,59.92339938746639,63.98861806035337,25.9666666666668
32.40000000000019,32.831200000000194,0.10000000000000142,0.1,1.4155343563970746e-15,0.0,9,0,79,66,59.82339938746639,63.888618060353366,26.0666666666668
32.50000000000019,32.931200000000196,0.10000000000000142,0.1,1.4155343563970746e-15,0.0,9,0,79,66,59.723399387466394,63.788618060353365,26.166666666666806
32.60000000000019,33.0312000000002,0.10000000000000142,0.1,1.4155343563970746e-15,0.0,9,0,79,66,59.62339938746639,63.68861806035336,26.266666666666808
32.700000000000195,33.1312000000002,0.10000000000000142,0.1,1.4155343563970746e-15,0.0,9,0,79,66,59.5233993874664,63.58861806035336,26.366666666666806
32.800000000000196,33.2312000000002,0.10000000000000142,0.1,1.4155343563970746e-15,0.0,9,0,79,67,59.4233993874664,63.48861806035336,26.466666666666807
32.9000000000002,33.3312000000002,0.10000000000000142,0.1,1.4155343563970746e-15,0.0,9,0,79,67,59.3233993874664,63.38861806035336,26.56666666666681
33.0000000000002,33.4312000000002,0.10000000000000142,0.1,1.4155343563970746e-15,0.0,9,0,79,68,59.223399387466394,63.28861806035336,26.66666666666681
33.1000000000002,33.531200000000204,0.10000000000000142,0.1,1.4155343563970746e-15,0.0,9,0,79,68,59.12339938746639,63.188618060353356,26.766666666666808
33.2000000000002,33.631200000000206,0.10000000000000142,0.1,1.4155343563970746e-15,0.0,9,0,79,68,59.0233993874664,63.088618060353355,26.86666666666681
33.3000000000002,33.73120000000021,0.10000000000000142,0.1,1.4155343563970746e-15,0.0,9,0,80,68,58.9233993874664,62.98861806035335,26.96666666666681
33.400000000000205,33.83120000000021,0.10000000000000142,0.1,1.4155343563970746e-15,0.0,9,0,80,68,58.8233993874664,62.88861806035335,27.066666666666816
33.500000000000206,33.93120000000021,0.10000000000000142,0.1,1.4155343563970746e-15,0.0,9,0,81,68,58.7233993874664,62.78861806035335,27.166666666666814
33.60000000000021,34.03120000000021,0.10000000000000142,0.1,1.4155343563970746e-15,0.0,9,0,81,68,58.62339938746641,62.68861806035335,27.266666666666815
33.70000000000021,34.13120000000021,0.10000000000000142,0.1,1.4155343563970746e-15,0.0,9,0,81,68,58.52339938746641,62.58861806035335,27.366666666666816
33.80000000000021,34.231200000000214,0.10000000000000142,0.1,1.4155343563970746e-15,0.0,9,0,81,68,58.42339938746641,62.488618060353346,27.466666666666818
33.90000000000021,34.331200000000216,0.10000000000000142,0.1,1.4155343563970746e-15,0.0,9,0,81,68,58.32339938746642,62.388618060353345,27.56666666666682
34.00000000000021,34.43120000000022,0.10000000000000142,0.1,1.4155343563970746e-15,0.0,9,0,81,68,58.223399387466415,62.28861806035334,27.666666666666817
34.100000000000215,34.53120000000022,0.10000000000000142,0.1,1.4155343563970746e-15,0.0,9,0,81,68,58.12339938746642,62.18861806035334,27.766666666666822
34.200000000000216,34.63120000000022,0.10000000000000142,0.1,1.4155343563970746e-15,0.0,9,0,82,68,58.02339938746642,62.08861806035334,27.866666666666823
34.30000000000022,34.73120000000022,0.10000000000000142,0.1,1.4155343563970746e-15,0.0,9,0,83,68,57.923399387466425,61.98861806035334,27.966666666666825
34.40000000000022,34.83120000000022,0.10000000000000142,0.1,1.4155343563970746e-15,0.0,9,0,83,68,57.823399387466424,61.88861806035334,28.066666666666823
34.50000000000022,34.931200000000224,0.10000000000000142,0.1,1.4155343563970746e-15,0.0,9,0,83,68,57.72339938746643,61.788618060353336,28.166666666666824
34.60000000000022,35.031200000000226,0.10000000000000142,0.1,1.4155343563970746e-15,0.0,9,0,83,68,57.623399387466435,61.688618060353335,28.266666666666826
34.70000000000022,35.13120000000023,0.10000000000000142,0.1,1.4155343563970746e-15,0.0,9,0,83,68,57.52339938746643,61.58861806035333,28.366666666666827
34.800000000000225,35.23120000000023,0.10000000000000142,0.1,1.4155343563970746e-15,0.0,9,0,83,68,57.42339938746644,61.48861806035333,28.46666666666683
34.900000000000226,35.33120000000023,0.10000000000000142,0.1,1.4155343563970746e-15,0.0,9,0,84,68,57.32339938746644,61.38861806035333,28.566666666666826
35.00000000000023,35.43120000000023,0.10000000000000142,0.1,1.4155343563970746e-15,0.0,9,0,84,69,57.22339938746644,61.28861806035333,28.66666666666683
35.10000000000023,35.53120000000023,0.10000000000000142,0.1,1.4155343563970746e-15,0.0,9,0,84,69,57.12339938746644,61.18861806035333,28.76666666666683
35.20000000000023,35.631200000000234,0.10000000000000142,0.1,1.4155343563970746e-15,0.0,9,0,84,69,57.02339938746645,61.088618060353326,28.86666666666683
35.30000000000023,35.731200000000236,0.10000000000000142,0.1,1.4155343563970746e-15,0.0,9,0,85,69,56.92339938746644,60.988618060353325,28.966666666666836
35.40000000000023,35.83120000000024,0.10000000000000142,0.1,1.4155343563970746e-15,0.0,9,0,86,69,56.823399387466445,60.88861806035332,29.066666666666833
35.500000000000234,35.93120000000024,0.10000000000000142,0.1,1.4155343563970746e-15,0.0,9,0,87,69,56.72339938746645,60.78861806035332,29.16666666666684
35.600000000000236,36.03120000000024,0.10000000000000142,0.1,1.4155343563970746e-15,0.0,9,0,87,69,56.62339938746645,60.68861806035332,29.266666666666836
35.70000000000024,36.13120000000024,0.10000000000000142,0.1,1.4155343563970746e-15,0.0,9,0,87,69,56.523399387466455,60.58861806035332,29.366666666666838
35.80000000000024,36.23120000000024,0.10000000000000142,0.1,1.4155343563970746e-15,0.0,9,0,88,69,56.42339938746645,60.48861806035332,29.466666666666836
35.90000000000024,36.331200000000244,0.10000000000000142,0.1,1.4155343563970746e-15,0.0,9,0,88,69,56.32339938746646,60.388618060353316,29.56666666666684
36.00000000000024,36.431200000000246,0.10000000000000142,0.1,1.4155343563970746e-15,0.0,9,0,88,69,56.22339938746646,60.288618060353315,29.66666666666684
36.10000000000024,36.53120000000025,0.10000000000000142,0.1,1.4155343563970746e-15,0.0,9,0,89,69,56.123399387466456,60.18861806035331,29.76666666666684
36.200000000000244,36.63120000000025,0.10000000000000142,0.1,1.4155343563970746e-15,0.0,9,0,90,69,56.02339938746646,60.08861806035331,29.866666666666845
36.300000000000246,36.73120000000025,0.10000000000000142,0.1,1.4155343563970746e-15,0.0,9,0,90,69,55.92339938746646,59.98861806035331,29.966666666666843
36.40000000000025,36.83120000000025,0.10000000000000142,0.1,1.4155343563970746e-15,0.0,9,0,90,69,55.823399387466466,59.88861806035331,30.066666666666848
36.50000000000025,36.93120000000025,0.10000000000000142,0.1,1.4155343563970746e-15,0.0,9,0,91,70,55.723399387466465,59.78861806035331,30.166666666666842
36.60000000000025,37.031200000000254,0.10000000000000142,0.1,1.4155343563970746e-15,0.0,9,0,91,70,55.62339938746647,59.688618060353306,30.266666666666847
36.70000000000025,37.131200000000256,0.10000000000000142,0.1,1.4155343563970746e-15,0.0,9,0,91,70,55.52339938746647,59.588618060353305,30.366666666666845
36.80000000000025,37.23120000000026,0.10000000000000142,0.1,1.4155343563970746e-15,0.0,9,0,92,70,55.423399387466475,59.4886180603533,30.46666666666685
36.900000000000254,37.33120000000026,0.10000000000000142,0.1,1.4155343563970746e-15,0.0,9,0,92,70,55.32339938746648,59.3886180603533,30.566666666666848
37.000000000000256,37.43120000000026,0.10000000000000142,0.1,1.4155343563970746e-15,0.0,9,0,93,70,55.22339938746648,59.2886180603533,30.66666666666685
37.10000000000026,37.53120000000026,0.10000000000000142,0.1,1.4155343563970746e-15,0.0,9,0,94,70,55.123399387466485,59.1886180603533,30.766666666666854
37.20000000000026,37.63120000000026,0.10000000000000142,0.1,1.4155343563970746e-15,0.0,9,0,94,70,55.02339938746648,59.0886180603533,30.866666666666852
37.30000000000026,37.731200000000264,0.10000000000000142,0.1,1.4155343563970746e-15,0.0,9,0,94,70,54.92339938746649,58.988618060353296,30.966666666666853
37.40000000000026,37.831200000000266,0.10000000000000142,0.1,1.4155343563970746e-15,0.0,9,0,94,70,54.82339938746649,58.888618060353295,31.06666666666685
37.50000000000026,37.93120000000027,0.10000000000000142,0.1,1.4155343563970746e-15,0.0,9,0,95,70,54.72339938746649,58.78861806035329,31.166666666666856
37.600000000000264,38.03120000000027,0.10000000000000142,0.1,1.4155343563970746e-15,0.0,9,0,95,70,54.62339938746649,58.68861806035329,31.266666666666854
37.700000000000266,38.13120000000027,0.10000000000000142,0.1,1.4155343563970746e-15,0.0,9,0,95,71,54.52339938746649,58.58861806035329,31.36666666666686
37.80000000000027,38.23120000000027,0.10000000000000142,0.1,1.4155343563970746e-15,0.0,9,0,96,72,54.423399387466496,58.48861806035329,31.46666666666686
37.90000000000027,38.33120000000027,0.10000000000000142,0.1,1.4155343563970746e-15,0.0,9,0,98,72,54.323399387466495,58.38861806035329,31.56666666666686
38.00000000000027,38.431200000000274,0.10000000000000142,0.1,1.4155343563970746e-15,0.0,9,0,99,72,54.2233993874665,58.288618060353286,31.666666666666863
38.10000000000027,38.531200000000275,0.10000000000000142,0.1,1.4155343563970746e-15,0.0,9,0,100,72,54.1233993874665,58.188618060353285,31.76666666666686
38.20000000000027,38.63120000000028,0.10000000000000142,0.1,1.4155343563970746e-15,0.0,9,0,101,72,54.023399387466505,58.088618060353284,31.866666666666863
38.300000000000274,38.73120000000028,0.10000000000000142,0.1,1.4155343563970746e-15,0.0,9,0,101,73,53.9233993874665,57.98861806035328,31.96666666666686
38.400000000000276,38.83120000000028,0.10000000000000142,0.1,1.4155343563970746e-15,0.0,9,0,101,73,53.8233993874665,57.88861806035328,32.06666666666686
38.50000000000028,38.93120000000028,0.10000000000000142,0.1,1.4155343563970746e-15,0.0,9,0,101,73,53.72339938746651,57.78861806035328,32.16666666666687
38.60000000000028,39.03120000000028,0.10000000000000142,0.1,1.4155343563970746e-15,0.0,9,0,101,73,53.623399387466506,57.68861806035328,32.266666666666865
38.70000000000028,39.131200000000284,0.10000000000000142,0.1,1.4155343563970746e-15,0.0,9,0,101,73,53.523399387466505,57.58861806035328,32.36666666666687
38.80000000000028,39.231200000000285,0.10000000000000142,0.1,1.4155343563970746e-15,0.0,9,0,101,73,53.4233993874665,57.488618060353275,32.46666666666687
38.90000000000028,39.33120000000029,0.10000000000000142,0.1,1.4155343563970746e-15,0.0,9,0,103,73,53.32339938746651,57.388618060353274,32.56666666666687
39.000000000000284,39.43120000000029,0.10000000000000142,0.1,1.4155343563970746e-15,0.0,9,0,103,73,53.22339938746651,57.28861806035327,32.66666666666687
39.100000000000286,39.53120000000029,0.10000000000000142,0.1,1.4155343563970746e-15,0.0,9,0,103,73,53.123399387466506,57.18861806035327,32.76666666666687
39.20000000000029,39.63120000000029,0.10000000000000142,0.1,1.4155343563970746e-15,0.0,9,0,103,74,53.02339938746651,57.08861806035327,32.86666666666687
39.30000000000029,39.73120000000029,0.10000000000000142,0.1,1.4155343563970746e-15,0.0,9,0,103,74,52.9233993874665,56.98861806035327,32.966666666666875
39.40000000000029,39.831200000000294,0.10000000000000142,0.1,1.4155343563970746e-15,0.0,9,0,104,74,52.82339938746651,56.88861806035327,33.066666666666876
39.50000000000029,39.931200000000295,0.10000000000000142,0.1,1.4155343563970746e-15,0.0,9,0,104,74,52.723399387466515,56.788618060353265,33.16666666666688
39.60000000000029,40.0312000000003,0.10000000000000142,0.1,1.4155343563970746e-15,0.0,9,0,104,74,52.623399387466506,56.688618060353264,33.26666666666688
39.700000000000294,40.1312000000003,0.10000000000000142,0.1,1.4155343563970746e-15,0.0,9,0,104,74,52.52339938746651,56.58861806035326,33.36666666666687
39.800000000000296,40.2312000000003,0.10000000000000142,0.1,1.4155343563970746e-15,0.0,9,0,104,74,52.42339938746651,56.48861806035326,33.46666666666688
39.9000000000003,40.3312000000003,0.10000000000000142,0.1,1.4155343563970746e-15,0.0,9,0,105,74,52.32339938746651,56.38861806035326,33.566666666666876
40.0000000000003,40.4312000000003,0.10000000000000142,0.1,1.4155343563970746e-15,0.0,9,0,106,74,52.223399387466515,56.28861806035326,33.666666666666885
40.1000000000003,40.531200000000304,0.10000000000000142,0.1,1.4155343563970746e-15,0.0,9,0,106,74,52.12339938746651,56.18861806035326,33.76666666666688
40.2000000000003,40.631200000000305,0.10000000000000142,0.1,1.4155343563970746e-15,0.0,9,0,106,74,52.02339938746652,56.088618060353255,33.86666666666688
40.3000000000003,40.73120000000031,0.10000000000000142,0.1,1.4155343563970746e-15,0.0,9,0,106,74,51.92339938746651,55.988618060353254,33.96666666666689
40.400000000000304,40.83120000000031,0.10000000000000142,0.1,1.4155343563970746e-15,0.0,9,0,107,74,51.823399387466516,55.88861806035325,34.06666666666688
40.500000000000306,40.93120000000031,0.10000000000000142,0.1,1.4155343563970746e-15,0.0,9,0,107,74,51.723399387466515,55.78861806035325,34.166666666666885
40.60000000000031,41.03120000000031,0.10000000000000142,0.1,1.4155343563970746e-15,0.0,9,0,107,74,51.62339938746651,55.68861806035325,34.266666666666886
40.70000000000031,41.13120000000031,0.10000000000000142,0.1,1.4155343563970746e-15,0.0,9,0,107,74,51.52339938746652,55.58861806035325,34.36666666666689
40.80000000000031,41.231200000000314,0.10000000000000142,0.1,1.4155343563970746e-15,0.0,9,0,107,74,51.42339938746652,55.48861806035325,34.46666666666689
40.90000000000031,41.331200000000315,0.10000000000000142,0.1,1.4155343563970746e-15,0.0,9,0,109,74,51.323399387466516,55.388618060353245,34.56666666666689
41.00000000000031,41.43120000000032,0.10000000000000142,0.1,1.4155343563970746e-15,0.0,9,0,110,74,51.223399387466515,55.288618060353244,34.66666666666689
41.100000000000314,41.53120000000032,0.10000000000000142,0.1,1.4155343563970746e-15,0.0,9,0,110,74,51.12339938746652,55.18861806035324,34.76666666666689
41.200000000000315,41.63120000000032,0.10000000000000142,0.1,1.4155343563970746e-15,0.0,9,0,110,74,51.02339938746652,55.08861806035324,34.866666666666895
41.30000000000032,41.73120000000032,0.10000000000000142,0.1,1.4155343563970746e-15,0.0,9,0,111,74,50.92339938746652,54.98861806035324,34.966666666666896
41.40000000000032,41.83120000000032,0.10000000000000142,0.1,1.4155343563970746e-15,0.0,9,0,111,74,50.82339938746652,54.88861806035324,35.0666666666669
41.50000000000032,41.931200000000324,0.10000000000000142,0.1,1.4155343563970746e-15,0.0,9,0,112,75,50.723399387466515,54.78861806035324,35.1666666666669
41.60000000000032,42.031200000000325,0.10000000000000142,0.1,1.4155343563970746e-15,0.0,9,0,115,75,50.62339938746652,54.688618060353235,35.2666666666669
41.70000000000032,42.13120000000033,0.10000000000000142,0.1,1.4155343563970746e-15,0.0,9,0,115,75,50.523399387466526,54.588618060353234,35.3666666666669
41.800000000000324,42.23120000000033,0.10000000000000142,0.1,1.4155343563970746e-15,0.0,9,0,116,76,50.423399387466525,54.48861806035323,35.466666666666896
41.900000000000325,42.33120000000033,0.10000000000000142,0.1,1.4155343563970746e-15,0.0,9,0,116,76,50.32339938746652,54.38861806035323,35.566666666666904
42.00000000000033,42.43120000000033,0.10000000000000142,0.1,1.4155343563970746e-15,0.0,9,0,116,76,50.22339938746652,54.28861806035323,35.666666666666906
42.10000000000033,42.53120000000033,0.10000000000000142,0.1,1.4155343563970746e-15,0.0,9,0,117,76,50.12339938746653,54.18861806035323,35.76666666666691
42.20000000000033,42.631200000000334,0.10000000000000142,0.1,1.4155343563970746e-15,0.0,9,0,117,76,50.023399387466526,54.08861806035323,35.86666666666691
42.30000000000033,42.731200000000335,0.10000000000000142,0.1,1.4155343563970746e-15,0.0,9,0,117,76,49.923399387466525,53.988618060353225,35.9666666666669
42.40000000000033,42.83120000000034,0.10000000000000142,0.1,1.4155343563970746e-15,0.0,9,0,117,76,49.82339938746653,53.888618060353224,36.06666666666691
42.500000000000334,42.93120000000034,0.10000000000000142,0.1,1.4155343563970746e-15,0.0,9,0,117,76,49.72339938746652,53.78861806035322,36.16666666666691
42.600000000000335,43.03120000000034,0.10000000000000142,0.1,1.4155343563970746e-15,0.0,9,0,117,76,49.62339938746653,53.68861806035322,36.26666666666691
42.70000000000034,43.13120000000034,0.10000000000000142,0.1,1.4155343563970746e-15,0.0,9,0,117,76,49.523399387466526,53.58861806035322,36.366666666666916
42.80000000000034,43.23120000000034,0.10000000000000142,0.1,1.4155343563970746e-15,0.0,9,0,118,76,49.423399387466525,53.48861806035322,36.46666666666691
42.90000000000034,43.331200000000344,0.10000000000000142,0.1,1.4155343563970746e-15,0.0,9,0,118,76,49.32339938746653,53.38861806035322,36.56666666666692
43.00000000000034,43.431200000000345,0.10000000000000142,0.1,1.4155343563970746e-15,0.0,9,0,118,76,49.22339938746653,53.288618060353215,36.66666666666692
43.10000000000034,43.53120000000035,0.10000000000000142,0.1,1.4155343563970746e-15,0.0,9,0,118,76,49.12339938746653,53.188618060353214,36.766666666666914
43.200000000000344,43.63120000000035,0.10000000000000142,0.1,1.4155343563970746e-15,0.0,9,0,118,77,49.023399387466526,53.08861806035321,36.86666666666692
43.300000000000345,43.73120000000035,0.10000000000000142,0.1,1.4155343563970746e-15,0.0,9,0,119,77,48.92339938746653,52.98861806035321,36.966666666666924
43.40000000000035,43.83120000000035,0.10000000000000142,0.1,1.4155343563970746e-15,0.0,9,0,119,77,48.82339938746653,52.88861806035321,37.06666666666692
43.50000000000035,43.93120000000035,0.10000000000000142,0.1,1.4155343563970746e-15,0.0,9,0,120,77,48.72339938746653,52.78861806035321,37.16666666666693
43.60000000000035,44.031200000000354,0.10000000000000142,0.1,1.4155343563970746e-15,0.0,9,0,123,77,48.623399387466534,52.68861806035321,37.26666666666693
43.70000000000035,44.131200000000355,0.10000000000000142,0.1,1.4155343563970746e-15,0.0,9,0,123,77,48.523399387466526,52.588618060353205,37.36666666666693
43.80000000000035,44.23120000000036,0.10000000000000142,0.1,1.4155343563970746e-15,0.0,9,0,124,77,48.42339938746653,52.488618060353204,37.46666666666693
43.900000000000354,44.33120000000036,0.10000000000000142,0.1,1.4155343563970746e-15,0.0,9,0,125,77,48.32339938746654,52.3886180603532,37.566666666666926
44.000000000000355,44.43120000000036,0.10000000000000142,0.1,1.4155343563970746e-15,0.0,9,0,125,77,48.22339938746653,52.2886180603532,37.666666666666934
44.10000000000036,44.53120000000036,0.10000000000000142,0.1,1.4155343563970746e-15,0.0,9,0,125,77,48.123399387466534,52.1886180603532,37.766666666666936
44.20000000000036,44.63120000000036,0.10000000000000142,0.1,1.4155343563970746e-15,0.0,9,0,125,77,48.02339938746653,52.0886180603532,37.86666666666693
44.30000000000036,44.731200000000364,0.10000000000000142,0.1,1.4155343563970746e-15,0.0,9,0,126,77,47.92339938746654,51.9886180603532,37.96666666666694
44.40000000000036,44.831200000000365,0.10000000000000142,0.1,1.4155343563970746e-15,0.0,9,0,126,77,47.82339938746654,51.888618060353195,38.06666666666693
44.50000000000036,44.931200000000366,0.10000000000000142,0.1,1.4155343563970746e-15,0.0,9,0,127,77,47.723399387466536,51.788618060353194,38.16666666666694
44.600000000000364,45.03120000000037,0.10000000000000142,0.1,1.4155343563970746e-15,0.0,9,0,128,77,47.62339938746654,51.68861806035319,38.26666666666694
44.700000000000365,45.13120000000037,0.10000000000000142,0.1,1.4155343563970746e-15,0.0,9,0,128,77,47.52339938746653,51.58861806035319,38.36666666666694
44.80000000000037,45.23120000000037,0.10000000000000142,0.1,1.4155343563970746e-15,0.0,9,0,128,77,47.42339938746654,51.48861806035319,38.466666666666946
44.90000000000037,45.33120000000037,0.10000000000000142,0.1,1.4155343563970746e-15,0.0,9,0,129,77,47.32339938746654,51.38861806035319,38.56666666666695
45.00000000000037,45.43120000000037,0.10000000000000142,0.1,1.4155343563970746e-15,0.0,9,0,129,77,47.223399387466536,51.28861806035319,38.66666666666694
45.10000000000037,45.531200000000375,0.10000000000000142,0.1,1.4155343563970746e-15,0.0,9,0,129,77,47.12339938746654,51.188618060353186,38.76666666666695
45.20000000000037,45.631200000000376,0.10000000000000142,0.1,1.4155343563970746e-15,0.0,9,0,129,77,47.02339938746654,51.088618060353184,38.86666666666695
45.300000000000374,45.73120000000038,0.10000000000000142,0.1,1.4155343563970746e-15,0.0,9,0,129,77,46.92339938746654,50.98861806035318,38.96666666666695
45.400000000000375,45.83120000000038,0.10000000000000142,0.1,1.4155343563970746e-15,0.0,9,0,129,77,46.82339938746654,50.88861806035318,39.066666666666954
45.50000000000038,45.93120000000038,0.10000000000000142,0.1,1.4155343563970746e-15,0.0,9,0,129,77,46.72339938746654,50.78861806035318,39.16666666666695
45.60000000000038,46.03120000000038,0.10000000000000142,0.1,1.4155343563970746e-15,0.0,9,0,129,78,46.62339938746654,50.68861806035318,39.26666666666696
45.70000000000038,46.13120000000038,0.10000000000000142,0.1,1.4155343563970746e-15,0.0,8,0,131,78,52.35652134499514,56.084586546186856,38.57500000000028
45.80000000000038,46.231200000000385,0.10000000000000142,0.1,1.4155343563970746e-15,0.0,8,0,132,78,52.256521344995136,55.984586546186854,38.67500000000028
45.90000000000038,46.331200000000386,0.10000000000000142,0.1,1.4155343563970746e-15,0.0,8,0,132,78,52.156521344995134,55.88458654618685,38.77500000000028
46.000000000000384,46.43120000000039,0.10000000000000142,0.1,1.4155343563970746e-15,0.0,8,0,133,78,52.05652134499513,55.78458654618685,38.875000000000284
46.100000000000385,46.53120000000039,0.10000000000000142,0.1,1.4155343563970746e-15,0.0,8,0,133,78,51.95652134499514,55.68458654618685,38.975000000000286
46.20000000000039,46.63120000000039,0.10000000000000142,0.1,1.4155343563970746e-15,0.0,8,0,133,78,51.85652134499514,55.58458654618685,39.07500000000029
46.30000000000039,46.73120000000039,0.10000000000000142,0.1,1.4155343563970746e-15,0.0,8,0,135,78,51.756521344995136,55.48458654618685,39.17500000000029
46.40000000000039,46.83120000000039,0.10000000000000142,0.1,1.4155343563970746e-15,0.0,8,0,136,78,51.65652134499514,55.384586546186846,39.27500000000029
46.50000000000039,46.931200000000395,0.10000000000000142,0.1,1.4155343563970746e-15,0.0,8,0,136,78,51.55652134499514,55.284586546186844,39.37500000000029
46.60000000000039,47.031200000000396,0.10000000000000142,0.1,1.4155343563970746e-15,0.0,8,0,138,78,51.45652134499514,55.18458654618684,39.47500000000029
46.700000000000394,47.1312000000004,0.10000000000000142,0.1,1.4155343563970746e-15,0.0,8,0,138,78,51.35652134499514,55.08458654618684,39.575000000000294
46.800000000000395,47.2312000000004,0.10000000000000142,0.1,1.4155343563970746e-15,0.0,8,0,140,78,51.25652134499514,54.98458654618684,39.675000000000296
46.9000000000004,47.3312000000004,0.10000000000000142,0.1,1.4155343563970746e-15,0.0,8,0,141,78,51.15652134499514,54.88458654618684,39.7750000000003
47.0000000000004,47.4312000000004,0.10000000000000142,0.1,1.4155343563970746e-15,0.0,8,0,141,78,51.05652134499514,54.78458654618684,39.8750000000003
47.1000000000004,47.5312000000004,0.10000000000000142,0.1,1.4155343563970746e-15,0.0,8,0,143,78,50.956521344995146,54.684586546186836,39.9750000000003
47.2000000000004,47.631200000000405,0.10000000000000142,0.1,1.4155343563970746e-15,0.0,8,0,143,78,50.856521344995144,54.584586546186834,40.0750000000003
47.3000000000004,47.731200000000406,0.10000000000000142,0.1,1.4155343563970746e-15,0.0,8,0,144,78,50.75652134499514,54.48458654618683,40.1750000000003
47.400000000000404,47.83120000000041,0.10000000000000142,0.1,1.4155343563970746e-15,0.0,8,0,144,78,50.65652134499514,54.38458654618683,40.275000000000304
47.500000000000405,47.93120000000041,0.10000000000000142,0.1,1.4155343563970746e-15,0.0,8,0,144,79,50.55652134499515,54.28458654618683,40.375000000000306
47.600000000000406,48.03120000000041,0.10000000000000142,0.1,1.4155343563970746e-15,0.0,8,0,144,79,50.456521344995146,54.18458654618683,40.47500000000031
47.70000000000041,48.13120000000041,0.10000000000000142,0.1,1.4155343563970746e-15,0.0,8,0,144,79,50.356521344995144,54.08458654618683,40.57500000000031
47.80000000000041,48.23120000000041,0.10000000000000142,0.1,1.4155343563970746e-15,0.0,8,0,145,79,50.25652134499514,53.984586546186826,40.67500000000031
47.90000000000041,48.331200000000415,0.10000000000000142,0.1,1.4155343563970746e-15,0.0,8,0,145,79,50.15652134499515,53.884586546186824,40.77500000000031
48.00000000000041,48.431200000000416,0.10000000000000142,0.1,1.4155343563970746e-15,0.0,8,0,145,79,50.05652134499515,53.78458654618682,40.87500000000031
48.10000000000041,48.53120000000042,0.10000000000000142,0.1,1.4155343563970746e-15,0.0,8,0,146,79,49.956521344995146,53.68458654618682,40.975000000000314
48.200000000000415,48.63120000000042,0.10000000000000142,0.1,1.4155343563970746e-15,0.0,8,0,146,79,49.85652134499515,53.58458654618682,41.075000000000315
48.300000000000416,48.73120000000042,0.10000000000000142,0.1,1.4155343563970746e-15,0.0,8,0,146,79,49.75652134499515,53.48458654618682,41.17500000000032
48.40000000000042,48.83120000000042,0.10000000000000142,0.1,1.4155343563970746e-15,0.0,8,0,147,79,49.65652134499515,53.38458654618682,41.27500000000032
48.50000000000042,48.93120000000042,0.10000000000000142,0.1,1.4155343563970746e-15,0.0,8,0,148,80,49.55652134499515,53.284586546186816,41.37500000000032
48.60000000000042,49.031200000000425,0.10000000000000142,0.1,1.4155343563970746e-15,0.0,8,0,149,80,49.45652134499515,53.184586546186814,41.47500000000032
48.70000000000042,49.131200000000426,0.10000000000000142,0.1,1.4155343563970746e-15,0.0,8,0,149,80,49.35652134499515,53.08458654618681,41.57500000000032
48.80000000000042,49.23120000000043,0.10000000000000142,0.1,1.4155343563970746e-15,0.0,8,0,150,80,49.25652134499515,52.98458654618681,41.675000000000324
48.900000000000425,49.33120000000043,0.10000000000000142,0.1,1.4155343563970746e-15,0.0,8,0,151,80,49.15652134499515,52.88458654618681,41.775000000000325
49.000000000000426,49.43120000000043,0.10000000000000142,0.1,1.4155343563970746e-15,0.0,8,0,151,81,49.056521344995154,52.78458654618681,41.87500000000033
49.10000000000043,49.53120000000043,0.10000000000000142,0.1,1.4155343563970746e-15,0.0,8,0,152,81,48.95652134499515,52.68458654618681,41.97500000000033
49.20000000000043,49.63120000000043,0.10000000000000142,0.1,1.4155343563970746e-15,0.0,8,0,152,82,48.85652134499515,52.584586546186806,42.07500000000033
49.30000000000043,49.731200000000435,0.10000000000000142,0.1,1.4155343563970746e-15,0.0,8,0,153,82,48.75652134499516,52.484586546186804,42.17500000000033
49.40000000000043,49.831200000000436,0.10000000000000142,0.1,1.4155343563970746e-15,0.0,8,0,156,82,48.656521344995156,52.3845865461868,42.27500000000033
49.50000000000043,49.93120000000044,0.10000000000000142,0.1,1.4155343563970746e-15,0.0,8,0,156,83,48.556521344995154,52.2845865461868,42.375000000000334
49.600000000000435,50.03120000000044,0.10000000000000142,0.1,1.4155343563970746e-15,0.0,8,0,158,83,48.45652134499515,52.1845865461868,42.475000000000335
49.700000000000436,50.13120000000044,0.10000000000000142,0.1,1.4155343563970746e-15,0.0,8,0,158,83,48.35652134499516,52.0845865461868,42.57500000000034
49.80000000000044,50.23120000000044,0.10000000000000142,0.1,1.4155343563970746e-15,0.0,8,0,159,83,48.25652134499516,51.9845865461868,42.67500000000034
49.90000000000044,50.33120000000044,0.10000000000000142,0.1,1.4155343563970746e-15,0.0,8,0,159,83,48.156521344995156,51.884586546186796,42.77500000000034
50.00000000000044,50.431200000000445,0.10000000000000142,0.1,1.4155343563970746e-15,0.0,8,0,160,83,48.056521344995154,51.784586546186794,42.87500000000034
50.10000000000044,50.531200000000446,0.10000000000000142,0.1,1.4155343563970746e-15,0.0,8,0,149,84,47.95652134499516,51.68458654618679,42.97500000000034
50.20000000000044,50.63120000000045,0.10000000000000142,0.1,1.4155343563970746e-15,0.0,8,0,142,84,47.85652134499516,51.58458654618679,43.075000000000344
50.300000000000445,50.73120000000045,0.10000000000000142,0.1,1.4155343563970746e-15,0.0,8,1,138,84,47.75652134499516,51.48458654618679,43.175000000000345
50.400000000000446,50.83120000000045,0.10000000000000142,0.1,1.4155343563970746e-15,0.0,8,1,137,85,47.65652134499516,51.38458654618679,43.27500000000035
50.50000000000045,50.93120000000045,0.10000000000000142,0.1,1.4155343563970746e-15,0.0,8,1,137,85,47.55652134499516,51.28458654618679,43.37500000000035
50.60000000000045,51.03120000000045,0.10000000000000142,0.1,1.4155343563970746e-15,0.0,8,1,137,85,47.45652134499516,51.184586546186786,43.47500000000035
50.70000000000045,51.131200000000455,0.10000000000000142,0.1,1.4155343563970746e-15,0.0,8,1,137,85,47.35652134499516,51.084586546186785,43.57500000000035
50.80000000000045,51.231200000000456,0.10000000000000142,0.1,1.4155343563970746e-15,0.0,8,1,137,85,47.256521344995164,50.98458654618678,43.67500000000035
50.90000000000045,51.33120000000046,0.10000000000000142,0.1,1.4155343563970746e-15,0.0,8,1,137,85,47.15652134499516,50.88458654618678,43.775000000000354
51.000000000000455,51.43120000000046,0.10000000000000142,0.1,1.4155343563970746e-15,0.0,7,1,137,85,53.806600643414946,50.78458654618678,43.314285714286065
51.100000000000456,51.53120000000046,0.10000000000000142,0.1,1.4155343563970746e-15,0.0,7,1,136,85,53.70660064341495,50.68458654618678,43.41428571428606
51.20000000000046,51.63120000000046,0.10000000000000142,0.1,1.4155343563970746e-15,0.0,7,1,135,85,53.60660064341495,50.58458654618678,43.51428571428606
51.30000000000046,51.73120000000046,0.10000000000000142,0.1,1.4155343563970746e-15,0.0,7,1,135,85,53.506600643414956,50.484586546186776,43.61428571428606
51.40000000000046,51.831200000000464,0.10000000000000142,0.1,1.4155343563970746e-15,0.0,7,1,136,85,53.406600643414954,50.384586546186775,43.71428571428606
51.50000000000046,51.931200000000466,0.10000000000000142,0.1,1.4155343563970746e-15,0.0,7,1,136,85,53.306600643414946,50.28458654618677,43.81428571428607
51.60000000000046,52.03120000000047,0.10000000000000142,0.1,1.4155343563970746e-15,0.0,7,1,136,85,53.20660064341495,50.18458654618677,43.914285714286066
51.700000000000465,52.13120000000047,0.10000000000000142,0.1,1.4155343563970746e-15,0.0,7,1,139,85,53.10660064341495,50.08458654618677,44.01428571428607
51.800000000000466,52.23120000000047,0.10000000000000142,0.1,1.4155343563970746e-15,0.0,7,1,140,85,53.006600643414956,49.98458654618677,44.114285714286076
51.90000000000047,52.33120000000047,0.10000000000000142,0.1,1.4155343563970746e-15,0.0,7,1,140,85,52.906600643414954,49.88458654618677,44.21428571428607
52.00000000000047,52.43120000000047,0.10000000000000142,0.1,1.4155343563970746e-15,0.0,7,1,140,85,52.80660064341496,49.784586546186766,44.31428571428608
52.10000000000047,52.531200000000474,0.10000000000000142,0.1,1.4155343563970746e-15,0.0,7,1,141,85,52.70660064341496,49.684586546186765,44.41428571428607
52.20000000000047,52.631200000000476,0.10000000000000142,0.1,1.4155343563970746e-15,0.0,7,1,143,85,52.60660064341495,49.58458654618676,44.514285714286075
52.30000000000047,52.73120000000048,0.10000000000000142,0.1,1.4155343563970746e-15,0.0,7,1,143,85,52.506600643414956,49.48458654618676,44.61428571428608
52.400000000000475,52.83120000000048,0.10000000000000142,0.1,1.4155343563970746e-15,0.0,7,1,143,85,52.406600643414954,49.38458654618676,44.71428571428608
52.500000000000476,52.93120000000048,0.10000000000000142,0.1,1.4155343563970746e-15,0.0,7,1,144,85,52.30660064341496,49.28458654618676,44.81428571428608
52.60000000000048,53.03120000000048,0.10000000000000142,0.1,1.4155343563970746e-15,0.0,7,1,144,85,52.20660064341496,49.18458654618676,44.91428571428609
52.70000000000048,53.13120000000048,0.10000000000000142,0.1,1.4155343563970746e-15,0.0,7,1,145,86,52.10660064341496,49.084586546186756,45.01428571428608
52.80000000000048,53.231200000000484,0.10000000000000142,0.1,1.4155343563970746e-15,0.0,7,1,146,86,52.00660064341496,48.984586546186755,45.11428571428608
52.90000000000048,53.331200000000486,0.10000000000000142,0.1,1.4155343563970746e-15,0.0,7,1,146,86,51.90660064341496,48.88458654618675,45.214285714286085
53.00000000000048,53.43120000000049,0.10000000000000142,0.1,1.4155343563970746e-15,0.0,7,1,148,86,51.80660064341497,48.78458654618675,45.314285714286086
53.100000000000485,53.53120000000049,0.10000000000000142,0.1,1.4155343563970746e-15,0.0,7,1,149,86,51.70660064341496,48.68458654618675,45.414285714286095
53.200000000000486,53.63120000000049,0.10000000000000142,0.1,1.4155343563970746e-15,0.0,7,1,151,86,51.60660064341496,48.58458654618675,45.51428571428609
53.30000000000049,53.73120000000049,0.10000000000000142,0.1,1.4155343563970746e-15,0.0,7,1,151,86,51.50660064341496,48.48458654618675,45.61428571428609
53.40000000000049,53.83120000000049,0.10000000000000142,0.1,1.4155343563970746e-15,0.0,7,1,151,86,51.40660064341496,48.384586546186746,45.7142857142861
53.50000000000049,53.931200000000494,0.10000000000000142,0.1,1.4155343563970746e-15,0.0,7,1,151,86,51.30660064341497,48.284586546186745,45.81428571428609
53.60000000000049,54.031200000000496,0.10000000000000142,0.1,1.4155343563970746e-15,0.0,7,1,151,86,51.206600643414966,48.18458654618674,45.9142857142861
53.70000000000049,54.1312000000005,0.10000000000000142,0.1,1.4155343563970746e-15,0.0,7,1,151,86,51.10660064341497,48.08458654618674,46.014285714286096
53.800000000000495,54.2312000000005,0.10000000000000142,0.1,1.4155343563970746e-15,0.0,7,1,152,86,51.00660064341496,47.98458654618674,46.1142857142861
53.900000000000496,54.3312000000005,0.10000000000000142,0.1,1.4155343563970746e-15,0.0,7,1,153,86,50.90660064341496,47.88458654618674,46.214285714286106
54.0000000000005,54.4312000000005,0.10000000000000142,0.1,1.4155343563970746e-15,0.0,7,1,153,86,50.80660064341497,47.78458654618674,46.3142857142861
54.1000000000005,54.5312000000005,0.10000000000000142,0.1,1.4155343563970746e-15,0.0,7,1,152,86,50.706600643414966,47.684586546186736,46.4142857142861
54.2000000000005,54.631200000000504,0.10000000000000142,0.1,1.4155343563970746e-15,0.0,7,1,152,86,50.60660064341497,47.584586546186735,46.51428571428611
54.3000000000005,54.731200000000506,0.10000000000000142,0.1,1.4155343563970746e-15,0.0,7,1,152,86,50.50660064341497,47.48458654618673,46.614285714286105
54.4000000000005,54.83120000000051,0.10000000000000142,0.1,1.4155343563970746e-15,0.0,7,1,154,86,50.40660064341497,47.38458654618673,46.714285714286106
54.500000000000504,54.93120000000051,0.10000000000000142,0.1,1.4155343563970746e-15,0.0,7,1,155,86,50.306600643414974,47.28458654618673,46.81428571428611
54.600000000000506,55.03120000000051,0.10000000000000142,0.1,1.4155343563970746e-15,0.0,7,1,154,86,50.20660064341497,47.18458654618673,46.91428571428611
54.70000000000051,55.13120000000051,0.10000000000000142,0.1,1.4155343563970746e-15,0.0,7,1,154,86,50.10660064341497,47.08458654618673,47.01428571428612
54.80000000000051,55.23120000000051,0.10000000000000142,0.1,1.4155343563970746e-15,0.0,7,1,154,86,50.00660064341497,46.984586546186726,47.11428571428611
54.90000000000051,55.331200000000514,0.10000000000000142,0.1,1.4155343563970746e-15,0.0,7,1,155,86,49.90660064341497,46.884586546186725,47.21428571428611
55.00000000000051,55.431200000000516,0.10000000000000142,0.1,1.4155343563970746e-15,0.0,7,1,156,86,49.806600643414974,46.78458654618672,47.31428571428612
55.10000000000051,55.53120000000052,0.10000000000000142,0.1,1.4155343563970746e-15,0.0,7,1,156,86,49.70660064341497,46.68458654618672,47.414285714286116
55.200000000000514,55.63120000000052,0.10000000000000142,0.1,1.4155343563970746e-15,0.0,7,1,156,86,49.60660064341498,46.58458654618672,47.514285714286125
55.300000000000516,55.73120000000052,0.10000000000000142,0.1,1.4155343563970746e-15,0.0,7,1,156,86,49.50660064341498,46.48458654618672,47.61428571428612
55.40000000000052,55.83120000000052,0.10000000000000142,0.1,1.4155343563970746e-15,0.0,7,1,155,86,49.40660064341497,46.38458654618672,47.71428571428612
55.50000000000052,55.93120000000052,0.10000000000000142,0.1,1.4155343563970746e-15,0.0,7,1,156,86,49.306600643414974,46.284586546186716,47.81428571428613
55.60000000000052,56.031200000000524,0.10000000000000142,0.1,1.4155343563970746e-15,0.0,7,1,156,86,49.20660064341497,46.184586546186715,47.91428571428612
55.70000000000052,56.131200000000526,0.10000000000000142,0.1,1.4155343563970746e-15,0.0,7,1,157,86,49.10660064341498,46.08458654618671,48.014285714286125
55.80000000000052,56.23120000000053,0.10000000000000142,0.1,1.4155343563970746e-15,0.0,7,1,157,84,49.00660064341498,45.98458654618671,48.11428571428613
55.900000000000524,56.33120000000053,0.10000000000000142,0.1,1.4155343563970746e-15,0.0,7,1,158,84,48.90660064341498,45.88458654618671,48.21428571428613
56.000000000000526,56.43120000000053,0.10000000000000142,0.1,1.4155343563970746e-15,0.0,7,1,158,84,48.80660064341498,45.78458654618671,48.31428571428613
56.10000000000053,56.53120000000053,0.10000000000000142,0.1,1.4155343563970746e-15,0.0,7,1,159,84,48.70660064341498,45.68458654618671,48.41428571428613
56.20000000000053,56.63120000000053,0.10000000000000142,0.1,1.4155343563970746e-15,0.0,7,1,159,84,48.606600643414986,45.584586546186706,48.51428571428613
56.30000000000053,56.731200000000534,0.10000000000000142,0.1,1.4155343563970746e-15,0.0,7,1,159,84,48.50660064341498,45.484586546186705,48.61428571428614
56.40000000000053,56.831200000000536,0.10000000000000142,0.1,1.4155343563970746e-15,0.0,7,1,160,84,48.40660064341498,45.3845865461867,48.714285714286135
56.50000000000053,56.93120000000054,0.10000000000000142,0.1,1.4155343563970746e-15,0.0,7,1,161,84,48.30660064341498,45.2845865461867,48.814285714286136
56.600000000000534,57.03120000000054,0.10000000000000142,0.1,1.4155343563970746e-15,0.0,7,1,161,84,48.20660064341498,45.1845865461867,48.914285714286144
56.700000000000536,57.13120000000054,0.10000000000000142,0.1,1.4155343563970746e-15,0.0,7,1,161,84,48.106600643414986,45.0845865461867,49.01428571428614
56.80000000000054,57.23120000000054,0.10000000000000142,0.1,1.4155343563970746e-15,0.0,7,1,161,84,48.006600643414984,44.9845865461867,49.11428571428615
56.90000000000054,57.33120000000054,0.10000000000000142,0.1,1.4155343563970746e-15,0.0,7,1,163,84,47.90660064341499,44.884586546186696,49.21428571428614
57.00000000000054,57.431200000000544,0.10000000000000142,0.1,1.4155343563970746e-15,0.0,7,1,164,84,47.80660064341499,44.784586546186695,49.31428571428614
57.10000000000054,57.531200000000545,0.10000000000000142,0.1,1.4155343563970746e-15,0.0,7,1,164,85,47.706600643414994,44.684586546186694,49.41428571428615
57.20000000000054,57.63120000000055,0.10000000000000142,0.1,1.4155343563970746e-15,0.0,7,1,164,85,47.606600643414986,44.58458654618669,49.514285714286146
57.300000000000544,57.73120000000055,0.10000000000000142,0.1,1.4155343563970746e-15,0.0,7,1,165,85,47.506600643414984,44.48458654618669,49.61428571428615
57.400000000000546,57.83120000000055,0.10000000000000142,0.1,1.4155343563970746e-15,0.0,7,1,166,84,47.40660064341499,44.38458654618669,49.714285714286156
57.50000000000055,57.93120000000055,0.10000000000000142,0.1,1.4155343563970746e-15,0.0,7,1,166,84,47.30660064341499,44.28458654618669,49.81428571428615
57.60000000000055,58.03120000000055,0.10000000000000142,0.1,1.4155343563970746e-15,0.0,7,1,166,84,47.206600643414994,44.18458654618669,49.91428571428615
57.70000000000055,58.131200000000554,0.10000000000000142,0.1,1.4155343563970746e-15,0.0,7,1,166,84,47.10660064341499,44.084586546186685,50.01428571428615
57.80000000000055,58.231200000000555,0.10000000000000142,0.1,1.4155343563970746e-15,0.0,7,1,168,84,47.00660064341499,43.984586546186684,50.114285714286154
57.90000000000055,58.33120000000056,0.10000000000000142,0.1,1.4155343563970746e-15,0.0,7,1,169,84,46.906600643415,43.88458654618668,50.21428571428616
58.000000000000554,58.43120000000056,0.10000000000000142,0.1,1.4155343563970746e-15,0.0,7,1,170,84,46.806600643414995,43.78458654618668,50.31428571428616
58.100000000000556,58.53120000000056,0.10000000000000142,0.1,1.4155343563970746e-15,0.0,7,1,169,83,46.706600643415,43.68458654618668,50.41428571428616
58.20000000000056,58.63120000000056,0.10000000000000142,0.1,1.4155343563970746e-15,0.0,7,1,169,83,46.606600643415,43.58458654618668,50.51428571428617
58.30000000000056,58.73120000000056,0.10000000000000142,0.1,1.4155343563970746e-15,0.0,7,1,169,83,46.50660064341499,43.48458654618668,50.61428571428616
58.40000000000056,58.831200000000564,0.10000000000000142,0.1,1.4155343563970746e-15,0.0,7,1,170,83,46.33415129657224,42.87744111828731,50.71428571428617
58.50000000000056,58.931200000000565,0.10000000000000142,0.1,1.4155343563970746e-15,0.0,7,1,170,83,46.16272272514367,42.27744111828731,50.814285714286164
58.60000000000056,59.07560000000057,0.14440000000000452,0.1,0.04440000000000452,0.0,7,1,170,83,52.33415129657225,43.93544264509061,50.914285714286166
58.700000000000564,59.17560000000057,0.10000000000000142,0.1,1.4155343563970746e-15,0.0,7,1,169,83,52.20408966951307,43.83544264509061,51.014285714286174
58.800000000000566,59.335600000000575,0.1600000000000037,0.1,0.06000000000000369,0.0,7,1,168,82,60.56967951891535,43.73544264509061,51.11428571428617
58.90000000000057,59.435600000000576,0.10000000000000142,0.1,1.4155343563970746e-15,0.0,7,1,168,82,60.39825094748678,43.635442645090606,51.21428571428617
59.00000000000057,59.59560000000058,0.1600000000000037,0.1,0.06000000000000369,0.0,7,1,168,82,68.78569105007244,43.535442645090605,51.31428571428618
59.10000000000057,59.69560000000058,0.10000000000000142,0.1,1.4155343563970746e-15,0.0,8,1,168,82,56.899979668813394,70.93496742778837,45.000000000000405
59.20000000000057,59.79560000000058,0.10000000000000142,0.1,1.4155343563970746e-15,0.0,8,1,168,82,56.58905191921519,70.83496742778837,45.100000000000406
59.30000000000057,59.895600000000584,0.10000000000000142,0.1,1.4155343563970746e-15,0.0,8,1,168,82,56.36405191921519,70.73496742778838,45.20000000000041
59.400000000000574,59.995600000000586,0.10000000000000142,0.1,1.4155343563970746e-15,0.0,8,1,170,83,56.13905191921519,70.63496742778838,45.30000000000041
59.500000000000576,60.13820000000059,0.14260000000000161,0.1,0.04260000000000161,0.0,8,1,169,83,61.23905191921521,70.53496742778839,45.40000000000041
59.60000000000058,60.23820000000059,0.10000000000000142,0.1,1.4155343563970746e-15,0.0,8,1,170,83,61.00015779805342,70.4349674277884,45.50000000000041
59.70000000000058,60.33820000000059,0.10000000000000142,0.1,1.4155343563970746e-15,0.0,8,1,170,83,60.76185302529446,70.3349674277884,45.60000000000041
59.80000000000058,60.43820000000059,0.10000000000000142,0.1,1.4155343563970746e-15,0.0,8,1,170,84,60.536853025294455,70.2349674277884,45.700000000000415
59.90000000000058,60.598200000000595,0.1600000000000037,0.1,0.06000000000000369,0.0,8,1,170,85,67.81185302529451,69.67172397765951,45.800000000000416
60.00000000000058,60.7222000000006,0.12400000000000233,0.1,0.024000000000002325,0.0,9,1,169,85,59.99041609957057,69.28023140149276,40.81111111111148
60.100000000000584,60.8222000000006,0.10000000000000142,0.1,1.4155343563970746e-15,0.0,9,1,169,85,59.73421336985676,69.18023140149276,40.91111111111148
60.200000000000585,60.9222000000006,0.10000000000000142,0.1,1.4155343563970746e-15,0.0,9,1,168,85,59.460039450629466,69.08023140149277,41.01111111111148
60.30000000000059,61.0496000000006,0.1274000000000015,0.1,0.027400000000001506,0.0,9,1,168,85,62.293372783962795,68.98023140149277,41.111111111111484
60.40000000000059,61.1496000000006,0.10000000000000142,0.1,1.4155343563970746e-15,0.0,9,1,167,85,62.087228254123865,68.88023140149278,41.21111111111148
60.50000000000059,61.249600000000605,0.10000000000000142,0.1,1.4155343563970746e-15,0.0,9,1,167,84,61.87318969152994,68.78023140149278,41.31111111111149
60.60000000000059,61.371400000000605,0.12180000000000035,0.1,0.021800000000000347,0.0,9,1,166,84,64.08430080264105,68.68023140149279,41.41111111111149
60.70000000000059,61.51880000000061,0.14740000000000464,0.1,0.04740000000000463,0.0,9,1,165,85,69.06380435608231,68.5802314014928,41.51111111111149
60.800000000000594,61.61880000000061,0.10000000000000142,0.1,1.4155343563970746e-15,0.0,9,1,165,85,68.78046763503929,68.4802314014928,41.61111111111149
60.900000000000595,61.745600000000614,0.1268000000000029,0.1,0.026800000000002905,0.0,9,1,164,85,71.43207468512884,68.38023140149281,41.711111111111485
61.0000000000006,61.90560000000062,0.1600000000000037,0.1,0.06000000000000369,0.0,10,1,163,85,67.52864366631526,69.03496742778847,37.64000000000034
61.1000000000006,62.10880000000062,0.2032000000000025,0.1,0.10320000000000248,0.0,10,1,162,85,77.47083885131835,73.88997915382791,37.74000000000034
61.2000000000006,62.20880000000062,0.10000000000000142,0.1,1.4155343563970746e-15,0.0,10,1,162,86,77.15240441639428,73.22631717659115,37.840000000000344
61.3000000000006,62.30880000000062,0.10000000000000142,0.1,1.4155343563970746e-15,0.0,10,1,163,87,76.80557975332619,72.59546634976171,37.940000000000346
61.4000000000006,62.46880000000063,0.1600000000000037,0.1,0.06000000000000369,0.0,10,1,162,85,82.50020480137508,71.93180437252495,38.04000000000035
61.500000000000604,62.56880000000063,0.10000000000000142,0.1,1.4155343563970746e-15,0.0,11,1,163,86,72.4402901281088,71.26303531024578,34.6818181818185
61.600000000000605,62.66880000000063,0.10000000000000142,0.1,1.4155343563970746e-15,0.0,11,1,163,85,72.05923836088019,70.59937333300903,34.7818181818185
61.70000000000061,62.76880000000063,0.10000000000000142,0.1,1.4155343563970746e-15,0.0,11,1,164,85,71.76148986061771,69.92964795291702,34.8818181818185
61.80000000000061,62.86880000000063,0.10000000000000142,0.1,1.4155343563970746e-15,0.0,11,1,165,84,71.49577446220854,69.32964795291703,34.9818181818185
61.90000000000061,62.968800000000634,0.10000000000000142,0.1,1.4155343563970746e-15,0.0,11,1,165,84,71.32282102341703,68.72964795291703,35.0818181818185
62.00000000000061,63.068800000000635,0.10000000000000142,0.1,1.4155343563970746e-15,0.0,11,1,165,85,71.1773664779625,68.12964795291704,35.1818181818185
62.10000000000061,63.16880000000064,0.10000000000000142,0.1,1.4155343563970746e-15,0.0,11,1,165,85,71.03191193250795,67.93496742778854,35.2818181818185
62.200000000000614,63.26880000000064,0.10000000000000142,0.1,1.4155343563970746e-15,0.0,11,1,165,85,70.8864573870534,67.83496742778854,35.3818181818185
62.300000000000615,63.36880000000064,0.10000000000000142,0.1,1.4155343563970746e-15,0.0,11,1,165,85,70.74100284159887,67.73496742778855,35.481818181818504
62.40000000000062,63.50900000000064,0.1402000000000001,0.1,0.0402000000000001,0.0,11,1,165,85,74.25009375068979,73.06437536346944,35.581818181818505
62.50000000000062,63.60900000000064,0.10000000000000142,0.1,1.4155343563970746e-15,0.0,11,1,165,86,74.10463920523524,72.96437536346944,35.68181818181851
62.60000000000062,63.70900000000064,0.10000000000000142,0.1,1.4155343563970746e-15,0.0,11,1,166,86,73.94868746064387,72.86437536346945,35.78181818181851
62.70000000000062,63.809000000000644,0.10000000000000142,0.1,1.4155343563970746e-15,0.0,11,1,166,86,73.80323291518933,72.76437536346945,35.88181818181851
62.80000000000062,63.909000000000646,0.10000000000000142,0.1,1.4155343563970746e-15,0.0,11,1,167,85,73.65777836973479,72.66437536346946,35.98181818181851
62.900000000000624,64.00900000000064,0.09999999999999432,0.1,-5.689893001203927e-15,0.0,11,1,170,85,73.51232382428024,72.56437536346947,36.08181818181851
63.000000000000625,64.16900000000064,0.1599999999999966,0.1,0.059999999999996584,0.0,11,1,169,84,78.82141473337118,72.46437536346947,36.181818181818514
63.10000000000063,64.32900000000063,0.1599999999999966,0.1,0.059999999999996584,0.0,12,1,169,83,75.02796350559028,72.36437536346948,33.26666666666697
63.20000000000063,64.42900000000063,0.09999999999999432,0.1,-5.689893001203927e-15,0.0,13,1,169,83,67.1087762020022,66.8349674277886,30.807692307692587
63.30000000000063,64.52900000000062,0.09999999999999432,0.1,-5.689893001203927e-15,0.0,13,1,169,83,66.80274492818809,66.7349674277886,30.90769230769259
63.40000000000063,64.62900000000062,0.09999999999999432,0.1,-5.689893001203927e-15,0.0,13,1,169,83,66.54889877434195,66.63496742778861,31.00769230769259
63.50000000000063,64.7532000000006,0.12419999999998765,0.1,0.024199999999987648,0.0,13,1,168,83,68.15659108203425,71.9643753634695,31.10769230769259
63.600000000000634,64.8532000000006,0.09999999999999432,0.1,-5.689893001203927e-15,0.0,13,1,168,83,67.88979122110082,71.8643753634695,31.20769230769259
63.700000000000635,64.95320000000059,0.09999999999999432,0.1,-5.689893001203927e-15,0.0,13,1,169,82,67.61128359203325,71.76437536346951,31.30769230769259
63.80000000000064,65.11320000000059,0.1599999999999966,0.1,0.059999999999996584,0.0,13,1,169,81,71.97282205357175,71.66437536346952,31.407692307692592
63.90000000000064,65.21320000000058,0.09999999999999432,0.1,-5.689893001203927e-15,0.0,13,1,170,81,71.69829279819423,71.56437536346952,31.507692307692594
64.00000000000064,65.31320000000058,0.09999999999999432,0.1,-5.689893001203927e-15,0.0,13,1,172,81,71.4351826288301,71.46437536346953,31.607692307692595
64.10000000000063,65.41320000000057,0.09999999999999432,0.1,-5.689893001203927e-15,0.0,13,1,172,80,71.19871327547229,71.36437536346953,31.70769230769259
64.20000000000063,65.51320000000057,0.09999999999999432,0.1,-5.689893001203927e-15,0.0,13,1,173,81,70.98332866008766,71.26437536346954,31.80769230769259
64.30000000000062,65.61320000000056,0.09999999999999432,0.1,-5.689893001203927e-15,0.0,13,1,173,82,70.76794404470306,71.16437536346955,31.907692307692592
64.40000000000062,65.71320000000055,0.09999999999999432,0.1,-5.689893001203927e-15,0.0,13,1,172,82,70.56365421829463,71.06437536346955,32.00769230769259
64.50000000000061,65.87320000000055,0.1599999999999966,0.1,0.059999999999996584,0.0,13,1,171,81,74.94020161278276,70.96702681443365,32.10769230769259
64.6000000000006,65.97320000000055,0.09999999999999432,0.1,-5.689893001203927e-15,0.0,13,1,173,80,74.7037957712829,70.86702681443366,32.20769230769259
64.7000000000006,66.07320000000054,0.09999999999999432,0.1,-5.689893001203927e-15,0.0,13,1,173,80,74.47393322101684,70.76702681443366,32.30769230769259
64.8000000000006,66.17320000000053,0.09999999999999432,0.1,-5.689893001203927e-15,0.0,13,1,173,80,74.24854860563222,70.66702681443367,32.407692307692585
64.90000000000059,66.33320000000053,0.1599999999999966,0.1,0.059999999999996584,0.0,13,1,172,79,78.63847168255533,83.20513034966837,32.50769230769259
65.00000000000058,66.43320000000053,0.09999999999999432,0.1,-5.689893001203927e-15,0.0,13,1,173,76,78.41293322101687,82.60513034966837,32.60769230769259
65.10000000000058,66.53320000000052,0.09999999999999432,0.1,-5.689893001203927e-15,0.0,13,1,173,76,78.16554233255691,81.77904828113556,32.70769230769258
65.20000000000057,66.63320000000051,0.09999999999999432,0.1,-5.689893001203927e-15,0.0,13,1,174,75,77.9007114870109,81.17904828113556,32.807692307692584
65.30000000000057,66.73320000000051,0.09999999999999432,0.1,-5.689893001203927e-15,0.0,13,1,174,75,77.63648071778013,80.57904828113557,32.90769230769258
65.40000000000056,66.8932000000005,0.1599999999999966,0.1,0.059999999999996584,0.0,13,1,173,75,81.98857098443679,83.49911259098494,33.00769230769258
65.50000000000055,66.9932000000005,0.09999999999999432,0.1,-5.689893001203927e-15,0.0,13,1,174,75,81.75866588481009,83.39911259098494,33.107692307692574
65.60000000000055,67.0932000000005,0.09999999999999432,0.1,-5.689893001203927e-15,0.0,13,1,174,75,81.53772381250648,83.29911259098495,33.207692307692575
65.70000000000054,67.23260000000049,0.13939999999999486,0.1,0.039399999999994856,0.0,13,1,173,75,84.37026676836905,83.19911259098495,33.30769230769258
65.80000000000054,67.33260000000048,0.09999999999999432,0.1,-5.689893001203927e-15,0.0,14,1,174,74,76.3988960575974,79.03943048140883,31.028571428571674
65.90000000000053,67.43260000000048,0.09999999999999432,0.1,-5.689893001203927e-15,0.0,14,1,174,73,76.18056319373979,78.93943048140883,31.12857142857167
66.00000000000053,67.53260000000047,0.09999999999999432,0.1,-5.689893001203927e-15,0.0,14,1,174,73,75.95653009184109,78.83943048140884,31.228571428571673
66.10000000000052,67.63260000000047,0.09999999999999432,0.1,-5.689893001203927e-15,0.0,14,1,174,73,75.73423696066894,78.73943048140885,31.32857142857167
66.20000000000051,67.73260000000046,0.09999999999999432,0.1,-5.689893001203927e-15,0.0,14,1,174,74,75.51436697716433,78.63943048140885,31.42857142857167
66.30000000000051,67.83260000000045,0.09999999999999432,0.1,-5.689893001203927e-15,0.0,14,1,174,74,75.29449310247114,78.53943048140886,31.528571428571667
66.4000000000005,67.93260000000045,0.09999999999999432,0.1,-5.689893001203927e-15,0.0,14,1,174,73,75.07107784352604,78.43943048140886,31.628571428571664
66.5000000000005,68.03260000000044,0.09999999999999432,0.1,-5.689893001203927e-15,0.0,14,1,174,73,74.84880548501857,78.33943048140887,31.728571428571662
66.60000000000049,68.13260000000044,0.09999999999999432,0.1,-5.689893001203927e-15,0.0,14,1,174,72,74.62466587799285,78.23943048140887,31.828571428571657
66.70000000000049,68.23260000000043,0.09999999999999432,0.1,-5.689893001203927e-15,0.0,14,1,174,72,74.40194285914792,78.13943048140888,31.928571428571654
66.80000000000048,68.33260000000043,0.09999999999999432,0.1,-5.689893001203927e-15,0.0,14,1,174,71,74.17733303306807,78.03943048140889,32.02857142857165
66.90000000000047,68.43260000000042,0.09999999999999432,0.1,-5.689893001203927e-15,0.0,14,1,174,71,73.95452615667334,77.93943048140889,32.128571428571654
67.00000000000047,68.53260000000041,0.09999999999999432,0.1,-5.689893001203927e-15,0.0,14,1,174,71,73.73171205556143,77.8394304814089,32.22857142857165
67.10000000000046,68.63260000000041,0.09999999999999432,0.1,-5.689893001203927e-15,0.0,14,1,176,71,73.50664194278887,77.7394304814089,32.32857142857165
67.20000000000046,68.7326000000004,0.09999999999999432,0.1,-5.689893001203927e-15,0.0,14,1,177,70,73.28300013157711,77.63943048140891,32.42857142857165
67.30000000000045,68.8326000000004,0.09999999999999432,0.1,-5.689893001203927e-15,0.0,14,1,177,70,73.06072536927682,77.53943048140891,32.528571428571645
67.40000000000045,68.93260000000039,0.09999999999999432,0.1,-5.689893001203927e-15,0.0,14,1,178,70,72.79398748375574,77.43943048140892,32.62857142857165
67.50000000000044,69.05260000000038,0.11999999999999034,0.1,0.01999999999999033,0.0,14,1,177,69,73.96111308105583,77.33943048140893,32.72857142857164
67.60000000000043,69.21260000000038,0.1599999999999966,0.1,0.059999999999996584,0.0,14,1,176,70,77.98454231202832,77.23943048140893,32.82857142857164
67.70000000000043,69.31260000000037,0.09999999999999432,0.1,-5.689893001203927e-15,0.0,14,1,176,70,77.73070299331562,77.13943048140894,32.92857142857164
67.80000000000042,69.41260000000037,0.09999999999999432,0.1,-5.689893001203927e-15,0.0,14,1,176,70,77.46710732695514,77.03943048140894,33.02857142857163
67.90000000000042,69.57260000000036,0.1599999999999966,0.1,0.059999999999996584,0.0,14,1,176,70,81.49279661042472,76.93943048140895,33.12857142857163
68.00000000000041,69.67260000000036,0.09999999999999432,0.1,-5.689893001203927e-15,0.0,15,1,176,70,74.14598883233117,74.9,31.02000000000019
68.1000000000004,69.77260000000035,0.09999999999999432,0.1,-5.689893001203927e-15,0.0,15,1,176,70,73.84711175143752,74.08014009265209,31.120000000000186
68.2000000000004,69.87260000000035,0.09999999999999432,0.1,-5.689893001203927e-15,0.0,15,1,176,69,73.564107433673,73.48014009265209,31.220000000000187
68.3000000000004,69.97260000000034,0.09999999999999432,0.1,-5.689893001203927e-15,0.0,15,1,176,69,73.28378766885122,72.8801400926521,31.32000000000018
68.40000000000039,70.11460000000034,0.1419999999999959,0.1,0.0419999999999959,0.0,15,1,176,69,75.80089601712665,76.43943048140898,31.420000000000183
68.50000000000038,70.21460000000033,0.09999999999999432,0.1,-5.689893001203927e-15,0.0,15,1,177,68,75.51544057073735,76.33943048140898,31.520000000000177
68.60000000000038,70.31460000000033,0.09999999999999432,0.1,-5.689893001203927e-15,0.0,15,1,177,68,75.21911844432746,76.23943048140899,31.62000000000018
68.70000000000037,70.51380000000032,0.1991999999999905,0.1,0.09919999999999049,0.0,15,1,178,68,81.54322124172108,76.139430481409,31.720000000000176
68.80000000000037,70.61380000000031,0.09999999999999432,0.1,-5.689893001203927e-15,0.0,17,1,178,68,68.75906707167822,66.6670268144339,28.0882352941178
68.90000000000036,70.7138000000003,0.09999999999999432,0.1,-5.689893001203927e-15,0.0,17,1,178,68,68.37275976398033,66.5670268144339,28.1882352941178
69.00000000000036,70.8738000000003,0.1599999999999966,0.1,0.059999999999996584,0.0,17,1,177,68,71.58285446755681,66.46702681443391,28.2882352941178
69.10000000000035,71.0338000000003,0.1599999999999966,0.1,0.059999999999996584,0.0,17,1,177,67,74.7914669571482,66.36702681443391,28.388235294117795
69.20000000000034,71.18860000000029,0.1547999999999945,0.1,0.05479999999999449,0.0,17,1,176,67,77.69212500470577,75.63943048140902,28.488235294117796
69.30000000000034,71.28860000000029,0.09999999999999432,0.1,-5.689893001203927e-15,0.0,17,1,177,66,77.34314948193219,75.53943048140903,28.588235294117794
69.40000000000033,71.48160000000028,0.19299999999999784,0.1,0.09299999999999783,0.0,17,1,175,67,82.48092285288917,81.86779409086938,28.68823529411779
69.50000000000033,71.58160000000028,0.09999999999999432,0.1,-5.689893001203927e-15,0.0,17,1,176,67,82.16010978902469,81.76779409086939,28.78823529411779
69.60000000000032,71.68160000000027,0.09999999999999432,0.1,-5.689893001203927e-15,0.0,17,1,177,66,81.83218508387928,81.66779409086939,28.888235294117788
69.70000000000032,71.82940000000026,0.1477999999999895,0.1,0.04779999999998949,0.0,17,1,176,66,84.32186407571062,81.5677940908694,28.98823529411779
69.80000000000031,71.92940000000026,0.09999999999999432,0.1,-5.689893001203927e-15,0.0,17,1,177,65,82.59192139567871,75.03943048140906,25.088235294117762
69.9000000000003,72.20900000000026,0.27960000000000207,0.1,0.17960000000000206,0.0,17,1,174,66,92.85747494589545,107.50787225487456,25.18823529411776
70.0000000000003,72.36860000000026,0.15959999999999752,0.1,0.059599999999997516,0.0,17,1,173,66,96.09215571426338,110.7813892259949,25.288235294117758
70.10000000000029,72.52860000000025,0.1599999999999966,0.1,0.059999999999996584,0.0,17,1,172,66,99.3375254276163,110.13656755611461,25.388235294117756
70.20000000000029,72.62860000000025,0.09999999999999432,0.1,-5.689893001203927e-15,0.0,18,1,173,65,92.16222966644216,107.20787225487457,24.077777777777882
70.30000000000028,72.72860000000024,0.09999999999999432,0.1,-5.689893001203927e-15,0.0,18,1,173,65,91.84825082067505,107.10787225487458,24.177777777777877
70.40000000000028,72.92660000000024,0.1979999999999933,0.1,0.09799999999999329,0.0,18,1,171,65,96.88131981500557,108.33656755611463,24.277777777777878
70.50000000000027,73.13860000000024,0.2120000000000033,0.1,0.11200000000000329,0.0,19,1,169,65,96.03155436912681,106.90787225487459,23.100000000000094
70.60000000000026,73.39380000000023,0.2551999999999879,0.1,0.15519999999998788,0.0,19,1,166,64,103.81881825383701,109.42031289056115,23.20000000000009
70.70000000000026,73.64380000000023,0.25,0.1,0.15,0.0,20,1,162,64,104.5133306621912,108.6588578570305,22.140000000000086
70.80000000000025,73.80380000000022,0.1599999999999966,0.1,0.059999999999996584,0.0,22,1,161,63,95.13413897023055,105.99302720856502,20.227272727272805
70.90000000000025,74.00980000000023,0.20600000000000307,0.1,0.10600000000000306,0.0,23,1,159,64,94.21108416166318,80.36779409086947,19.447826086956596
71.00000000000024,74.19460000000022,0.18479999999999563,0.1,0.08479999999999563,0.0,24,1,157,64,92.45055893864134,85.23377895662851,18.73750000000007
71.10000000000024,74.37840000000021,0.18379999999999086,0.1,0.08379999999999085,0.0,24,1,156,65,95.59818703469075,105.69302720856504,18.83750000000007
71.20000000000023,74.59460000000021,0.21620000000000061,0.1,0.11620000000000061,0.0,24,1,154,65,100.09463359104937,106.20787225487463,18.937500000000068
71.30000000000022,74.79220000000021,0.19759999999999422,0.1,0.09759999999999422,0.0,26,1,153,65,93.90028161669548,92.24654677024887,17.58076923076929
71.40000000000022,74.9274000000002,0.13519999999999754,0.1,0.03519999999999754,0.0,27,1,152,64,90.44218805189323,82.70894361785193,17.02962962962969
71.50000000000021,75.0480000000002,0.12059999999999604,0.1,0.020599999999996038,0.0,27,1,151,63,90.81951545421279,82.10894361785193,17.129629629629687
71.60000000000021,75.2066000000002,0.15859999999999275,0.1,0.05859999999999274,0.0,28,1,149,63,88.45256284015353,81.50894361785194,16.617857142857197
71.7000000000002,75.36560000000019,0.15899999999999181,0.1,0.05899999999999181,0.0,28,1,148,63,90.23247141722561,89.48799366307827,16.717857142857195
71.8000000000002,75.46560000000018,0.09999999999999432,0.1,-5.689893001203927e-15,0.0,28,1,148,62,89.920151877582,88.88799366307828,16.817857142857196
71.90000000000019,75.56560000000017,0.09999999999999432,0.1,-5.689893001203927e-15,0.0,28,1,148,61,89.61980363405974,88.28799366307828,16.917857142857194
72.00000000000018,75.72560000000017,0.1599999999999966,0.1,0.059999999999996584,0.0,28,1,148,61,91.47361254164359,104.79302720856509,17.017857142857192
72.10000000000018,75.88560000000017,0.1599999999999966,0.1,0.059999999999996584,0.0,28,1,147,61,93.35955069288546,104.6930272085651,17.117857142857194
72.20000000000017,76.05120000000015,0.16559999999998354,0.1,0.06559999999998353,0.0,29,1,145,62,91.30120114588806,87.23510639039594,16.627586206896602
72.30000000000017,76.21120000000015,0.1599999999999966,0.1,0.059999999999996584,0.0,30,1,144,63,89.18834456936831,87.13510639039595,16.17333333333338
72.40000000000016,76.31120000000014,0.09999999999999432,0.1,-5.689893001203927e-15,0.0,30,1,144,64,88.93321311083456,87.03510639039595,16.27333333333338
72.50000000000016,76.41120000000014,0.09999999999999432,0.1,-5.689893001203927e-15,0.0,30,1,144,63,88.68550091873595,86.93510639039596,16.373333333333377
72.60000000000015,76.51120000000013,0.09999999999999432,0.1,-5.689893001203927e-15,0.0,30,1,144,63,88.44667945052812,86.83510639039596,16.473333333333375
72.70000000000014,76.61120000000012,0.09999999999999432,0.1,-5.689893001203927e-15,0.0,30,1,143,63,88.10256502635906,86.73510639039597,16.573333333333377
72.80000000000014,76.81320000000012,0.20199999999999818,0.1,0.10199999999999818,0.0,30,1,141,63,91.20900603850926,103.99302720856514,16.673333333333378
72.90000000000013,76.97260000000011,0.15939999999999088,0.1,0.05939999999999088,0.0,31,1,140,63,89.06392411425853,76.25973185917093,16.235483870967784
73.00000000000013,77.0944000000001,0.12179999999999325,0.1,0.02179999999999324,0.0,32,1,139,63,85.86264493309751,86.43510639039599,15.828125000000039
73.10000000000012,77.1944000000001,0.09999999999999432,0.1,-5.689893001203927e-15,0.0,32,1,139,63,85.56319583298826,86.33510639039599,15.928125000000037
73.20000000000012,77.4722000000001,0.27779999999999916,0.1,0.17779999999999915,0.0,32,1,136,62,90.83132591016336,88.65424435717006,16.02812500000004
73.30000000000011,77.5722000000001,0.09999999999999432,0.1,-5.689893001203927e-15,0.0,33,1,137,62,87.09897120193156,86.135106390396,15.642424242424278
73.4000000000001,77.73220000000009,0.1599999999999966,0.1,0.059999999999996584,0.0,33,1,136,62,88.65944784673631,87.45424435717007,15.742424242424278
73.5000000000001,77.89220000000009,0.1599999999999966,0.1,0.059999999999996584,0.0,33,1,135,62,90.2643199873655,91.80594886992152,15.842424242424276
73.6000000000001,77.99220000000008,0.09999999999999432,0.1,-5.689893001203927e-15,0.0,33,1,135,62,90.04051296097673,91.20594886992153,15.942424242424273
73.70000000000009,78.09220000000008,0.09999999999999432,0.1,-5.689893001203927e-15,0.0,33,1,135,62,89.82872924323756,91.01260161673139,16.042424242424275
73.80000000000008,78.19220000000007,0.09999999999999432,0.1,-5.689893001203927e-15,0.0,33,1,135,61,89.63459455487812,90.9126016167314,16.142424242424276
73.90000000000008,78.29220000000007,0.09999999999999432,0.1,-5.689893001203927e-15,0.0,33,1,136,61,89.44189277793674,90.8126016167314,16.242424242424274
74.00000000000007,78.39220000000006,0.09999999999999432,0.1,-5.689893001203927e-15,0.0,33,1,136,62,89.21093038528127,90.7126016167314,16.342424242424272
74.10000000000007,78.49220000000005,0.09999999999999432,0.1,-5.689893001203927e-15,0.0,33,1,136,63,88.98848130199272,90.61260161673141,16.44242424242427
74.20000000000006,78.65220000000005,0.1599999999999966,0.1,0.059999999999996584,0.0,33,1,136,63,90.59270689922505,90.51260161673142,16.54242424242427
74.30000000000005,78.75220000000004,0.09999999999999432,0.1,-5.689893001203927e-15,0.0,34,1,137,63,86.9860478724399,87.12483864086471,16.155882352941205
74.40000000000005,78.85220000000004,0.09999999999999432,0.1,-5.689893001203927e-15,0.0,34,1,138,63,86.74639109858771,86.25832153977538,16.255882352941203
74.50000000000004,78.95220000000003,0.09999999999999432,0.1,-5.689893001203927e-15,0.0,34,1,138,63,86.5481703388264,85.79172571201822,16.355882352941205
74.60000000000004,79.05220000000003,0.09999999999999432,0.1,-5.689893001203927e-15,0.0,34,1,137,62,86.37359914462664,85.69172571201823,16.455882352941202
74.70000000000003,79.15220000000002,0.09999999999999432,0.1,-5.689893001203927e-15,0.0,34,1,137,63,86.21745976604164,85.59172571201823,16.555882352941204
74.80000000000003,79.25220000000002,0.09999999999999432,0.1,-5.689893001203927e-15,0.0,34,1,138,62,86.06521827635304,85.49172571201824,16.6558823529412
74.90000000000002,79.35220000000001,0.09999999999999432,0.1,-5.689893001203927e-15,0.0,34,1,138,62,85.9128901597666,85.39172571201824,16.7558823529412
75.00000000000001,79.4522,0.09999999999999432,0.1,-5.689893001203927e-15,0.0,34,1,138,62,85.69046564600364,85.29172571201825,16.855882352941197
75.10000000000001,79.5522,0.09999999999999432,0.1,-5.689893001203927e-15,0.0,34,1,138,62,85.4943533803539,85.19172571201825,16.955882352941195
75.2,79.74199999999999,0.1897999999999911,0.1,0.08979999999999108,0.0,34,1,136,62,87.93959746367864,85.62323668460773,17.055882352941197
75.3,79.84199999999998,0.09999999999999432,0.1,-5.689893001203927e-15,0.0,35,1,136,62,84.51897098691363,84.13510639039612,16.668571428571447
75.39999999999999,79.94199999999998,0.09999999999999432,0.1,-5.689893001203927e-15,0.0,35,1,136,62,84.29449624340245,84.03510639039612,16.768571428571448
75.49999999999999,80.10199999999998,0.1599999999999966,0.1,0.059999999999996584,0.0,35,1,135,61,85.80391151310018,83.93510639039613,16.868571428571446
75.59999999999998,80.20199999999997,0.09999999999999432,0.1,-5.689893001203927e-15,0.0,35,1,135,62,85.60380334937881,83.83510639039613,16.968571428571448
75.69999999999997,80.35259999999997,0.15059999999999718,0.1,0.050599999999997175,0.0,35,1,134,62,86.84801842052211,83.73510639039614,17.068571428571445
75.79999999999997,80.45259999999996,0.09999999999999432,0.1,-5.689893001203927e-15,0.0,36,1,134,62,83.54551471202029,83.63510639039615,16.69444444444446
75.89999999999996,80.61259999999996,0.1599999999999966,0.1,0.059999999999996584,0.0,36,1,133,62,84.99332882187485,83.53510639039615,16.79444444444446
75.99999999999996,80.71259999999995,0.09999999999999432,0.1,-5.689893001203927e-15,0.0,36,1,133,62,84.79565469416245,83.43510639039616,16.89444444444446
76.09999999999995,80.81259999999995,0.09999999999999432,0.1,-5.689893001203927e-15,0.0,36,1,133,62,84.58444747285739,83.33510639039616,16.994444444444458
76.19999999999995,80.91259999999994,0.09999999999999432,0.1,-5.689893001203927e-15,0.0,36,1,133,62,84.39582871960609,83.23510639039617,17.094444444444456
76.29999999999994,81.01259999999994,0.09999999999999432,0.1,-5.689893001203927e-15,0.0,36,1,133,62,84.20780786613179,83.13510639039617,17.194444444444457
76.39999999999993,81.11259999999993,0.09999999999999432,0.1,-5.689893001203927e-15,0.0,36,1,133,63,84.02257102670228,83.03510639039618,17.294444444444455
76.49999999999993,81.21259999999992,0.09999999999999432,0.1,-5.689893001203927e-15,0.0,36,1,133,63,83.83738454411566,82.93510639039619,17.394444444444456
76.59999999999992,81.31259999999992,0.09999999999999432,0.1,-5.689893001203927e-15,0.0,36,1,133,62,83.6590033100658,82.83510639039619,17.494444444444454
76.69999999999992,81.41259999999991,0.09999999999999432,0.1,-5.689893001203927e-15,0.0,36,1,135,62,83.4915759845942,82.7351063903962,17.594444444444452
76.79999999999991,81.5125999999999,0.09999999999999432,0.1,-5.689893001203927e-15,0.0,36,1,135,63,83.32929995554069,82.6351063903962,17.694444444444454
76.8999999999999,81.6125999999999,0.09999999999999432,0.1,-5.689893001203927e-15,0.0,36,1,135,64,82.9907526071165,82.53510639039621,17.79444444444445
76.9999999999999,80.84765352547674,-0.7649464745231569,0.1,-1.1102230246251565e-16,0.8649464745231568,35,1,136,65,82.5576201924933,77.86165142730678,18.208571428571435
77.0999999999999,80.94765352547674,0.09999999999999432,0.1,-5.689893001203927e-15,0.0,35,1,136,65,82.02042207694893,77.76165142730679,18.308571428571437
77.19999999999989,81.04765352547673,0.09999999999999432,0.1,-5.689893001203927e-15,0.0,35,1,136,65,81.84031184449555,77.6616514273068,18.408571428571435
77.29999999999988,81.14765352547673,0.09999999999999432,0.1,-5.689893001203927e-15,0.0,35,1,136,66,81.51698136618725,77.5616514273068,18.508571428571432
77.39999999999988,81.24765352547672,0.09999999999999432,0.1,-5.689893001203927e-15,0.0,35,1,135,66,81.325355969078,77.4616514273068,18.608571428571434
77.49999999999987,81.34765352547672,0.09999999999999432,0.1,-5.689893001203927e-15,0.0,35,1,137,66,81.13396757143498,77.36165142730681,18.708571428571435
77.59999999999987,80.47609885859583,-0.8715546668808827,0.1,-5.995204332975845e-15,0.9715546668808767,34,1,137,66,80.46778682891156,77.26165142730682,19.158823529411766
77.69999999999986,80.57609885859583,0.09999999999999432,0.1,-5.689893001203927e-15,0.0,34,1,137,66,80.29160234244374,77.16165142730682,19.258823529411767
77.79999999999986,80.67609885859582,0.09999999999999432,0.1,-5.689893001203927e-15,0.0,34,1,137,66,80.1155209814395,77.06165142730683,19.358823529411765
77.89999999999985,80.77609885859582,0.09999999999999432,0.1,-5.689893001203927e-15,0.0,34,1,139,66,79.93749476834029,76.96165142730683,19.458823529411767
77.99999999999984,80.87609885859581,0.09999999999999432,0.1,-5.689893001203927e-15,0.0,34,1,138,66,79.76160092375756,76.86165142730684,19.558823529411764
78.09999999999984,80.9760988585958,0.09999999999999432,0.1,-5.689893001203927e-15,0.0,34,1,138,65,79.58610936129872,76.76165142730684,19.658823529411762
78.19999999999983,81.1360988585958,0.1599999999999966,0.1,0.059999999999996584,0.0,34,1,137,65,81.17538822237621,76.66165142730685,19.758823529411764
78.29999999999983,81.2960988585958,0.1599999999999966,0.1,0.059999999999996584,0.0,34,1,137,64,82.75464484632707,76.56165142730686,19.85882352941176
78.39999999999982,81.39609885859579,0.09999999999999432,0.1,-5.689893001203927e-15,0.0,35,1,138,64,79.47913556096998,70.53174580126499,19.39142857142857
78.49999999999982,81.49609885859579,0.09999999999999432,0.1,-5.689893001203927e-15,0.0,35,1,138,64,79.26197280227338,70.431745801265,19.49142857142857
78.59999999999981,81.59609885859578,0.09999999999999432,0.1,-5.689893001203927e-15,0.0,35,1,139,64,79.05781494429594,70.331745801265,19.59142857142857
78.6999999999998,81.69609885859578,0.09999999999999432,0.1,-5.689893001203927e-15,0.0,35,1,139,64,78.87334042411955,70.231745801265,19.69142857142857
78.7999999999998,81.79609885859577,0.09999999999999432,0.1,-5.689893001203927e-15,0.0,35,1,139,64,78.69444368530846,70.13174580126501,19.79142857142857
78.89999999999979,81.95149885859577,0.1554000000000002,0.1,0.0554000000000002,0.0,35,1,139,63,80.10076911521833,71.45575969632198,19.891428571428566
78.99999999999979,82.05149885859576,0.09999999999999432,0.1,-5.689893001203927e-15,0.0,35,1,139,64,79.9327878027648,70.92172886414347,19.991428571428568
79.09999999999978,82.15149885859576,0.09999999999999432,0.1,-5.689893001203927e-15,0.0,35,1,140,64,79.7647230797961,70.60471344805423,20.091428571428565
79.19999999999978,82.25149885859575,0.09999999999999432,0.1,-5.689893001203927e-15,0.0,35,1,140,65,79.59990368100695,70.3962057400096,20.191428571428567
79.29999999999977,82.35149885859575,0.09999999999999432,0.1,-5.689893001203927e-15,0.0,34,1,141,65,81.77624971958603,75.56165142730691,20.48529411764705
79.39999999999976,82.45149885859574,0.09999999999999432,0.1,-5.689893001203927e-15,0.0,34,1,141,65,81.62788403545827,75.46165142730692,20.585294117647052
79.49999999999976,82.55149885859574,0.09999999999999432,0.1,-5.689893001203927e-15,0.0,34,1,141,65,81.4816723219013,75.36165142730692,20.68529411764705
79.59999999999975,82.65149885859573,0.09999999999999432,0.1,-5.689893001203927e-15,0.0,34,1,140,66,81.33543119657962,75.26165142730693,20.78529411764705
79.69999999999975,82.75149885859572,0.09999999999999432,0.1,-5.689893001203927e-15,0.0,33,1,140,66,83.69184225622226,75.16165142730694,19.099999999999998
79.79999999999974,82.85149885859572,0.09999999999999432,0.1,-5.689893001203927e-15,0.0,33,1,140,66,83.58347261195144,75.06165142730694,19.2
79.89999999999974,82.95149885859571,0.09999999999999432,0.1,-5.689893001203927e-15,0.0,33,1,141,67,83.47510296768061,74.96165142730695,19.3
79.99999999999973,83.0514988585957,0.09999999999999432,0.1,-5.689893001203927e-15,0.0,33,1,140,67,83.36673332340979,74.86165142730695,19.4
80.09999999999972,83.1514988585957,0.09999999999999432,0.1,-5.689893001203927e-15,0.0,33,1,140,67,83.25836367913897,74.76165142730696,19.499999999999996
80.19999999999972,83.2514988585957,0.09999999999999432,0.1,-5.689893001203927e-15,0.0,33,1,140,67,83.14999403486816,74.66165142730696,19.599999999999998
80.29999999999971,83.35149885859569,0.09999999999999432,0.1,-5.689893001203927e-15,0.0,33,1,141,67,83.04162439059732,74.56165142730697,19.699999999999996
80.39999999999971,83.45149885859568,0.09999999999999432,0.1,-5.689893001203927e-15,0.0,33,1,141,67,82.93325474632651,74.46165142730698,19.799999999999997
80.4999999999997,83.55149885859568,0.09999999999999432,0.1,-5.689893001203927e-15,0.0,33,1,141,67,82.82488510205569,74.36165142730698,19.9
80.5999999999997,83.65149885859567,0.09999999999999432,0.1,-5.689893001203927e-15,0.0,33,1,141,68,82.71651545778488,74.26165142730699,19.999999999999996
80.69999999999969,83.75149885859567,0.09999999999999432,0.1,-5.689893001203927e-15,0.0,33,1,142,68,82.58369126805951,74.16165142730699,20.099999999999994
80.79999999999968,83.85149885859566,0.09999999999999432,0.1,-5.689893001203927e-15,0.0,33,1,142,68,82.45083677530384,74.061651427307,20.199999999999992
80.89999999999968,83.95149885859566,0.09999999999999432,0.1,-5.689893001203927e-15,0.0,33,1,143,68,82.31795197951786,73.961651427307,20.299999999999997
80.99999999999967,84.05149885859565,0.09999999999999432,0.1,-5.689893001203927e-15,0.0,33,1,143,68,82.18503688070157,73.86165142730701,20.399999999999995
81.09999999999967,84.15149885859564,0.09999999999999432,0.1,-5.689893001203927e-15,0.0,33,1,144,68,82.05209147885502,73.76165142730702,20.499999999999993
81.19999999999966,84.25149885859564,0.09999999999999432,0.1,-5.689893001203927e-15,0.0,33,1,143,68,81.91911577397812,73.66165142730702,20.599999999999994
81.29999999999966,84.35149885859563,0.09999999999999432,0.1,-5.689893001203927e-15,0.0,33,1,143,68,81.78610976607094,73.56165142730703,20.699999999999992
81.39999999999965,84.45149885859563,0.09999999999999432,0.1,-5.689893001203927e-15,0.0,33,1,145,68,81.65307345513345,73.46165142730703,20.799999999999994
81.49999999999964,84.55149885859562,0.09999999999999432,0.1,-5.689893001203927e-15,0.0,33,1,144,68,81.52000684116567,73.36165142730704,20.89999999999999
81.59999999999964,84.65149885859562,0.09999999999999432,0.1,-5.689893001203927e-15,0.0,33,1,144,68,81.38690992416758,73.26165142730704,20.999999999999993
81.69999999999963,84.75149885859561,0.09999999999999432,0.1,-5.689893001203927e-15,0.0,33,1,145,68,81.25378270413917,73.16165142730705,21.09999999999999
81.79999999999963,84.8514988585956,0.09999999999999432,0.1,-5.689893001203927e-15,0.0,33,1,144,68,81.12062518108048,73.06165142730705,21.19999999999999
81.89999999999962,84.9514988585956,0.09999999999999432,0.1,-5.689893001203927e-15,0.0,33,1,143,68,80.98743735499147,72.96165142730706,21.299999999999994
81.99999999999962,85.0514988585956,0.09999999999999432,0.1,-5.689893001203927e-15,0.0,33,1,142,68,80.85421922587216,72.86165142730707,21.39999999999999
82.09999999999961,85.15149885859559,0.09999999999999432,0.1,-5.689893001203927e-15,0.0,33,1,141,68,80.72295334075797,72.76165142730707,21.49999999999999
82.1999999999996,85.25149885859558,0.09999999999999432,0.1,-5.689893001203927e-15,0.0,33,1,140,68,80.59804424984888,72.66165142730708,21.599999999999987
82.2999999999996,85.35149885859558,0.09999999999999432,0.1,-5.689893001203927e-15,0.0,33,1,140,68,80.47310485590948,72.56165142730708,21.69999999999999
82.3999999999996,85.45149885859557,0.09999999999999432,0.1,-5.689893001203927e-15,0.0,33,1,139,68,80.3481351589398,72.46165142730709,21.79999999999999
82.49999999999959,85.55149885859556,0.09999999999999432,0.1,-5.689893001203927e-15,0.0,33,1,138,68,80.2231351589398,72.3616514273071,21.899999999999988
82.59999999999958,85.65149885859556,0.09999999999999432,0.1,-5.689893001203927e-15,0.0,33,1,139,68,80.0981048559095,72.2616514273071,21.99999999999999
82.69999999999958,85.75149885859555,0.09999999999999432,0.1,-5.689893001203927e-15,0.0,33,1,140,69,79.9730442498489,72.1616514273071,22.099999999999987
82.79999999999957,85.85149885859555,0.09999999999999432,0.1,-5.689893001203927e-15,0.0,33,1,141,68,79.84795334075798,72.06165142730711,22.19999999999999
82.89999999999957,85.95149885859554,0.09999999999999432,0.1,-5.689893001203927e-15,0.0,33,1,141,68,79.72283212863678,71.96165142730712,22.299999999999986
82.99999999999956,86.08489885859554,0.13339999999999463,0.1,0.03339999999999463,0.0,33,1,140,68,80.54152746183163,72.35604333677503,22.399999999999988
83.09999999999955,86.18489885859553,0.09999999999999432,0.1,-5.689893001203927e-15,0.0,33,1,140,69,80.36956445258066,72.25604333677504,22.499999999999986
83.19999999999955,86.32449885859552,0.1395999999999873,0.1,0.039599999999987284,0.0,33,1,139,70,81.3950692070457,72.15604333677504,22.599999999999984
83.29999999999954,86.42449885859551,0.09999999999999432,0.1,-5.689893001203927e-15,0.0,33,1,139,70,81.20674918637721,72.05604333677505,22.69999999999999
83.39999999999954,86.5244988585955,0.09999999999999432,0.1,-5.689893001203927e-15,0.0,33,1,139,70,81.02607664763313,71.95604333677505,22.799999999999986
83.49999999999953,86.6244988585955,0.09999999999999432,0.1,-5.689893001203927e-15,0.0,33,1,139,70,80.85531907187556,71.85604333677506,22.899999999999984
83.59999999999953,86.7244988585955,0.09999999999999432,0.1,-5.689893001203927e-15,0.0,33,1,140,70,80.68453119308768,71.75604333677506,22.999999999999982
83.69999999999952,86.82449885859549,0.09999999999999432,0.1,-5.689893001203927e-15,0.0,33,1,140,70,80.52241624647044,71.65604333677507,23.099999999999984
83.79999999999951,86.98449885859549,0.1599999999999966,0.1,0.059999999999996584,0.0,33,1,139,70,82.12654752844135,71.55604333677508,23.199999999999985
83.89999999999951,87.16729885859549,0.1828000000000003,0.1,0.08280000000000029,0.0,34,1,138,70,81.20764000707545,74.9,22.61764705882351
83.9999999999995,87.26729885859548,0.09999999999999432,0.1,-5.689893001203927e-15,0.0,35,1,140,70,77.95784411979345,71.35604333677509,22.071428571428555
84.0999999999995,87.36729885859548,0.09999999999999432,0.1,-5.689893001203927e-15,0.0,35,1,142,70,77.71559309536491,71.2560433367751,22.171428571428557
84.19999999999949,87.52729885859547,0.1599999999999966,0.1,0.059999999999996584,0.0,35,1,141,70,79.19990592043145,71.1560433367751,22.271428571428554
84.29999999999949,87.68729885859547,0.1599999999999966,0.1,0.059999999999996584,0.0,36,1,140,70,77.73436054535188,71.0560433367751,21.75277777777776
84.39999999999948,87.78729885859546,0.09999999999999432,0.1,-5.689893001203927e-15,0.0,36,1,139,70,77.49358353675706,70.95604333677511,21.85277777777776
84.49999999999947,87.88729885859546,0.09999999999999432,0.1,-5.689893001203927e-15,0.0,36,1,138,70,77.26404335939436,70.85604333677512,21.95277777777776
84.59999999999947,88.13969885859545,0.2523999999999944,0.1,0.1523999999999944,0.0,36,1,135,69,81.26792495309371,73.01222019882724,22.05277777777776
84.69999999999946,88.26829885859544,0.1285999999999916,0.1,0.028599999999991604,0.0,37,1,134,69,78.77460616876353,72.91222019882724,21.556756756756737
84.79999999999946,88.44449885859544,0.17619999999999436,0.1,0.07619999999999436,0.0,37,1,132,69,80.5189378841792,72.81222019882725,21.65675675675674
84.89999999999945,87.66429905082848,-0.7801998077669623,0.1,0.05919999999999992,0.9393998077669622,37,1,132,69,78.49381542629064,72.21910481260372,21.443243243243224
84.99999999999945,87.90629905082848,0.24200000000000443,0.1,0.14200000000000443,0.0,37,1,130,70,81.902342580109,72.61222019882726,21.543243243243225
85.09999999999944,88.00629905082847,0.09999999999999432,0.1,-5.689893001203927e-15,0.0,38,1,130,70,78.69509937155905,72.51222019882726,21.076315789473664
85.19999999999943,88.16629905082847,0.1599999999999966,0.1,0.059999999999996584,0.0,38,1,130,70,79.83656324404673,72.41222019882727,21.176315789473666
85.29999999999943,88.26629905082847,0.09999999999999432,0.1,-5.689893001203927e-15,0.0,39,1,130,70,76.89253659153113,72.31222019882728,20.733333333333317
85.39999999999942,87.7792573369252,-0.4870417139032668,0.1,-4.9960036108132044e-15,0.5870417139032618,38,1,131,70,77.1440709360586,73.69142380228125,21.086842105263138
85.49999999999942,87.87925733692519,0.09999999999999432,0.1,-5.689893001203927e-15,0.0,37,1,130,70,79.09915391036489,73.53990280842294,19.445945945945944
85.59999999999941,87.97925733692519,0.09999999999999432,0.1,-5.689893001203927e-15,0.0,37,1,129,70,78.93546829487772,72.93990280842294,19.545945945945945
85.6999999999994,87.11854860222297,-0.8607087347022144,0.1,-1.1879386363489175e-14,0.9607087347022025,36,1,129,70,78.28908575782897,72.06175607087954,19.83611111111111
85.7999999999994,87.21854860222297,0.09999999999999432,0.1,-5.689893001203927e-15,0.0,36,1,130,70,78.12789131338452,71.8122201988273,19.93611111111111
85.8999999999994,87.31854860222296,0.09999999999999432,0.1,-5.689893001203927e-15,0.0,36,1,130,70,77.96664131338453,71.71222019882731,20.03611111111111
85.99999999999939,87.46054860222296,0.1419999999999959,0.1,0.0419999999999959,0.0,36,1,128,70,78.97200242449566,73.09142380228128,20.13611111111111
86.09999999999938,87.56054860222295,0.09999999999999432,0.1,-5.689893001203927e-15,0.0,36,1,129,71,78.82038931756014,72.99142380228129,20.236111111111107
86.19999999999938,87.66054860222295,0.09999999999999432,0.1,-5.689893001203927e-15,0.0,36,1,129,71,78.65092420351982,72.8914238022813,20.33611111111111
86.29999999999937,87.76054860222294,0.09999999999999432,0.1,-5.689893001203927e-15,0.0,36,1,129,70,78.4894519812976,72.7914238022813,20.43611111111111
86.39999999999937,87.86054860222293,0.09999999999999432,0.1,-5.689893001203927e-15,0.0,36,1,128,71,78.33465354101912,72.6914238022813,20.53611111111111
86.49999999999936,87.96054860222293,0.09999999999999432,0.1,-5.689893001203927e-15,0.0,36,1,128,71,78.18695909657468,72.59142380228131,20.63611111111111
86.59999999999935,88.06054860222292,0.09999999999999432,0.1,-5.689893001203927e-15,0.0,36,1,129,71,78.03920909657468,72.49142380228132,20.736111111111107
86.69999999999935,88.16054860222292,0.09999999999999432,0.1,-5.689893001203927e-15,0.0,36,1,128,72,77.89140354101913,72.39142380228132,20.83611111111111
86.79999999999934,88.26054860222291,0.09999999999999432,0.1,-5.689893001203927e-15,0.0,36,1,128,72,77.74354242990802,72.29142380228133,20.93611111111111
86.89999999999934,88.3605486022229,0.09999999999999432,0.1,-5.689893001203927e-15,0.0,36,1,129,72,77.5762741023145,72.19142380228134,21.03611111111111
86.99999999999933,87.79389868588349,-0.566649916339415,0.1,-1.0547118733938987e-14,0.6666499163394044,35,1,129,72,77.72153931569662,72.09142380228134,21.31714285714286
87.09999999999933,87.89389868588349,0.09999999999999432,0.1,-5.689893001203927e-15,0.0,35,1,129,72,77.57213931569663,71.99142380228135,21.417142857142856
87.19999999999932,87.99389868588348,0.09999999999999432,0.1,-5.689893001203927e-15,0.0,35,1,129,73,77.42268217283949,71.89142380228135,21.517142857142858
87.29999999999932,88.09389868588347,0.09999999999999432,0.1,-5.689893001203927e-15,0.0,35,1,130,73,77.2731678871252,71.79142380228136,21.61714285714286
87.39999999999931,88.19389868588347,0.09999999999999432,0.1,-5.689893001203927e-15,0.0,35,1,130,73,77.12359645855378,71.69142380228136,21.717142857142857
87.4999999999993,88.29389868588346,0.09999999999999432,0.1,-5.689893001203927e-15,0.0,35,1,130,73,76.9739678871252,71.59142380228137,21.81714285714286
87.5999999999993,88.39389868588346,0.09999999999999432,0.1,-5.689893001203927e-15,0.0,35,1,130,73,76.8242821728395,71.49142380228137,21.917142857142856
87.69999999999929,88.49389868588345,0.09999999999999432,0.1,-5.689893001203927e-15,0.0,35,1,129,73,76.67453931569665,71.39142380228138,22.01714285714286
87.79999999999929,88.59389868588345,0.09999999999999432,0.1,-5.689893001203927e-15,0.0,35,1,129,72,76.52473931569665,71.29142380228139,22.117142857142863
87.89999999999928,88.69389868588344,0.09999999999999432,0.1,-5.689893001203927e-15,0.0,35,1,129,71,76.3748821728395,71.19142380228139,22.21714285714286
87.99999999999928,88.79389868588343,0.09999999999999432,0.1,-5.689893001203927e-15,0.0,35,1,127,71,76.22496788712523,71.0914238022814,22.317142857142862
88.09999999999927,88.89389868588343,0.09999999999999432,0.1,-5.689893001203927e-15,0.0,35,1,126,71,76.0749964585538,70.9914238022814,22.41714285714286
88.19999999999926,88.99389868588342,0.09999999999999432,0.1,-5.689893001203927e-15,0.0,35,1,126,71,75.92496788712522,70.89142380228141,22.51714285714286
88.29999999999926,89.09389868588342,0.09999999999999432,0.1,-5.689893001203927e-15,0.0,35,1,125,71,75.77488217283953,70.79142380228141,22.617142857142863
88.39999999999925,89.19389868588341,0.09999999999999432,0.1,-5.689893001203927e-15,0.0,35,1,124,71,75.62473931569666,70.69142380228142,22.717142857142864
88.49999999999925,89.2938986858834,0.09999999999999432,0.1,-5.689893001203927e-15,0.0,35,1,125,71,75.47453931569667,70.59142380228143,22.817142857142866
88.59999999999924,89.3938986858834,0.09999999999999432,0.1,-5.689893001203927e-15,0.0,35,1,126,71,75.32428217283953,70.49142380228143,22.917142857142863
88.69999999999924,89.4938986858834,0.09999999999999432,0.1,-5.689893001203927e-15,0.0,35,1,126,71,75.17396788712524,70.39142380228144,23.017142857142865
88.79999999999923,89.59389868588339,0.09999999999999432,0.1,-5.689893001203927e-15,0.0,35,1,127,70,75.02359645855381,70.29142380228144,23.117142857142863
88.89999999999922,89.69389868588338,0.09999999999999432,0.1,-5.689893001203927e-15,0.0,35,1,127,69,74.87316788712525,70.19142380228145,23.217142857142864
88.99999999999922,89.79389868588338,0.09999999999999432,0.1,-5.689893001203927e-15,0.0,35,1,126,69,74.72268217283954,70.09142380228145,23.31714285714287
89.09999999999921,89.89389868588337,0.09999999999999432,0.1,-5.689893001203927e-15,0.0,35,1,126,70,74.57213931569669,69.99142380228146,23.417142857142867
89.1999999999992,89.99389868588337,0.09999999999999432,0.1,-5.689893001203927e-15,0.0,35,1,126,70,74.42153931569669,69.89142380228147,23.51714285714287
89.2999999999992,90.09389868588336,0.09999999999999432,0.1,-5.689893001203927e-15,0.0,35,1,127,70,74.27088217283955,69.79142380228147,23.617142857142866
89.3999999999992,90.19389868588335,0.09999999999999432,0.1,-5.689893001203927e-15,0.0,35,1,127,70,74.12016788712528,69.69142380228148,23.717142857142868
89.49999999999919,90.29389868588335,0.09999999999999432,0.1,-5.689893001203927e-15,0.0,35,1,128,71,73.96939645855385,69.59142380228148,23.81714285714287
89.59999999999918,90.39389868588334,0.09999999999999432,0.1,-5.689893001203927e-15,0.0,35,1,128,71,73.81856788712527,69.49142380228149,23.917142857142867
89.69999999999918,90.49389868588334,0.09999999999999432,0.1,-5.689893001203927e-15,0.0,35,1,129,71,73.66768217283956,69.3914238022815,24.01714285714287
89.79999999999917,90.59389868588333,0.09999999999999432,0.1,-5.689893001203927e-15,0.0,35,1,129,71,73.51673931569671,69.2914238022815,24.117142857142866
89.89999999999917,90.69389868588333,0.09999999999999432,0.1,-5.689893001203927e-15,0.0,35,1,129,71,73.36573931569671,69.1914238022815,24.217142857142868
89.99999999999916,90.79389868588332,0.09999999999999432,0.1,-5.689893001203927e-15,0.0,35,1,129,71,73.21468217283957,69.09142380228151,24.31714285714287
90.09999999999916,90.89389868588331,0.09999999999999432,0.1,-5.689893001203927e-15,0.0,35,1,130,71,73.0635678871253,68.99142380228152,24.41714285714287
90.19999999999915,90.99389868588331,0.09999999999999432,0.1,-5.689893001203927e-15,0.0,35,1,131,71,72.91239645855387,68.89142380228152,24.517142857142872
90.29999999999914,91.0938986858833,0.09999999999999432,0.1,-5.689893001203927e-15,0.0,35,1,130,72,72.7611678871253,68.79142380228153,24.61714285714287
90.39999999999914,91.1938986858833,0.09999999999999432,0.1,-5.689893001203927e-15,0.0,35,1,130,73,72.60988217283959,68.69142380228153,24.71714285714287
90.49999999999913,91.29389868588329,0.09999999999999432,0.1,-5.689893001203927e-15,0.0,35,1,131,73,72.45853931569674,68.59142380228154,24.81714285714287
90.59999999999913,91.39389868588329,0.09999999999999432,0.1,-5.689893001203927e-15,0.0,35,1,131,73,72.29218334598256,68.49142380228155,24.91714285714287
90.69999999999912,91.49389868588328,0.09999999999999432,0.1,-5.689893001203927e-15,0.0,35,1,131,72,72.12540981554508,68.39142380228155,25.017142857142872
90.79999999999912,91.59389868588327,0.09999999999999432,0.1,-5.689893001203927e-15,0.0,34,1,131,72,74.11504300421205,68.635106390397,23.21176470588239
90.89999999999911,91.69389868588327,0.09999999999999432,0.1,-5.689893001203927e-15,0.0,34,1,131,71,73.97303972026796,68.535106390397,23.31176470588239
90.9999999999991,91.79389868588326,0.09999999999999432,0.1,-5.689893001203927e-15,0.0,34,1,132,71,73.80829115586282,68.43510639039701,23.41176470588239
91.0999999999991,91.89389868588326,0.09999999999999432,0.1,-5.689893001203927e-15,0.0,34,1,131,71,73.65131332079456,68.33510639039702,23.511764705882392
91.1999999999991,91.99389868588325,0.09999999999999432,0.1,-5.689893001203927e-15,0.0,34,1,130,71,73.49463736353742,68.23510639039702,23.611764705882393
91.29999999999909,91.70085801814047,-0.2930406677427868,0.1,0.06000000000000355,0.45304066774279034,33,1,129,71,76.005749078512,71.78332301443423,23.83030303030307
91.39999999999908,91.85385801814046,0.1529999999999916,0.1,0.05299999999999158,0.0,33,1,128,71,77.4687673977772,71.68332301443424,23.93030303030307
91.49999999999908,91.95385801814045,0.09999999999999432,0.1,-5.689893001203927e-15,0.0,33,1,129,70,77.3257126205159,71.58332301443424,24.03030303030307
91.59999999999907,92.05385801814045,0.09999999999999432,0.1,-5.689893001203927e-15,0.0,33,1,130,70,77.18261215192479,71.48332301443425,24.13030303030307
91.69999999999906,92.15385801814044,0.09999999999999432,0.1,-5.689893001203927e-15,0.0,33,1,129,70,76.95376321906565,70.84862985061405,24.230303030303073
91.79999999999906,92.25385801814043,0.09999999999999432,0.1,-5.689893001203927e-15,0.0,33,1,128,70,76.73454269652508,70.23983459247484,24.33030303030307
91.89999999999905,92.41385801814043,0.1599999999999966,0.1,0.059999999999996584,0.0,33,1,126,70,78.3017972224252,80.66480450499273,24.430303030303072
91.99999999999905,90.17821028565584,-2.235647732484594,0.1,-1.3766765505351941e-14,2.3356477324845804,31,1,125,69,75.39968420486638,69.04678013745917,24.735483870967784
92.09999999999904,90.27821028565583,0.09999999999999432,0.1,-5.689893001203927e-15,0.0,31,1,125,69,75.01207549074665,68.45373575119456,24.835483870967785
92.19999999999904,90.15723142894929,-0.12097885670654307,0.1,0.06000000000000241,0.2809788567065455,30,1,124,70,78.26750135409092,80.36480450499275,25.066666666666713
92.29999999999903,90.31723142894928,0.1599999999999966,0.1,0.059999999999996584,0.0,29,1,124,70,82.64415027810762,80.26480450499275,22.85862068965525
92.39999999999903,90.41723142894928,0.09999999999999432,0.1,-5.689893001203927e-15,0.0,29,1,124,70,82.2507455998214,80.16480450499276,22.958620689655252
92.49999999999902,90.51723142894927,0.09999999999999432,0.1,-5.689893001203927e-15,0.0,29,1,125,70,81.85736069619188,80.06480450499276,23.058620689655253
92.59999999999901,90.65943142894926,0.14219999999998834,0.1,0.04219999999998833,0.0,30,1,124,70,79.4785103177917,81.46178779667748,22.39000000000008
92.69999999999901,90.81943142894926,0.1599999999999966,0.1,0.059999999999996584,0.0,30,1,123,70,81.0361285759629,84.19302720856626,22.490000000000077
92.799999999999,90.97943142894925,0.1599999999999966,0.1,0.059999999999996584,0.0,30,1,122,70,82.59343034052576,84.09302720856627,22.590000000000078
92.899999999999,91.12223142894925,0.14279999999999404,0.1,0.04279999999999404,0.0,30,1,121,70,83.72353352975486,83.99302720856628,22.690000000000076
92.99999999999899,91.22223142894924,0.09999999999999432,0.1,-5.689893001203927e-15,0.0,30,1,120,70,83.2736304701545,83.89302720856628,22.790000000000077
93.09999999999899,91.36643142894924,0.14419999999999789,0.1,0.04419999999999788,0.0,30,1,119,71,84.48823649690453,83.79302720856629,22.890000000000082
93.19999999999898,91.46643142894924,0.09999999999999432,0.1,-5.689893001203927e-15,0.0,30,1,119,71,84.23296622745436,83.69302720856629,22.99000000000008
93.29999999999897,91.65963142894923,0.19319999999999027,0.1,0.09319999999999026,0.0,31,1,118,70,83.46508318100648,83.5930272085663,22.34838709677427
93.39999999999897,91.75963142894922,0.09999999999999432,0.1,-5.689893001203927e-15,0.0,32,1,118,70,79.82054660902702,80.66178779667753,21.750000000000075
93.49999999999896,91.85963142894921,0.09999999999999432,0.1,-5.689893001203927e-15,0.0,32,1,117,70,79.51939748079236,80.56178779667754,21.850000000000076
93.59999999999896,91.95963142894921,0.09999999999999432,0.1,-5.689893001203927e-15,0.0,32,1,117,70,79.26514296429875,80.46178779667754,21.950000000000077
93.69999999999895,92.0596314289492,0.09999999999999432,0.1,-5.689893001203927e-15,0.0,32,1,115,70,79.01684430632726,80.36178779667755,22.050000000000075
93.79999999999895,92.2196314289492,0.1599999999999966,0.1,0.059999999999996584,0.0,32,1,114,70,80.64769595998519,83.09302720856633,22.150000000000077
93.89999999999894,92.3796314289492,0.1599999999999966,0.1,0.059999999999996584,0.0,32,1,113,71,82.12275376081399,87.2638140656053,22.250000000000078
93.99999999999893,92.47963142894919,0.09999999999999432,0.1,-5.689893001203927e-15,0.0,32,1,113,71,81.87098838658281,87.16381406560531,22.35000000000008
94.09999999999893,92.57963142894918,0.09999999999999432,0.1,-5.689893001203927e-15,0.0,32,1,113,71,81.45396389673368,87.06381406560531,22.450000000000077
94.19999999999892,92.67963142894918,0.09999999999999432,0.1,-5.689893001203927e-15,0.0,32,1,113,71,81.20441190155118,86.96381406560532,22.55000000000008
94.29999999999892,92.77963142894917,0.09999999999999432,0.1,-5.689893001203927e-15,0.0,32,1,113,71,80.80692033435234,86.86381406560533,22.65000000000008
94.39999999999891,92.87963142894917,0.09999999999999432,0.1,-5.689893001203927e-15,0.0,32,1,113,71,80.42316853216929,86.76381406560533,22.750000000000078
94.4999999999989,92.97963142894916,0.09999999999999432,0.1,-5.689893001203927e-15,0.0,32,1,113,71,80.19863793308528,86.66381406560534,22.85000000000008
94.5999999999989,93.07963142894916,0.09999999999999432,0.1,-5.689893001203927e-15,0.0,32,1,114,71,79.98880277899319,86.56381406560534,22.95000000000008
94.6999999999989,93.20383142894914,0.12419999999998765,0.1,0.024199999999987648,0.0,32,1,113,70,80.53547519235197,86.46381406560535,23.050000000000082
94.79999999999889,93.30383142894914,0.09999999999999432,0.1,-5.689893001203927e-15,0.0,32,1,112,70,80.33500267338128,86.36381406560535,23.15000000000008
94.89999999999888,93.40383142894913,0.09999999999999432,0.1,-5.689893001203927e-15,0.0,32,1,113,70,79.96726237918179,86.26381406560536,23.25000000000008
94.99999999999888,93.50383142894913,0.09999999999999432,0.1,-5.689893001203927e-15,0.0,32,1,113,70,79.59978223165838,86.16381406560537,23.350000000000083
95.09999999999887,93.66383142894912,0.1599999999999966,0.1,0.059999999999996584,0.0,32,1,113,70,81.25529589139879,86.06381406560537,23.45000000000008
95.19999999999887,93.76383142894912,0.09999999999999432,0.1,-5.689893001203927e-15,0.0,32,1,113,70,80.86412559313536,85.96381406560538,23.550000000000082
95.29999999999886,93.86383142894911,0.09999999999999432,0.1,-5.689893001203927e-15,0.0,32,1,115,70,80.49621636749669,85.86381406560538,23.650000000000084
95.39999999999885,94.02383142894911,0.1599999999999966,0.1,0.059999999999996584,0.0,32,1,115,69,81.98999294701426,85.76381406560539,23.750000000000085
95.49999999999885,94.15523142894911,0.1313999999999993,0.1,0.03139999999999929,0.0,33,1,114,69,79.50162483680057,85.6638140656054,23.13030303030311
95.59999999999884,94.2552314289491,0.09999999999999432,0.1,-5.689893001203927e-15,0.0,33,1,114,69,79.05748433300131,85.5638140656054,23.230303030303112
95.69999999999884,94.3552314289491,0.09999999999999432,0.1,-5.689893001203927e-15,0.0,33,1,114,69,78.65423184070455,85.4638140656054,23.330303030303114
95.79999999999883,94.45523142894909,0.09999999999999432,0.1,-5.689893001203927e-15,0.0,33,1,115,69,78.26430579650297,85.36381406560541,23.430303030303115
95.89999999999883,94.64903142894909,0.19379999999999598,0.1,0.09379999999999597,0.0,33,1,112,68,80.88138589612186,85.26381406560542,23.530303030303113
95.99999999999882,94.74903142894908,0.09999999999999432,0.1,-5.689893001203927e-15,0.0,33,1,112,68,80.53655109417235,85.16381406560542,23.630303030303114
96.09999999999881,94.20155364964808,-0.5474777793010048,0.1,0.05999999999999506,0.7074777793009999,32,1,113,68,82.36235734688755,89.83492666774448,24.450000000000088
96.19999999999881,94.32715364964807,0.1255999999999915,0.1,0.02559999999999149,0.0,33,1,112,68,79.52425339339501,84.96381406560543,23.809090909090994
96.2999999999988,94.44875364964807,0.12160000000000082,0.1,0.021600000000000813,0.0,34,1,113,68,76.70934698723296,80.59302720856647,23.20882352941185
96.3999999999988,94.54875364964806,0.09999999999999432,0.1,-5.689893001203927e-15,0.0,34,1,114,68,76.32362136134735,80.49302720856647,23.30882352941185
96.49999999999879,94.64875364964806,0.09999999999999432,0.1,-5.689893001203927e-15,0.0,34,1,113,68,75.93321317724023,80.39302720856648,23.408823529411848
96.59999999999879,94.76915364964805,0.1203999999999894,0.1,0.0203999999999894,0.0,34,1,111,67,76.2878780530697,80.29302720856649,23.50882352941185
96.69999999999878,94.40888775554384,-0.3602658941042023,0.1,0.12139999999998963,0.5816658941041919,33,1,107,67,80.14934371049004,80.19302720856649,23.551515151515236
96.79999999999878,94.50888775554384,0.09999999999999432,0.1,-5.689893001203927e-15,0.0,34,1,106,67,76.8814690633002,80.0930272085665,22.958823529411845
96.89999999999877,94.60888775554383,0.09999999999999432,0.1,-5.689893001203927e-15,0.0,34,1,107,66,76.52716512482587,79.9930272085665,23.05882352941185
96.99999999999876,94.70888775554383,0.09999999999999432,0.1,-5.689893001203927e-15,0.0,34,1,107,66,76.37915235567306,79.89302720856651,23.158823529411848
97.09999999999876,94.80888775554382,0.09999999999999432,0.1,-5.689893001203927e-15,0.0,35,1,107,66,73.27193513879105,74.9,22.597142857142938
97.19999999999875,94.90888775554382,0.09999999999999432,0.1,-5.689893001203927e-15,0.0,35,1,107,67,73.03871835297875,73.8523389665338,22.69714285714294
97.29999999999875,94.0836654746034,-0.825222280940423,0.1,-2.55351295663786e-15,0.9252222809404205,34,1,107,68,72.25855705971416,73.7523389665338,23.326470588235377
97.39999999999874,94.18366547460339,0.09999999999999432,0.1,-5.689893001203927e-15,0.0,34,1,106,68,72.06664767428796,73.6523389665338,23.42647058823538
97.49999999999874,94.28366547460338,0.09999999999999432,0.1,-5.689893001203927e-15,0.0,34,1,105,69,71.88548881622634,73.55233896653381,23.52647058823538
97.59999999999873,94.38366547460338,0.09999999999999432,0.1,-5.689893001203927e-15,0.0,34,1,105,69,71.70943926595135,73.45233896653382,23.626470588235378
97.69999999999872,94.48366547460337,0.09999999999999432,0.1,-5.689893001203927e-15,0.0,34,1,105,69,71.53391257400675,73.35233896653382,23.72647058823538
97.79999999999872,94.58366547460336,0.09999999999999432,0.1,-5.689893001203927e-15,0.0,34,1,105,70,71.35445761031195,73.25233896653383,23.82647058823538
97.89999999999871,94.68366547460336,0.09999999999999432,0.1,-5.689893001203927e-15,0.0,34,1,105,69,71.1747262576051,73.15233896653383,23.926470588235382
97.9999999999987,94.83806547460335,0.15439999999999543,0.1,0.054399999999995424,0.0,34,1,103,69,72.57284710340218,76.06178779667779,24.02647058823538
98.0999999999987,94.96366547460335,0.1255999999999915,0.1,0.02559999999999149,0.0,34,1,102,69,73.08343579892102,75.9617877966778,24.12647058823538
98.1999999999987,95.06366547460334,0.09999999999999432,0.1,-5.689893001203927e-15,0.0,34,1,102,69,72.84647146118438,75.8617877966778,24.226470588235383
98.29999999999869,95.16366547460333,0.09999999999999432,0.1,-5.689893001203927e-15,0.0,34,1,102,69,72.61812343555137,75.76178779667781,24.32647058823538
98.39999999999868,95.26366547460333,0.09999999999999432,0.1,-5.689893001203927e-15,0.0,34,1,102,69,72.39675566344484,75.66178779667781,24.426470588235382
98.49999999999868,95.42366547460333,0.1599999999999966,0.1,0.059999999999996584,0.0,34,1,101,69,73.94717214562924,75.56178779667782,24.526470588235384
98.59999999999867,95.58366547460332,0.1599999999999966,0.1,0.059999999999996584,0.0,34,1,100,69,75.5150063087638,75.46178779667783,24.62647058823538
98.69999999999867,95.74366547460332,0.1599999999999966,0.1,0.059999999999996584,0.0,35,1,99,70,74.16296448840905,75.36178779667783,24.02285714285723
98.79999999999866,95.24195795599555,-0.5017075186077733,0.1,-2.220446049250313e-15,0.601707518607771,34,1,98,70,74.35882710607429,78.09302720856661,24.755882352941263
98.89999999999866,95.34195795599554,0.09999999999999432,0.1,-5.689893001203927e-15,0.0,34,1,99,70,74.16702782619444,77.99302720856662,24.85588235294127
98.99999999999865,95.44195795599553,0.09999999999999432,0.1,-5.689893001203927e-15,0.0,34,1,99,69,73.97527934425102,77.89302720856662,24.955882352941266
99.09999999999864,95.54195795599553,0.09999999999999432,0.1,-5.689893001203927e-15,0.0,34,1,99,69,73.78349215352296,77.79302720856663,25.055882352941268
99.19999999999864,95.64195795599552,0.09999999999999432,0.1,-5.689893001203927e-15,0.0,34,1,99,69,73.59486091988788,77.69302720856663,25.15588235294127
99.29999999999863,95.74195795599552,0.09999999999999432,0.1,-5.689893001203927e-15,0.0,34,1,98,69,73.41387877789735,77.59302720856664,25.255882352941267
99.39999999999863,95.84195795599551,0.09999999999999432,0.1,-5.689893001203927e-15,0.0,34,1,98,69,73.24230573276634,77.49302720856664,25.35588235294127
99.49999999999862,95.9419579559955,0.09999999999999432,0.1,-5.689893001203927e-15,0.0,34,1,97,69,73.07500627710111,77.39302720856665,25.45588235294127
99.59999999999862,96.0419579559955,0.09999999999999432,0.1,-5.689893001203927e-15,0.0,34,1,96,69,72.90932114190619,77.29302720856666,25.555882352941268
99.69999999999861,96.1419579559955,0.09999999999999432,0.1,-5.689893001203927e-15,0.0,34,1,96,69,72.74739791130912,77.19302720856666,25.65588235294127
99.7999999999986,96.24195795599549,0.09999999999999432,0.1,-5.689893001203927e-15,0.0,34,1,97,69,72.58492795473335,77.09302720856667,25.75588235294127
99.8999999999986,96.34195795599548,0.09999999999999432,0.1,-5.689893001203927e-15,0.0,34,1,98,69,72.42186936627874,76.99302720856667,25.855882352941272
99.9999999999986,96.44195795599548,0.09999999999999432,0.1,-5.689893001203927e-15,0.0,34,1,99,69,72.25957016239829,76.89302720856668,25.95588235294127
100.09999999999859,96.54195795599547,0.09999999999999432,0.1,-5.689893001203927e-15,0.0,34,1,99,69,72.09695762383467,76.79302720856668,26.05588235294127
100.19999999999858,96.64195795599547,0.09999999999999432,0.1,-5.689893001203927e-15,0.0,34,1,100,69,71.93498049969382,76.69302720856669,26.155882352941273
100.29999999999858,96.74195795599546,0.09999999999999432,0.1,-5.689893001203927e-15,0.0,34,1,99,69,71.77256614316002,76.5930272085667,26.25588235294127
100.39999999999857,96.84195795599545,0.09999999999999432,0.1,-5.689893001203927e-15,0.0,34,1,100,69,71.60824288375254,76.4930272085667,26.355882352941276
100.49999999999856,96.94195795599545,0.09999999999999432,0.1,-5.689893001203927e-15,0.0,34,1,100,69,71.42869635631233,76.0631138466394,26.455882352941273
100.59999999999856,97.04195795599544,0.09999999999999432,0.1,-5.689893001203927e-15,0.0,34,1,99,69,71.24843626186595,75.4411733764652,26.55588235294127
100.69999999999855,97.14195795599544,0.09999999999999432,0.1,-5.689893001203927e-15,0.0,34,1,98,70,71.05220597888565,74.82428245468017,26.655882352941276
100.79999999999855,97.24195795599543,0.09999999999999432,0.1,-5.689893001203927e-15,0.0,34,1,99,70,70.85823096346172,74.22216740374806,26.755882352941274
100.89999999999854,97.34195795599543,0.09999999999999432,0.1,-5.689893001203927e-15,0.0,34,1,99,70,70.66297244339533,73.60683312663839,26.855882352941276
100.99999999999854,96.91210207410239,-0.42985588189303314,0.1,-7.771561172376096e-16,0.5298558818930323,33,1,101,70,70.99900999365668,73.06178779667796,27.539393939394042
101.09999999999853,97.01210207410239,0.09999999999999432,0.1,-5.689893001203927e-15,0.0,33,1,101,70,70.81792023460567,72.96178779667797,27.639393939394044
101.19999999999852,97.11210207410238,0.09999999999999432,0.1,-5.689893001203927e-15,0.0,33,1,102,70,70.63689019799517,72.86178779667797,27.73939393939404
101.29999999999852,97.21210207410238,0.09999999999999432,0.1,-5.689893001203927e-15,0.0,33,1,102,70,70.45534816597169,72.76178779667798,27.839393939394043
101.39999999999851,97.31210207410237,0.09999999999999432,0.1,-5.689893001203927e-15,0.0,33,1,102,69,70.2741842394761,72.66178779667798,27.939393939394048
101.49999999999851,97.41210207410236,0.09999999999999432,0.1,-5.689893001203927e-15,0.0,33,1,103,69,70.01306673013626,72.56178779667799,28.039393939394046
101.5999999999985,96.87718672080317,-0.5349153532991977,0.1,0.01999999999998736,0.654915353299185,32,1,103,69,70.50875780935898,75.29302720856677,28.84687500000011
101.6999999999985,96.97718672080316,0.09999999999999432,0.1,-5.689893001203927e-15,0.0,32,1,103,69,70.26149999754332,75.19302720856678,28.946875000000112
101.79999999999849,93.95008585864223,-3.0271008621609354,0.1,-3.552713678800501e-15,3.127100862160932,28,1,103,68,68.8477436991075,75.09302720856678,31.607142857142986
101.89999999999849,94.05008585864222,0.09999999999999432,0.1,-5.689893001203927e-15,0.0,28,1,103,68,68.65233385520644,74.99302720856679,31.70714285714299
101.99999999999848,94.15008585864221,0.09999999999999432,0.1,-5.689893001203927e-15,0.0,28,1,102,68,68.45508434701917,74.89302720856679,31.80714285714299
102.09999999999847,94.25008585864221,0.09999999999999432,0.1,-5.689893001203927e-15,0.0,28,1,102,69,68.25464594728429,74.7930272085668,31.90714285714299
102.19999999999847,94.3500858586422,0.09999999999999432,0.1,-5.689893001203927e-15,0.0,28,1,104,69,68.03434761840312,74.6930272085668,32.00714285714299
102.29999999999846,94.4500858586422,0.09999999999999432,0.1,-5.689893001203927e-15,0.0,28,1,105,69,67.81833697221103,74.59302720856681,32.10714285714299
102.39999999999846,94.55008585864219,0.09999999999999432,0.1,-5.689893001203927e-15,0.0,28,1,104,69,67.60198935337017,74.49302720856682,32.20714285714299
102.49999999999845,94.65008585864219,0.09999999999999432,0.1,-5.689893001203927e-15,0.0,28,1,104,69,67.38661029840644,74.39302720856682,32.30714285714299
102.59999999999845,94.75008585864218,0.09999999999999432,0.1,-5.689893001203927e-15,0.0,28,1,104,69,67.17026627449968,74.29302720856683,32.40714285714299
102.69999999999844,94.85008585864217,0.09999999999999432,0.1,-5.689893001203927e-15,0.0,28,1,104,69,66.95734372842857,74.19302720856683,32.507142857142995
102.79999999999843,94.95008585864217,0.09999999999999432,0.1,-5.689893001203927e-15,0.0,28,1,104,69,66.74188954954035,74.09302720856684,32.607142857142996
102.89999999999843,95.05008585864216,0.09999999999999432,0.1,-5.689893001203927e-15,0.0,28,1,104,70,66.53060037112314,73.99302720856684,32.707142857143
102.99999999999842,95.15008585864216,0.09999999999999432,0.1,-5.689893001203927e-15,0.0,28,1,104,70,66.33674646889533,73.89302720856685,32.807142857143
103.09999999999842,95.25008585864215,0.09999999999999432,0.1,-5.689893001203927e-15,0.0,28,1,104,70,66.14355584341845,73.79302720856685,32.907142857143
103.19999999999841,95.35008585864215,0.09999999999999432,0.1,-5.689893001203927e-15,0.0,28,1,104,71,65.95088188853934,73.65110444654002,33.007142857142995
103.2999999999984,95.45008585864214,0.09999999999999432,0.1,-5.689893001203927e-15,0.0,28,1,103,71,65.75667467487213,72.98963528347498,33.107142857142996
103.3999999999984,95.55008585864213,0.09999999999999432,0.1,-5.689893001203927e-15,0.0,28,1,103,71,65.5630654290511,72.35165309752318,33.207142857143005
103.4999999999984,95.65008585864213,0.09999999999999432,0.1,-5.689893001203927e-15,0.0,28,1,104,71,65.36777993807411,71.70831105877433,33.307142857143
103.59999999999839,95.75008585864212,0.09999999999999432,0.1,-5.689893001203927e-15,0.0,28,1,104,71,65.1753757155495,71.10831105877433,33.407142857143
103.69999999999838,95.85008585864212,0.09999999999999432,0.1,-5.689893001203927e-15,0.0,28,1,104,71,64.98294485474501,70.50831105877434,33.507142857143
103.79999999999838,95.95008585864211,0.09999999999999432,0.1,-5.689893001203927e-15,0.0,28,1,104,71,64.79049576738159,70.26178779667812,33.607142857143
103.89999999999837,96.0500858586421,0.09999999999999432,0.1,-5.689893001203927e-15,0.0,28,1,105,71,64.59811340968089,70.16178779667813,33.707142857143005
103.99999999999837,96.1500858586421,0.09999999999999432,0.1,-5.689893001203927e-15,0.0,28,1,105,71,64.40575739172324,70.06178779667813,33.807142857143006
104.09999999999836,96.2500858586421,0.09999999999999432,0.1,-5.689893001203927e-15,0.0,28,1,104,70,64.21341155804512,69.96178779667814,33.90714285714301
104.19999999999835,96.35008585864209,0.09999999999999432,0.1,-5.689893001203927e-15,0.0,28,1,104,70,64.02106944697017,69.86178779667814,34.007142857143
104.29999999999835,96.45008585864208,0.09999999999999432,0.1,-5.689893001203927e-15,0.0,28,1,105,70,63.82872847434142,69.76178779667815,34.10714285714301
104.39999999999834,96.55008585864208,0.09999999999999432,0.1,-5.689893001203927e-15,0.0,28,1,105,71,63.63839708410814,69.66178779667815,34.20714285714301
104.49999999999834,96.65008585864207,0.09999999999999432,0.1,-5.689893001203927e-15,0.0,28,1,106,71,63.46108194828542,69.56178779667816,34.307142857143006
104.59999999999833,96.75008585864207,0.09999999999999432,0.1,-5.689893001203927e-15,0.0,28,1,107,71,63.29538921797382,69.46178779667817,34.40714285714301
104.69999999999833,96.85008585864206,0.09999999999999432,0.1,-5.689893001203927e-15,0.0,28,1,108,72,63.13947812864374,69.36178779667817,34.50714285714301
104.79999999999832,96.95008585864205,0.09999999999999432,0.1,-5.689893001203927e-15,0.0,28,1,108,71,62.99632111686069,69.26178779667818,34.60714285714301
104.89999999999831,97.05008585864205,0.09999999999999432,0.1,-5.689893001203927e-15,0.0,28,1,109,71,62.85663513334308,69.16178779667818,34.70714285714301
104.99999999999831,97.15008585864204,0.09999999999999432,0.1,-5.689893001203927e-15,0.0,28,1,108,71,62.72042017475945,69.06178779667819,34.80714285714301
105.0999999999983,97.25008585864204,0.09999999999999432,0.1,-5.689893001203927e-15,0.0,28,1,108,71,62.58508605329737,68.9617877966782,34.907142857143015
105.1999999999983,97.35008585864203,0.09999999999999432,0.1,-5.689893001203927e-15,0.0,28,1,107,71,62.4582392199196,68.8617877966782,35.007142857143016
105.29999999999829,97.45008585864203,0.09999999999999432,0.1,-5.689893001203927e-15,0.0,28,1,107,71,62.33563574301788,68.7617877966782,35.10714285714302
105.39999999999829,97.55008585864202,0.09999999999999432,0.1,-5.689893001203927e-15,0.0,28,1,107,71,62.215368989507574,68.66178779667821,35.20714285714301
105.49999999999828,97.65008585864202,0.09999999999999432,0.1,-5.689893001203927e-15,0.0,28,1,107,71,62.09740347460245,68.56178779667822,35.30714285714301
105.59999999999827,97.75008585864201,0.09999999999999432,0.1,-5.689893001203927e-15,0.0,28,1,107,71,61.962266374025354,68.46178779667822,35.40714285714302
105.69999999999827,97.850085858642,0.09999999999999432,0.1,-5.689893001203927e-15,0.0,28,1,107,70,61.84188321969476,68.36178779667823,35.507142857143016
105.79999999999826,97.950085858642,0.09999999999999432,0.1,-5.689893001203927e-15,0.0,28,1,108,70,61.721616822704114,68.26178779667823,35.60714285714302
105.89999999999826,98.05008585864199,0.09999999999999432,0.1,-5.689893001203927e-15,0.0,28,1,108,70,61.60345236277339,68.16178779667824,35.70714285714302
105.99999999999825,98.15008585864199,0.09999999999999432,0.1,-5.689893001203927e-15,0.0,28,1,108,70,61.48143173462019,68.06178779667825,35.80714285714302
106.09999999999825,98.25008585864198,0.09999999999999432,0.1,-5.689893001203927e-15,0.0,28,1,108,70,61.36316342413265,67.96178779667825,35.90714285714302
106.19999999999824,98.35008585864198,0.09999999999999432,0.1,-5.689893001203927e-15,0.0,28,1,108,70,61.24248738773962,67.86178779667826,36.00714285714302
106.29999999999824,98.45008585864197,0.09999999999999432,0.1,-5.689893001203927e-15,0.0,28,1,108,70,61.12463024488248,67.76178779667826,36.107142857143025
106.39999999999823,98.55008585864196,0.09999999999999432,0.1,-5.689893001203927e-15,0.0,28,1,108,70,61.00677310202534,67.66178779667827,36.20714285714302
106.49999999999822,98.65008585864196,0.09999999999999432,0.1,-5.689893001203927e-15,0.0,28,1,108,71,60.888915959168195,67.56178779667827,36.30714285714303
106.59999999999822,98.75008585864195,0.09999999999999432,0.1,-5.689893001203927e-15,0.0,28,1,108,72,60.77014625877557,67.46178779667828,36.40714285714303
106.69999999999821,98.85008585864195,0.09999999999999432,0.1,-5.689893001203927e-15,0.0,28,1,108,72,60.652079318803416,67.36178779667829,36.50714285714302
106.7999999999982,98.95008585864194,0.09999999999999432,0.1,-5.689893001203927e-15,0.0,28,1,108,72,60.53422217594628,67.26178779667829,36.607142857143025
106.8999999999982,99.05008585864194,0.09999999999999432,0.1,-5.689893001203927e-15,0.0,28,1,108,72,60.41636503308914,67.1617877966783,36.707142857143026
106.9999999999982,99.00728015021637,-0.042805708425561306,0.1,-4.6351811278100286e-15,0.14280570842555668,27,1,109,72,62.00287592903482,67.0617877966783,36.8296296296298
107.09999999999819,99.10728015021637,0.09999999999999432,0.1,-5.689893001203927e-15,0.0,27,1,108,72,61.90287592903483,66.96178779667831,36.9296296296298
107.19999999999818,99.20728015021636,0.09999999999999432,0.1,-5.689893001203927e-15,0.0,27,1,108,72,61.802875929034826,66.86178779667831,37.0296296296298
107.29999999999818,99.30728015021636,0.09999999999999432,0.1,-5.689893001203927e-15,0.0,27,1,108,72,61.70287592903483,66.76178779667832,37.129629629629804
107.39999999999817,99.40728015021635,0.09999999999999432,0.1,-5.689893001203927e-15,0.0,27,1,109,72,61.60287592903483,66.66178779667833,37.2296296296298
107.49999999999817,99.50728015021635,0.09999999999999432,0.1,-5.689893001203927e-15,0.0,27,1,110,72,61.502875929034836,66.56178779667833,37.3296296296298
107.59999999999816,99.60728015021634,0.09999999999999432,0.1,-5.689893001203927e-15,0.0,27,1,112,72,61.402875929034835,66.46178779667834,37.4296296296298
107.69999999999816,99.70728015021633,0.09999999999999432,0.1,-5.689893001203927e-15,0.0,27,1,112,73,61.30287592903484,66.36178779667834,37.5296296296298
107.79999999999815,99.80728015021633,0.09999999999999432,0.1,-5.689893001203927e-15,0.0,27,1,113,73,61.20287592903484,66.26178779667835,37.629629629629804
107.89999999999814,99.90728015021632,0.09999999999999432,0.1,-5.689893001203927e-15,0.0,27,1,114,73,61.102875929034845,66.16178779667835,37.729629629629805
107.99999999999814,100.00728015021632,0.09999999999999432,0.1,-5.689893001203927e-15,0.0,27,1,113,73,61.00287592903484,66.06178779667836,37.82962962962981
108.09999999999813,100.10728015021631,0.09999999999999432,0.1,-5.689893001203927e-15,0.0,27,1,113,73,60.902875929034856,65.96178779667837,37.9296296296298
108.19999999999813,100.2072801502163,0.09999999999999432,0.1,-5.689893001203927e-15,0.0,27,1,112,73,60.802875929034855,65.86178779667837,38.0296296296298
108.29999999999812,100.3072801502163,0.09999999999999432,0.1,-5.689893001203927e-15,0.0,27,1,112,73,60.70287592903486,65.76178779667838,38.129629629629804
108.39999999999812,100.4072801502163,0.09999999999999432,0.1,-5.689893001203927e-15,0.0,27,1,113,73,60.60287592903486,65.66178779667838,38.229629629629805
108.49999999999811,100.50728015021629,0.09999999999999432,0.1,-5.689893001203927e-15,0.0,27,1,113,73,60.50287592903486,65.56178779667839,38.32962962962981
108.5999999999981,100.60728015021628,0.09999999999999432,0.1,-5.689893001203927e-15,0.0,27,1,115,73,60.37441201537307,65.4617877966784,38.42962962962981
108.6999999999981,100.70728015021628,0.09999999999999432,0.1,-5.689893001203927e-15,0.0,27,1,116,73,60.25589349685455,65.3617877966784,38.52962962962982
108.7999999999981,100.80728015021627,0.09999999999999432,0.1,-5.689893001203927e-15,0.0,27,1,117,73,60.137374978336034,65.2617877966784,38.62962962962982
108.89999999999809,100.4654049735372,-0.34187517667906775,0.1,-8.326672684688674e-16,0.4418751766790669,26,1,118,73,60.62775410566024,66.2352899025899,38.74615384615402
108.99999999999808,100.5654049735372,0.09999999999999432,0.1,-5.689893001203927e-15,0.0,26,1,119,73,60.52775410566024,66.1352899025899,38.846153846154024
109.09999999999808,100.66540497353719,0.09999999999999432,0.1,-5.689893001203927e-15,0.0,26,1,119,73,60.42775410566025,66.03528990258991,38.946153846154026
109.19999999999807,100.76540497353719,0.09999999999999432,0.1,-5.689893001203927e-15,0.0,26,1,119,73,60.32775410566024,65.93528990258991,39.04615384615403
109.29999999999806,100.86540497353718,0.09999999999999432,0.1,-5.689893001203927e-15,0.0,26,1,119,73,60.227754105660246,65.83528990258992,39.14615384615403
109.39999999999806,100.96540497353718,0.09999999999999432,0.1,-5.689893001203927e-15,0.0,26,1,119,73,60.12775410566025,65.73528990258993,39.24615384615403
109.49999999999805,101.06540497353717,0.09999999999999432,0.1,-5.689893001203927e-15,0.0,26,1,120,73,60.02775410566025,65.63528990258993,39.34615384615403
109.59999999999805,101.16540497353716,0.09999999999999432,0.1,-5.689893001203927e-15,0.0,26,1,120,73,59.927754105660256,65.53528990258994,39.44615384615403
109.69999999999804,101.26540497353716,0.09999999999999432,0.1,-5.689893001203927e-15,0.0,26,1,121,73,59.82775410566026,65.43528990258994,39.546153846154034
109.79999999999804,101.36540497353715,0.09999999999999432,0.1,-5.689893001203927e-15,0.0,26,1,122,73,59.72775410566026,65.33528990258995,39.646153846154036
109.89999999999803,101.46540497353715,0.09999999999999432,0.1,-5.689893001203927e-15,0.0,26,1,122,74,59.627754105660266,65.23528990258995,39.74615384615403
109.99999999999802,101.56540497353714,0.09999999999999432,0.1,-5.689893001203927e-15,0.0,26,1,122,74,59.52775410566027,65.13528990258996,39.84615384615403
110.09999999999802,101.66540497353714,0.09999999999999432,0.1,-5.689893001203927e-15,0.0,26,1,122,74,59.42775410566026,65.03528990258997,39.94615384615403
110.19999999999801,101.76540497353713,0.09999999999999432,0.1,-5.689893001203927e-15,0.0,26,1,122,75,59.32775410566027,64.93528990258997,40.046153846154034
110.29999999999801,101.86540497353712,0.09999999999999432,0.1,-5.689893001203927e-15,0.0,26,1,122,75,59.227754105660274,64.83528990258998,40.146153846154036
110.399999999998,101.96540497353712,0.09999999999999432,0.1,-5.689893001203927e-15,0.0,26,1,122,75,59.12775410566027,64.73528990258998,40.24615384615403
110.499999999998,102.06540497353711,0.09999999999999432,0.1,-5.689893001203927e-15,0.0,26,1,122,74,59.02775410566028,64.63528990258999,40.34615384615404
110.59999999999799,102.16540497353711,0.09999999999999432,0.1,-5.689893001203927e-15,0.0,26,1,124,74,58.927754105660284,64.53528990259,40.44615384615403
110.69999999999798,102.2654049735371,0.09999999999999432,0.1,-5.689893001203927e-15,0.0,26,1,124,75,58.82775410566028,64.43528990259,40.54615384615404
110.79999999999798,102.3654049735371,0.09999999999999432,0.1,-5.689893001203927e-15,0.0,26,1,124,75,58.72775410566028,64.33528990259,40.646153846154036
110.89999999999797,102.46540497353709,0.09999999999999432,0.1,-5.689893001203927e-15,0.0,26,1,125,75,58.62775410566029,64.23528990259001,40.746153846154044
110.99999999999797,102.56540497353708,0.09999999999999432,0.1,-5.689893001203927e-15,0.0,26,1,126,75,58.527754105660286,64.13528990259002,40.84615384615404
111.09999999999796,102.66540497353708,0.09999999999999432,0.1,-5.689893001203927e-15,0.0,26,1,126,75,58.42775410566029,64.03528990259002,40.94615384615405
111.19999999999796,102.76540497353707,0.09999999999999432,0.1,-5.689893001203927e-15,0.0,26,1,126,74,58.3277541056603,63.93528990259002,41.04615384615404
111.29999999999795,102.86540497353707,0.09999999999999432,0.1,-5.689893001203927e-15,0.0,26,1,128,74,58.227754105660296,63.83528990259002,41.14615384615404
111.39999999999795,102.96540497353706,0.09999999999999432,0.1,-5.689893001203927e-15,0.0,26,1,128,74,58.1277541056603,63.73528990259002,41.246153846154044
111.49999999999794,103.06540497353706,0.09999999999999432,0.1,-5.689893001203927e-15,0.0,26,1,130,74,58.02775410566029,63.63528990259002,41.346153846154046
111.59999999999793,103.16540497353705,0.09999999999999432,0.1,-5.689893001203927e-15,0.0,26,1,130,73,57.9277541056603,63.535289902590016,41.44615384615405
111.69999999999793,103.26540497353704,0.09999999999999432,0.1,-5.689893001203927e-15,0.0,26,1,129,73,57.827754105660304,63.435289902590014,41.54615384615405
111.79999999999792,103.36540497353704,0.09999999999999432,0.1,-5.689893001203927e-15,0.0,26,1,129,73,57.72775410566031,63.33528990259001,41.64615384615404
111.89999999999792,103.46540497353703,0.09999999999999432,0.1,-5.689893001203927e-15,0.0,26,1,129,73,57.62775410566031,63.23528990259001,41.74615384615405
111.99999999999791,103.56540497353703,0.09999999999999432,0.1,-5.689893001203927e-15,0.0,26,1,129,73,57.527754105660314,63.13528990259001,41.846153846154046
112.0999999999979,103.66540497353702,0.09999999999999432,0.1,-5.689893001203927e-15,0.0,26,1,131,73,57.427754105660306,63.03528990259001,41.946153846154054
112.1999999999979,103.76540497353702,0.09999999999999432,0.1,-5.689893001203927e-15,0.0,26,1,131,73,57.32775410566031,62.93528990259001,42.04615384615405
112.2999999999979,103.86540497353701,0.09999999999999432,0.1,-5.689893001203927e-15,0.0,26,1,131,73,57.22775410566032,62.835289902590006,42.14615384615406
112.39999999999789,103.965404973537,0.09999999999999432,0.1,-5.689893001203927e-15,0.0,26,1,131,73,57.127754105660316,62.735289902590004,42.24615384615405
112.49999999999788,104.065404973537,0.09999999999999432,0.1,-5.689893001203927e-15,0.0,26,1,132,73,57.02775410566032,62.63528990259,42.34615384615405
112.59999999999788,104.165404973537,0.09999999999999432,0.1,-5.689893001203927e-15,0.0,26,1,132,73,56.92775410566032,62.53528990259,42.446153846154054
112.69999999999787,104.26540497353699,0.09999999999999432,0.1,-5.689893001203927e-15,0.0,26,1,133,73,56.82775410566032,62.43528990259,42.546153846154056
112.79999999999787,104.36540497353698,0.09999999999999432,0.1,-5.689893001203927e-15,0.0,26,1,133,73,56.727754105660324,62.33528990259,42.64615384615406
112.89999999999786,104.46540497353698,0.09999999999999432,0.1,-5.689893001203927e-15,0.0,26,1,134,73,56.62775410566033,62.23528990259,42.74615384615406
112.99999999999785,104.56540497353697,0.09999999999999432,0.1,-5.689893001203927e-15,0.0,26,1,133,73,56.52775410566033,62.135289902589996,42.84615384615405
113.09999999999785,104.66540497353697,0.09999999999999432,0.1,-5.689893001203927e-15,0.0,26,1,133,73,56.427754105660334,62.035289902589994,42.94615384615406
113.19999999999784,104.76540497353696,0.09999999999999432,0.1,-5.689893001203927e-15,0.0,26,1,132,73,56.32775410566033,61.93528990258999,43.046153846154056
113.29999999999784,104.86540497353695,0.09999999999999432,0.1,-5.689893001203927e-15,0.0,26,1,132,73,56.22775410566033,61.83528990258999,43.146153846154064
113.39999999999783,104.96540497353695,0.09999999999999432,0.1,-5.689893001203927e-15,0.0,26,1,133,73,56.12775410566034,61.73528990258999,43.24615384615406
113.49999999999783,105.06540497353694,0.09999999999999432,0.1,-5.689893001203927e-15,0.0,26,1,133,73,56.02775410566034,61.63528990258999,43.34615384615407
113.59999999999782,105.16540497353694,0.09999999999999432,0.1,-5.689893001203927e-15,0.0,26,1,134,73,55.92775410566034,61.53528990258999,43.44615384615406
113.69999999999781,105.26540497353693,0.09999999999999432,0.1,-5.689893001203927e-15,0.0,26,1,134,73,55.82775410566034,61.435289902589986,43.54615384615407
113.79999999999781,105.36540497353693,0.09999999999999432,0.1,-5.689893001203927e-15,0.0,26,1,135,73,55.72775410566034,61.335289902589984,43.646153846154064
113.8999999999978,105.46540497353692,0.09999999999999432,0.1,-5.689893001203927e-15,0.0,26,1,136,73,55.627754105660344,61.23528990258998,43.746153846154066
113.9999999999978,105.56540497353691,0.09999999999999432,0.1,-5.689893001203927e-15,0.0,26,1,136,73,55.52775410566035,61.13528990258998,43.84615384615407
114.09999999999779,105.66540497353691,0.09999999999999432,0.1,-5.689893001203927e-15,0.0,26,1,136,73,55.427754105660355,61.03528990258998,43.94615384615407
114.19999999999779,105.7654049735369,0.09999999999999432,0.1,-5.689893001203927e-15,0.0,26,1,137,73,55.32775410566035,60.93528990258998,44.04615384615407
114.29999999999778,105.8654049735369,0.09999999999999432,0.1,-5.689893001203927e-15,0.0,26,1,137,73,55.22775410566035,60.83528990258998,44.14615384615407
114.39999999999777,105.96540497353689,0.09999999999999432,0.1,-5.689893001203927e-15,0.0,26,1,138,73,55.12775410566035,60.735289902589976,44.246153846154066
114.49999999999777,106.06540497353689,0.09999999999999432,0.1,-5.689893001203927e-15,0.0,26,1,140,73,55.02775410566036,60.635289902589975,44.346153846154074
114.59999999999776,106.16540497353688,0.09999999999999432,0.1,-5.689893001203927e-15,0.0,26,1,140,73,54.92775410566036,60.53528990258997,44.44615384615407
114.69999999999776,106.26540497353687,0.09999999999999432,0.1,-5.689893001203927e-15,0.0,26,1,141,73,54.827754105660354,60.43528990258997,44.54615384615408
114.79999999999775,106.36540497353687,0.09999999999999432,0.1,-5.689893001203927e-15,0.0,26,1,140,73,54.72775410566036,60.33528990258997,44.64615384615407
114.89999999999775,106.46540497353686,0.09999999999999432,0.1,-5.689893001203927e-15,0.0,26,1,140,73,54.627754105660365,60.23528990258997,44.74615384615408
114.99999999999774,106.56540497353686,0.09999999999999432,0.1,-5.689893001203927e-15,0.0,26,1,140,74,54.527754105660364,60.13528990258997,44.846153846154074
115.09999999999773,106.66540497353685,0.09999999999999432,0.1,-5.689893001203927e-15,0.0,26,1,140,74,54.42775410566036,60.035289902589966,44.946153846154075
115.19999999999773,106.76540497353685,0.09999999999999432,0.1,-5.689893001203927e-15,0.0,26,1,140,74,54.32775410566036,59.935289902589965,45.04615384615408
115.29999999999772,106.86540497353684,0.09999999999999432,0.1,-5.689893001203927e-15,0.0,26,1,140,74,54.22775410566037,59.83528990258996,45.14615384615408
115.39999999999772,106.96540497353683,0.09999999999999432,0.1,-5.689893001203927e-15,0.0,26,1,140,72,54.12775410566037,59.73528990258996,45.24615384615408
115.49999999999771,107.06540497353683,0.09999999999999432,0.1,-5.689893001203927e-15,0.0,26,1,140,73,54.02775410566038,59.63528990258996,45.34615384615408
115.5999999999977,107.16540497353682,0.09999999999999432,0.1,-5.689893001203927e-15,0.0,26,1,140,73,53.88354406885419,59.53528990258996,45.446153846154075
115.6999999999977,107.32540497353682,0.1599999999999966,0.1,0.059999999999996584,0.0,26,1,139,73,56.05277483808498,59.43528990258996,45.546153846154084
115.7999999999977,107.48540497353682,0.1599999999999966,0.1,0.059999999999996584,0.0,26,1,139,73,58.22115525408846,59.335289902589956,45.64615384615408
115.89999999999769,107.58540497353681,0.09999999999999432,0.1,-5.689893001203927e-15,0.0,27,1,139,73,54.989774670264964,59.235289902589955,44.055555555555785
115.99999999999768,107.7096049735368,0.12419999999998765,0.1,0.024199999999987648,0.0,27,1,138,73,55.72158932725284,59.13528990258995,44.155555555555786
116.09999999999768,107.80960497353679,0.09999999999999432,0.1,-5.689893001203927e-15,0.0,27,1,138,73,55.57295701757086,59.03528990258995,44.25555555555579
116.19999999999767,107.96200497353679,0.1524000000000001,0.1,0.052400000000000085,0.0,27,1,137,72,57.33845361461049,58.93528990258995,44.35555555555579
116.29999999999767,108.10640497353678,0.14439999999999031,0.1,0.04439999999999031,0.0,27,1,136,72,58.82734250349939,58.83528990258995,44.45555555555579
116.39999999999766,108.20640497353678,0.09999999999999432,0.1,-5.689893001203927e-15,0.0,27,1,136,72,58.59425443235763,58.73528990258995,44.55555555555579
116.49999999999766,108.35480497353677,0.1483999999999952,0.1,0.0483999999999952,0.0,27,1,135,72,60.18777939012335,58.635289902589946,44.655555555555786
116.59999999999765,108.45480497353677,0.09999999999999432,0.1,-5.689893001203927e-15,0.0,28,1,136,72,56.95351547508687,60.29302720856735,43.16071428571451
116.69999999999764,108.55480497353676,0.09999999999999432,0.1,-5.689893001203927e-15,0.0,28,1,136,72,56.71669689246051,60.19302720856735,43.26071428571451
116.79999999999764,108.68400497353676,0.12919999999999732,0.1,0.02919999999999731,0.0,28,1,135,72,57.5481542048247,60.09302720856735,43.36071428571451
116.89999999999763,108.78400497353675,0.09999999999999432,0.1,-5.689893001203927e-15,0.0,28,1,137,72,57.34000051694188,59.99302720856735,43.460714285714516
116.99999999999763,108.88400497353675,0.09999999999999432,0.1,-5.689893001203927e-15,0.0,28,1,137,72,57.128726081266514,59.89302720856735,43.56071428571452
117.09999999999762,109.02000497353674,0.13599999999999568,0.1,0.035999999999995674,0.0,27,1,136,73,60.367514508004206,61.87138859910938,44.07777777777801
117.19999999999762,109.12000497353674,0.09999999999999432,0.1,-5.689893001203927e-15,0.0,27,1,136,73,60.16138383279621,61.77138859910938,44.17777777777801
117.29999999999761,109.28000497353673,0.1599999999999966,0.1,0.059999999999996584,0.0,27,1,134,73,62.17878004853472,61.67138859910938,44.27777777777801
117.3999999999976,109.38000497353673,0.09999999999999432,0.1,-5.689893001203927e-15,0.0,28,1,135,73,58.87728031961665,66.76353515996553,42.7964285714288
117.4999999999976,109.52900497353673,0.1490000000000009,0.1,0.049000000000000904,0.0,28,1,134,73,60.4185560009538,66.66353515996553,42.89642857142879
117.59999999999759,109.66000497353673,0.13100000000000023,0.1,0.031000000000000222,0.0,28,1,133,73,61.33106570242899,66.56353515996554,42.996428571428794
117.69999999999759,109.76000497353672,0.09999999999999432,0.1,-5.689893001203927e-15,0.0,28,1,135,73,61.12381544075289,66.46353515996555,43.0964285714288
117.79999999999758,109.86000497353672,0.09999999999999432,0.1,-5.689893001203927e-15,0.0,28,1,135,73,60.92391815411135,66.36353515996555,43.1964285714288
117.89999999999758,109.96000497353671,0.09999999999999432,0.1,-5.689893001203927e-15,0.0,28,1,135,73,60.72928511256891,66.26353515996556,43.2964285714288
117.99999999999757,110.0842049735367,0.12419999999998765,0.1,0.024199999999987648,0.0,28,1,134,73,61.400180017416396,66.16353515996556,43.39642857142881
118.09999999999756,110.1842049735367,0.09999999999999432,0.1,-5.689893001203927e-15,0.0,28,1,133,74,61.21062857383618,66.06353515996557,43.4964285714288
118.19999999999756,110.28420497353669,0.09999999999999432,0.1,-5.689893001203927e-15,0.0,28,1,134,74,61.00131318333765,65.96353515996557,43.5964285714288
118.29999999999755,110.38420497353668,0.09999999999999432,0.1,-5.689893001203927e-15,0.0,28,1,136,73,60.80205354467282,65.86353515996558,43.696428571428804
118.39999999999755,110.48420497353668,0.09999999999999432,0.1,-5.689893001203927e-15,0.0,28,1,139,74,60.604929792216865,65.76353515996558,43.796428571428805
118.49999999999754,110.58420497353667,0.09999999999999432,0.1,-5.689893001203927e-15,0.0,28,1,140,74,60.3125758155844,65.66353515996559,43.89642857142881
118.59999999999754,110.74160497353667,0.15739999999999554,0.1,0.05739999999999554,0.0,28,1,139,74,62.07620592756539,65.5635351599656,43.9964285714288
118.69999999999753,110.84160497353666,0.09999999999999432,0.1,-5.689893001203927e-15,0.0,28,1,139,73,61.795739569464295,65.4635351599656,44.09642857142881
118.79999999999752,110.94160497353666,0.09999999999999432,0.1,-5.689893001203927e-15,0.0,28,1,139,74,61.51301509392124,65.36353515996561,44.196428571428804
118.89999999999752,111.04160497353665,0.09999999999999432,0.1,-5.689893001203927e-15,0.0,28,1,139,74,61.23753228801168,65.26353515996561,44.296428571428805
118.99999999999751,111.14160497353664,0.09999999999999432,0.1,-5.689893001203927e-15,0.0,28,1,139,75,60.966185743905044,65.16353515996562,44.396428571428814
119.09999999999751,111.29040497353664,0.14879999999999427,0.1,0.048799999999994265,0.0,28,1,139,75,62.441244378590234,65.06353515996562,44.49642857142881
119.1999999999975,111.39040497353663,0.09999999999999432,0.1,-5.689893001203927e-15,0.0,29,1,140,75,59.16516343834634,64.96353515996563,43.062068965517476
119.2999999999975,111.55040497353663,0.1599999999999966,0.1,0.059999999999996584,0.0,29,1,139,75,60.936662048480976,65.66428074232223,43.16206896551747
119.39999999999749,111.65040497353662,0.09999999999999432,0.1,-5.689893001203927e-15,0.0,29,1,139,75,60.681124411212885,65.26610869928817,43.26206896551747
119.49999999999748,111.75040497353662,0.09999999999999432,0.1,-5.689893001203927e-15,0.0,29,1,139,76,60.427725615733976,64.66353515996565,43.36206896551748
119.59999999999748,111.85040497353661,0.09999999999999432,0.1,-5.689893001203927e-15,0.0,29,1,139,77,60.18059639991295,64.56353515996565,43.462068965517474
119.69999999999747,111.9504049735366,0.09999999999999432,0.1,-5.689893001203927e-15,0.0,29,1,139,77,59.93516152817079,64.33123721594986,43.562068965517476
119.79999999999747,112.0504049735366,0.09999999999999432,0.1,-5.689893001203927e-15,0.0,29,1,140,77,59.70190513281177,63.6494904915783,43.66206896551748
119.89999999999746,112.2056049735366,0.15519999999999357,0.1,0.05519999999999356,0.0,29,1,139,77,61.40193243487726,62.94546626872718,43.76206896551747
119.99999999999746,112.30560497353659,0.09999999999999432,0.1,-5.689893001203927e-15,0.0,29,1,139,77,61.2139300150783,62.23297463327532,43.86206896551748
120.09999999999745,112.40560497353658,0.09999999999999432,0.1,-5.689893001203927e-15,0.0,29,1,139,77,61.034691959480696,62.02485949553074,43.96206896551748
120.19999999999744,112.50560497353658,0.09999999999999432,0.1,-5.689893001203927e-15,0.0,29,1,139,77,60.85863155970849,61.92485949553074,44.06206896551748
120.29999999999744,112.60560497353657,0.09999999999999432,0.1,-5.689893001203927e-15,0.0,29,1,141,77,60.684793668702454,61.82485949553074,44.16206896551748
120.39999999999743,112.70560497353657,0.09999999999999432,0.1,-5.689893001203927e-15,0.0,29,1,142,77,60.51311999674181,61.72485949553074,44.26206896551748
120.49999999999743,112.80560497353656,0.09999999999999432,0.1,-5.689893001203927e-15,0.0,29,1,142,77,60.340519818788245,61.624859495530735,44.36206896551749
120.59999999999742,112.96560497353656,0.1599999999999966,0.1,0.059999999999996584,0.0,29,1,142,78,62.23603524252402,61.524859495530734,44.46206896551748
120.69999999999742,113.06560497353655,0.09999999999999432,0.1,-5.689893001203927e-15,0.0,30,1,142,78,59.157751329160334,63.46353515996567,43.08000000000023
120.79999999999741,113.16560497353655,0.09999999999999432,0.1,-5.689893001203927e-15,0.0,30,1,145,78,58.967488989710205,63.36353515996567,43.18000000000023
120.8999999999974,113.26560497353654,0.09999999999999432,0.1,-5.689893001203927e-15,0.0,30,1,145,78,58.77746162692096,63.26353515996567,43.280000000000236
120.9999999999974,113.36560497353653,0.09999999999999432,0.1,-5.689893001203927e-15,0.0,30,1,145,78,58.58781485821937,63.16353515996567,43.38000000000024
121.0999999999974,113.46560497353653,0.09999999999999432,0.1,-5.689893001203927e-15,0.0,30,1,145,77,58.39797895384705,63.06353515996567,43.48000000000024
121.19999999999739,113.56560497353652,0.09999999999999432,0.1,-5.689893001203927e-15,0.0,30,1,146,77,58.208570979591556,62.963535159965666,43.58000000000024
121.29999999999738,113.66560497353652,0.09999999999999432,0.1,-5.689893001203927e-15,0.0,30,1,146,77,57.82624622118304,62.863535159965664,43.68000000000024
121.39999999999738,113.80320497353651,0.13759999999999195,0.1,0.037599999999991945,0.0,30,1,146,77,58.771330628116964,64.53492666774592,43.780000000000236
121.49999999999737,113.9032049735365,0.09999999999999432,0.1,-5.689893001203927e-15,0.0,30,1,146,77,58.48382004669508,64.43492666774593,43.88000000000024
121.59999999999737,114.0032049735365,0.09999999999999432,0.1,-5.689893001203927e-15,0.0,29,1,146,77,60.19833126468393,64.33492666774593,43.47241379310368
121.69999999999736,114.10320497353649,0.09999999999999432,0.1,-5.689893001203927e-15,0.0,29,1,146,77,59.902614628515224,63.84748651594804,43.57241379310368
121.79999999999735,114.26320497353649,0.1599999999999966,0.1,0.059999999999996584,0.0,29,1,146,77,61.67590004743146,63.73536834959173,43.67241379310367
121.89999999999735,114.36320497353648,0.09999999999999432,0.1,-5.689893001203927e-15,0.0,29,1,146,77,61.382620045386815,63.13536834959173,43.77241379310368
121.99999999999734,114.52320497353648,0.1599999999999966,0.1,0.059999999999996584,0.0,29,1,146,76,63.17152786539693,63.93492666774595,43.87241379310368
122.09999999999734,114.68260497353647,0.15939999999999088,0.1,0.05939999999999088,0.0,29,1,146,76,64.94364091240023,63.83492666774595,43.97241379310368
122.19999999999733,114.80440497353646,0.12179999999999325,0.1,0.02179999999999324,0.0,29,1,145,75,65.41999271293244,63.734926667745945,44.07241379310368
122.29999999999733,114.95940497353646,0.15500000000000114,0.1,0.05500000000000113,0.0,29,1,145,75,67.04601347610259,63.634926667745944,44.172413793103686
122.39999999999732,115.05940497353646,0.09999999999999432,0.1,-5.689893001203927e-15,0.0,30,1,146,75,63.698809660633074,63.53492666774594,42.800000000000225
122.49999999999731,115.26220497353646,0.20279999999999632,0.1,0.10279999999999631,0.0,30,1,144,74,66.82866478808515,63.43492666774594,42.900000000000226
122.59999999999731,115.36220497353645,0.09999999999999432,0.1,-5.689893001203927e-15,0.0,31,1,144,74,63.59588997906546,63.33492666774594,41.61612903225828
122.6999999999973,115.52220497353645,0.1599999999999966,0.1,0.059999999999996584,0.0,31,1,143,74,65.22780296608572,63.23492666774594,41.71612903225829
122.7999999999973,115.68220497353644,0.1599999999999966,0.1,0.059999999999996584,0.0,32,1,142,74,63.983410060579374,63.13492666774594,40.512500000000216
122.89999999999729,115.84220497353644,0.1599999999999966,0.1,0.059999999999996584,0.0,33,1,142,74,62.77369751399487,63.034926667745935,39.384848484848696
122.99999999999729,115.94220497353643,0.09999999999999432,0.1,-5.689893001203927e-15,0.0,33,1,142,74,62.44383099005815,62.934926667745934,39.48484848484869
123.09999999999728,116.10220497353643,0.1599999999999966,0.1,0.059999999999996584,0.0,33,1,141,72,63.93616745046219,62.83492666774593,39.5848484848487
123.19999999999727,116.20220497353642,0.09999999999999432,0.1,-5.689893001203927e-15,0.0,33,1,141,72,63.6236330647119,62.73492666774593,39.68484848484869
123.29999999999727,116.30220497353642,0.09999999999999432,0.1,-5.689893001203927e-15,0.0,33,1,141,72,63.30214130062275,62.63492666774593,39.784848484848695
123.39999999999726,116.40220497353641,0.09999999999999432,0.1,-5.689893001203927e-15,0.0,33,1,141,71,62.98444219807705,62.53492666774593,39.884848484848696
123.49999999999726,116.62220497353641,0.21999999999999886,0.1,0.11999999999999886,0.0,33,1,139,70,66.31735038571334,62.43492666774593,39.9848484848487
123.59999999999725,116.78060497353641,0.15840000000000032,0.1,0.05840000000000031,0.0,34,1,138,69,65.08805283005984,65.73063098457008,38.90882352941197
123.69999999999725,117.00060497353641,0.21999999999999886,0.1,0.11999999999999886,0.0,36,1,136,69,63.17058245669735,67.83988541254097,36.84722222222242
123.79999999999724,117.1006049735364,0.09999999999999432,0.1,-5.689893001203927e-15,0.0,36,1,137,69,62.878591756622114,67.23723947885682,36.947222222222415
123.89999999999723,117.2440049735364,0.14339999999999975,0.1,0.043399999999999744,0.0,36,1,138,68,63.788447054769954,66.63061098746046,37.047222222222416
123.99999999999723,117.3440049735364,0.09999999999999432,0.1,-5.689893001203927e-15,0.0,36,1,138,68,63.54323455338418,66.02248273680115,37.14722222222242
124.09999999999722,117.4894049735364,0.1453999999999951,0.1,0.04539999999999508,0.0,36,1,138,68,64.55580051259071,65.42008455985727,37.24722222222241
124.19999999999722,117.64040497353639,0.15099999999999625,0.1,0.05099999999999624,0.0,37,1,138,68,63.27504523685593,65.13063098457012,36.34054054054073
124.29999999999721,117.77980497353639,0.13939999999999486,0.1,0.039399999999994856,0.0,36,1,138,68,65.87026585765057,68.48489338291623,36.17222222222241
124.3999999999972,117.87980497353638,0.09999999999999432,0.1,-5.689893001203927e-15,0.0,36,1,138,67,65.61761669012238,68.38489338291623,36.2722222222224
124.4999999999972,118.08680497353637,0.20699999999999363,0.1,0.10699999999999363,0.0,36,1,137,67,68.34608847447284,68.28489338291624,36.372222222222405
124.5999999999972,118.18680497353637,0.09999999999999432,0.1,-5.689893001203927e-15,0.0,36,1,138,67,68.11357480070001,68.18489338291624,36.472222222222406
124.69999999999719,118.32120497353637,0.1343999999999994,0.1,0.0343999999999994,0.0,36,1,137,66,68.82893533140094,68.01654054711433,36.57222222222241
124.79999999999718,118.42120497353636,0.09999999999999432,0.1,-5.689893001203927e-15,0.0,36,1,138,66,68.59039031466494,67.41654054711434,36.67222222222241
124.89999999999718,118.52120497353636,0.09999999999999432,0.1,-5.689893001203927e-15,0.0,36,1,138,66,68.34852530627634,66.64526622748737,36.7722222222224
124.99999999999717,118.62120497353635,0.09999999999999432,0.1,-5.689893001203927e-15,0.0,36,1,139,66,68.13315113932987,66.04526622748737,36.872222222222405
125.09999999999717,118.72120497353635,0.09999999999999432,0.1,-5.689893001203927e-15,0.0,36,1,140,66,67.93781302176986,65.44526622748738,36.972222222222406
125.19999999999716,118.82120497353634,0.09999999999999432,0.1,-5.689893001203927e-15,0.0,36,1,140,66,67.75102711885758,64.76717859726566,37.07222222222241
125.29999999999715,118.92120497353633,0.09999999999999432,0.1,-5.689893001203927e-15,0.0,36,1,140,66,67.56455433357831,64.05953104919574,37.17222222222241
125.39999999999715,119.02120497353633,0.09999999999999432,0.1,-5.689893001203927e-15,0.0,36,1,141,67,67.37808541945675,63.64526622748739,37.2722222222224
125.49999999999714,119.12120497353632,0.09999999999999432,0.1,-5.689893001203927e-15,0.0,36,1,142,67,67.18763772789708,63.04526622748739,37.372222222222405
125.59999999999714,119.22120497353632,0.09999999999999432,0.1,-5.689893001203927e-15,0.0,36,1,142,67,67.00116329369729,62.44526622748739,37.472222222222406
125.69999999999713,119.32120497353631,0.09999999999999432,0.1,-5.689893001203927e-15,0.0,36,1,142,67,66.82106597441825,61.84600422811796,37.5722222222224
125.79999999999713,119.4212049735363,0.09999999999999432,0.1,-5.689893001203927e-15,0.0,36,1,143,67,66.65209080195375,61.49637322843325,37.67222222222241
125.89999999999712,119.5812049735363,0.1599999999999966,0.1,0.059999999999996584,0.0,36,1,144,67,68.15480745911195,61.271557728590885,37.7722222222224
125.99999999999712,119.6812049735363,0.09999999999999432,0.1,-5.689893001203927e-15,0.0,37,1,144,67,65.47860646342461,61.109149978669706,36.85135135135153
126.09999999999711,119.78120497353629,0.09999999999999432,0.1,-5.689893001203927e-15,0.0,37,1,144,67,65.30622142092035,60.856542725343196,36.95135135135153
126.1999999999971,119.88120497353628,0.09999999999999432,0.1,-5.689893001203927e-15,0.0,37,1,144,67,65.13801098199916,60.19542200155359,37.05135135135153
126.2999999999971,119.98120497353628,0.09999999999999432,0.1,-5.689893001203927e-15,0.0,37,1,144,67,64.97393765624933,59.63492666774589,37.15135135135153
126.39999999999709,120.08120497353627,0.09999999999999432,0.1,-5.689893001203927e-15,0.0,37,1,144,66,64.78732581950348,59.534926667745886,37.25135135135153
126.49999999999709,120.18120497353627,0.09999999999999432,0.1,-5.689893001203927e-15,0.0,37,1,144,67,64.60361186629375,59.434926667745884,37.35135135135153
126.59999999999708,120.28120497353626,0.09999999999999432,0.1,-5.689893001203927e-15,0.0,37,1,144,67,64.35662689703899,59.33492666774588,37.451351351351526
126.69999999999708,120.38120497353626,0.09999999999999432,0.1,-5.689893001203927e-15,0.0,37,1,144,68,64.13029524523367,59.23492666774588,37.55135135135153
126.79999999999707,120.54120497353625,0.1599999999999966,0.1,0.059999999999996584,0.0,37,1,142,68,65.52824060577547,60.309149978669694,37.65135135135153
126.89999999999706,120.64120497353625,0.09999999999999432,0.1,-5.689893001203927e-15,0.0,37,1,143,68,65.30555695542812,60.20914997866969,37.75135135135153
126.99999999999706,120.74120497353624,0.09999999999999432,0.1,-5.689893001203927e-15,0.0,37,1,144,68,65.08038147933159,60.10914997866969,37.851351351351525
127.09999999999705,120.84120497353624,0.09999999999999432,0.1,-5.689893001203927e-15,0.0,37,1,144,69,64.85821931716943,60.00914997866969,37.951351351351526
127.19999999999705,120.94120497353623,0.09999999999999432,0.1,-5.689893001203927e-15,0.0,37,1,144,70,64.66728130562838,59.90914997866969,38.05135135135153
127.29999999999704,121.04120497353622,0.09999999999999432,0.1,-5.689893001203927e-15,0.0,37,1,144,70,64.51263265697972,59.80914997866969,38.15135135135152
127.39999999999704,121.14120497353622,0.09999999999999432,0.1,-5.689893001203927e-15,0.0,37,1,144,70,64.35795698130404,59.709149978669686,38.25135135135152
127.49999999999703,121.24120497353621,0.09999999999999432,0.1,-5.689893001203927e-15,0.0,37,1,144,70,64.20325427860135,59.609149978669684,38.351351351351525
127.59999999999702,121.34120497353621,0.09999999999999432,0.1,-5.689893001203927e-15,0.0,37,1,146,70,64.04852454887163,59.50914997866968,38.451351351351526
127.69999999999702,121.4412049735362,0.09999999999999432,0.1,-5.689893001203927e-15,0.0,37,1,146,70,63.893767792114865,59.40914997866968,38.55135135135152
127.79999999999701,121.5412049735362,0.09999999999999432,0.1,-5.689893001203927e-15,0.0,37,1,145,69,63.73898400833108,59.30914997866968,38.65135135135152
127.89999999999701,121.64120497353619,0.09999999999999432,0.1,-5.689893001203927e-15,0.0,37,1,145,70,63.58417319752027,59.20914997866968,38.75135135135152
127.999999999997,121.74120497353618,0.09999999999999432,0.1,-5.689893001203927e-15,0.0,37,1,146,71,63.42933535968243,58.91662236477161,38.85135135135152
128.099999999997,121.84120497353618,0.09999999999999432,0.1,-5.689893001203927e-15,0.0,37,1,145,70,63.277272348907225,57.83492666774586,38.95135135135152
128.199999999997,121.96880497353618,0.12760000000000105,0.1,0.02760000000000104,0.0,37,1,144,70,63.87648408676286,58.909149978669674,39.05135135135152
128.299999999997,122.06880497353617,0.09999999999999432,0.1,-5.689893001203927e-15,0.0,37,1,144,70,63.73606216722353,58.80914997866967,39.15135135135152
128.399999999997,122.16880497353617,0.09999999999999432,0.1,-5.689893001203927e-15,0.0,37,1,145,69,63.59364072357115,58.70914997866967,39.251351351351516
128.499999999997,122.26880497353616,0.09999999999999432,0.1,-5.689893001203927e-15,0.0,37,1,144,69,63.452181264111694,58.60914997866967,39.35135135135152
128.59999999999698,122.42880497353616,0.1599999999999966,0.1,0.059999999999996584,0.0,37,1,144,69,64.87251886324668,60.73063098457013,39.45135135135152
128.69999999999698,122.52880497353615,0.09999999999999432,0.1,-5.689893001203927e-15,0.0,37,1,144,69,64.69073271345547,60.63063098457013,39.551351351351514
128.79999999999697,122.62880497353615,0.09999999999999432,0.1,-5.689893001203927e-15,0.0,37,1,144,69,64.54887403354,60.53063098457013,39.651351351351515
128.89999999999696,122.72880497353614,0.09999999999999432,0.1,-5.689893001203927e-15,0.0,37,1,144,70,64.40730646597244,60.43063098457013,39.751351351351516
128.99999999999696,122.82880497353614,0.09999999999999432,0.1,-5.689893001203927e-15,0.0,37,1,144,69,64.26571187137785,60.33063098457013,39.85135135135151
129.09999999999695,122.92880497353613,0.09999999999999432,0.1,-5.689893001203927e-15,0.0,37,1,143,69,64.12236965577686,60.230630984570126,39.95135135135151
129.19999999999695,123.02880497353613,0.09999999999999432,0.1,-5.689893001203927e-15,0.0,37,1,143,69,63.92084333900782,60.130630984570125,40.051351351351514
129.29999999999694,123.12880497353612,0.09999999999999432,0.1,-5.689893001203927e-15,0.0,37,1,143,69,63.72406755249428,60.030630984570124,40.151351351351515
129.39999999999694,123.28880497353612,0.1599999999999966,0.1,0.059999999999996584,0.0,37,1,142,69,65.14857253768129,59.93063098457012,40.25135135135151
129.49999999999693,123.41740497353611,0.1285999999999916,0.1,0.028599999999991604,0.0,37,1,141,69,65.72461550390442,59.83063098457012,40.35135135135151
129.59999999999692,123.5174049735361,0.09999999999999432,0.1,-5.689893001203927e-15,0.0,37,1,142,68,65.53631392647266,59.73063098457012,40.45135135135151
129.69999999999692,123.6774049735361,0.1599999999999966,0.1,0.059999999999996584,0.0,37,1,142,68,66.98602355996478,59.63063098457012,40.55135135135151
129.7999999999969,123.7774049735361,0.09999999999999432,0.1,-5.689893001203927e-15,0.0,38,1,142,68,64.40396959869278,59.55572067872067,39.58421052631595
129.8999999999969,123.87740497353609,0.09999999999999432,0.1,-5.689893001203927e-15,0.0,38,1,143,68,64.22437529039235,59.45572067872067,39.684210526315944
129.9999999999969,123.97740497353608,0.09999999999999432,0.1,-5.689893001203927e-15,0.0,38,1,143,68,64.04398637170505,59.355720678720665,39.784210526315945
130.0999999999969,124.07740497353608,0.09999999999999432,0.1,-5.689893001203927e-15,0.0,38,1,143,68,63.857397362723056,59.255720678720664,39.88421052631594
130.1999999999969,124.23740497353607,0.1599999999999966,0.1,0.059999999999996584,0.0,38,1,142,68,65.25205083956313,59.15572067872066,39.98421052631594
130.29999999999688,124.33740497353607,0.09999999999999432,0.1,-5.689893001203927e-15,0.0,38,1,142,68,65.0783084037736,59.05572067872066,40.08421052631594
130.39999999999688,124.43740497353606,0.09999999999999432,0.1,-5.689893001203927e-15,0.0,38,1,142,68,64.89809981319972,58.95572067872066,40.18421052631594
130.49999999999687,124.53740497353606,0.09999999999999432,0.1,-5.689893001203927e-15,0.0,38,1,142,69,64.71509376937976,58.85572067872066,40.28421052631594
130.59999999999687,124.69740497353605,0.1599999999999966,0.1,0.059999999999996584,0.0,38,1,140,68,66.11375700309323,58.75572067872066,40.38421052631594
130.69999999999686,124.79740497353605,0.09999999999999432,0.1,-5.689893001203927e-15,0.0,38,1,140,68,65.93491809015676,58.655720678720655,40.484210526315934
130.79999999999686,124.89740497353604,0.09999999999999432,0.1,-5.689893001203927e-15,0.0,38,1,140,68,65.75261434959634,58.555720678720654,40.58421052631594
130.89999999999685,125.02500497353604,0.12760000000000105,0.1,0.02760000000000104,0.0,38,1,139,68,66.29470398752122,58.45572067872065,40.68421052631594
130.99999999999685,125.18500497353604,0.1599999999999966,0.1,0.059999999999996584,0.0,38,1,139,68,67.69436878319634,58.35572067872065,40.78421052631594
131.09999999999684,125.34500497353604,0.1599999999999966,0.1,0.059999999999996584,0.0,38,1,138,67,69.08917259599363,58.25572067872065,40.88421052631594
131.19999999999683,125.44500497353603,0.09999999999999432,0.1,-5.689893001203927e-15,0.0,39,1,139,67,66.49815209878024,58.15572067872065,39.93589743589757
131.29999999999683,125.54500497353602,0.09999999999999432,0.1,-5.689893001203927e-15,0.0,39,1,139,68,66.30757465228773,58.05572067872065,40.03589743589758
131.39999999999682,125.64500497353602,0.09999999999999432,0.1,-5.689893001203927e-15,0.0,39,1,140,68,66.11644096228481,57.955720678720645,40.135897435897576
131.49999999999682,125.80500497353601,0.1599999999999966,0.1,0.059999999999996584,0.0,39,1,139,68,67.46464338108115,57.855720678720644,40.23589743589758
131.5999999999968,125.90500497353601,0.09999999999999432,0.1,-5.689893001203927e-15,0.0,38,1,138,68,69.05094434405174,57.87399777223252,39.9105263157896
131.6999999999968,126.005004973536,0.09999999999999432,0.1,-5.689893001203927e-15,0.0,38,1,138,68,68.86311077361465,57.77399777223252,40.010526315789605
131.7999999999968,126.105004973536,0.09999999999999432,0.1,-5.689893001203927e-15,0.0,38,1,138,68,68.67623972311797,57.67399777223252,40.1105263157896
131.8999999999968,126.20500497353599,0.09999999999999432,0.1,-5.689893001203927e-15,0.0,38,1,138,67,68.4892132139003,57.57399777223252,40.2105263157896
131.9999999999968,126.30500497353599,0.09999999999999432,0.1,-5.689893001203927e-15,0.0,38,1,139,67,68.30683702234398,57.473997772232515,40.310526315789595
132.09999999999678,126.40500497353598,0.09999999999999432,0.1,-5.689893001203927e-15,0.0,38,1,139,67,68.12592267254549,57.373997772232514,40.4105263157896
132.19999999999678,126.50500497353597,0.09999999999999432,0.1,-5.689893001203927e-15,0.0,38,1,139,67,67.9432881155351,57.27399777223251,40.510526315789605
132.29999999999677,126.60500497353597,0.09999999999999432,0.1,-5.689893001203927e-15,0.0,38,1,139,67,67.75933848832537,57.17399777223251,40.6105263157896
132.39999999999677,126.70500497353596,0.09999999999999432,0.1,-5.689893001203927e-15,0.0,38,1,140,67,67.57675287321811,57.07399777223251,40.7105263157896
132.49999999999676,126.80500497353596,0.09999999999999432,0.1,-5.689893001203927e-15,0.0,38,1,141,68,67.39345629719729,56.97399777223251,40.810526315789595
132.59999999999675,126.90500497353595,0.09999999999999432,0.1,-5.689893001203927e-15,0.0,38,1,141,68,67.21075975238564,56.87399777223251,40.910526315789596
132.69999999999675,127.00500497353595,0.09999999999999432,0.1,-5.689893001203927e-15,0.0,38,1,141,68,67.02785386686433,56.773997772232505,41.0105263157896
132.79999999999674,127.10500497353594,0.09999999999999432,0.1,-5.689893001203927e-15,0.0,38,1,141,68,66.8440688052291,56.673997772232504,41.11052631578959
132.89999999999674,127.20500497353594,0.09999999999999432,0.1,-5.689893001203927e-15,0.0,38,1,141,68,66.66077189318932,56.5739977722325,41.21052631578959
132.99999999999673,127.30500497353593,0.09999999999999432,0.1,-5.689893001203927e-15,0.0,38,1,140,68,66.47694646410855,56.4739977722325,41.310526315789595
133.09999999999673,127.40500497353592,0.09999999999999432,0.1,-5.689893001203927e-15,0.0,38,1,140,68,66.29311939597024,56.3739977722325,41.41052631578959
133.19999999999672,127.50500497353592,0.09999999999999432,0.1,-5.689893001203927e-15,0.0,37,1,140,68,67.93146060513301,56.2739977722325,39.708108108108284
133.29999999999671,127.60500497353591,0.09999999999999432,0.1,-5.689893001203927e-15,0.0,37,1,140,67,67.77460706484642,56.1739977722325,39.80810810810828
133.3999999999967,127.7050049735359,0.09999999999999432,0.1,-5.689893001203927e-15,0.0,37,1,140,67,67.61697233744087,56.073997772232495,39.90810810810828
133.4999999999967,127.8050049735359,0.09999999999999432,0.1,-5.689893001203927e-15,0.0,37,1,140,67,67.46192677422312,55.973997772232494,40.008108108108274
133.5999999999967,127.9050049735359,0.09999999999999432,0.1,-5.689893001203927e-15,0.0,37,1,140,67,67.30613754385287,55.87399777223249,40.108108108108276
133.6999999999967,128.0050049735359,0.10000000000000853,0.1,8.520961713998076e-15,0.0,37,1,140,67,67.15026488761687,55.77399777223249,40.20810810810828
133.7999999999967,128.1050049735359,0.09999999999999432,0.1,-5.689893001203927e-15,0.0,37,1,140,67,66.9666898269555,55.67399777223249,40.30810810810827
133.89999999999668,128.2050049735359,0.09999999999999432,0.1,-5.689893001203927e-15,0.0,37,1,140,67,66.78038437648789,55.57399777223249,40.40810810810827
133.99999999999667,128.3050049735359,0.09999999999999432,0.1,-5.689893001203927e-15,0.0,37,1,141,67,66.59542109994688,55.47399777223249,40.508108108108274
134.09999999999667,128.40500497353588,0.09999999999999432,0.1,-5.689893001203927e-15,0.0,37,1,141,67,66.41035106951344,55.373997772232485,40.60810810810827
134.19999999999666,128.50500497353588,0.09999999999999432,0.1,-5.689893001203927e-15,0.0,37,1,140,67,66.22503795997893,55.215326628791594,40.70810810810827
134.29999999999666,128.60500497353587,0.09999999999999432,0.1,-5.689893001203927e-15,0.0,37,1,140,67,66.03938605814122,55.055720678720604,40.808108108108264
134.39999999999665,128.70500497353586,0.09999999999999432,0.1,-5.689893001203927e-15,0.0,37,1,140,67,65.8536073657663,54.9557206787206,40.908108108108266
134.49999999999665,128.80500497353586,0.09999999999999432,0.1,-5.689893001203927e-15,0.0,37,1,140,67,65.66756043270512,54.8557206787206,41.00810810810827
134.59999999999664,128.90500497353585,0.09999999999999432,0.1,-5.689893001203927e-15,0.0,37,1,140,67,65.48262193310501,54.7557206787206,41.10810810810826
134.69999999999663,129.00500497353585,0.09999999999999432,0.1,-5.689893001203927e-15,0.0,37,1,140,67,65.29784029793574,54.6557206787206,41.20810810810826
134.79999999999663,129.10500497353584,0.09999999999999432,0.1,-5.689893001203927e-15,0.0,37,1,140,66,65.1131099096958,54.5557206787206,41.308108108108264
134.89999999999662,129.20500497353584,0.09999999999999432,0.1,-5.689893001203927e-15,0.0,37,1,141,66,64.92726957686784,54.455720678720596,41.40810810810826
134.99999999999662,129.30500497353583,0.09999999999999432,0.1,-5.689893001203927e-15,0.0,37,1,142,65,64.70988673017504,54.355720678720594,41.50810810810826
135.0999999999966,129.46500497353583,0.1599999999999966,0.1,0.059999999999996584,0.0,37,1,141,66,66.11871660765114,54.37399777223247,41.608108108108254
135.1999999999966,129.56500497353582,0.09999999999999432,0.1,-5.689893001203927e-15,0.0,37,1,142,65,65.89857573579533,54.27399777223247,41.708108108108256
135.2999999999966,129.66500497353582,0.09999999999999432,0.1,-5.689893001203927e-15,0.0,37,1,142,65,65.67883287266375,54.17399777223247,41.80810810810825
135.3999999999966,129.80380497353582,0.13880000000000337,0.1,0.03880000000000336,0.0,37,1,140,65,66.49471271479739,54.07399777223247,41.90810810810825
135.4999999999966,129.96380497353582,0.1599999999999966,0.1,0.059999999999996584,0.0,37,1,139,65,67.8870256234812,53.973997772232465,42.00810810810825
135.59999999999658,130.0638049735358,0.09999999999999432,0.1,-5.689893001203927e-15,0.0,38,1,141,65,65.2112490207529,54.205175578144924,41.00263157894751
135.69999999999658,130.2324049735358,0.16859999999999786,0.1,0.06859999999999786,0.0,38,1,139,65,66.76116803392173,54.10517557814492,41.10263157894751
135.79999999999657,130.3324049735358,0.09999999999999432,0.1,-5.689893001203927e-15,0.0,38,1,140,65,66.5322031844996,53.722835412905276,41.2026315789475
135.89999999999657,130.4324049735358,0.09999999999999432,0.1,-5.689893001203927e-15,0.0,38,1,139,66,66.27804046760183,53.57399777223246,41.3026315789475
135.99999999999656,130.5924049735358,0.1599999999999966,0.1,0.059999999999996584,0.0,38,1,138,66,67.61471946257726,53.47399777223246,41.4026315789475
136.09999999999656,130.6924049735358,0.09999999999999432,0.1,-5.689893001203927e-15,0.0,39,1,138,66,65.01992632345748,53.37399777223246,40.44102564102577
136.19999999999655,130.79240497353578,0.09999999999999432,0.1,-5.689893001203927e-15,0.0,39,1,137,66,64.75264126689308,53.273997772232455,40.54102564102577
136.29999999999654,130.89240497353578,0.09999999999999432,0.1,-5.689893001203927e-15,0.0,39,1,136,66,64.51683166185424,53.173997772232454,40.64102564102576
136.39999999999654,130.99240497353577,0.09999999999999432,0.1,-5.689893001203927e-15,0.0,39,1,136,66,64.3109215058942,52.955720678720574,40.741025641025765
136.49999999999653,131.09240497353576,0.09999999999999432,0.1,-5.689893001203927e-15,0.0,39,1,136,66,64.10921190439544,52.85572067872057,40.84102564102576
136.59999999999653,131.19240497353576,0.09999999999999432,0.1,-5.689893001203927e-15,0.0,39,1,137,65,63.907781349560665,52.75572067872057,40.94102564102576
136.69999999999652,131.29240497353575,0.09999999999999432,0.1,-5.689893001203927e-15,0.0,39,1,138,65,63.72066256263604,52.65572067872057,41.04102564102576
136.79999999999652,131.39240497353575,0.09999999999999432,0.1,-5.689893001203927e-15,0.0,39,1,138,65,63.544106480882164,52.55572067872057,41.141025641025756
136.8999999999965,131.49240497353574,0.09999999999999432,0.1,-5.689893001203927e-15,0.0,39,1,138,65,63.36800679634513,52.45572067872057,41.24102564102576
136.9999999999965,131.59240497353574,0.09999999999999432,0.1,-5.689893001203927e-15,0.0,39,1,138,65,63.19203893196289,52.355720678720566,41.34102564102576
137.0999999999965,131.69240497353573,0.09999999999999432,0.1,-5.689893001203927e-15,0.0,39,1,137,65,63.015872225198855,52.255720678720564,41.44102564102575
137.1999999999965,131.79240497353572,0.09999999999999432,0.1,-5.689893001203927e-15,0.0,39,1,136,65,62.82333427119949,52.15572067872056,41.54102564102575
137.2999999999965,131.89240497353572,0.09999999999999432,0.1,-5.689893001203927e-15,0.0,39,1,137,65,62.6327192795032,52.05572067872056,41.64102564102575
137.39999999999648,131.9924049735357,0.09999999999999432,0.1,-5.689893001203927e-15,0.0,39,1,138,65,62.44228404743093,51.95572067872056,41.74102564102575
137.49999999999648,132.0924049735357,0.09999999999999432,0.1,-5.689893001203927e-15,0.0,39,1,139,64,62.25163395519699,51.85572067872056,41.841025641025745
137.59999999999647,132.1924049735357,0.09999999999999432,0.1,-5.689893001203927e-15,0.0,39,1,140,64,62.0608775998212,51.75572067872056,41.941025641025746
137.69999999999646,132.2924049735357,0.09999999999999432,0.1,-5.689893001203927e-15,0.0,39,1,140,64,61.869381231286766,51.655720678720556,42.04102564102574
137.79999999999646,132.3924049735357,0.09999999999999432,0.1,-5.689893001203927e-15,0.0,39,1,140,64,61.67892660723982,51.555720678720554,42.14102564102574
137.89999999999645,132.49240497353568,0.09999999999999432,0.1,-5.689893001203927e-15,0.0,39,1,140,64,61.48771529470592,51.45572067872055,42.241025641025736
137.99999999999645,132.59240497353568,0.09999999999999432,0.1,-5.689893001203927e-15,0.0,39,1,142,64,61.29632846549705,51.35572067872055,42.34102564102574
138.09999999999644,132.69240497353567,0.09999999999999432,0.1,-5.689893001203927e-15,0.0,39,1,143,64,61.1046920637089,51.25572067872055,42.44102564102574
138.19999999999644,132.79240497353567,0.09999999999999432,0.1,-5.689893001203927e-15,0.0,39,1,145,63,60.91283076477361,51.15572067872055,42.54102564102573
138.29999999999643,132.89240497353566,0.09999999999999432,0.1,-5.689893001203927e-15,0.0,39,1,146,63,60.72129111873734,51.05572067872055,42.641025641025735
138.39999999999642,133.01240497353567,0.12000000000000455,0.1,0.020000000000004542,0.0,39,1,148,63,60.9565186180208,51.073997772232424,42.74102564102573
138.49999999999642,133.11240497353566,0.09999999999999432,0.1,-5.689893001203927e-15,0.0,39,1,149,63,60.70102157907317,50.97399777223242,42.84102564102573
138.5999999999964,133.21240497353566,0.09999999999999432,0.1,-5.689893001203927e-15,0.0,39,1,149,63,60.4446953181772,50.87399777223242,42.94102564102573
138.6999999999964,133.31240497353565,0.09999999999999432,0.1,-5.689893001203927e-15,0.0,39,1,148,62,60.18038497107887,50.77399777223242,43.041025641025726
138.7999999999964,133.41240497353564,0.09999999999999432,0.1,-5.689893001203927e-15,0.0,39,1,147,62,59.91358169250725,50.67399777223242,43.14102564102572
138.8999999999964,133.51240497353564,0.09999999999999432,0.1,-5.689893001203927e-15,0.0,38,1,148,62,61.2281889627327,50.60446095158438,42.931578947368486
138.9999999999964,133.61240497353563,0.09999999999999432,0.1,-5.689893001203927e-15,0.0,38,1,147,62,60.99453570470922,50.473997772232416,43.03157894736849
139.09999999999638,133.71240497353563,0.09999999999999432,0.1,-5.689893001203927e-15,0.0,38,1,147,62,60.774191101496484,50.373997772232414,43.13157894736849
139.19999999999638,133.81240497353562,0.09999999999999432,0.1,-5.689893001203927e-15,0.0,38,1,147,62,60.55784425966732,50.27399777223241,43.23157894736848
139.29999999999637,133.91240497353562,0.09999999999999432,0.1,-5.689893001203927e-15,0.0,38,1,147,62,60.350659100113155,50.17399777223241,43.331578947368484
139.39999999999637,134.0124049735356,0.09999999999999432,0.1,-5.689893001203927e-15,0.0,38,1,148,62,60.15153955031925,50.07399777223241,43.431578947368486
139.49999999999636,134.1124049735356,0.09999999999999432,0.1,-5.689893001203927e-15,0.0,38,1,147,62,59.96161676622454,49.97399777223241,43.53157894736848
139.59999999999636,134.2124049735356,0.09999999999999432,0.1,-5.689893001203927e-15,0.0,38,1,148,62,59.7719808809751,49.87399777223241,43.63157894736848
139.69999999999635,134.3124049735356,0.09999999999999432,0.1,-5.689893001203927e-15,0.0,38,1,147,62,59.58206767680984,49.773997772232406,43.73157894736848
139.79999999999634,134.4124049735356,0.09999999999999432,0.1,-5.689893001203927e-15,0.0,38,1,147,61,59.39811310424321,49.673997772232404,43.83157894736848
139.89999999999634,134.51240497353558,0.09999999999999432,0.1,-5.689893001203927e-15,0.0,38,1,148,61,59.21425814303981,49.5739977722324,43.93157894736848
139.99999999999633,134.61240497353558,0.09999999999999432,0.1,-5.689893001203927e-15,0.0,38,1,149,60,59.030772074079636,49.4739977722324,44.03157894736847
140.09999999999633,134.71240497353557,0.09999999999999432,0.1,-5.689893001203927e-15,0.0,38,1,149,60,58.846378480568596,49.3739977722324,44.131578947368475
140.19999999999632,134.81240497353556,0.09999999999999432,0.1,-5.689893001203927e-15,0.0,38,1,149,60,58.66231092918004,49.2739977722324,44.231578947368476
140.29999999999632,134.91240497353556,0.09999999999999432,0.1,-5.689893001203927e-15,0.0,38,1,148,60,58.47804104929824,49.1739977722324,44.33157894736846
140.3999999999963,135.01240497353555,0.09999999999999432,0.1,-5.689893001203927e-15,0.0,37,1,148,59,59.91757369057669,49.073997772232396,43.429729729729786
140.4999999999963,135.11240497353555,0.09999999999999432,0.1,-5.689893001203927e-15,0.0,37,1,149,59,59.75308442096703,48.973997772232394,43.52972972972978
140.5999999999963,135.21240497353554,0.09999999999999432,0.1,-5.689893001203927e-15,0.0,37,1,149,59,59.54382736827739,48.87399777223239,43.62972972972978
140.6999999999963,135.35980497353555,0.14740000000000464,0.1,0.04740000000000463,0.0,36,1,149,59,62.34610319482326,49.10517557814485,43.0555555555556
140.7999999999963,135.45980497353554,0.09999999999999432,0.1,-5.689893001203927e-15,0.0,36,1,150,60,62.17087491236194,49.00517557814485,43.155555555555594
140.89999999999628,135.55980497353553,0.09999999999999432,0.1,-5.689893001203927e-15,0.0,36,1,150,60,61.9697357737962,48.90517557814485,43.255555555555596
140.99999999999628,135.65980497353553,0.09999999999999432,0.1,-5.689893001203927e-15,0.0,36,1,150,60,61.76876227912645,48.80517557814485,43.35555555555559
141.09999999999627,135.75980497353552,0.09999999999999432,0.1,-5.689893001203927e-15,0.0,36,1,150,60,61.56857214830898,48.705175578144846,43.4555555555556
141.19999999999627,135.85980497353552,0.09999999999999432,0.1,-5.689893001203927e-15,0.0,36,1,151,60,61.368820962595265,48.605175578144845,43.55555555555559
141.29999999999626,135.9598049735355,0.09999999999999432,0.1,-5.689893001203927e-15,0.0,36,1,151,61,61.16855197954005,48.50517557814484,43.655555555555594
141.39999999999625,136.0598049735355,0.09999999999999432,0.1,-5.689893001203927e-15,0.0,36,1,151,61,60.969007141440365,48.40517557814484,43.75555555555559
141.49999999999625,136.1598049735355,0.09999999999999432,0.1,-5.689893001203927e-15,0.0,36,1,152,61,60.77128728374401,48.30517557814484,43.85555555555558
141.59999999999624,136.2598049735355,0.09999999999999432,0.1,-5.689893001203927e-15,0.0,36,1,153,62,60.57375878154168,48.20517557814484,43.955555555555584
141.69999999999624,136.3598049735355,0.09999999999999432,0.1,-5.689893001203927e-15,0.0,36,1,153,62,60.3750255145331,48.10517557814484,44.055555555555586
141.79999999999623,136.45980497353548,0.09999999999999432,0.1,-5.689893001203927e-15,0.0,36,1,154,62,60.1779603273378,48.005175578144836,44.15555555555559
141.89999999999623,136.55980497353548,0.09999999999999432,0.1,-5.689893001203927e-15,0.0,36,1,153,62,59.98065768827587,47.905175578144835,44.25555555555558
141.99999999999622,136.65980497353547,0.09999999999999432,0.1,-5.689893001203927e-15,0.0,36,1,153,62,59.764344604033994,47.80517557814483,44.35555555555558
142.09999999999621,136.75980497353547,0.09999999999999432,0.1,-5.689893001203927e-15,0.0,36,1,153,62,59.54764002220069,47.70517557814483,44.45555555555558
142.1999999999962,136.85980497353546,0.09999999999999432,0.1,-5.689893001203927e-15,0.0,36,1,153,62,59.33045272844299,47.60517557814483,44.55555555555557
142.2999999999962,136.95980497353546,0.09999999999999432,0.1,-5.689893001203927e-15,0.0,36,1,154,63,59.11349094609765,47.50517557814483,44.65555555555558
142.3999999999962,137.05980497353545,0.09999999999999432,0.1,-5.689893001203927e-15,0.0,36,1,154,62,58.89652992860049,47.07399777223237,44.755555555555574
142.4999999999962,137.15980497353544,0.09999999999999432,0.1,-5.689893001203927e-15,0.0,36,1,155,62,58.678207548533955,46.973997772232366,44.855555555555576
142.5999999999962,137.25980497353544,0.09999999999999432,0.1,-5.689893001203927e-15,0.0,35,1,156,62,60.13962679752539,46.873997772232364,45.90857142857145
142.69999999999618,137.35980497353543,0.09999999999999432,0.1,-5.689893001203927e-15,0.0,35,1,157,61,59.9338507663252,46.77399777223236,46.00857142857145
142.79999999999617,137.45980497353543,0.09999999999999432,0.1,-5.689893001203927e-15,0.0,35,1,157,61,59.727552086666165,46.67399777223236,46.108571428571445
142.89999999999617,137.55980497353542,0.09999999999999432,0.1,-5.689893001203927e-15,0.0,35,1,157,61,59.52152556875973,46.57399777223236,46.20857142857144
142.99999999999616,137.65980497353542,0.09999999999999432,0.1,-5.689893001203927e-15,0.0,35,1,158,61,59.31533342224268,46.47399777223236,46.30857142857144
143.09999999999616,137.7598049735354,0.09999999999999432,0.1,-5.689893001203927e-15,0.0,35,1,159,62,59.10877709373547,46.37399777223236,46.40857142857144
143.19999999999615,137.8598049735354,0.09999999999999432,0.1,-5.689893001203927e-15,0.0,35,1,159,62,58.902565359119464,46.273997772232356,46.50857142857144
143.29999999999615,137.9598049735354,0.09999999999999432,0.1,-5.689893001203927e-15,0.0,35,1,159,62,58.695821120899645,46.173997772232354,46.60857142857143
143.39999999999614,138.0598049735354,0.09999999999999432,0.1,-5.689893001203927e-15,0.0,34,1,159,62,60.25713866931407,46.405175578144814,44.63235294117655
143.49999999999613,138.1598049735354,0.09999999999999432,0.1,-5.689893001203927e-15,0.0,34,1,160,62,60.09528288589889,46.30517557814481,44.73235294117654
143.59999999999613,138.25980497353538,0.09999999999999432,0.1,-5.689893001203927e-15,0.0,33,1,160,62,61.78515819353285,46.20517557814481,43.99696969696977
143.69999999999612,138.35980497353538,0.09999999999999432,0.1,-5.689893001203927e-15,0.0,33,1,160,63,61.64477395315495,46.10517557814481,44.096969696969765
143.79999999999612,138.45980497353537,0.09999999999999432,0.1,-5.689893001203927e-15,0.0,33,1,160,63,61.50427639277078,46.00517557814481,44.19696969696977
143.8999999999961,138.55980497353536,0.09999999999999432,0.1,-5.689893001203927e-15,0.0,33,1,160,63,61.36346869812617,45.90517557814481,44.29696969696977
143.9999999999961,138.65980497353536,0.09999999999999432,0.1,-5.689893001203927e-15,0.0,33,1,160,63,61.22288027282854,45.805175578144805,44.39696969696976
144.0999999999961,138.75980497353535,0.09999999999999432,0.1,-5.689893001203927e-15,0.0,33,1,160,63,61.08245152513028,45.705175578144804,44.496969696969764
144.1999999999961,138.85980497353535,0.09999999999999432,0.1,-5.689893001203927e-15,0.0,33,1,160,63,60.94167944721543,45.6051755781448,44.59696969696976
144.2999999999961,138.95980497353534,0.09999999999999432,0.1,-5.689893001203927e-15,0.0,33,1,160,63,60.80083259055964,45.5051755781448,44.69696969696976
144.39999999999608,139.05980497353534,0.09999999999999432,0.1,-5.689893001203927e-15,0.0,33,1,161,63,60.66001737708979,45.4051755781448,44.79696969696976
144.49999999999608,139.15980497353533,0.09999999999999432,0.1,-5.689893001203927e-15,0.0,33,1,161,62,60.51942196458973,45.3051755781448,44.896969696969755
144.59999999999607,139.25980497353532,0.09999999999999432,0.1,-5.689893001203927e-15,0.0,33,1,161,63,60.37875326110464,45.2051755781448,44.99696969696976
144.69999999999607,139.35980497353532,0.09999999999999432,0.1,-5.689893001203927e-15,0.0,33,1,162,63,60.1669423742135,45.105175578144795,45.09696969696976
144.79999999999606,139.4598049735353,0.09999999999999432,0.1,-5.689893001203927e-15,0.0,33,1,162,63,59.97803724240839,45.005175578144794,45.19696969696976
144.89999999999606,139.5598049735353,0.09999999999999432,0.1,-5.689893001203927e-15,0.0,33,1,161,63,59.764248920794444,44.90517557814479,45.29696969696976
144.99999999999605,139.6962049735353,0.13639999999998054,0.1,0.03639999999998053,0.0,33,1,160,63,60.65318066755265,44.80517557814479,45.396969696969755
145.09999999999604,139.79620497353528,0.09999999999999432,0.1,-5.689893001203927e-15,0.0,33,1,160,63,60.43937758657253,44.70517557814479,45.49696969696976
145.19999999999604,139.89620497353528,0.09999999999999432,0.1,-5.689893001203927e-15,0.0,33,1,160,63,60.218710256956534,44.60517557814479,45.59696969696975
145.29999999999603,139.99620497353527,0.09999999999999432,0.1,-5.689893001203927e-15,0.0,33,1,159,63,60.00477936123312,44.50517557814479,45.69696969696975
145.39999999999603,140.09620497353527,0.09999999999999432,0.1,-5.689893001203927e-15,0.0,33,1,159,63,59.80013617525026,44.405175578144785,45.796969696969754
145.49999999999602,140.19620497353526,0.09999999999999432,0.1,-5.689893001203927e-15,0.0,33,1,158,63,59.61278191403393,44.305175578144784,45.89696969696975
145.59999999999602,140.29620497353525,0.09999999999999432,0.1,-5.689893001203927e-15,0.0,33,1,159,62,59.43510640607009,44.20517557814478,45.99696969696975
145.699999999996,140.39620497353525,0.09999999999999432,0.1,-5.689893001203927e-15,0.0,32,1,159,62,61.11895705531594,50.58008732508106,45.61562500000003
145.799999999996,140.49620497353524,0.09999999999999432,0.1,-5.689893001203927e-15,0.0,32,1,159,62,60.945292999593434,50.48008732508106,45.71562500000003
145.899999999996,140.59620497353524,0.09999999999999432,0.1,-5.689893001203927e-15,0.0,32,1,159,62,60.774488270238216,50.38008732508106,45.81562500000003
145.999999999996,140.69620497353523,0.09999999999999432,0.1,-5.689893001203927e-15,0.0,32,1,160,62,60.60583202023822,50.280087325081055,45.91562500000003
146.099999999996,140.79620497353523,0.09999999999999432,0.1,-5.689893001203927e-15,0.0,32,1,160,61,60.43711327023822,50.180087325081054,46.01562500000003
146.19999999999598,140.89620497353522,0.09999999999999432,0.1,-5.689893001203927e-15,0.0,31,1,160,62,62.216078522089035,50.08008732508105,44.92258064516133
146.29999999999598,140.9962049735352,0.09999999999999432,0.1,-5.689893001203927e-15,0.0,31,1,160,63,62.045014005960006,49.98008732508105,45.02258064516133
146.39999999999597,141.0962049735352,0.09999999999999432,0.1,-5.689893001203927e-15,0.0,31,1,159,63,61.87388497370195,49.88008732508105,45.122580645161335
146.49999999999596,141.2466049735352,0.15039999999999054,0.1,0.050399999999990536,0.0,31,1,159,63,63.32849787692776,52.92481807699688,45.22258064516133
146.59999999999596,141.3466049735352,0.09999999999999432,0.1,-5.689893001203927e-15,0.0,31,1,159,63,63.1592941225094,52.82481807699688,45.322580645161324
146.69999999999595,141.4466049735352,0.09999999999999432,0.1,-5.689893001203927e-15,0.0,31,1,159,63,62.98773546182569,52.724818076996876,45.422580645161325
146.79999999999595,141.54660497353518,0.09999999999999432,0.1,-5.689893001203927e-15,0.0,31,1,160,63,62.816348365051496,52.624818076996874,45.52258064516133
146.89999999999594,141.64660497353518,0.09999999999999432,0.1,-5.689893001203927e-15,0.0,30,1,161,64,64.73863635343248,59.35397935171964,46.320000000000036
146.99999999999594,141.74660497353517,0.09999999999999432,0.1,-5.689893001203927e-15,0.0,30,1,161,64,64.55942967073142,58.59477887068743,46.42000000000004
147.09999999999593,141.84660497353516,0.09999999999999432,0.1,-5.689893001203927e-15,0.0,30,1,160,65,64.38546300406476,57.994778870687426,46.520000000000024
147.19999999999592,141.94660497353516,0.09999999999999432,0.1,-5.689893001203927e-15,0.0,30,1,161,65,64.21142967073142,57.394778870687425,46.620000000000026
147.29999999999592,142.04660497353515,0.09999999999999432,0.1,-5.689893001203927e-15,0.0,30,1,161,65,64.03732967073142,56.79477887068742,46.72000000000003
147.3999999999959,142.14660497353515,0.09999999999999432,0.1,-5.689893001203927e-15,0.0,30,1,161,66,63.86316300406476,56.19477887068742,46.82000000000003
147.4999999999959,142.24660497353514,0.09999999999999432,0.1,-5.689893001203927e-15,0.0,29,1,162,67,65.95913898711765,55.59477887068742,45.54827586206902
147.5999999999959,142.34660497353514,0.09999999999999432,0.1,-5.689893001203927e-15,0.0,29,1,163,67,65.8122079526349,54.99477887068742,45.64827586206901
147.6999999999959,142.44660497353513,0.09999999999999432,0.1,-5.689893001203927e-15,0.0,29,1,163,68,65.66524243539352,54.39477887068742,45.748275862069015
147.7999999999959,142.54660497353512,0.09999999999999432,0.1,-5.689893001203927e-15,0.0,29,1,163,68,65.5217982599525,53.89789778289757,45.84827586206901
147.89999999999588,142.64660497353512,0.09999999999999432,0.1,-5.689893001203927e-15,0.0,29,1,163,67,65.38516237912854,53.599457239002646,45.94827586206901
147.99999999999588,142.7466049735351,0.09999999999999432,0.1,-5.689893001203927e-15,0.0,29,1,163,67,65.2519134042338,53.400236967055186,46.048275862069005
148.09999999999587,142.8466049735351,0.09999999999999432,0.1,-5.689893001203927e-15,0.0,29,1,163,67,65.10456028792797,53.300236967055184,46.14827586206901
148.19999999999587,142.9466049735351,0.09999999999999432,0.1,-5.689893001203927e-15,0.0,29,1,164,67,64.9574223568935,53.20023696705518,46.24827586206901
148.29999999999586,143.0466049735351,0.09999999999999432,0.1,-5.689893001203927e-15,0.0,29,1,165,67,64.81024994310039,53.10023696705518,46.34827586206901
148.39999999999586,143.1466049735351,0.09999999999999432,0.1,-5.689893001203927e-15,0.0,29,1,166,67,64.66304304654868,53.00023696705518,46.448275862069
148.49999999999585,143.24660497353509,0.09999999999999432,0.1,-5.689893001203927e-15,0.0,29,1,167,67,64.51580166723834,52.90023696705518,46.548275862069005
148.59999999999584,143.40660497353508,0.1599999999999966,0.1,0.059999999999996584,0.0,29,1,166,67,66.43749132241075,52.80023696705518,46.648275862069006
148.69999999999584,143.50660497353508,0.09999999999999432,0.1,-5.689893001203927e-15,0.0,30,1,166,67,63.24384161166373,60.743013310426484,45.19333333333337
148.79999999999583,143.60660497353507,0.09999999999999432,0.1,-5.689893001203927e-15,0.0,30,1,166,67,63.07944284619631,60.64301331042648,45.29333333333337
148.89999999999583,143.73220497353506,0.1255999999999915,0.1,0.02559999999999149,0.0,30,1,164,67,63.77022779281272,60.54301331042648,45.393333333333366
148.99999999999582,143.83220497353506,0.09999999999999432,0.1,-5.689893001203927e-15,0.0,30,1,164,67,63.61027240689043,60.44301331042648,45.49333333333337
149.09999999999582,143.93220497353505,0.09999999999999432,0.1,-5.689893001203927e-15,0.0,30,1,163,67,63.44581149975761,60.34301331042648,45.59333333333337
149.1999999999958,144.03220497353504,0.09999999999999432,0.1,-5.689893001203927e-15,0.0,30,1,162,67,63.282328085378374,60.24301331042648,45.693333333333364
149.2999999999958,144.13220497353504,0.09999999999999432,0.1,-5.689893001203927e-15,0.0,30,1,162,65,63.119315401005174,60.143013310426475,45.793333333333365
149.3999999999958,144.23220497353503,0.09999999999999432,0.1,-5.689893001203927e-15,0.0,30,1,163,65,62.95645033518714,60.043013310426474,45.89333333333336
149.4999999999958,144.33220497353503,0.09999999999999432,0.1,-5.689893001203927e-15,0.0,29,1,163,65,65.02220731699717,59.94301331042647,44.54137931034489
149.5999999999958,144.43220497353502,0.09999999999999432,0.1,-5.689893001203927e-15,0.0,29,1,163,65,64.88707462279011,59.84301331042647,44.64137931034488
149.69999999999578,144.53220497353502,0.09999999999999432,0.1,-5.689893001203927e-15,0.0,29,1,163,65,64.75220317821349,59.74301331042647,44.74137931034488
149.79999999999578,144.632204973535,0.09999999999999432,0.1,-5.689893001203927e-15,0.0,29,1,163,65,64.61727284828564,59.64301331042647,44.84137931034488
149.89999999999577,144.732204973535,0.09999999999999432,0.1,-5.689893001203927e-15,0.0,29,1,163,65,64.48272833260805,59.54301331042647,44.94137931034487
149.99999999999577,144.832204973535,0.09999999999999432,0.1,-5.689893001203927e-15,0.0,29,1,163,65,64.34806636748327,59.443013310426466,45.04137931034488
150.09999999999576,144.932204973535,0.09999999999999432,0.1,-5.689893001203927e-15,0.0,29,1,163,65,64.21340168875119,59.343013310426464,45.141379310344874
150.19999999999575,145.032204973535,0.09999999999999432,0.1,-5.689893001203927e-15,0.0,29,1,162,65,64.07846483378464,59.24301331042646,45.241379310344875
150.29999999999575,145.13220497353498,0.09999999999999432,0.1,-5.689893001203927e-15,0.0,29,1,162,65,63.94363181504113,59.14301331042646,45.34137931034487
150.39999999999574,145.23220497353498,0.09999999999999432,0.1,-5.689893001203927e-15,0.0,29,1,163,65,63.80867920754738,59.04301331042646,45.44137931034487
150.49999999999574,145.33220497353497,0.09999999999999432,0.1,-5.689893001203927e-15,0.0,29,1,163,65,63.67416919155312,58.94301331042646,45.541379310344865
150.59999999999573,145.43220497353497,0.09999999999999432,0.1,-5.689893001203927e-15,0.0,29,1,163,64,63.53963449536978,58.84301331042646,45.641379310344874
150.69999999999573,145.53220497353496,0.09999999999999432,0.1,-5.689893001203927e-15,0.0,29,1,164,64,63.40456094746266,58.743013310426456,45.74137931034487
150.79999999999572,145.63220497353495,0.09999999999999432,0.1,-5.689893001203927e-15,0.0,29,1,164,63,63.26979575261423,58.643013310426454,45.84137931034486
150.8999999999957,145.73220497353495,0.09999999999999432,0.1,-5.689893001203927e-15,0.0,29,1,166,62,63.13288412896123,58.54301331042645,45.941379310344864
150.9999999999957,145.83220497353494,0.09999999999999432,0.1,-5.689893001203927e-15,0.0,29,1,165,62,62.994288999297666,58.44301331042645,46.04137931034486
151.0999999999957,145.99220497353494,0.1599999999999966,0.1,0.059999999999996584,0.0,29,1,164,62,64.89734093260525,58.34301331042645,46.14137931034487
151.1999999999957,146.21160497353495,0.21940000000000737,0.1,0.11940000000000736,0.0,30,1,162,62,65.72678124700066,61.77806921725115,44.70333333333337
151.2999999999957,146.31160497353494,0.09999999999999432,0.1,-5.689893001203927e-15,0.0,31,1,163,62,62.62292098267357,61.67806921725115,43.36129032258068
151.39999999999569,146.47160497353494,0.1599999999999966,0.1,0.059999999999996584,0.0,31,1,161,62,64.36325683406486,61.57806921725115,43.46129032258067
151.49999999999568,146.61560497353494,0.14400000000000546,0.1,0.04400000000000545,0.0,31,1,161,62,65.59991289931529,61.47806921725115,43.56129032258067
151.59999999999567,146.71560497353494,0.09999999999999432,0.1,-5.689893001203927e-15,0.0,31,1,162,62,65.41923156935852,61.378069217251145,43.661290322580676
151.69999999999567,146.81560497353493,0.09999999999999432,0.1,-5.689893001203927e-15,0.0,31,1,162,61,65.24559028384753,61.278069217251144,43.76129032258067
151.79999999999566,146.91560497353493,0.09999999999999432,0.1,-5.689893001203927e-15,0.0,31,1,161,61,65.08039308201073,61.17806921725114,43.86129032258067
151.89999999999566,147.01560497353492,0.09999999999999432,0.1,-5.689893001203927e-15,0.0,31,1,161,61,64.91548503083149,61.07806921725114,43.961290322580666
151.99999999999565,147.17560497353492,0.1599999999999966,0.1,0.059999999999996584,0.0,31,1,163,61,66.68618279652492,60.97806921725114,44.06129032258067
152.09999999999565,147.2756049735349,0.09999999999999432,0.1,-5.689893001203927e-15,0.0,31,1,163,61,66.51482760796043,60.607159039278514,44.16129032258067
152.19999999999564,147.3756049735349,0.09999999999999432,0.1,-5.689893001203927e-15,0.0,31,1,163,61,66.34725190783709,60.00715903927851,44.26129032258066
152.29999999999563,147.5356049735349,0.1599999999999966,0.1,0.059999999999996584,0.0,31,1,162,61,68.11821964977258,59.40715903927851,44.361290322580665
152.39999999999563,147.6956049735349,0.1599999999999966,0.1,0.059999999999996584,0.0,32,1,162,61,66.92077528571721,66.47086416433827,43.07500000000002
152.49999999999562,147.7956049735349,0.09999999999999432,0.1,-5.689893001203927e-15,0.0,32,1,162,62,66.73855218410826,66.37086416433827,43.17500000000002
152.59999999999562,147.8956049735349,0.09999999999999432,0.1,-5.689893001203927e-15,0.0,32,1,162,63,66.56615741214866,66.27086416433828,43.27500000000001
152.6999999999956,148.0800049735349,0.18440000000001078,0.1,0.08440000000001077,0.0,32,1,160,64,69.04847650295049,66.17086416433828,43.375000000000014
152.7999999999956,148.2240049735349,0.14400000000000546,0.1,0.04400000000000545,0.0,33,1,159,64,67.38238521229846,60.17806921725113,42.16060606060607
152.8999999999956,148.3240049735349,0.09999999999999432,0.1,-5.689893001203927e-15,0.0,33,1,159,64,67.2076539280912,60.07806921725113,42.26060606060607
152.9999999999956,148.4240049735349,0.09999999999999432,0.1,-5.689893001203927e-15,0.0,33,1,159,64,67.02623152284553,59.978069217251125,42.360606060606074
153.0999999999956,148.5240049735349,0.09999999999999432,0.1,-5.689893001203927e-15,0.0,33,1,159,64,66.87532303620256,59.878069217251124,42.46060606060607
153.19999999999558,148.62400497353488,0.09999999999999432,0.1,-5.689893001203927e-15,0.0,33,1,159,64,66.73030910715346,59.77806921725112,42.56060606060607
153.29999999999558,148.72400497353487,0.09999999999999432,0.1,-5.689893001203927e-15,0.0,33,1,159,65,66.60217940263136,59.67806921725112,42.660606060606064
153.39999999999557,148.82400497353487,0.09999999999999432,0.1,-5.689893001203927e-15,0.0,33,1,159,65,66.48811455037033,59.57806921725112,42.76060606060607
153.49999999999557,148.92400497353486,0.09999999999999432,0.1,-5.689893001203927e-15,0.0,33,1,160,65,66.38245954333222,59.47806921725112,42.860606060606074
153.59999999999556,149.02400497353486,0.09999999999999432,0.1,-5.689893001203927e-15,0.0,33,1,159,65,66.28245954333221,59.37806921725112,42.96060606060607
153.69999999999555,149.12400497353485,0.09999999999999432,0.1,-5.689893001203927e-15,0.0,33,1,158,65,66.18245954333221,59.278069217251115,43.06060606060607
153.79999999999555,149.22400497353485,0.09999999999999432,0.1,-5.689893001203927e-15,0.0,33,1,158,65,66.0824595433322,59.178069217251114,43.160606060606064
153.89999999999554,149.32400497353484,0.09999999999999432,0.1,-5.689893001203927e-15,0.0,33,1,159,65,65.98245954333221,59.07806921725111,43.260606060606065
153.99999999999554,149.42400497353484,0.09999999999999432,0.1,-5.689893001203927e-15,0.0,33,1,159,65,65.88245954333222,58.97806921725111,43.36060606060607
154.09999999999553,149.52400497353483,0.09999999999999432,0.1,-5.689893001203927e-15,0.0,33,1,158,64,65.78245954333222,58.87806921725111,43.46060606060606
154.19999999999553,149.62400497353482,0.09999999999999432,0.1,-5.689893001203927e-15,0.0,33,1,159,64,65.68245954333221,58.77806921725111,43.56060606060606
154.29999999999552,149.72400497353482,0.09999999999999432,0.1,-5.689893001203927e-15,0.0,33,1,159,64,65.58245954333222,58.67806921725111,43.66060606060606
154.39999999999552,149.8240049735348,0.09999999999999432,0.1,-5.689893001203927e-15,0.0,33,1,159,64,65.46391408878678,58.578069217251105,43.76060606060606
154.4999999999955,149.9240049735348,0.09999999999999432,0.1,-5.689893001203927e-15,0.0,33,1,159,64,65.34533833121101,58.478069217251104,43.86060606060606
154.5999999999955,150.0240049735348,0.09999999999999432,0.1,-5.689893001203927e-15,0.0,33,1,158,64,65.21161558445658,58.3780692172511,43.960606060606054
154.6999999999955,150.1840049735348,0.1599999999999966,0.1,0.059999999999996584,0.0,33,1,156,64,66.86548005991887,64.1708641643384,44.060606060606055
154.7999999999955,150.3440049735348,0.1599999999999966,0.1,0.059999999999996584,0.0,33,1,155,63,68.26315523180016,64.0708641643384,44.16060606060605
154.8999999999955,150.4440049735348,0.09999999999999432,0.1,-5.689893001203927e-15,0.0,34,1,155,62,65.34627128238807,63.9708641643384,42.961764705882345
154.99999999999548,150.54400497353478,0.09999999999999432,0.1,-5.689893001203927e-15,0.0,34,1,155,62,65.14751568502066,63.8708641643384,43.06176470588235
155.09999999999548,150.70400497353478,0.1599999999999966,0.1,0.059999999999996584,0.0,34,1,155,62,66.73541614622116,63.7708641643384,43.16176470588235
155.19999999999547,150.80400497353477,0.09999999999999432,0.1,-5.689893001203927e-15,0.0,34,1,156,62,66.30937518497959,63.6708641643384,43.26176470588234
155.29999999999546,150.90400497353477,0.09999999999999432,0.1,-5.689893001203927e-15,0.0,34,1,155,61,66.1203029029504,63.570864164338396,43.361764705882344
155.39999999999546,151.00400497353476,0.09999999999999432,0.1,-5.689893001203927e-15,0.0,34,1,155,60,65.68313175015557,63.470864164338394,43.46176470588234
155.49999999999545,151.16400497353476,0.1599999999999966,0.1,0.059999999999996584,0.0,34,1,154,59,67.25211545860233,63.37086416433839,43.56176470588235
155.59999999999545,151.26400497353475,0.09999999999999432,0.1,-5.689893001203927e-15,0.0,34,1,155,60,67.02748455437084,63.27086416433839,43.66176470588234
155.69999999999544,151.36400497353475,0.09999999999999432,0.1,-5.689893001203927e-15,0.0,34,1,156,60,66.79940412531636,63.17086416433839,43.76176470588234
155.79999999999544,151.56600497353475,0.20199999999999818,0.1,0.10199999999999818,0.0,34,1,156,59,69.5703078278734,63.07086416433839,43.86176470588234
155.89999999999543,151.66600497353474,0.09999999999999432,0.1,-5.689893001203927e-15,0.0,36,1,158,59,64.10759881259912,64.79790730837918,41.524999999999984
155.99999999999542,151.76600497353473,0.09999999999999432,0.1,-5.689893001203927e-15,0.0,36,1,157,59,63.85621096777824,64.26810351820285,41.624999999999986
156.09999999999542,151.86600497353473,0.09999999999999432,0.1,-5.689893001203927e-15,0.0,36,1,158,59,63.609702684397334,63.53910351820285,41.72499999999999
156.1999999999954,151.96600497353472,0.09999999999999432,0.1,-5.689893001203927e-15,0.0,36,1,158,59,63.36434478684706,62.80910351820284,41.82499999999998
156.2999999999954,152.06600497353472,0.09999999999999432,0.1,-5.689893001203927e-15,0.0,36,1,159,59,63.11631624157317,62.57086416433838,41.92499999999998
156.3999999999954,152.19460497353472,0.12860000000000582,0.1,0.028600000000005815,0.0,36,1,158,59,63.66519391034558,62.47086416433838,42.024999999999984
156.4999999999954,152.29460497353472,0.09999999999999432,0.1,-5.689893001203927e-15,0.0,36,1,158,59,63.423939236998436,62.37086416433838,42.12499999999998
156.5999999999954,151.55322305116314,-0.7413819223715734,0.1,-1.5765166949677223e-14,0.8413819223715576,34,1,158,59,64.41140149097535,62.27086416433838,39.755882352941185
156.69999999999538,151.74562305116314,0.19239999999999213,0.1,0.09239999999999213,0.0,34,1,156,59,66.90018915193555,63.99790730837922,39.85588235294118
156.79999999999538,151.84562305116313,0.09999999999999432,0.1,-5.689893001203927e-15,0.0,34,1,156,59,66.67657419924008,63.89790730837922,39.95588235294118
156.89999999999537,151.94562305116312,0.09999999999999432,0.1,-5.689893001203927e-15,0.0,34,1,157,59,66.44168327938112,63.797907308379216,40.05588235294118
156.99999999999537,152.10562305116312,0.1599999999999966,0.1,0.059999999999996584,0.0,34,1,158,58,67.72540666955072,63.697907308379214,40.155882352941184
157.09999999999536,152.26562305116312,0.1599999999999966,0.1,0.059999999999996584,0.0,34,1,158,59,69.01530146082182,63.59790730837921,40.25588235294118
157.19999999999536,152.3656230511631,0.09999999999999432,0.1,-5.689893001203927e-15,0.0,34,1,158,59,68.76183511430848,63.15808125595418,40.35588235294118
157.29999999999535,152.4656230511631,0.09999999999999432,0.1,-5.689893001203927e-15,0.0,34,1,160,59,68.27400973949062,62.5536800090809,40.455882352941174
157.39999999999534,152.5656230511631,0.09999999999999432,0.1,-5.689893001203927e-15,0.0,34,1,160,60,67.80247556543173,61.962029263673905,40.55588235294118
157.49999999999534,152.6886230511631,0.12299999999999045,0.1,0.022999999999990445,0.0,34,1,159,59,68.2604762701437,61.370864164338364,40.65588235294118
157.59999999999533,152.78862305116309,0.09999999999999432,0.1,-5.689893001203927e-15,0.0,34,1,159,59,68.05790643317478,61.27086416433836,40.75588235294118
157.69999999999533,152.88862305116308,0.09999999999999432,0.1,-5.689893001203927e-15,0.0,34,1,158,59,67.56431676066421,61.17086416433836,40.85588235294117
157.79999999999532,152.98862305116307,0.09999999999999432,0.1,-5.689893001203927e-15,0.0,34,1,157,59,67.31700254675889,61.07086416433836,40.955882352941174
157.89999999999532,153.13122305116306,0.1425999999999874,0.1,0.0425999999999874,0.0,34,1,157,59,68.0742609021111,60.97086416433836,41.055882352941175
157.9999999999953,153.25322305116305,0.12199999999998568,0.1,0.02199999999998567,0.0,34,1,155,59,68.23548360820993,60.87086416433836,41.15588235294118
158.0999999999953,153.41322305116304,0.1599999999999966,0.1,0.059999999999996584,0.0,35,1,153,60,67.06507312424716,60.770864164338356,40.08
158.1999999999953,153.51322305116304,0.09999999999999432,0.1,-5.689893001203927e-15,0.0,35,1,153,61,66.57650377657836,60.670864164338354,40.18
158.2999999999953,153.65582305116303,0.1425999999999874,0.1,0.0425999999999874,0.0,35,1,154,61,67.54952226473101,60.57086416433835,40.279999999999994
158.3999999999953,153.75582305116302,0.09999999999999432,0.1,-5.689893001203927e-15,0.0,35,1,154,61,67.05449857165662,60.47086416433835,40.379999999999995
158.49999999999528,153.85582305116301,0.09999999999999432,0.1,-5.689893001203927e-15,0.0,35,1,154,61,66.81397675396558,60.37086416433835,40.47999999999999
158.59999999999528,153.955823051163,0.09999999999999432,0.1,-5.689893001203927e-15,0.0,35,1,155,61,66.57860422971862,60.27086416433835,40.57999999999999
158.69999999999527,154.055823051163,0.09999999999999432,0.1,-5.689893001203927e-15,0.0,35,1,154,61,66.3432637104564,60.17086416433835,40.67999999999999
158.79999999999526,154.196223051163,0.14039999999999964,0.1,0.04039999999999963,0.0,35,1,152,61,67.26485936076182,61.89790730837919,40.779999999999994
158.89999999999526,154.356223051163,0.1599999999999966,0.1,0.059999999999996584,0.0,35,1,150,61,68.75844021862771,61.79790730837919,40.879999999999995
158.99999999999525,154.456223051163,0.09999999999999432,0.1,-5.689893001203927e-15,0.0,35,1,149,61,68.2882006251997,61.697907308379186,40.97999999999998
159.09999999999525,154.556223051163,0.09999999999999432,0.1,-5.689893001203927e-15,0.0,35,1,149,61,67.8387223234921,61.597907308379185,41.079999999999984
159.19999999999524,154.65622305116298,0.09999999999999432,0.1,-5.689893001203927e-15,0.0,35,1,149,61,67.39140095398636,61.39164148234284,41.179999999999986
159.29999999999524,154.78342305116297,0.12719999999998777,0.1,0.027199999999987762,0.0,35,1,149,61,67.88893229990873,60.90312799734556,41.27999999999999
159.39999999999523,154.88342305116296,0.09999999999999432,0.1,-5.689893001203927e-15,0.0,35,1,149,61,67.38707779217468,60.60887125484691,41.37999999999999
159.49999999999523,155.04342305116296,0.1599999999999966,0.1,0.059999999999996584,0.0,35,1,150,61,68.84780127630997,60.41174288359759,41.47999999999998
159.59999999999522,155.14342305116296,0.09999999999999432,0.1,-5.689893001203927e-15,0.0,35,1,150,60,68.22109000415298,60.31174288359759,41.579999999999984
159.6999999999952,155.24342305116295,0.09999999999999432,0.1,-5.689893001203927e-15,0.0,35,1,150,60,67.84774677424949,60.21174288359759,41.679999999999986
159.7999999999952,155.39782305116293,0.15439999999998122,0.1,0.05439999999998121,0.0,35,1,150,60,68.92629510843408,60.111742883597586,41.77999999999998
159.8999999999952,155.52322305116292,0.12539999999998486,0.1,0.02539999999998485,0.0,36,1,148,60,66.80071365299897,60.79790730837917,40.71944444444443
159.9999999999952,155.6232230511629,0.09999999999999432,0.1,-5.689893001203927e-15,0.0,36,1,147,60,66.56939572016495,60.69790730837917,40.81944444444443
160.0999999999952,155.7232230511629,0.09999999999999432,0.1,-5.689893001203927e-15,0.0,36,1,147,60,66.32801767420744,60.59790730837917,40.91944444444442
160.19999999999519,155.8232230511629,0.09999999999999432,0.1,-5.689893001203927e-15,0.0,36,1,147,60,66.0976278867451,60.49790730837917,41.019444444444424
160.29999999999518,155.9832230511629,0.1599999999999966,0.1,0.059999999999996584,0.0,36,1,146,60,67.53381480360187,60.39790730837917,41.119444444444426
160.39999999999517,156.0832230511629,0.09999999999999432,0.1,-5.689893001203927e-15,0.0,37,1,147,60,64.81144039057125,60.297907308379166,40.108108108108084
160.49999999999517,156.29702305116288,0.213799999999992,0.1,0.11379999999999199,0.0,37,1,145,59,67.62860173082646,60.197907308379165,40.208108108108085
160.59999999999516,155.67787178314626,-0.6191512680166227,0.1,-1.6209256159527285e-14,0.7191512680166064,34,1,145,59,71.05987065485685,71.82734424376402,35.78529411764711
160.69999999999516,155.89787178314626,0.21999999999999886,0.1,0.11999999999999886,0.0,34,1,142,59,74.3624971151512,71.72734424376402,35.88529411764711
160.79999999999515,155.99787178314625,0.09999999999999432,0.1,-5.689893001203927e-15,0.0,36,1,141,59,68.62251886425334,72.09087429830213,33.99166666666672
160.89999999999515,156.09787178314625,0.09999999999999432,0.1,-5.689893001203927e-15,0.0,36,1,141,58,68.35148663637635,71.52734424376403,34.09166666666672
160.99999999999514,156.19787178314624,0.09999999999999432,0.1,-5.689893001203927e-15,0.0,36,1,142,59,68.12201496022669,71.42734424376404,34.19166666666672
161.09999999999513,156.35787178314624,0.1599999999999966,0.1,0.059999999999996584,0.0,36,1,141,59,69.56644664486478,71.32734424376405,34.291666666666714
161.19999999999513,156.45787178314623,0.09999999999999432,0.1,-5.689893001203927e-15,0.0,37,1,142,59,66.79272141065499,69.73052412920315,33.464864864864914
161.29999999999512,156.55787178314623,0.09999999999999432,0.1,-5.689893001203927e-15,0.0,37,1,142,59,66.56727015573321,69.1404365869284,33.564864864864916
161.39999999999512,156.71787178314622,0.1599999999999966,0.1,0.059999999999996584,0.0,37,1,141,60,67.96415933106903,68.55034904465366,33.66486486486491
161.4999999999951,156.81787178314622,0.09999999999999432,0.1,-5.689893001203927e-15,0.0,37,1,142,61,67.73969673016386,67.96026150237891,33.76486486486491
161.5999999999951,156.9178717831462,0.09999999999999432,0.1,-5.689893001203927e-15,0.0,37,1,141,61,67.51449097452712,67.37017396010417,33.86486486486491
161.6999999999951,157.0178717831462,0.09999999999999432,0.1,-5.689893001203927e-15,0.0,37,1,141,61,67.29611708325116,66.84760401876699,33.964864864864914
161.7999999999951,157.1178717831462,0.09999999999999432,0.1,-5.689893001203927e-15,0.0,37,1,141,61,67.0898404880892,66.53631904809839,34.06486486486491
161.8999999999951,156.60984597498043,-0.5080258081657689,0.1,-7.438494264988549e-15,0.6080258081657615,36,1,141,61,67.06391931900758,70.29418600238273,35.05555555555561
161.99999999999508,156.70984597498042,0.09999999999999432,0.1,-5.689893001203927e-15,0.0,36,1,143,62,66.89105927503203,69.88708826416195,35.1555555555556
162.09999999999508,156.80984597498042,0.09999999999999432,0.1,-5.689893001203927e-15,0.0,36,1,143,62,66.7252545867373,69.24644661271206,35.2555555555556
162.19999999999507,156.94244597498042,0.1325999999999965,0.1,0.03259999999999649,0.0,36,1,142,62,67.46641848510554,68.59831408114032,35.355555555555604
162.29999999999507,157.0424459749804,0.09999999999999432,0.1,-5.689893001203927e-15,0.0,37,1,142,63,64.81093762499253,65.87785532009696,34.50000000000005
162.39999999999506,157.1424459749804,0.09999999999999432,0.1,-5.689893001203927e-15,0.0,37,1,142,64,64.63546206213394,65.77785532009696,34.600000000000044
162.49999999999505,157.2424459749804,0.09999999999999432,0.1,-5.689893001203927e-15,0.0,37,1,142,64,64.46149668549896,65.67785532009697,34.700000000000045
162.59999999999505,157.3424459749804,0.09999999999999432,0.1,-5.689893001203927e-15,0.0,37,1,142,63,64.28864714319008,65.57785532009697,34.80000000000005
162.69999999999504,157.4424459749804,0.09999999999999432,0.1,-5.689893001203927e-15,0.0,37,1,142,63,64.11528990569394,65.47785532009698,34.90000000000004
162.79999999999504,157.54244597498038,0.09999999999999432,0.1,-5.689893001203927e-15,0.0,37,1,142,63,63.887462990872585,64.97494060637118,35.00000000000004
162.89999999999503,157.68404597498036,0.14159999999998263,0.1,0.04159999999998262,0.0,37,1,141,64,64.7997529434497,64.37494060637118,35.100000000000044
162.99999999999503,157.84404597498036,0.1599999999999966,0.1,0.059999999999996584,0.0,37,1,140,64,66.21624207150712,63.77494060637118,35.200000000000045
163.09999999999502,157.94404597498036,0.09999999999999432,0.1,-5.689893001203927e-15,0.0,37,1,141,64,66.00889051511258,63.17494060637118,35.30000000000004
163.19999999999501,158.09664597498036,0.15260000000000673,0.1,0.052600000000006725,0.0,37,1,140,64,67.21645764159813,62.57494060637118,35.40000000000004
163.299999999995,158.19664597498036,0.09999999999999432,0.1,-5.689893001203927e-15,0.0,38,1,140,64,64.57787730962588,64.87785532009701,34.56842105263162
163.399999999995,158.40024597498035,0.20359999999999445,0.1,0.10359999999999445,0.0,38,1,138,64,67.04749835071034,64.77785532009702,34.668421052631615
163.499999999995,158.50024597498034,0.09999999999999432,0.1,-5.689893001203927e-15,0.0,39,1,138,63,64.4469082138934,64.67785532009702,33.87948717948722
163.599999999995,158.66024597498034,0.1599999999999966,0.1,0.059999999999996584,0.0,39,1,136,63,65.71896104250557,64.57785532009703,33.979487179487215
163.699999999995,158.76024597498034,0.09999999999999432,0.1,-5.689893001203927e-15,0.0,39,1,136,63,65.43040749820737,64.47785532009704,34.07948717948722
163.79999999999498,158.86024597498033,0.09999999999999432,0.1,-5.689893001203927e-15,0.0,39,1,137,63,65.17156616762675,64.37785532009704,34.17948717948722
163.89999999999498,159.05824597498034,0.1980000000000075,0.1,0.0980000000000075,0.0,39,1,136,62,67.42798843846094,64.27785532009705,34.27948717948722
163.99999999999497,159.15824597498033,0.09999999999999432,0.1,-5.689893001203927e-15,0.0,40,1,136,62,64.86551262647305,68.13764979595086,33.522500000000036
164.09999999999496,159.25824597498033,0.09999999999999432,0.1,-5.689893001203927e-15,0.0,40,1,136,62,64.56769104052852,67.69760669077567,33.62250000000004
164.19999999999496,159.3870459749803,0.12879999999998404,0.1,0.028799999999984033,0.0,40,1,134,62,64.9945069883222,67.93764979595088,33.72250000000004
164.29999999999495,159.4870459749803,0.09999999999999432,0.1,-5.689893001203927e-15,0.0,40,1,134,62,64.70965022546429,67.83764979595088,33.82250000000003
164.39999999999495,159.5870459749803,0.09999999999999432,0.1,-5.689893001203927e-15,0.0,40,1,134,63,64.43495056297135,67.64978672643332,33.92250000000003
164.49999999999494,159.6870459749803,0.09999999999999432,0.1,-5.689893001203927e-15,0.0,39,1,134,63,65.84346816331274,67.04792846104425,33.06410256410259
164.59999999999494,159.80984597498028,0.12279999999998381,0.1,0.022799999999983805,0.0,39,1,133,63,66.17392084880784,66.44157498639866,33.16410256410259
164.69999999999493,159.90984597498027,0.09999999999999432,0.1,-5.689893001203927e-15,0.0,39,1,132,63,65.92532638547969,65.84034446255642,33.26410256410259
164.79999999999492,160.00984597498027,0.09999999999999432,0.1,-5.689893001203927e-15,0.0,39,1,132,63,65.66641898997636,65.2210321006746,33.36410256410259
164.89999999999492,160.10984597498026,0.09999999999999432,0.1,-5.689893001203927e-15,0.0,39,1,132,64,65.40873603357974,64.60691349358218,33.46410256410259
164.9999999999949,160.20984597498025,0.09999999999999432,0.1,-5.689893001203927e-15,0.0,39,1,132,64,65.07558519540596,63.9903701864088,33.56410256410259
165.0999999999949,160.30984597498025,0.09999999999999432,0.1,-5.689893001203927e-15,0.0,39,1,132,64,64.76825728198604,63.36417719255306,33.66410256410259
165.1999999999949,160.40984597498024,0.09999999999999432,0.1,-5.689893001203927e-15,0.0,39,1,133,64,64.45996659637319,62.97785532009704,33.764102564102586
165.2999999999949,160.50984597498024,0.09999999999999432,0.1,-5.689893001203927e-15,0.0,39,1,135,64,64.15259136851596,62.87785532009704,33.86410256410259
165.3999999999949,160.60984597498023,0.09999999999999432,0.1,-5.689893001203927e-15,0.0,39,1,135,64,63.855283185385765,62.77785532009704,33.96410256410259
165.49999999999488,160.70984597498023,0.09999999999999432,0.1,-5.689893001203927e-15,0.0,39,1,135,64,63.55942064605058,62.67785532009704,34.06410256410259
165.59999999999488,160.80984597498022,0.09999999999999432,0.1,-5.689893001203927e-15,0.0,39,1,135,64,63.25969823930456,62.42567639603018,34.16410256410259
165.69999999999487,159.89668497621233,-0.9131609987678928,0.1,-2.1760371282653068e-14,1.0131609987678711,35,1,135,64,67.26029241124027,66.43764979595096,29.87714285714298
165.79999999999487,159.99668497621232,0.09999999999999432,0.1,-5.689893001203927e-15,0.0,35,1,135,64,67.00030769249872,66.33764979595097,29.977142857142983
165.89999999999486,160.09668497621232,0.09999999999999432,0.1,-5.689893001203927e-15,0.0,34,1,135,64,68.70945022444769,67.95279161418213,29.685294117647175
165.99999999999486,159.50335376521346,-0.5933312109988549,0.1,6.5503158452884236e-15,0.6933312109988614,33,1,136,64,68.43642185864843,66.13764979595098,28.648484848484955
166.09999999999485,159.60335376521346,0.09999999999999432,0.1,-5.689893001203927e-15,0.0,33,1,136,64,68.20337133161685,66.03764979595098,28.748484848484956
166.19999999999484,159.70335376521345,0.09999999999999432,0.1,-5.689893001203927e-15,0.0,33,1,136,64,67.96900759418493,65.93764979595099,28.848484848484954
166.29999999999484,159.80335376521344,0.09999999999999432,0.1,-5.689893001203927e-15,0.0,33,1,136,63,67.70990608761961,65.837649795951,28.948484848484956
166.39999999999483,159.90335376521344,0.09999999999999432,0.1,-5.689893001203927e-15,0.0,33,1,136,63,67.46055942814584,65.737649795951,29.048484848484957
166.49999999999483,160.00335376521343,0.09999999999999432,0.1,-5.689893001203927e-15,0.0,33,1,137,63,67.2095078852931,65.637649795951,29.14848484848496
166.59999999999482,160.10335376521343,0.09999999999999432,0.1,-5.689893001203927e-15,0.0,33,1,138,63,66.94157314023293,65.53764979595101,29.248484848484956
166.69999999999482,160.20335376521342,0.09999999999999432,0.1,-5.689893001203927e-15,0.0,33,1,138,63,66.67678551788948,65.43764979595102,29.348484848484958
166.7999999999948,160.30335376521342,0.09999999999999432,0.1,-5.689893001203927e-15,0.0,33,1,139,64,66.40142688614462,65.33764979595102,29.448484848484956
166.8999999999948,160.4033537652134,0.09999999999999432,0.1,-5.689893001203927e-15,0.0,33,1,140,64,66.11047704383382,65.23764979595103,29.54848484848496
166.9999999999948,160.5033537652134,0.09999999999999432,0.1,-5.689893001203927e-15,0.0,33,1,141,63,65.83432291090844,65.13764979595103,29.64848484848496
167.0999999999948,160.6033537652134,0.09999999999999432,0.1,-5.689893001203927e-15,0.0,33,1,141,63,65.59819702907261,65.03764979595104,29.748484848484956
167.1999999999948,160.7033537652134,0.09999999999999432,0.1,-5.689893001203927e-15,0.0,33,1,141,62,65.34993484901851,64.93764979595105,29.848484848484958
167.29999999999478,160.8033537652134,0.09999999999999432,0.1,-5.689893001203927e-15,0.0,33,1,141,62,65.10104821501723,64.83764979595105,29.948484848484956
167.39999999999478,160.90335376521338,0.09999999999999432,0.1,-5.689893001203927e-15,0.0,33,1,142,62,64.87726387371667,64.73764979595106,30.04848484848496
167.49999999999477,161.00335376521338,0.09999999999999432,0.1,-5.689893001203927e-15,0.0,33,1,142,63,64.65557439192182,64.63764979595106,30.14848484848496
167.59999999999476,161.10335376521337,0.09999999999999432,0.1,-5.689893001203927e-15,0.0,33,1,142,63,64.43166562671169,64.53764979595107,30.24848484848496
167.69999999999476,161.20335376521336,0.09999999999999432,0.1,-5.689893001203927e-15,0.0,33,1,142,64,64.20838911038807,64.43764979595107,30.348484848484958
167.79999999999475,161.30335376521336,0.09999999999999432,0.1,-5.689893001203927e-15,0.0,32,1,141,64,66.01693938846675,66.05279161418224,28.525000000000144
167.89999999999475,161.40335376521335,0.09999999999999432,0.1,-5.689893001203927e-15,0.0,32,1,142,65,65.81940796330447,65.95279161418225,28.625000000000146
167.99999999999474,161.2739652148236,-0.1293885503897627,0.1,8.881784197001252e-16,0.2293885503897636,31,1,142,65,66.99979682300602,65.85279161418225,29.416129032258215
168.09999999999474,161.37396521482358,0.09999999999999432,0.1,-5.689893001203927e-15,0.0,31,1,142,65,66.81657871624166,65.75279161418226,29.516129032258213
168.19999999999473,161.47396521482358,0.09999999999999432,0.1,-5.689893001203927e-15,0.0,31,1,142,65,66.63274153102537,65.65279161418226,29.616129032258215
168.29999999999472,161.57396521482357,0.09999999999999432,0.1,-5.689893001203927e-15,0.0,31,1,144,65,66.448405619724,65.55279161418227,29.716129032258216
168.39999999999472,161.67396521482357,0.09999999999999432,0.1,-5.689893001203927e-15,0.0,31,1,143,65,66.26383156729379,65.45279161418227,29.816129032258218
168.4999999999947,161.77396521482356,0.09999999999999432,0.1,-5.689893001203927e-15,0.0,31,1,143,65,66.07798447852761,65.35279161418228,29.91612903225822
168.5999999999947,161.87396521482356,0.09999999999999432,0.1,-5.689893001203927e-15,0.0,31,1,142,65,65.89282334804692,65.25279161418229,30.016129032258217
168.6999999999947,161.97396521482355,0.09999999999999432,0.1,-5.689893001203927e-15,0.0,31,1,141,65,65.70908016743901,65.15279161418229,30.11612903225822
168.7999999999947,162.07396521482355,0.09999999999999432,0.1,-5.689893001203927e-15,0.0,31,1,141,65,65.52558007580801,65.0527916141823,30.21612903225822
168.8999999999947,162.17396521482354,0.09999999999999432,0.1,-5.689893001203927e-15,0.0,31,1,141,65,65.31511640419073,64.9527916141823,30.31612903225822
168.99999999999469,162.27396521482353,0.09999999999999432,0.1,-5.689893001203927e-15,0.0,31,1,142,65,65.07816110783008,64.85279161418231,30.416129032258223
169.09999999999468,161.50946124443138,-0.7645039703921555,0.1,-1.6764367671839864e-14,0.8645039703921387,30,1,143,65,64.13080411167357,64.75279161418231,31.360000000000163
169.19999999999467,161.60946124443137,0.09999999999999432,0.1,-5.689893001203927e-15,0.0,30,1,143,65,63.91207697433787,64.65279161418232,31.46000000000016
169.29999999999467,161.70946124443137,0.09999999999999432,0.1,-5.689893001203927e-15,0.0,30,1,142,65,63.693158643954355,64.4529751152145,31.560000000000166
169.39999999999466,161.80946124443136,0.09999999999999432,0.1,-5.689893001203927e-15,0.0,30,1,141,65,63.47527161147434,63.837960451618265,31.660000000000164
169.49999999999466,161.90946124443136,0.09999999999999432,0.1,-5.689893001203927e-15,0.0,30,1,142,66,63.27285994325576,63.183110757693925,31.760000000000165
169.59999999999465,162.00946124443135,0.09999999999999432,0.1,-5.689893001203927e-15,0.0,30,1,143,66,63.07153116334744,62.58311075769392,31.860000000000166
169.69999999999465,162.10946124443134,0.09999999999999432,0.1,-5.689893001203927e-15,0.0,30,1,142,66,62.87085673678167,62.437649795951074,31.960000000000164
169.79999999999464,162.20946124443134,0.09999999999999432,0.1,-5.689893001203927e-15,0.0,30,1,142,66,62.670760809422795,62.33764979595107,32.060000000000166
169.89999999999463,162.30946124443133,0.09999999999999432,0.1,-5.689893001203927e-15,0.0,30,1,142,67,62.469943139553116,62.23764979595107,32.16000000000017
169.99999999999463,162.40946124443133,0.09999999999999432,0.1,-5.689893001203927e-15,0.0,30,1,142,67,62.26960859507116,62.13764979595107,32.26000000000017
170.09999999999462,162.50946124443132,0.09999999999999432,0.1,-5.689893001203927e-15,0.0,30,1,144,68,62.069635869416906,62.03764979595107,32.36000000000017
170.19999999999462,162.60946124443132,0.09999999999999432,0.1,-5.689893001203927e-15,0.0,30,1,145,68,61.869871379503,61.93764979595107,32.46000000000017
170.2999999999946,162.7694612444313,0.1599999999999966,0.1,0.059999999999996584,0.0,30,1,144,68,63.67040528183824,63.55279161418235,32.560000000000166
170.3999999999946,162.8694612444313,0.09999999999999432,0.1,-5.689893001203927e-15,0.0,30,1,145,68,63.46989206714111,63.452791614182345,32.66000000000017
170.4999999999946,162.9694612444313,0.09999999999999432,0.1,-5.689893001203927e-15,0.0,30,1,144,69,63.26873058578128,63.352791614182344,32.760000000000176
170.5999999999946,163.0694612444313,0.09999999999999432,0.1,-5.689893001203927e-15,0.0,30,1,144,69,63.06721319670762,63.25279161418234,32.86000000000017
170.6999999999946,163.1694612444313,0.09999999999999432,0.1,-5.689893001203927e-15,0.0,30,1,146,69,62.88175727972626,63.15279161418234,32.96000000000017
170.79999999999458,163.26946124443128,0.09999999999999432,0.1,-5.689893001203927e-15,0.0,30,1,145,69,62.69438125499478,63.05279161418234,33.06000000000017
170.89999999999458,163.36946124443128,0.09999999999999432,0.1,-5.689893001203927e-15,0.0,30,1,144,68,62.511247173085046,62.95279161418234,33.160000000000174
170.99999999999457,163.46946124443127,0.09999999999999432,0.1,-5.689893001203927e-15,0.0,30,1,144,69,62.33021907377751,62.85279161418234,33.260000000000176
171.09999999999457,163.56946124443127,0.09999999999999432,0.1,-5.689893001203927e-15,0.0,30,1,143,69,62.09322379266329,62.752791614182335,33.36000000000018
171.19999999999456,163.74866124443128,0.17920000000000869,0.1,0.07920000000000868,0.0,30,1,141,68,64.53546476348974,62.652791614182334,33.46000000000018
171.29999999999455,163.90866124443127,0.1599999999999966,0.1,0.059999999999996584,0.0,31,1,140,67,63.39546238550533,62.4449052048262,32.4806451612905
171.39999999999455,164.03826124443125,0.12959999999998217,0.1,0.02959999999998217,0.0,31,1,140,67,64.13251177916815,61.8449052048262,32.5806451612905
171.49999999999454,164.13826124443125,0.09999999999999432,0.1,-5.689893001203927e-15,0.0,31,1,141,67,63.93624028092009,61.244905204826196,32.68064516129049
171.59999999999454,164.23826124443124,0.09999999999999432,0.1,-5.689893001203927e-15,0.0,31,1,141,67,63.73487856925382,60.644905204826195,32.780645161290494
171.69999999999453,164.37386124443123,0.1355999999999824,0.1,0.035599999999982396,0.0,31,1,143,67,64.68727882056801,60.437649795951046,32.880645161290495
171.79999999999453,164.47386124443122,0.09999999999999432,0.1,-5.689893001203927e-15,0.0,32,1,143,66,61.687037567349314,60.337649795951044,31.95312500000017
171.89999999999452,164.5738612444312,0.09999999999999432,0.1,-5.689893001203927e-15,0.0,32,1,143,66,61.45261787673619,60.23764979595104,32.05312500000017
171.99999999999451,164.77866124443122,0.20480000000000587,0.1,0.10480000000000586,0.0,32,1,140,66,64.498073961103,60.13764979595104,32.15312500000017
172.0999999999945,164.93866124443122,0.1599999999999966,0.1,0.059999999999996584,0.0,33,1,138,66,63.39294228698203,61.75279161418232,31.278787878788044
172.1999999999945,165.0386612444312,0.09999999999999432,0.1,-5.689893001203927e-15,0.0,33,1,138,66,63.141870878730145,61.65279161418232,31.378787878788046
172.2999999999945,165.25046124443122,0.21180000000001087,0.1,0.11180000000001086,0.0,33,1,136,66,66.30430175166745,61.55279161418232,31.47878787878805
172.3999999999945,165.41046124443122,0.1599999999999966,0.1,0.059999999999996584,0.0,35,1,135,66,62.587644572099244,61.45279161418232,29.78000000000016
172.4999999999945,165.56306124443122,0.15260000000000673,0.1,0.052600000000006725,0.0,35,1,133,66,63.84606340847431,61.352791614182316,29.880000000000162
172.59999999999448,165.66306124443122,0.09999999999999432,0.1,-5.689893001203927e-15,0.0,36,1,133,66,61.177105430502515,61.83104527687148,29.150000000000155
172.69999999999447,165.94306124443122,0.28000000000000114,0.1,0.18000000000000113,0.0,36,1,130,66,65.97937103910006,61.73104527687148,29.250000000000156
172.79999999999447,166.04306124443121,0.09999999999999432,0.1,-5.689893001203927e-15,0.0,37,1,130,67,63.34382004715976,61.631045276871475,28.559459459459614
172.89999999999446,166.16826124443122,0.12520000000000664,0.1,0.025200000000006634,0.0,37,1,130,67,63.82197328771262,61.531045276871474,28.659459459459615
172.99999999999446,166.26826124443122,0.09999999999999432,0.1,-5.689893001203927e-15,0.0,37,1,132,67,63.64387612303588,61.43104527687147,28.759459459459617
173.09999999999445,166.3682612444312,0.09999999999999432,0.1,-5.689893001203927e-15,0.0,37,1,132,67,63.473760222734384,61.33104527687147,28.85945945945961
173.19999999999445,166.4916612444312,0.12340000000000373,0.1,0.023400000000003723,0.0,37,1,132,67,63.93844375979671,61.23104527687147,28.959459459459612
173.29999999999444,166.5916612444312,0.09999999999999432,0.1,-5.689893001203927e-15,0.0,37,1,132,67,63.762762100026805,61.13104527687147,29.059459459459614
173.39999999999444,166.6916612444312,0.09999999999999432,0.1,-5.689893001203927e-15,0.0,37,1,133,67,63.58182450881394,61.03104527687147,29.159459459459615
173.49999999999443,166.8516612444312,0.1599999999999966,0.1,0.059999999999996584,0.0,37,1,132,67,65.03352852384155,60.931045276871465,29.259459459459617
173.59999999999442,166.9516612444312,0.09999999999999432,0.1,-5.689893001203927e-15,0.0,37,1,132,67,64.86476520543079,60.831045276871464,29.359459459459618
173.69999999999442,167.0516612444312,0.09999999999999432,0.1,-5.689893001203927e-15,0.0,37,1,132,66,64.69134097952521,60.73104527687146,29.45945945945962
173.7999999999944,167.15166124443118,0.09999999999999432,0.1,-5.689893001203927e-15,0.0,37,1,132,66,64.55589558586777,60.63104527687146,29.55945945945962
173.8999999999944,167.25166124443118,0.09999999999999432,0.1,-5.689893001203927e-15,0.0,37,1,132,66,64.38098514382713,60.53104527687146,29.659459459459622
173.9999999999944,167.41166124443117,0.1599999999999966,0.1,0.059999999999996584,0.0,37,1,130,66,65.84643923409922,64.26842668530283,29.759459459459624
174.0999999999944,167.51166124443117,0.09999999999999432,0.1,-5.689893001203927e-15,0.0,37,1,130,66,65.70734936822663,64.16842668530283,29.859459459459625
174.1999999999944,167.61166124443116,0.09999999999999432,0.1,-5.689893001203927e-15,0.0,37,1,131,66,65.41121529663762,63.712381128532236,29.95945945945962
174.29999999999438,167.71166124443116,0.09999999999999432,0.1,-5.689893001203927e-15,0.0,37,1,130,66,65.17392906923887,63.11127054852977,30.05945945945962
174.39999999999438,167.81166124443115,0.09999999999999432,0.1,-5.689893001203927e-15,0.0,37,1,130,66,64.9438618523848,62.49019947991476,30.159459459459622
174.49999999999437,167.91166124443114,0.09999999999999432,0.1,-5.689893001203927e-15,0.0,37,1,132,66,64.71418883981701,61.88717417973815,30.259459459459624
174.59999999999437,168.01166124443114,0.09999999999999432,0.1,-5.689893001203927e-15,0.0,37,1,132,66,64.48439323076491,61.283182039588404,30.359459459459625
174.69999999999436,168.15306124443114,0.1414000000000044,0.1,0.041400000000004405,0.0,37,1,130,65,65.3730370033401,60.66430545142159,30.459459459459627
174.79999999999436,168.25306124443114,0.09999999999999432,0.1,-5.689893001203927e-15,0.0,37,1,129,66,65.13391194774363,60.04746110112503,30.559459459459628
174.89999999999435,168.37926124443112,0.126199999999983,0.1,0.026199999999982987,0.0,37,1,128,66,65.6090545623588,59.531045276871446,30.65945945945963
174.99999999999434,168.47926124443111,0.09999999999999432,0.1,-5.689893001203927e-15,0.0,37,1,128,66,65.36606887783472,59.431045276871444,30.759459459459627
175.09999999999434,168.5792612444311,0.09999999999999432,0.1,-5.689893001203927e-15,0.0,37,1,128,66,65.13061699453411,59.33104527687144,30.85945945945963
175.19999999999433,168.6792612444311,0.09999999999999432,0.1,-5.689893001203927e-15,0.0,37,1,128,66,64.89814850022626,59.23104527687144,30.95945945945963
175.29999999999433,168.7792612444311,0.09999999999999432,0.1,-5.689893001203927e-15,0.0,37,1,128,66,64.6662904586053,59.13104527687144,31.05945945945963
175.39999999999432,168.8792612444311,0.09999999999999432,0.1,-5.689893001203927e-15,0.0,37,1,129,66,64.43404211241663,59.03104527687144,31.15945945945963
175.49999999999432,168.9792612444311,0.09999999999999432,0.1,-5.689893001203927e-15,0.0,37,1,130,66,64.20387597841804,58.93104527687144,31.259459459459627
175.5999999999943,169.07926124443108,0.09999999999999432,0.1,-5.689893001203927e-15,0.0,37,1,131,66,63.97434685414115,58.831045276871436,31.35945945945963
175.6999999999943,169.17926124443107,0.09999999999999432,0.1,-5.689893001203927e-15,0.0,37,1,130,66,63.75462126183538,58.731045276871434,31.45945945945963
175.7999999999943,169.27926124443107,0.09999999999999432,0.1,-5.689893001203927e-15,0.0,37,1,130,66,63.5507953729816,58.63104527687143,31.55945945945963
175.8999999999943,169.37926124443106,0.09999999999999432,0.1,-5.689893001203927e-15,0.0,37,1,130,65,63.35412118406121,58.53104527687143,31.659459459459633
175.9999999999943,169.47926124443106,0.09999999999999432,0.1,-5.689893001203927e-15,0.0,37,1,130,65,63.16339510103005,58.43104527687143,31.759459459459634
176.09999999999428,169.57926124443105,0.09999999999999432,0.1,-5.689893001203927e-15,0.0,37,1,129,65,62.9326617468599,58.33104527687143,31.859459459459636
176.19999999999428,169.70806124443104,0.12879999999998404,0.1,0.028799999999984033,0.0,37,1,128,65,63.496023235474055,58.23104527687143,31.959459459459637
176.29999999999427,169.80806124443103,0.09999999999999432,0.1,-5.689893001203927e-15,0.0,37,1,128,65,63.28749321835972,58.131045276871426,32.05945945945964
176.39999999999426,169.90806124443102,0.09999999999999432,0.1,-5.689893001203927e-15,0.0,37,1,129,65,63.07709946806492,58.031045276871424,32.15945945945964
176.49999999999426,170.00806124443102,0.09999999999999432,0.1,-5.689893001203927e-15,0.0,37,1,129,65,62.87137931569557,57.93104527687142,32.25945945945964
176.59999999999425,170.108061244431,0.09999999999999432,0.1,-5.689893001203927e-15,0.0,37,1,130,65,62.691831729523464,57.83104527687142,32.359459459459636
176.69999999999425,170.208061244431,0.09999999999999432,0.1,-5.689893001203927e-15,0.0,37,1,130,65,62.518017989779814,57.73104527687142,32.45945945945964
176.79999999999424,170.308061244431,0.09999999999999432,0.1,-5.689893001203927e-15,0.0,37,1,130,65,62.34628469559488,57.63104527687142,32.55945945945964
176.89999999999424,170.408061244431,0.09999999999999432,0.1,-5.689893001203927e-15,0.0,37,1,131,65,62.17478126481518,57.53104527687142,32.65945945945964
176.99999999999423,170.53086124443098,0.12279999999998381,0.1,0.022799999999983805,0.0,37,1,130,65,62.61983574093111,57.431045276871416,32.75945945945964
177.09999999999422,170.63086124443097,0.09999999999999432,0.1,-5.689893001203927e-15,0.0,37,1,130,66,62.45135604081036,57.331045276871414,32.85945945945964
177.19999999999422,170.73086124443097,0.09999999999999432,0.1,-5.689893001203927e-15,0.0,37,1,131,66,62.28017934523048,57.23104527687141,32.959459459459644
177.2999999999942,170.83086124443096,0.09999999999999432,0.1,-5.689893001203927e-15,0.0,37,1,131,66,62.1113991960105,57.13104527687141,33.059459459459646
177.3999999999942,170.93086124443096,0.09999999999999432,0.1,-5.689893001203927e-15,0.0,37,1,131,66,61.9341488308565,57.03104527687141,33.15945945945965
177.4999999999942,171.03086124443095,0.09999999999999432,0.1,-5.689893001203927e-15,0.0,37,1,131,66,61.759764265270945,56.93104527687141,33.25945945945965
177.5999999999942,171.19086124443095,0.1599999999999966,0.1,0.059999999999996584,0.0,37,1,130,66,63.210658604720585,64.2860228818367,33.35945945945965
177.6999999999942,171.29086124443094,0.09999999999999432,0.1,-5.689893001203927e-15,0.0,37,1,130,66,63.038835254996535,64.1860228818367,33.45945945945965
177.79999999999418,171.39086124443094,0.09999999999999432,0.1,-5.689893001203927e-15,0.0,37,1,129,66,62.870282380418054,64.08602288183671,33.55945945945965
177.89999999999418,171.49086124443093,0.09999999999999432,0.1,-5.689893001203927e-15,0.0,37,1,129,66,62.700805717296156,63.98602288183671,33.65945945945965
177.99999999999417,171.59086124443093,0.09999999999999432,0.1,-5.689893001203927e-15,0.0,37,1,130,67,62.53102377071535,63.88602288183671,33.75945945945965
178.09999999999417,171.69086124443092,0.09999999999999432,0.1,-5.689893001203927e-15,0.0,37,1,130,66,62.360178422319606,63.78602288183671,33.85945945945965
178.19999999999416,171.79086124443091,0.09999999999999432,0.1,-5.689893001203927e-15,0.0,37,1,131,66,62.19225125151489,63.686022881836706,33.95945945945965
178.29999999999416,171.8908612444309,0.09999999999999432,0.1,-5.689893001203927e-15,0.0,37,1,132,66,62.02382380095228,63.586022881836705,34.05945945945965
178.39999999999415,171.9908612444309,0.09999999999999432,0.1,-5.689893001203927e-15,0.0,37,1,132,67,61.85392380160938,63.4860228818367,34.159459459459654
178.49999999999415,172.1242612444309,0.13339999999999463,0.1,0.03339999999999463,0.0,37,1,131,67,62.58644705843741,63.3860228818367,34.259459459459656
178.59999999999414,172.2242612444309,0.09999999999999432,0.1,-5.689893001203927e-15,0.0,37,1,131,67,62.419275381488504,63.2860228818367,34.35945945945966
178.69999999999413,172.3242612444309,0.09999999999999432,0.1,-5.689893001203927e-15,0.0,37,1,133,67,62.24482478045814,63.1860228818367,34.45945945945966
178.79999999999413,172.42426124443088,0.09999999999999432,0.1,-5.689893001203927e-15,0.0,37,1,132,67,62.070846127829256,63.0860228818367,34.55945945945966
178.89999999999412,172.56266124443087,0.1383999999999901,0.1,0.03839999999999008,0.0,37,1,131,67,62.93993531383163,62.986022881836696,34.65945945945966
178.99999999999412,172.66266124443086,0.09999999999999432,0.1,-5.689893001203927e-15,0.0,37,1,131,67,62.77047259407853,62.886022881836695,34.75945945945966
179.0999999999941,172.76266124443086,0.09999999999999432,0.1,-5.689893001203927e-15,0.0,37,1,131,66,62.592682540329605,62.78602288183669,34.859459459459664
179.1999999999941,172.86266124443085,0.09999999999999432,0.1,-5.689893001203927e-15,0.0,37,1,131,66,62.427754831350136,62.68602288183669,34.95945945945966
179.2999999999941,172.96266124443085,0.09999999999999432,0.1,-5.689893001203927e-15,0.0,37,1,132,67,62.24264949785553,62.58602288183669,35.05945945945966
179.3999999999941,173.09106124443085,0.12839999999999918,0.1,0.028399999999999176,0.0,37,1,133,67,62.841957539639566,62.48602288183669,35.15945945945966
179.4999999999941,173.19106124443084,0.09999999999999432,0.1,-5.689893001203927e-15,0.0,37,1,133,67,62.673556109955065,62.38602288183669,35.25945945945966
179.59999999999408,173.29106124443084,0.09999999999999432,0.1,-5.689893001203927e-15,0.0,37,1,133,66,62.50323309010044,62.286022881836686,35.359459459459664
179.69999999999408,173.39106124443083,0.09999999999999432,0.1,-5.689893001203927e-15,0.0,37,1,133,66,62.334478167204836,62.186022881836685,35.459459459459666
179.79999999999407,173.49106124443082,0.09999999999999432,0.1,-5.689893001203927e-15,0.0,37,1,132,66,62.16638536092983,62.08602288183668,35.55945945945966
179.89999999999407,173.59106124443082,0.09999999999999432,0.1,-5.689893001203927e-15,0.0,37,1,131,66,61.998104433068704,61.98602288183668,35.65945945945966
179.99999999999406,173.6910612444308,0.09999999999999432,0.1,-5.689893001203927e-15,0.0,37,1,131,65,61.829735699863434,61.88602288183668,35.75945945945966
180.09999999999405,173.7910612444308,0.09999999999999432,0.1,-5.689893001203927e-15,0.0,37,1,132,65,61.661108009902755,61.78602288183668,35.859459459459664
180.19999999999405,173.8910612444308,0.09999999999999432,0.1,-5.689893001203927e-15,0.0,37,1,132,65,61.493027601791844,61.68602288183668,35.959459459459666
180.29999999999404,173.9910612444308,0.09999999999999432,0.1,-5.689893001203927e-15,0.0,37,1,131,65,61.32511103755454,61.586022881836676,36.05945945945967
180.39999999999404,174.0910612444308,0.09999999999999432,0.1,-5.689893001203927e-15,0.0,37,1,131,65,61.15725833288767,61.486022881836675,36.15945945945967
180.49999999999403,174.23046124443078,0.13939999999999486,0.1,0.039399999999994856,0.0,37,1,130,65,62.049731922503135,61.38602288183667,36.25945945945967
180.59999999999403,174.33046124443078,0.09999999999999432,0.1,-5.689893001203927e-15,0.0,37,1,130,64,61.879686557064645,61.28602288183667,36.359459459459664
180.69999999999402,174.43046124443077,0.09999999999999432,0.1,-5.689893001203927e-15,0.0,37,1,130,65,61.70603212196186,61.18602288183667,36.459459459459666
180.79999999999401,174.53046124443077,0.09999999999999432,0.1,-5.689893001203927e-15,0.0,37,1,131,65,61.53816296103101,61.08602288183667,36.55945945945967
180.899999999994,174.63046124443076,0.09999999999999432,0.1,-5.689893001203927e-15,0.0,37,1,131,65,61.38180757726124,60.98602288183667,36.65945945945967
180.999999999994,174.73046124443076,0.09999999999999432,0.1,-5.689893001203927e-15,0.0,37,1,132,65,61.22731181067512,60.886022881836666,36.75945945945967
181.099999999994,174.83046124443075,0.09999999999999432,0.1,-5.689893001203927e-15,0.0,37,1,132,65,61.07292841909081,60.786022881836665,36.85945945945967
181.199999999994,174.93046124443075,0.09999999999999432,0.1,-5.689893001203927e-15,0.0,37,1,132,65,60.91819979765687,60.686022881836664,36.95945945945967
181.299999999994,175.03046124443074,0.09999999999999432,0.1,-5.689893001203927e-15,0.0,37,1,134,65,60.76330155706373,60.58602288183666,37.059459459459674
181.39999999999398,175.13046124443073,0.09999999999999432,0.1,-5.689893001203927e-15,0.0,37,1,134,65,60.60882086364003,60.48602288183666,37.15945945945967
181.49999999999397,175.23046124443073,0.09999999999999432,0.1,-5.689893001203927e-15,0.0,37,1,134,65,60.453638920955875,60.38602288183666,37.25945945945967
181.59999999999397,175.33046124443072,0.09999999999999432,0.1,-5.689893001203927e-15,0.0,37,1,134,65,60.29900728196391,60.28602288183666,37.35945945945967
181.69999999999396,175.43046124443072,0.09999999999999432,0.1,-5.689893001203927e-15,0.0,37,1,135,65,60.14414966530296,60.18602288183666,37.45945945945967
181.79999999999396,175.5904612444307,0.1599999999999966,0.1,0.059999999999996584,0.0,37,1,134,65,61.611025741718834,60.086022881836655,37.559459459459674
181.89999999999395,175.6904612444307,0.09999999999999432,0.1,-5.689893001203927e-15,0.0,38,1,134,65,59.17753085740401,59.986022881836654,36.67105263157916
181.99999999999395,175.8504612444307,0.1599999999999966,0.1,0.059999999999996584,0.0,38,1,134,65,60.58778184546276,60.14231200839588,36.77105263157915
182.09999999999394,175.9504612444307,0.09999999999999432,0.1,-5.689893001203927e-15,0.0,37,1,134,64,62.06543747537626,60.04231200839588,36.09189189189209
182.19999999999393,176.0504612444307,0.09999999999999432,0.1,-5.689893001203927e-15,0.0,37,1,135,64,61.909474447243156,59.94231200839588,36.19189189189209
182.29999999999393,176.1504612444307,0.09999999999999432,0.1,-5.689893001203927e-15,0.0,37,1,135,64,61.75492841215146,59.84231200839588,36.29189189189209
182.39999999999392,176.25046124443068,0.09999999999999432,0.1,-5.689893001203927e-15,0.0,37,1,136,64,61.600769476818385,59.74231200839588,36.391891891892094
182.49999999999392,176.35046124443068,0.09999999999999432,0.1,-5.689893001203927e-15,0.0,37,1,136,64,61.44629284456907,59.642312008395876,36.491891891892095
182.5999999999939,176.45046124443067,0.09999999999999432,0.1,-5.689893001203927e-15,0.0,37,1,139,64,61.28680560617248,59.542312008395875,36.5918918918921
182.6999999999939,176.55046124443066,0.09999999999999432,0.1,-5.689893001203927e-15,0.0,37,1,138,64,61.13255234777115,59.442312008395874,36.6918918918921
182.7999999999939,176.67146124443065,0.1209999999999809,0.1,0.020999999999980895,0.0,37,1,137,64,61.545611014549785,59.34231200839587,36.7918918918921
182.8999999999939,176.77146124443064,0.09999999999999432,0.1,-5.689893001203927e-15,0.0,37,1,137,64,61.39158912318874,59.24231200839587,36.891891891892094
182.9999999999939,176.87146124443063,0.09999999999999432,0.1,-5.689893001203927e-15,0.0,37,1,137,64,61.23718918423044,59.14231200839587,36.991891891892095
183.09999999999388,176.97146124443063,0.09999999999999432,0.1,-5.689893001203927e-15,0.0,37,1,138,64,61.08251544268065,59.04231200839587,37.0918918918921
183.19999999999388,177.07146124443062,0.09999999999999432,0.1,-5.689893001203927e-15,0.0,37,1,138,64,60.91952859618274,58.94231200839587,37.1918918918921
183.29999999999387,177.17146124443062,0.09999999999999432,0.1,-5.689893001203927e-15,0.0,37,1,139,64,60.769392934545536,58.842312008395865,37.2918918918921
183.39999999999387,177.1621764744495,-0.009284769981121599,0.1,-6.564193633096238e-15,0.10928476998111504,36,1,139,64,62.00447712689124,59.99736761683109,36.83333333333353
183.49999999999386,177.2621764744495,0.09999999999999432,0.1,-5.689893001203927e-15,0.0,36,1,140,63,61.8659540605738,59.89736761683109,36.933333333333536
183.59999999999386,177.36217647444948,0.09999999999999432,0.1,-5.689893001203927e-15,0.0,36,1,140,62,61.740705521675736,59.79736761683109,37.03333333333353
183.69999999999385,177.46217647444948,0.09999999999999432,0.1,-5.689893001203927e-15,0.0,36,1,140,62,61.62067690935487,59.69736761683109,37.13333333333353
183.79999999999384,177.56217647444947,0.09999999999999432,0.1,-5.689893001203927e-15,0.0,36,1,140,62,61.489666411675366,59.597367616831086,37.23333333333353
183.89999999999384,177.66217647444947,0.09999999999999432,0.1,-5.689893001203927e-15,0.0,36,1,140,62,61.36136526194137,59.497367616831085,37.333333333333535
183.99999999999383,177.76217647444946,0.09999999999999432,0.1,-5.689893001203927e-15,0.0,36,1,141,62,61.23315981664981,59.39736761683108,37.433333333333536
184.09999999999383,177.86217647444946,0.09999999999999432,0.1,-5.689893001203927e-15,0.0,36,1,141,62,61.10519890616505,59.29736761683108,37.53333333333353
184.19999999999382,177.96217647444945,0.09999999999999432,0.1,-5.689893001203927e-15,0.0,36,1,141,62,60.97723237801378,59.19736761683108,37.63333333333353
184.29999999999382,178.06217647444944,0.09999999999999432,0.1,-5.689893001203927e-15,0.0,36,1,141,62,60.84927563518257,59.09736761683108,37.73333333333353
184.3999999999938,178.16217647444944,0.09999999999999432,0.1,-5.689893001203927e-15,0.0,36,1,142,62,60.720990808797154,58.99736761683108,37.833333333333535
184.4999999999938,178.26217647444943,0.09999999999999432,0.1,-5.689893001203927e-15,0.0,36,1,142,62,60.59289751280541,58.897367616831076,37.933333333333536
184.5999999999938,178.36217647444943,0.09999999999999432,0.1,-5.689893001203927e-15,0.0,35,1,142,62,62.20915479795862,58.797367616831075,38.765714285714495
184.6999999999938,178.46217647444942,0.09999999999999432,0.1,-5.689893001203927e-15,0.0,35,1,142,62,62.09486908367292,58.69736761683107,38.86571428571449
184.7999999999938,178.56217647444942,0.09999999999999432,0.1,-5.689893001203927e-15,0.0,34,1,142,62,63.82223930404959,59.63893380483408,38.3235294117649
184.89999999999378,178.6621764744494,0.09999999999999432,0.1,-5.689893001203927e-15,0.0,34,1,143,62,63.72223930404959,59.53893380483408,38.4235294117649
184.99999999999378,178.7621764744494,0.09999999999999432,0.1,-5.689893001203927e-15,0.0,34,1,143,62,63.622239304049586,59.43893380483408,38.523529411764905
185.09999999999377,178.8621764744494,0.09999999999999432,0.1,-5.689893001203927e-15,0.0,34,1,143,61,63.5222393040496,59.33893380483408,38.6235294117649
185.19999999999376,178.9621764744494,0.09999999999999432,0.1,-5.689893001203927e-15,0.0,34,1,142,61,63.42223930404959,59.238933804834076,38.7235294117649
185.29999999999376,179.0621764744494,0.09999999999999432,0.1,-5.689893001203927e-15,0.0,34,1,142,61,63.32223930404959,59.138933804834075,38.8235294117649
185.39999999999375,179.16217647444938,0.09999999999999432,0.1,-5.689893001203927e-15,0.0,34,1,142,61,63.22223930404959,59.03893380483407,38.9235294117649
185.49999999999375,179.26217647444938,0.09999999999999432,0.1,-5.689893001203927e-15,0.0,34,1,142,61,63.1222393040496,58.93893380483407,39.023529411764905
185.59999999999374,179.36217647444937,0.09999999999999432,0.1,-5.689893001203927e-15,0.0,34,1,142,61,63.0222393040496,58.83893380483407,39.1235294117649
185.69999999999374,179.46217647444936,0.09999999999999432,0.1,-5.689893001203927e-15,0.0,34,1,142,61,62.92223930404959,58.73893380483407,39.2235294117649
185.79999999999373,179.56217647444936,0.09999999999999432,0.1,-5.689893001203927e-15,0.0,34,1,142,61,62.8222393040496,58.63893380483407,39.3235294117649
185.89999999999372,179.66217647444935,0.09999999999999432,0.1,-5.689893001203927e-15,0.0,34,1,142,61,62.7222393040496,58.538933804834066,39.4235294117649
185.99999999999372,179.76217647444935,0.09999999999999432,0.1,-5.689893001203927e-15,0.0,34,1,141,61,62.6222393040496,58.438933804834065,39.523529411764905
186.0999999999937,179.86217647444934,0.09999999999999432,0.1,-5.689893001203927e-15,0.0,34,1,141,62,62.522239304049606,58.33893380483406,39.6235294117649
186.1999999999937,179.96217647444934,0.09999999999999432,0.1,-5.689893001203927e-15,0.0,34,1,142,62,62.422239304049604,58.23893380483406,39.7235294117649
186.2999999999937,180.06217647444933,0.09999999999999432,0.1,-5.689893001203927e-15,0.0,34,1,142,62,62.3222393040496,58.13893380483406,39.8235294117649
186.3999999999937,180.16217647444932,0.09999999999999432,0.1,-5.689893001203927e-15,0.0,34,1,142,62,62.222239304049616,58.03893380483406,39.9235294117649
186.4999999999937,180.26217647444932,0.09999999999999432,0.1,-5.689893001203927e-15,0.0,34,1,142,63,62.122239304049614,57.93893380483406,40.023529411764905
186.59999999999368,180.3621764744493,0.09999999999999432,0.1,-5.689893001203927e-15,0.0,34,1,142,64,62.022239304049606,57.838933804834056,40.1235294117649
186.69999999999368,180.4621764744493,0.09999999999999432,0.1,-5.689893001203927e-15,0.0,34,1,142,63,61.922239304049604,57.738933804834055,40.2235294117649
186.79999999999367,180.5621764744493,0.09999999999999432,0.1,-5.689893001203927e-15,0.0,34,1,142,63,61.82223930404962,57.63893380483405,40.3235294117649
186.89999999999367,180.6621764744493,0.09999999999999432,0.1,-5.689893001203927e-15,0.0,34,1,143,63,61.66759909865383,57.53893380483405,40.4235294117649
186.99999999999366,180.7621764744493,0.09999999999999432,0.1,-5.689893001203927e-15,0.0,34,1,143,62,61.538478876822225,57.43893380483405,40.5235294117649
187.09999999999366,180.86217647444929,0.09999999999999432,0.1,-5.689893001203927e-15,0.0,34,1,143,62,61.409358654990605,57.33893380483405,40.6235294117649
187.19999999999365,180.98837647444927,0.126199999999983,0.1,0.026199999999982987,0.0,34,1,144,62,61.99859012193566,57.23893380483405,40.7235294117649
187.29999999999364,181.08837647444926,0.09999999999999432,0.1,-5.689893001203927e-15,0.0,34,1,145,62,61.82765558909444,57.138933804834046,40.8235294117649
187.39999999999364,181.24837647444926,0.1599999999999966,0.1,0.059999999999996584,0.0,34,1,144,62,63.418426804124344,57.038933804834045,40.9235294117649
187.49999999999363,181.34837647444925,0.09999999999999432,0.1,-5.689893001203927e-15,0.0,34,1,144,61,63.22702467180658,56.93893380483404,41.0235294117649
187.59999999999363,181.44837647444925,0.09999999999999432,0.1,-5.689893001203927e-15,0.0,34,1,144,61,63.04357884119312,56.83893380483404,41.1235294117649
187.69999999999362,181.54837647444924,0.09999999999999432,0.1,-5.689893001203927e-15,0.0,34,1,143,61,62.868550500834836,56.73893380483404,41.2235294117649
187.79999999999362,181.70837647444924,0.1599999999999966,0.1,0.059999999999996584,0.0,34,1,143,61,64.45657871811625,56.63893380483404,41.3235294117649
187.8999999999936,181.80837647444923,0.09999999999999432,0.1,-5.689893001203927e-15,0.0,35,1,143,62,61.730441236381985,56.53893380483404,40.242857142857325
187.9999999999936,181.90837647444923,0.09999999999999432,0.1,-5.689893001203927e-15,0.0,35,1,143,62,61.527170205974286,56.438933804834036,40.342857142857326
188.0999999999936,182.06837647444922,0.1599999999999966,0.1,0.059999999999996584,0.0,35,1,141,62,63.04926002221512,56.338933804834035,40.44285714285733
188.1999999999936,182.16837647444922,0.09999999999999432,0.1,-5.689893001203927e-15,0.0,36,1,140,62,60.41605075821374,56.23893380483403,39.41944444444462
188.2999999999936,182.2683764744492,0.09999999999999432,0.1,-5.689893001203927e-15,0.0,36,1,139,62,60.215116548233176,56.13893380483403,39.51944444444462
188.39999999999358,182.3683764744492,0.09999999999999432,0.1,-5.689893001203927e-15,0.0,36,1,140,62,60.013469490882244,56.03893380483403,39.61944444444462
188.49999999999358,182.4683764744492,0.09999999999999432,0.1,-5.689893001203927e-15,0.0,36,1,140,62,59.8141925339488,55.93893380483403,39.71944444444462
188.59999999999357,182.63477647444918,0.16639999999998167,0.1,0.06639999999998167,0.0,36,1,138,62,61.457726067367794,56.959021500376785,39.81944444444462
188.69999999999357,182.7581764744492,0.12340000000000373,0.1,0.023400000000003723,0.0,36,1,136,62,61.91771864951896,56.859021500376784,39.91944444444462
188.79999999999356,182.91817647444918,0.1599999999999966,0.1,0.059999999999996584,0.0,36,1,134,62,63.39338502142709,56.75902150037678,40.019444444444616
188.89999999999355,183.01817647444918,0.09999999999999432,0.1,-5.689893001203927e-15,0.0,37,1,134,62,60.802411306291866,56.65902150037678,39.037837837838005
188.99999999999355,183.11817647444917,0.09999999999999432,0.1,-5.689893001203927e-15,0.0,37,1,134,62,60.58900936798468,56.55902150037678,39.137837837838
189.09999999999354,183.21817647444917,0.09999999999999432,0.1,-5.689893001203927e-15,0.0,37,1,133,62,60.39448482363059,56.45902150037678,39.237837837838
189.19999999999354,183.31817647444916,0.09999999999999432,0.1,-5.689893001203927e-15,0.0,37,1,134,62,60.240870358671664,56.35902150037678,39.337837837838
189.29999999999353,183.41817647444915,0.09999999999999432,0.1,-5.689893001203927e-15,0.0,37,1,134,61,60.12512072497071,56.259021500376775,39.437837837838
189.39999999999353,183.51817647444915,0.09999999999999432,0.1,-5.689893001203927e-15,0.0,37,1,134,61,60.01160721145718,56.159021500376774,39.537837837838
189.49999999999352,183.61817647444914,0.09999999999999432,0.1,-5.689893001203927e-15,0.0,37,1,135,61,59.83683520585146,56.05902150037677,39.637837837838
189.5999999999935,183.71817647444914,0.09999999999999432,0.1,-5.689893001203927e-15,0.0,37,1,136,60,59.68331696032308,55.95902150037677,39.737837837838
189.6999999999935,183.86317647444912,0.1449999999999818,0.1,0.044999999999981805,0.0,37,1,135,60,60.74601493101094,55.85902150037677,39.837837837837995
189.7999999999935,184.00097647444912,0.1377999999999986,0.1,0.037799999999998585,0.0,37,1,134,60,61.608853602592546,57.11675561177906,39.937837837837996
189.8999999999935,184.1009764744491,0.09999999999999432,0.1,-5.689893001203927e-15,0.0,37,1,136,59,61.45069753545108,57.01675561177906,40.037837837838
189.9999999999935,184.2549764744491,0.15399999999999636,0.1,0.053999999999996356,0.0,37,1,135,59,62.75871214660209,56.91675561177906,40.13783783783799
190.09999999999349,184.3549764744491,0.09999999999999432,0.1,-5.689893001203927e-15,0.0,38,1,135,59,60.320561597075155,59.52663008122229,39.18157894736857
190.19999999999348,184.4549764744491,0.09999999999999432,0.1,-5.689893001203927e-15,0.0,38,1,134,59,60.184893017660386,59.426630081222285,39.28157894736858
190.29999999999347,184.5549764744491,0.09999999999999432,0.1,-5.689893001203927e-15,0.0,38,1,134,58,60.043751993096855,59.326630081222284,39.381578947368574
190.39999999999347,184.7135764744491,0.15860000000000696,0.1,0.05860000000000695,0.0,38,1,133,58,61.45815558088052,59.22663008122228,39.481578947368575
190.49999999999346,184.8135764744491,0.09999999999999432,0.1,-5.689893001203927e-15,0.0,38,1,133,58,61.33551737407598,59.12663008122228,39.58157894736858
190.59999999999346,184.9421764744491,0.12860000000000582,0.1,0.028600000000005815,0.0,38,1,134,58,61.93727776700712,59.02663008122228,39.68157894736857
190.69999999999345,185.0763764744491,0.13419999999999277,0.1,0.034199999999992764,0.0,39,1,132,57,60.43856238206441,58.92663008122228,38.76410256410271
190.79999999999345,185.17637647444909,0.09999999999999432,0.1,-5.689893001203927e-15,0.0,39,1,132,57,60.2759657793625,58.531097447217775,38.86410256410271
190.89999999999344,185.3315764744491,0.15520000000000778,0.1,0.05520000000000777,0.0,39,1,131,57,61.53137028925694,58.726630081222275,38.96410256410271
190.99999999999343,185.46817647444908,0.13659999999998718,0.1,0.03659999999998717,0.0,39,1,129,57,62.310210857133384,58.626630081222274,39.06410256410271
191.09999999999343,185.56817647444907,0.09999999999999432,0.1,-5.689893001203927e-15,0.0,39,1,130,57,62.14601108858895,58.52663008122227,39.164102564102706
191.19999999999342,185.66817647444907,0.09999999999999432,0.1,-5.689893001203927e-15,0.0,38,1,131,58,63.6209111595579,59.593690597713255,38.397368421052775
191.29999999999342,185.76817647444906,0.09999999999999432,0.1,-5.689893001203927e-15,0.0,38,1,131,58,63.4612666395168,59.493690597713254,38.49736842105277
191.3999999999934,185.86817647444906,0.09999999999999432,0.1,-5.689893001203927e-15,0.0,38,1,131,58,63.30548732160801,59.39369059771325,38.59736842105278
191.4999999999934,185.96817647444905,0.09999999999999432,0.1,-5.689893001203927e-15,0.0,38,1,132,58,63.160450771400605,59.29369059771325,38.69736842105277
191.5999999999934,186.06817647444905,0.09999999999999432,0.1,-5.689893001203927e-15,0.0,38,1,132,59,63.02319345724821,59.19369059771325,38.797368421052774
191.6999999999934,186.16817647444904,0.09999999999999432,0.1,-5.689893001203927e-15,0.0,38,1,134,59,62.88590982730634,59.09369059771325,38.897368421052775
191.7999999999934,186.26817647444904,0.09999999999999432,0.1,-5.689893001203927e-15,0.0,38,1,133,59,62.748599881575,58.99369059771325,38.99736842105277
191.89999999999338,186.36817647444903,0.09999999999999432,0.1,-5.689893001203927e-15,0.0,38,1,134,59,62.61126362005418,57.82777534101203,39.09736842105277
191.99999999999338,186.46817647444902,0.09999999999999432,0.1,-5.689893001203927e-15,0.0,38,1,136,59,62.47390104274389,57.62663008122226,39.19736842105277
192.09999999999337,186.56817647444902,0.09999999999999432,0.1,-5.689893001203927e-15,0.0,38,1,136,59,62.33651214964413,57.52663008122226,39.29736842105277
192.19999999999337,186.668176474449,0.09999999999999432,0.1,-5.689893001203927e-15,0.0,38,1,136,58,62.19909694075489,57.42663008122226,39.397368421052775
192.29999999999336,186.768176474449,0.09999999999999432,0.1,-5.689893001203927e-15,0.0,38,1,136,58,62.06165541607617,57.326630081222255,39.49736842105277
192.39999999999336,186.868176474449,0.09999999999999432,0.1,-5.689893001203927e-15,0.0,38,1,136,58,61.924187575607995,57.226630081222254,39.59736842105277
192.49999999999335,186.968176474449,0.09999999999999432,0.1,-5.689893001203927e-15,0.0,38,1,135,58,61.786693419350335,57.12663008122225,39.69736842105277
192.59999999999334,187.068176474449,0.09999999999999432,0.1,-5.689893001203927e-15,0.0,38,1,135,58,61.649241971532895,57.02663008122225,39.79736842105277
192.69999999999334,187.16817647444898,0.09999999999999432,0.1,-5.689893001203927e-15,0.0,38,1,136,58,61.51635835288733,56.92663008122225,39.89736842105277
192.79999999999333,187.26817647444898,0.09999999999999432,0.1,-5.689893001203927e-15,0.0,38,1,138,58,61.38574549093297,56.82663008122225,39.99736842105276
192.89999999999333,187.36817647444897,0.09999999999999432,0.1,-5.689893001203927e-15,0.0,38,1,140,58,61.25740338566981,56.72663008122225,40.097368421052764
192.99999999999332,187.46817647444897,0.09999999999999432,0.1,-5.689893001203927e-15,0.0,38,1,140,58,61.12903496461719,56.626630081222245,40.197368421052765
193.09999999999332,187.56817647444896,0.09999999999999432,0.1,-5.689893001203927e-15,0.0,38,1,140,58,61.00064022777509,56.526630081222244,40.29736842105277
193.1999999999933,187.66817647444896,0.09999999999999432,0.1,-5.689893001203927e-15,0.0,38,1,139,58,60.872219175143506,56.42663008122224,40.39736842105277
193.2999999999933,187.76817647444895,0.09999999999999432,0.1,-5.689893001203927e-15,0.0,38,1,138,59,60.74377180672246,56.32663008122224,40.49736842105276
193.3999999999933,187.86817647444894,0.09999999999999432,0.1,-5.689893001203927e-15,0.0,38,1,140,59,60.61529812251192,56.22663008122224,40.597368421052764
193.4999999999933,187.96817647444894,0.09999999999999432,0.1,-5.689893001203927e-15,0.0,38,1,140,59,60.486798122511935,56.12663008122224,40.697368421052765
193.5999999999933,188.06817647444893,0.09999999999999432,0.1,-5.689893001203927e-15,0.0,38,1,141,59,60.358271806722456,56.02663008122224,40.79736842105276
193.69999999999328,188.16817647444893,0.09999999999999432,0.1,-5.689893001203927e-15,0.0,38,1,141,59,60.229719175143515,55.926630081222235,40.89736842105276
193.79999999999328,188.26817647444892,0.09999999999999432,0.1,-5.689893001203927e-15,0.0,38,1,141,59,60.1011402277751,55.826630081222234,40.99736842105276
193.89999999999327,188.36817647444892,0.09999999999999432,0.1,-5.689893001203927e-15,0.0,38,1,141,59,59.972534964617196,55.72663008122223,41.09736842105276
193.99999999999326,188.4681764744489,0.09999999999999432,0.1,-5.689893001203927e-15,0.0,38,1,141,59,59.84390338566983,55.62663008122223,41.19736842105276
194.09999999999326,188.5681764744489,0.09999999999999432,0.1,-5.689893001203927e-15,0.0,38,1,142,59,59.715245490933,55.52663008122223,41.29736842105276
194.19999999999325,188.6681764744489,0.09999999999999432,0.1,-5.689893001203927e-15,0.0,38,1,142,59,59.586561280406684,55.42663008122223,41.39736842105276
194.29999999999325,188.7681764744489,0.09999999999999432,0.1,-5.689893001203927e-15,0.0,38,1,142,59,59.45785075409089,55.32663008122223,41.49736842105276
194.39999999999324,188.8681764744489,0.09999999999999432,0.1,-5.689893001203927e-15,0.0,38,1,142,59,59.32911391198564,55.226630081222225,41.59736842105276
194.49999999999324,188.96817647444888,0.09999999999999432,0.1,-5.689893001203927e-15,0.0,38,1,142,59,59.2003507540909,55.126630081222224,41.69736842105276
194.59999999999323,189.06817647444888,0.09999999999999432,0.1,-5.689893001203927e-15,0.0,38,1,141,59,59.071561280406684,55.02663008122222,41.79736842105276
194.69999999999322,189.16817647444887,0.09999999999999432,0.1,-5.689893001203927e-15,0.0,38,1,141,59,58.92566654356458,54.92663008122222,41.897368421052754
194.79999999999322,189.26817647444886,0.09999999999999432,0.1,-5.689893001203927e-15,0.0,38,1,142,59,58.77971917514353,54.82663008122222,41.997368421052755
194.8999999999932,189.36817647444886,0.09999999999999432,0.1,-5.689893001203927e-15,0.0,38,1,142,59,58.63371917514354,54.72663008122222,42.09736842105275
194.9999999999932,189.46817647444885,0.09999999999999432,0.1,-5.689893001203927e-15,0.0,38,1,143,59,58.487666543564586,54.62663008122222,42.19736842105275
195.0999999999932,189.58817647444886,0.12000000000000455,0.1,0.020000000000004542,0.0,38,1,142,59,58.867877069880386,54.526630081222216,42.29736842105275
195.1999999999932,189.68817647444885,0.09999999999999432,0.1,-5.689893001203927e-15,0.0,39,1,142,59,56.57244432449883,53.9681132665438,41.31282051282063
195.2999999999932,189.78817647444885,0.09999999999999432,0.1,-5.689893001203927e-15,0.0,39,1,142,59,56.41730808254379,53.8681132665438,41.41282051282063
195.39999999999318,189.88817647444884,0.09999999999999432,0.1,-5.689893001203927e-15,0.0,39,1,142,59,56.26321121234402,53.7681132665438,41.51282051282063
195.49999999999318,189.98817647444884,0.09999999999999432,0.1,-5.689893001203927e-15,0.0,39,1,142,58,56.10906306009297,53.6681132665438,41.612820512820626
195.59999999999317,190.08817647444883,0.09999999999999432,0.1,-5.689893001203927e-15,0.0,39,1,141,58,55.95733180493477,53.5681132665438,41.71282051282063
195.69999999999317,190.18817647444882,0.09999999999999432,0.1,-5.689893001203927e-15,0.0,39,1,141,58,55.79347205891027,53.11372296600466,41.81282051282062
195.79999999999316,190.28817647444882,0.09999999999999432,0.1,-5.689893001203927e-15,0.0,39,1,140,58,55.62943705278071,52.64820440051457,41.91282051282063
195.89999999999316,190.3881764744488,0.09999999999999432,0.1,-5.689893001203927e-15,0.0,39,1,140,58,55.46507186893232,52.17434864564862,42.012820512820625
195.99999999999315,190.4881764744488,0.09999999999999432,0.1,-5.689893001203927e-15,0.0,39,1,140,57,55.297936071117746,51.58070429606574,42.112820512820626
196.09999999999314,190.5881764744488,0.09999999999999432,0.1,-5.689893001203927e-15,0.0,39,1,142,58,55.113331646152,51.12892635827465,42.21282051282062
196.19999999999314,190.7481764744488,0.1599999999999966,0.1,0.059999999999996584,0.0,39,1,141,57,56.46611788841274,53.4266300812222,42.31282051282062
196.29999999999313,190.8481764744488,0.09999999999999432,0.1,-5.689893001203927e-15,0.0,39,1,141,57,56.27891181769113,53.3266300812222,42.41282051282062
196.39999999999313,190.9481764744488,0.09999999999999432,0.1,-5.689893001203927e-15,0.0,39,1,142,57,56.02520755402613,53.2266300812222,42.512820512820625
196.49999999999312,191.04817647444878,0.09999999999999432,0.1,-5.689893001203927e-15,0.0,39,1,142,57,55.77663196413315,53.126630081222196,42.61282051282062
196.59999999999312,191.19857647444877,0.15039999999999054,0.1,0.050399999999990536,0.0,39,1,141,57,56.819557254861195,53.026630081222194,42.71282051282062
196.6999999999931,191.29857647444877,0.09999999999999432,0.1,-5.689893001203927e-15,0.0,39,1,141,58,56.55296287395697,52.92663008122219,42.81282051282062
196.7999999999931,191.39857647444876,0.09999999999999432,0.1,-5.689893001203927e-15,0.0,39,1,141,58,56.28702726011789,52.82663008122219,42.912820512820616
196.8999999999931,191.49857647444875,0.09999999999999432,0.1,-5.689893001203927e-15,0.0,38,1,141,58,57.583791959259,55.51501156157039,41.20263157894753
196.9999999999931,191.65857647444875,0.1599999999999966,0.1,0.059999999999996584,0.0,38,1,140,58,58.96513365877788,55.24265390132151,41.30263157894753
197.0999999999931,191.75857647444874,0.09999999999999432,0.1,-5.689893001203927e-15,0.0,38,1,140,59,58.79936254407457,55.14265390132151,41.40263157894753
197.19999999999308,191.85857647444874,0.09999999999999432,0.1,-5.689893001203927e-15,0.0,38,1,141,60,58.641213897289795,55.04265390132151,41.50263157894753
197.29999999999308,191.95857647444873,0.09999999999999432,0.1,-5.689893001203927e-15,0.0,38,1,141,60,58.48288753036977,54.942653901321506,41.60263157894752
197.39999999999307,192.05857647444873,0.09999999999999432,0.1,-5.689893001203927e-15,0.0,38,1,140,60,58.32459566210285,54.842653901321505,41.702631578947525
197.49999999999307,192.15857647444872,0.09999999999999432,0.1,-5.689893001203927e-15,0.0,38,1,140,60,58.166484257879155,54.7426539013215,41.80263157894753
197.59999999999306,192.25857647444872,0.09999999999999432,0.1,-5.689893001203927e-15,0.0,38,1,140,60,58.00830575136426,54.6426539013215,41.90263157894753
197.69999999999305,192.3585764744487,0.09999999999999432,0.1,-5.689893001203927e-15,0.0,38,1,141,59,57.849914916646725,54.5426539013215,42.00263157894753
197.79999999999305,192.4585764744487,0.09999999999999432,0.1,-5.689893001203927e-15,0.0,38,1,140,59,57.691326588473835,54.4426539013215,42.10263157894752
197.89999999999304,192.5585764744487,0.09999999999999432,0.1,-5.689893001203927e-15,0.0,38,1,140,59,57.53310598154541,54.3426539013215,42.202631578947525
197.99999999999304,192.6585764744487,0.09999999999999432,0.1,-5.689893001203927e-15,0.0,38,1,140,59,57.37477674727095,54.242653901321496,42.302631578947526
198.09999999999303,192.7585764744487,0.09999999999999432,0.1,-5.689893001203927e-15,0.0,38,1,140,59,57.21631841859235,54.142653901321495,42.40263157894752
198.19999999999303,192.85857647444868,0.09999999999999432,0.1,-5.689893001203927e-15,0.0,38,1,140,59,57.05754140748854,54.04265390132149,42.50263157894752
198.29999999999302,192.95857647444868,0.09999999999999432,0.1,-5.689893001203927e-15,0.0,38,1,142,59,56.89882455131157,53.94265390132149,42.60263157894752
198.399999999993,193.05857647444867,0.09999999999999432,0.1,-5.689893001203927e-15,0.0,38,1,142,59,56.739979472384185,53.84265390132149,42.702631578947525
198.499999999993,193.15857647444867,0.09999999999999432,0.1,-5.689893001203927e-15,0.0,38,1,142,59,56.58110443703407,53.74265390132149,42.802631578947526
198.599999999993,193.25857647444866,0.09999999999999432,0.1,-5.689893001203927e-15,0.0,38,1,141,59,56.4222931483683,53.64265390132149,42.90263157894752
198.699999999993,193.35857647444865,0.09999999999999432,0.1,-5.689893001203927e-15,0.0,38,1,142,59,56.26352858518909,53.542653901321486,43.00263157894752
198.799999999993,193.45857647444865,0.09999999999999432,0.1,-5.689893001203927e-15,0.0,38,1,143,59,56.10501075286093,53.442653901321485,43.10263157894752
198.89999999999299,193.55857647444864,0.09999999999999432,0.1,-5.689893001203927e-15,0.0,38,1,144,59,55.94589210804623,53.34265390132148,43.20263157894752
198.99999999999298,193.65857647444864,0.09999999999999432,0.1,-5.689893001203927e-15,0.0,38,1,144,59,55.78707070009941,53.24265390132148,43.30263157894752
199.09999999999297,193.75857647444863,0.09999999999999432,0.1,-5.689893001203927e-15,0.0,38,1,144,60,55.627860946596336,53.14265390132148,43.40263157894751
199.19999999999297,193.85857647444863,0.09999999999999432,0.1,-5.689893001203927e-15,0.0,38,1,144,61,55.46915673998793,53.04265390132148,43.502631578947515
199.29999999999296,193.95857647444862,0.09999999999999432,0.1,-5.689893001203927e-15,0.0,38,1,146,61,55.31026873990487,52.94265390132148,43.602631578947516
199.39999999999296,194.0585764744486,0.09999999999999432,0.1,-5.689893001203927e-15,0.0,38,1,146,61,55.15111501629977,52.842653901321476,43.70263157894752
199.49999999999295,194.1585764744486,0.09999999999999432,0.1,-5.689893001203927e-15,0.0,38,1,146,61,54.99165236181347,52.742653901321475,43.80263157894752
199.59999999999295,194.2585764744486,0.09999999999999432,0.1,-5.689893001203927e-15,0.0,37,1,146,61,56.34526665203969,52.642653901321474,42.82432432432449
199.69999999999294,194.3585764744486,0.09999999999999432,0.1,-5.689893001203927e-15,0.0,37,1,147,61,56.207011409311036,52.54265390132147,42.92432432432449
199.79999999999293,194.4585764744486,0.09999999999999432,0.1,-5.689893001203927e-15,0.0,37,1,147,60,56.06855065298849,52.44265390132147,43.02432432432449
199.89999999999293,194.55857647444859,0.09999999999999432,0.1,-5.689893001203927e-15,0.0,37,1,147,60,55.930280321737996,52.34265390132147,43.12432432432449
199.99999999999292,194.65857647444858,0.09999999999999432,0.1,-5.689893001203927e-15,0.0,37,1,147,60,55.79169460803566,52.24265390132147,43.22432432432449
200.09999999999292,194.75857647444857,0.09999999999999432,0.1,-5.689893001203927e-15,0.0,37,1,147,60,55.65341846783484,52.14265390132147,43.324324324324486
200.1999999999929,194.85857647444857,0.09999999999999432,0.1,-5.689893001203927e-15,0.0,37,1,148,60,55.51501131238434,52.042653901321465,43.42432432432449
200.2999999999929,194.95857647444856,0.09999999999999432,0.1,-5.689893001203927e-15,0.0,37,1,149,60,55.37676883962666,51.942653901321464,43.52432432432449
200.3999999999929,195.05857647444856,0.09999999999999432,0.1,-5.689893001203927e-15,0.0,37,1,150,60,55.23817091360896,51.84265390132146,43.62432432432448
200.4999999999929,194.66731017363634,-0.39126630081221947,0.1,1.942890293094024e-15,0.4912663008122214,36,1,150,59,55.26422521132221,52.33605878740096,44.41944444444461
200.5999999999929,194.76731017363633,0.09999999999999432,0.1,-5.689893001203927e-15,0.0,36,1,150,59,55.12309914053144,52.12262208943572,44.5194444444446
200.69999999999288,194.86731017363633,0.09999999999999432,0.1,-5.689893001203927e-15,0.0,36,1,151,59,54.982497650155516,51.54265390132146,44.61944444444461
200.79999999999288,194.96731017363632,0.09999999999999432,0.1,-5.689893001203927e-15,0.0,36,1,150,59,54.84202360735652,51.44265390132146,44.719444444444605
200.89999999999287,195.06731017363632,0.09999999999999432,0.1,-5.689893001203927e-15,0.0,36,1,149,59,54.701461288559415,51.342653901321455,44.8194444444446
200.99999999999287,195.2273101736363,0.1599999999999966,0.1,0.059999999999996584,0.0,36,1,148,59,56.227628086848,51.242653901321454,44.9194444444446
201.09999999999286,195.3273101736363,0.09999999999999432,0.1,-5.689893001203927e-15,0.0,36,1,148,59,56.086042209936586,51.14265390132145,45.0194444444446
201.19999999999285,195.4273101736363,0.09999999999999432,0.1,-5.689893001203927e-15,0.0,36,1,148,59,55.94456017223165,51.04265390132145,45.1194444444446
201.29999999999285,195.5273101736363,0.09999999999999432,0.1,-5.689893001203927e-15,0.0,36,1,148,59,55.80303248791205,50.94265390132145,45.2194444444446
201.39999999999284,195.6273101736363,0.09999999999999432,0.1,-5.689893001203927e-15,0.0,36,1,148,59,55.66103643973211,50.84265390132145,45.3194444444446
201.49999999999284,195.72731017363628,0.09999999999999432,0.1,-5.689893001203927e-15,0.0,36,1,148,59,55.51913342245092,50.74265390132145,45.4194444444446
201.59999999999283,195.82731017363628,0.09999999999999432,0.1,-5.689893001203927e-15,0.0,36,1,148,59,55.37749057978286,50.642653901321445,45.519444444444595
201.69999999999283,195.92731017363627,0.09999999999999432,0.1,-5.689893001203927e-15,0.0,36,1,148,59,55.235221461251015,50.542653901321444,45.619444444444596
201.79999999999282,196.02731017363627,0.09999999999999432,0.1,-5.689893001203927e-15,0.0,36,1,148,59,55.093407988236805,50.44265390132144,45.7194444444446
201.89999999999281,196.12731017363626,0.09999999999999432,0.1,-5.689893001203927e-15,0.0,36,1,149,59,54.95236901461548,50.34265390132144,45.8194444444446
201.9999999999928,196.22731017363625,0.09999999999999432,0.1,-5.689893001203927e-15,0.0,36,1,149,59,54.81078565608223,50.24265390132144,45.91944444444459
202.0999999999928,196.32731017363625,0.09999999999999432,0.1,-5.689893001203927e-15,0.0,36,1,148,59,54.66744501684431,50.14265390132144,46.01944444444459
202.1999999999928,196.42731017363624,0.09999999999999432,0.1,-5.689893001203927e-15,0.0,36,1,148,59,54.52454963409542,50.04265390132144,46.119444444444596
202.2999999999928,196.52731017363624,0.09999999999999432,0.1,-5.689893001203927e-15,0.0,36,1,148,59,54.37987352733799,49.942653901321435,46.21944444444459
202.3999999999928,196.62731017363623,0.09999999999999432,0.1,-5.689893001203927e-15,0.0,35,1,149,59,55.79356590087472,49.842653901321434,45.30571428571445
202.49999999999278,196.72731017363623,0.09999999999999432,0.1,-5.689893001203927e-15,0.0,35,1,149,59,55.650065338192945,49.74265390132143,45.40571428571445
202.59999999999278,196.82731017363622,0.09999999999999432,0.1,-5.689893001203927e-15,0.0,35,1,149,58,55.50678006043067,49.64265390132143,45.50571428571444
202.69999999999277,196.92731017363622,0.09999999999999432,0.1,-5.689893001203927e-15,0.0,35,1,149,58,55.36378897777055,49.54265390132143,45.60571428571444
202.79999999999276,197.0829101736362,0.15559999999999263,0.1,0.05559999999999263,0.0,35,1,148,58,56.72569850408483,50.036058787400925,45.70571428571444
202.89999999999276,197.1829101736362,0.09999999999999432,0.1,-5.689893001203927e-15,0.0,35,1,148,58,56.53715297942253,49.936058787400924,45.805714285714444
202.99999999999275,197.3249101736362,0.1419999999999959,0.1,0.0419999999999959,0.0,35,1,147,57,57.549140821083924,49.83605878740092,45.905714285714446
203.09999999999275,197.4249101736362,0.09999999999999432,0.1,-5.689893001203927e-15,0.0,35,1,147,57,57.353041982049035,49.73605878740092,46.00571428571444
203.19999999999274,197.5655101736362,0.14060000000000628,0.1,0.04060000000000627,0.0,35,1,147,56,58.1668586957949,49.63605878740092,46.10571428571444
203.29999999999274,197.7255101736362,0.1599999999999966,0.1,0.059999999999996584,0.0,35,1,146,56,59.56295432670053,50.00830483755249,46.20571428571444
203.39999999999273,197.8255101736362,0.09999999999999432,0.1,-5.689893001203927e-15,0.0,35,1,146,56,59.2103303476559,49.908304837552485,46.305714285714444
203.49999999999272,197.9855101736362,0.1599999999999966,0.1,0.059999999999996584,0.0,35,1,146,55,60.60956898051232,49.808304837552484,46.40571428571444
203.59999999999272,198.14551017363618,0.1599999999999966,0.1,0.059999999999996584,0.0,35,1,145,54,61.958359068019604,52.039673217317656,46.50571428571444
203.6999999999927,198.30551017363618,0.1599999999999966,0.1,0.059999999999996584,0.0,35,1,144,54,63.33739545285025,55.93630824589848,46.605714285714434
203.7999999999927,198.46551017363618,0.1599999999999966,0.1,0.059999999999996584,0.0,35,1,143,54,64.68242784906641,55.83630824589848,46.705714285714436
203.8999999999927,198.56551017363617,0.09999999999999432,0.1,-5.689893001203927e-15,0.0,36,1,143,54,61.853572805878315,59.124494214564315,45.508333333333475
203.9999999999927,198.72551017363617,0.1599999999999966,0.1,0.059999999999996584,0.0,36,1,143,54,63.158232374859686,58.325163539364105,45.60833333333348
204.0999999999927,198.88551017363616,0.1599999999999966,0.1,0.059999999999996584,0.0,37,1,141,54,62.064115206509726,57.537303720492005,44.47567567567582
204.19999999999268,198.98551017363616,0.09999999999999432,0.1,-5.689893001203927e-15,0.0,37,1,141,54,61.69367695182754,56.789676089807685,44.57567567567582
204.29999999999268,199.08551017363615,0.09999999999999432,0.1,-5.689893001203927e-15,0.0,37,1,141,54,61.32866390222918,55.863621228107355,44.67567567567582
204.39999999999267,199.24551017363615,0.1599999999999966,0.1,0.059999999999996584,0.0,37,1,140,54,62.561530503595634,55.23630824589847,44.77567567567582
204.49999999999267,199.34551017363614,0.09999999999999432,0.1,-5.689893001203927e-15,0.0,37,1,140,54,62.22001034662733,55.13630824589847,44.875675675675815
204.59999999999266,199.50551017363614,0.1599999999999966,0.1,0.059999999999996584,0.0,37,1,141,54,63.48103154466371,55.03630824589847,44.97567567567582
204.69999999999266,199.60551017363613,0.09999999999999432,0.1,-5.689893001203927e-15,0.0,38,1,141,54,60.816637179127696,58.324494214564304,43.89210526315803
204.79999999999265,199.70551017363613,0.09999999999999432,0.1,-5.689893001203927e-15,0.0,38,1,142,54,60.40796380987549,58.2244942145643,43.99210526315803
204.89999999999264,199.80551017363612,0.09999999999999432,0.1,-5.689893001203927e-15,0.0,38,1,143,54,60.0500034701504,58.1244942145643,44.092105263158025
204.99999999999264,199.90551017363612,0.09999999999999432,0.1,-5.689893001203927e-15,0.0,38,1,144,55,59.68929989966383,58.0244942145643,44.19210526315803
205.09999999999263,200.0055101736361,0.09999999999999432,0.1,-5.689893001203927e-15,0.0,38,1,144,56,59.37822873437863,57.9244942145643,44.29210526315802
205.19999999999263,200.1055101736361,0.09999999999999432,0.1,-5.689893001203927e-15,0.0,38,1,145,55,59.130825405674365,57.8244942145643,44.39210526315803
205.29999999999262,200.2055101736361,0.09999999999999432,0.1,-5.689893001203927e-15,0.0,38,1,144,55,58.918807359048024,57.724494214564295,44.49210526315803
205.39999999999262,200.3055101736361,0.09999999999999432,0.1,-5.689893001203927e-15,0.0,38,1,144,55,58.653854644349884,57.624494214564294,44.592105263158025
205.4999999999926,200.4055101736361,0.09999999999999432,0.1,-5.689893001203927e-15,0.0,38,1,144,55,58.405102063916516,57.52449421456429,44.69210526315803
205.5999999999926,200.50551017363608,0.09999999999999432,0.1,-5.689893001203927e-15,0.0,38,1,144,55,58.19434464966877,57.42449421456429,44.79210526315802
205.6999999999926,200.60551017363608,0.09999999999999432,0.1,-5.689893001203927e-15,0.0,38,1,145,55,57.98336397853941,57.32449421456429,44.89210526315802
205.7999999999926,200.70551017363607,0.09999999999999432,0.1,-5.689893001203927e-15,0.0,38,1,145,55,57.7725832895858,57.22449421456429,44.992105263158024
205.8999999999926,200.80551017363607,0.09999999999999432,0.1,-5.689893001203927e-15,0.0,38,1,144,55,57.5626060343151,57.12449421456429,45.09210526315802
205.99999999999258,200.90551017363606,0.09999999999999432,0.1,-5.689893001203927e-15,0.0,38,1,145,55,57.35192946906872,57.024494214564285,45.19210526315802
206.09999999999258,201.00551017363605,0.09999999999999432,0.1,-5.689893001203927e-15,0.0,38,1,145,55,57.14691618162783,56.924494214564284,45.29210526315802
206.19999999999257,201.10551017363605,0.09999999999999432,0.1,-5.689893001203927e-15,0.0,38,1,145,55,56.94480761807166,56.82449421456428,45.39210526315802
206.29999999999256,201.20551017363604,0.09999999999999432,0.1,-5.689893001203927e-15,0.0,38,1,146,55,56.74349583335774,56.72449421456428,45.492105263158024
206.39999999999256,201.30551017363604,0.09999999999999432,0.1,-5.689893001203927e-15,0.0,38,1,146,54,56.54233142431574,56.62449421456428,45.59210526315802
206.49999999999255,201.40551017363603,0.09999999999999432,0.1,-5.689893001203927e-15,0.0,38,1,146,54,56.34048738761803,56.52449421456428,45.69210526315802
206.59999999999255,201.50551017363603,0.09999999999999432,0.1,-5.689893001203927e-15,0.0,38,1,146,54,56.138187207674875,56.42449421456428,45.79210526315802
206.69999999999254,201.60551017363602,0.09999999999999432,0.1,-5.689893001203927e-15,0.0,38,1,146,54,55.935937874548266,56.324494214564275,45.892105263158015
206.79999999999254,201.70551017363601,0.09999999999999432,0.1,-5.689893001203927e-15,0.0,38,1,146,54,55.73117752528674,56.224494214564274,45.99210526315802
206.89999999999253,201.805510173636,0.09999999999999432,0.1,-5.689893001203927e-15,0.0,37,1,146,54,57.05015734535145,56.12449421456427,45.25135135135148
206.99999999999253,201.905510173636,0.09999999999999432,0.1,-5.689893001203927e-15,0.0,37,1,146,54,56.862116376913335,56.02449421456427,45.35135135135148
207.09999999999252,202.005510173636,0.09999999999999432,0.1,-5.689893001203927e-15,0.0,37,1,145,54,56.67687547618736,55.92449421456427,45.451351351351484
207.1999999999925,202.105510173636,0.09999999999999432,0.1,-5.689893001203927e-15,0.0,37,1,145,54,56.4926114547166,55.82449421456427,45.551351351351485
207.2999999999925,202.205510173636,0.09999999999999432,0.1,-5.689893001203927e-15,0.0,37,1,146,54,56.30926268440692,55.72449421456427,45.65135135135148
207.3999999999925,202.30551017363598,0.09999999999999432,0.1,-5.689893001203927e-15,0.0,37,1,145,54,56.12561234126552,55.624494214564265,45.75135135135148
207.4999999999925,202.40551017363597,0.09999999999999432,0.1,-5.689893001203927e-15,0.0,37,1,144,54,55.94180292572791,55.524494214564264,45.85135135135148
207.5999999999925,202.50551017363597,0.09999999999999432,0.1,-5.689893001203927e-15,0.0,37,1,143,54,55.75820565985739,55.42449421456426,45.951351351351484
207.69999999999249,202.60551017363596,0.09999999999999432,0.1,-5.689893001203927e-15,0.0,37,1,143,54,55.57353511419713,55.32449421456426,46.05135135135148
207.79999999999248,202.70551017363596,0.09999999999999432,0.1,-5.689893001203927e-15,0.0,37,1,143,54,55.38974340155416,55.22449421456426,46.15135135135148
207.89999999999247,202.80551017363595,0.09999999999999432,0.1,-5.689893001203927e-15,0.0,37,1,143,54,55.205611674517996,55.12449421456426,46.25135135135148
207.99999999999247,202.90551017363595,0.09999999999999432,0.1,-5.689893001203927e-15,0.0,36,1,144,54,56.554231682056454,57.62739536722968,46.05833333333345
208.09999999999246,203.00551017363594,0.09999999999999432,0.1,-5.689893001203927e-15,0.0,36,1,143,54,56.36749781604341,57.52739536722968,46.158333333333445
208.19999999999246,203.10551017363593,0.09999999999999432,0.1,-5.689893001203927e-15,0.0,36,1,144,54,56.18122465595007,57.42739536722968,46.25833333333345
208.29999999999245,203.20551017363593,0.09999999999999432,0.1,-5.689893001203927e-15,0.0,36,1,144,54,55.99519583465848,57.32739536722968,46.35833333333345
208.39999999999245,203.30551017363592,0.09999999999999432,0.1,-5.689893001203927e-15,0.0,36,1,144,54,55.79486478437072,57.227395367229676,46.45833333333345
208.49999999999244,203.40551017363592,0.09999999999999432,0.1,-5.689893001203927e-15,0.0,36,1,144,54,55.59324882246669,57.127395367229674,46.558333333333444
208.59999999999243,203.5303101736359,0.12479999999999336,0.1,0.024799999999993355,0.0,36,1,143,54,56.09661428027545,57.02739536722967,46.658333333333445
208.69999999999243,203.6303101736359,0.09999999999999432,0.1,-5.689893001203927e-15,0.0,36,1,143,54,55.91715235133065,56.92739536722967,46.75833333333345
208.79999999999242,203.7303101736359,0.09999999999999432,0.1,-5.689893001203927e-15,0.0,36,1,143,53,55.72793776052329,56.82739536722967,46.85833333333344
208.89999999999242,203.8303101736359,0.09999999999999432,0.1,-5.689893001203927e-15,0.0,36,1,145,53,55.540401936822356,56.72739536722967,46.95833333333345
208.9999999999924,203.9303101736359,0.09999999999999432,0.1,-5.689893001203927e-15,0.0,36,1,145,53,55.33318160017225,55.97857202076818,47.058333333333444
209.0999999999924,204.06791017363588,0.13759999999999195,0.1,0.037599999999991945,0.0,36,1,144,52,56.175932629961565,63.049944255632454,47.158333333333445
209.1999999999924,204.16791017363587,0.09999999999999432,0.1,-5.689893001203927e-15,0.0,36,1,144,52,55.98464190181417,62.43453332271647,47.25833333333345
209.2999999999924,204.26791017363587,0.09999999999999432,0.1,-5.689893001203927e-15,0.0,36,1,144,52,55.78477905647858,61.829983936018635,47.35833333333344
209.3999999999924,204.36791017363586,0.09999999999999432,0.1,-5.689893001203927e-15,0.0,36,1,144,52,55.58245950885631,61.213914449156974,47.45833333333344
209.49999999999238,204.46791017363586,0.09999999999999432,0.1,-5.689893001203927e-15,0.0,35,1,143,52,57.03451072205984,60.56910652642008,46.43714285714299
209.59999999999238,204.56791017363585,0.09999999999999432,0.1,-5.689893001203927e-15,0.0,35,1,143,52,56.85602667089722,59.953929561787675,46.53714285714299
209.69999999999237,204.66791017363585,0.09999999999999432,0.1,-5.689893001203927e-15,0.0,35,1,142,53,56.676511409568974,59.35113955433844,46.63714285714298
209.79999999999237,204.76791017363584,0.09999999999999432,0.1,-5.689893001203927e-15,0.0,35,1,142,53,56.50234432305338,58.74194873208423,46.737142857142985
209.89999999999236,204.86791017363583,0.09999999999999432,0.1,-5.689893001203927e-15,0.0,35,1,142,53,56.31974398043658,58.12474216567827,46.837142857142986
209.99999999999235,204.96791017363583,0.09999999999999432,0.1,-5.689893001203927e-15,0.0,35,1,141,53,56.14325303998684,57.52201485567296,46.93714285714299
210.09999999999235,205.06791017363582,0.09999999999999432,0.1,-5.689893001203927e-15,0.0,35,1,141,53,55.96042678758332,56.90118497494423,47.03714285714299
210.19999999999234,205.16791017363582,0.09999999999999432,0.1,-5.689893001203927e-15,0.0,35,1,141,53,55.77767692316334,56.29609633469408,47.13714285714298
210.29999999999234,205.2679101736358,0.09999999999999432,0.1,-5.689893001203927e-15,0.0,35,1,141,53,55.594749425034735,55.68484248848884,47.237142857142985
210.39999999999233,205.3679101736358,0.09999999999999432,0.1,-5.689893001203927e-15,0.0,35,1,141,53,55.40200796152997,55.073246463310085,47.337142857142986
210.49999999999233,205.4679101736358,0.09999999999999432,0.1,-5.689893001203927e-15,0.0,35,1,141,53,55.22533801117165,54.45721386005228,47.43714285714299
210.59999999999232,205.5679101736358,0.09999999999999432,0.1,-5.689893001203927e-15,0.0,35,1,140,52,55.05221956035748,53.839930498879134,47.53714285714299
210.69999999999231,205.6679101736358,0.09999999999999432,0.1,-5.689893001203927e-15,0.0,35,1,141,52,54.88118261440291,53.22546271505203,47.63714285714298
210.7999999999923,205.76791017363578,0.09999999999999432,0.1,-5.689893001203927e-15,0.0,35,1,141,52,54.71252680838683,52.61291201959794,47.737142857142985
210.8999999999923,205.86791017363578,0.09999999999999432,0.1,-5.689893001203927e-15,0.0,35,1,141,52,54.54180293646426,52.124494214564216,47.837142857142986
210.9999999999923,205.96791017363577,0.09999999999999432,0.1,-5.689893001203927e-15,0.0,35,1,141,52,54.37331393133641,52.024494214564214,47.93714285714299
211.0999999999923,206.06791017363577,0.09999999999999432,0.1,-5.689893001203927e-15,0.0,35,1,141,52,54.203780621671925,51.92449421456421,48.03714285714299
211.1999999999923,206.16791017363576,0.09999999999999432,0.1,-5.689893001203927e-15,0.0,35,1,140,52,54.03367790492315,51.82449421456421,48.13714285714298
211.29999999999228,206.26791017363576,0.09999999999999432,0.1,-5.689893001203927e-15,0.0,35,1,141,52,53.86204027707926,51.72449421456421,48.237142857142985
211.39999999999227,206.36791017363575,0.09999999999999432,0.1,-5.689893001203927e-15,0.0,35,1,140,53,53.69228656293544,51.62449421456421,48.337142857142986
211.49999999999227,206.46791017363574,0.09999999999999432,0.1,-5.689893001203927e-15,0.0,35,1,140,53,53.521896137797896,51.52449421456421,48.43714285714299
211.59999999999226,206.56791017363574,0.09999999999999432,0.1,-5.689893001203927e-15,0.0,35,1,142,53,53.35239298495923,51.424494214564206,48.53714285714299
211.69999999999226,206.66791017363573,0.09999999999999432,0.1,-5.689893001203927e-15,0.0,35,1,141,53,53.181423967813416,51.324494214564204,48.63714285714298
211.79999999999225,206.76791017363573,0.09999999999999432,0.1,-5.689893001203927e-15,0.0,35,1,141,53,53.01142772321997,51.2244942145642,48.737142857142985
211.89999999999225,206.86791017363572,0.09999999999999432,0.1,-5.689893001203927e-15,0.0,35,1,140,53,52.8394689796801,51.1244942145642,48.837142857142986
211.99999999999224,206.96791017363572,0.09999999999999432,0.1,-5.689893001203927e-15,0.0,35,1,140,53,52.6669725023889,51.0244942145642,48.93714285714299
212.09999999999224,207.0679101736357,0.09999999999999432,0.1,-5.689893001203927e-15,0.0,35,1,139,54,52.49805827153123,50.9244942145642,49.03714285714299
212.19999999999223,207.1679101736357,0.09999999999999432,0.1,-5.689893001203927e-15,0.0,35,1,138,54,52.32752621197409,50.8244942145642,49.13714285714298
212.29999999999222,207.2679101736357,0.09999999999999432,0.1,-5.689893001203927e-15,0.0,35,1,138,54,52.15557455556822,50.724494214564196,49.237142857142985
212.39999999999222,207.3679101736357,0.09999999999999432,0.1,-5.689893001203927e-15,0.0,35,1,138,52,51.98389157063059,50.624494214564194,49.337142857142986
212.4999999999922,207.4679101736357,0.09999999999999432,0.1,-5.689893001203927e-15,0.0,35,1,138,53,51.813610256390334,50.52449421456419,49.43714285714299
212.5999999999922,207.56791017363568,0.09999999999999432,0.1,-5.689893001203927e-15,0.0,35,1,138,54,51.61371102628415,49.476227351943244,49.53714285714299
212.6999999999922,207.66791017363568,0.09999999999999432,0.1,-5.689893001203927e-15,0.0,35,1,138,53,51.427743635985166,48.87622735194324,49.63714285714298
212.7999999999922,207.80411017363568,0.13620000000000232,0.1,0.036200000000002314,0.0,35,1,137,53,52.27512898340545,59.99209035980553,49.737142857142985
212.8999999999922,207.90411017363567,0.09999999999999432,0.1,-5.689893001203927e-15,0.0,35,1,137,53,52.07584777992018,59.89209035980553,49.83714285714298
212.99999999999218,208.00411017363567,0.09999999999999432,0.1,-5.689893001203927e-15,0.0,35,1,137,53,51.888717095299995,59.79209035980553,49.93714285714298
213.09999999999218,208.13811017363565,0.13399999999998613,0.1,0.033999999999986125,0.0,35,1,137,53,52.67759128253075,59.692090359805526,50.03714285714298
213.19999999999217,208.23811017363565,0.09999999999999432,0.1,-5.689893001203927e-15,0.0,35,1,136,53,52.49550205228507,59.592090359805525,50.137142857142976
213.29999999999217,208.33811017363564,0.09999999999999432,0.1,-5.689893001203927e-15,0.0,35,1,135,53,52.314461230063145,59.49209035980552,50.23714285714298
213.39999999999216,208.43811017363564,0.09999999999999432,0.1,-5.689893001203927e-15,0.0,35,1,135,54,52.131616790935105,59.39209035980552,50.33714285714298
213.49999999999216,208.53811017363563,0.09999999999999432,0.1,-5.689893001203927e-15,0.0,35,1,134,54,51.95039995083903,59.29209035980552,50.43714285714298
213.59999999999215,208.63811017363562,0.09999999999999432,0.1,-5.689893001203927e-15,0.0,35,1,134,55,51.768789192885144,59.19209035980552,50.53714285714298
213.69999999999214,208.73811017363562,0.09999999999999432,0.1,-5.689893001203927e-15,0.0,35,1,134,55,51.58797058504299,59.09209035980552,50.637142857142976
213.79999999999214,208.8381101736356,0.09999999999999432,0.1,-5.689893001203927e-15,0.0,35,1,134,55,51.407558613908805,58.992090359805516,50.73714285714298
213.89999999999213,208.9381101736356,0.09999999999999432,0.1,-5.689893001203927e-15,0.0,35,1,134,55,51.22088948921335,58.892090359805515,50.83714285714298
213.99999999999213,209.0381101736356,0.09999999999999432,0.1,-5.689893001203927e-15,0.0,35,1,135,55,51.040167595366306,58.79209035980551,50.93714285714298
214.09999999999212,209.1381101736356,0.09999999999999432,0.1,-5.689893001203927e-15,0.0,35,1,135,55,50.85858392971703,58.69209035980551,51.03714285714298
214.19999999999212,209.2981101736356,0.1599999999999966,0.1,0.059999999999996584,0.0,35,1,134,55,52.39135106063715,58.59209035980551,51.137142857142976
214.2999999999921,209.3981101736356,0.09999999999999432,0.1,-5.689893001203927e-15,0.0,36,1,134,54,50.06314158568195,60.231550853445505,49.816666666666784
214.3999999999921,209.49811017363558,0.09999999999999432,0.1,-5.689893001203927e-15,0.0,36,1,134,54,49.87373832458843,58.66937345507498,49.91666666666678
214.4999999999921,209.59811017363558,0.09999999999999432,0.1,-5.689893001203927e-15,0.0,36,1,134,54,49.67009107276763,58.292090359805506,50.01666666666679
214.5999999999921,209.75811017363557,0.1599999999999966,0.1,0.059999999999996584,0.0,36,1,132,54,51.128985152999434,62.29208057031451,50.11666666666678
214.6999999999921,209.85811017363557,0.09999999999999432,0.1,-5.689893001203927e-15,0.0,35,1,133,54,52.38418421711137,62.19208057031451,49.93714285714296
214.79999999999208,210.01471017363556,0.1565999999999974,0.1,0.0565999999999974,0.0,35,1,132,54,53.79463037419918,62.09208057031451,50.03714285714296
214.89999999999208,210.11471017363556,0.09999999999999432,0.1,-5.689893001203927e-15,0.0,35,1,133,54,53.58225360748746,61.992080570314506,50.13714285714296
214.99999999999207,210.23511017363555,0.1203999999999894,0.1,0.0203999999999894,0.0,35,1,132,55,53.959279389459844,61.892080570314505,50.23714285714296
215.09999999999206,210.33511017363554,0.09999999999999432,0.1,-5.689893001203927e-15,0.0,35,1,132,55,53.753741474852816,61.7920805703145,50.33714285714296
215.19999999999206,210.49511017363554,0.1599999999999966,0.1,0.059999999999996584,0.0,35,1,131,55,55.26248732068673,61.6920805703145,50.43714285714296
215.29999999999205,210.59511017363553,0.09999999999999432,0.1,-5.689893001203927e-15,0.0,35,1,131,55,55.05639402448858,61.5920805703145,50.53714285714295
215.39999999999205,210.69511017363553,0.09999999999999432,0.1,-5.689893001203927e-15,0.0,35,1,130,55,54.84287870093888,61.4920805703145,50.637142857142955
215.49999999999204,210.85511017363552,0.1599999999999966,0.1,0.059999999999996584,0.0,35,1,128,55,56.351084709880794,61.3920805703145,50.737142857142956
215.59999999999204,210.95511017363552,0.09999999999999432,0.1,-5.689893001203927e-15,0.0,36,1,129,55,53.88990028867593,62.007514461648725,49.42777777777788
215.69999999999203,211.0551101736355,0.09999999999999432,0.1,-5.689893001203927e-15,0.0,36,1,129,55,53.67593618809741,61.907514461648724,49.52777777777787
215.79999999999202,211.1551101736355,0.09999999999999432,0.1,-5.689893001203927e-15,0.0,36,1,129,55,53.42395757611622,61.80751446164872,49.62777777777787
215.89999999999202,211.2551101736355,0.09999999999999432,0.1,-5.689893001203927e-15,0.0,35,1,129,54,54.723925431577086,61.70751446164872,48.488571428571554
215.999999999992,211.3551101736355,0.09999999999999432,0.1,-5.689893001203927e-15,0.0,35,1,129,54,54.50101978816512,61.60751446164872,48.588571428571555
216.099999999992,211.4551101736355,0.09999999999999432,0.1,-5.689893001203927e-15,0.0,35,1,129,54,54.27408686517394,61.50751446164872,48.68857142857155
216.199999999992,211.55511017363548,0.09999999999999432,0.1,-5.689893001203927e-15,0.0,35,1,130,54,54.054192297206285,61.40751446164872,48.78857142857155
216.299999999992,211.65511017363548,0.09999999999999432,0.1,-5.689893001203927e-15,0.0,35,1,130,53,53.83450311596126,61.307514461648715,48.88857142857155
216.399999999992,211.75511017363547,0.09999999999999432,0.1,-5.689893001203927e-15,0.0,34,1,130,53,55.19766059121976,62.51245330398718,48.505882352941285
216.49999999999199,211.85511017363547,0.09999999999999432,0.1,-5.689893001203927e-15,0.0,34,1,130,54,54.9517642881731,62.03528428575788,48.605882352941286
216.59999999999198,211.95511017363546,0.09999999999999432,0.1,-5.689893001203927e-15,0.0,34,1,130,54,54.7145133004653,61.43528428575788,48.70588235294128
216.69999999999197,212.05511017363546,0.09999999999999432,0.1,-5.689893001203927e-15,0.0,34,1,130,54,54.47783123313968,60.90751446164871,48.80588235294129
216.79999999999197,212.15511017363545,0.09999999999999432,0.1,-5.689893001203927e-15,0.0,34,1,129,54,54.232608812768945,60.80751446164871,48.90588235294128
216.89999999999196,212.25511017363544,0.09999999999999432,0.1,-5.689893001203927e-15,0.0,34,1,130,54,54.00064824094237,60.70751446164871,49.005882352941285
216.99999999999196,212.35511017363544,0.09999999999999432,0.1,-5.689893001203927e-15,0.0,34,1,130,54,53.77373764186845,60.607514461648705,49.10588235294128
217.09999999999195,212.45511017363543,0.09999999999999432,0.1,-5.689893001203927e-15,0.0,34,1,129,54,53.54863348557702,60.507514461648704,49.20588235294128
217.19999999999195,212.55511017363543,0.09999999999999432,0.1,-5.689893001203927e-15,0.0,34,1,129,54,53.32627370631458,60.4075144616487,49.30588235294128
217.29999999999194,212.65511017363542,0.09999999999999432,0.1,-5.689893001203927e-15,0.0,34,1,129,54,53.104258094177126,60.3075144616487,49.40588235294128
217.39999999999193,212.75511017363542,0.09999999999999432,0.1,-5.689893001203927e-15,0.0,34,1,129,54,52.88715770006909,60.2075144616487,49.50588235294128
217.49999999999193,212.9151101736354,0.1599999999999966,0.1,0.059999999999996584,0.0,34,1,128,53,54.4439464983332,61.412453303987164,49.60588235294128
217.59999999999192,213.0151101736354,0.09999999999999432,0.1,-5.689893001203927e-15,0.0,34,1,127,53,54.24351243348611,61.31245330398716,49.70588235294127
217.69999999999192,213.1751101736354,0.1599999999999966,0.1,0.059999999999996584,0.0,34,1,126,54,55.80727946418153,61.21245330398716,49.80588235294128
217.7999999999919,213.2751101736354,0.09999999999999432,0.1,-5.689893001203927e-15,0.0,35,1,126,53,53.306233769162304,61.11245330398716,48.48285714285724
217.8999999999919,213.3751101736354,0.09999999999999432,0.1,-5.689893001203927e-15,0.0,35,1,126,54,53.094361671233365,61.01245330398716,48.58285714285724
217.9999999999919,213.4751101736354,0.09999999999999432,0.1,-5.689893001203927e-15,0.0,35,1,128,54,52.889620018527324,60.91245330398716,48.68285714285724
218.0999999999919,213.57511017363538,0.09999999999999432,0.1,-5.689893001203927e-15,0.0,35,1,127,54,52.68507358756518,60.812453303987155,48.78285714285724
218.1999999999919,213.67511017363537,0.09999999999999432,0.1,-5.689893001203927e-15,0.0,35,1,127,53,52.48724901770113,60.712453303987154,48.88285714285723
218.29999999999188,213.81371017363537,0.13859999999999673,0.1,0.03859999999999672,0.0,34,1,126,53,55.00967672927523,60.7992786898969,47.63823529411778
218.39999999999188,213.91371017363537,0.09999999999999432,0.1,-5.689893001203927e-15,0.0,34,1,126,53,54.8585016630889,60.6992786898969,47.73823529411778
218.49999999999187,214.01371017363536,0.09999999999999432,0.1,-5.689893001203927e-15,0.0,34,1,126,53,54.70742288124056,60.5992786898969,47.83823529411777
218.59999999999187,214.11371017363535,0.09999999999999432,0.1,-5.689893001203927e-15,0.0,34,1,126,53,54.55581373893464,60.4992786898969,47.938235294117774
218.69999999999186,214.21371017363535,0.09999999999999432,0.1,-5.689893001203927e-15,0.0,34,1,126,54,54.404482053749106,60.399278689896896,48.038235294117776
218.79999999999185,214.31371017363534,0.09999999999999432,0.1,-5.689893001203927e-15,0.0,34,1,125,53,54.26203427901375,60.299278689896894,48.13823529411778
218.89999999999185,214.41371017363534,0.09999999999999432,0.1,-5.689893001203927e-15,0.0,34,1,125,53,54.12134174223825,60.19927868989689,48.23823529411777
218.99999999999184,214.51371017363533,0.09999999999999432,0.1,-5.689893001203927e-15,0.0,34,1,125,53,53.98089852539084,60.09927868989689,48.33823529411777
219.09999999999184,214.61371017363533,0.09999999999999432,0.1,-5.689893001203927e-15,0.0,34,1,125,53,53.8403620986083,59.99927868989689,48.43823529411777
219.19999999999183,214.71371017363532,0.09999999999999432,0.1,-5.689893001203927e-15,0.0,34,1,124,54,53.699869582221496,59.89927868989689,48.538235294117776
219.29999999999183,214.81371017363531,0.09999999999999432,0.1,-5.689893001203927e-15,0.0,34,1,123,53,53.55819619780736,59.79927868989689,48.63823529411777
219.39999999999182,214.9137101736353,0.09999999999999432,0.1,-5.689893001203927e-15,0.0,34,1,123,53,53.41526728149255,59.699278689896886,48.73823529411777
219.49999999999181,215.0137101736353,0.09999999999999432,0.1,-5.689893001203927e-15,0.0,34,1,123,54,53.27376105586409,59.599278689896884,48.838235294117766
219.5999999999918,215.1137101736353,0.09999999999999432,0.1,-5.689893001203927e-15,0.0,34,1,123,55,53.130847058888754,59.49927868989688,48.93823529411777
219.6999999999918,215.2137101736353,0.09999999999999432,0.1,-5.689893001203927e-15,0.0,33,1,122,55,54.5991392759356,59.39927868989688,48.72121212121223
219.7999999999918,215.3137101736353,0.09999999999999432,0.1,-5.689893001203927e-15,0.0,33,1,122,55,54.45817630812375,59.29927868989688,48.82121212121223
219.8999999999918,215.41371017363528,0.09999999999999432,0.1,-5.689893001203927e-15,0.0,33,1,123,54,54.3172133403119,59.19927868989688,48.92121212121223
219.9999999999918,215.51371017363527,0.09999999999999432,0.1,-5.689893001203927e-15,0.0,33,1,123,54,54.17432122167469,59.09927868989688,49.02121212121222
220.09999999999178,215.65051017363527,0.13679999999999382,0.1,0.03679999999999381,0.0,33,1,121,54,55.054038494331365,58.999278689896876,49.121212121212224
220.19999999999177,215.75051017363526,0.09999999999999432,0.1,-5.689893001203927e-15,0.0,33,1,120,54,54.84113213009106,58.899278689896875,49.221212121212226
220.29999999999177,215.85051017363526,0.09999999999999432,0.1,-5.689893001203927e-15,0.0,33,1,119,54,54.628164464558104,58.79927868989687,49.32121212121222
220.39999999999176,215.95051017363525,0.09999999999999432,0.1,-5.689893001203927e-15,0.0,33,1,119,54,54.42636922815124,58.69927868989687,49.42121212121222
220.49999999999176,216.05051017363525,0.09999999999999432,0.1,-5.689893001203927e-15,0.0,33,1,120,54,54.226162812407395,58.48605495003347,49.521212121212216
220.59999999999175,216.15051017363524,0.09999999999999432,0.1,-5.689893001203927e-15,0.0,33,1,121,54,54.03422585298514,58.171192156063945,49.621212121212224
220.69999999999175,216.25051017363523,0.09999999999999432,0.1,-5.689893001203927e-15,0.0,33,1,120,54,53.84990656494943,57.570813320118376,49.721212121212226
220.79999999999174,216.35051017363523,0.09999999999999432,0.1,-5.689893001203927e-15,0.0,33,1,120,54,53.67145898533092,56.95244889924072,49.82121212121222
220.89999999999173,216.45051017363522,0.09999999999999432,0.1,-5.689893001203927e-15,0.0,33,1,119,54,53.50073822915212,56.33849989862917,49.92121212121222
220.99999999999173,216.55051017363522,0.09999999999999432,0.1,-5.689893001203927e-15,0.0,33,1,120,55,53.33657925866254,55.89208057031442,50.021212121212216
221.09999999999172,216.6505101736352,0.09999999999999432,0.1,-5.689893001203927e-15,0.0,33,1,120,55,53.17430379143176,55.79208057031442,50.12121212121222
221.19999999999172,216.7505101736352,0.09999999999999432,0.1,-5.689893001203927e-15,0.0,33,1,120,55,53.013116323269074,55.69208057031442,50.22121212121222
221.2999999999917,216.8505101736352,0.09999999999999432,0.1,-5.689893001203927e-15,0.0,33,1,120,55,52.84046805544688,55.592080570314415,50.32121212121221
221.3999999999917,216.9505101736352,0.09999999999999432,0.1,-5.689893001203927e-15,0.0,33,1,120,55,52.64799672231413,55.492080570314414,50.421212121212214
221.4999999999917,217.0505101736352,0.09999999999999432,0.1,-5.689893001203927e-15,0.0,33,1,121,55,52.41452587668343,55.39208057031441,50.521212121212216
221.5999999999917,217.15051017363518,0.09999999999999432,0.1,-5.689893001203927e-15,0.0,33,1,122,55,52.197501859866954,55.29208057031441,50.62121212121221
221.6999999999917,217.31051017363518,0.1599999999999966,0.1,0.059999999999996584,0.0,33,1,120,55,53.79685524367613,55.19208057031441,50.72121212121221
221.79999999999168,217.41051017363517,0.09999999999999432,0.1,-5.689893001203927e-15,0.0,33,1,120,55,53.57774512017491,55.09208057031441,50.821212121212206
221.89999999999168,217.57051017363517,0.1599999999999966,0.1,0.059999999999996584,0.0,33,1,119,55,55.176561007909896,57.0124533039871,50.92121212121221
221.99999999999167,217.67051017363517,0.09999999999999432,0.1,-5.689893001203927e-15,0.0,33,1,119,55,54.950371253386635,56.9124533039871,51.021212121212216
222.09999999999167,217.77051017363516,0.09999999999999432,0.1,-5.689893001203927e-15,0.0,32,1,120,54,56.447916808090746,56.99927868989685,50.80000000000007
222.19999999999166,217.87051017363515,0.09999999999999432,0.1,-5.689893001203927e-15,0.0,32,1,120,54,56.2357319888577,56.899278689896846,50.90000000000007
222.29999999999166,217.97051017363515,0.09999999999999432,0.1,-5.689893001203927e-15,0.0,32,1,120,54,56.023805019494155,56.612453303987095,51.00000000000007
222.39999999999165,218.07051017363514,0.09999999999999432,0.1,-5.689893001203927e-15,0.0,32,1,121,54,55.81272584352077,56.512453303987094,51.100000000000065
222.49999999999164,218.17051017363514,0.09999999999999432,0.1,-5.689893001203927e-15,0.0,32,1,122,54,55.601700080586504,56.41245330398709,51.20000000000007
222.59999999999164,218.27051017363513,0.09999999999999432,0.1,-5.689893001203927e-15,0.0,32,1,122,54,55.39079972412334,56.31245330398709,51.30000000000006
222.69999999999163,218.37051017363513,0.09999999999999432,0.1,-5.689893001203927e-15,0.0,32,1,123,54,55.19041908797126,55.891622564780306,51.40000000000006
222.79999999999163,218.53051017363512,0.1599999999999966,0.1,0.059999999999996584,0.0,32,1,121,53,56.8672422309437,55.28473317029269,51.500000000000064
222.89999999999162,218.63051017363512,0.09999999999999432,0.1,-5.689893001203927e-15,0.0,33,1,121,53,54.19636244181891,54.63282737531573,50.039393939394
222.99999999999162,218.7305101736351,0.09999999999999432,0.1,-5.689893001203927e-15,0.0,33,1,121,53,53.989006017455644,53.963676236884396,50.139393939394
223.0999999999916,218.8305101736351,0.09999999999999432,0.1,-5.689893001203927e-15,0.0,33,1,121,53,53.80421445801359,53.79208057031439,50.239393939394
223.1999999999916,218.9305101736351,0.09999999999999432,0.1,-5.689893001203927e-15,0.0,33,1,121,54,53.62034232326141,53.69208057031439,50.33939393939399
223.2999999999916,219.0305101736351,0.09999999999999432,0.1,-5.689893001203927e-15,0.0,33,1,120,54,53.43845218401278,53.59208057031439,50.439393939393995
223.3999999999916,219.1305101736351,0.09999999999999432,0.1,-5.689893001203927e-15,0.0,33,1,120,53,53.25623340546499,53.492080570314386,50.539393939393996
223.4999999999916,219.23051017363508,0.09999999999999432,0.1,-5.689893001203927e-15,0.0,33,1,120,53,53.07369287811664,53.392080570314384,50.63939393939399
223.59999999999158,219.35591017363507,0.12539999999998486,0.1,0.02539999999998485,0.0,33,1,119,53,53.64584230322228,55.31245330398708,50.73939393939399
223.69999999999158,219.45591017363506,0.09999999999999432,0.1,-5.689893001203927e-15,0.0,33,1,119,53,53.44826091389591,55.212453303987076,50.839393939393986
223.79999999999157,219.55591017363506,0.09999999999999432,0.1,-5.689893001203927e-15,0.0,33,1,120,53,53.249971691845815,55.112453303987074,50.93939393939399
223.89999999999156,219.65591017363505,0.09999999999999432,0.1,-5.689893001203927e-15,0.0,33,1,120,52,53.058909784436096,55.01245330398707,51.03939393939399
223.99999999999156,219.75591017363504,0.09999999999999432,0.1,-5.689893001203927e-15,0.0,33,1,120,52,52.87029751476344,54.91245330398707,51.13939393939398
224.09999999999155,219.85591017363504,0.09999999999999432,0.1,-5.689893001203927e-15,0.0,33,1,122,52,52.680392808798175,54.81245330398707,51.239393939393985
224.19999999999155,220.01591017363504,0.1599999999999966,0.1,0.059999999999996584,0.0,33,1,121,52,54.32169198740326,54.71245330398707,51.33939393939398
224.29999999999154,220.17591017363503,0.1599999999999966,0.1,0.059999999999996584,0.0,33,1,120,52,55.9691199003734,54.61245330398707,51.43939393939398
224.39999999999154,220.27591017363503,0.09999999999999432,0.1,-5.689893001203927e-15,0.0,34,1,119,51,53.41793083724738,54.699278689896815,50.026470588235334
224.49999999999153,220.37591017363502,0.09999999999999432,0.1,-5.689893001203927e-15,0.0,34,1,119,51,53.23586483389501,54.59927868989681,50.126470588235335
224.59999999999152,220.47591017363501,0.09999999999999432,0.1,-5.689893001203927e-15,0.0,34,1,119,50,53.05612696500457,54.49927868989681,50.22647058823534
224.69999999999152,220.575910173635,0.09999999999999432,0.1,-5.689893001203927e-15,0.0,34,1,118,50,52.87635968434944,54.39927868989681,50.32647058823533
224.7999999999915,220.675910173635,0.09999999999999432,0.1,-5.689893001203927e-15,0.0,34,1,118,50,52.69656299192959,54.29927868989681,50.426470588235325
224.8999999999915,220.775910173635,0.09999999999999432,0.1,-5.689893001203927e-15,0.0,34,1,118,50,52.51673688774504,54.19927868989681,50.52647058823533
224.9999999999915,220.875910173635,0.09999999999999432,0.1,-5.689893001203927e-15,0.0,34,1,118,50,52.33688137179578,54.099278689896806,50.62647058823533
225.0999999999915,220.975910173635,0.09999999999999432,0.1,-5.689893001203927e-15,0.0,34,1,118,50,52.15699644408182,53.999278689896805,50.72647058823533
225.1999999999915,221.07591017363498,0.09999999999999432,0.1,-5.689893001203927e-15,0.0,34,1,118,50,51.977082104603156,53.8992786898968,50.826470588235324
225.29999999999148,221.17591017363497,0.09999999999999432,0.1,-5.689893001203927e-15,0.0,34,1,119,50,51.797138353359784,53.7992786898968,50.926470588235325
225.39999999999148,221.27591017363497,0.09999999999999432,0.1,-5.689893001203927e-15,0.0,34,1,119,50,51.59669460211641,53.6992786898968,51.02647058823533
225.49999999999147,221.37591017363496,0.09999999999999432,0.1,-5.689893001203927e-15,0.0,34,1,120,50,51.396192027343616,53.5992786898968,51.12647058823532
225.59999999999147,221.47591017363496,0.09999999999999432,0.1,-5.689893001203927e-15,0.0,34,1,120,49,51.19660145693007,53.4992786898968,51.22647058823532
225.69999999999146,221.57591017363495,0.09999999999999432,0.1,-5.689893001203927e-15,0.0,34,1,120,49,51.00842483554822,53.399278689896796,51.32647058823532
225.79999999999146,221.67591017363495,0.09999999999999432,0.1,-5.689893001203927e-15,0.0,34,1,121,50,50.82867347276501,53.299278689896795,51.42647058823532
225.89999999999145,221.77591017363494,0.09999999999999432,0.1,-5.689893001203927e-15,0.0,34,1,121,50,50.65310532751643,53.19927868989679,51.52647058823532
225.99999999999145,221.87591017363494,0.09999999999999432,0.1,-5.689893001203927e-15,0.0,34,1,121,50,50.48172039980246,53.09927868989679,51.62647058823532
226.09999999999144,221.97591017363493,0.09999999999999432,0.1,-5.689893001203927e-15,0.0,34,1,121,51,50.31027664855909,52.99927868989679,51.726470588235316
226.19999999999143,222.07591017363492,0.09999999999999432,0.1,-5.689893001203927e-15,0.0,34,1,121,51,50.13877407378631,52.89927868989679,51.82647058823531
226.29999999999143,222.17591017363492,0.09999999999999432,0.1,-5.689893001203927e-15,0.0,34,1,121,51,49.967212675484106,52.79927868989679,51.92647058823531
226.39999999999142,222.2759101736349,0.09999999999999432,0.1,-5.689893001203927e-15,0.0,34,1,125,52,49.7955924536525,52.699278689896786,52.02647058823531
226.49999999999142,222.3759101736349,0.09999999999999432,0.1,-5.689893001203927e-15,0.0,34,1,126,52,49.62391340829148,52.599278689896785,52.126470588235314
226.5999999999914,222.4759101736349,0.09999999999999432,0.1,-5.689893001203927e-15,0.0,34,1,126,52,49.4545222534963,52.499278689896784,52.22647058823531
226.6999999999914,222.5759101736349,0.09999999999999432,0.1,-5.689893001203927e-15,0.0,34,1,126,52,49.29110608786341,52.39927868989678,52.32647058823531
226.7999999999914,222.6759101736349,0.09999999999999432,0.1,-5.689893001203927e-15,0.0,34,1,125,52,49.13508096304352,52.29927868989678,52.426470588235304
226.8999999999914,222.77591017363488,0.09999999999999432,0.1,-5.689893001203927e-15,0.0,34,1,125,52,48.98872380735225,52.19927868989678,52.526470588235306
226.9999999999914,222.87591017363488,0.09999999999999432,0.1,-5.689893001203927e-15,0.0,34,1,125,51,48.84587086617578,52.09927868989678,52.62647058823531
227.09999999999138,222.97591017363487,0.09999999999999432,0.1,-5.689893001203927e-15,0.0,34,1,124,51,48.7029591014699,51.99927868989678,52.7264705882353
227.19999999999138,223.07591017363487,0.09999999999999432,0.1,-5.689893001203927e-15,0.0,34,1,124,51,48.55998851323461,51.899278689896775,52.8264705882353
227.29999999999137,223.17591017363486,0.09999999999999432,0.1,-5.689893001203927e-15,0.0,34,1,124,51,48.4169591014699,51.799278689896774,52.926470588235304
227.39999999999137,223.27591017363486,0.09999999999999432,0.1,-5.689893001203927e-15,0.0,34,1,123,51,48.27387086617579,51.69927868989677,53.0264705882353
227.49999999999136,223.37591017363485,0.09999999999999432,0.1,-5.689893001203927e-15,0.0,34,1,123,51,48.13072380735226,51.59927868989677,53.1264705882353
227.59999999999135,223.47591017363484,0.09999999999999432,0.1,-5.689893001203927e-15,0.0,34,1,123,50,47.98751792499932,51.49927868989677,53.226470588235294
227.69999999999135,223.57591017363484,0.09999999999999432,0.1,-5.689893001203927e-15,0.0,34,1,123,50,47.84425321911697,51.39927868989677,53.32647058823529
227.79999999999134,223.67591017363483,0.09999999999999432,0.1,-5.689893001203927e-15,0.0,34,1,123,50,47.68594898835995,51.29927868989677,53.4264705882353
227.89999999999134,223.83591017363483,0.1599999999999966,0.1,0.059999999999996584,0.0,34,1,122,50,49.29256663541879,51.199278689896765,53.52647058823529
227.99999999999133,223.93591017363482,0.09999999999999432,0.1,-5.689893001203927e-15,0.0,34,1,122,50,49.134419576595256,51.099278689896764,53.626470588235286
228.09999999999133,224.03591017363482,0.09999999999999432,0.1,-5.689893001203927e-15,0.0,34,1,122,50,48.976131156023314,50.99927868989676,53.72647058823529
228.19999999999132,224.1359101736348,0.09999999999999432,0.1,-5.689893001203927e-15,0.0,34,1,121,50,48.81469019755085,50.89927868989676,53.82647058823528
228.29999999999131,224.2959101736348,0.1599999999999966,0.1,0.059999999999996584,0.0,34,1,120,50,50.42107255049204,50.79927868989676,53.92647058823528
228.3999999999913,224.3959101736348,0.09999999999999432,0.1,-5.689893001203927e-15,0.0,35,1,120,50,48.111842816989885,50.69927868989676,52.48571428571427
228.4999999999913,224.4959101736348,0.09999999999999432,0.1,-5.689893001203927e-15,0.0,35,1,119,50,47.93879146286644,50.59927868989676,52.585714285714275
228.5999999999913,224.5959101736348,0.09999999999999432,0.1,-5.689893001203927e-15,0.0,35,1,120,50,47.76701263940857,50.499278689896755,52.685714285714276
228.6999999999913,224.6959101736348,0.09999999999999432,0.1,-5.689893001203927e-15,0.0,35,1,120,50,47.5925890772023,50.399278689896754,52.78571428571426
228.7999999999913,224.79591017363478,0.09999999999999432,0.1,-5.689893001203927e-15,0.0,34,1,120,50,48.84824825051765,54.043639945381514,52.19411764705881
228.89999999999128,224.89591017363477,0.09999999999999432,0.1,-5.689893001203927e-15,0.0,34,1,119,50,48.67371883875294,53.94363994538151,52.294117647058805
228.99999999999127,224.99591017363477,0.09999999999999432,0.1,-5.689893001203927e-15,0.0,34,1,119,51,48.49913060345882,53.84363994538151,52.3941176470588
229.09999999999127,225.09591017363476,0.09999999999999432,0.1,-5.689893001203927e-15,0.0,33,1,119,50,49.81521471568716,53.74363994538151,51.86363636363634
229.19999999999126,225.19591017363476,0.09999999999999432,0.1,-5.689893001203927e-15,0.0,33,1,120,51,49.63827532174776,53.64363994538151,51.96363636363633
229.29999999999126,225.29591017363475,0.09999999999999432,0.1,-5.689893001203927e-15,0.0,33,1,120,51,49.310383260543595,52.425639945381526,52.063636363636334
229.39999999999125,225.42171017363475,0.12579999999999814,0.1,0.02579999999999813,0.0,33,1,119,51,49.79032265448299,51.206639945381546,52.16363636363633
229.49999999999125,225.58171017363475,0.1599999999999966,0.1,0.059999999999996584,0.0,33,1,118,51,51.296430239876756,50.6090183267321,52.26363636363633
229.59999999999124,225.68171017363474,0.09999999999999432,0.1,-5.689893001203927e-15,0.0,32,1,117,51,52.60621572421436,51.41066929876674,51.69374999999996
229.69999999999123,225.78171017363474,0.09999999999999432,0.1,-5.689893001203927e-15,0.0,32,1,117,51,52.311527179208596,50.49966929876674,51.79374999999996
229.79999999999123,225.88171017363473,0.09999999999999432,0.1,-5.689893001203927e-15,0.0,32,1,117,51,52.075231744980044,49.58766929876674,51.89374999999996
229.89999999999122,225.98171017363472,0.09999999999999432,0.1,-5.689893001203927e-15,0.0,32,1,117,51,51.8830977063267,49.19927868989674,51.993749999999956
229.99999999999122,226.08171017363472,0.09999999999999432,0.1,-5.689893001203927e-15,0.0,32,1,117,51,51.69099140900437,49.099278689896735,52.09374999999996
230.0999999999912,226.1817101736347,0.09999999999999432,0.1,-5.689893001203927e-15,0.0,32,1,117,51,51.4988675513703,48.999278689896734,52.19374999999995
230.1999999999912,226.2817101736347,0.09999999999999432,0.1,-5.689893001203927e-15,0.0,32,1,117,51,51.30671286127437,48.89927868989673,52.29374999999995
230.2999999999912,226.3817101736347,0.09999999999999432,0.1,-5.689893001203927e-15,0.0,32,1,116,50,51.114529016382996,48.79927868989673,52.393749999999955
230.3999999999912,226.5417101736347,0.1599999999999966,0.1,0.059999999999996584,0.0,32,1,115,50,52.7973266416362,48.69927868989673,52.49374999999995
230.4999999999912,226.7017101736347,0.1599999999999966,0.1,0.059999999999996584,0.0,32,1,114,51,54.438292659420135,48.59927868989673,52.59374999999995
230.59999999999118,226.8017101736347,0.09999999999999432,0.1,-5.689893001203927e-15,0.0,32,1,114,51,54.20967696244259,48.49927868989673,52.69374999999995
230.69999999999118,226.9379101736347,0.13620000000000232,0.1,0.036200000000002314,0.0,32,1,113,52,55.1119122960632,48.399278689896725,52.793749999999946
230.79999999999117,227.03791017363469,0.09999999999999432,0.1,-5.689893001203927e-15,0.0,33,1,114,52,52.46699105214053,48.299278689896724,51.29393939393934
230.89999999999117,226.458567433206,-0.5793427404286717,0.1,0.05999999999998962,0.7393427404286613,32,1,113,52,53.41537583376442,48.19927868989672,52.99374999999994
230.99999999999116,226.558567433206,0.09999999999999432,0.1,-5.689893001203927e-15,0.0,31,1,113,52,54.91231313018265,48.09927868989672,52.89032258064508
231.09999999999116,226.658567433206,0.09999999999999432,0.1,-5.689893001203927e-15,0.0,31,1,113,52,54.68324100440671,47.99927868989672,52.990322580645085
231.19999999999115,225.6201256501808,-1.0384417830252062,0.1,-1.8207657603852567e-14,1.138441783025188,30,1,114,52,52.472755535759816,47.89927868989672,54.76333333333325
231.29999999999114,225.7201256501808,0.09999999999999432,0.1,-5.689893001203927e-15,0.0,30,1,114,51,52.255749761705566,47.79927868989672,54.86333333333325
231.39999999999114,225.82012565018078,0.09999999999999432,0.1,-5.689893001203927e-15,0.0,30,1,113,51,52.03800762562987,47.699278689896715,54.963333333333246
231.49999999999113,225.92012565018078,0.09999999999999432,0.1,-5.689893001203927e-15,0.0,30,1,112,51,51.821577397169946,47.599278689896714,55.06333333333325
231.59999999999113,226.02012565018077,0.09999999999999432,0.1,-5.689893001203927e-15,0.0,30,1,112,50,51.60531444797173,47.49927868989671,55.16333333333325
231.69999999999112,226.12012565018077,0.09999999999999432,0.1,-5.689893001203927e-15,0.0,30,1,112,50,51.38869487796106,47.39927868989671,55.26333333333324
231.79999999999112,226.22012565018076,0.09999999999999432,0.1,-5.689893001203927e-15,0.0,30,1,113,50,51.12927477310878,47.29927868989671,55.363333333333244
231.8999999999911,226.38012565018076,0.1599999999999966,0.1,0.059999999999996584,0.0,30,1,111,50,52.879678841513375,47.19927868989671,55.46333333333324
231.9999999999911,226.48012565018075,0.09999999999999432,0.1,-5.689893001203927e-15,0.0,30,1,112,50,52.622787077949205,47.09927868989671,55.56333333333324
232.0999999999911,226.58012565018075,0.09999999999999432,0.1,-5.689893001203927e-15,0.0,30,1,112,50,52.340754986677176,46.999278689896705,55.663333333333235
232.1999999999911,226.68012565018074,0.09999999999999432,0.1,-5.689893001203927e-15,0.0,30,1,111,50,52.06588524536725,46.899278689896704,55.763333333333236
232.2999999999911,226.78012565018074,0.09999999999999432,0.1,-5.689893001203927e-15,0.0,30,1,111,50,51.750203199362495,46.7992786898967,55.86333333333324
232.39999999999108,226.88012565018073,0.09999999999999432,0.1,-5.689893001203927e-15,0.0,29,1,111,50,53.21415383580456,46.6992786898967,55.81034482758608
232.49999999999108,226.98012565018072,0.09999999999999432,0.1,-5.689893001203927e-15,0.0,29,1,111,50,52.89618831856318,46.5992786898967,55.91034482758609
232.59999999999107,227.14012565018072,0.1599999999999966,0.1,0.059999999999996584,0.0,29,1,110,50,54.64705038752872,48.467785223546564,56.01034482758608
232.69999999999106,227.24012565018072,0.09999999999999432,0.1,-5.689893001203927e-15,0.0,29,1,109,48,54.32880900821837,47.86778522354656,56.11034482758608
232.79999999999106,227.3401256501807,0.09999999999999432,0.1,-5.689893001203927e-15,0.0,29,1,108,48,53.99356692222227,47.26778522354656,56.21034482758608
232.89999999999105,227.5601256501807,0.21999999999999886,0.1,0.11999999999999886,0.0,29,1,106,48,57.69994090746511,49.97633619380611,56.31034482758607
232.99999999999105,227.6601256501807,0.09999999999999432,0.1,-5.689893001203927e-15,0.0,30,1,106,48,54.55131279994368,55.6513719359303,54.5333333333332
233.09999999999104,227.8801256501807,0.21999999999999886,0.1,0.11999999999999886,0.0,30,1,104,48,58.138789869684544,55.12351699031856,54.633333333333205
233.19999999999104,227.9801256501807,0.09999999999999432,0.1,-5.689893001203927e-15,0.0,30,1,104,48,56.90160289090963,59.257666029228716,52.666666666666515
233.29999999999103,228.2001256501807,0.21999999999999886,0.1,0.11999999999999886,0.0,30,1,103,47,60.468468825110584,59.157666029228714,52.76666666666652
233.39999999999102,228.3001256501807,0.09999999999999432,0.1,-5.689893001203927e-15,0.0,31,1,103,47,57.2824784885316,59.05766602922871,51.16451612903211
233.49999999999102,228.40012565018068,0.09999999999999432,0.1,-5.689893001203927e-15,0.0,31,1,103,47,56.82571894751933,58.95766602922871,51.2645161290321
233.599999999991,228.50012565018068,0.09999999999999432,0.1,-5.689893001203927e-15,0.0,31,1,103,47,56.36043062062526,58.85766602922871,51.36451612903211
233.699999999991,228.68312565018067,0.18299999999999272,0.1,0.08299999999999272,0.0,30,1,101,47,60.64736768921553,58.972586013898756,49.303333333333256
233.799999999991,228.78312565018066,0.09999999999999432,0.1,-5.689893001203927e-15,0.0,30,1,101,47,60.23166523884576,58.872586013898754,49.40333333333326
233.899999999991,228.88312565018066,0.09999999999999432,0.1,-5.689893001203927e-15,0.0,30,1,101,46,59.81724952942871,58.77258601389875,49.50333333333325
233.999999999991,228.98312565018065,0.09999999999999432,0.1,-5.689893001203927e-15,0.0,30,1,101,46,59.43778122607526,58.67258601389875,49.60333333333325
234.09999999999098,229.14312565018065,0.1599999999999966,0.1,0.059999999999996584,0.0,30,1,100,46,61.06018741989884,58.57258601389875,49.70333333333325
234.19999999999098,229.28932565018064,0.14619999999999322,0.1,0.04619999999999322,0.0,31,1,99,46,59.41236042706913,58.78767252632961,48.19999999999991
234.29999999999097,229.38932565018064,0.09999999999999432,0.1,-5.689893001203927e-15,0.0,31,1,99,46,59.03620965974606,58.68767252632961,48.29999999999992
234.39999999999097,229.48932565018063,0.09999999999999432,0.1,-5.689893001203927e-15,0.0,31,1,99,47,58.65453011069907,58.587672526329605,48.39999999999991
234.49999999999096,229.58932565018063,0.09999999999999432,0.1,-5.689893001203927e-15,0.0,31,1,99,47,58.27221918509772,58.487672526329604,48.499999999999915
234.59999999999096,229.68932565018062,0.09999999999999432,0.1,-5.689893001203927e-15,0.0,31,1,99,47,57.895202570829014,58.3876725263296,48.59999999999991
234.69999999999095,229.81612565018062,0.1268000000000029,0.1,0.026800000000002905,0.0,31,1,99,47,58.38248165245158,58.2876725263296,48.69999999999991
234.79999999999094,229.91612565018062,0.09999999999999432,0.1,-5.689893001203927e-15,0.0,31,1,99,47,58.00314865888428,58.1876725263296,48.79999999999991
234.89999999999094,230.0161256501806,0.09999999999999432,0.1,-5.689893001203927e-15,0.0,31,1,99,47,57.62068581340068,58.0876725263296,48.899999999999906
234.99999999999093,230.1161256501806,0.09999999999999432,0.1,-5.689893001203927e-15,0.0,31,1,99,47,57.24192577363699,57.9876725263296,48.99999999999991
235.09999999999093,230.2161256501806,0.09999999999999432,0.1,-5.689893001203927e-15,0.0,31,1,100,47,56.86328158880472,57.887672526329595,49.09999999999991
235.19999999999092,230.3161256501806,0.09999999999999432,0.1,-5.689893001203927e-15,0.0,31,1,100,47,56.485820064024466,57.787672526329594,49.1999999999999
235.29999999999092,230.4761256501806,0.1599999999999966,0.1,0.059999999999996584,0.0,31,1,99,47,58.04806360922298,57.68767252632959,49.299999999999905
235.3999999999909,230.5761256501806,0.09999999999999432,0.1,-5.689893001203927e-15,0.0,31,1,99,46,57.67513679813848,57.58767252632959,49.3999999999999
235.4999999999909,230.67612565018058,0.09999999999999432,0.1,-5.689893001203927e-15,0.0,31,1,99,46,57.296243235640475,57.48767252632959,49.49999999999991
235.5999999999909,230.77612565018057,0.09999999999999432,0.1,-5.689893001203927e-15,0.0,30,1,99,46,58.91677318735188,57.85953707069291,47.92999999999994
235.6999999999909,230.87612565018057,0.09999999999999432,0.1,-5.689893001203927e-15,0.0,30,1,100,45,58.546438208298454,57.40001868687912,48.029999999999944
235.7999999999909,230.97612565018056,0.09999999999999432,0.1,-5.689893001203927e-15,0.0,30,1,100,46,58.17497796928534,57.187672526329585,48.129999999999946
235.89999999999088,231.07612565018056,0.09999999999999432,0.1,-5.689893001203927e-15,0.0,29,1,100,46,59.854596085527724,56.772586013898724,47.206896551724085
235.99999999999088,231.23612565018055,0.1599999999999966,0.1,0.059999999999996584,0.0,29,1,98,46,61.58520127051631,56.67258601389872,47.30689655172408
236.09999999999087,231.33612565018055,0.09999999999999432,0.1,-5.689893001203927e-15,0.0,30,1,99,46,58.36670764511074,56.88767252632958,45.82999999999994
236.19999999999087,231.43612565018054,0.09999999999999432,0.1,-5.689893001203927e-15,0.0,30,1,99,46,58.01726095981024,56.78767252632958,45.92999999999994
236.29999999999086,231.53612565018054,0.09999999999999432,0.1,-5.689893001203927e-15,0.0,30,1,99,46,57.6684933597787,56.68767252632958,46.029999999999944
236.39999999999085,231.63612565018053,0.09999999999999432,0.1,-5.689893001203927e-15,0.0,30,1,99,46,57.330165404412,56.50657170232079,46.129999999999946
236.49999999999085,231.73612565018053,0.09999999999999432,0.1,-5.689893001203927e-15,0.0,30,1,99,46,57.010273821108925,56.172586013898716,46.22999999999994
236.59999999999084,231.83612565018052,0.09999999999999432,0.1,-5.689893001203927e-15,0.0,30,1,101,46,56.695409993724226,56.072586013898714,46.32999999999994
236.69999999999084,231.93612565018051,0.09999999999999432,0.1,-5.689893001203927e-15,0.0,30,1,101,46,56.38115039722357,55.97258601389871,46.429999999999936
236.79999999999083,232.0563256501805,0.12019999999998277,0.1,0.02019999999998276,0.0,30,1,100,46,56.73550744815141,56.18767252632957,46.52999999999994
236.89999999999083,232.1563256501805,0.09999999999999432,0.1,-5.689893001203927e-15,0.0,29,1,100,46,58.41214638224408,56.08767252632957,46.020689655172326
236.99999999999082,232.2563256501805,0.09999999999999432,0.1,-5.689893001203927e-15,0.0,29,1,100,46,58.12500886972346,55.98767252632957,46.12068965517233
237.0999999999908,232.35632565018048,0.09999999999999432,0.1,-5.689893001203927e-15,0.0,29,1,100,46,57.840381983973444,55.88767252632957,46.22068965517232
237.1999999999908,232.45632565018047,0.09999999999999432,0.1,-5.689893001203927e-15,0.0,29,1,101,46,57.55917117301858,55.787672526329565,46.320689655172316
237.2999999999908,232.55632565018047,0.09999999999999432,0.1,-5.689893001203927e-15,0.0,29,1,101,46,57.27613867230039,55.687672526329564,46.420689655172325
237.3999999999908,232.65632565018046,0.09999999999999432,0.1,-5.689893001203927e-15,0.0,29,1,101,46,56.99191795487605,55.58767252632956,46.52068965517232
237.4999999999908,232.75632565018046,0.09999999999999432,0.1,-5.689893001203927e-15,0.0,29,2,100,46,56.70834928445642,55.48767252632956,46.62068965517232
237.59999999999079,232.85632565018045,0.09999999999999432,0.1,-5.689893001203927e-15,0.0,29,2,101,47,56.43083268032066,55.38767252632956,46.720689655172315
237.69999999999078,232.95632565018045,0.09999999999999432,0.1,-5.689893001203927e-15,0.0,29,2,102,47,56.15981812677977,55.28767252632956,46.82068965517231
237.79999999999077,233.05632565018044,0.09999999999999432,0.1,-5.689893001203927e-15,0.0,29,2,102,47,55.89334965230516,55.18767252632956,46.92068965517231
237.89999999999077,233.15632565018043,0.09999999999999432,0.1,-5.689893001203927e-15,0.0,29,2,102,47,55.635447720818085,55.087672526329555,47.02068965517231
237.99999999999076,233.25632565018043,0.09999999999999432,0.1,-5.689893001203927e-15,0.0,29,2,101,47,55.381619463084355,54.987672526329554,47.12068965517231
238.09999999999076,233.35632565018042,0.09999999999999432,0.1,-5.689893001203927e-15,0.0,29,2,101,47,55.11788036445311,54.88767252632955,47.22068965517231
238.19999999999075,233.45632565018042,0.09999999999999432,0.1,-5.689893001203927e-15,0.0,29,2,101,47,54.85749443545957,54.51865774365283,47.32068965517231
238.29999999999075,232.83459569479152,-0.6217299553889006,0.1,-1.7319479184152442e-14,0.7217299553888833,28,2,103,47,53.9685529116212,54.37258601389869,47.41071428571416
238.39999999999074,232.9345956947915,0.09999999999999432,0.1,-5.689893001203927e-15,0.0,28,2,103,47,53.70117850618375,54.27258601389869,47.51071428571415
238.49999999999073,233.0345956947915,0.09999999999999432,0.1,-5.689893001203927e-15,0.0,28,2,104,47,53.433608793226206,54.17258601389869,47.61071428571415
238.59999999999073,233.1345956947915,0.09999999999999432,0.1,-5.689893001203927e-15,0.0,28,2,103,47,53.16736920166727,54.072586013898686,47.710714285714154
238.69999999999072,233.2345956947915,0.09999999999999432,0.1,-5.689893001203927e-15,0.0,28,2,103,47,52.91256609283254,53.972586013898685,47.81071428571415
238.79999999999072,233.3345956947915,0.09999999999999432,0.1,-5.689893001203927e-15,0.0,28,2,103,47,52.65884712069116,53.87258601389868,47.91071428571415
238.8999999999907,233.43459569479148,0.09999999999999432,0.1,-5.689893001203927e-15,0.0,28,2,104,47,52.40615615234775,53.557666029228635,48.010714285714144
238.9999999999907,233.53459569479148,0.09999999999999432,0.1,-5.689893001203927e-15,0.0,28,2,104,47,52.15315574746188,53.45766602922863,48.110714285714145
239.0999999999907,233.63459569479147,0.09999999999999432,0.1,-5.689893001203927e-15,0.0,28,2,105,47,51.89961228700097,53.35766602922863,48.21071428571414
239.1999999999907,233.73459569479147,0.09999999999999432,0.1,-5.689893001203927e-15,0.0,28,2,106,47,51.64633499645022,53.25766602922863,48.31071428571414
239.2999999999907,233.83459569479146,0.09999999999999432,0.1,-5.689893001203927e-15,0.0,28,2,106,48,51.39279926133609,53.15766602922863,48.41071428571414
239.39999999999068,233.93459569479145,0.09999999999999432,0.1,-5.689893001203927e-15,0.0,28,2,105,48,51.139651854405805,53.05766602922863,48.510714285714144
239.49999999999068,234.09459569479145,0.1599999999999966,0.1,0.059999999999996584,0.0,28,2,104,47,53.030379935374775,53.17258601389867,48.610714285714145
239.59999999999067,234.19459569479145,0.09999999999999432,0.1,-5.689893001203927e-15,0.0,28,2,104,47,52.78673218950875,53.07258601389867,48.71071428571414
239.69999999999067,234.29459569479144,0.09999999999999432,0.1,-5.689893001203927e-15,0.0,28,2,104,47,52.527811734321844,52.97258601389867,48.81071428571414
239.79999999999066,234.39459569479143,0.09999999999999432,0.1,-5.689893001203927e-15,0.0,27,2,103,47,54.28008660894278,52.87258601389867,47.34444444444433
239.89999999999065,234.49459569479143,0.09999999999999432,0.1,-5.689893001203927e-15,0.0,27,2,103,47,54.02859867657188,52.77258601389867,47.444444444444315
239.99999999999065,234.59459569479142,0.09999999999999432,0.1,-5.689893001203927e-15,0.0,27,2,102,47,53.77504251376311,52.672586013898666,47.544444444444316
240.09999999999064,234.69459569479142,0.09999999999999432,0.1,-5.689893001203927e-15,0.0,27,2,101,47,53.52454373954736,52.572586013898665,47.644444444444325
240.19999999999064,234.7945956947914,0.09999999999999432,0.1,-5.689893001203927e-15,0.0,27,2,103,47,53.274854704232695,52.47258601389866,47.74444444444431
240.29999999999063,234.8945956947914,0.09999999999999432,0.1,-5.689893001203927e-15,0.0,27,2,105,47,53.02503626414158,52.37258601389866,47.84444444444431
240.39999999999063,234.9945956947914,0.09999999999999432,0.1,-5.689893001203927e-15,0.0,27,2,105,47,52.774801181356985,52.05766602922861,47.944444444444315
240.49999999999062,235.0945956947914,0.09999999999999432,0.1,-5.689893001203927e-15,0.0,27,2,107,48,52.53810619138961,51.95766602922861,48.04444444444431
240.59999999999062,235.1945956947914,0.09999999999999432,0.1,-5.689893001203927e-15,0.0,27,2,107,48,52.30608903850402,51.85766602922861,48.14444444444431
240.6999999999906,235.29459569479138,0.09999999999999432,0.1,-5.689893001203927e-15,0.0,27,2,106,48,52.05046584541652,51.75766602922861,48.24444444444431
240.7999999999906,235.39459569479138,0.09999999999999432,0.1,-5.689893001203927e-15,0.0,27,2,106,48,51.80001730862732,51.65766602922861,48.344444444444306
240.8999999999906,235.49459569479137,0.09999999999999432,0.1,-5.689893001203927e-15,0.0,27,2,105,48,51.54949252947185,51.557666029228606,48.44444444444431
240.9999999999906,235.59459569479137,0.09999999999999432,0.1,-5.689893001203927e-15,0.0,27,2,105,48,51.2990388738956,51.457666029228605,48.54444444444431
241.0999999999906,235.69459569479136,0.09999999999999432,0.1,-5.689893001203927e-15,0.0,27,2,105,48,51.04842975028779,51.357666029228604,48.644444444444304
241.19999999999058,235.56630819180629,-0.1282875029850743,0.1,-7.299716386910404e-15,0.228287502985067,26,2,106,48,51.873901186061225,51.47258601389865,49.71538461538447
241.29999999999058,235.66630819180628,0.09999999999999432,0.1,-5.689893001203927e-15,0.0,26,2,105,48,51.63655844353295,51.37258601389865,49.81538461538447
241.39999999999057,235.76630819180627,0.09999999999999432,0.1,-5.689893001203927e-15,0.0,26,2,104,48,51.39938167678157,51.272586013898646,49.91538461538447
241.49999999999056,235.86630819180627,0.09999999999999432,0.1,-5.689893001203927e-15,0.0,26,2,105,48,51.16242524358359,51.172586013898645,50.01538461538446
241.59999999999056,235.96630819180626,0.09999999999999432,0.1,-5.689893001203927e-15,0.0,26,2,105,48,50.92485483026929,51.07258601389864,50.11538461538446
241.69999999999055,236.06630819180626,0.09999999999999432,0.1,-5.689893001203927e-15,0.0,26,2,104,48,50.64672540657421,50.97258601389864,50.215384615384465
241.79999999999055,236.16630819180625,0.09999999999999432,0.1,-5.689893001203927e-15,0.0,26,2,103,48,50.36801636012139,50.87258601389864,50.31538461538446
241.89999999999054,236.26630819180625,0.09999999999999432,0.1,-5.689893001203927e-15,0.0,26,2,104,48,50.089703001523205,50.77258601389864,50.415384615384454
241.99999999999054,236.36630819180624,0.09999999999999432,0.1,-5.689893001203927e-15,0.0,26,2,103,48,49.81078073635077,50.67258601389864,50.515384615384455
242.09999999999053,236.46630819180623,0.09999999999999432,0.1,-5.689893001203927e-15,0.0,26,2,103,48,49.53157356949241,50.572586013898636,50.61538461538446
242.19999999999052,236.56630819180623,0.09999999999999432,0.1,-5.689893001203927e-15,0.0,26,2,103,48,49.25225534142947,50.472586013898635,50.71538461538445
242.29999999999052,236.66630819180622,0.09999999999999432,0.1,-5.689893001203927e-15,0.0,26,2,102,48,48.97373396159939,50.37258601389863,50.81538461538445
242.3999999999905,236.76630819180622,0.09999999999999432,0.1,-5.689893001203927e-15,0.0,26,2,103,48,48.647833399841346,50.27258601389863,50.91538461538445
242.4999999999905,236.8663081918062,0.09999999999999432,0.1,-5.689893001203927e-15,0.0,26,2,103,48,48.32238908859942,50.17258601389863,51.015384615384455
242.5999999999905,236.9663081918062,0.09999999999999432,0.1,-5.689893001203927e-15,0.0,26,2,103,48,48.008609891219834,50.07258601389863,51.11538461538445
242.6999999999905,237.0663081918062,0.09999999999999432,0.1,-5.689893001203927e-15,0.0,26,2,104,48,47.705227287667654,49.97258601389863,51.215384615384444
242.7999999999905,237.1663081918062,0.09999999999999432,0.1,-5.689893001203927e-15,0.0,26,2,104,48,47.39331623085171,49.872586013898626,51.315384615384446
242.89999999999048,237.2663081918062,0.09999999999999432,0.1,-5.689893001203927e-15,0.0,25,2,103,48,49.10225753127608,49.772586013898625,48.70399999999992
242.99999999999048,237.36630819180618,0.09999999999999432,0.1,-5.689893001203927e-15,0.0,25,2,101,48,48.829168270505605,49.67258601389862,48.803999999999924
243.09999999999047,237.46630819180618,0.09999999999999432,0.1,-5.689893001203927e-15,0.0,25,2,102,48,48.572997592220545,49.57258601389862,48.903999999999925
243.19999999999047,237.56630819180617,0.09999999999999432,0.1,-5.689893001203927e-15,0.0,25,2,101,48,48.31961617629479,49.47258601389862,49.00399999999991
243.29999999999046,237.66630819180617,0.09999999999999432,0.1,-5.689893001203927e-15,0.0,25,2,101,48,48.06610853149431,49.37258601389862,49.103999999999914
243.39999999999046,237.76630819180616,0.09999999999999432,0.1,-5.689893001203927e-15,0.0,25,2,102,49,47.81247818592095,49.23432459314217,49.203999999999915
243.49999999999045,237.86630819180616,0.09999999999999432,0.1,-5.689893001203927e-15,0.0,25,2,101,50,47.558726550358976,48.95766602922857,49.30399999999992
243.59999999999044,237.96630819180615,0.09999999999999432,0.1,-5.689893001203927e-15,0.0,25,2,101,50,47.30506366052018,48.85766602922857,49.40399999999991
243.69999999999044,238.06630819180614,0.09999999999999432,0.1,-5.689893001203927e-15,0.0,25,2,100,50,47.051264556434546,48.75766602922857,49.50399999999991
243.79999999999043,238.16630819180614,0.09999999999999432,0.1,-5.689893001203927e-15,0.0,25,2,100,50,46.7973179695712,48.657666029228565,49.603999999999914
243.89999999999043,238.26630819180613,0.09999999999999432,0.1,-5.689893001203927e-15,0.0,25,2,99,50,46.54324560889719,48.557666029228564,49.70399999999991
243.99999999999042,238.36630819180613,0.09999999999999432,0.1,-5.689893001203927e-15,0.0,25,2,99,50,46.289057095881724,48.45766602922856,49.8039999999999
244.09999999999042,238.46630819180612,0.09999999999999432,0.1,-5.689893001203927e-15,0.0,25,2,99,50,46.03475738241828,48.35766602922856,49.903999999999904
244.1999999999904,238.56630819180612,0.09999999999999432,0.1,-5.689893001203927e-15,0.0,25,2,99,51,45.78034974789439,48.25766602922856,50.003999999999905
244.2999999999904,238.6663081918061,0.09999999999999432,0.1,-5.689893001203927e-15,0.0,25,2,99,51,45.505205795514115,48.15766602922856,50.10399999999991
244.3999999999904,238.7945081918061,0.12819999999999254,0.1,0.028199999999992537,0.0,25,2,99,51,46.35858601351521,48.05766602922856,50.20399999999991
244.4999999999904,238.8945081918061,0.09999999999999432,0.1,-5.689893001203927e-15,0.0,25,2,99,51,46.054757528745576,47.957666029228555,50.3039999999999
244.5999999999904,239.0269081918061,0.13239999999998986,0.1,0.032399999999989854,0.0,25,2,98,50,47.03430897951583,47.857666029228554,50.403999999999904
244.69999999999038,239.12690819180608,0.09999999999999432,0.1,-5.689893001203927e-15,0.0,25,2,98,50,46.72642630149614,47.105298478502945,50.5039999999999
244.79999999999038,239.22690819180607,0.09999999999999432,0.1,-5.689893001203927e-15,0.0,25,2,99,50,46.41208029760409,46.47466157059215,50.6039999999999
244.89999999999037,239.32690819180607,0.09999999999999432,0.1,-5.689893001203927e-15,0.0,24,2,99,50,48.08354070577577,47.55766602922855,48.26249999999997
244.99999999999037,239.42690819180606,0.09999999999999432,0.1,-5.689893001203927e-15,0.0,24,2,100,50,47.77887736626664,47.45766602922855,48.362499999999976
245.09999999999036,239.52690819180606,0.09999999999999432,0.1,-5.689893001203927e-15,0.0,24,2,100,50,47.49399566846852,47.35766602922855,48.46249999999997
245.19999999999035,239.62690819180605,0.09999999999999432,0.1,-5.689893001203927e-15,0.0,24,2,101,50,47.21101462720858,47.257666029228545,48.56249999999997
245.29999999999035,239.72690819180605,0.09999999999999432,0.1,-5.689893001203927e-15,0.0,24,2,102,50,46.92997490800037,47.157666029228544,48.662499999999966
245.39999999999034,239.82690819180604,0.09999999999999432,0.1,-5.689893001203927e-15,0.0,24,2,102,50,46.649131303900454,47.05766602922854,48.76249999999997
245.49999999999034,239.92690819180604,0.09999999999999432,0.1,-5.689893001203927e-15,0.0,24,2,102,50,46.367744016064684,46.95766602922854,48.86249999999996
245.59999999999033,239.92478140623587,-0.0021267855701694316,0.1,7.327471962526033e-15,0.10212678557017676,23,2,103,50,47.645296316466435,46.85766602922854,50.09999999999996
245.69999999999033,240.02478140623586,0.09999999999999432,0.1,-5.689893001203927e-15,0.0,23,2,103,50,47.37731275853849,46.75766602922854,50.19999999999997
245.79999999999032,240.12478140623585,0.09999999999999432,0.1,-5.689893001203927e-15,0.0,23,2,104,50,47.07358876633053,46.65766602922854,50.29999999999996
245.8999999999903,240.22478140623585,0.09999999999999432,0.1,-5.689893001203927e-15,0.0,23,2,104,50,46.766685499696926,46.557666029228535,50.39999999999996
245.9999999999903,240.32478140623584,0.09999999999999432,0.1,-5.689893001203927e-15,0.0,23,2,104,50,46.47004541472527,46.43253473434792,50.49999999999996
246.0999999999903,240.42478140623584,0.09999999999999432,0.1,-5.689893001203927e-15,0.0,23,2,104,50,46.177084365119455,45.50353473434792,50.59999999999996
246.1999999999903,240.52478140623583,0.09999999999999432,0.1,-5.689893001203927e-15,0.0,23,2,103,49,45.890548742244576,45.07466157059213,50.69999999999995
246.2999999999903,240.62478140623583,0.09999999999999432,0.1,-5.689893001203927e-15,0.0,23,2,102,49,45.60600250081665,44.974661570592126,50.799999999999955
246.39999999999029,240.72478140623582,0.09999999999999432,0.1,-5.689893001203927e-15,0.0,23,2,102,50,45.32332154528462,44.874661570592124,50.899999999999956
246.49999999999028,240.82478140623581,0.09999999999999432,0.1,-5.689893001203927e-15,0.0,23,2,102,50,45.01942598040842,44.77466157059212,50.99999999999995
246.59999999999027,240.9247814062358,0.09999999999999432,0.1,-5.689893001203927e-15,0.0,23,2,104,50,44.71678874754649,44.67466157059212,51.09999999999995
246.69999999999027,241.0247814062358,0.09999999999999432,0.1,-5.689893001203927e-15,0.0,23,2,104,50,44.4144784299893,44.57466157059212,51.199999999999946
246.79999999999026,241.1247814062358,0.09999999999999432,0.1,-5.689893001203927e-15,0.0,23,2,104,50,44.11198530034955,44.47466157059212,51.299999999999955
246.89999999999026,241.2247814062358,0.09999999999999432,0.1,-5.689893001203927e-15,0.0,23,2,105,50,43.80664983554994,44.37466157059212,51.399999999999956
246.99999999999025,241.3247814062358,0.09999999999999432,0.1,-5.689893001203927e-15,0.0,23,2,105,49,43.498883992770494,44.274661570592116,51.49999999999995
247.09999999999025,241.42478140623578,0.09999999999999432,0.1,-5.689893001203927e-15,0.0,23,2,105,49,43.191800525837905,43.64677220281014,51.59999999999995
247.19999999999024,241.52478140623577,0.09999999999999432,0.1,-5.689893001203927e-15,0.0,23,2,105,49,42.859248029413074,43.11406478503895,51.699999999999946
247.29999999999023,241.62478140623577,0.09999999999999432,0.1,-5.689893001203927e-15,0.0,23,2,105,48,42.53557107098173,42.79049474111811,51.79999999999995
247.39999999999023,241.72478140623576,0.09999999999999432,0.1,-5.689893001203927e-15,0.0,22,2,104,48,44.204225389656386,42.816666029228514,50.84999999999994
247.49999999999022,241.82478140623576,0.09999999999999432,0.1,-5.689893001203927e-15,0.0,22,2,104,49,43.78979637432288,42.335927408352454,50.94999999999994
247.59999999999022,241.94858140623575,0.12379999999998859,0.1,0.02379999999998858,0.0,22,2,104,49,44.49487727252599,43.67466157059211,51.04999999999993
247.6999999999902,242.04858140623574,0.09999999999999432,0.1,-5.689893001203927e-15,0.0,22,2,104,49,44.08905563178222,42.75299683742821,51.149999999999935
247.7999999999902,242.14858140623573,0.09999999999999432,0.1,-5.689893001203927e-15,0.0,22,2,105,48,43.69547277898569,42.01057382780085,51.249999999999936
247.8999999999902,242.24858140623573,0.09999999999999432,0.1,-5.689893001203927e-15,0.0,22,2,104,48,43.32108376706319,41.74494147664218,51.34999999999993
247.9999999999902,242.34858140623572,0.09999999999999432,0.1,-5.689893001203927e-15,0.0,22,2,104,48,42.9792322018121,41.64494147664218,51.44999999999993
248.0999999999902,242.44858140623572,0.09999999999999432,0.1,-5.689893001203927e-15,0.0,22,2,104,48,42.66536856544847,41.54494147664218,51.54999999999993
248.19999999999018,242.5485814062357,0.09999999999999432,0.1,-5.689893001203927e-15,0.0,22,2,104,48,42.35724675920266,41.44494147664218,51.649999999999935
248.29999999999018,242.6485814062357,0.09999999999999432,0.1,-5.689893001203927e-15,0.0,22,2,104,48,42.038337668293565,41.34494147664218,51.74999999999993
248.39999999999017,242.7485814062357,0.09999999999999432,0.1,-5.689893001203927e-15,0.0,21,2,103,48,43.80905382018831,41.244941476642175,48.37619047619054
248.49999999999017,242.8485814062357,0.09999999999999432,0.1,-5.689893001203927e-15,0.0,20,2,102,48,45.763207931302944,42.774661570592095,47.87000000000003
248.59999999999016,242.9485814062357,0.09999999999999432,0.1,-5.689893001203927e-15,0.0,20,2,103,48,45.51440793130294,42.67466157059209,47.970000000000034
248.69999999999015,243.04858140623568,0.09999999999999432,0.1,-5.689893001203927e-15,0.0,20,2,104,48,45.26545793130295,42.57466157059209,48.070000000000036
248.79999999999015,243.14858140623568,0.09999999999999432,0.1,-5.689893001203927e-15,0.0,20,2,103,48,45.01635793130295,42.47466157059209,48.17000000000003
248.89999999999014,243.24858140623567,0.09999999999999432,0.1,-5.689893001203927e-15,0.0,20,2,102,48,44.767107931302945,42.37466157059209,48.27000000000003
248.99999999999014,243.34858140623567,0.09999999999999432,0.1,-5.689893001203927e-15,0.0,20,2,101,48,44.517707931302944,42.27466157059209,48.370000000000026
249.09999999999013,243.44858140623566,0.09999999999999432,0.1,-5.689893001203927e-15,0.0,20,2,100,48,44.274408749632144,42.174661570592086,48.47000000000003
249.19999999999013,243.54858140623566,0.09999999999999432,0.1,-5.689893001203927e-15,0.0,20,2,100,48,44.04033415879674,42.074661570592085,48.57000000000003
249.29999999999012,243.64858140623565,0.09999999999999432,0.1,-5.689893001203927e-15,0.0,19,2,100,48,46.24821612195965,41.97466157059208,46.652631578947435
249.39999999999011,243.74858140623564,0.09999999999999432,0.1,-5.689893001203927e-15,0.0,19,2,100,48,46.062479279854394,41.87466157059208,46.75263157894743
249.4999999999901,243.84858140623564,0.09999999999999432,0.1,-5.689893001203927e-15,0.0,19,2,99,48,45.87663717459123,41.77466157059208,46.85263157894743
249.5999999999901,243.94858140623563,0.09999999999999432,0.1,-5.689893001203927e-15,0.0,19,2,100,48,45.65153899380184,41.67466157059208,46.95263157894743
249.6999999999901,244.04858140623563,0.09999999999999432,0.1,-5.689893001203927e-15,0.0,19,2,100,47,45.427155377614746,41.57466157059208,47.052631578947434
249.7999999999901,244.14858140623562,0.09999999999999432,0.1,-5.689893001203927e-15,0.0,19,2,100,47,45.20392389987927,41.467104490962775,47.152631578947435
249.8999999999901,244.24858140623562,0.09999999999999432,0.1,-5.689893001203927e-15,0.0,19,2,100,48,44.98063482307945,40.59410449096278,47.25263157894743
249.99999999999008,244.3485814062356,0.09999999999999432,0.1,-5.689893001203927e-15,0.0,19,2,100,48,44.75750341993832,39.720104490962775,47.35263157894743
250.09999999999008,244.4485814062356,0.09999999999999432,0.1,-5.689893001203927e-15,0.0,19,2,100,48,44.533788685403366,39.54494147664215,47.45263157894743
250.19999999999007,244.5485814062356,0.09999999999999432,0.1,-5.689893001203927e-15,0.0,19,2,100,48,44.31008299629282,39.44494147664215,47.55263157894743
250.29999999999006,244.6485814062356,0.09999999999999432,0.1,-5.689893001203927e-15,0.0,19,2,100,48,44.08632106015279,39.34494147664215,47.652631578947435
250.39999999999006,244.7485814062356,0.09999999999999432,0.1,-5.689893001203927e-15,0.0,19,2,100,48,43.86247730647626,39.24494147664215,47.75263157894743
250.49999999999005,244.84858140623558,0.09999999999999432,0.1,-5.689893001203927e-15,0.0,19,2,100,48,43.63532572358738,39.144941476642146,47.85263157894743
250.59999999999005,244.94858140623558,0.09999999999999432,0.1,-5.689893001203927e-15,0.0,19,2,99,47,43.409870166476914,39.044941476642144,47.95263157894743
250.69999999999004,245.04858140623557,0.09999999999999432,0.1,-5.689893001203927e-15,0.0,19,2,99,47,43.18553196518616,38.94494147664214,48.05263157894743
250.79999999999004,245.14858140623556,0.09999999999999432,0.1,-5.689893001203927e-15,0.0,19,2,100,46,42.90784433794789,38.84494147664214,48.15263157894743
250.89999999999003,245.24858140623556,0.09999999999999432,0.1,-5.689893001203927e-15,0.0,19,2,99,46,42.62664228886872,38.74494147664214,48.25263157894743
250.99999999999002,245.34858140623555,0.09999999999999432,0.1,-5.689893001203927e-15,0.0,18,2,99,46,44.765834256752186,40.27466157059206,46.16111111111122
251.09999999999002,245.44858140623555,0.09999999999999432,0.1,-5.689893001203927e-15,0.0,18,2,99,45,44.52522173145342,40.17466157059206,46.26111111111121
251.19999999999,245.54858140623554,0.09999999999999432,0.1,-5.689893001203927e-15,0.0,18,2,99,45,44.21897475277572,39.92933814209374,46.361111111111214
251.29999999999,245.64858140623554,0.09999999999999432,0.1,-5.689893001203927e-15,0.0,18,2,99,45,43.914666069463266,39.31530393472851,46.461111111111215
251.39999999999,245.74858140623553,0.09999999999999432,0.1,-5.689893001203927e-15,0.0,18,2,99,45,43.60966571522761,38.69589117514628,46.56111111111122
251.49999999999,244.71678136327444,-1.0318000429610947,0.1,-1.2434497875801753e-14,1.1318000429610824,17,2,99,45,39.19667431649411,38.08801153907547,47.28823529411775
251.59999999999,244.81678136327443,0.09999999999999432,0.1,-5.689893001203927e-15,0.0,17,2,99,45,38.881508735645234,37.481301477064854,47.38823529411774
251.69999999998998,244.97678136327443,0.1599999999999966,0.1,0.059999999999996584,0.0,17,2,98,45,42.096198695062036,36.875953416195436,47.48823529411774
251.79999999998998,245.07678136327442,0.09999999999999432,0.1,-5.689893001203927e-15,0.0,17,2,98,45,41.85233173422904,36.27372603335661,47.58823529411774
251.89999999998997,245.17678136327442,0.09999999999999432,0.1,-5.689893001203927e-15,0.0,17,2,98,45,41.595352062321304,35.66733931440923,47.688235294117746
251.99999999998997,245.3367813632744,0.1599999999999966,0.1,0.059999999999996584,0.0,17,2,97,45,44.87582710211956,37.644941476642124,47.78823529411775
252.09999999998996,245.4367813632744,0.09999999999999432,0.1,-5.689893001203927e-15,0.0,17,2,96,45,44.660090707211246,37.54494147664212,47.88823529411774
252.19999999998996,245.5967813632744,0.1599999999999966,0.1,0.059999999999996584,0.0,17,2,95,45,47.93461054025073,37.44494147664212,47.98823529411774
252.29999999998995,245.6967813632744,0.09999999999999432,0.1,-5.689893001203927e-15,0.0,17,2,95,45,47.7064485029286,37.34494147664212,48.08823529411774
252.39999999998994,245.91378136327438,0.21699999999998454,0.1,0.11699999999998453,0.0,17,2,92,45,53.96336825589626,37.24494147664212,48.188235294117746
252.49999999998994,246.11558136327437,0.20179999999999154,0.1,0.10179999999999154,0.0,17,2,90,45,59.36241685418189,37.14494147664212,48.28823529411775
252.59999999998993,245.99638011850183,-0.11920124477254035,0.1,-5.773159728050814e-15,0.21920124477253458,18,2,90,45,51.765489359097565,45.85171225481663,42.13333333333339
252.69999999998993,246.09638011850183,0.09999999999999432,0.1,-5.689893001203927e-15,0.0,18,2,90,45,51.10005875560701,45.75171225481663,42.23333333333339
252.79999999998992,245.46085004997798,-0.635530068523849,0.1,4.107825191113079e-15,0.735530068523853,17,2,90,45,49.1171937909667,38.47466157059203,44.80588235294124
252.89999999998992,245.56085004997797,0.09999999999999432,0.1,-5.689893001203927e-15,0.0,17,2,90,45,48.84812258616964,38.37466157059203,44.905882352941234
252.9999999999899,245.66085004997797,0.09999999999999432,0.1,-5.689893001203927e-15,0.0,17,2,91,45,48.3196679480118,38.27466157059203,45.005882352941235
253.0999999999899,245.76085004997796,0.09999999999999432,0.1,-5.689893001203927e-15,0.0,17,2,91,45,48.08551686690097,38.17466157059203,45.10588235294124
253.1999999999899,245.86085004997796,0.09999999999999432,0.1,-5.689893001203927e-15,0.0,17,2,91,46,47.55788838942362,38.07466157059203,45.20588235294124
253.2999999999899,245.96085004997795,0.09999999999999432,0.1,-5.689893001203927e-15,0.0,17,2,92,46,47.34638227776777,37.974661570592026,45.30588235294123
253.3999999999899,246.06085004997794,0.09999999999999432,0.1,-5.689893001203927e-15,0.0,17,2,91,46,47.138951209468566,37.874661570592025,45.405882352941234
253.49999999998988,246.16085004997794,0.09999999999999432,0.1,-5.689893001203927e-15,0.0,17,2,91,46,46.931117565021886,37.77466157059202,45.50588235294123
253.59999999998988,246.26085004997793,0.09999999999999432,0.1,-5.689893001203927e-15,0.0,17,2,92,46,46.679320219435105,37.67466157059202,45.60588235294124
253.69999999998987,246.36085004997793,0.09999999999999432,0.1,-5.689893001203927e-15,0.0,17,2,91,46,46.43934545735069,37.57466157059202,45.70588235294123
253.79999999998986,246.46085004997792,0.09999999999999432,0.1,-5.689893001203927e-15,0.0,17,2,92,46,46.19900606538371,37.47466157059202,45.80588235294123
253.89999999998986,246.187103434272,-0.2737466157059316,0.1,-1.1435297153639112e-14,0.37374661570592016,16,2,92,46,46.49708802297907,44.551712254816614,46.29375000000004
253.99999999998985,246.28710343427198,0.09999999999999432,0.1,-5.689893001203927e-15,0.0,16,2,92,46,46.251432616341496,44.45171225481661,46.39375000000004
254.09999999998985,246.38710343427198,0.09999999999999432,0.1,-5.689893001203927e-15,0.0,16,2,92,46,46.00534890208485,44.35171225481661,46.49375000000004
254.19999999998984,245.93868323311645,-0.4484202011555283,0.1,-1.765254609153999e-14,0.5484202011555106,14,2,91,46,48.45386973559639,44.25171225481661,42.750000000000036
254.29999999998984,246.03868323311644,0.09999999999999432,0.1,-5.689893001203927e-15,0.0,14,2,92,47,48.275048359879044,44.15171225481661,42.85000000000003
254.39999999998983,246.13868323311644,0.09999999999999432,0.1,-5.689893001203927e-15,0.0,14,2,93,47,48.09879307598673,44.05171225481661,42.95000000000003
254.49999999998983,246.23868323311643,0.09999999999999432,0.1,-5.689893001203927e-15,0.0,14,2,94,47,47.920470200309914,43.951712254816606,43.050000000000026
254.59999999998982,246.33868323311643,0.09999999999999432,0.1,-5.689893001203927e-15,0.0,14,2,94,47,47.74633513632325,43.851712254816604,43.15000000000003
254.6999999999898,246.43868323311642,0.09999999999999432,0.1,-5.689893001203927e-15,0.0,14,2,94,47,47.57398700786228,43.7517122548166,43.250000000000036
254.7999999999898,246.53868323311642,0.09999999999999432,0.1,-5.689893001203927e-15,0.0,14,2,94,46,47.401477691104546,43.6517122548166,43.35000000000003
254.8999999999898,246.6386832331164,0.09999999999999432,0.1,-5.689893001203927e-15,0.0,14,2,94,47,47.22992495955181,43.5517122548166,43.45000000000003
254.9999999999898,246.7386832331164,0.09999999999999432,0.1,-5.689893001203927e-15,0.0,14,2,94,48,47.05798846060302,43.4517122548166,43.550000000000026
255.0999999999898,246.8386832331164,0.09999999999999432,0.1,-5.689893001203927e-15,0.0,14,2,94,48,46.88595321701145,43.3517122548166,43.65000000000003
255.19999999998979,246.9386832331164,0.09999999999999432,0.1,-5.689893001203927e-15,0.0,14,2,94,48,46.71349278652169,43.251712254816596,43.75000000000002
255.29999999998978,247.0386832331164,0.09999999999999432,0.1,-5.689893001203927e-15,0.0,14,2,96,48,46.54130398500022,43.151712254816594,43.85000000000003
255.39999999998977,247.13868323311638,0.09999999999999432,0.1,-5.689893001203927e-15,0.0,14,2,96,48,46.36847879638051,43.05171225481659,43.95000000000003
255.49999999998977,247.23868323311638,0.09999999999999432,0.1,-5.689893001203927e-15,0.0,14,2,96,49,46.195529197147366,42.95171225481659,44.050000000000026
255.59999999998976,247.33868323311637,0.09999999999999432,0.1,-5.689893001203927e-15,0.0,14,2,96,49,46.023618370667684,42.85171225481659,44.15000000000003
255.69999999998976,247.31225617618048,-0.026427056935887094,0.1,-1.1435297153639112e-14,0.12642705693587566,13,2,96,49,48.400072424653814,42.75171225481659,42.59999999999999
255.79999999998975,247.41225617618048,0.09999999999999432,0.1,-5.689893001203927e-15,0.0,13,2,96,49,48.21961632349111,42.65171225481659,42.69999999999998
255.89999999998975,247.51225617618047,0.09999999999999432,0.1,-5.689893001203927e-15,0.0,13,2,96,49,48.0364607175455,42.551712254816586,42.79999999999999
255.99999999998974,247.61225617618047,0.09999999999999432,0.1,-5.689893001203927e-15,0.0,13,2,96,49,47.856136206920254,42.451712254816584,42.899999999999984
256.09999999998973,247.71225617618046,0.09999999999999432,0.1,-5.689893001203927e-15,0.0,13,2,96,50,47.67390437533596,42.35171225481658,42.99999999999999
256.19999999998976,247.81225617618045,0.09999999999999432,0.1,-5.689893001203927e-15,0.0,13,2,96,50,47.49117377219965,42.25171225481658,43.09999999999999
256.2999999999898,247.91225617618045,0.09999999999999432,0.1,-5.689893001203927e-15,0.0,13,2,97,50,47.31411186539041,42.15171225481658,43.199999999999996
256.3999999999898,248.01225617618044,0.09999999999999432,0.1,-5.689893001203927e-15,0.0,13,2,98,50,47.13576932437901,42.05171225481658,43.29999999999999
256.4999999999898,248.11225617618044,0.09999999999999432,0.1,-5.689893001203927e-15,0.0,13,2,98,50,46.95761748391548,41.95171225481658,43.399999999999984
256.59999999998985,248.21225617618043,0.09999999999999432,0.1,-5.689893001203927e-15,0.0,13,2,98,50,46.780549081231236,41.851712254816576,43.49999999999999
256.69999999998987,248.31225617618043,0.09999999999999432,0.1,-5.689893001203927e-15,0.0,13,2,98,50,46.60354425485961,41.751712254816574,43.59999999999999
256.7999999999899,248.41225617618042,0.09999999999999432,0.1,-5.689893001203927e-15,0.0,13,2,98,50,46.42576985749176,41.65171225481657,43.699999999999996
256.8999999999899,248.51225617618041,0.09999999999999432,0.1,-5.689893001203927e-15,0.0,13,2,99,50,46.245141747949965,41.55171225481657,43.79999999999999
256.99999999998994,248.6122561761804,0.09999999999999432,0.1,-5.689893001203927e-15,0.0,13,2,99,50,46.0670870940722,41.45171225481657,43.899999999999984
257.09999999998996,248.7122561761804,0.09999999999999432,0.1,-5.689893001203927e-15,0.0,13,2,99,50,45.88924526297217,41.35171225481657,43.99999999999999
257.19999999999,248.8122561761804,0.09999999999999432,0.1,-5.689893001203927e-15,0.0,13,2,99,50,45.7119859054593,41.25171225481657,44.09999999999999
257.29999999999,248.9122561761804,0.09999999999999432,0.1,-5.689893001203927e-15,0.0,13,2,99,50,45.53464464674118,41.151712254816566,44.199999999999996
257.39999999999003,249.0122561761804,0.09999999999999432,0.1,-5.689893001203927e-15,0.0,13,2,98,50,45.35641585882931,41.051712254816564,44.29999999999999
257.49999999999005,249.11225617618038,0.09999999999999432,0.1,-5.689893001203927e-15,0.0,13,2,98,50,45.179034830639644,40.95171225481656,44.39999999999999
257.5999999999901,249.25765617618038,0.1453999999999951,0.1,0.04539999999999508,0.0,13,2,97,50,48.49281738201119,40.85171225481656,44.49999999999999
257.6999999999901,249.35765617618037,0.09999999999999432,0.1,-5.689893001203927e-15,0.0,12,2,97,50,52.40714397870314,45.5380600985475,45.52499999999998
257.7999999999901,249.45765617618036,0.09999999999999432,0.1,-5.689893001203927e-15,0.0,12,2,97,50,52.24387357366763,45.438060098547496,45.62499999999997
257.89999999999014,249.55765617618036,0.09999999999999432,0.1,-5.689893001203927e-15,0.0,12,2,97,50,52.102206907000955,45.338060098547494,45.72499999999997
257.99999999999017,249.65765617618035,0.09999999999999432,0.1,-5.689893001203927e-15,0.0,12,2,97,51,51.960540240334296,45.23806009854749,45.82499999999997
258.0999999999902,249.75765617618035,0.09999999999999432,0.1,-5.689893001203927e-15,0.0,12,2,97,51,51.849303190854876,45.13806009854749,45.924999999999976
258.1999999999902,249.85765617618034,0.09999999999999432,0.1,-5.689893001203927e-15,0.0,12,2,97,51,51.74930319085488,45.03806009854749,46.02499999999998
258.29999999999023,249.95765617618034,0.09999999999999432,0.1,-5.689893001203927e-15,0.0,12,2,97,51,51.64930319085488,44.93806009854749,46.12499999999997
258.39999999999026,250.05765617618033,0.09999999999999432,0.1,-5.689893001203927e-15,0.0,12,2,97,51,51.549303190854886,44.83806009854749,46.22499999999997
258.4999999999903,250.15765617618032,0.09999999999999432,0.1,-5.689893001203927e-15,0.0,12,2,97,51,51.449303190854884,44.738060098547486,46.32499999999998
258.5999999999903,250.25765617618032,0.09999999999999432,0.1,-5.689893001203927e-15,0.0,12,2,97,51,51.34930319085489,44.638060098547484,46.424999999999976
258.6999999999903,250.3576561761803,0.09999999999999432,0.1,-5.689893001203927e-15,0.0,12,2,96,51,51.24930319085488,44.53806009854748,46.52499999999998
258.79999999999035,250.4576561761803,0.09999999999999432,0.1,-5.689893001203927e-15,0.0,12,2,96,51,51.14930319085489,44.43806009854748,46.62499999999997
258.89999999999037,250.5576561761803,0.09999999999999432,0.1,-5.689893001203927e-15,0.0,12,2,97,51,51.049303190854886,44.33806009854748,46.72499999999997
258.9999999999904,250.6576561761803,0.09999999999999432,0.1,-5.689893001203927e-15,0.0,12,2,97,50,50.94930319085489,44.23806009854748,46.82499999999998
259.0999999999904,250.7576561761803,0.09999999999999432,0.1,-5.689893001203927e-15,0.0,12,2,96,50,50.84930319085489,44.13806009854748,46.924999999999976
259.19999999999044,250.85765617618029,0.09999999999999432,0.1,-5.689893001203927e-15,0.0,12,2,96,50,50.71918354727958,44.038060098547476,47.02499999999998
259.29999999999046,250.95765617618028,0.09999999999999432,0.1,-5.689893001203927e-15,0.0,12,2,96,50,50.589868719130315,43.938060098547474,47.12499999999997
259.3999999999905,251.11765617618028,0.1599999999999966,0.1,0.059999999999996584,0.0,12,2,96,50,55.46055389098109,62.00164994477588,47.22499999999997
259.4999999999905,251.21765617618027,0.09999999999999432,0.1,-5.689893001203927e-15,0.0,12,2,96,50,55.331239062831834,61.901649944775876,47.32499999999997
259.59999999999053,251.31765617618026,0.09999999999999432,0.1,-5.689893001203927e-15,0.0,12,2,96,50,55.19766693961404,61.801649944775875,47.424999999999976
259.69999999999055,251.41765617618026,0.09999999999999432,0.1,-5.689893001203927e-15,0.0,12,2,96,50,55.068352111464776,61.70164994477587,47.52499999999997
259.7999999999906,251.51765617618025,0.09999999999999432,0.1,-5.689893001203927e-15,0.0,12,2,97,50,54.93903728331552,61.60164994477587,47.62499999999997
259.8999999999906,251.61765617618025,0.09999999999999432,0.1,-5.689893001203927e-15,0.0,12,2,97,50,54.80972245516626,61.50164994477587,47.72499999999997
259.9999999999906,251.71765617618024,0.09999999999999432,0.1,-5.689893001203927e-15,0.0,12,2,98,50,54.68040762701701,61.40164994477587,47.82499999999997
260.09999999999064,251.81765617618024,0.09999999999999432,0.1,-5.689893001203927e-15,0.0,12,2,98,50,54.55109279886776,61.30164994477587,47.924999999999976
260.19999999999067,251.91765617618023,0.09999999999999432,0.1,-5.689893001203927e-15,0.0,12,2,98,50,54.378078477533755,60.67725602655895,48.02499999999997
260.2999999999907,252.01765617618022,0.09999999999999432,0.1,-5.689893001203927e-15,0.0,12,2,98,50,54.206824885764775,60.073990863122276,48.12499999999997
260.3999999999907,252.11765617618022,0.09999999999999432,0.1,-5.689893001203927e-15,0.0,12,2,98,50,54.03547357211891,59.469553037162946,48.224999999999966
260.49999999999073,252.2176561761802,0.09999999999999432,0.1,-5.689893001203927e-15,0.0,12,2,98,50,53.86388018975034,58.862210386531245,48.32499999999997
260.59999999999076,252.3176561761802,0.09999999999999432,0.1,-5.689893001203927e-15,0.0,12,2,99,50,53.692256564088574,58.25450481638106,48.42499999999996
260.6999999999908,252.4176561761802,0.09999999999999432,0.1,-5.689893001203927e-15,0.0,12,2,99,50,53.52055103267495,57.645816377208725,48.52499999999997
260.7999999999908,252.5176561761802,0.09999999999999432,0.1,-5.689893001203927e-15,0.0,12,2,101,50,53.34900553251452,57.03904831307458,48.624999999999964
260.8999999999908,252.6176561761802,0.09999999999999432,0.1,-5.689893001203927e-15,0.0,12,2,101,50,53.17754105183969,56.43325248276777,48.724999999999966
260.99999999999085,252.71765617618018,0.09999999999999432,0.1,-5.689893001203927e-15,0.0,12,2,101,50,53.00612629839969,55.828053379278835,48.82499999999997
261.09999999999087,252.81765617618018,0.09999999999999432,0.1,-5.689893001203927e-15,0.0,12,2,102,50,52.834741503304485,55.223213775927434,48.92499999999996
261.1999999999909,252.91765617618017,0.09999999999999432,0.1,-5.689893001203927e-15,0.0,12,2,102,50,52.66337775222441,54.61862670075759,49.02499999999997
261.2999999999909,253.01765617618017,0.09999999999999432,0.1,-5.689893001203927e-15,0.0,12,2,102,50,52.49203058181212,54.01423859360118,49.124999999999964
261.39999999999094,253.11765617618016,0.09999999999999432,0.1,-5.689893001203927e-15,0.0,12,2,104,50,52.32069740731305,53.4100184374034,49.224999999999966
261.49999999999096,253.21765617618016,0.09999999999999432,0.1,-5.689893001203927e-15,0.0,12,2,104,50,52.146407089821736,52.77031256529879,49.32499999999996
261.599999999991,253.31765617618015,0.09999999999999432,0.1,-5.689893001203927e-15,0.0,12,2,104,51,51.97542559500582,52.17031256529879,49.42499999999996
261.699999999991,253.41765617618015,0.09999999999999432,0.1,-5.689893001203927e-15,0.0,12,2,104,51,51.80444410018989,51.570312565298785,49.524999999999956
261.79999999999103,253.51765617618014,0.09999999999999432,0.1,-5.689893001203927e-15,0.0,12,2,104,51,51.63346260537397,50.970312565298784,49.624999999999964
261.89999999999105,253.61765617618013,0.09999999999999432,0.1,-5.689893001203927e-15,0.0,12,2,104,51,51.46248111055804,50.37031256529878,49.72499999999996
261.9999999999911,253.71765617618013,0.09999999999999432,0.1,-5.689893001203927e-15,0.0,12,2,106,52,51.29149961574212,49.77031256529878,49.82499999999996
262.0999999999911,253.81765617618012,0.09999999999999432,0.1,-5.689893001203927e-15,0.0,12,2,107,52,51.12051812092619,49.17031256529878,49.92499999999996
262.1999999999911,253.91765617618012,0.09999999999999432,0.1,-5.689893001203927e-15,0.0,12,2,107,52,50.94423146134054,48.50665058806202,50.024999999999956
262.29999999999114,254.0176561761801,0.09999999999999432,0.1,-5.689893001203927e-15,0.0,12,2,107,52,50.771939972957334,47.89093066525455,50.124999999999964
262.39999999999117,254.1176561761801,0.09999999999999432,0.1,-5.689893001203927e-15,0.0,12,2,107,52,50.600245224382554,47.28237162014833,50.22499999999996
262.4999999999912,254.2176561761801,0.09999999999999432,0.1,-5.689893001203927e-15,0.0,12,2,107,52,50.423353662537316,46.611450815796566,50.32499999999996
262.5999999999912,254.3176561761801,0.09999999999999432,0.1,-5.689893001203927e-15,0.0,12,2,107,52,50.24706700295166,45.94778883855981,50.424999999999955
262.69999999999123,254.4176561761801,0.09999999999999432,0.1,-5.689893001203927e-15,0.0,12,2,107,51,50.06967072846468,45.27081148250708,50.524999999999956
262.79999999999126,254.51765617618008,0.09999999999999432,0.1,-5.689893001203927e-15,0.0,12,2,107,51,49.89584725526996,44.636707741961644,50.62499999999995
262.8999999999913,254.61765617618008,0.09999999999999432,0.1,-5.689893001203927e-15,0.0,12,2,108,51,49.72141482596728,43.99529652812046,50.72499999999996
262.9999999999913,254.71765617618007,0.09999999999999432,0.1,-5.689893001203927e-15,0.0,12,2,108,51,49.54320519599049,43.30855890619011,50.82499999999995
263.0999999999913,254.81765617618007,0.09999999999999432,0.1,-5.689893001203927e-15,0.0,12,2,108,51,49.373266679550625,42.72107464670283,50.924999999999955
263.19999999999135,254.91765617618006,0.09999999999999432,0.1,-5.689893001203927e-15,0.0,12,2,108,51,49.21379642613635,42.25920954352248,51.024999999999956
263.29999999999137,255.01765617618005,0.09999999999999432,0.1,-5.689893001203927e-15,0.0,12,2,107,51,49.09836310886589,41.97400973627699,51.12499999999995
263.3999999999914,255.11765617618005,0.09999999999999432,0.1,-5.689893001203927e-15,0.0,12,2,107,51,48.94367894581652,41.74917643022941,51.22499999999996
263.4999999999914,255.21765617618004,0.09999999999999432,0.1,-5.689893001203927e-15,0.0,12,2,107,51,48.79597738402857,41.585514452992655,51.32499999999995
263.59999999999144,255.31765617618004,0.09999999999999432,0.1,-5.689893001203927e-15,0.0,12,2,107,51,48.648982099421914,41.4218524757559,51.424999999999955
263.69999999999146,255.41765617618003,0.09999999999999432,0.1,-5.689893001203927e-15,0.0,11,2,108,52,52.92696711955816,41.3218524757559,53.50909090909084
263.7999999999915,255.55905617618004,0.1414000000000044,0.1,0.041400000000004405,0.0,11,2,108,51,56.544796097784044,54.508449584435226,53.60909090909084
263.8999999999915,255.65905617618003,0.09999999999999432,0.1,-5.689893001203927e-15,0.0,11,2,109,52,56.39873888802288,54.408449584435225,53.70909090909084
263.99999999999153,255.75905617618002,0.09999999999999432,0.1,-5.689893001203927e-15,0.0,11,2,109,52,56.25270793751777,54.30844958443522,53.80909090909085
264.09999999999155,255.85905617618002,0.09999999999999432,0.1,-5.689893001203927e-15,0.0,11,2,109,52,56.10669073153699,54.20844958443522,53.909090909090835
264.1999999999916,255.95905617618,0.09999999999999432,0.1,-5.689893001203927e-15,0.0,11,2,110,52,55.960682658829064,54.10844958443522,54.00909090909084
264.2999999999916,256.05905617618004,0.10000000000002274,0.1,2.273181642920008e-14,0.0,11,2,110,52,55.81468224416048,54.00844958443522,54.10909090909084
264.3999999999916,256.15905617618006,0.10000000000002274,0.1,2.273181642920008e-14,0.0,11,2,110,52,55.66868924330161,53.90844958443522,54.20909090909084
264.49999999999164,256.2590561761801,0.10000000000002274,0.1,2.273181642920008e-14,0.0,11,2,110,52,55.52270388368822,53.808449584435216,54.309090909090834
264.59999999999167,256.3590561761801,0.10000000000002274,0.1,2.273181642920008e-14,0.0,11,2,110,52,55.37672656389846,53.708449584435215,54.409090909090835
264.6999999999917,256.4590561761801,0.10000000000002274,0.1,2.273181642920008e-14,0.0,11,2,111,52,55.23075773701687,53.60844958443521,54.50909090909084
264.7999999999917,256.55905617618015,0.10000000000002274,0.1,2.273181642920008e-14,0.0,11,2,111,52,55.084797867697056,53.50844958443521,54.60909090909083
264.89999999999173,256.6590561761802,0.10000000000002274,0.1,2.273181642920008e-14,0.0,11,2,111,52,54.93884741859628,53.40844958443521,54.70909090909083
264.99999999999176,256.7590561761802,0.10000000000002274,0.1,2.273181642920008e-14,0.0,11,2,111,52,54.792906848170496,53.30844958443521,54.809090909090834
265.0999999999918,256.8590561761802,0.10000000000002274,0.1,2.273181642920008e-14,0.0,11,2,112,51,54.64695798535136,53.20844958443521,54.909090909090835
265.1999999999918,256.95905617618024,0.10000000000002274,0.1,2.273181642920008e-14,0.0,11,2,112,50,54.501118777334575,53.108449584435206,55.00909090909083
265.2999999999918,257.05905617618026,0.10000000000002274,0.1,2.273181642920008e-14,0.0,11,2,112,50,53.84806011790707,53.008449584435205,55.10909090909083
265.39999999999185,257.1590561761803,0.10000000000002274,0.1,2.273181642920008e-14,0.0,11,2,112,50,53.20154875431019,52.9084495844352,55.20909090909083
265.49999999999187,257.2590561761803,0.10000000000002274,0.1,2.273181642920008e-14,0.0,11,2,113,51,52.97091235617211,52.8084495844352,55.309090909090834
265.5999999999919,257.03053905363214,-0.22851712254816903,0.1,-4.551914400963142e-15,0.32851712254816445,10,2,114,51,54.73078306670918,59.494997136197966,49.700000000000124
265.6999999999919,257.13053905363216,0.10000000000002274,0.1,2.273181642920008e-14,0.0,10,2,114,51,54.52984001642718,59.394997136197965,49.800000000000125
265.79999999999194,257.2305390536322,0.10000000000002274,0.1,2.273181642920008e-14,0.0,10,2,113,51,54.32898851265376,59.29499713619796,49.90000000000013
265.89999999999196,257.3305390536322,0.10000000000002274,0.1,2.273181642920008e-14,0.0,10,2,114,51,54.12592856319368,59.19499713619796,50.00000000000013
265.999999999992,257.43053905363223,0.10000000000002274,0.1,2.273181642920008e-14,0.0,10,2,115,51,53.92228971382218,59.09499713619796,50.10000000000012
266.099999999992,257.53053905363225,0.10000000000002274,0.1,2.273181642920008e-14,0.0,10,2,115,51,53.71964363796333,58.99499713619796,50.200000000000124
266.19999999999203,256.7067179844397,-0.8238210691925474,0.1,3.83026943495679e-14,0.9238210691925857,9,2,115,51,49.201174455936496,52.10844958443519,52.20000000000012
266.29999999999205,256.80671798443973,0.10000000000002274,0.1,2.273181642920008e-14,0.0,9,2,116,51,49.045618900380944,52.00844958443519,52.30000000000011
266.3999999999921,256.90671798443975,0.10000000000002274,0.1,2.273181642920008e-14,0.0,9,2,116,51,48.890063344825386,51.90844958443519,52.40000000000012
266.4999999999921,257.0067179844398,0.10000000000002274,0.1,2.273181642920008e-14,0.0,9,2,116,51,48.72743423624352,51.80844958443519,52.500000000000114
266.5999999999921,257.1067179844398,0.10000000000002274,0.1,2.273181642920008e-14,0.0,9,2,116,51,48.56939149040827,51.708449584435186,52.60000000000011
266.69999999999214,257.2067179844398,0.10000000000002274,0.1,2.273181642920008e-14,0.0,9,2,116,51,48.40258288327851,51.608449584435185,52.70000000000012
266.79999999999217,257.30671798443984,0.10000000000002274,0.1,2.273181642920008e-14,0.0,9,2,116,51,48.19319899132558,51.50844958443518,52.80000000000011
266.8999999999922,257.40671798443987,0.10000000000002274,0.1,2.273181642920008e-14,0.0,9,2,116,51,48.037173886266665,51.40844958443518,52.90000000000011
266.9999999999922,257.5067179844399,0.10000000000002274,0.1,2.273181642920008e-14,0.0,9,2,116,51,47.88133152478918,51.30844958443518,53.000000000000114
267.09999999999224,257.6067179844399,0.10000000000002274,0.1,2.273181642920008e-14,0.0,9,2,116,51,47.725071562428866,51.20844958443518,53.10000000000011
267.19999999999226,257.70671798443993,0.10000000000002274,0.1,2.273181642920008e-14,0.0,9,2,116,51,47.569357983011614,51.10844958443518,53.20000000000011
267.2999999999923,257.80671798443996,0.10000000000002274,0.1,2.273181642920008e-14,0.0,9,2,116,50,47.41310654550115,51.008449584435176,53.30000000000011
267.3999999999923,257.90671798444,0.10000000000002274,0.1,2.273181642920008e-14,0.0,9,2,115,50,47.25679181986984,50.908449584435175,53.40000000000011
267.4999999999923,258.00671798444,0.10000000000002274,0.1,2.273181642920008e-14,0.0,9,2,115,50,47.10040873099618,50.808449584435174,53.50000000000011
267.59999999999235,258.10671798444,0.10000000000002274,0.1,2.273181642920008e-14,0.0,9,2,116,50,46.944673122332624,50.70844958443517,53.60000000000011
267.6999999999924,258.20671798444005,0.10000000000002274,0.1,2.273181642920008e-14,0.0,9,2,116,50,46.788996394699396,50.60844958443517,53.70000000000011
267.7999999999924,258.30671798444007,0.10000000000002274,0.1,2.273181642920008e-14,0.0,9,2,117,50,46.63344083914384,50.50844958443517,53.800000000000104
267.8999999999924,257.87736916972807,-0.42934881471200015,0.1,4.4853010194856324e-14,0.529348814712045,8,2,118,50,45.670760760136254,50.40844958443517,56.6625000000001
267.99999999999244,257.9773691697281,0.10000000000002274,0.1,2.273181642920008e-14,0.0,8,2,118,50,45.57076076013625,50.30844958443517,56.762500000000095
268.09999999999246,258.0773691697281,0.10000000000002274,0.1,2.273181642920008e-14,0.0,8,2,118,49,45.47076076013625,50.208449584435165,56.8625000000001
268.1999999999925,258.17736916972814,0.10000000000002274,0.1,2.273181642920008e-14,0.0,8,2,117,49,45.37076076013625,50.108449584435164,56.96250000000009
268.2999999999925,258.27736916972816,0.10000000000002274,0.1,2.273181642920008e-14,0.0,8,2,117,49,45.27076076013625,50.00844958443516,57.06250000000009
268.39999999999253,258.3773691697282,0.10000000000002274,0.1,2.273181642920008e-14,0.0,8,2,117,50,45.170760760136254,49.90844958443516,57.16250000000009
268.49999999999255,258.4773691697282,0.10000000000002274,0.1,2.273181642920008e-14,0.0,8,2,117,50,45.07076076013625,49.80844958443516,57.26250000000009
268.5999999999926,258.57736916972823,0.10000000000002274,0.1,2.273181642920008e-14,0.0,8,2,118,51,44.97076076013625,49.70844958443516,57.36250000000008
268.6999999999926,258.67736916972825,0.10000000000002274,0.1,2.273181642920008e-14,0.0,8,2,117,51,44.87076076013625,49.60844958443516,57.46250000000008
268.7999999999926,258.7773691697283,0.10000000000002274,0.1,2.273181642920008e-14,0.0,8,2,117,51,44.77076076013625,49.508449584435155,57.56250000000008
268.89999999999264,258.8773691697283,0.10000000000002274,0.1,2.273181642920008e-14,0.0,8,2,117,50,44.67076076013625,49.408449584435154,57.66250000000007
268.99999999999267,258.9773691697283,0.10000000000002274,0.1,2.273181642920008e-14,0.0,8,2,118,51,44.57076076013625,49.30844958443515,57.762500000000074
269.0999999999927,259.07736916972834,0.10000000000002274,0.1,2.273181642920008e-14,0.0,8,2,120,51,44.47076076013625,49.20844958443515,57.86250000000007
269.1999999999927,259.17736916972837,0.10000000000002274,0.1,2.273181642920008e-14,0.0,8,2,119,51,44.37076076013625,49.10844958443515,57.96250000000006
269.29999999999274,259.2773691697284,0.10000000000002274,0.1,2.273181642920008e-14,0.0,8,2,119,51,44.27076076013625,49.00844958443515,58.062500000000064
269.39999999999276,259.3773691697284,0.10000000000002274,0.1,2.273181642920008e-14,0.0,8,2,119,51,44.08976076013625,48.90844958443515,58.16250000000006
269.4999999999928,259.47736916972843,0.10000000000002274,0.1,2.273181642920008e-14,0.0,8,2,119,51,43.90863576013625,48.808449584435145,58.26250000000006
269.5999999999928,259.57736916972846,0.10000000000002274,0.1,2.273181642920008e-14,0.0,8,2,120,51,43.727385760136244,48.708449584435144,58.362500000000054
269.6999999999928,259.6773691697285,0.10000000000002274,0.1,2.273181642920008e-14,0.0,8,2,120,51,43.54601076013625,48.60844958443514,58.46250000000005
269.79999999999285,259.7773691697285,0.10000000000002274,0.1,2.273181642920008e-14,0.0,8,2,120,51,43.36451076013625,48.50844958443514,58.56250000000005
269.8999999999929,259.8773691697285,0.10000000000002274,0.1,2.273181642920008e-14,0.0,8,2,120,51,43.182885760136244,48.40844958443514,58.662500000000044
269.9999999999929,259.97736916972855,0.10000000000002274,0.1,2.273181642920008e-14,0.0,8,2,120,51,43.00113576013624,48.30844958443514,58.76250000000004
270.0999999999929,260.07736916972857,0.10000000000002274,0.1,2.273181642920008e-14,0.0,8,2,120,51,42.819260760136245,48.20844958443514,58.86250000000004
270.19999999999294,260.1773691697286,0.10000000000002274,0.1,2.273181642920008e-14,0.0,8,2,121,51,42.63726076013624,48.108449584435135,58.962500000000034
270.29999999999296,260.2773691697286,0.10000000000002274,0.1,2.273181642920008e-14,0.0,8,2,121,51,42.455135760136244,48.008449584435134,59.06250000000003
270.399999999993,260.37736916972864,0.10000000000002274,0.1,2.273181642920008e-14,0.0,8,2,122,51,42.27288576013624,47.90844958443513,59.16250000000003
270.499999999993,260.47736916972866,0.10000000000002274,0.1,2.273181642920008e-14,0.0,8,2,123,51,42.09051076013624,47.80844958443513,59.262500000000024
270.59999999999303,260.5773691697287,0.10000000000002274,0.1,2.273181642920008e-14,0.0,8,2,123,51,41.908010760136236,47.70844958443513,59.362500000000026
270.69999999999305,260.6773691697287,0.10000000000002274,0.1,2.273181642920008e-14,0.0,8,2,122,51,41.72538576013624,47.60844958443513,59.46250000000002
270.7999999999931,260.77736916972873,0.10000000000002274,0.1,2.273181642920008e-14,0.0,8,2,122,51,41.542635760136235,47.50844958443513,59.562500000000014
270.8999999999931,260.87736916972875,0.10000000000002274,0.1,2.273181642920008e-14,0.0,8,2,122,51,41.35976076013624,47.408449584435125,59.662500000000016
270.9999999999931,260.9773691697288,0.10000000000002274,0.1,2.273181642920008e-14,0.0,8,2,123,51,41.09276076013624,47.308449584435124,59.76250000000001
271.09999999999314,261.0773691697288,0.10000000000002274,0.1,2.273181642920008e-14,0.0,8,2,124,51,40.82551076013623,46.64304366654891,59.86250000000001
271.19999999999317,261.1773691697288,0.10000000000002274,0.1,2.273181642920008e-14,0.0,8,2,124,51,40.558010760136234,45.87704366654891,59.962500000000006
271.2999999999932,261.27736916972884,0.10000000000002274,0.1,2.273181642920008e-14,0.0,8,2,124,51,40.290260760136235,45.110043666548904,60.0625
271.3999999999932,261.37736916972887,0.10000000000002274,0.1,2.273181642920008e-14,0.0,8,2,124,51,39.92688576013623,44.342043666548896,60.1625
271.49999999999324,261.4773691697289,0.10000000000002274,0.1,2.273181642920008e-14,0.0,8,2,124,52,39.563135760136234,43.57304366654889,60.262499999999996
271.59999999999326,261.5773691697289,0.10000000000002274,0.1,2.273181642920008e-14,0.0,8,2,124,52,39.19901076013623,42.80304366654889,60.36249999999999
271.6999999999933,261.67736916972893,0.10000000000002274,0.1,2.273181642920008e-14,0.0,8,2,124,52,38.63631900818724,42.03204366654888,60.46249999999999
271.7999999999933,261.77736916972896,0.10000000000002274,0.1,2.273181642920008e-14,0.0,8,2,123,51,38.14490357114777,41.260043666548874,60.562499999999986
271.8999999999933,261.877369169729,0.10000000000002274,0.1,2.273181642920008e-14,0.0,8,2,124,51,37.65198622503698,40.48704366654887,60.66249999999998
271.99999999999335,261.977369169729,0.10000000000002274,0.1,2.273181642920008e-14,0.0,8,2,124,50,37.158349997216646,39.71304366654886,60.76249999999998
272.0999999999934,262.077369169729,0.10000000000002274,0.1,2.273181642920008e-14,0.0,8,2,125,50,36.66443442067843,38.93804366654886,60.862499999999976
272.1999999999934,262.17736916972905,0.10000000000002274,0.1,2.273181642920008e-14,0.0,8,2,125,50,36.16988114626876,38.162043666548854,60.96249999999998
272.2999999999934,262.27736916972907,0.10000000000002274,0.1,2.273181642920008e-14,0.0,8,2,125,50,35.676254927611865,37.385043666548846,61.06249999999997
272.39999999999344,262.3773691697291,0.10000000000002274,0.1,2.273181642920008e-14,0.0,8,2,125,50,35.18412193519281,36.60704366654884,61.162499999999966
272.49999999999346,262.4773691697291,0.10000000000002274,0.1,2.273181642920008e-14,0.0,8,2,125,50,34.690603387319236,35.82804366654884,61.26249999999997
272.5999999999935,262.30548706515236,-0.17188210457675268,0.1,-9.658940314238862e-15,0.271882104576743,6,2,124,50,41.065048688115375,35.71144958443512,63.76666666666651
272.6999999999935,262.4054870651524,0.10000000000002274,0.1,2.273181642920008e-14,0.0,6,2,123,50,40.72221535478204,34.835449584435125,63.866666666666504
272.79999999999353,262.5054870651524,0.10000000000002274,0.1,2.273181642920008e-14,0.0,6,2,123,50,40.37904868811537,33.95844958443512,63.9666666666665
272.89999999999355,262.60548706515243,0.10000000000002274,0.1,2.273181642920008e-14,0.0,6,2,122,50,40.03554868811537,33.08044958443512,64.06666666666649
272.9999999999936,262.70548706515245,0.10000000000002274,0.1,2.273181642920008e-14,0.0,6,2,122,50,39.69171535478204,32.201449584435125,64.1666666666665
273.0999999999936,262.8054870651525,0.10000000000002274,0.1,2.273181642920008e-14,0.0,6,2,122,50,39.347548688115374,31.321449584435126,64.2666666666665
273.1999999999936,262.9054870651525,0.10000000000002274,0.1,2.273181642920008e-14,0.0,6,2,122,50,39.00304868811537,30.440449584435125,64.36666666666649
273.29999999999364,263.0054870651525,0.10000000000002274,0.1,2.273181642920008e-14,0.0,6,2,122,50,38.65821535478204,29.56004366654879,64.46666666666648
273.39999999999367,263.10548706515254,0.10000000000002274,0.1,2.273181642920008e-14,0.0,6,2,121,50,38.31304868811537,28.772043666548786,64.56666666666648
273.4999999999937,263.20548706515257,0.10000000000002274,0.1,2.273181642920008e-14,0.0,6,2,121,51,37.96754868811537,27.98304366654878,64.66666666666647
273.5999999999937,263.3054870651526,0.10000000000002274,0.1,2.273181642920008e-14,0.0,6,2,121,51,37.62171535478204,27.193043666548775,64.76666666666647
273.69999999999374,263.4054870651526,0.10000000000002274,0.1,2.273181642920008e-14,0.0,6,2,122,52,37.27554868811537,26.40204366654877,64.86666666666646
273.79999999999376,263.50548706515264,0.10000000000002274,0.1,2.273181642920008e-14,0.0,6,2,124,52,36.92904868811537,25.610043666548766,64.96666666666647
273.8999999999938,263.60548706515266,0.10000000000002274,0.1,2.273181642920008e-14,0.0,6,2,124,52,36.58221535478204,24.81704366654876,65.06666666666646
273.9999999999938,263.7054870651527,0.10000000000002274,0.1,2.273181642920008e-14,0.0,6,2,124,52,36.23504868811537,24.023043666548755,65.16666666666646
274.0999999999938,263.8054870651527,0.10000000000002274,0.1,2.273181642920008e-14,0.0,6,2,124,52,35.88754868811537,23.22804366654875,65.26666666666647
274.19999999999385,263.9054870651527,0.10000000000002274,0.1,2.273181642920008e-14,0.0,6,2,123,52,35.53971535478204,22.432043666548747,65.36666666666646
274.2999999999939,264.00548706515275,0.10000000000002274,0.1,2.273181642920008e-14,0.0,6,2,124,52,35.191548688115375,21.635043666548743,65.46666666666646
274.3999999999939,264.1054870651528,0.10000000000002274,0.1,2.273181642920008e-14,0.0,6,2,125,52,34.843048688115374,20.837043666548738,65.56666666666645
274.4999999999939,264.2054870651528,0.10000000000002274,0.1,2.273181642920008e-14,0.0,6,2,127,52,34.494215354782035,20.038043666548734,65.66666666666644
274.59999999999394,264.3054870651528,0.10000000000002274,0.1,2.273181642920008e-14,0.0,6,2,127,52,34.145048688115374,19.23804366654873,65.76666666666644
274.69999999999396,264.40548706515284,0.10000000000002274,0.1,2.273181642920008e-14,0.0,6,2,127,52,33.795548688115375,18.437043666548725,65.86666666666643
274.799999999994,264.50548706515286,0.10000000000002274,0.1,2.273181642920008e-14,0.0,6,2,127,52,33.445715354782045,17.63504366654872,65.96666666666643
274.899999999994,264.6054870651529,0.10000000000002274,0.1,2.273181642920008e-14,0.0,6,2,127,52,33.09554868811538,16.832043666548717,66.06666666666644
274.99999999999403,264.7054870651529,0.10000000000002274,0.1,2.273181642920008e-14,0.0,6,2,127,52,32.745048688115375,16.02804366654871,66.16666666666643
275.09999999999405,264.80548706515293,0.10000000000002274,0.1,2.273181642920008e-14,0.0,6,2,129,52,32.39421535478204,15.223043666548708,66.26666666666642
275.1999999999941,264.90548706515295,0.10000000000002274,0.1,2.273181642920008e-14,0.0,6,2,131,52,32.04304868811538,14.417043666548706,66.36666666666642
275.2999999999941,265.005487065153,0.10000000000002274,0.1,2.273181642920008e-14,0.0,6,2,132,51,31.691548688115375,13.610043666548703,66.46666666666641
275.3999999999941,265.105487065153,0.10000000000002274,0.1,2.273181642920008e-14,0.0,6,2,132,51,31.339715354782044,12.802043666548702,66.56666666666642
275.49999999999415,265.205487065153,0.10000000000002274,0.1,2.273181642920008e-14,0.0,6,2,132,51,30.800882021448718,11.993043666548699,66.66666666666642
275.59999999999417,265.30548706515305,0.10000000000002274,0.1,2.273181642920008e-14,0.0,6,2,131,50,30.261548688115386,11.183043666548697,66.76666666666641
275.6999999999942,265.40548706515307,0.10000000000002274,0.1,2.273181642920008e-14,0.0,6,2,130,49,29.72171535478206,10.372043666548695,66.8666666666664
275.7999999999942,265.5054870651531,0.10000000000002274,0.1,2.273181642920008e-14,0.0,6,2,130,48,29.18138202144873,9.560043666548694,66.9666666666664
275.89999999999424,265.6054870651531,0.10000000000002274,0.1,2.273181642920008e-14,0.0,6,2,131,48,28.640548688115402,8.986729622115659,67.06666666666639
275.99999999999426,265.70548706515314,0.10000000000002274,0.1,2.273181642920008e-14,0.0,6,2,131,47,28.09921535478207,8.88672962211566,67.16666666666639
276.0999999999943,265.80548706515316,0.10000000000002274,0.1,2.273181642920008e-14,0.0,6,2,131,47,27.557382021448742,8.78672962211566,67.26666666666638
276.1999999999943,265.9054870651532,0.10000000000002274,0.1,2.273181642920008e-14,0.0,6,2,131,47,27.015048688115414,8.68672962211566,67.36666666666639
276.2999999999943,266.0054870651532,0.10000000000002274,0.1,2.273181642920008e-14,0.0,6,2,132,47,26.472215354782083,8.58672962211566,67.46666666666638
276.39999999999435,266.1054870651532,0.10000000000002274,0.1,2.273181642920008e-14,0.0,6,2,132,47,25.928882021448757,8.48672962211566,67.56666666666638
276.4999999999944,266.20548706515325,0.10000000000002274,0.1,2.273181642920008e-14,0.0,6,2,133,47,25.38504868811543,8.386729622115661,67.66666666666639
276.5999999999944,266.3054870651533,0.10000000000002274,0.1,2.273181642920008e-14,0.0,6,2,132,47,24.840715354782102,8.286729622115661,67.76666666666638
276.6999999999944,266.4054870651533,0.10000000000002274,0.1,2.273181642920008e-14,0.0,5,2,131,47,29.379968508851487,8.286729622115661,65.09999999999971
276.79999999999444,266.5054870651533,0.10000000000002274,0.1,2.273181642920008e-14,0.0,5,2,131,47,28.90896850885149,8.186729622115662,65.19999999999972
276.89999999999446,266.60548706515334,0.10000000000002274,0.1,2.273181642920008e-14,0.0,5,2,131,47,28.437568508851495,8.086729622115662,65.29999999999971
276.9999999999945,266.70548706515336,0.10000000000002274,0.1,2.273181642920008e-14,0.0,5,2,131,47,27.9657685088515,7.9867296221156625,65.39999999999971
277.0999999999945,266.8054870651534,0.10000000000002274,0.1,2.273181642920008e-14,0.0,4,2,132,47,34.663699719427214,47.9949971361978,63.724999999999596
277.19999999999453,266.9054870651534,0.10000000000002274,0.1,2.273181642920008e-14,0.0,4,2,132,47,34.27944971942723,47.8949971361978,63.82499999999959
277.29999999999455,267.00548706515343,0.10000000000002274,0.1,2.273181642920008e-14,0.0,4,2,132,47,33.89494971942723,47.7949971361978,63.92499999999959
277.3999999999946,267.10548706515345,0.10000000000002274,0.1,2.273181642920008e-14,0.0,4,2,132,47,33.510199719427234,47.6949971361978,64.0249999999996
277.4999999999946,267.2054870651535,0.10000000000002274,0.1,2.273181642920008e-14,0.0,4,2,133,47,33.12519971942724,47.5949971361978,64.12499999999959
277.5999999999946,267.3054870651535,0.10000000000002274,0.1,2.273181642920008e-14,0.0,4,2,133,47,32.73994971942725,47.494997136197796,64.22499999999958
277.69999999999465,267.4054870651535,0.10000000000002274,0.1,2.273181642920008e-14,0.0,4,2,134,47,32.35444971942726,47.394997136197794,64.32499999999958
277.79999999999467,267.50548706515355,0.10000000000002274,0.1,2.273181642920008e-14,0.0,4,2,134,47,31.968699719427264,47.29499713619779,64.42499999999959
277.8999999999947,267.60548706515357,0.10000000000002274,0.1,2.273181642920008e-14,0.0,4,2,134,47,31.58269971942727,47.19499713619779,64.52499999999958
277.9999999999947,267.7054870651536,0.10000000000002274,0.1,2.273181642920008e-14,0.0,4,2,134,47,31.196449719427278,47.09499713619779,64.62499999999957
278.09999999999474,267.8054870651536,0.10000000000002274,0.1,2.273181642920008e-14,0.0,4,2,134,47,30.809949719427287,46.99499713619779,64.72499999999957
278.19999999999476,267.90548706515364,0.10000000000002274,0.1,2.273181642920008e-14,0.0,4,2,134,47,30.42319971942729,46.89499713619779,64.82499999999958
278.2999999999948,268.00548706515366,0.10000000000002274,0.1,2.273181642920008e-14,0.0,4,2,134,47,30.036199719427298,46.794997136197786,64.92499999999957
278.3999999999948,268.1054870651537,0.10000000000002274,0.1,2.273181642920008e-14,0.0,4,2,135,47,29.648949719427307,46.694997136197784,65.02499999999957
278.4999999999948,268.2054870651537,0.10000000000002274,0.1,2.273181642920008e-14,0.0,4,2,135,47,29.261449719427315,46.59499713619778,65.12499999999956
278.59999999999485,268.3054870651537,0.10000000000002274,0.1,2.273181642920008e-14,0.0,4,2,136,48,28.873699719427318,46.49499713619778,65.22499999999957
278.6999999999949,268.40548706515375,0.10000000000002274,0.1,2.273181642920008e-14,0.0,4,2,136,48,28.485699719427323,46.39499713619778,65.32499999999956
278.7999999999949,268.5054870651538,0.10000000000002274,0.1,2.273181642920008e-14,0.0,4,2,136,48,28.097449719427328,46.29499713619778,65.42499999999956
278.8999999999949,268.6054870651538,0.10000000000002274,0.1,2.273181642920008e-14,0.0,4,2,135,48,27.708949719427334,46.19499713619778,65.52499999999955
278.99999999999494,268.7054870651538,0.10000000000002274,0.1,2.273181642920008e-14,0.0,4,2,135,48,27.32019971942734,46.094997136197776,65.62499999999956
279.09999999999496,268.80548706515384,0.10000000000002274,0.1,2.273181642920008e-14,0.0,4,2,135,48,26.931199719427344,45.994997136197775,65.72499999999955
279.199999999995,268.90548706515386,0.10000000000002274,0.1,2.273181642920008e-14,0.0,4,2,135,48,26.54194971942735,45.89499713619777,65.82499999999955
279.299999999995,269.0054870651539,0.10000000000002274,0.1,2.273181642920008e-14,0.0,4,2,135,48,26.152449719427352,45.79499713619777,65.92499999999954
279.39999999999503,269.1054870651539,0.10000000000002274,0.1,2.273181642920008e-14,0.0,3,2,135,48,34.39371520006813,45.79499713619777,72.66666666666593
279.49999999999505,269.20548706515393,0.10000000000002274,0.1,2.273181642920008e-14,0.0,3,2,136,48,33.90704853340147,45.69499713619777,72.76666666666593
279.5999999999951,269.30548706515395,0.10000000000002274,0.1,2.273181642920008e-14,0.0,3,2,136,47,33.42004853340148,45.59499713619777,72.86666666666592
279.6999999999951,269.405487065154,0.10000000000002274,0.1,2.273181642920008e-14,0.0,3,2,137,47,32.93271520006815,45.49499713619777,72.96666666666592
279.7999999999951,269.505487065154,0.10000000000002274,0.1,2.273181642920008e-14,0.0,3,2,137,47,32.44504853340149,45.394997136197766,73.06666666666592
279.89999999999515,269.605487065154,0.10000000000002274,0.1,2.273181642920008e-14,0.0,3,2,138,47,31.957048533401494,45.294997136197765,73.16666666666592
279.99999999999517,269.70548706515405,0.10000000000002274,0.1,2.273181642920008e-14,0.0,3,2,138,47,31.46871520006817,44.22441884189107,73.26666666666591
280.0999999999952,269.80548706515407,0.10000000000002274,0.1,2.273181642920008e-14,0.0,3,2,138,47,30.98004853340151,42.958418841891095,73.3666666666659
280.1999999999952,269.9054870651541,0.10000000000002274,0.1,2.273181642920008e-14,0.0,3,2,138,47,30.49104853340152,41.69141884189112,73.4666666666659
280.29999999999524,270.0054870651541,0.10000000000002274,0.1,2.273181642920008e-14,0.0,3,2,138,46,30.00171520006819,40.42341884189114,73.56666666666591
280.39999999999526,270.10548706515414,0.10000000000002274,0.1,2.273181642920008e-14,0.0,3,2,138,46,29.51204853340153,39.154418841891165,73.6666666666659
280.4999999999953,270.20548706515416,0.10000000000002274,0.1,2.273181642920008e-14,0.0,3,2,138,45,29.02204853340154,37.88441884189119,73.7666666666659
280.5999999999953,270.3054870651542,0.10000000000002274,0.1,2.273181642920008e-14,0.0,3,2,138,46,28.531715200068216,36.61341884189121,73.86666666666589
280.6999999999953,270.4054870651542,0.10000000000002274,0.1,2.273181642920008e-14,0.0,3,2,138,46,28.041048533401554,35.34141884189123,73.96666666666589
280.79999999999535,270.5054870651542,0.10000000000002274,0.1,2.273181642920008e-14,0.0,3,2,138,46,27.55004853340156,34.06841884189126,74.06666666666588
280.8999999999954,270.60548706515425,0.10000000000002274,0.1,2.273181642920008e-14,0.0,3,2,138,46,27.058715200068235,32.79441884189128,74.16666666666588
280.9999999999954,270.7054870651543,0.10000000000002274,0.1,2.273181642920008e-14,0.0,3,2,137,46,26.567048533401575,31.5194188418913,74.26666666666587
281.0999999999954,270.8054870651543,0.10000000000002274,0.1,2.273181642920008e-14,0.0,3,2,138,46,26.07504853340158,30.243418841891323,74.36666666666588
281.19999999999544,270.9054870651543,0.10000000000002274,0.1,2.273181642920008e-14,0.0,3,2,138,46,25.582715200068254,28.966418841891347,74.46666666666587
281.29999999999546,271.00548706515434,0.10000000000002274,0.1,2.273181642920008e-14,0.0,3,2,138,47,25.090048533401596,27.68841884189137,74.56666666666587
281.3999999999955,271.10548706515436,0.10000000000002274,0.1,2.273181642920008e-14,0.0,3,2,138,48,24.597048533401605,26.40941884189139,74.66666666666588
281.4999999999955,271.2054870651544,0.10000000000002274,0.1,2.273181642920008e-14,0.0,3,2,138,48,24.10371520006828,25.129418841891415,74.76666666666587
281.59999999999553,271.3054870651544,0.10000000000002274,0.1,2.273181642920008e-14,0.0,3,2,138,48,23.61004853340162,23.848418841891437,74.86666666666586
281.69999999999555,271.40548706515443,0.10000000000002274,0.1,2.273181642920008e-14,0.0,3,2,138,48,23.116048533401624,22.566418841891462,74.96666666666586
281.7999999999956,271.50548706515445,0.10000000000002274,0.1,2.273181642920008e-14,0.0,3,2,138,47,22.621715200068298,21.283418841891486,75.06666666666585
281.8999999999956,271.6054870651545,0.10000000000002274,0.1,2.273181642920008e-14,0.0,3,2,139,47,22.127048533401638,19.999418841891508,75.16666666666585
281.9999999999956,271.7054870651545,0.10000000000002274,0.1,2.273181642920008e-14,0.0,3,2,138,47,21.632048533401647,18.714418841891533,75.26666666666584
282.09999999999565,271.8054870651545,0.10000000000002274,0.1,2.273181642920008e-14,0.0,3,2,139,47,21.13671520006832,17.428418841891556,75.36666666666584
282.19999999999567,271.90548706515455,0.10000000000002274,0.1,2.273181642920008e-14,0.0,3,2,138,47,20.641048533401662,16.14141884189158,75.46666666666584
282.2999999999957,272.00548706515457,0.10000000000002274,0.1,2.273181642920008e-14,0.0,3,2,138,47,20.145048533401667,14.853418841891601,75.56666666666584
282.3999999999957,272.1054870651546,0.10000000000002274,0.1,2.273181642920008e-14,0.0,3,2,140,47,19.64871520006834,13.564418841891626,75.66666666666583
282.49999999999574,272.2054870651546,0.10000000000002274,0.1,2.273181642920008e-14,0.0,3,2,140,47,19.152048533401686,12.274418841891652,75.76666666666583
282.59999999999576,272.30548706515464,0.10000000000002274,0.1,2.273181642920008e-14,0.0,3,2,140,47,18.655048533401693,10.983418841891677,75.86666666666582
282.6999999999958,272.40548706515466,0.10000000000002274,0.1,2.273181642920008e-14,0.0,3,2,140,47,18.157715200068367,9.691418841891702,75.96666666666583
282.7999999999958,272.5054870651547,0.10000000000002274,0.1,2.273181642920008e-14,0.0,3,2,139,47,17.66004853340171,8.398418841891727,76.06666666666582
282.8999999999958,272.6054870651547,0.10000000000002274,0.1,2.273181642920008e-14,0.0,3,2,139,47,17.162048533401716,7.104418841891753,76.16666666666582
282.99999999999585,272.7054870651547,0.10000000000002274,0.1,2.273181642920008e-14,0.0,3,2,139,47,16.663715200068392,5.8094188418917785,76.26666666666581
283.0999999999959,272.80548706515475,0.10000000000002274,0.1,2.273181642920008e-14,0.0,3,2,139,47,16.165048533401734,4.513418841891804,76.36666666666581
283.1999999999959,272.9054870651548,0.10000000000002274,0.1,2.273181642920008e-14,0.0,3,2,139,47,15.66604853340174,3.2164188418918296,76.4666666666658
283.2999999999959,273.0054870651548,0.10000000000002274,0.1,2.273181642920008e-14,0.0,3,2,139,47,15.166715200068415,1.9184188418918549,76.5666666666658
283.39999999999594,273.1054870651548,0.10000000000002274,0.1,2.273181642920008e-14,0.0,3,2,139,47,14.667048533401756,1.5867296221156741,76.66666666666579
283.49999999999596,273.20548706515484,0.10000000000002274,0.1,2.273181642920008e-14,0.0,3,2,139,47,14.167048533401763,1.486729622115674,76.7666666666658
283.599999999996,273.30548706515486,0.10000000000002274,0.1,2.273181642920008e-14,0.0,2,2,138,47,21.540863379156693,41.59499713619771,55.19999999999997
283.699999999996,273.4054870651549,0.10000000000002274,0.1,2.273181642920008e-14,0.0,2,2,137,45,21.440863379156692,41.49499713619771,55.29999999999997
283.79999999999603,273.5054870651549,0.10000000000002274,0.1,2.273181642920008e-14,0.0,2,2,137,45,21.34086337915669,41.39499713619771,55.39999999999996
283.89999999999606,273.60548706515493,0.10000000000002274,0.1,2.273181642920008e-14,0.0,2,2,137,45,21.24086337915669,41.29499713619771,55.49999999999996
283.9999999999961,273.70548706515495,0.10000000000002274,0.1,2.273181642920008e-14,0.0,2,2,137,44,21.14086337915669,41.194997136197706,55.59999999999996
284.0999999999961,273.805487065155,0.10000000000002274,0.1,2.273181642920008e-14,0.0,2,2,138,44,21.04086337915669,41.094997136197705,55.69999999999996
284.1999999999961,273.905487065155,0.10000000000002274,0.1,2.273181642920008e-14,0.0,2,2,138,44,20.94086337915669,40.9949971361977,55.799999999999955
284.29999999999615,274.005487065155,0.10000000000002274,0.1,2.273181642920008e-14,0.0,2,2,138,43,20.840863379156687,40.8949971361977,55.89999999999995
284.39999999999617,274.10548706515505,0.10000000000002274,0.1,2.273181642920008e-14,0.0,2,2,138,43,20.740863379156686,40.7949971361977,55.99999999999995
284.4999999999962,274.20548706515507,0.10000000000002274,0.1,2.273181642920008e-14,0.0,2,2,138,43,20.640863379156688,40.6949971361977,56.09999999999995
284.5999999999962,274.3054870651551,0.10000000000002274,0.1,2.273181642920008e-14,0.0,2,2,138,43,20.540863379156686,40.5949971361977,56.199999999999946
284.69999999999624,274.4054870651551,0.10000000000002274,0.1,2.273181642920008e-14,0.0,2,2,139,43,20.440863379156685,40.494997136197696,56.29999999999994
284.79999999999626,274.50548706515514,0.10000000000002274,0.1,2.273181642920008e-14,0.0,2,2,139,44,20.340863379156684,40.394997136197695,56.39999999999994
284.8999999999963,274.60548706515516,0.10000000000002274,0.1,2.273181642920008e-14,0.0,2,2,138,44,20.240863379156682,40.29499713619769,56.49999999999994
284.9999999999963,274.7054870651552,0.10000000000002274,0.1,2.273181642920008e-14,0.0,2,2,139,44,20.140863379156684,40.19499713619769,56.59999999999994
285.0999999999963,274.8054870651552,0.10000000000002274,0.1,2.273181642920008e-14,0.0,1,2,139,45,40.19499713619769,40.19499713619769,32.40000000000019
285.19999999999635,274.9054870651552,0.10000000000002274,0.1,2.273181642920008e-14,0.0,1,2,139,45,40.09499713619769,40.09499713619769,32.50000000000019
285.2999999999964,275.00548706515525,0.10000000000002274,0.1,2.273181642920008e-14,0.0,1,2,138,44,39.99499713619769,39.99499713619769,32.60000000000019
285.3999999999964,275.1054870651553,0.10000000000002274,0.1,2.273181642920008e-14,0.0,1,2,138,44,39.89499713619769,39.89499713619769,32.700000000000195
285.4999999999964,275.2054870651553,0.10000000000002274,0.1,2.273181642920008e-14,0.0,1,2,138,44,39.794997136197686,39.794997136197686,32.800000000000196
285.59999999999644,275.3054870651553,0.10000000000002274,0.1,2.273181642920008e-14,0.0,1,2,138,44,39.694997136197685,39.694997136197685,32.9000000000002
285.69999999999646,275.40548706515534,0.10000000000002274,0.1,2.273181642920008e-14,0.0,1,2,138,44,39.594997136197684,39.594997136197684,33.0000000000002
285.7999999999965,275.50548706515536,0.10000000000002274,0.1,2.273181642920008e-14,0.0,1,2,138,44,39.49499713619768,39.49499713619768,33.1000000000002
285.8999999999965,275.6054870651554,0.10000000000002274,0.1,2.273181642920008e-14,0.0,1,2,137,44,39.39499713619768,39.39499713619768,33.2000000000002
285.99999999999653,275.7054870651554,0.10000000000002274,0.1,2.273181642920008e-14,0.0,1,2,138,44,39.29499713619768,39.29499713619768,33.3000000000002
286.09999999999656,275.80548706515543,0.10000000000002274,0.1,2.273181642920008e-14,0.0,1,2,138,44,39.19499713619768,39.19499713619768,33.400000000000205
286.1999999999966,275.90548706515546,0.10000000000002274,0.1,2.273181642920008e-14,0.0,1,2,139,44,39.09499713619768,39.09499713619768,33.500000000000206
286.2999999999966,276.0054870651555,0.10000000000002274,0.1,2.273181642920008e-14,0.0,1,2,139,44,38.994997136197675,38.994997136197675,33.60000000000021
286.3999999999966,276.1054870651555,0.10000000000002274,0.1,2.273181642920008e-14,0.0,1,2,139,44,38.894997136197674,38.894997136197674,33.70000000000021
286.49999999999665,276.2054870651555,0.10000000000002274,0.1,2.273181642920008e-14,0.0,1,2,139,44,38.79499713619767,38.79499713619767,33.80000000000021
286.59999999999667,276.30548706515555,0.10000000000002274,0.1,2.273181642920008e-14,0.0,1,2,139,44,38.69499713619767,38.69499713619767,33.90000000000021
286.6999999999967,276.40548706515557,0.10000000000002274,0.1,2.273181642920008e-14,0.0,1,2,139,45,38.59499713619767,38.59499713619767,34.00000000000021
286.7999999999967,276.5054870651556,0.10000000000002274,0.1,2.273181642920008e-14,0.0,1,2,138,45,38.49499713619767,38.49499713619767,34.100000000000215
286.89999999999674,276.6054870651556,0.10000000000002274,0.1,2.273181642920008e-14,0.0,1,2,138,45,38.39499713619767,38.39499713619767,34.200000000000216
286.99999999999676,276.70548706515564,0.10000000000002274,0.1,2.273181642920008e-14,0.0,1,2,138,45,38.294997136197665,38.294997136197665,34.30000000000022
287.0999999999968,276.80548706515566,0.10000000000002274,0.1,2.273181642920008e-14,0.0,1,2,138,46,38.194997136197664,38.194997136197664,34.40000000000022
287.1999999999968,276.9054870651557,0.10000000000002274,0.1,2.273181642920008e-14,0.0,1,2,138,46,38.09499713619766,38.09499713619766,34.50000000000022
287.2999999999968,277.0054870651557,0.10000000000002274,0.1,2.273181642920008e-14,0.0,1,2,138,46,37.99499713619766,37.99499713619766,34.60000000000022
287.39999999999685,277.1054870651557,0.10000000000002274,0.1,2.273181642920008e-14,0.0,1,2,137,46,37.89499713619766,37.89499713619766,34.70000000000022
287.4999999999969,277.20548706515575,0.10000000000002274,0.1,2.273181642920008e-14,0.0,1,2,137,46,37.79499713619766,37.79499713619766,34.800000000000225
287.5999999999969,277.3054870651558,0.10000000000002274,0.1,2.273181642920008e-14,0.0,1,2,137,46,37.69499713619766,37.69499713619766,34.900000000000226
287.6999999999969,277.4054870651558,0.10000000000002274,0.1,2.273181642920008e-14,0.0,1,2,137,46,37.594997136197655,37.594997136197655,35.00000000000023
287.79999999999694,277.5054870651558,0.10000000000002274,0.1,2.273181642920008e-14,0.0,1,2,136,46,37.494997136197654,37.494997136197654,35.10000000000023
287.89999999999696,277.60548706515584,0.10000000000002274,0.1,2.273181642920008e-14,0.0,1,2,135,46,37.39499713619765,37.39499713619765,35.20000000000023
287.999999999997,277.70548706515586,0.10000000000002274,0.1,2.273181642920008e-14,0.0,1,2,136,46,37.29499713619765,37.29499713619765,35.30000000000023
288.099999999997,277.8054870651559,0.10000000000002274,0.1,2.273181642920008e-14,0.0,1,2,136,46,37.19499713619765,37.19499713619765,35.40000000000023
288.19999999999703,277.9054870651559,0.10000000000002274,0.1,2.273181642920008e-14,0.0,1,2,136,46,37.09499713619765,37.09499713619765,35.500000000000234
288.29999999999706,278.00548706515593,0.10000000000002274,0.1,2.273181642920008e-14,0.0,1,2,136,46,36.99499713619765,36.99499713619765,35.600000000000236
288.3999999999971,278.10548706515596,0.10000000000002274,0.1,2.273181642920008e-14,0.0,1,2,137,47,36.894997136197645,36.894997136197645,35.70000000000024
288.4999999999971,278.205487065156,0.10000000000002274,0.1,2.273181642920008e-14,0.0,1,2,137,47,36.794997136197644,36.794997136197644,35.80000000000024
288.5999999999971,278.305487065156,0.10000000000002274,0.1,2.273181642920008e-14,0.0,1,2,137,47,36.69499713619764,36.69499713619764,35.90000000000024
288.69999999999715,278.405487065156,0.10000000000002274,0.1,2.273181642920008e-14,0.0,1,2,136,47,36.59499713619764,36.59499713619764,36.00000000000024
288.79999999999717,278.50548706515605,0.10000000000002274,0.1,2.273181642920008e-14,0.0,1,2,136,47,36.49499713619764,36.49499713619764,36.10000000000024
288.8999999999972,278.60548706515607,0.10000000000002274,0.1,2.273181642920008e-14,0.0,1,2,135,47,36.39499713619764,36.39499713619764,36.200000000000244
288.9999999999972,278.7054870651561,0.10000000000002274,0.1,2.273181642920008e-14,0.0,1,2,135,48,36.29499713619764,36.29499713619764,36.300000000000246
289.09999999999724,278.8054870651561,0.10000000000002274,0.1,2.273181642920008e-14,0.0,1,2,134,47,36.194997136197635,36.194997136197635,36.40000000000025
289.19999999999726,278.90548706515614,0.10000000000002274,0.1,2.273181642920008e-14,0.0,1,2,134,47,36.094997136197634,36.094997136197634,36.50000000000025
289.2999999999973,279.00548706515616,0.10000000000002274,0.1,2.273181642920008e-14,0.0,1,2,133,47,35.99499713619763,35.99499713619763,36.60000000000025
289.3999999999973,279.1054870651562,0.10000000000002274,0.1,2.273181642920008e-14,0.0,1,2,133,47,35.89499713619763,35.89499713619763,36.70000000000025
289.4999999999973,279.2054870651562,0.10000000000002274,0.1,2.273181642920008e-14,0.0,1,2,133,47,35.79499713619763,35.79499713619763,36.80000000000025
289.59999999999735,279.3054870651562,0.10000000000002274,0.1,2.273181642920008e-14,0.0,1,2,133,47,35.69499713619763,35.69499713619763,36.900000000000254
289.6999999999974,279.40548706515625,0.10000000000002274,0.1,2.273181642920008e-14,0.0,1,2,134,47,35.59499713619763,35.59499713619763,37.000000000000256
289.7999999999974,279.5054870651563,0.10000000000002274,0.1,2.273181642920008e-14,0.0,1,2,134,47,35.494997136197625,35.494997136197625,37.10000000000026
289.8999999999974,279.6054870651563,0.10000000000002274,0.1,2.273181642920008e-14,0.0,1,2,134,47,35.394997136197624,35.394997136197624,37.20000000000026
289.99999999999744,279.7054870651563,0.10000000000002274,0.1,2.273181642920008e-14,0.0,1,2,134,47,35.29499713619762,35.29499713619762,37.30000000000026
290.09999999999746,279.80548706515634,0.10000000000002274,0.1,2.273181642920008e-14,0.0,1,2,134,47,35.19499713619762,35.19499713619762,37.40000000000026
290.1999999999975,279.90548706515636,0.10000000000002274,0.1,2.273181642920008e-14,0.0,1,2,134,47,35.09499713619762,35.09499713619762,37.50000000000026
290.2999999999975,280.0054870651564,0.10000000000002274,0.1,2.273181642920008e-14,0.0,1,2,134,47,34.99499713619762,34.99499713619762,37.600000000000264
290.39999999999753,280.1054870651564,0.10000000000002274,0.1,2.273181642920008e-14,0.0,1,2,132,47,34.89499713619762,34.89499713619762,37.700000000000266
290.49999999999756,280.20548706515643,0.10000000000002274,0.1,2.273181642920008e-14,0.0,1,2,131,47,34.794997136197615,34.794997136197615,37.80000000000027
290.5999999999976,280.30548706515646,0.10000000000002274,0.1,2.273181642920008e-14,0.0,1,2,130,47,34.694997136197614,34.694997136197614,37.90000000000027
290.6999999999976,280.4054870651565,0.10000000000002274,0.1,2.273181642920008e-14,0.0,1,2,130,47,34.59499713619761,34.59499713619761,38.00000000000027
290.7999999999976,280.5054870651565,0.10000000000002274,0.1,2.273181642920008e-14,0.0,1,2,130,47,34.49499713619761,34.49499713619761,38.10000000000027
290.89999999999765,280.6054870651565,0.10000000000002274,0.1,2.273181642920008e-14,0.0,1,2,130,47,34.39499713619761,34.39499713619761,38.20000000000027
290.99999999999767,280.70548706515655,0.10000000000002274,0.1,2.273181642920008e-14,0.0,1,2,130,47,34.29499713619761,34.29499713619761,38.300000000000274
291.0999999999977,280.80548706515657,0.10000000000002274,0.1,2.273181642920008e-14,0.0,1,2,130,47,34.19499713619761,34.19499713619761,38.400000000000276
291.1999999999977,280.9054870651566,0.10000000000002274,0.1,2.273181642920008e-14,0.0,1,2,130,48,34.094997136197605,34.094997136197605,38.50000000000028
291.29999999999774,281.0054870651566,0.10000000000002274,0.1,2.273181642920008e-14,0.0,1,2,130,48,33.994997136197604,33.994997136197604,38.60000000000028
291.39999999999776,281.10548706515664,0.10000000000002274,0.1,2.273181642920008e-14,0.0,1,2,131,48,33.8949971361976,33.8949971361976,38.70000000000028
291.4999999999978,281.20548706515666,0.10000000000002274,0.1,2.273181642920008e-14,0.0,1,2,130,48,33.7949971361976,33.7949971361976,38.80000000000028
291.5999999999978,281.3054870651567,0.10000000000002274,0.1,2.273181642920008e-14,0.0,1,2,130,48,33.6949971361976,33.6949971361976,38.90000000000028
291.69999999999783,281.4054870651567,0.10000000000002274,0.1,2.273181642920008e-14,0.0,1,2,130,48,33.5949971361976,33.5949971361976,39.000000000000284
291.79999999999785,281.50548706515673,0.10000000000002274,0.1,2.273181642920008e-14,0.0,1,2,130,48,33.4949971361976,33.4949971361976,39.100000000000286
291.8999999999979,281.60548706515675,0.10000000000002274,0.1,2.273181642920008e-14,0.0,1,2,130,47,33.394997136197595,33.394997136197595,39.20000000000029
291.9999999999979,281.7054870651568,0.10000000000002274,0.1,2.273181642920008e-14,0.0,1,2,130,46,33.294997136197594,33.294997136197594,39.30000000000029
292.0999999999979,281.8054870651568,0.10000000000002274,0.1,2.273181642920008e-14,0.0,1,2,129,46,33.19499713619759,33.19499713619759,39.40000000000029
292.19999999999794,281.9054870651568,0.10000000000002274,0.1,2.273181642920008e-14,0.0,1,2,129,46,33.09499713619759,33.09499713619759,39.50000000000029
292.29999999999797,282.00548706515684,0.10000000000002274,0.1,2.273181642920008e-14,0.0,1,2,129,46,32.99499713619759,32.99499713619759,39.60000000000029
292.399999999998,282.10548706515686,0.10000000000002274,0.1,2.273181642920008e-14,0.0,1,2,129,46,32.89499713619759,32.89499713619759,39.700000000000294
292.499999999998,282.2054870651569,0.10000000000002274,0.1,2.273181642920008e-14,0.0,1,2,129,46,32.79499713619759,32.79499713619759,39.800000000000296
292.59999999999803,282.3054870651569,0.10000000000002274,0.1,2.273181642920008e-14,0.0,1,2,128,46,32.694997136197586,32.694997136197586,39.9000000000003
292.69999999999806,282.40548706515693,0.10000000000002274,0.1,2.273181642920008e-14,0.0,1,2,128,46,32.594997136197584,32.594997136197584,40.0000000000003
292.7999999999981,282.50548706515696,0.10000000000002274,0.1,2.273181642920008e-14,0.0,1,2,128,46,32.49499713619758,32.49499713619758,40.1000000000003
292.8999999999981,282.605487065157,0.10000000000002274,0.1,2.273181642920008e-14,0.0,1,2,127,46,32.39499713619758,32.39499713619758,40.2000000000003
292.9999999999981,282.705487065157,0.10000000000002274,0.1,2.273181642920008e-14,0.0,1,2,127,46,32.29499713619758,32.29499713619758,40.3000000000003
293.09999999999815,282.805487065157,0.10000000000002274,0.1,2.273181642920008e-14,0.0,1,2,127,47,32.19499713619758,32.19499713619758,40.400000000000304
293.19999999999817,282.90548706515705,0.10000000000002274,0.1,2.273181642920008e-14,0.0,1,2,127,48,32.09499713619758,32.09499713619758,40.500000000000306
293.2999999999982,283.00548706515707,0.10000000000002274,0.1,2.273181642920008e-14,0.0,1,2,126,47,31.994997136197576,31.994997136197576,40.60000000000031
293.3999999999982,283.1054870651571,0.10000000000002274,0.1,2.273181642920008e-14,0.0,1,2,126,47,31.894997136197574,31.894997136197574,40.70000000000031
293.49999999999824,283.2554870651571,0.1500000000000341,0.1,0.0500000000000341,0.0,1,2,125,47,80.8445388602321,80.8445388602321,40.80000000000031
293.59999999999826,283.35548706515715,0.10000000000002274,0.1,2.273181642920008e-14,0.0,1,2,124,48,80.20700008456218,80.20700008456218,40.90000000000031
293.6999999999983,283.4554870651572,0.10000000000002274,0.1,2.273181642920008e-14,0.0,1,2,124,48,78.82469865704333,78.82469865704333,41.00000000000031
293.7999999999983,283.6154870651572,0.160000000000025,0.1,0.060000000000025006,0.0,1,2,123,48,137.8256613599101,137.8256613599101,41.100000000000314
293.89999999999833,283.7154870651572,0.10000000000002274,0.1,2.273181642920008e-14,0.0,1,2,123,48,137.38495798346034,137.38495798346034,41.200000000000315
293.99999999999835,283.81548706515724,0.10000000000002274,0.1,2.273181642920008e-14,0.0,1,2,124,48,136.38257444992058,136.38257444992058,41.30000000000032
294.0999999999984,283.91548706515727,0.10000000000002274,0.1,2.273181642920008e-14,0.0,1,2,124,47,135.38182470551587,135.38182470551587,41.40000000000032
294.1999999999984,284.0154870651573,0.10000000000002274,0.1,2.273181642920008e-14,0.0,1,2,125,47,134.3644753075654,134.3644753075654,41.50000000000032
294.2999999999984,284.1154870651573,0.10000000000002274,0.1,2.273181642920008e-14,0.0,1,2,126,47,133.36117726621907,133.36117726621907,41.60000000000032
294.39999999999844,284.21548706515733,0.10000000000002274,0.1,2.273181642920008e-14,0.0,1,2,126,47,132.342449179933,132.342449179933,41.70000000000032
294.49999999999847,284.31548706515736,0.10000000000002274,0.1,2.273181642920008e-14,0.0,1,2,126,47,131.2713917672981,131.2713917672981,41.800000000000324
294.5999999999985,284.4154870651574,0.10000000000002274,0.1,2.273181642920008e-14,0.0,1,2,125,48,130.08733712914707,130.08733712914707,41.900000000000325
294.6999999999985,284.5154870651574,0.10000000000002274,0.1,2.273181642920008e-14,0.0,1,2,125,48,129.00691857365248,129.00691857365248,42.00000000000033
294.79999999999853,284.6154870651574,0.10000000000002274,0.1,2.273181642920008e-14,0.0,1,2,125,48,128.0078812765189,128.0078812765189,42.10000000000033
294.89999999999856,284.7524870651574,0.13700000000000045,0.1,0.03700000000000045,0.0,1,2,124,48,164.00884397938535,164.00884397938535,42.20000000000033
294.9999999999986,284.85248706515745,0.10000000000002274,0.1,2.273181642920008e-14,0.0,2,2,124,48,69.17741515649794,74.9,21.200000000000166
295.0999999999986,284.95248706515747,0.10000000000002274,0.1,2.273181642920008e-14,0.0,2,2,125,48,68.0561266057819,73.7450370833109,21.300000000000168
295.1999999999986,285.0524870651575,0.10000000000002274,0.1,2.273181642920008e-14,0.0,2,2,126,48,67.1407366585817,72.91329448604408,21.400000000000166
295.29999999999865,285.1524870651575,0.10000000000002274,0.1,2.273181642920008e-14,0.0,2,2,127,48,66.53170933409359,72.08155188877726,21.500000000000167
295.39999999999867,285.25248706515754,0.10000000000002274,0.1,2.273181642920008e-14,0.0,2,2,126,48,66.02708588391911,71.47894148240383,21.60000000000017
295.4999999999987,285.35248706515756,0.10000000000002274,0.1,2.273181642920008e-14,0.0,2,2,127,49,65.66713381032142,70.9226993124452,21.70000000000017
295.5999999999987,285.4524870651576,0.10000000000002274,0.1,2.273181642920008e-14,0.0,2,2,128,49,65.50347183308466,70.75903733520845,21.80000000000017
295.69999999999874,285.5524870651576,0.10000000000002274,0.1,2.273181642920008e-14,0.0,2,2,128,49,65.3398098558479,70.59537535797169,21.90000000000017
295.79999999999876,285.65248706515763,0.10000000000002274,0.1,2.273181642920008e-14,0.0,2,2,128,49,65.17614787861115,70.43171338073493,22.00000000000017
295.8999999999988,285.75248706515765,0.10000000000002274,0.1,2.273181642920008e-14,0.0,2,2,128,49,65.04431688999277,70.26805140349818,22.100000000000172
295.9999999999988,285.8524870651577,0.10000000000002274,0.1,2.273181642920008e-14,0.0,2,2,127,49,64.94431688999278,70.16805140349818,22.200000000000173
296.09999999999883,285.9524870651577,0.10000000000002274,0.1,2.273181642920008e-14,0.0,2,2,127,49,64.84431688999278,70.06805140349819,22.300000000000175
296.19999999999885,286.0524870651577,0.10000000000002274,0.1,2.273181642920008e-14,0.0,2,2,127,49,64.74431688999277,69.9680514034982,22.400000000000173
296.2999999999989,286.15248706515774,0.10000000000002274,0.1,2.273181642920008e-14,0.0,2,2,127,48,64.64431688999278,69.8680514034982,22.500000000000174
296.3999999999989,286.25248706515777,0.10000000000002274,0.1,2.273181642920008e-14,0.0,2,2,128,48,64.54431688999279,69.7680514034982,22.600000000000176
296.4999999999989,286.3524870651578,0.10000000000002274,0.1,2.273181642920008e-14,0.0,2,2,129,48,64.44431688999279,69.66805140349821,22.700000000000177
296.59999999999894,286.4524870651578,0.10000000000002274,0.1,2.273181642920008e-14,0.0,2,2,129,48,64.3443168899928,69.56805140349822,22.80000000000018
296.69999999999897,286.55248706515783,0.10000000000002274,0.1,2.273181642920008e-14,0.0,2,2,128,48,64.24431688999279,69.46805140349822,22.900000000000176
296.799999999999,286.65248706515786,0.10000000000002274,0.1,2.273181642920008e-14,0.0,2,2,127,48,64.1443168899928,69.36805140349823,23.000000000000178
296.899999999999,286.7524870651579,0.10000000000002274,0.1,2.273181642920008e-14,0.0,2,2,130,48,64.0443168899928,69.26805140349823,23.10000000000018
296.99999999999903,286.8524870651579,0.10000000000002274,0.1,2.273181642920008e-14,0.0,2,2,130,48,63.9443168899928,69.16805140349824,23.20000000000018
297.09999999999906,286.9524870651579,0.10000000000002274,0.1,2.273181642920008e-14,0.0,2,2,130,48,63.8443168899928,69.06805140349825,23.300000000000182
297.1999999999991,287.05248706515795,0.10000000000002274,0.1,2.273181642920008e-14,0.0,2,2,129,48,63.7443168899928,68.96805140349825,23.400000000000183
297.2999999999991,287.15248706515797,0.10000000000002274,0.1,2.273181642920008e-14,0.0,2,2,129,48,63.64431688999281,68.86805140349826,23.50000000000018
297.3999999999991,287.252487065158,0.10000000000002274,0.1,2.273181642920008e-14,0.0,2,2,129,48,63.54431688999281,68.76805140349826,23.600000000000183
297.49999999999915,287.352487065158,0.10000000000002274,0.1,2.273181642920008e-14,0.0,2,2,129,48,63.444316889992805,68.66805140349827,23.700000000000184
297.59999999999917,287.45248706515804,0.10000000000002274,0.1,2.273181642920008e-14,0.0,2,2,129,48,63.34431688999281,68.56805140349827,23.800000000000185
297.6999999999992,287.55248706515806,0.10000000000002274,0.1,2.273181642920008e-14,0.0,2,2,129,48,63.24431688999282,68.46805140349828,23.900000000000187
297.7999999999992,287.6524870651581,0.10000000000002274,0.1,2.273181642920008e-14,0.0,2,2,128,48,63.144316889992815,68.36805140349828,24.000000000000185
297.89999999999924,287.7524870651581,0.10000000000002274,0.1,2.273181642920008e-14,0.0,2,2,128,48,63.044316889992814,68.26805140349829,24.100000000000186
297.99999999999926,287.85248706515813,0.10000000000002274,0.1,2.273181642920008e-14,0.0,2,2,127,48,62.94431688999282,68.1680514034983,24.200000000000188
298.0999999999993,287.95248706515815,0.10000000000002274,0.1,2.273181642920008e-14,0.0,2,2,127,47,62.844316889992825,68.0680514034983,24.30000000000019
298.1999999999993,288.0524870651582,0.10000000000002274,0.1,2.273181642920008e-14,0.0,2,2,127,47,62.744316889992824,67.96805140349831,24.40000000000019
298.29999999999933,288.1524870651582,0.10000000000002274,0.1,2.273181642920008e-14,0.0,2,2,127,46,62.64431688999282,67.86805140349831,24.50000000000019
298.39999999999935,288.2524870651582,0.10000000000002274,0.1,2.273181642920008e-14,0.0,2,2,127,46,62.54431688999283,67.76805140349832,24.60000000000019
298.4999999999994,288.35248706515824,0.10000000000002274,0.1,2.273181642920008e-14,0.0,2,2,127,46,62.444316889992834,67.66805140349832,24.70000000000019
298.5999999999994,288.45248706515827,0.10000000000002274,0.1,2.273181642920008e-14,0.0,2,2,127,46,62.34431688999283,67.56805140349833,24.800000000000193
298.6999999999994,288.5524870651583,0.10000000000002274,0.1,2.273181642920008e-14,0.0,2,2,127,46,62.24431688999283,67.46805140349834,24.900000000000194
298.79999999999944,288.6524870651583,0.10000000000002274,0.1,2.273181642920008e-14,0.0,2,2,126,46,62.14431688999284,67.36805140349834,25.000000000000192
298.89999999999947,288.75248706515833,0.10000000000002274,0.1,2.273181642920008e-14,0.0,2,2,125,46,62.04431688999284,67.26805140349835,25.100000000000193
298.9999999999995,288.85248706515836,0.10000000000002274,0.1,2.273181642920008e-14,0.0,2,2,125,46,61.94431688999284,67.16805140349835,25.200000000000195
299.0999999999995,288.9524870651584,0.10000000000002274,0.1,2.273181642920008e-14,0.0,2,2,126,47,61.84431688999284,67.06805140349836,25.300000000000196
299.19999999999953,289.0524870651584,0.10000000000002274,0.1,2.273181642920008e-14,0.0,2,2,126,47,61.744316889992845,66.96805140349836,25.400000000000198
299.29999999999956,289.1524870651584,0.10000000000002274,0.1,2.273181642920008e-14,0.0,2,2,126,47,61.64431688999285,66.86805140349837,25.500000000000195
299.3999999999996,289.25248706515845,0.10000000000002274,0.1,2.273181642920008e-14,0.0,2,2,126,47,61.54431688999285,66.76805140349838,25.600000000000197
299.4999999999996,289.35248706515847,0.10000000000002274,0.1,2.273181642920008e-14,0.0,2,2,126,47,61.44431688999285,66.66805140349838,25.7000000000002
299.5999999999996,289.4524870651585,0.10000000000002274,0.1,2.273181642920008e-14,0.0,2,2,125,47,61.344316889992854,66.56805140349839,25.800000000000196
299.69999999999965,289.5524870651585,0.10000000000002274,0.1,2.273181642920008e-14,0.0,2,2,125,47,61.24431688999286,66.4680514034984,25.900000000000198
299.79999999999967,289.65248706515854,0.10000000000002274,0.1,2.273181642920008e-14,0.0,2,2,124,47,61.14431688999286,66.3680514034984,26.0000000000002
299.8999999999997,289.75248706515856,0.10000000000002274,0.1,2.273181642920008e-14,0.0,2,2,124,47,61.04431688999286,66.2680514034984,26.1000000000002
299.9999999999997,289.8524870651586,0.10000000000002274,0.1,2.273181642920008e-14,0.0,2,2,124,48,60.94431688999286,66.16805140349841,26.200000000000202
300.09999999999974,289.9524870651586,0.10000000000002274,0.1,2.273181642920008e-14,0.0,2,2,123,48,60.84431688999287,66.06805140349842,26.3000000000002
300.19999999999976,290.05248706515863,0.10000000000002274,0.1,2.273181642920008e-14,0.0,2,2,123,49,60.74431688999287,65.96805140349842,26.4000000000002
300.2999999999998,290.15248706515865,0.10000000000002274,0.1,2.273181642920008e-14,0.0,2,2,124,49,60.644316889992865,65.86805140349843,26.500000000000203
300.3999999999998,290.2524870651587,0.10000000000002274,0.1,2.273181642920008e-14,0.0,2,2,125,49,60.54431688999287,65.76805140349843,26.6000000000002
300.49999999999983,290.3524870651587,0.10000000000002274,0.1,2.273181642920008e-14,0.0,2,2,125,49,60.444316889992876,65.66805140349844,26.700000000000202
300.59999999999985,290.4524870651587,0.10000000000002274,0.1,2.273181642920008e-14,0.0,2,2,126,49,60.344316889992875,65.56805140349844,26.800000000000203
300.6999999999999,290.55248706515874,0.10000000000002274,0.1,2.273181642920008e-14,0.0,2,2,126,49,60.244316889992874,65.46805140349845,26.900000000000205
300.7999999999999,290.65248706515877,0.10000000000002274,0.1,2.273181642920008e-14,0.0,2,2,126,49,60.14431688999288,65.36805140349846,27.000000000000206
300.8999999999999,290.7524870651588,0.10000000000002274,0.1,2.273181642920008e-14,0.0,2,2,126,49,60.044316889992885,65.26805140349846,27.100000000000204
300.99999999999994,290.8524870651588,0.10000000000002274,0.1,2.273181642920008e-14,0.0,2,2,126,49,59.94431688999288,65.16805140349847,27.200000000000205
301.09999999999997,290.95248706515883,0.10000000000002274,0.1,2.273181642920008e-14,0.0,2,2,126,49,59.84431688999288,65.06805140349847,27.300000000000207
301.2,291.05248706515886,0.10000000000002274,0.1,2.273181642920008e-14,0.0,2,2,126,49,59.74431688999289,64.96805140349848,27.400000000000205
301.3,291.1524870651589,0.10000000000002274,0.1,2.273181642920008e-14,0.0,2,2,126,49,59.64431688999289,64.86805140349848,27.500000000000206
301.40000000000003,291.2524870651589,0.10000000000002274,0.1,2.273181642920008e-14,0.0,2,2,126,50,59.54431688999289,64.76805140349849,27.600000000000207
301.50000000000006,291.3524870651589,0.10000000000002274,0.1,2.273181642920008e-14,0.0,2,2,126,51,59.44431688999289,64.6680514034985,27.70000000000021
301.6000000000001,291.45248706515895,0.10000000000002274,0.1,2.273181642920008e-14,0.0,2,2,126,51,59.344316889992896,64.5680514034985,27.80000000000021
301.7000000000001,291.55248706515897,0.10000000000002274,0.1,2.273181642920008e-14,0.0,2,2,126,51,59.2443168899929,64.4680514034985,27.900000000000208
301.8000000000001,291.652487065159,0.10000000000002274,0.1,2.273181642920008e-14,0.0,2,2,127,51,59.1443168899929,64.36805140349851,28.00000000000021
301.90000000000015,291.752487065159,0.10000000000002274,0.1,2.273181642920008e-14,0.0,2,2,128,52,59.0443168899929,64.26805140349852,28.10000000000021
302.00000000000017,291.85248706515904,0.10000000000002274,0.1,2.273181642920008e-14,0.0,2,2,128,52,58.944316889992905,64.16805140349852,28.20000000000021
302.1000000000002,291.95248706515906,0.10000000000002274,0.1,2.273181642920008e-14,0.0,2,2,128,52,58.84431688999291,64.06805140349853,28.30000000000021
302.2000000000002,292.0524870651591,0.10000000000002274,0.1,2.273181642920008e-14,0.0,2,2,128,52,58.7443168899929,63.96805140349853,28.40000000000021
302.30000000000024,292.1524870651591,0.10000000000002274,0.1,2.273181642920008e-14,0.0,2,2,129,52,58.64431688999291,63.86805140349853,28.500000000000213
302.40000000000026,292.25248706515913,0.10000000000002274,0.1,2.273181642920008e-14,0.0,2,2,129,53,58.5443168899929,63.768051403498525,28.600000000000215
302.5000000000003,292.35248706515915,0.10000000000002274,0.1,2.273181642920008e-14,0.0,2,2,130,53,58.444316889992905,63.668051403498524,28.700000000000212
302.6000000000003,292.4524870651592,0.10000000000002274,0.1,2.273181642920008e-14,0.0,2,2,130,53,58.344316889992896,63.56805140349852,28.800000000000214
302.70000000000033,292.5524870651592,0.10000000000002274,0.1,2.273181642920008e-14,0.0,2,2,132,53,58.2443168899929,63.46805140349852,28.900000000000215
302.80000000000035,292.6524870651592,0.10000000000002274,0.1,2.273181642920008e-14,0.0,2,2,132,53,58.14431688999289,63.36805140349852,29.000000000000213
302.9000000000004,292.75248706515924,0.10000000000002274,0.1,2.273181642920008e-14,0.0,2,2,132,53,58.0443168899929,63.26805140349852,29.100000000000215
303.0000000000004,292.85248706515927,0.10000000000002274,0.1,2.273181642920008e-14,0.0,2,2,132,53,57.94431688999289,63.16805140349852,29.200000000000216
303.1000000000004,292.9524870651593,0.10000000000002274,0.1,2.273181642920008e-14,0.0,2,2,133,53,57.844316889992896,63.068051403498515,29.300000000000217
303.20000000000044,293.0524870651593,0.10000000000002274,0.1,2.273181642920008e-14,0.0,2,2,134,53,57.74431688999289,62.968051403498514,29.40000000000022
303.30000000000047,293.15248706515933,0.10000000000002274,0.1,2.273181642920008e-14,0.0,2,2,134,53,57.64431688999289,62.86805140349851,29.500000000000217
303.4000000000005,293.25248706515936,0.10000000000002274,0.1,2.273181642920008e-14,0.0,2,2,135,53,57.544316889992885,62.76805140349851,29.600000000000218
303.5000000000005,293.3524870651594,0.10000000000002274,0.1,2.273181642920008e-14,0.0,2,2,134,53,57.44431688999289,62.66805140349851,29.70000000000022
303.60000000000053,293.4524870651594,0.10000000000002274,0.1,2.273181642920008e-14,0.0,2,2,134,53,57.34431688999288,62.56805140349851,29.800000000000217
303.70000000000056,293.5524870651594,0.10000000000002274,0.1,2.273181642920008e-14,0.0,2,2,134,52,57.24431688999289,62.46805140349851,29.90000000000022
303.8000000000006,293.65248706515945,0.10000000000002274,0.1,2.273181642920008e-14,0.0,2,2,133,52,57.14431688999288,62.368051403498505,30.00000000000022
303.9000000000006,293.75248706515947,0.10000000000002274,0.1,2.273181642920008e-14,0.0,2,2,133,52,57.044316889992885,62.268051403498504,30.10000000000022
304.0000000000006,293.8524870651595,0.10000000000002274,0.1,2.273181642920008e-14,0.0,2,2,132,52,56.944316889992876,62.1680514034985,30.200000000000223
304.10000000000065,293.9524870651595,0.10000000000002274,0.1,2.273181642920008e-14,0.0,2,2,131,53,56.84431688999288,62.0680514034985,30.30000000000022
304.20000000000067,294.05248706515954,0.10000000000002274,0.1,2.273181642920008e-14,0.0,2,2,131,53,56.744316889992874,61.9680514034985,30.400000000000222
304.3000000000007,294.15248706515956,0.10000000000002274,0.1,2.273181642920008e-14,0.0,2,2,132,53,56.64431688999288,61.8680514034985,30.500000000000224
304.4000000000007,294.2524870651596,0.10000000000002274,0.1,2.273181642920008e-14,0.0,2,2,132,53,56.54431688999287,61.7680514034985,30.60000000000022
304.50000000000074,294.3524870651596,0.10000000000002274,0.1,2.273181642920008e-14,0.0,2,2,131,53,56.444316889992876,61.668051403498495,30.700000000000223
304.60000000000076,294.45248706515963,0.10000000000002274,0.1,2.273181642920008e-14,0.0,2,2,130,53,56.34431688999287,61.568051403498494,30.800000000000225
304.7000000000008,294.55248706515965,0.10000000000002274,0.1,2.273181642920008e-14,0.0,2,2,130,53,56.244316889992874,61.46805140349849,30.900000000000226
304.8000000000008,294.6524870651597,0.10000000000002274,0.1,2.273181642920008e-14,0.0,2,2,131,53,56.144316889992865,61.36805140349849,31.000000000000227
304.90000000000083,294.7524870651597,0.10000000000002274,0.1,2.273181642920008e-14,0.0,2,2,131,53,56.04431688999287,61.26805140349849,31.100000000000225
305.00000000000085,294.8524870651597,0.10000000000002274,0.1,2.273181642920008e-14,0.0,2,2,133,53,55.94431688999286,61.16805140349849,31.200000000000227
305.1000000000009,294.95248706515974,0.10000000000002274,0.1,2.273181642920008e-14,0.0,2,2,134,53,55.84431688999287,61.06805140349849,31.300000000000228
305.2000000000009,295.05248706515977,0.10000000000002274,0.1,2.273181642920008e-14,0.0,2,2,134,53,55.74431688999286,60.968051403498485,31.400000000000226
305.3000000000009,295.1524870651598,0.10000000000002274,0.1,2.273181642920008e-14,0.0,2,2,135,53,55.644316889992865,60.868051403498484,31.500000000000227
305.40000000000094,295.2524870651598,0.10000000000002274,0.1,2.273181642920008e-14,0.0,2,2,134,53,55.54431688999286,60.76805140349848,31.60000000000023
305.50000000000097,295.35248706515983,0.10000000000002274,0.1,2.273181642920008e-14,0.0,2,2,133,53,55.44431688999286,60.66805140349848,31.70000000000023
305.600000000001,295.45248706515986,0.10000000000002274,0.1,2.273181642920008e-14,0.0,2,2,133,53,55.344316889992854,60.56805140349848,31.80000000000023
305.700000000001,295.5524870651599,0.10000000000002274,0.1,2.273181642920008e-14,0.0,2,2,132,53,55.24431688999286,60.46805140349848,31.90000000000023
305.80000000000103,295.6524870651599,0.10000000000002274,0.1,2.273181642920008e-14,0.0,2,2,132,53,55.14431688999285,60.36805140349848,32.00000000000023
305.90000000000106,295.7524870651599,0.10000000000002274,0.1,2.273181642920008e-14,0.0,2,2,132,53,55.04431688999286,60.268051403498475,32.10000000000023
306.0000000000011,295.85248706515995,0.10000000000002274,0.1,2.273181642920008e-14,0.0,2,2,132,53,54.94431688999285,60.168051403498474,32.20000000000023
306.1000000000011,295.95248706515997,0.10000000000002274,0.1,2.273181642920008e-14,0.0,2,2,132,54,54.844316889992854,60.06805140349847,32.30000000000023
306.2000000000011,296.05248706516,0.10000000000002274,0.1,2.273181642920008e-14,0.0,2,2,133,54,54.744316889992845,59.96805140349847,32.40000000000023
306.30000000000115,296.15248706516,0.10000000000002274,0.1,2.273181642920008e-14,0.0,2,2,133,54,54.64431688999285,59.86805140349847,32.500000000000234
306.40000000000117,296.25248706516004,0.10000000000002274,0.1,2.273181642920008e-14,0.0,2,2,133,54,54.54431688999284,59.76805140349847,32.600000000000236
306.5000000000012,296.35248706516006,0.10000000000002274,0.1,2.273181642920008e-14,0.0,2,2,134,54,54.44431688999285,59.66805140349847,32.70000000000024
306.6000000000012,296.4524870651601,0.10000000000002274,0.1,2.273181642920008e-14,0.0,2,2,134,54,54.34431688999284,59.568051403498465,32.80000000000024
306.70000000000124,296.5524870651601,0.10000000000002274,0.1,2.273181642920008e-14,0.0,2,2,134,54,54.244316889992845,59.468051403498464,32.90000000000023
306.80000000000126,296.65248706516013,0.10000000000002274,0.1,2.273181642920008e-14,0.0,2,2,134,54,54.14431688999284,59.36805140349846,33.000000000000234
306.9000000000013,296.75248706516015,0.10000000000002274,0.1,2.273181642920008e-14,0.0,2,2,134,54,54.04431688999284,59.26805140349846,33.100000000000236
307.0000000000013,296.8524870651602,0.10000000000002274,0.1,2.273181642920008e-14,0.0,2,2,135,54,53.944316889992834,59.16805140349846,33.20000000000024
307.10000000000133,296.9524870651602,0.10000000000002274,0.1,2.273181642920008e-14,0.0,2,2,134,54,53.84431688999284,59.06805140349846,33.30000000000024
307.20000000000135,297.0524870651602,0.10000000000002274,0.1,2.273181642920008e-14,0.0,2,2,134,54,53.74431688999283,58.96805140349846,33.40000000000024
307.3000000000014,297.15248706516024,0.10000000000002274,0.1,2.273181642920008e-14,0.0,2,2,134,54,53.64431688999284,58.868051403498455,33.50000000000024
307.4000000000014,297.25248706516027,0.10000000000002274,0.1,2.273181642920008e-14,0.0,2,2,134,54,53.54431688999283,58.768051403498454,33.600000000000236
307.5000000000014,297.3524870651603,0.10000000000002274,0.1,2.273181642920008e-14,0.0,2,2,135,54,53.444316889992834,58.66805140349845,33.70000000000024
307.60000000000144,297.4524870651603,0.10000000000002274,0.1,2.273181642920008e-14,0.0,2,2,135,54,53.344316889992825,58.56805140349845,33.80000000000024
307.70000000000147,297.55248706516034,0.10000000000002274,0.1,2.273181642920008e-14,0.0,2,2,135,54,53.24431688999283,58.46805140349845,33.90000000000024
307.8000000000015,297.65248706516036,0.10000000000002274,0.1,2.273181642920008e-14,0.0,2,2,135,54,53.14431688999282,58.36805140349845,34.00000000000024
307.9000000000015,297.7524870651604,0.10000000000002274,0.1,2.273181642920008e-14,0.0,2,2,135,54,53.04431688999283,58.26805140349845,34.10000000000024
308.00000000000153,297.8524870651604,0.10000000000002274,0.1,2.273181642920008e-14,0.0,2,2,135,54,52.94431688999282,58.168051403498445,34.200000000000244
308.10000000000156,297.9524870651604,0.10000000000002274,0.1,2.273181642920008e-14,0.0,2,2,135,54,52.844316889992825,58.068051403498444,34.300000000000246
308.2000000000016,298.05248706516045,0.10000000000002274,0.1,2.273181642920008e-14,0.0,2,2,135,54,52.74431688999282,57.96805140349844,34.40000000000025
308.3000000000016,298.15248706516047,0.10000000000002274,0.1,2.273181642920008e-14,0.0,2,2,135,54,52.64431688999282,57.86805140349844,34.50000000000024
308.4000000000016,298.2524870651605,0.10000000000002274,0.1,2.273181642920008e-14,0.0,2,2,134,54,52.544316889992814,57.76805140349844,34.60000000000024
308.50000000000165,298.3524870651605,0.10000000000002274,0.1,2.273181642920008e-14,0.0,2,2,135,54,52.44431688999282,57.66805140349844,34.700000000000244
308.60000000000167,298.45248706516054,0.10000000000002274,0.1,2.273181642920008e-14,0.0,2,2,136,54,52.34431688999281,57.56805140349844,34.800000000000246
308.7000000000017,298.55248706516056,0.10000000000002274,0.1,2.273181642920008e-14,0.0,2,2,136,54,52.24431688999282,57.468051403498436,34.90000000000025
308.8000000000017,298.6524870651606,0.10000000000002274,0.1,2.273181642920008e-14,0.0,2,2,136,54,52.14431688999281,57.368051403498434,35.00000000000025
308.90000000000174,298.7524870651606,0.10000000000002274,0.1,2.273181642920008e-14,0.0,2,2,136,54,52.044316889992814,57.26805140349843,35.10000000000025
309.00000000000176,298.85248706516063,0.10000000000002274,0.1,2.273181642920008e-14,0.0,2,2,136,54,51.944316889992805,57.16805140349843,35.200000000000244
309.1000000000018,298.95248706516065,0.10000000000002274,0.1,2.273181642920008e-14,0.0,2,2,135,54,51.84431688999281,57.06805140349843,35.300000000000246
309.2000000000018,299.0524870651607,0.10000000000002274,0.1,2.273181642920008e-14,0.0,2,2,135,54,51.7443168899928,56.96805140349843,35.40000000000025
309.30000000000183,299.1524870651607,0.10000000000002274,0.1,2.273181642920008e-14,0.0,2,2,136,54,51.64431688999281,56.86805140349843,35.50000000000025
309.40000000000185,299.2524870651607,0.10000000000002274,0.1,2.273181642920008e-14,0.0,2,2,136,54,51.5443168899928,56.768051403498426,35.60000000000025
309.5000000000019,299.35248706516074,0.10000000000002274,0.1,2.273181642920008e-14,0.0,2,2,136,55,51.444316889992805,56.668051403498424,35.70000000000025
309.6000000000019,299.45248706516077,0.10000000000002274,0.1,2.273181642920008e-14,0.0,2,2,135,55,51.3443168899928,56.56805140349842,35.80000000000025
309.7000000000019,299.5524870651608,0.10000000000002274,0.1,2.273181642920008e-14,0.0,2,2,135,54,51.2443168899928,56.46805140349842,35.900000000000254
309.80000000000194,299.6524870651608,0.10000000000002274,0.1,2.273181642920008e-14,0.0,2,2,135,55,51.144316889992794,56.36805140349842,36.000000000000256
309.90000000000197,299.75248706516084,0.10000000000002274,0.1,2.273181642920008e-14,0.0,2,2,135,55,51.0443168899928,56.26805140349842,36.10000000000025
310.000000000002,299.85248706516086,0.10000000000002274,0.1,2.273181642920008e-14,0.0,2,2,134,55,50.94431688999279,56.16805140349842,36.20000000000025
310.100000000002,299.9524870651609,0.10000000000002274,0.1,2.273181642920008e-14,0.0,2,2,134,55,50.8443168899928,56.068051403498416,36.30000000000025
310.20000000000203,300.0524870651609,0.10000000000002274,0.1,2.273181642920008e-14,0.0,2,2,134,55,50.74431688999279,55.968051403498414,36.400000000000254
310.30000000000206,300.1524870651609,0.10000000000002274,0.1,2.273181642920008e-14,0.0,2,2,134,56,50.644316889992794,55.86805140349841,36.500000000000256
310.4000000000021,300.25248706516095,0.10000000000002274,0.1,2.273181642920008e-14,0.0,2,2,134,56,50.544316889992785,55.76805140349841,36.60000000000026
310.5000000000021,300.352487065161,0.10000000000002274,0.1,2.273181642920008e-14,0.0,2,2,135,56,50.44431688999279,55.66805140349841,36.70000000000026
310.6000000000021,300.452487065161,0.10000000000002274,0.1,2.273181642920008e-14,0.0,2,2,135,56,50.34431688999278,55.56805140349841,36.80000000000025
310.70000000000215,300.552487065161,0.10000000000002274,0.1,2.273181642920008e-14,0.0,2,2,136,56,50.24431688999279,55.46805140349841,36.900000000000254
310.80000000000217,300.65248706516104,0.10000000000002274,0.1,2.273181642920008e-14,0.0,2,2,136,56,50.14431688999278,55.368051403498406,37.000000000000256
310.9000000000022,300.75248706516106,0.10000000000002274,0.1,2.273181642920008e-14,0.0,2,2,136,56,50.044316889992785,55.268051403498404,37.10000000000026
311.0000000000022,300.8524870651611,0.10000000000002274,0.1,2.273181642920008e-14,0.0,2,2,135,56,49.94431688999278,55.1680514034984,37.20000000000026
311.10000000000224,300.9524870651611,0.10000000000002274,0.1,2.273181642920008e-14,0.0,2,2,135,56,49.84431688999278,55.0680514034984,37.30000000000026
311.20000000000226,301.05248706516113,0.10000000000002274,0.1,2.273181642920008e-14,0.0,2,2,135,56,49.744316889992774,54.9680514034984,37.40000000000026
311.3000000000023,301.15248706516115,0.10000000000002274,0.1,2.273181642920008e-14,0.0,2,2,135,56,49.64431688999278,54.8680514034984,37.50000000000026
311.4000000000023,301.2524870651612,0.10000000000002274,0.1,2.273181642920008e-14,0.0,2,2,134,57,49.54431688999277,54.7680514034984,37.600000000000264
311.50000000000233,301.3524870651612,0.10000000000002274,0.1,2.273181642920008e-14,0.0,2,2,133,57,49.44431688999278,54.668051403498396,37.700000000000266
311.60000000000235,301.4524870651612,0.10000000000002274,0.1,2.273181642920008e-14,0.0,2,2,132,57,49.34431688999277,54.568051403498394,37.80000000000027
311.7000000000024,301.55248706516124,0.10000000000002274,0.1,2.273181642920008e-14,0.0,2,2,132,57,49.244316889992774,54.46805140349839,37.90000000000027
311.8000000000024,301.65248706516127,0.10000000000002274,0.1,2.273181642920008e-14,0.0,2,2,132,57,49.144316889992766,54.36805140349839,38.00000000000027
311.9000000000024,301.7524870651613,0.10000000000002274,0.1,2.273181642920008e-14,0.0,2,2,132,57,49.04431688999277,54.26805140349839,38.10000000000027
312.00000000000244,301.8524870651613,0.10000000000002274,0.1,2.273181642920008e-14,0.0,2,2,132,57,48.94431688999276,54.16805140349839,38.20000000000027
312.10000000000247,301.95248706516134,0.10000000000002274,0.1,2.273181642920008e-14,0.0,2,2,130,57,48.84431688999277,54.06805140349839,38.300000000000274
312.2000000000025,302.05248706516136,0.10000000000002274,0.1,2.273181642920008e-14,0.0,2,2,130,57,48.74431688999276,53.968051403498386,38.400000000000276
312.3000000000025,302.1524870651614,0.10000000000002274,0.1,2.273181642920008e-14,0.0,2,2,130,57,48.644316889992766,53.868051403498384,38.50000000000028
312.40000000000254,302.2524870651614,0.10000000000002274,0.1,2.273181642920008e-14,0.0,2,2,129,57,48.54431688999276,53.76805140349838,38.60000000000028
312.50000000000256,302.3524870651614,0.10000000000002274,0.1,2.273181642920008e-14,0.0,2,2,129,57,48.44431688999276,53.66805140349838,38.70000000000028
312.6000000000026,302.45248706516145,0.10000000000002274,0.1,2.273181642920008e-14,0.0,2,2,129,57,48.344316889992754,53.56805140349838,38.80000000000028
312.7000000000026,302.5524870651615,0.10000000000002274,0.1,2.273181642920008e-14,0.0,2,2,129,56,48.24431688999276,53.46805140349838,38.90000000000028
312.8000000000026,302.6524870651615,0.10000000000002274,0.1,2.273181642920008e-14,0.0,2,2,129,55,48.14431688999275,53.36805140349838,39.000000000000284
312.90000000000265,302.7524870651615,0.10000000000002274,0.1,2.273181642920008e-14,0.0,2,2,130,55,48.04431688999276,53.268051403498376,39.100000000000286
313.0000000000027,302.85248706516154,0.10000000000002274,0.1,2.273181642920008e-14,0.0,2,2,131,56,47.94431688999275,53.168051403498374,39.20000000000029
313.1000000000027,302.95248706516156,0.10000000000002274,0.1,2.273181642920008e-14,0.0,2,2,130,56,47.844316889992754,53.06805140349837,39.30000000000029
313.2000000000027,303.0524870651616,0.10000000000002274,0.1,2.273181642920008e-14,0.0,2,2,130,56,47.744316889992746,52.96805140349837,39.40000000000029
313.30000000000274,303.1524870651616,0.10000000000002274,0.1,2.273181642920008e-14,0.0,2,2,130,56,47.64431688999275,52.86805140349837,39.50000000000029
313.40000000000276,303.25248706516163,0.10000000000002274,0.1,2.273181642920008e-14,0.0,2,2,131,56,47.54431688999274,52.76805140349837,39.60000000000029
313.5000000000028,303.35248706516165,0.10000000000002274,0.1,2.273181642920008e-14,0.0,2,2,131,56,47.44431688999275,52.66805140349837,39.700000000000294
313.6000000000028,303.4524870651617,0.10000000000002274,0.1,2.273181642920008e-14,0.0,2,2,132,55,47.34431688999274,52.568051403498366,39.800000000000296
313.70000000000283,303.5524870651617,0.10000000000002274,0.1,2.273181642920008e-14,0.0,2,2,132,55,47.244316889992746,52.468051403498364,39.9000000000003
313.80000000000285,303.6524870651617,0.10000000000002274,0.1,2.273181642920008e-14,0.0,2,2,132,54,47.14431688999274,52.36805140349836,40.0000000000003
313.9000000000029,303.75248706516174,0.10000000000002274,0.1,2.273181642920008e-14,0.0,2,2,131,54,47.04431688999274,52.26805140349836,40.1000000000003
314.0000000000029,303.85248706516177,0.10000000000002274,0.1,2.273181642920008e-14,0.0,2,2,130,54,46.944316889992734,52.16805140349836,40.2000000000003
314.1000000000029,303.9524870651618,0.10000000000002274,0.1,2.273181642920008e-14,0.0,2,2,129,54,46.84431688999274,52.06805140349836,40.3000000000003
314.20000000000294,304.0524870651618,0.10000000000002274,0.1,2.273181642920008e-14,0.0,2,2,129,54,46.74431688999273,51.96805140349836,40.400000000000304
314.30000000000297,304.15248706516184,0.10000000000002274,0.1,2.273181642920008e-14,0.0,2,2,128,54,46.64431688999274,51.868051403498356,40.500000000000306
314.400000000003,304.25248706516186,0.10000000000002274,0.1,2.273181642920008e-14,0.0,2,2,128,53,45.51033090187341,50.62166136874042,40.60000000000031
314.500000000003,304.3524870651619,0.10000000000002274,0.1,2.273181642920008e-14,0.0,2,2,129,52,44.594940954673206,49.78991877147359,40.70000000000031
314.60000000000304,304.4914870651619,0.13900000000001,0.1,0.03900000000001,0.0,2,2,128,52,63.19709919158116,77.43602220895556,40.80000000000031
314.70000000000306,304.6368870651619,0.1453999999999951,0.1,0.04539999999999508,0.0,2,2,127,52,85.3185009200883,93.30097963122103,40.90000000000031
314.8000000000031,304.7368870651619,0.10000000000002274,0.1,2.273181642920008e-14,0.0,2,2,127,52,84.32663953825502,92.60062497024275,41.00000000000031
314.9000000000031,304.83688706516193,0.10000000000002274,0.1,2.273181642920008e-14,0.0,2,2,127,52,83.38231858147611,91.73760251431936,41.100000000000314
315.0000000000031,304.93688706516195,0.10000000000002274,0.1,2.273181642920008e-14,0.0,2,2,126,51,82.46692863427592,90.90585991705254,41.200000000000315
315.10000000000315,305.036887065162,0.10000000000002274,0.1,2.273181642920008e-14,0.0,2,2,126,51,81.55153868707572,90.07411731978571,41.30000000000032
315.2000000000032,305.136887065162,0.10000000000002274,0.1,2.273181642920008e-14,0.0,2,2,127,51,80.63614873987552,89.24237472251889,41.40000000000032
315.3000000000032,305.236887065162,0.10000000000002274,0.1,2.273181642920008e-14,0.0,2,2,126,51,79.72075879267533,88.41063212525206,41.50000000000032
315.4000000000032,305.33688706516205,0.10000000000002274,0.1,2.273181642920008e-14,0.0,2,2,126,51,78.80536884547513,87.57888952798524,41.60000000000032
315.50000000000324,305.43688706516207,0.10000000000002274,0.1,2.273181642920008e-14,0.0,2,2,126,51,77.88997889827493,86.74714693071842,41.70000000000032
315.60000000000326,305.5968870651621,0.160000000000025,0.1,0.060000000000025006,0.0,2,2,125,51,106.98122016360207,128.04703599375256,41.800000000000324
315.7000000000033,305.6968870651621,0.10000000000002274,0.1,2.273181642920008e-14,0.0,2,2,124,51,106.47110408204142,127.94703599375256,41.900000000000325
315.8000000000033,305.85688706516214,0.160000000000025,0.1,0.060000000000025006,0.0,2,2,122,51,135.47095846181656,186.77848735056972,42.00000000000033
315.90000000000333,305.95688706516216,0.10000000000002274,0.1,2.273181642920008e-14,0.0,3,2,122,51,81.57698316427319,83.15246214224983,28.100000000000218
316.00000000000335,306.1168870651622,0.160000000000025,0.1,0.060000000000025006,0.0,3,2,121,52,100.4122961143421,85.41321993856127,28.20000000000022
316.1000000000034,306.2168870651622,0.10000000000002274,0.1,2.273181642920008e-14,0.0,3,2,120,52,99.47124272003991,84.4141826414277,28.30000000000022
316.2000000000034,306.31688706516223,0.10000000000002274,0.1,2.273181642920008e-14,0.0,3,2,119,52,98.49049621692366,83.36306465337597,28.400000000000222
316.3000000000034,306.47688706516226,0.160000000000025,0.1,0.060000000000025006,0.0,3,2,118,52,117.54722381974578,139.97942129675354,28.500000000000224
316.40000000000344,306.5768870651623,0.10000000000002274,0.1,2.273181642920008e-14,0.0,3,2,118,52,116.90097187764088,138.9136083769658,28.60000000000022
316.50000000000347,306.7368870651623,0.160000000000025,0.1,0.060000000000025006,0.0,3,2,117,52,136.1702708204032,140.91899315637605,28.700000000000227
316.6000000000035,306.83688706516233,0.10000000000002274,0.1,2.273181642920008e-14,0.0,4,2,118,52,95.42269076456964,97.4608536739018,21.62500000000017
316.7000000000035,306.93688706516235,0.10000000000002274,0.1,2.273181642920008e-14,0.0,4,2,118,52,94.61891862616571,96.50084869257564,21.72500000000017
316.80000000000354,307.0368870651624,0.10000000000002274,0.1,2.273181642920008e-14,0.0,4,2,118,52,93.93495828129663,95.66910609530882,21.82500000000017
316.90000000000356,307.1368870651624,0.10000000000002274,0.1,2.273181642920008e-14,0.0,4,2,118,52,93.62404132653593,95.40563557596278,21.925000000000168
317.0000000000036,307.2368870651624,0.10000000000002274,0.1,2.273181642920008e-14,0.0,4,2,118,52,93.52404132653594,95.30563557596278,22.025000000000166
317.1000000000036,307.33688706516244,0.10000000000002274,0.1,2.273181642920008e-14,0.0,4,2,118,52,93.42404132653594,95.20563557596279,22.125000000000167
317.2000000000036,307.43688706516247,0.10000000000002274,0.1,2.273181642920008e-14,0.0,4,2,118,52,93.32404132653595,95.1056355759628,22.225000000000165
317.30000000000365,307.5368870651625,0.10000000000002274,0.1,2.273181642920008e-14,0.0,4,2,118,52,93.22404132653595,95.0056355759628,22.325000000000163
317.4000000000037,307.6368870651625,0.10000000000002274,0.1,2.273181642920008e-14,0.0,4,2,118,53,93.12404132653596,94.9056355759628,22.425000000000164
317.5000000000037,307.73688706516253,0.10000000000002274,0.1,2.273181642920008e-14,0.0,4,2,118,53,93.02404132653596,94.80563557596281,22.525000000000162
317.6000000000037,307.83688706516256,0.10000000000002274,0.1,2.273181642920008e-14,0.0,4,2,118,53,92.92404132653597,94.70563557596282,22.62500000000016
317.70000000000374,307.9368870651626,0.10000000000002274,0.1,2.273181642920008e-14,0.0,4,2,118,54,92.82404132653598,94.60563557596282,22.725000000000158
317.80000000000376,308.0368870651626,0.10000000000002274,0.1,2.273181642920008e-14,0.0,4,2,117,54,92.72404132653598,94.50563557596283,22.82500000000016
317.9000000000038,308.1368870651626,0.10000000000002274,0.1,2.273181642920008e-14,0.0,4,2,117,54,92.62404132653599,94.40563557596283,22.925000000000157
318.0000000000038,308.23688706516265,0.10000000000002274,0.1,2.273181642920008e-14,0.0,4,2,116,54,92.524041326536,94.30563557596284,23.025000000000155
318.10000000000383,308.33688706516267,0.10000000000002274,0.1,2.273181642920008e-14,0.0,4,2,115,54,92.424041326536,94.20563557596284,23.125000000000156
318.20000000000385,308.4368870651627,0.10000000000002274,0.1,2.273181642920008e-14,0.0,4,2,116,54,92.324041326536,94.10563557596285,23.225000000000154
318.3000000000039,308.5368870651627,0.10000000000002274,0.1,2.273181642920008e-14,0.0,4,2,118,54,92.22404132653601,94.00563557596286,23.325000000000152
318.4000000000039,308.63688706516274,0.10000000000002274,0.1,2.273181642920008e-14,0.0,4,2,118,54,92.12404132653602,93.90563557596286,23.425000000000153
318.5000000000039,308.73688706516276,0.10000000000002274,0.1,2.273181642920008e-14,0.0,4,2,118,54,92.02404132653602,93.80563557596287,23.52500000000015
318.60000000000394,308.8368870651628,0.10000000000002274,0.1,2.273181642920008e-14,0.0,4,2,118,54,91.92404132653603,93.70563557596287,23.62500000000015
318.70000000000397,308.9368870651628,0.10000000000002274,0.1,2.273181642920008e-14,0.0,4,2,119,54,91.82404132653603,93.60563557596288,23.72500000000015
318.800000000004,309.03688706516283,0.10000000000002274,0.1,2.273181642920008e-14,0.0,4,2,119,54,91.72404132653604,93.50563557596288,23.82500000000015
318.900000000004,309.13688706516285,0.10000000000002274,0.1,2.273181642920008e-14,0.0,4,2,120,54,91.62404132653604,93.40563557596289,23.925000000000146
319.00000000000404,309.2368870651629,0.10000000000002274,0.1,2.273181642920008e-14,0.0,4,2,120,54,91.52404132653605,93.3056355759629,24.025000000000144
319.10000000000406,309.3368870651629,0.10000000000002274,0.1,2.273181642920008e-14,0.0,4,2,120,54,91.42404132653606,93.2056355759629,24.125000000000146
319.2000000000041,309.4368870651629,0.10000000000002274,0.1,2.273181642920008e-14,0.0,4,2,119,54,91.32404132653606,93.1056355759629,24.225000000000144
319.3000000000041,309.53688706516294,0.10000000000002274,0.1,2.273181642920008e-14,0.0,4,2,118,54,91.22404132653607,93.00563557596291,24.32500000000014
319.4000000000041,309.63688706516297,0.10000000000002274,0.1,2.273181642920008e-14,0.0,4,2,118,54,91.12404132653607,92.90563557596292,24.425000000000143
319.50000000000415,309.736887065163,0.10000000000002274,0.1,2.273181642920008e-14,0.0,4,2,119,54,91.02404132653608,92.80563557596292,24.52500000000014
319.6000000000042,309.836887065163,0.10000000000002274,0.1,2.273181642920008e-14,0.0,4,2,119,53,90.92404132653608,92.70563557596293,24.62500000000014
319.7000000000042,309.93688706516303,0.10000000000002274,0.1,2.273181642920008e-14,0.0,4,2,119,53,90.82404132653609,92.60563557596294,24.72500000000014
319.8000000000042,310.03688706516306,0.10000000000002274,0.1,2.273181642920008e-14,0.0,4,2,119,52,90.7240413265361,92.50563557596294,24.825000000000138
319.90000000000424,310.1368870651631,0.10000000000002274,0.1,2.273181642920008e-14,0.0,4,2,118,53,90.6240413265361,92.40563557596295,24.925000000000136
320.00000000000426,310.2368870651631,0.10000000000002274,0.1,2.273181642920008e-14,0.0,4,2,119,53,90.5240413265361,92.30563557596295,25.025000000000134
320.1000000000043,310.3368870651631,0.10000000000002274,0.1,2.273181642920008e-14,0.0,4,2,120,53,90.42404132653611,92.20563557596296,25.125000000000135
320.2000000000043,310.43688706516315,0.10000000000002274,0.1,2.273181642920008e-14,0.0,4,2,120,53,90.32404132653612,92.10563557596296,25.225000000000133
320.30000000000433,310.53688706516317,0.10000000000002274,0.1,2.273181642920008e-14,0.0,4,2,119,53,90.22404132653612,92.00563557596297,25.32500000000013
320.40000000000435,310.6368870651632,0.10000000000002274,0.1,2.273181642920008e-14,0.0,4,2,118,53,90.12404132653613,91.90563557596298,25.425000000000132
320.5000000000044,310.7368870651632,0.10000000000002274,0.1,2.273181642920008e-14,0.0,4,2,118,53,90.02404132653614,91.80563557596298,25.52500000000013
320.6000000000044,310.83688706516324,0.10000000000002274,0.1,2.273181642920008e-14,0.0,4,2,117,53,89.92404132653614,91.70563557596299,25.625000000000128
320.7000000000044,310.93688706516326,0.10000000000002274,0.1,2.273181642920008e-14,0.0,4,2,117,53,89.82404132653615,91.60563557596299,25.725000000000126
320.80000000000445,311.0368870651633,0.10000000000002274,0.1,2.273181642920008e-14,0.0,4,2,118,53,89.72404132653615,91.505635575963,25.825000000000127
320.90000000000447,311.1368870651633,0.10000000000002274,0.1,2.273181642920008e-14,0.0,4,2,118,53,89.62404132653616,91.405635575963,25.925000000000125
321.0000000000045,311.23688706516333,0.10000000000002274,0.1,2.273181642920008e-14,0.0,4,2,117,53,89.52404132653616,91.30563557596301,26.025000000000123
321.1000000000045,311.33688706516335,0.10000000000002274,0.1,2.273181642920008e-14,0.0,4,2,117,53,89.42404132653617,91.20563557596302,26.12500000000012
321.20000000000454,311.4368870651634,0.10000000000002274,0.1,2.273181642920008e-14,0.0,4,2,116,53,89.32404132653618,91.10563557596302,26.225000000000122
321.30000000000456,311.5368870651634,0.10000000000002274,0.1,2.273181642920008e-14,0.0,4,2,117,53,89.22404132653618,91.00563557596303,26.32500000000012
321.4000000000046,311.6368870651634,0.10000000000002274,0.1,2.273181642920008e-14,0.0,4,2,117,53,89.12404132653619,90.90563557596303,26.425000000000118
321.5000000000046,311.73688706516344,0.10000000000002274,0.1,2.273181642920008e-14,0.0,4,2,117,53,89.02404132653619,90.80563557596304,26.525000000000116
321.6000000000046,311.83688706516347,0.10000000000002274,0.1,2.273181642920008e-14,0.0,4,2,117,53,88.9240413265362,90.70563557596304,26.625000000000117
321.70000000000465,311.9368870651635,0.10000000000002274,0.1,2.273181642920008e-14,0.0,4,2,118,53,88.8240413265362,90.60563557596305,26.725000000000115
321.8000000000047,312.0368870651635,0.10000000000002274,0.1,2.273181642920008e-14,0.0,4,2,118,52,88.72404132653621,90.50563557596305,26.825000000000113
321.9000000000047,312.13688706516353,0.10000000000002274,0.1,2.273181642920008e-14,0.0,4,2,119,53,88.62404132653622,90.40563557596306,26.92500000000011
322.0000000000047,312.23688706516356,0.10000000000002274,0.1,2.273181642920008e-14,0.0,4,2,119,53,88.52404132653622,90.30563557596307,27.025000000000112
322.10000000000474,312.3368870651636,0.10000000000002274,0.1,2.273181642920008e-14,0.0,4,2,118,53,88.42404132653623,90.20563557596307,27.12500000000011
322.20000000000476,312.4368870651636,0.10000000000002274,0.1,2.273181642920008e-14,0.0,4,2,118,52,88.32404132653622,90.10563557596308,27.225000000000108
322.3000000000048,312.5368870651636,0.10000000000002274,0.1,2.273181642920008e-14,0.0,4,2,117,52,88.22404132653622,90.00563557596308,27.325000000000106
322.4000000000048,312.63688706516365,0.10000000000002274,0.1,2.273181642920008e-14,0.0,4,2,117,52,88.12404132653623,89.90563557596309,27.425000000000107
322.50000000000483,312.73688706516367,0.10000000000002274,0.1,2.273181642920008e-14,0.0,4,2,116,53,88.02404132653623,89.8056355759631,27.525000000000105
322.60000000000485,312.8368870651637,0.10000000000002274,0.1,2.273181642920008e-14,0.0,4,2,116,53,87.92404132653624,89.7056355759631,27.625000000000103
322.7000000000049,312.9368870651637,0.10000000000002274,0.1,2.273181642920008e-14,0.0,4,2,116,54,87.82404132653625,89.6056355759631,27.7250000000001
322.8000000000049,313.03688706516374,0.10000000000002274,0.1,2.273181642920008e-14,0.0,4,2,117,54,87.72404132653625,89.50563557596311,27.825000000000102
322.9000000000049,313.13688706516376,0.10000000000002274,0.1,2.273181642920008e-14,0.0,4,2,118,54,87.62404132653626,89.40563557596312,27.9250000000001
323.00000000000495,313.2368870651638,0.10000000000002274,0.1,2.273181642920008e-14,0.0,4,2,118,54,87.52404132653626,89.30563557596312,28.025000000000098
323.10000000000497,313.3368870651638,0.10000000000002274,0.1,2.273181642920008e-14,0.0,4,2,118,53,87.42404132653625,89.20563557596313,28.125000000000096
323.200000000005,313.43688706516383,0.10000000000002274,0.1,2.273181642920008e-14,0.0,4,2,118,53,87.32404132653626,89.10563557596313,28.225000000000097
323.300000000005,313.53688706516385,0.10000000000002274,0.1,2.273181642920008e-14,0.0,4,2,120,53,87.22404132653627,89.00563557596314,28.325000000000095
323.40000000000504,313.6368870651639,0.10000000000002274,0.1,2.273181642920008e-14,0.0,4,2,120,53,87.12404132653627,88.90563557596315,28.425000000000093
323.50000000000506,313.7368870651639,0.10000000000002274,0.1,2.273181642920008e-14,0.0,4,2,120,53,87.02404132653628,88.80563557596315,28.52500000000009
323.6000000000051,313.8368870651639,0.10000000000002274,0.1,2.273181642920008e-14,0.0,4,2,120,52,86.92404132653628,88.70563557596316,28.625000000000092
323.7000000000051,313.93688706516394,0.10000000000002274,0.1,2.273181642920008e-14,0.0,4,2,120,52,86.82404132653629,88.60563557596316,28.72500000000009
323.8000000000051,314.03688706516397,0.10000000000002274,0.1,2.273181642920008e-14,0.0,4,2,120,52,86.72404132653628,88.50563557596317,28.825000000000088
323.90000000000515,314.136887065164,0.10000000000002274,0.1,2.273181642920008e-14,0.0,4,2,119,52,86.62404132653629,88.40563557596317,28.925000000000086
324.0000000000052,314.236887065164,0.10000000000002274,0.1,2.273181642920008e-14,0.0,4,2,119,52,86.52404132653629,88.30563557596318,29.025000000000087
324.1000000000052,314.33688706516403,0.10000000000002274,0.1,2.273181642920008e-14,0.0,4,2,119,52,86.4240413265363,88.20563557596319,29.125000000000085
324.2000000000052,314.43688706516406,0.10000000000002274,0.1,2.273181642920008e-14,0.0,4,2,118,52,86.3240413265363,88.10563557596319,29.225000000000083
324.30000000000524,314.5368870651641,0.10000000000002274,0.1,2.273181642920008e-14,0.0,4,2,118,52,86.22404132653631,88.0056355759632,29.32500000000008
324.40000000000526,314.6368870651641,0.10000000000002274,0.1,2.273181642920008e-14,0.0,4,2,118,52,86.12404132653631,87.9056355759632,29.425000000000082
324.5000000000053,314.7368870651641,0.10000000000002274,0.1,2.273181642920008e-14,0.0,4,2,117,52,86.02404132653632,87.80563557596321,29.52500000000008
324.6000000000053,314.83688706516415,0.10000000000002274,0.1,2.273181642920008e-14,0.0,4,2,116,52,85.92404132653633,87.70563557596321,29.625000000000078
324.70000000000533,314.93688706516417,0.10000000000002274,0.1,2.273181642920008e-14,0.0,4,2,115,52,85.82404132653632,87.60563557596322,29.725000000000076
324.80000000000535,315.0368870651642,0.10000000000002274,0.1,2.273181642920008e-14,0.0,4,2,114,52,85.72404132653632,87.50563557596323,29.825000000000077
324.9000000000054,315.1368870651642,0.10000000000002274,0.1,2.273181642920008e-14,0.0,4,2,115,53,85.62404132653633,87.40563557596323,29.925000000000075
325.0000000000054,315.23688706516424,0.10000000000002274,0.1,2.273181642920008e-14,0.0,4,2,116,53,85.52404132653633,87.30563557596324,30.025000000000073
325.1000000000054,315.33688706516426,0.10000000000002274,0.1,2.273181642920008e-14,0.0,4,2,116,53,85.42404132653634,87.20563557596324,30.12500000000007
325.20000000000545,315.4368870651643,0.10000000000002274,0.1,2.273181642920008e-14,0.0,4,2,115,53,85.32404132653635,87.10563557596325,30.225000000000072
325.30000000000547,315.5368870651643,0.10000000000002274,0.1,2.273181642920008e-14,0.0,4,2,113,53,85.22404132653634,87.00563557596325,30.32500000000007
325.4000000000055,315.63688706516433,0.10000000000002274,0.1,2.273181642920008e-14,0.0,4,2,113,53,85.12404132653634,86.90563557596326,30.425000000000068
325.5000000000055,315.73688706516435,0.10000000000002274,0.1,2.273181642920008e-14,0.0,4,2,113,53,85.02404132653635,86.80563557596327,30.525000000000066
325.60000000000554,315.8368870651644,0.10000000000002274,0.1,2.273181642920008e-14,0.0,4,2,112,53,84.92404132653635,86.70563557596327,30.625000000000068
325.70000000000556,315.9368870651644,0.10000000000002274,0.1,2.273181642920008e-14,0.0,4,2,113,54,84.82404132653635,86.60563557596328,30.725000000000065
325.8000000000056,316.0368870651644,0.10000000000002274,0.1,2.273181642920008e-14,0.0,4,2,113,54,84.72404132653635,86.50563557596328,30.825000000000063
325.9000000000056,316.13688706516444,0.10000000000002274,0.1,2.273181642920008e-14,0.0,4,2,113,54,84.62404132653636,86.40563557596329,30.92500000000006
326.0000000000056,316.23688706516447,0.10000000000002274,0.1,2.273181642920008e-14,0.0,4,2,113,54,84.52404132653636,86.3056355759633,31.025000000000063
326.10000000000565,316.3368870651645,0.10000000000002274,0.1,2.273181642920008e-14,0.0,4,2,112,54,84.42404132653635,86.2056355759633,31.12500000000006
326.2000000000057,316.4368870651645,0.10000000000002274,0.1,2.273181642920008e-14,0.0,4,2,112,53,84.32404132653636,86.1056355759633,31.22500000000006
326.3000000000057,316.53688706516454,0.10000000000002274,0.1,2.273181642920008e-14,0.0,4,2,112,52,84.22404132653637,86.00563557596331,31.325000000000056
326.4000000000057,316.63688706516456,0.10000000000002274,0.1,2.273181642920008e-14,0.0,4,2,112,53,84.12404132653637,85.90563557596332,31.425000000000058
326.50000000000574,316.7368870651646,0.10000000000002274,0.1,2.273181642920008e-14,0.0,4,2,111,53,84.02404132653636,85.80563557596332,31.525000000000055
326.60000000000576,316.8368870651646,0.10000000000002274,0.1,2.273181642920008e-14,0.0,4,2,110,53,83.92404132653637,85.70563557596333,31.625000000000053
326.7000000000058,316.9368870651646,0.10000000000002274,0.1,2.273181642920008e-14,0.0,4,2,109,54,83.82404132653637,85.60563557596333,31.72500000000005
326.8000000000058,317.03688706516465,0.10000000000002274,0.1,2.273181642920008e-14,0.0,4,2,109,54,83.72404132653638,85.50563557596334,31.825000000000053
326.90000000000583,317.1368870651647,0.10000000000002274,0.1,2.273181642920008e-14,0.0,4,2,109,54,83.62404132653637,85.40563557596334,31.92500000000005
327.00000000000585,317.2368870651647,0.10000000000002274,0.1,2.273181642920008e-14,0.0,4,2,109,54,83.52404132653638,85.30563557596335,32.02500000000005
327.1000000000059,317.3368870651647,0.10000000000002274,0.1,2.273181642920008e-14,0.0,4,2,108,54,83.42404132653638,85.20563557596336,32.12500000000005
327.2000000000059,317.43688706516474,0.10000000000002274,0.1,2.273181642920008e-14,0.0,4,2,108,54,83.32404132653639,85.10563557596336,32.225000000000044
327.3000000000059,317.53688706516476,0.10000000000002274,0.1,2.273181642920008e-14,0.0,4,2,107,54,83.22404132653638,85.00563557596337,32.325000000000045
327.40000000000595,317.6368870651648,0.10000000000002274,0.1,2.273181642920008e-14,0.0,4,2,108,54,83.12404132653639,84.90563557596337,32.42500000000005
327.50000000000597,317.7368870651648,0.10000000000002274,0.1,2.273181642920008e-14,0.0,4,2,108,54,83.02404132653639,84.80563557596338,32.52500000000004
327.600000000006,317.83688706516483,0.10000000000002274,0.1,2.273181642920008e-14,0.0,4,2,108,54,82.9240413265364,84.70563557596338,32.62500000000004
327.700000000006,317.93688706516485,0.10000000000002274,0.1,2.273181642920008e-14,0.0,4,2,107,54,82.82404132653639,84.60563557596339,32.72500000000004
327.80000000000604,318.0368870651649,0.10000000000002274,0.1,2.273181642920008e-14,0.0,4,2,107,55,82.7240413265364,84.5056355759634,32.82500000000004
327.90000000000606,318.1368870651649,0.10000000000002274,0.1,2.273181642920008e-14,0.0,4,2,106,55,82.6240413265364,84.4056355759634,32.92500000000004
328.0000000000061,318.2368870651649,0.10000000000002274,0.1,2.273181642920008e-14,0.0,4,2,106,55,82.5240413265364,84.30563557596341,33.025000000000034
328.1000000000061,318.33688706516494,0.10000000000002274,0.1,2.273181642920008e-14,0.0,4,2,106,55,82.4240413265364,84.20563557596341,33.125000000000036
328.2000000000061,318.43688706516497,0.10000000000002274,0.1,2.273181642920008e-14,0.0,4,2,106,55,82.3240413265364,84.10563557596342,33.22500000000004
328.30000000000615,318.536887065165,0.10000000000002274,0.1,2.273181642920008e-14,0.0,4,2,106,55,82.22404132653641,84.00563557596342,33.32500000000003
328.4000000000062,318.636887065165,0.10000000000002274,0.1,2.273181642920008e-14,0.0,4,2,106,55,82.12404132653641,83.90563557596343,33.42500000000003
328.5000000000062,318.73688706516504,0.10000000000002274,0.1,2.273181642920008e-14,0.0,4,2,106,55,82.0240413265364,83.80563557596344,33.52500000000003
328.6000000000062,318.83688706516506,0.10000000000002274,0.1,2.273181642920008e-14,0.0,4,2,106,55,81.92404132653641,83.70563557596344,33.62500000000003
328.70000000000624,318.9368870651651,0.10000000000002274,0.1,2.273181642920008e-14,0.0,4,2,106,55,81.82404132653642,83.60563557596345,33.72500000000003
328.80000000000626,319.0368870651651,0.10000000000002274,0.1,2.273181642920008e-14,0.0,4,2,105,55,81.72404132653642,83.50563557596345,33.825000000000024
328.9000000000063,319.1368870651651,0.10000000000002274,0.1,2.273181642920008e-14,0.0,4,2,105,55,81.62404132653641,83.40563557596346,33.925000000000026
329.0000000000063,319.23688706516515,0.10000000000002274,0.1,2.273181642920008e-14,0.0,4,2,105,55,81.52404132653642,83.30563557596346,34.02500000000003
329.10000000000633,319.3368870651652,0.10000000000002274,0.1,2.273181642920008e-14,0.0,4,2,105,55,81.42404132653643,83.20563557596347,34.12500000000002
329.20000000000636,319.4368870651652,0.10000000000002274,0.1,2.273181642920008e-14,0.0,4,2,105,55,81.32404132653643,83.10563557596348,34.22500000000002
329.3000000000064,319.5368870651652,0.10000000000002274,0.1,2.273181642920008e-14,0.0,4,2,105,55,81.22404132653642,83.00563557596348,34.32500000000002
329.4000000000064,319.63688706516524,0.10000000000002274,0.1,2.273181642920008e-14,0.0,4,2,106,55,81.12404132653643,82.90563557596349,34.42500000000002
329.5000000000064,319.73688706516526,0.10000000000002274,0.1,2.273181642920008e-14,0.0,4,2,106,55,81.02404132653643,82.80563557596349,34.52500000000002
329.60000000000645,319.8368870651653,0.10000000000002274,0.1,2.273181642920008e-14,0.0,4,2,107,55,80.92404132653644,82.7056355759635,34.625000000000014
329.70000000000647,319.9368870651653,0.10000000000002274,0.1,2.273181642920008e-14,0.0,4,2,106,55,80.82404132653643,82.6056355759635,34.725000000000016
329.8000000000065,320.03688706516533,0.10000000000002274,0.1,2.273181642920008e-14,0.0,4,2,106,55,80.72404132653644,82.50563557596351,34.82500000000002
329.9000000000065,320.13688706516535,0.10000000000002274,0.1,2.273181642920008e-14,0.0,4,2,105,55,80.62404132653644,82.40563557596352,34.92500000000001
330.00000000000654,320.2368870651654,0.10000000000002274,0.1,2.273181642920008e-14,0.0,4,2,105,55,80.52404132653645,82.30563557596352,35.02500000000001
330.10000000000656,320.3368870651654,0.10000000000002274,0.1,2.273181642920008e-14,0.0,4,2,104,55,80.42404132653644,82.20563557596353,35.12500000000001
330.2000000000066,320.4368870651654,0.10000000000002274,0.1,2.273181642920008e-14,0.0,4,2,104,55,80.32404132653645,82.10563557596353,35.22500000000001
330.3000000000066,320.53688706516544,0.10000000000002274,0.1,2.273181642920008e-14,0.0,4,2,104,55,80.22404132653645,82.00563557596354,35.32500000000001
330.4000000000066,320.63688706516547,0.10000000000002274,0.1,2.273181642920008e-14,0.0,4,2,105,55,80.12404132653646,81.90563557596354,35.425000000000004
330.50000000000665,320.7368870651655,0.10000000000002274,0.1,2.273181642920008e-14,0.0,4,2,107,55,80.02404132653645,81.80563557596355,35.525000000000006
330.6000000000067,320.8368870651655,0.10000000000002274,0.1,2.273181642920008e-14,0.0,4,2,107,56,79.92404132653645,81.70563557596356,35.62500000000001
330.7000000000067,320.93688706516554,0.10000000000002274,0.1,2.273181642920008e-14,0.0,4,2,107,56,79.82404132653646,81.60563557596356,35.725
330.8000000000067,321.03688706516556,0.10000000000002274,0.1,2.273181642920008e-14,0.0,4,2,107,56,79.72404132653647,81.50563557596357,35.825
330.90000000000674,321.1368870651656,0.10000000000002274,0.1,2.273181642920008e-14,0.0,4,2,107,55,79.62404132653646,81.40563557596357,35.925
331.00000000000676,321.2368870651656,0.10000000000002274,0.1,2.273181642920008e-14,0.0,4,2,107,55,79.52404132653646,81.30563557596358,36.025
331.1000000000068,321.3368870651656,0.10000000000002274,0.1,2.273181642920008e-14,0.0,4,2,108,55,79.42404132653647,81.20563557596358,36.125
331.2000000000068,321.43688706516565,0.10000000000002274,0.1,2.273181642920008e-14,0.0,4,2,108,55,79.32404132653647,81.10563557596359,36.224999999999994
331.30000000000683,321.5368870651657,0.10000000000002274,0.1,2.273181642920008e-14,0.0,4,2,107,55,79.22404132653647,81.0056355759636,36.324999999999996
331.40000000000686,321.6368870651657,0.10000000000002274,0.1,2.273181642920008e-14,0.0,4,2,108,55,79.12404132653647,80.9056355759636,36.425
331.5000000000069,321.7368870651657,0.10000000000002274,0.1,2.273181642920008e-14,0.0,4,2,108,56,79.02404132653648,80.8056355759636,36.52499999999999
331.6000000000069,321.83688706516574,0.10000000000002274,0.1,2.273181642920008e-14,0.0,4,2,108,57,78.92404132653648,80.70563557596361,36.62499999999999
331.7000000000069,321.93688706516576,0.10000000000002274,0.1,2.273181642920008e-14,0.0,4,2,108,57,78.82404132653647,80.60563557596362,36.72499999999999
331.80000000000695,322.0368870651658,0.10000000000002274,0.1,2.273181642920008e-14,0.0,4,2,108,56,78.72404132653648,80.50563557596362,36.82499999999999
331.90000000000697,322.1368870651658,0.10000000000002274,0.1,2.273181642920008e-14,0.0,4,2,108,56,78.62404132653649,80.40563557596363,36.92499999999999
332.000000000007,322.23688706516583,0.10000000000002274,0.1,2.273181642920008e-14,0.0,4,2,108,57,78.52404132653649,80.30563557596363,37.024999999999984
332.100000000007,322.33688706516585,0.10000000000002274,0.1,2.273181642920008e-14,0.0,4,2,107,56,78.42404132653648,80.20563557596364,37.124999999999986
332.20000000000704,322.4368870651659,0.10000000000002274,0.1,2.273181642920008e-14,0.0,4,2,107,56,78.32404132653649,80.10563557596365,37.22499999999999
332.30000000000706,322.5368870651659,0.10000000000002274,0.1,2.273181642920008e-14,0.0,4,2,107,56,78.2240413265365,80.00563557596365,37.32499999999998
332.4000000000071,322.6368870651659,0.10000000000002274,0.1,2.273181642920008e-14,0.0,4,2,107,56,78.1240413265365,79.90563557596366,37.42499999999998
332.5000000000071,322.73688706516594,0.10000000000002274,0.1,2.273181642920008e-14,0.0,4,2,106,56,78.02404132653649,79.80563557596366,37.524999999999984
332.6000000000071,322.83688706516597,0.10000000000002274,0.1,2.273181642920008e-14,0.0,4,2,106,57,77.9240413265365,79.70563557596367,37.624999999999986
332.70000000000715,322.936887065166,0.10000000000002274,0.1,2.273181642920008e-14,0.0,4,2,106,57,77.8240413265365,79.60563557596367,37.72499999999998
332.8000000000072,323.036887065166,0.10000000000002274,0.1,2.273181642920008e-14,0.0,4,2,106,57,77.72404132653651,79.50563557596368,37.82499999999998
332.9000000000072,323.13688706516604,0.10000000000002274,0.1,2.273181642920008e-14,0.0,4,2,107,57,77.6240413265365,79.40563557596369,37.92499999999998
333.0000000000072,323.23688706516606,0.10000000000002274,0.1,2.273181642920008e-14,0.0,4,2,107,57,77.5240413265365,79.30563557596369,38.02499999999998
333.10000000000724,323.3368870651661,0.10000000000002274,0.1,2.273181642920008e-14,0.0,4,2,107,57,77.42404132653651,79.2056355759637,38.12499999999998
333.20000000000726,323.4368870651661,0.10000000000002274,0.1,2.273181642920008e-14,0.0,4,2,108,57,77.32404132653652,79.1056355759637,38.22499999999998
333.3000000000073,323.5368870651661,0.10000000000002274,0.1,2.273181642920008e-14,0.0,4,2,108,57,77.22404132653651,79.00563557596371,38.32499999999998
333.4000000000073,323.63688706516615,0.10000000000002274,0.1,2.273181642920008e-14,0.0,4,2,108,57,77.12404132653651,78.90563557596371,38.42499999999998
333.50000000000733,323.7368870651662,0.10000000000002274,0.1,2.273181642920008e-14,0.0,4,3,108,57,77.02404132653652,78.80563557596372,38.52499999999998
333.60000000000736,323.8368870651662,0.10000000000002274,0.1,2.273181642920008e-14,0.0,4,3,109,57,76.92404132653652,78.70563557596373,38.62499999999998
333.7000000000074,323.9368870651662,0.10000000000002274,0.1,2.273181642920008e-14,0.0,4,3,110,57,76.82404132653652,78.60563557596373,38.72499999999998
333.8000000000074,324.03688706516624,0.10000000000002274,0.1,2.273181642920008e-14,0.0,4,3,109,56,76.72404132653652,78.50563557596374,38.824999999999974
333.9000000000074,324.13688706516626,0.10000000000002274,0.1,2.273181642920008e-14,0.0,4,3,109,55,76.62404132653653,78.40563557596374,38.924999999999976
334.00000000000745,324.2368870651663,0.10000000000002274,0.1,2.273181642920008e-14,0.0,4,3,109,55,76.52404132653653,78.30563557596375,39.02499999999998
334.10000000000747,324.3368870651663,0.10000000000002274,0.1,2.273181642920008e-14,0.0,4,3,109,55,76.42404132653652,78.20563557596375,39.12499999999998
334.2000000000075,324.43688706516633,0.10000000000002274,0.1,2.273181642920008e-14,0.0,4,3,109,55,76.32404132653653,78.10563557596376,39.22499999999998
334.3000000000075,324.53688706516635,0.10000000000002274,0.1,2.273181642920008e-14,0.0,4,3,108,55,76.22404132653654,78.00563557596377,39.324999999999974
334.40000000000754,324.6368870651664,0.10000000000002274,0.1,2.273181642920008e-14,0.0,4,3,108,55,76.12404132653654,77.90563557596377,39.424999999999976
334.50000000000756,324.7368870651664,0.10000000000002274,0.1,2.273181642920008e-14,0.0,4,3,108,56,76.02404132653653,77.80563557596378,39.52499999999998
334.6000000000076,324.8368870651664,0.10000000000002274,0.1,2.273181642920008e-14,0.0,4,3,108,56,75.92404132653654,77.70563557596378,39.62499999999997
334.7000000000076,324.93688706516645,0.10000000000002274,0.1,2.273181642920008e-14,0.0,4,3,108,56,75.82404132653654,77.60563557596379,39.72499999999997
334.8000000000076,325.03688706516647,0.10000000000002274,0.1,2.273181642920008e-14,0.0,4,3,108,56,75.72404132653655,77.5056355759638,39.824999999999974
334.90000000000765,325.1368870651665,0.10000000000002274,0.1,2.273181642920008e-14,0.0,4,3,107,56,75.62404132653654,77.4056355759638,39.924999999999976
335.0000000000077,325.2368870651665,0.10000000000002274,0.1,2.273181642920008e-14,0.0,4,3,107,56,75.52404132653655,77.3056355759638,40.02499999999998
335.1000000000077,325.33688706516654,0.10000000000002274,0.1,2.273181642920008e-14,0.0,4,3,107,56,75.42404132653655,77.20563557596381,40.12499999999997
335.2000000000077,325.43688706516656,0.10000000000002274,0.1,2.273181642920008e-14,0.0,4,3,106,56,75.32404132653656,77.10563557596382,40.22499999999997
335.30000000000774,325.5368870651666,0.10000000000002274,0.1,2.273181642920008e-14,0.0,4,3,106,56,75.22404132653655,77.00563557596382,40.324999999999974
335.40000000000776,325.6368870651666,0.10000000000002274,0.1,2.273181642920008e-14,0.0,4,3,106,56,75.12404132653656,76.90563557596383,40.42499999999997
335.5000000000078,325.7368870651666,0.10000000000002274,0.1,2.273181642920008e-14,0.0,4,3,106,56,75.02404132653656,76.80563557596383,40.52499999999997
335.6000000000078,325.83688706516665,0.10000000000002274,0.1,2.273181642920008e-14,0.0,4,3,106,55,74.92404132653657,76.70563557596384,40.62499999999997
335.70000000000783,325.9368870651667,0.10000000000002274,0.1,2.273181642920008e-14,0.0,4,3,106,55,74.82404132653656,76.60563557596384,40.72499999999997
335.80000000000786,326.0368870651667,0.10000000000002274,0.1,2.273181642920008e-14,0.0,4,3,106,55,74.72404132653656,76.50563557596385,40.824999999999974
335.9000000000079,326.1368870651667,0.10000000000002274,0.1,2.273181642920008e-14,0.0,4,3,106,55,74.62404132653657,76.40563557596386,40.92499999999997
336.0000000000079,326.23688706516674,0.10000000000002274,0.1,2.273181642920008e-14,0.0,4,3,106,55,74.52404132653658,76.30563557596386,41.02499999999997
336.1000000000079,326.33688706516676,0.10000000000002274,0.1,2.273181642920008e-14,0.0,4,3,106,55,74.42404132653657,76.20563557596387,41.12499999999997
336.20000000000795,326.4368870651668,0.10000000000002274,0.1,2.273181642920008e-14,0.0,4,3,105,55,74.32404132653657,76.10563557596387,41.224999999999966
336.30000000000797,326.5368870651668,0.10000000000002274,0.1,2.273181642920008e-14,0.0,4,3,105,54,74.22404132653658,76.00563557596388,41.32499999999997
336.400000000008,326.63688706516683,0.10000000000002274,0.1,2.273181642920008e-14,0.0,4,3,105,54,74.12404132653658,75.90563557596388,41.42499999999997
336.500000000008,326.73688706516685,0.10000000000002274,0.1,2.273181642920008e-14,0.0,4,3,105,54,74.02404132653658,75.80563557596389,41.52499999999997
336.60000000000804,326.8368870651669,0.10000000000002274,0.1,2.273181642920008e-14,0.0,4,3,105,55,73.92404132653658,75.7056355759639,41.62499999999997
336.70000000000806,326.9368870651669,0.10000000000002274,0.1,2.273181642920008e-14,0.0,4,3,106,54,73.82404132653659,75.6056355759639,41.724999999999966
336.8000000000081,327.0368870651669,0.10000000000002274,0.1,2.273181642920008e-14,0.0,4,3,106,54,73.7240413265366,75.50563557596391,41.82499999999997
336.9000000000081,327.13688706516695,0.10000000000002274,0.1,2.273181642920008e-14,0.0,4,3,106,54,73.62404132653658,75.40563557596391,41.92499999999997
337.00000000000813,327.23688706516697,0.10000000000002274,0.1,2.273181642920008e-14,0.0,4,3,107,54,73.52404132653659,75.30563557596392,42.02499999999996
337.10000000000815,327.336887065167,0.10000000000002274,0.1,2.273181642920008e-14,0.0,4,3,107,54,73.4240413265366,75.20563557596392,42.124999999999964
337.2000000000082,327.436887065167,0.10000000000002274,0.1,2.273181642920008e-14,0.0,4,3,107,54,73.3240413265366,75.10563557596393,42.224999999999966
337.3000000000082,327.53688706516704,0.10000000000002274,0.1,2.273181642920008e-14,0.0,4,3,107,54,73.2240413265366,75.00563557596394,42.32499999999997
337.4000000000082,327.63688706516706,0.10000000000002274,0.1,2.273181642920008e-14,0.0,4,3,108,54,73.1240413265366,74.90563557596394,42.42499999999997
337.50000000000824,327.7368870651671,0.10000000000002274,0.1,2.273181642920008e-14,0.0,4,3,108,54,73.0240413265366,74.80563557596395,42.52499999999996
337.60000000000827,327.8368870651671,0.10000000000002274,0.1,2.273181642920008e-14,0.0,4,3,109,54,72.92404132653661,74.70563557596395,42.624999999999964
337.7000000000083,327.9368870651671,0.10000000000002274,0.1,2.273181642920008e-14,0.0,4,3,110,54,72.8240413265366,74.60563557596396,42.724999999999966
337.8000000000083,328.03688706516715,0.10000000000002274,0.1,2.273181642920008e-14,0.0,4,3,110,54,72.72404132653661,74.50563557596396,42.82499999999996
337.90000000000833,328.1368870651672,0.10000000000002274,0.1,2.273181642920008e-14,0.0,4,3,110,55,72.62404132653661,74.40563557596397,42.92499999999996
338.00000000000836,328.2368870651672,0.10000000000002274,0.1,2.273181642920008e-14,0.0,4,3,111,55,72.52404132653662,74.30563557596398,43.02499999999996
338.1000000000084,328.3368870651672,0.10000000000002274,0.1,2.273181642920008e-14,0.0,4,3,111,55,72.42404132653661,74.20563557596398,43.124999999999964
338.2000000000084,328.43688706516724,0.10000000000002274,0.1,2.273181642920008e-14,0.0,4,3,110,54,72.32404132653662,74.10563557596399,43.224999999999966
338.3000000000084,328.53688706516726,0.10000000000002274,0.1,2.273181642920008e-14,0.0,4,3,110,55,72.22404132653662,74.00563557596399,43.32499999999996
338.40000000000845,328.6368870651673,0.10000000000002274,0.1,2.273181642920008e-14,0.0,4,3,110,55,72.12404132653663,73.905635575964,43.42499999999996
338.50000000000847,328.7368870651673,0.10000000000002274,0.1,2.273181642920008e-14,0.0,4,3,111,54,72.02404132653662,73.805635575964,43.52499999999996
338.6000000000085,328.83688706516733,0.10000000000002274,0.1,2.273181642920008e-14,0.0,4,3,110,54,71.92404132653662,73.70563557596401,43.62499999999996
338.7000000000085,328.93688706516735,0.10000000000002274,0.1,2.273181642920008e-14,0.0,4,3,109,54,71.82404132653663,73.60563557596402,43.72499999999996
338.80000000000854,329.0368870651674,0.10000000000002274,0.1,2.273181642920008e-14,0.0,4,3,109,55,71.72404132653664,73.50563557596402,43.82499999999996
338.90000000000856,329.1368870651674,0.10000000000002274,0.1,2.273181642920008e-14,0.0,4,3,110,55,71.62404132653663,73.40563557596403,43.92499999999996
339.0000000000086,329.2368870651674,0.10000000000002274,0.1,2.273181642920008e-14,0.0,4,3,110,54,71.52404132653663,73.30563557596403,44.02499999999996
339.1000000000086,329.33688706516745,0.10000000000002274,0.1,2.273181642920008e-14,0.0,4,3,110,54,71.42404132653664,73.20563557596404,44.12499999999996
339.20000000000863,329.43688706516747,0.10000000000002274,0.1,2.273181642920008e-14,0.0,4,3,111,54,71.32404132653664,73.10563557596404,44.22499999999996
339.30000000000865,329.5368870651675,0.10000000000002274,0.1,2.273181642920008e-14,0.0,4,3,112,55,71.22404132653664,73.00563557596405,44.32499999999996
339.4000000000087,329.6368870651675,0.10000000000002274,0.1,2.273181642920008e-14,0.0,4,3,112,55,71.12404132653664,72.90563557596406,44.424999999999955
339.5000000000087,329.73688706516754,0.10000000000002274,0.1,2.273181642920008e-14,0.0,4,3,112,55,71.02404132653665,72.80563557596406,44.524999999999956
339.6000000000087,329.83688706516756,0.10000000000002274,0.1,2.273181642920008e-14,0.0,4,3,111,55,70.92404132653665,72.70563557596407,44.62499999999996
339.70000000000874,329.9368870651676,0.10000000000002274,0.1,2.273181642920008e-14,0.0,4,3,111,55,70.82404132653664,72.60563557596407,44.72499999999996
339.80000000000877,330.0368870651676,0.10000000000002274,0.1,2.273181642920008e-14,0.0,4,3,112,55,70.72404132653665,72.50563557596408,44.82499999999996
339.9000000000088,330.1368870651676,0.10000000000002274,0.1,2.273181642920008e-14,0.0,4,3,111,56,70.62404132653666,72.40563557596408,44.924999999999955
340.0000000000088,330.23688706516765,0.10000000000002274,0.1,2.273181642920008e-14,0.0,4,3,111,57,70.52404132653666,72.30563557596409,45.024999999999956
340.10000000000883,330.3368870651677,0.10000000000002274,0.1,2.273181642920008e-14,0.0,4,3,111,58,70.42404132653665,72.2056355759641,45.12499999999996
340.20000000000886,330.4368870651677,0.10000000000002274,0.1,2.273181642920008e-14,0.0,4,3,111,58,70.32404132653666,72.1056355759641,45.22499999999995
340.3000000000089,330.5368870651677,0.10000000000002274,0.1,2.273181642920008e-14,0.0,4,3,113,58,70.22404132653666,72.0056355759641,45.32499999999995
340.4000000000089,330.63688706516774,0.10000000000002274,0.1,2.273181642920008e-14,0.0,4,3,113,58,70.12404132653667,71.90563557596411,45.424999999999955
340.5000000000089,330.73688706516776,0.10000000000002274,0.1,2.273181642920008e-14,0.0,4,3,113,58,70.02404132653666,71.80563557596412,45.524999999999956
340.60000000000895,330.8368870651678,0.10000000000002274,0.1,2.273181642920008e-14,0.0,4,3,115,58,69.92404132653667,71.70563557596412,45.62499999999996
340.70000000000897,330.9368870651678,0.10000000000002274,0.1,2.273181642920008e-14,0.0,4,3,115,58,69.82404132653667,71.60563557596413,45.72499999999995
340.800000000009,331.03688706516783,0.10000000000002274,0.1,2.273181642920008e-14,0.0,4,3,116,58,69.72404132653668,71.50563557596413,45.82499999999995
340.900000000009,331.13688706516785,0.10000000000002274,0.1,2.273181642920008e-14,0.0,4,3,116,58,69.62404132653667,71.40563557596414,45.924999999999955
341.00000000000904,331.2368870651679,0.10000000000002274,0.1,2.273181642920008e-14,0.0,4,3,116,58,69.52404132653668,71.30563557596415,46.02499999999995
341.10000000000906,331.3368870651679,0.10000000000002274,0.1,2.273181642920008e-14,0.0,4,3,116,58,69.42404132653668,71.20563557596415,46.12499999999995
341.2000000000091,331.4368870651679,0.10000000000002274,0.1,2.273181642920008e-14,0.0,4,3,116,58,69.32404132653669,71.10563557596416,46.22499999999995
341.3000000000091,331.53688706516795,0.10000000000002274,0.1,2.273181642920008e-14,0.0,4,3,117,58,69.22404132653668,71.00563557596416,46.32499999999995
341.40000000000913,331.63688706516797,0.10000000000002274,0.1,2.273181642920008e-14,0.0,4,3,117,58,69.12404132653668,70.90563557596417,46.424999999999955
341.50000000000915,331.736887065168,0.10000000000002274,0.1,2.273181642920008e-14,0.0,4,3,117,58,69.02404132653669,70.80563557596417,46.52499999999995
341.6000000000092,331.836887065168,0.10000000000002274,0.1,2.273181642920008e-14,0.0,4,3,116,58,68.9240413265367,70.70563557596418,46.62499999999995
341.7000000000092,331.93688706516804,0.10000000000002274,0.1,2.273181642920008e-14,0.0,4,3,116,58,68.82404132653669,70.60563557596419,46.72499999999995
341.8000000000092,332.03688706516806,0.10000000000002274,0.1,2.273181642920008e-14,0.0,4,3,116,58,68.72404132653669,70.50563557596419,46.824999999999946
341.90000000000924,332.1368870651681,0.10000000000002274,0.1,2.273181642920008e-14,0.0,4,3,116,58,68.6240413265367,70.4056355759642,46.92499999999995
342.00000000000927,332.2368870651681,0.10000000000002274,0.1,2.273181642920008e-14,0.0,4,3,115,58,68.5240413265367,70.3056355759642,47.02499999999995
342.1000000000093,332.3368870651681,0.10000000000002274,0.1,2.273181642920008e-14,0.0,4,3,115,58,68.4240413265367,70.20563557596421,47.12499999999995
342.2000000000093,332.43688706516815,0.10000000000002274,0.1,2.273181642920008e-14,0.0,4,3,115,58,68.3240413265367,70.10563557596421,47.22499999999995
342.30000000000933,332.5368870651682,0.10000000000002274,0.1,2.273181642920008e-14,0.0,4,3,115,58,68.2240413265367,70.00563557596422,47.324999999999946
342.40000000000936,332.6368870651682,0.10000000000002274,0.1,2.273181642920008e-14,0.0,4,3,115,59,68.12404132653671,69.90563557596423,47.42499999999995
342.5000000000094,332.7368870651682,0.10000000000002274,0.1,2.273181642920008e-14,0.0,4,3,116,59,68.0240413265367,69.80563557596423,47.52499999999995
342.6000000000094,332.83688706516824,0.10000000000002274,0.1,2.273181642920008e-14,0.0,4,3,116,59,67.92404132653671,69.70563557596424,47.62499999999994
342.7000000000094,332.93688706516826,0.10000000000002274,0.1,2.273181642920008e-14,0.0,4,3,117,59,67.82404132653672,69.60563557596424,47.724999999999945
342.80000000000945,333.0368870651683,0.10000000000002274,0.1,2.273181642920008e-14,0.0,4,3,117,58,67.72404132653672,69.50563557596425,47.824999999999946
342.90000000000947,333.1368870651683,0.10000000000002274,0.1,2.273181642920008e-14,0.0,4,3,117,58,67.62404132653671,69.40563557596425,47.92499999999995
343.0000000000095,333.23688706516833,0.10000000000002274,0.1,2.273181642920008e-14,0.0,4,3,118,59,67.52404132653672,69.30563557596426,48.02499999999995
343.1000000000095,333.33688706516836,0.10000000000002274,0.1,2.273181642920008e-14,0.0,4,3,118,59,67.42404132653672,69.20563557596427,48.12499999999994
343.20000000000954,333.4368870651684,0.10000000000002274,0.1,2.273181642920008e-14,0.0,4,3,120,59,67.32404132653673,69.10563557596427,48.224999999999945
343.30000000000956,333.5368870651684,0.10000000000002274,0.1,2.273181642920008e-14,0.0,4,3,121,59,67.22404132653672,69.00563557596428,48.324999999999946
343.4000000000096,333.6368870651684,0.10000000000002274,0.1,2.273181642920008e-14,0.0,4,3,121,59,67.12404132653673,68.90563557596428,48.42499999999994
343.5000000000096,333.73688706516845,0.10000000000002274,0.1,2.273181642920008e-14,0.0,4,3,121,59,67.02404132653673,68.80563557596429,48.52499999999994
343.60000000000963,333.83688706516847,0.10000000000002274,0.1,2.273181642920008e-14,0.0,4,3,122,59,66.92404132653674,68.7056355759643,48.62499999999994
343.70000000000965,333.9368870651685,0.10000000000002274,0.1,2.273181642920008e-14,0.0,4,3,124,58,66.82404132653673,68.6056355759643,48.724999999999945
343.8000000000097,334.0368870651685,0.10000000000002274,0.1,2.273181642920008e-14,0.0,4,3,124,58,66.72404132653674,68.5056355759643,48.824999999999946
343.9000000000097,334.13688706516854,0.10000000000002274,0.1,2.273181642920008e-14,0.0,4,3,124,58,66.62404132653674,68.40563557596431,48.92499999999994
344.0000000000097,334.23688706516856,0.10000000000002274,0.1,2.273181642920008e-14,0.0,4,3,124,58,66.52404132653675,68.30563557596432,49.02499999999994
344.10000000000974,334.3368870651686,0.10000000000002274,0.1,2.273181642920008e-14,0.0,4,3,124,58,66.42404132653674,68.20563557596432,49.12499999999994
344.20000000000977,334.4368870651686,0.10000000000002274,0.1,2.273181642920008e-14,0.0,4,3,123,57,66.32404132653674,68.10563557596433,49.22499999999994
344.3000000000098,334.5368870651686,0.10000000000002274,0.1,2.273181642920008e-14,0.0,4,3,123,57,66.22404132653675,68.00563557596433,49.32499999999994
344.4000000000098,334.63688706516865,0.10000000000002274,0.1,2.273181642920008e-14,0.0,4,3,123,57,66.12404132653676,67.90563557596434,49.42499999999994
344.50000000000983,334.7368870651687,0.10000000000002274,0.1,2.273181642920008e-14,0.0,4,3,122,57,66.02404132653675,67.80563557596435,49.52499999999994
344.60000000000986,334.8368870651687,0.10000000000002274,0.1,2.273181642920008e-14,0.0,4,3,122,57,65.92404132653675,67.70563557596435,49.62499999999994
344.7000000000099,334.9368870651687,0.10000000000002274,0.1,2.273181642920008e-14,0.0,4,3,122,57,65.82404132653676,67.60563557596436,49.72499999999994
344.8000000000099,335.03688706516874,0.10000000000002274,0.1,2.273181642920008e-14,0.0,4,3,122,58,65.72404132653676,67.50563557596436,49.82499999999994
344.9000000000099,335.13688706516876,0.10000000000002274,0.1,2.273181642920008e-14,0.0,4,3,122,58,65.62404132653676,67.40563557596437,49.92499999999994
345.00000000000995,335.2368870651688,0.10000000000002274,0.1,2.273181642920008e-14,0.0,4,3,123,58,65.52404132653676,67.30563557596437,50.024999999999935
345.10000000000997,335.3368870651688,0.10000000000002274,0.1,2.273181642920008e-14,0.0,4,3,124,59,65.42404132653677,67.20563557596438,50.124999999999936
345.20000000001,335.43688706516883,0.10000000000002274,0.1,2.273181642920008e-14,0.0,4,3,124,59,65.32404132653677,67.10563557596438,50.22499999999994
345.30000000001,335.53688706516886,0.10000000000002274,0.1,2.273181642920008e-14,0.0,4,3,123,59,65.22404132653676,67.00563557596439,50.32499999999994
345.40000000001004,335.6368870651689,0.10000000000002274,0.1,2.273181642920008e-14,0.0,4,3,123,59,65.12404132653677,66.9056355759644,50.42499999999994
345.50000000001006,335.7368870651689,0.10000000000002274,0.1,2.273181642920008e-14,0.0,4,3,124,59,65.02404132653677,66.8056355759644,50.524999999999935
345.6000000000101,335.8368870651689,0.10000000000002274,0.1,2.273181642920008e-14,0.0,4,3,124,59,64.92404132653678,66.70563557596441,50.624999999999936
345.7000000000101,335.93688706516895,0.10000000000002274,0.1,2.273181642920008e-14,0.0,4,3,123,59,64.82404132653677,66.60563557596441,50.72499999999994
345.80000000001013,336.03688706516897,0.10000000000002274,0.1,2.273181642920008e-14,0.0,4,3,122,59,64.72404132653678,66.50563557596442,50.82499999999993
345.90000000001015,336.136887065169,0.10000000000002274,0.1,2.273181642920008e-14,0.0,4,3,123,59,64.62404132653678,66.40563557596442,50.92499999999993
346.0000000000102,336.236887065169,0.10000000000002274,0.1,2.273181642920008e-14,0.0,4,3,123,59,64.52404132653679,66.30563557596443,51.024999999999935
346.1000000000102,336.33688706516904,0.10000000000002274,0.1,2.273181642920008e-14,0.0,4,3,123,58,64.42404132653678,66.20563557596444,51.124999999999936
346.2000000000102,336.43688706516906,0.10000000000002274,0.1,2.273181642920008e-14,0.0,4,3,124,57,64.32404132653679,66.10563557596444,51.22499999999994
346.30000000001024,336.5368870651691,0.10000000000002274,0.1,2.273181642920008e-14,0.0,4,3,124,57,64.22404132653679,66.00563557596445,51.32499999999993
346.40000000001027,336.6368870651691,0.10000000000002274,0.1,2.273181642920008e-14,0.0,4,3,124,57,64.1240413265368,65.90563557596445,51.42499999999993
346.5000000000103,336.7368870651691,0.10000000000002274,0.1,2.273181642920008e-14,0.0,4,3,124,57,64.02404132653679,65.80563557596446,51.524999999999935
346.6000000000103,336.83688706516915,0.10000000000002274,0.1,2.273181642920008e-14,0.0,4,3,123,57,63.924041326536795,65.70563557596446,51.62499999999993
346.70000000001033,336.9368870651692,0.10000000000002274,0.1,2.273181642920008e-14,0.0,4,3,122,57,63.8240413265368,65.60563557596447,51.72499999999993
346.80000000001036,337.0368870651692,0.10000000000002274,0.1,2.273181642920008e-14,0.0,4,3,122,57,63.7240413265368,65.50563557596448,51.82499999999993
346.9000000000104,337.1368870651692,0.10000000000002274,0.1,2.273181642920008e-14,0.0,4,3,123,57,63.624041326536805,65.40563557596448,51.92499999999993
347.0000000000104,337.23688706516924,0.10000000000002274,0.1,2.273181642920008e-14,0.0,4,3,122,57,63.5240413265368,65.30563557596449,52.024999999999935
347.1000000000104,337.33688706516926,0.10000000000002274,0.1,2.273181642920008e-14,0.0,4,3,121,57,63.42404132653681,65.2056355759645,52.12499999999993
347.20000000001045,337.4368870651693,0.10000000000002274,0.1,2.273181642920008e-14,0.0,4,3,120,57,63.32404132653681,65.1056355759645,52.22499999999993
347.30000000001047,337.5368870651693,0.10000000000002274,0.1,2.273181642920008e-14,0.0,4,3,120,57,63.22404132653681,65.0056355759645,52.32499999999993
347.4000000000105,337.63688706516933,0.10000000000002274,0.1,2.273181642920008e-14,0.0,4,3,120,57,63.12404132653681,64.90563557596451,52.424999999999926
347.5000000000105,337.73688706516936,0.10000000000002274,0.1,2.273181642920008e-14,0.0,4,3,120,57,63.02404132653682,64.80563557596452,52.52499999999993
347.60000000001054,337.8368870651694,0.10000000000002274,0.1,2.273181642920008e-14,0.0,4,3,119,57,62.924041326536816,64.70563557596452,52.62499999999993
347.70000000001056,337.9368870651694,0.10000000000002274,0.1,2.273181642920008e-14,0.0,4,3,120,57,62.82404132653682,64.60563557596453,52.72499999999993
347.8000000000106,338.0368870651694,0.10000000000002274,0.1,2.273181642920008e-14,0.0,4,3,120,57,62.72404132653682,64.50563557596453,52.82499999999993
347.9000000000106,338.13688706516945,0.10000000000002274,0.1,2.273181642920008e-14,0.0,4,3,120,57,62.624041326536826,64.40563557596454,52.924999999999926
348.00000000001063,338.23688706516947,0.10000000000002274,0.1,2.273181642920008e-14,0.0,4,3,120,57,62.524041326536825,64.30563557596454,53.02499999999993
348.10000000001065,338.3368870651695,0.10000000000002274,0.1,2.273181642920008e-14,0.0,4,3,120,57,62.42404132653683,64.20563557596455,53.12499999999993
348.2000000000107,338.4368870651695,0.10000000000002274,0.1,2.273181642920008e-14,0.0,4,3,121,57,62.32404132653683,64.10563557596456,53.22499999999992
348.3000000000107,338.53688706516954,0.10000000000002274,0.1,2.273181642920008e-14,0.0,4,3,121,57,62.224041326536835,64.00563557596456,53.324999999999925
348.4000000000107,338.63688706516956,0.10000000000002274,0.1,2.273181642920008e-14,0.0,4,3,124,57,62.12404132653683,63.90563557596456,53.424999999999926
348.50000000001074,338.7368870651696,0.10000000000002274,0.1,2.273181642920008e-14,0.0,4,3,124,57,62.02404132653683,63.80563557596456,53.52499999999993
348.60000000001077,338.8368870651696,0.10000000000002274,0.1,2.273181642920008e-14,0.0,4,3,124,57,61.92404132653684,63.70563557596456,53.62499999999993
348.7000000000108,338.9368870651696,0.10000000000002274,0.1,2.273181642920008e-14,0.0,4,3,124,56,61.824041326536836,63.605635575964556,53.72499999999992
348.8000000000108,339.03688706516965,0.10000000000002274,0.1,2.273181642920008e-14,0.0,4,3,124,56,61.724041326536835,63.505635575964554,53.824999999999925
348.90000000001083,339.1368870651697,0.10000000000002274,0.1,2.273181642920008e-14,0.0,4,3,124,56,61.62404132653683,63.40563557596455,53.924999999999926
349.00000000001086,339.2368870651697,0.10000000000002274,0.1,2.273181642920008e-14,0.0,4,3,124,56,61.52404132653683,63.30563557596455,54.02499999999992
349.1000000000109,339.3368870651697,0.10000000000002274,0.1,2.273181642920008e-14,0.0,4,3,124,55,61.42404132653684,63.20563557596455,54.12499999999992
349.2000000000109,339.43688706516974,0.10000000000002274,0.1,2.273181642920008e-14,0.0,4,3,124,55,61.082791326536835,63.10563557596455,54.22499999999992
349.3000000000109,339.53688706516976,0.10000000000002274,0.1,2.273181642920008e-14,0.0,4,3,123,55,60.74129132653684,63.00563557596455,54.324999999999925
349.40000000001095,339.6368870651698,0.10000000000002274,0.1,2.273181642920008e-14,0.0,4,3,123,55,60.39954132653685,62.905635575964546,54.424999999999926
349.50000000001097,339.7368870651698,0.10000000000002274,0.1,2.273181642920008e-14,0.0,4,3,123,55,60.05754132653685,62.805635575964544,54.52499999999992
349.600000000011,339.83688706516983,0.10000000000002274,0.1,2.273181642920008e-14,0.0,4,3,124,55,59.71529132653685,62.70563557596454,54.62499999999992
349.700000000011,339.93688706516986,0.10000000000002274,0.1,2.273181642920008e-14,0.0,4,3,126,55,59.372791326536856,62.60563557596454,54.72499999999992
349.80000000001104,340.0368870651699,0.10000000000002274,0.1,2.273181642920008e-14,0.0,4,3,126,55,59.03004132653686,62.50563557596454,54.82499999999992
349.90000000001106,340.1368870651699,0.10000000000002274,0.1,2.273181642920008e-14,0.0,4,3,126,53,58.68704132653686,62.40563557596454,54.92499999999992
350.0000000000111,340.2368870651699,0.10000000000002274,0.1,2.273181642920008e-14,0.0,4,3,126,53,58.34379132653686,62.30563557596454,55.02499999999992
350.1000000000111,340.33688706516995,0.10000000000002274,0.1,2.273181642920008e-14,0.0,4,3,126,53,58.00029132653687,62.205635575964536,55.12499999999992
350.20000000001113,340.43688706516997,0.10000000000002274,0.1,2.273181642920008e-14,0.0,4,3,126,53,57.65654132653687,62.105635575964534,55.22499999999992
350.30000000001115,340.53688706517,0.10000000000002274,0.1,2.273181642920008e-14,0.0,4,3,126,53,57.31254132653687,62.00563557596453,55.32499999999992
350.4000000000112,340.63688706517,0.10000000000002274,0.1,2.273181642920008e-14,0.0,4,3,126,54,56.96829132653687,61.90563557596453,55.42499999999992
350.5000000000112,340.73688706517004,0.10000000000002274,0.1,2.273181642920008e-14,0.0,4,3,125,54,56.62379132653688,61.80563557596453,55.52499999999992
350.6000000000112,340.83688706517006,0.10000000000002274,0.1,2.273181642920008e-14,0.0,4,3,124,54,56.279041326536884,61.70563557596453,55.624999999999915
350.70000000001124,340.9368870651701,0.10000000000002274,0.1,2.273181642920008e-14,0.0,4,3,124,55,55.934041326536885,61.60563557596453,55.724999999999916
350.80000000001127,341.0368870651701,0.10000000000002274,0.1,2.273181642920008e-14,0.0,4,3,123,56,55.58879132653689,61.505635575964526,55.82499999999992
350.9000000000113,341.13688706517013,0.10000000000002274,0.1,2.273181642920008e-14,0.0,4,3,123,56,55.2432913265369,61.405635575964524,55.92499999999992
351.0000000000113,341.23688706517015,0.10000000000002274,0.1,2.273181642920008e-14,0.0,4,3,123,56,54.897541326536896,61.30563557596452,56.02499999999992
351.10000000001133,341.3368870651702,0.10000000000002274,0.1,2.273181642920008e-14,0.0,4,3,123,56,54.551541326536906,61.20563557596452,56.124999999999915
351.20000000001136,341.4368870651702,0.10000000000002274,0.1,2.273181642920008e-14,0.0,4,3,124,56,54.20529132653691,61.10563557596452,56.224999999999916
351.3000000000114,341.5368870651702,0.10000000000002274,0.1,2.273181642920008e-14,0.0,4,3,126,56,53.85879132653691,61.00563557596452,56.32499999999992
351.4000000000114,341.63688706517024,0.10000000000002274,0.1,2.273181642920008e-14,0.0,4,3,126,56,53.51204132653692,60.90563557596452,56.42499999999991
351.5000000000114,341.73688706517027,0.10000000000002274,0.1,2.273181642920008e-14,0.0,4,3,126,56,53.16504132653692,60.805635575964516,56.52499999999991
351.60000000001145,341.8368870651703,0.10000000000002274,0.1,2.273181642920008e-14,0.0,4,3,126,56,52.81779132653692,60.705635575964514,56.624999999999915
351.70000000001147,341.9368870651703,0.10000000000002274,0.1,2.273181642920008e-14,0.0,4,3,126,56,52.47029132653693,60.60563557596451,56.724999999999916
351.8000000000115,342.03688706517033,0.10000000000002274,0.1,2.273181642920008e-14,0.0,4,3,126,56,52.12254132653693,60.50563557596451,56.82499999999992
351.9000000000115,342.13688706517036,0.10000000000002274,0.1,2.273181642920008e-14,0.0,4,3,126,56,51.774541326536934,60.40563557596451,56.92499999999991
352.00000000001154,342.2368870651704,0.10000000000002274,0.1,2.273181642920008e-14,0.0,4,3,126,55,51.42629132653694,60.30563557596451,57.02499999999991
352.10000000001156,342.3368870651704,0.10000000000002274,0.1,2.273181642920008e-14,0.0,4,3,126,55,51.077791326536946,60.20563557596451,57.124999999999915
352.2000000000116,342.4368870651704,0.10000000000002274,0.1,2.273181642920008e-14,0.0,4,3,128,55,50.729041326536944,60.105635575964506,57.22499999999991
352.3000000000116,342.53688706517045,0.10000000000002274,0.1,2.273181642920008e-14,0.0,4,3,129,54,50.380041326536954,60.005635575964504,57.32499999999991
352.40000000001163,342.63688706517047,0.10000000000002274,0.1,2.273181642920008e-14,0.0,4,3,130,55,50.030791326536956,59.9056355759645,57.42499999999991
352.50000000001165,342.7368870651705,0.10000000000002274,0.1,2.273181642920008e-14,0.0,4,3,129,55,49.68129132653696,59.8056355759645,57.52499999999991
352.6000000000117,342.8368870651705,0.10000000000002274,0.1,2.273181642920008e-14,0.0,4,3,129,55,49.331541326536964,59.7056355759645,57.624999999999915
352.7000000000117,342.93688706517054,0.10000000000002274,0.1,2.273181642920008e-14,0.0,4,3,128,55,48.98154132653697,59.6056355759645,57.72499999999991
352.8000000000117,343.03688706517056,0.10000000000002274,0.1,2.273181642920008e-14,0.0,4,3,127,55,48.63129132653697,59.5056355759645,57.82499999999991
352.90000000001174,343.1368870651706,0.10000000000002274,0.1,2.273181642920008e-14,0.0,4,3,126,55,48.28079132653698,59.405635575964496,57.92499999999991
353.00000000001177,343.2368870651706,0.10000000000002274,0.1,2.273181642920008e-14,0.0,4,3,126,55,47.93004132653698,59.305635575964494,58.024999999999906
353.1000000000118,343.33688706517063,0.10000000000002274,0.1,2.273181642920008e-14,0.0,4,3,125,55,47.57904132653698,59.20563557596449,58.12499999999991
353.2000000000118,343.43688706517065,0.10000000000002274,0.1,2.273181642920008e-14,0.0,4,3,126,55,47.22779132653699,59.10563557596449,58.22499999999991
353.30000000001183,343.5368870651707,0.10000000000002274,0.1,2.273181642920008e-14,0.0,4,3,125,55,46.876291326536986,59.00563557596449,58.32499999999991
353.40000000001186,343.6368870651707,0.10000000000002274,0.1,2.273181642920008e-14,0.0,4,3,126,55,46.52454132653699,58.855351680054305,58.42499999999991
353.5000000000119,343.7368870651707,0.10000000000002274,0.1,2.273181642920008e-14,0.0,4,3,126,54,46.17254132653699,57.747351680054315,58.524999999999906
353.6000000000119,343.83688706517074,0.10000000000002274,0.1,2.273181642920008e-14,0.0,4,3,125,54,45.82029132653699,56.63835168005433,58.62499999999991
353.7000000000119,343.93688706517077,0.10000000000002274,0.1,2.273181642920008e-14,0.0,4,3,125,54,44.51165830237384,54.47616189057352,58.72499999999991
353.80000000001195,344.0968870651708,0.160000000000025,0.1,0.060000000000025006,0.0,4,3,124,54,58.34351835517373,56.87915449222398,58.8249999999999
353.90000000001197,344.1968870651708,0.10000000000002274,0.1,2.273181642920008e-14,0.0,4,4,124,54,57.10091156815418,55.86323131403935,58.924999999999905
354.000000000012,344.3252870651708,0.12839999999999918,0.1,0.028399999999999176,0.0,4,4,123,54,62.9658136850097,83.43148871677249,59.024999999999906
354.100000000012,344.42528706517083,0.10000000000002274,0.1,2.273181642920008e-14,0.0,4,4,124,54,61.86328762953724,82.86692281219433,59.12499999999991
354.20000000001204,344.52528706517086,0.10000000000002274,0.1,2.273181642920008e-14,0.0,4,4,124,54,60.674236952184906,82.02281651947942,59.22499999999991
354.30000000001206,344.6252870651709,0.10000000000002274,0.1,2.273181642920008e-14,0.0,4,4,124,54,59.465861426260794,81.16879540578023,59.3249999999999
354.4000000000121,344.7252870651709,0.10000000000002274,0.1,2.273181642920008e-14,0.0,4,4,124,54,58.205715152059334,80.14820682934612,59.424999999999905
354.5000000000121,344.8252870651709,0.10000000000002274,0.1,2.273181642920008e-14,0.0,4,4,123,54,57.03582520485914,79.3164642320793,59.524999999999906
354.60000000001213,344.92528706517095,0.10000000000002274,0.1,2.273181642920008e-14,0.0,4,4,123,54,55.86568525765894,78.48472163481247,59.6249999999999
354.70000000001215,345.02528706517097,0.10000000000002274,0.1,2.273181642920008e-14,0.0,4,4,125,54,55.012621584212816,77.65297903754565,59.7249999999999
354.8000000000122,345.125287065171,0.10000000000002274,0.1,2.273181642920008e-14,0.0,4,4,125,54,54.29150028557941,76.82123644027882,59.8249999999999
354.9000000000122,345.225287065171,0.10000000000002274,0.1,2.273181642920008e-14,0.0,4,4,124,55,53.79762816251089,76.34758896035852,59.924999999999905
355.0000000000122,345.32528706517104,0.10000000000002274,0.1,2.273181642920008e-14,0.0,4,4,123,55,53.441878162510896,76.24758896035853,60.024999999999906
355.10000000001224,345.42528706517106,0.10000000000002274,0.1,2.273181642920008e-14,0.0,4,4,123,55,53.0858781625109,76.14758896035853,60.1249999999999
355.20000000001227,345.5252870651711,0.10000000000002274,0.1,2.273181642920008e-14,0.0,4,4,122,55,52.729628162510906,76.04758896035854,60.2249999999999
355.3000000000123,345.6252870651711,0.10000000000002274,0.1,2.273181642920008e-14,0.0,4,4,121,56,52.373128162510916,75.94758896035854,60.3249999999999
355.4000000000123,345.72528706517113,0.10000000000002274,0.1,2.273181642920008e-14,0.0,4,4,122,56,52.01637816251092,75.84758896035855,60.4249999999999
355.50000000001234,345.82528706517115,0.10000000000002274,0.1,2.273181642920008e-14,0.0,4,4,121,56,51.659378162510926,75.74758896035856,60.5249999999999
355.60000000001236,345.9252870651712,0.10000000000002274,0.1,2.273181642920008e-14,0.0,4,4,121,56,51.30212816251093,75.64758896035856,60.6249999999999
355.7000000000124,346.0252870651712,0.10000000000002274,0.1,2.273181642920008e-14,0.0,4,4,121,55,50.94462816251094,75.54758896035857,60.7249999999999
355.8000000000124,346.1252870651712,0.10000000000002274,0.1,2.273181642920008e-14,0.0,4,4,121,55,50.58687816251095,75.44758896035857,60.8249999999999
355.9000000000124,346.22528706517124,0.10000000000002274,0.1,2.273181642920008e-14,0.0,4,4,122,55,50.22887816251095,75.34758896035858,60.9249999999999
356.00000000001245,346.32528706517127,0.10000000000002274,0.1,2.273181642920008e-14,0.0,4,4,122,55,49.87062816251096,75.24758896035858,61.0249999999999
356.10000000001247,346.4252870651713,0.10000000000002274,0.1,2.273181642920008e-14,0.0,4,4,122,55,49.51212816251097,75.14758896035859,61.1249999999999
356.2000000000125,346.5252870651713,0.10000000000002274,0.1,2.273181642920008e-14,0.0,4,4,123,55,49.153378162510975,75.0475889603586,61.224999999999895
356.3000000000125,346.62528706517134,0.10000000000002274,0.1,2.273181642920008e-14,0.0,4,4,124,56,48.79437816251098,74.9475889603586,61.324999999999896
356.40000000001254,346.72528706517136,0.10000000000002274,0.1,2.273181642920008e-14,0.0,4,4,123,56,48.435128162510985,74.8475889603586,61.4249999999999
356.50000000001256,346.8252870651714,0.10000000000002274,0.1,2.273181642920008e-14,0.0,4,4,123,56,48.075628162510995,74.43277025178378,61.5249999999999
356.6000000000126,346.9252870651714,0.10000000000002274,0.1,2.273181642920008e-14,0.0,4,4,122,57,47.715878162511,73.2937702517838,61.6249999999999
356.7000000000126,347.0252870651714,0.10000000000002274,0.1,2.273181642920008e-14,0.0,4,4,121,57,47.355878162511004,72.15377025178383,61.724999999999895
356.80000000001263,347.12528706517145,0.10000000000002274,0.1,2.273181642920008e-14,0.0,4,4,121,57,46.99562816251101,71.01277025178385,61.824999999999896
356.90000000001265,347.22528706517147,0.10000000000002274,0.1,2.273181642920008e-14,0.0,4,4,120,57,46.635128162511016,69.87077025178387,61.9249999999999
357.0000000000127,347.3252870651715,0.10000000000002274,0.1,2.273181642920008e-14,0.0,4,4,121,57,46.27437816251103,68.7277702517839,62.02499999999989
357.1000000000127,347.4252870651715,0.10000000000002274,0.1,2.273181642920008e-14,0.0,4,4,121,57,45.91337816251103,67.58377025178392,62.12499999999989
357.2000000000127,347.52528706517154,0.10000000000002274,0.1,2.273181642920008e-14,0.0,4,4,120,57,45.55212816251104,66.43877025178394,62.224999999999895
357.30000000001274,347.62528706517156,0.10000000000002274,0.1,2.273181642920008e-14,0.0,4,4,120,57,45.19062816251105,65.29277025178396,62.324999999999896
357.40000000001277,347.7252870651716,0.10000000000002274,0.1,2.273181642920008e-14,0.0,4,4,120,57,44.82887816251105,64.14577025178399,62.4249999999999
357.5000000000128,347.8252870651716,0.10000000000002274,0.1,2.273181642920008e-14,0.0,4,4,120,57,44.46687816251106,62.99777025178401,62.52499999999989
357.6000000000128,347.92528706517163,0.10000000000002274,0.1,2.273181642920008e-14,0.0,4,4,120,56,44.10462816251106,61.848770251784025,62.62499999999989
357.70000000001284,348.02528706517165,0.10000000000002274,0.1,2.273181642920008e-14,0.0,4,4,119,56,43.742128162511065,60.69877025178404,62.724999999999895
357.80000000001286,348.1252870651717,0.10000000000002274,0.1,2.273181642920008e-14,0.0,4,4,119,56,43.379378162511074,59.54777025178406,62.82499999999989
357.9000000000129,348.2252870651717,0.10000000000002274,0.1,2.273181642920008e-14,0.0,4,4,119,55,43.016378162511074,58.39577025178407,62.92499999999989
358.0000000000129,348.3252870651717,0.10000000000002274,0.1,2.273181642920008e-14,0.0,4,4,119,55,42.65312816251108,57.24277025178409,63.02499999999989
358.1000000000129,348.42528706517174,0.10000000000002274,0.1,2.273181642920008e-14,0.0,4,4,120,55,42.289628162511086,56.088770251784105,63.12499999999989
358.20000000001295,348.52528706517177,0.10000000000002274,0.1,2.273181642920008e-14,0.0,4,4,120,55,41.92587816251109,54.93377025178412,63.224999999999895
358.300000000013,348.6252870651718,0.10000000000002274,0.1,2.273181642920008e-14,0.0,4,4,120,55,41.56187816251109,53.77777025178413,63.32499999999989
358.400000000013,348.7252870651718,0.10000000000002274,0.1,2.273181642920008e-14,0.0,4,4,121,55,41.1976281625111,52.62077025178415,63.42499999999989
358.500000000013,348.82528706517184,0.10000000000002274,0.1,2.273181642920008e-14,0.0,4,4,121,55,40.8331281625111,51.462770251784164,63.52499999999989
358.60000000001304,348.92528706517186,0.10000000000002274,0.1,2.273181642920008e-14,0.0,4,4,121,55,40.46837816251111,50.30377025178418,63.624999999999886
358.70000000001306,349.0252870651719,0.10000000000002274,0.1,2.273181642920008e-14,0.0,4,4,121,55,40.10337816251111,49.1437702517842,63.72499999999989
358.8000000000131,349.1252870651719,0.10000000000002274,0.1,2.273181642920008e-14,0.0,4,4,120,55,39.73812816251112,47.98277025178421,63.82499999999989
358.9000000000131,349.2252870651719,0.10000000000002274,0.1,2.273181642920008e-14,0.0,4,4,120,55,39.37262816251112,46.820770251784225,63.92499999999989
359.00000000001313,349.32528706517195,0.10000000000002274,0.1,2.273181642920008e-14,0.0,4,4,120,55,39.00687816251113,45.65777025178424,64.02499999999989
359.10000000001315,349.425287065172,0.10000000000002274,0.1,2.273181642920008e-14,0.0,4,4,120,55,38.64087816251113,44.493770251784255,64.12499999999989
359.2000000000132,349.525287065172,0.10000000000002274,0.1,2.273181642920008e-14,0.0,4,4,122,55,38.274628162511135,43.32877025178427,64.22499999999988
359.3000000000132,349.625287065172,0.10000000000002274,0.1,2.273181642920008e-14,0.0,4,4,123,55,37.90812816251114,42.16277025178429,64.32499999999987
359.4000000000132,349.72528706517204,0.10000000000002274,0.1,2.273181642920008e-14,0.0,4,4,123,55,37.541378162511144,40.99577025178431,64.42499999999988
359.50000000001324,349.82528706517206,0.10000000000002274,0.1,2.273181642920008e-14,0.0,4,4,122,53,37.17437816251115,39.82777025178432,64.52499999999988
359.60000000001327,349.9252870651721,0.10000000000002274,0.1,2.273181642920008e-14,0.0,4,4,122,53,36.807128162511155,38.65877025178434,64.62499999999987
359.7000000000133,350.0252870651721,0.10000000000002274,0.1,2.273181642920008e-14,0.0,4,4,122,53,36.43962816251116,37.48877025178436,64.72499999999987
359.8000000000133,350.12528706517213,0.10000000000002274,0.1,2.273181642920008e-14,0.0,4,4,122,52,36.07187816251117,36.317770251784374,64.82499999999987
359.90000000001334,350.22528706517215,0.10000000000002274,0.1,2.273181642920008e-14,0.0,4,4,122,52,35.703878162511174,35.14577025178439,64.92499999999987
360.00000000001336,350.3252870651722,0.10000000000002274,0.1,2.273181642920008e-14,0.0,4,4,122,52,35.33562816251118,33.97277025178441,65.02499999999986
360.1000000000134,350.4252870651722,0.10000000000002274,0.1,2.273181642920008e-14,0.0,4,4,123,52,34.96712816251118,32.798770251784426,65.12499999999986
360.2000000000134,350.5252870651722,0.10000000000002274,0.1,2.273181642920008e-14,0.0,4,4,123,51,34.59837816251118,31.623770251784443,65.22499999999987
360.3000000000134,350.62528706517224,0.10000000000002274,0.1,2.273181642920008e-14,0.0,4,4,123,51,34.22937816251119,30.44777025178446,65.32499999999986
360.40000000001345,350.72528706517227,0.10000000000002274,0.1,2.273181642920008e-14,0.0,4,4,123,51,33.860128162511195,29.270770251784477,65.42499999999986
360.5000000000135,350.8252870651723,0.10000000000002274,0.1,2.273181642920008e-14,0.0,4,4,123,51,33.4906281625112,28.092770251784493,65.52499999999985
360.6000000000135,350.9252870651723,0.10000000000002274,0.1,2.273181642920008e-14,0.0,4,4,123,51,33.120878162511204,26.91377025178451,65.62499999999986
360.7000000000135,351.02528706517234,0.10000000000002274,0.1,2.273181642920008e-14,0.0,4,4,122,51,32.75087816251121,25.733770251784527,65.72499999999985
360.80000000001354,351.12528706517236,0.10000000000002274,0.1,2.273181642920008e-14,0.0,4,4,122,50,32.380628162511215,24.552770251784544,65.82499999999985
360.90000000001356,351.2252870651724,0.10000000000002274,0.1,2.273181642920008e-14,0.0,4,4,121,50,32.01012816251122,23.370770251784563,65.92499999999984
361.0000000000136,351.3252870651724,0.10000000000002274,0.1,2.273181642920008e-14,0.0,4,4,120,50,31.63937816251123,22.18777025178458,66.02499999999985
361.1000000000136,351.4252870651724,0.10000000000002274,0.1,2.273181642920008e-14,0.0,4,4,119,50,31.268378162511233,21.003770251784598,66.12499999999984
361.20000000001363,351.52528706517245,0.10000000000002274,0.1,2.273181642920008e-14,0.0,4,4,119,50,30.89712816251124,19.818770251784617,66.22499999999984
361.30000000001365,351.6252870651725,0.10000000000002274,0.1,2.273181642920008e-14,0.0,4,4,120,50,30.525628162511246,18.632770251784635,66.32499999999983
361.4000000000137,351.7252870651725,0.10000000000002274,0.1,2.273181642920008e-14,0.0,4,4,120,50,30.15387816251125,18.19599548539776,66.42499999999984
361.5000000000137,351.8252870651725,0.10000000000002274,0.1,2.273181642920008e-14,0.0,4,4,121,50,29.781878162511255,18.095995485397758,66.52499999999984
361.6000000000137,351.92528706517254,0.10000000000002274,0.1,2.273181642920008e-14,0.0,4,4,121,50,29.40962816251126,17.995995485397756,66.62499999999983
361.70000000001374,352.02528706517256,0.10000000000002274,0.1,2.273181642920008e-14,0.0,4,4,121,50,29.037128162511266,17.895995485397755,66.72499999999982
361.80000000001377,352.1252870651726,0.10000000000002274,0.1,2.273181642920008e-14,0.0,4,4,121,50,28.664378162511273,17.795995485397754,66.82499999999983
361.9000000000138,352.2252870651726,0.10000000000002274,0.1,2.273181642920008e-14,0.0,4,4,122,50,28.29137816251128,17.695995485397752,66.92499999999983
362.0000000000138,352.32528706517263,0.10000000000002274,0.1,2.273181642920008e-14,0.0,4,4,123,50,27.918128162511287,17.59599548539775,67.02499999999982
362.10000000001384,352.42528706517265,0.10000000000002274,0.1,2.273181642920008e-14,0.0,4,4,123,50,27.54462816251129,17.49599548539775,67.12499999999982
362.20000000001386,352.5252870651727,0.10000000000002274,0.1,2.273181642920008e-14,0.0,4,4,123,49,27.170878162511297,17.395995485397748,67.22499999999982
362.3000000000139,352.6252870651727,0.10000000000002274,0.1,2.273181642920008e-14,0.0,4,4,123,49,26.796878162511305,17.295995485397746,67.32499999999982
362.4000000000139,352.7252870651727,0.10000000000002274,0.1,2.273181642920008e-14,0.0,4,4,123,49,26.42262816251131,17.195995485397745,67.42499999999981
362.5000000000139,352.82528706517274,0.10000000000002274,0.1,2.273181642920008e-14,0.0,4,4,123,49,26.048128162511315,17.095995485397744,67.5249999999998
362.60000000001395,352.92528706517277,0.10000000000002274,0.1,2.273181642920008e-14,0.0,4,4,123,49,25.673378162511323,16.995995485397742,67.62499999999982
362.700000000014,353.0252870651728,0.10000000000002274,0.1,2.273181642920008e-14,0.0,4,4,123,50,25.29837816251133,16.89599548539774,67.72499999999981
362.800000000014,353.1252870651728,0.10000000000002274,0.1,2.273181642920008e-14,0.0,4,4,125,50,24.923128162511336,16.79599548539774,67.8249999999998
362.900000000014,353.22528706517284,0.10000000000002274,0.1,2.273181642920008e-14,0.0,4,4,125,50,24.54762816251134,16.695995485397738,67.9249999999998
363.00000000001404,353.32528706517286,0.10000000000002274,0.1,2.273181642920008e-14,0.0,3,4,125,49,32.823247466086805,16.595995485397737,53.900000000000404
363.10000000001406,353.4252870651729,0.10000000000002274,0.1,2.273181642920008e-14,0.0,3,4,124,49,32.72324746608681,16.495995485397735,54.0000000000004
363.2000000000141,353.5252870651729,0.10000000000002274,0.1,2.273181642920008e-14,0.0,3,4,124,49,32.62324746608681,16.395995485397734,54.1000000000004
363.3000000000141,353.6252870651729,0.10000000000002274,0.1,2.273181642920008e-14,0.0,3,4,124,49,32.52324746608681,16.295995485397732,54.200000000000394
363.40000000001413,353.72528706517295,0.10000000000002274,0.1,2.273181642920008e-14,0.0,3,4,125,50,32.42324746608681,16.19599548539773,54.3000000000004
363.50000000001415,353.825287065173,0.10000000000002274,0.1,2.273181642920008e-14,0.0,3,4,126,50,32.32324746608681,16.09599548539773,54.4000000000004
363.6000000000142,353.925287065173,0.10000000000002274,0.1,2.273181642920008e-14,0.0,3,4,125,50,32.22324746608681,15.99599548539773,54.5000000000004
363.7000000000142,354.025287065173,0.10000000000002274,0.1,2.273181642920008e-14,0.0,3,4,125,50,32.123247466086816,15.89599548539773,54.60000000000039
363.8000000000142,354.12528706517304,0.10000000000002274,0.1,2.273181642920008e-14,0.0,3,4,124,50,32.02324746608682,15.79599548539773,54.700000000000394
363.90000000001424,354.22528706517306,0.10000000000002274,0.1,2.273181642920008e-14,0.0,3,4,124,50,31.92324746608682,15.69599548539773,54.80000000000039
364.00000000001427,354.3252870651731,0.10000000000002274,0.1,2.273181642920008e-14,0.0,3,4,124,50,31.823247466086826,15.595995485397731,54.9000000000004
364.1000000000143,354.4252870651731,0.10000000000002274,0.1,2.273181642920008e-14,0.0,3,4,125,50,31.72324746608683,15.495995485397732,55.00000000000039
364.2000000000143,354.52528706517313,0.10000000000002274,0.1,2.273181642920008e-14,0.0,3,4,125,50,31.623247466086827,15.395995485397732,55.10000000000039
364.30000000001434,354.62528706517315,0.10000000000002274,0.1,2.273181642920008e-14,0.0,3,4,125,50,31.52324746608683,15.295995485397732,55.20000000000039
364.40000000001436,354.7252870651732,0.10000000000002274,0.1,2.273181642920008e-14,0.0,3,4,125,50,31.42324746608683,15.195995485397733,55.30000000000039
364.5000000000144,354.8252870651732,0.10000000000002274,0.1,2.273181642920008e-14,0.0,3,4,125,50,31.323247466086837,15.095995485397733,55.40000000000038
364.6000000000144,354.9252870651732,0.10000000000002274,0.1,2.273181642920008e-14,0.0,3,4,124,50,31.223247466086836,14.995995485397733,55.50000000000039
364.7000000000144,355.02528706517325,0.10000000000002274,0.1,2.273181642920008e-14,0.0,3,4,123,50,31.123247466086838,14.895995485397734,55.600000000000385
364.80000000001445,355.12528706517327,0.10000000000002274,0.1,2.273181642920008e-14,0.0,3,4,123,50,31.023247466086843,14.795995485397734,55.70000000000039
364.9000000000145,355.2252870651733,0.10000000000002274,0.1,2.273181642920008e-14,0.0,3,4,123,51,30.923247466086845,14.695995485397734,55.80000000000038
365.0000000000145,355.3252870651733,0.10000000000002274,0.1,2.273181642920008e-14,0.0,3,4,123,51,30.823247466086844,14.595995485397735,55.90000000000038
365.1000000000145,355.42528706517334,0.10000000000002274,0.1,2.273181642920008e-14,0.0,3,4,124,51,30.723247466086846,14.495995485397735,56.00000000000038
365.20000000001454,355.52528706517336,0.10000000000002274,0.1,2.273181642920008e-14,0.0,3,4,124,52,30.62324746608685,14.395995485397735,56.100000000000385
365.30000000001456,355.6252870651734,0.10000000000002274,0.1,2.273181642920008e-14,0.0,3,4,125,52,30.523247466086854,14.295995485397736,56.20000000000038
365.4000000000146,355.7252870651734,0.10000000000002274,0.1,2.273181642920008e-14,0.0,3,4,124,51,30.423247466086853,14.195995485397736,56.30000000000038
365.5000000000146,355.8252870651734,0.10000000000002274,0.1,2.273181642920008e-14,0.0,3,4,125,51,30.323247466086855,14.095995485397737,56.400000000000375
365.60000000001463,355.92528706517345,0.10000000000002274,0.1,2.273181642920008e-14,0.0,3,4,125,51,30.22324746608686,13.995995485397737,56.50000000000038
365.70000000001465,356.0252870651735,0.10000000000002274,0.1,2.273181642920008e-14,0.0,3,4,125,51,30.123247466086863,13.895995485397737,56.60000000000037
365.8000000000147,356.1252870651735,0.10000000000002274,0.1,2.273181642920008e-14,0.0,3,4,125,50,30.02324746608686,13.795995485397738,56.70000000000038
365.9000000000147,356.2252870651735,0.10000000000002274,0.1,2.273181642920008e-14,0.0,3,4,125,51,29.923247466086863,13.695995485397738,56.800000000000374
366.0000000000147,356.32528706517354,0.10000000000002274,0.1,2.273181642920008e-14,0.0,3,4,125,51,29.823247466086865,13.595995485397738,56.900000000000375
366.10000000001475,356.42528706517356,0.10000000000002274,0.1,2.273181642920008e-14,0.0,3,4,125,51,29.72324746608687,13.495995485397739,57.00000000000037
366.20000000001477,356.5252870651736,0.10000000000002274,0.1,2.273181642920008e-14,0.0,3,4,125,52,29.62324746608687,13.395995485397739,57.10000000000037
366.3000000000148,356.6252870651736,0.10000000000002274,0.1,2.273181642920008e-14,0.0,3,4,125,52,29.523247466086872,13.29599548539774,57.200000000000365
366.4000000000148,356.72528706517363,0.10000000000002274,0.1,2.273181642920008e-14,0.0,3,4,125,53,29.423247466086877,13.19599548539774,57.300000000000374
366.50000000001484,356.82528706517365,0.10000000000002274,0.1,2.273181642920008e-14,0.0,3,4,125,52,29.32324746608688,13.09599548539774,57.40000000000037
366.60000000001486,356.9252870651737,0.10000000000002274,0.1,2.273181642920008e-14,0.0,3,4,125,52,29.223247466086878,12.99599548539774,57.50000000000037
366.7000000000149,357.0252870651737,0.10000000000002274,0.1,2.273181642920008e-14,0.0,3,4,125,52,29.12324746608688,12.89599548539774,57.600000000000364
366.8000000000149,357.1252870651737,0.10000000000002274,0.1,2.273181642920008e-14,0.0,3,4,125,52,29.023247466086882,12.795995485397741,57.700000000000365
366.9000000000149,357.22528706517375,0.10000000000002274,0.1,2.273181642920008e-14,0.0,3,4,125,53,28.923247466086888,12.695995485397741,57.80000000000036
367.00000000001495,357.32528706517377,0.10000000000002274,0.1,2.273181642920008e-14,0.0,3,4,125,52,28.823247466086887,12.595995485397742,57.90000000000037
367.100000000015,357.4252870651738,0.10000000000002274,0.1,2.273181642920008e-14,0.0,3,4,125,52,28.72324746608689,12.495995485397742,58.00000000000036
367.200000000015,357.5252870651738,0.10000000000002274,0.1,2.273181642920008e-14,0.0,3,4,125,52,28.623247466086895,12.395995485397743,58.100000000000364
367.300000000015,357.62528706517384,0.10000000000002274,0.1,2.273181642920008e-14,0.0,3,4,125,52,28.523247466086897,12.295995485397743,58.20000000000036
367.40000000001504,357.72528706517386,0.10000000000002274,0.1,2.273181642920008e-14,0.0,3,4,126,52,28.423247466086895,12.195995485397743,58.30000000000036
367.50000000001506,357.8252870651739,0.10000000000002274,0.1,2.273181642920008e-14,0.0,3,4,125,52,28.323247466086894,12.095995485397744,58.400000000000354
367.6000000000151,357.9252870651739,0.10000000000002274,0.1,2.273181642920008e-14,0.0,3,4,125,52,28.223247466086892,11.995995485397744,58.50000000000036
367.7000000000151,358.0252870651739,0.10000000000002274,0.1,2.273181642920008e-14,0.0,3,4,125,52,28.123247466086895,11.895995485397744,58.60000000000036
367.80000000001513,358.12528706517395,0.10000000000002274,0.1,2.273181642920008e-14,0.0,3,4,125,52,28.02324746608689,11.795995485397745,58.70000000000036
367.90000000001515,358.225287065174,0.10000000000002274,0.1,2.273181642920008e-14,0.0,3,4,125,53,27.92324746608689,11.695995485397745,58.80000000000035
368.0000000000152,358.325287065174,0.10000000000002274,0.1,2.273181642920008e-14,0.0,3,4,125,53,27.823247466086894,11.595995485397745,58.900000000000354
368.1000000000152,358.425287065174,0.10000000000002274,0.1,2.273181642920008e-14,0.0,3,4,125,53,27.723247466086892,11.495995485397746,59.00000000000035
368.2000000000152,358.52528706517404,0.10000000000002274,0.1,2.273181642920008e-14,0.0,3,4,125,53,27.623247466086895,11.395995485397746,59.10000000000036
368.30000000001525,358.62528706517406,0.10000000000002274,0.1,2.273181642920008e-14,0.0,3,4,125,53,27.52324746608689,11.295995485397746,59.20000000000035
368.40000000001527,358.7252870651741,0.10000000000002274,0.1,2.273181642920008e-14,0.0,3,4,123,53,27.42324746608689,11.195995485397747,59.30000000000035
368.5000000000153,358.8252870651741,0.10000000000002274,0.1,2.273181642920008e-14,0.0,3,4,122,53,27.323247466086894,11.095995485397747,59.40000000000035
368.6000000000153,358.92528706517413,0.10000000000002274,0.1,2.273181642920008e-14,0.0,3,4,124,53,27.22324746608689,10.995995485397748,59.50000000000035
368.70000000001534,359.02528706517415,0.10000000000002274,0.1,2.273181642920008e-14,0.0,3,4,124,53,27.12324746608689,10.895995485397748,59.60000000000034
368.80000000001536,359.1252870651742,0.10000000000002274,0.1,2.273181642920008e-14,0.0,3,4,124,53,27.02324746608689,10.795995485397748,59.70000000000035
368.9000000000154,359.2252870651742,0.10000000000002274,0.1,2.273181642920008e-14,0.0,3,4,124,53,26.92324746608689,10.695995485397749,59.800000000000345
369.0000000000154,359.3252870651742,0.10000000000002274,0.1,2.273181642920008e-14,0.0,3,4,123,54,26.823247466086894,10.595995485397749,59.90000000000035
369.1000000000154,359.42528706517425,0.10000000000002274,0.1,2.273181642920008e-14,0.0,3,4,122,54,26.72324746608689,10.49599548539775,60.00000000000034
369.20000000001545,359.52528706517427,0.10000000000002274,0.1,2.273181642920008e-14,0.0,3,4,122,54,26.62324746608689,10.39599548539775,60.10000000000034
369.3000000000155,359.6252870651743,0.10000000000002274,0.1,2.273181642920008e-14,0.0,3,4,122,54,26.52324746608689,10.29599548539775,60.20000000000034
369.4000000000155,359.7252870651743,0.10000000000002274,0.1,2.273181642920008e-14,0.0,3,4,123,54,26.175247466086887,10.19599548539775,60.300000000000345
369.5000000000155,359.82528706517434,0.10000000000002274,0.1,2.273181642920008e-14,0.0,3,4,123,54,25.826914132753558,10.09599548539775,60.40000000000034
369.60000000001554,359.92528706517436,0.10000000000002274,0.1,2.273181642920008e-14,0.0,3,4,124,54,25.478247466086888,9.995995485397751,60.50000000000034
369.70000000001556,360.0252870651744,0.10000000000002274,0.1,2.273181642920008e-14,0.0,3,4,123,54,25.12924746608689,9.895995485397751,60.600000000000335
369.8000000000156,360.1252870651744,0.10000000000002274,0.1,2.273181642920008e-14,0.0,3,4,123,55,24.779914132753557,9.795995485397752,60.70000000000034
369.9000000000156,360.2252870651744,0.10000000000002274,0.1,2.273181642920008e-14,0.0,3,4,123,55,24.430247466086886,9.695995485397752,60.80000000000033
370.00000000001563,360.32528706517445,0.10000000000002274,0.1,2.273181642920008e-14,0.0,3,4,123,55,24.080247466086888,9.595995485397752,60.90000000000034
370.10000000001565,360.4252870651745,0.10000000000002274,0.1,2.273181642920008e-14,0.0,3,4,123,55,23.729914132753553,9.495995485397753,61.000000000000334
370.2000000000157,360.5252870651745,0.10000000000002274,0.1,2.273181642920008e-14,0.0,3,4,122,55,23.379247466086884,9.395995485397753,61.100000000000335
370.3000000000157,360.6252870651745,0.10000000000002274,0.1,2.273181642920008e-14,0.0,3,4,121,55,23.028247466086885,9.295995485397754,61.20000000000033
370.4000000000157,360.72528706517454,0.10000000000002274,0.1,2.273181642920008e-14,0.0,3,4,122,55,22.676914132753552,9.195995485397754,61.30000000000033
370.50000000001575,360.82528706517456,0.10000000000002274,0.1,2.273181642920008e-14,0.0,3,4,122,54,22.32524746608689,9.095995485397754,61.400000000000325
370.60000000001577,360.9252870651746,0.10000000000002274,0.1,2.273181642920008e-14,0.0,3,4,122,54,21.97324746608689,8.995995485397755,61.500000000000334
370.7000000000158,361.0252870651746,0.10000000000002274,0.1,2.273181642920008e-14,0.0,3,4,122,54,21.620914132753555,8.895995485397755,61.60000000000033
370.8000000000158,361.12528706517463,0.10000000000002274,0.1,2.273181642920008e-14,0.0,3,4,123,54,21.268247466086887,8.795995485397755,61.70000000000033
370.90000000001584,361.22528706517465,0.10000000000002274,0.1,2.273181642920008e-14,0.0,3,4,123,54,20.915247466086885,8.695995485397756,61.800000000000324
371.00000000001586,361.3252870651747,0.10000000000002274,0.1,2.273181642920008e-14,0.0,3,4,123,54,20.561914132753554,8.595995485397756,61.900000000000325
371.1000000000159,361.4252870651747,0.10000000000002274,0.1,2.273181642920008e-14,0.0,3,4,123,54,20.208247466086885,8.495995485397756,62.00000000000032
371.2000000000159,361.5252870651747,0.10000000000002274,0.1,2.273181642920008e-14,0.0,3,4,123,54,19.854247466086886,8.395995485397757,62.10000000000033
371.3000000000159,361.62528706517475,0.10000000000002274,0.1,2.273181642920008e-14,0.0,3,4,123,54,19.49991413275355,8.295995485397757,62.20000000000032
371.40000000001595,361.72528706517477,0.10000000000002274,0.1,2.273181642920008e-14,0.0,3,4,123,54,19.145247466086886,8.195995485397757,62.300000000000324
371.500000000016,361.8252870651748,0.10000000000002274,0.1,2.273181642920008e-14,0.0,3,4,122,54,18.790247466086885,8.095995485397758,62.40000000000032
371.600000000016,361.9252870651748,0.10000000000002274,0.1,2.273181642920008e-14,0.0,3,4,122,54,18.43491413275355,7.995995485397758,62.50000000000032
371.700000000016,362.02528706517484,0.10000000000002274,0.1,2.273181642920008e-14,0.0,3,4,122,54,18.079247466086887,7.8959954853977585,62.600000000000314
371.80000000001604,362.12528706517486,0.10000000000002274,0.1,2.273181642920008e-14,0.0,3,4,122,54,17.723247466086885,7.795995485397759,62.70000000000032
371.90000000001606,362.2252870651749,0.10000000000002274,0.1,2.273181642920008e-14,0.0,3,4,123,54,17.366914132753553,7.695995485397759,62.80000000000032
372.0000000000161,362.3252870651749,0.10000000000002274,0.1,2.273181642920008e-14,0.0,3,4,122,54,17.010247466086888,7.59599548539776,62.90000000000032
372.1000000000161,362.4252870651749,0.10000000000002274,0.1,2.273181642920008e-14,0.0,3,4,121,54,16.653247466086885,7.49599548539776,63.00000000000031
372.20000000001613,362.52528706517495,0.10000000000002274,0.1,2.273181642920008e-14,0.0,3,4,121,53,16.295914132753555,7.39599548539776,63.100000000000314
372.30000000001615,362.625287065175,0.10000000000002274,0.1,2.273181642920008e-14,0.0,3,4,123,53,15.938247466086887,7.295995485397761,63.20000000000031
372.4000000000162,362.725287065175,0.10000000000002274,0.1,2.273181642920008e-14,0.0,3,4,123,52,15.580247466086888,7.195995485397761,63.30000000000032
372.5000000000162,362.825287065175,0.10000000000002274,0.1,2.273181642920008e-14,0.0,3,4,123,52,15.221914132753554,7.095995485397761,63.40000000000031
372.6000000000162,362.92528706517504,0.10000000000002274,0.1,2.273181642920008e-14,0.0,3,4,123,52,14.86324746608689,6.995995485397762,63.50000000000031
372.70000000001625,363.02528706517506,0.10000000000002274,0.1,2.273181642920008e-14,0.0,3,4,123,52,14.504247466086888,6.895995485397762,63.60000000000031
372.80000000001627,363.1252870651751,0.10000000000002274,0.1,2.273181642920008e-14,0.0,3,4,124,52,14.144914132753556,6.795995485397762,63.70000000000031
372.9000000000163,363.2252870651751,0.10000000000002274,0.1,2.273181642920008e-14,0.0,3,4,126,52,13.785247466086888,6.695995485397763,63.8000000000003
373.0000000000163,363.32528706517513,0.10000000000002274,0.1,2.273181642920008e-14,0.0,3,4,125,52,13.425247466086889,6.595995485397763,63.90000000000031
373.10000000001634,363.42528706517516,0.10000000000002274,0.1,2.273181642920008e-14,0.0,3,4,124,52,13.064914132753556,6.4959954853977635,64.0000000000003
373.20000000001636,363.5252870651752,0.10000000000002274,0.1,2.273181642920008e-14,0.0,3,4,124,52,12.704247466086889,6.395995485397764,64.1000000000003
373.3000000000164,363.6252870651752,0.10000000000002274,0.1,2.273181642920008e-14,0.0,3,4,124,52,12.343247466086888,6.295995485397764,64.2000000000003
373.4000000000164,363.7252870651752,0.10000000000002274,0.1,2.273181642920008e-14,0.0,3,4,123,52,11.981914132753554,6.195995485397765,64.30000000000031
373.5000000000164,363.82528706517525,0.10000000000002274,0.1,2.273181642920008e-14,0.0,3,4,122,51,11.620247466086889,6.095995485397765,64.4000000000003
373.60000000001645,363.92528706517527,0.10000000000002274,0.1,2.273181642920008e-14,0.0,3,4,122,51,11.25824746608689,5.995995485397765,64.5000000000003
373.7000000000165,364.0252870651753,0.10000000000002274,0.1,2.273181642920008e-14,0.0,3,4,122,51,10.895914132753555,5.895995485397766,64.60000000000029
373.8000000000165,364.1252870651753,0.10000000000002274,0.1,2.273181642920008e-14,0.0,3,4,122,51,10.53324746608689,5.795995485397766,64.7000000000003
373.9000000000165,364.22528706517534,0.10000000000002274,0.1,2.273181642920008e-14,0.0,3,4,122,51,10.17024746608689,5.695995485397766,64.8000000000003
374.00000000001654,364.32528706517536,0.10000000000002274,0.1,2.273181642920008e-14,0.0,3,4,123,51,9.806914132753557,5.595995485397767,64.9000000000003
374.10000000001656,364.4252870651754,0.10000000000002274,0.1,2.273181642920008e-14,0.0,3,4,123,51,9.443247466086891,5.495995485397767,65.0000000000003
374.2000000000166,364.5252870651754,0.10000000000002274,0.1,2.273181642920008e-14,0.0,3,4,123,51,9.079247466086892,5.395995485397767,65.10000000000029
374.3000000000166,364.6252870651754,0.10000000000002274,0.1,2.273181642920008e-14,0.0,3,4,122,51,8.714914132753558,5.295995485397768,65.20000000000029
374.40000000001663,364.72528706517545,0.10000000000002274,0.1,2.273181642920008e-14,0.0,3,4,122,51,8.350247466086893,5.195995485397768,65.3000000000003
374.50000000001666,364.8252870651755,0.10000000000002274,0.1,2.273181642920008e-14,0.0,3,4,122,51,7.985247466086892,5.0959954853977685,65.40000000000029
374.6000000000167,364.9252870651755,0.10000000000002274,0.1,2.273181642920008e-14,0.0,3,4,121,51,7.61991413275356,4.995995485397769,65.5000000000003
374.7000000000167,365.0252870651755,0.10000000000002274,0.1,2.273181642920008e-14,0.0,3,4,121,50,7.254247466086894,4.895995485397769,65.60000000000029
374.8000000000167,365.12528706517554,0.10000000000002274,0.1,2.273181642920008e-14,0.0,3,4,121,50,6.888247466086895,4.7959954853977695,65.70000000000029
374.90000000001675,365.22528706517556,0.10000000000002274,0.1,2.273181642920008e-14,0.0,3,4,122,50,6.521914132753563,4.69599548539777,65.80000000000028
375.00000000001677,365.3252870651756,0.10000000000002274,0.1,2.273181642920008e-14,0.0,3,4,123,50,6.155247466086897,4.59599548539777,65.90000000000029
375.1000000000168,365.4252870651756,0.10000000000002274,0.1,2.273181642920008e-14,0.0,3,4,122,50,5.788247466086898,4.495995485397771,66.00000000000028
375.2000000000168,365.52528706517563,0.10000000000002274,0.1,2.273181642920008e-14,0.0,3,4,121,50,5.420914132753566,4.395995485397771,66.10000000000029
375.30000000001684,365.62528706517566,0.10000000000002274,0.1,2.273181642920008e-14,0.0,3,4,121,51,5.0532474660869005,4.295995485397771,66.20000000000029
375.40000000001686,365.7252870651757,0.10000000000002274,0.1,2.273181642920008e-14,0.0,3,4,121,52,4.685247466086902,4.195995485397772,66.30000000000028
375.5000000000169,365.8252870651757,0.10000000000002274,0.1,2.273181642920008e-14,0.0,3,4,121,52,4.31691413275357,4.095995485397772,66.40000000000028
375.6000000000169,365.9252870651757,0.10000000000002274,0.1,2.273181642920008e-14,0.0,3,4,121,52,3.9482474660869045,3.995995485397772,66.50000000000028
375.7000000000169,366.02528706517575,0.10000000000002274,0.1,2.273181642920008e-14,0.0,3,4,120,51,3.579247466086906,3.895995485397772,66.60000000000028
375.80000000001695,366.12528706517577,0.10000000000002274,0.1,2.273181642920008e-14,0.0,3,4,120,51,3.2099141327535734,3.7959954853977718,66.70000000000029
375.900000000017,366.2252870651758,0.10000000000002274,0.1,2.273181642920008e-14,0.0,3,4,119,51,2.840247466086908,3.6959954853977717,66.80000000000028
376.000000000017,366.3252870651758,0.10000000000002274,0.1,2.273181642920008e-14,0.0,3,4,119,51,2.470247466086909,3.2885889603592204,66.90000000000028
376.100000000017,366.42528706517584,0.10000000000002274,0.1,2.273181642920008e-14,0.0,3,4,119,51,2.0999141327535766,2.3775889603592235,67.00000000000027
376.20000000001704,366.52528706517586,0.10000000000002274,0.1,2.273181642920008e-14,0.0,3,4,119,51,1.729247466086911,1.4655889603592267,67.10000000000028
376.30000000001706,366.6252870651759,0.10000000000002274,0.1,2.273181642920008e-14,0.0,3,4,119,51,1.358247466086912,0.55258896035923,67.20000000000027
376.4000000000171,366.7252870651759,0.10000000000002274,0.1,2.273181642920008e-14,0.0,3,4,120,52,0.9869141327535799,0.12615795250373513,67.30000000000028
376.5000000000171,366.8252870651759,0.10000000000002274,0.1,2.273181642920008e-14,0.0,2,4,120,52,1.611076718950753,3.095995485397771,60.30000000000059
376.60000000001713,366.92528706517595,0.10000000000002274,0.1,2.273181642920008e-14,0.0,2,4,120,52,1.511076718950753,2.995995485397771,60.40000000000059
376.70000000001716,367.025287065176,0.10000000000002274,0.1,2.273181642920008e-14,0.0,1,4,122,52,2.995995485397771,2.995995485397771,60.100000000000584
376.8000000000172,367.125287065176,0.10000000000002274,0.1,2.273181642920008e-14,0.0,1,4,122,52,2.895995485397771,2.895995485397771,60.200000000000585
376.9000000000172,367.225287065176,0.10000000000002274,0.1,2.273181642920008e-14,0.0,1,4,122,52,2.795995485397771,2.795995485397771,60.30000000000059
377.0000000000172,367.32528706517604,0.10000000000002274,0.1,2.273181642920008e-14,0.0,1,4,122,52,2.695995485397771,2.695995485397771,60.40000000000059
377.10000000001725,367.42528706517606,0.10000000000002274,0.1,2.273181642920008e-14,0.0,1,4,122,52,2.5959954853977707,2.5959954853977707,60.50000000000059
377.20000000001727,367.5252870651761,0.10000000000002274,0.1,2.273181642920008e-14,0.0,1,4,122,52,2.4959954853977706,2.4959954853977706,60.60000000000059
377.3000000000173,367.6252870651761,0.10000000000002274,0.1,2.273181642920008e-14,0.0,1,4,122,52,2.3959954853977705,2.3959954853977705,60.70000000000059
377.4000000000173,367.72528706517613,0.10000000000002274,0.1,2.273181642920008e-14,0.0,1,4,122,52,2.2959954853977704,2.2959954853977704,60.800000000000594
377.50000000001734,367.82528706517616,0.10000000000002274,0.1,2.273181642920008e-14,0.0,1,4,122,52,2.1959954853977703,2.1959954853977703,60.900000000000595
377.60000000001736,367.9252870651762,0.10000000000002274,0.1,2.273181642920008e-14,0.0,1,4,121,52,2.0959954853977703,2.0959954853977703,61.0000000000006
377.7000000000174,368.0252870651762,0.10000000000002274,0.1,2.273181642920008e-14,0.0,1,4,121,52,1.9959954853977702,1.9959954853977702,61.1000000000006
377.8000000000174,368.1252870651762,0.10000000000002274,0.1,2.273181642920008e-14,0.0,1,4,121,52,1.89599548539777,1.89599548539777,61.2000000000006
377.9000000000174,368.22528706517625,0.10000000000002274,0.1,2.273181642920008e-14,0.0,1,4,121,52,1.79599548539777,1.79599548539777,61.3000000000006
378.00000000001745,368.32528706517627,0.10000000000002274,0.1,2.273181642920008e-14,0.0,1,4,121,52,1.69599548539777,1.69599548539777,61.4000000000006
378.1000000000175,368.4252870651763,0.10000000000002274,0.1,2.273181642920008e-14,0.0,1,4,121,52,1.5959954853977698,1.5959954853977698,61.500000000000604
378.2000000000175,368.5252870651763,0.10000000000002274,0.1,2.273181642920008e-14,0.0,1,4,122,52,1.4959954853977697,1.4959954853977697,61.600000000000605
378.3000000000175,368.62528706517634,0.10000000000002274,0.1,2.273181642920008e-14,0.0,1,4,122,51,1.3959954853977696,1.3959954853977696,61.70000000000061
378.40000000001754,368.72528706517636,0.10000000000002274,0.1,2.273181642920008e-14,0.0,1,4,122,50,1.2959954853977695,1.2959954853977695,61.80000000000061
378.50000000001756,368.8252870651764,0.10000000000002274,0.1,2.273181642920008e-14,0.0,1,4,122,50,1.1959954853977695,1.1959954853977695,61.90000000000061
378.6000000000176,368.9252870651764,0.10000000000002274,0.1,2.273181642920008e-14,0.0,1,4,123,50,1.0959954853977694,1.0959954853977694,62.00000000000061
378.7000000000176,369.0252870651764,0.10000000000002274,0.1,2.273181642920008e-14,0.0,1,4,124,50,0.9959954853977694,0.9959954853977694,62.10000000000061
378.80000000001763,369.12528706517645,0.10000000000002274,0.1,2.273181642920008e-14,0.0,1,4,124,50,0.8959954853977694,0.8959954853977694,62.200000000000614
378.90000000001766,369.2252870651765,0.10000000000002274,0.1,2.273181642920008e-14,0.0,1,4,124,50,0.7959954853977694,0.7959954853977694,62.300000000000615
379.0000000000177,369.3252870651765,0.10000000000002274,0.1,2.273181642920008e-14,0.0,1,4,124,50,0.6959954853977695,0.6959954853977695,62.40000000000062
379.1000000000177,369.4252870651765,0.10000000000002274,0.1,2.273181642920008e-14,0.0,1,4,125,50,0.5959954853977695,0.5959954853977695,62.50000000000062
379.2000000000177,369.52528706517654,0.10000000000002274,0.1,2.273181642920008e-14,0.0,1,4,126,50,0.4959954853977695,0.4959954853977695,62.60000000000062
379.30000000001775,369.62528706517656,0.10000000000002274,0.1,2.273181642920008e-14,0.0,1,4,126,50,0.3959954853977695,0.3959954853977695,62.70000000000062
379.40000000001777,369.7252870651766,0.10000000000002274,0.1,2.273181642920008e-14,0.0,1,4,126,51,0.29599548539776954,0.29599548539776954,62.80000000000062
379.5000000000178,369.8252870651766,0.10000000000002274,0.1,2.273181642920008e-14,0.0,1,4,126,51,0.19599548539776954,0.19599548539776954,62.900000000000624
379.6000000000178,369.92528706517663,0.10000000000002274,0.1,2.273181642920008e-14,0.0,1,4,125,51,0.09599548539776953,0.09599548539776953,63.000000000000625
379.70000000001784,370.02528706517666,0.10000000000002274,0.1,2.273181642920008e-14,0.0,0,4,126,51,0.0,0.0,0.0
