update_id,excluded_class,start_frame,end_frame,donors,donor_count,boundary_donor_count,sufficient,reason,rms_spread,minor_spread,major_spread,eigen_ratio,source_condition,weighted_rms_spread,weighted_minor_spread,weighted_eigen_ratio,weighted_source_condition,effective_donors,a,b,c,d,tx,ty,determinant,singular_min,singular_max,map_condition,anisotropy_ratio,rotation_deg,isotropic_scale,shear_magnitude,fit_median,fit_rms,fit_p90,weights,donor_errors
condor:1,condor,0,1,helicopter|jammer|large_launcher|mine_roller|small_launcher|small_plane|small_tower|spacecraft|ta-ta|tank,10,1,1,,943.546774145299,579.2030287872954,744.8519090689259,0.6046746724558556,1.653781852543205,901.1672100797174,580.9512670062709,0.7111374234519676,1.4061979682433954,9.436806820855363,1.0065257919848865,0.00014821167201907259,0.0011492036186185974,1.0149639587479335,-12.677881880475752,46.979547514469004,1.0215872320894896,1.0064763360040596,1.0150136625620267,1.0084823917389476,1.0084823917389476,0.028371456822056156,1.0107359853539843,0.0006507967517297245,0.5834045681515994,3.96273713324869,3.2364893544089983,1|1|1|1|1|1|1|1|1|0.24699873737129976,0.49290815481928213|0.42637103775800744|0.22094341827963018|0.34465975849825847|1.4255637463387401|0.67390098148391664|0.35561371970879607|1.122445301778676|2.2465647187317397|12.145811075504362
condor:2,condor,1,2,helicopter|jammer|large_launcher|small_launcher|small_plane|small_tower|spacecraft|ta-ta|tank,9,0,1,,905.1506081624152,462.34633178222157,778.1603259896472,0.3530178479031452,2.8327179657906765,905.1506081624152,462.34633178222157,0.3530178479031452,2.8327179657906765,9.0,1.0067917252856606,-0.00016786591770130195,4.213471976751542e-05,1.0131889068757813,-12.77136480950935,51.13038535757107,1.0200702146667437,1.0067911130182055,1.013189530059249,1.006355257767286,1.006355257767286,0.0059565671012386445,1.0099852546778807,6.253306766541607e-05,0.43589478717154706,0.4864595544482031,0.7356154283641066,1|1|1|1|1|1|1|1|1,0.50598816817272507|0.40356279712877002|0.16411597441537645|0.11937978679128229|0.72397659413723814|0.12642384906939921|0.57253215535438351|0.43589478717154706|0.78217076527158047
condor:3,condor,2,3,helicopter|jammer|large_launcher|small_launcher|small_plane|small_tower|spacecraft|ta-ta|tank,9,0,1,,912.9148236876439,468.3335912847898,783.6307310097872,0.3571804658723243,2.79970517860698,912.9148236876439,468.3335912847898,0.3571804658723243,2.79970517860698,9.0,1.0068282376547364,-2.0804392705326316e-05,-0.0002219863792643178,1.0132043773178672,-13.061768213912728,51.602183254983856,1.020122772980721,1.006825932253069,1.0132066927377372,1.0063375011312923,1.0063375011312923,-0.005706283463117778,1.0100112736899134,0.00012171289620614619,0.31197599896655126,0.4380021137823578,0.6407771886473681,1|1|1|1|1|1|1|1|1,0.092356451947368745|0.26796656799027563|0.2775088849688212|0.31197599896655126|0.31007032551862995|0.69176110771862875|0.61659112948557682|0.62803120887955299|0.3502167999245136
condor:4,condor,3,4,helicopter|jammer|jet_plane|large_launcher|small_launcher|small_plane|small_tower|spacecraft|ta-ta|tank,10,1,1,,914.2817467826862,523.2222934527699,749.7663263537671,0.48699064372221257,2.053427540941456,920.367085636,483.15439299023393,0.3804171088957836,2.6286935487803023,9.257153551701059,1.0066990911715572,-1.6236492535735028e-05,-0.0003751584661899667,1.0147176565799354,-12.8180497901335,50.502975898585305,1.0215153365834957,1.0066943338413412,1.0147224457751742,1.0079747264526655,1.0079747264526655,-0.01017341627927554,1.010700418810389,0.0001964093629485179,0.6619632293460112,6.961929531962333,3.7069565050234,1|1|0.13721355668780269|1|1|1|1|1|1|1,0.10459247453371999|0.67925939613469555|21.863728864822544|1.2363518443116328|0.79535692828944293|0.41399544406299438|0.64466706255732664|0.55964340870473461|0.52323197708359859|1.6895373539346141
condor:5,condor,4,5,helicopter|jammer|jet_plane|large_launcher|small_launcher|small_plane|small_tower|spacecraft|ta-ta|tank,10,0,1,,924.4695032828287,533.6921713243288,754.8619269556011,0.49985797068600296,2.000568278680451,924.4695032828287,533.6921713243288,0.49985797068600296,2.000568278680451,10.0,1.0069085964647553,0.0001557242903696463,-0.00013807321393413446,1.0132642571965371,-13.437145199929091,51.64264036081579,1.0202645125630212,1.006908594891422,1.0132642801336296,1.0063120776547676,1.0063120776547676,-0.008332631972010467,1.0100814385795935,8.363380334790342e-06,0.3649092853646204,0.4361746042566171,0.6069899508473358,1|1|1|1|1|1|1|1|1|1,0.58460627637035845|0.17850509005476947|0.80844302114013289|0.25890524350621036|0.048439597399487888|0.51373000959511184|0.37633627854508789|0.41684375390099215|0.31881011109102925|0.35348229218415295
condor:6,condor,5,6,helicopter|jammer|jet_plane|large_launcher|small_launcher|small_plane|small_tower|spacecraft|ta-ta|tank,10,0,1,,932.880910138052,540.6613610540401,760.2315996873539,0.505776715476799,1.9771570525094129,932.880910138052,540.6613610540401,0.505776715476799,1.9771570525094129,10.0,1.0070466901065465,-0.0001501142585503613,0.00019407611711149179,1.0132765805061987,-13.345083938920197,51.00138372116771,1.0204168556948394,1.0070466272115879,1.0132766727199838,1.0061864518881776,1.0061864518881776,0.009761138710081486,1.0101568470761555,2.251160351180031e-05,0.4267095104392806,0.6201223337069859,0.9605237239337605,1|1|1|1|1|1|1|1|1|1,0.32798800316181154|0.53263146333957545|0.3274510236116871|0.27404457513705477|0.2855177740404774|0.95432870073592979|0.26139574967736745|1.0162789327142367|0.52543101771674972|0.94996213076620362
condor:7,condor,6,7,helicopter|jammer|jet_plane|large_launcher|large_tower|small_launcher|small_plane|small_tower|spacecraft|ta-ta|tank,11,1,1,,1027.7347251549186,585.7070997851156,844.503320627317,0.48101459475919905,2.078938998723335,961.1115420053923,563.4267643535889,0.5235975887779896,1.9098636461139429,10.333126915400218,1.0067744516345114,-1.576386381056593e-05,-0.0009489455507989686,1.0148077859028668,-12.839125473980403,51.53325831236839,1.021682537207743,1.006745700421301,1.01483675249886,1.0080368379762368,1.0080368379762368,-0.02644827768708336,1.010783130650558,0.0004842087876644621,0.6888659625414842,5.066804726195567,2.068801064552235,1|1|1|1|0.18202527630169485|1|1|1|1|1|1,0.4292599327357704|0.68886596254148424|1.9465264067499208|2.0688010645522348|16.481227557801382|0.37759823039572887|0.29590855169575936|0.69106896169762966|0.53683131492768965|0.75938442685160323|0.68298988386181858
condor:8,condor,7,8,helicopter|jammer|jet_plane|large_launcher|large_tower|small_launcher|small_plane|small_tower|spacecraft|ta-ta|tank,11,0,1,,1038.5610993219384,595.3459631046961,850.9831615488847,0.4894371071646919,2.043163432770756,1038.5610993219384,595.3459631046961,0.4894371071646919,2.043163432770756,11.0,1.0069082757570043,0.00012799279306271435,0.0003258632029066715,1.0132066067901109,-13.333734061871382,51.09104424401585,1.020206075720494,1.0069001150043613,1.013214777233465,1.0062713889242891,1.0062713889242891,0.005612126041084413,1.0100525113678467,0.000227236457901852,0.7432926082739704,0.7936176616416627,1.2107206907414068,1|1|1|1|1|1|1|1|1|1|1,0.73723164249670503|0.92694230332606997|0.18959875188970701|0.74329260827397037|1.2573759174166905|0.37343404126009266|1.2107206907414068|0.79953401155276627|0.92321510919548067|0.28796909512285884|0.41970949459796952
condor:9,condor,8,9,helicopter|jammer|jet_plane|large_launcher|large_tower|small_launcher|small_tower|spacecraft|ta-ta|tank,10,0,1,,1033.0337022575789,514.8779832138579,895.5776305835415,0.33052336667601573,3.025504702002554,1033.0337022575789,514.8779832138579,0.33052336667601573,3.025504702002554,10.0,1.0071320819033585,2.5568745864022644e-05,0.0004860014927947372,1.0130218653240848,-13.717171028077246,50.97653373255275,1.0202468078110205,1.0071210206183172,1.0130329790799566,1.0058701569529447,1.0058701569529447,0.013058832832094356,1.010072674519522,0.0002564563113071217,0.4944733326564331,0.6042723364678612,0.8754322500888302,1|1|1|1|1|1|1|1|1|1,0.23103554049878716|0.55266985792914514|0.43627680738372104|0.79459007148012428|1.1144861633835927|0.84887070416719002|0.59214199926620537|0.36283211617219968|0.098861034459506197|0.12729753449462491
condor:10,condor,9,10,helicopter|jammer|jet_plane|large_launcher|large_tower|small_launcher|small_tower|spacecraft|ta-ta|tank,10,0,1,,1041.9394716105155,521.5596815911057,902.0051890308528,0.33434124178365743,2.9909561700051084,1041.9394716105155,521.5596815911057,0.33434124178365743,2.9909561700051084,10.0,1.00694592883615,0.00010053034716686183,0.00016856240022512868,1.0128670392851473,-13.55771966714292,51.86334438222116,1.0199023247148673,1.006942873666475,1.0128700956005623,1.0058863537238267,1.0058863537238267,0.00192985666093645,1.0099021362067055,0.00013464609208529218,0.7211731777823475,0.7627016948161824,1.1765589558389944,1|1|1|1|1|1|1|1|1|1,0.35557525529952166|1.3092070762650405|0.2459148224884799|0.76168189186461255|1.161820275791656|0.17763377751057963|0.53012671049546101|0.78323311744385549|0.77257734109799092|0.68066446370008238
condor:11,condor,10,11,helicopter|jammer|jet_plane|large_launcher|large_tower|small_launcher|small_tower|spacecraft|ta-ta|tank,10,0,1,,1050.7678585206154,528.2286995031941,908.3432905686948,0.3381769177726626,2.9570320960587977,1050.7678585206154,528.2286995031941,0.3381769177726626,2.9570320960587977,10.0,1.0071064166087373,0.00021181207253758962,0.0003135416089267944,1.0131346272072772,-13.772951433733851,51.35708186634338,1.020334317537052,1.0070949935031748,1.0131460528741427,1.0060084296019776,1.0060084296019776,0.0028851374442859998,1.0101159921202376,0.00026282861611687296,0.3865031894410873,0.6794154862307719,1.0382508947367008,1|1|1|1|1|1|1|1|1|1,0.099648961008528575|1.0024214443039161|0.42492658611051892|0.85361602754215149|1.3607159486317646|0.60782401590566537|0.34085531137746305|0.34447267781798524|0.34807979277165563|0.33919197727147943
condor:12,condor,11,12,helicopter|jammer|jet_plane|large_launcher|large_tower|small_launcher|small_tower|spacecraft|ta-ta|tank,10,1,1,,1059.8645833312858,535.1413541644641,914.8424269036847,0.342171971368036,2.9225070539878093,1056.5821717371102,522.7443045896083,0.32411365381984003,3.0853374679360295,9.948896507905339,1.0069607261655342,-0.00012437628625272266,0.0006508341194759044,1.0108357957361935,-13.06597991257604,52.46232047407716,1.0178720278569637,1.0069430015464993,1.0108536692679522,1.0038837031643764,1.0038837031643764,0.022012270224225028,1.0088964406008,0.00026397327205169554,0.8812259253708332,1.5936078908135995,2.147870041068425,1|0.76667392987256222|1|1|1|1|1|1|1|1,1.3247639111302223|3.9130064108871694|1.1500265870119897|0.61242526372967665|0.61123292439964427|0.24992670319691834|1.9517437777552316|1.4143063744961415|0.13844577157918941|0.6056517801607576
condor:13,condor,12,13,helicopter|jet_plane|large_launcher|large_tower|small_launcher|small_tower|spacecraft|ta-ta|tank,9,0,1,,1046.4136312445098,462.9151288708488,938.4514218204405,0.24332075521757296,4.109801480378517,1046.4136312445098,462.9151288708488,0.24332075521757296,4.109801480378517,9.0,1.0072151622864531,0.0003352557254964998,0.0005250907009738407,1.012572091009724,-14.229445078861772,51.23443653098775,1.0198777869334286,1.007180842814277,1.0126064194029678,1.0053868941485529,1.0053868941485529,0.005385093330519718,1.009889987539944,0.0004304249537963443,0.5946640883825142,0.6617093242056353,0.9767402777225129,1|1|1|1|1|1|1|1|1,0.58683162825966317|0.54607747487924085|0.70013868778506172|1.0195997837347968|0.96602540121944191|0.17874961380829416|0.66760650327842985|0.59466408838251417|0.062473006771259804
condor:14,condor,13,14,helicopter|jet_plane|large_launcher|large_tower|small_launcher|small_tower|spacecraft|ta-ta|tank,9,0,1,,1055.0562415527934,468.74030641549894,945.2122502279635,0.24592683240654858,4.0662500720818935,1055.0562415527934,468.74030641549894,0.24592683240654858,4.0662500720818935,9.0,1.0072169440383,0.00041209000987599487,0.0002985072008252366,1.0131159421661924,-14.186351483805083,51.695852379898724,1.0204274202132801,1.0071956229559005,1.013137266441396,1.0058991951017997,1.0058991951017997,-0.003221160048143009,1.0101620762101893,0.0003551327843984555,0.45453695138972416,0.5296381790619029,0.7912649998427984,1|1|1|1|1|1|1|1|1,0.29814617025422696|0.53288154549339295|0.78375944456035351|0.82128722097257778|0.37880960422529519|0.45453695138972416|0.43171410203057337|0.29157121700856015|0.49143927695399486
condor:15,condor,14,15,helicopter|jet_plane|large_launcher|large_tower|medium_launcher|small_launcher|small_tower|spacecraft|ta-ta|tank,10,1,1,,1165.553499415621,533.8458816741946,1036.1098081861312,0.26547291809630436,3.766862575553694,1095.475140379136,500.1258363052397,0.2633070197016485,3.7978478550746337,9.438350318776083,1.0071827777928246,0.0002642950638625732,-6.873813756791643e-05,1.0144021278152375,-14.235047078567277,50.67673376987818,1.0216883710590534,1.0071814674456216,1.014403465594163,1.0071705034117213,1.0071705034117213,-0.009438830223824812,1.0107860164540532,9.718380878099904e-05,0.7087857816526935,3.967843892808887,3.6715943218894185,1|1|1|1|0.24801050831375335|1|1|1|1|1,0.90919074535046762|0.94930103733603033|0.74390967547326059|2.7355201745496163|12.096261647947673|0.38657645669213103|0.23235248104188405|0.5909585547788343|0.58953527031926245|0.67366188783212644
condor:16,condor,15,16,helicopter|jet_plane|large_launcher|large_tower|medium_launcher|small_launcher|small_tower|spacecraft|ta-ta|tank,10,0,1,,1176.6256350258566,542.561339721237,1044.0666059403952,0.27004819521004486,3.7030427076996193,1176.6256350258566,542.561339721237,0.27004819521004486,3.7030427076996193,10.0,1.00730742416427,0.0006859597448038108,0.0003833869984586765,1.0132344371226387,-14.820349889728732,51.43361677634903,1.0206383079444916,1.0072595890745208,1.013282294867268,1.0059792985423757,1.0059792985423757,-0.0085799465795929,1.0102664539340558,0.0005342295855289257,0.6022037626747252,0.7422707916516018,1.158709853144923,1|1|1|1|1|1|1|1|1|1,0.57202197738135363|0.60524212327449112|1.2727968164569416|1.1460335238880319|0.64032893226853616|0.59916540207495927|0.5533610931166163|0.80135790973335186|0.14650890787330254|0.37928796137270243
condor:17,condor,16,17,helicopter|jet_plane|large_launcher|large_tower|medium_launcher|small_launcher|small_tower|spacecraft|ta-ta|tank,10,0,1,,1186.7567916384553,549.7042173825272,1051.7684896838578,0.27316045464563954,3.6608520120427435,1186.7567916384553,549.7042173825272,0.27316045464563954,3.6608520120427435,10.0,1.0070702067500341,0.0006628322467023857,0.0004338980390993135,1.0131184102546607,-14.35531427019123,51.31329452418299,1.0202810792758148,1.0070208973891623,1.0131677325873092,1.006103979782429,1.006103979782429,-0.0064929401716595034,1.0100896392280314,0.0005480224385408243,0.4110267020899359,0.5463270375830336,0.8194416903499456,1|1|1|1|1|1|1|1|1|1,0.26780880989869782|0.24189236512612947|0.84979138276528865|0.81606950230379638|0.42682061610321498|0.31338978587336458|0.32366670454216928|0.39523278807665685|0.5676479291140486|0.77640308997090701
condor:18,condor,17,18,helicopter|jet_plane|large_launcher|large_tower|medium_launcher|small_launcher|small_tower|spacecraft|ta-ta|tank,10,1,1,,1196.7397377876277,556.8755385500187,1059.2807156578592,0.2763720696561587,3.6183106391471633,1223.582286875587,517.5195488435659,0.21786429099901106,4.590013330842453,9.18521406306354,1.007372670157468,0.0007102310440079367,7.381474543584564e-05,1.012152794797008,-15.133152212170899,53.371618653391124,1.019615011076482,1.007340783474264,1.0121847817576537,1.0048086986676772,1.0048086986676772,-0.018055710288003495,1.0097598779296402,0.0003912696911219321,0.7260456700880535,9.830989411248028,4.945293620113901,0.096874566418635108|1|1|1|1|1|1|1|1|1,30.967880537764248|1.0742362856347307|0.24713789747995987|0.83106602772493954|0.62102531245116743|0.14459095448632059|2.0538950737083188|0.85384249734329731|0.33888712810350013|0.31498588348663392
condor:19,condor,18,19,jet_plane|large_launcher|large_tower|medium_launcher|small_launcher|small_tower|spacecraft|ta-ta|tank,9,1,1,,1236.7222035048837,518.5013669560418,1122.7814306919631,0.21325998220176878,4.689112273552961,1257.960211510629,451.6325308599947,0.147967452991457,6.758242976972346,8.373362730295275,1.0074129300824743,0.00037235869359456035,-0.00013143274958317926,1.0109550063297041,-14.725446708873733,55.056190138546754,1.0184491940482805,1.0074088694048011,1.010959129881398,1.003524150505737,1.003524150505737,-0.014301219479709618,1.0091824384363217,0.00012002091117906181,1.4252325498933627,4.979195429945092,4.39387874103698,1|1|1|1|1|0.20629304468612064|1|1|1,0.48170581770825072|1.8567435461550237|1.4407425120340349|1.4252325498933627|0.05748863000775694|14.542419520564794|1.8441224940372831|0.25761897049281429|0.62649381988863517
condor:20,condor,19,20,hangar|jet_plane|large_launcher|large_tower|medium_launcher|small_launcher|spacecraft|ta-ta|tank,9,3,1,,1412.3968551873832,603.2661593303147,1277.080583812181,0.223142001186677,4.481451249347791,1276.9621451082623,458.4010802632376,0.14792779763001135,6.760054675465012,8.038598995250856,1.0062568863154577,-0.001354929074101515,0.002160440394192919,1.0178536696657023,-10.825927753374344,41.89013700420128,1.0242251916060752,1.0062444417904075,1.0178691668434705,1.0115525856047256,1.0115525856047256,0.09950821651411411,1.0120401136348673,0.0004128253811818362,1.3997756430053252,6.157819728154169,8.32871080912878,0.1810809868970312|1|0.47824484725446104|1|1|1|1|1|0.73511887880038951,16.580395294500661|1.3525424773973989|6.265789687785805|1.6469375373239217|1.312790072275865|0.66625649063231174|1.3469351479994327|1.3997756430053252|4.0763181515536431
condor:21,condor,20,21,hangar|jet_plane|large_launcher|large_tower|medium_launcher|medium_plane|small_launcher|spacecraft|ta-ta|tank,10,4,1,,1457.3310794050883,660.3551032470967,1299.1324076534756,0.2583736637495396,3.870363509530805,1371.1702419062838,639.8354758234285,0.27836017907242316,3.59246787141857,9.167343011380666,1.0053234555938353,3.611287866457809e-05,0.0018081845980963526,1.0170591344252267,-11.473459921311587,43.50017619613391,1.022473338264893,1.0052518264875607,1.0171315399023007,1.0118176491717987,1.0118176491717987,0.05020425167536143,1.011174237342355,0.0009272899576597424,2.0977422627345326,6.301199218541739,5.9618547902457095,0.16261505091986458|1|0.78035853963765023|0.65581635472975452|1|1|1|1|1|1,18.448477862155652|1.5924160912159266|3.8443851409466094|4.5744522267001653|2.6030684342531387|0.10848522036711736|0.9546680106259483|1.0708026680348923|1.3995276374677386|2.7676090591599092
condor:22,condor,21,22,hangar|jet_plane|large_launcher|large_tower|medium_launcher|medium_plane|small_launcher|spacecraft|ta-ta|tank,10,4,1,,1470.1376313121164,673.1456727234474,1306.9734344253893,0.26526783704104845,3.769774772375652,1450.0163667101692,618.6024330938233,0.22249767740938145,4.494428938060617,8.898240392691411,1.005324473530928,2.884328787058838e-05,0.0008654223591053698,1.0127574423367978,-11.65882931240526,50.48915502376963,1.018149817570144,1.005297759434344,1.012784329831822,1.007447117361219,1.007447117361219,0.02375148743378508,1.009034101291995,0.00044867342263132866,2.16232390690781,6.592919330776865,7.623554545630066,0.46765375554497596|1|1|0.58998103002516078|1|1|1|0.16215757646053613|1|1,6.4150024765983922|2.0445469552937134|1.969105022866265|5.0849092552543915|2.2849027723466553|1.6990485759432787|1.3607989445039115|18.500523166915176|1.4738417094269807|2.2801008585219065
condor:23,condor,22,23,hangar|jet_plane|large_launcher|large_tower|medium_launcher|medium_plane|small_launcher|ta-ta|tank,9,2,1,,1509.7876373439224,609.1926872225495,1381.4278771297154,0.19447014195614407,5.142177559707417,1502.2444686669644,619.1199826699278,0.2046032037000012,4.887509002382226,8.83920927230919,1.0054891448186916,9.32728610696867e-05,0.00038416800323263063,1.0131563432475494,-12.187128205945783,52.1886446799565,1.0187176693071625,1.0054817298603551,1.0131637791654808,1.007640167968236,1.007640167968236,0.008256558127693794,1.0093154458875393,0.00023927286712797813,1.2914713501016202,2.18073569472387,2.935348395154496,1|1|1|0.59037097837994956|1|1|1|1|1,0.091696213973445989|2.1465530336299987|1.7256632671318419|5.0815506010006937|2.3987978436929458|0.24160963066242497|1.2914713501016202|0.83768153488740849|1.0963987767796657
condor:24,condor,23,24,hangar|jet_plane|large_launcher|large_tower|medium_plane|small_launcher|ta-ta|tank,8,1,1,,1437.9243721420123,541.0315176346469,1332.2580068912894,0.1649181494811604,6.063613999708601,1437.9243721420123,541.0315176346469,0.1649181494811604,6.063613999708601,8.0,1.006575935318905,-0.0014348231665658494,0.0002085701456491822,1.0133091447731513,-11.640119963024972,52.624381732506436,1.019972899428511,1.0065208936743113,1.013364854956059,1.0067996216718003,1.0067996216718003,0.04661625605410859,1.0099370769649518,0.0006103872141413374,1.0326313045926263,1.5190115940305344,2.263311964132737,1|1|1|1|1|1|1|1,1.0292306556779134|1.4582185912404586|2.9684931828633401|1.9610914418196219|0.64260729050488219|1.0360319535073392|0.94230186801683524|0.49130643300940213
hangar:1,hangar,0,1,condor|helicopter|jammer|large_launcher|mine_roller|small_launcher|small_plane|small_tower|spacecraft|ta-ta|tank,11,1,1,,946.3932031884646,556.7028362143444,765.3378647317975,0.529103296126165,1.8899901159594161,897.865749819177,566.4837577397377,0.6613041904313546,1.5121634105293078,10.431169205409264,1.0065969613529702,0.00022703672089912817,0.0010397833119522924,1.0148428356467143,-12.844114656747479,47.2455080115642,1.0215374785438207,1.0065486711706442,1.0148912892167887,1.0082883404301173,1.0082883404301173,0.023036524283755917,1.0107113725212657,0.0006350676464743074,0.5259214640909475,3.8253508992552048,2.1524610840028715,1|1|1|1|1|1|1|1|1|1|0.24355759242603722,0.75707133175528962|0.38940174231311031|0.44315712935646245|0.018053676593624723|0.41795664676960564|1.3838647985747892|0.52592146409094753|0.32797437990562772|1.1041569984031008|2.1524610840028715|12.317415236854266
hangar:2,hangar,1,2,condor|helicopter|jammer|large_launcher|small_launcher|small_plane|small_tower|spacecraft|ta-ta|tank,10,0,1,,923.1884504260222,467.42791098800296,796.1080724558643,0.34473488018419196,2.9007798673162974,923.1884504260222,467.42791098800296,0.34473488018419196,2.9007798673162974,10.0,1.006856587449156,3.651726532237786e-05,9.345444295888357e-05,1.013350617306214,-12.981089264852699,50.964448848293046,1.0202987410177295,1.006855937601026,1.0133512679566978,1.0064511020028821,1.0064511020028821,0.0016148145434862927,1.0100983818508618,6.507736743348812e-05,0.5186652761213597,0.546008232077731,0.778068048346017,1|1|1|1|1|1|1|1|1|1,0.76172234134280536|0.50485682057069003|0.60572859051159245|0.27850343379503378|0.14926698693263313|0.53247373167202938|0.20054289363802422|0.60643881962965418|0.36321608817196793|0.92517941137492188
hangar:3,hangar,2,3,condor|helicopter|jammer|large_launcher|small_launcher|small_plane|small_tower|spacecraft|ta-ta|tank,10,0,1,,931.3831220287385,473.3274013692366,802.1444328255639,0.3481914851496681,2.8719829250567566,931.3831220287385,473.3274013692366,0.3481914851496681,2.8719829250567566,10.0,1.0068503119858432,4.8304109867667844e-05,-0.00015034345715859434,1.0134286710934137,-13.136898745589178,51.35834479833511,1.020370980928009,1.0068499212002762,1.0134290716451704,1.0065343903856605,1.0065343903856605,-0.0056337106210546046,1.0101341400665602,5.134308789662228e-05,0.4184601454954665,0.4934078159570135,0.7036704650751486,1|1|1|1|1|1|1|1|1|1,0.69438812776107117|0.23685258297646974|0.24762794923467399|0.21138495732270801|0.33539146983109019|0.019839934019126669|0.78721150090184555|0.65316430636141731|0.61603387186420577|0.50152882115984287
hangar:4,hangar,3,4,condor|helicopter|jammer|jet_plane|large_launcher|small_launcher|small_plane|small_tower|spacecraft|ta-ta|tank,11,1,1,,936.9209660874362,532.0070254552561,771.22592121924,0.47585156170262677,2.1014956773955666,939.753841001376,488.5503315640959,0.3703611729856917,2.700067050599371,10.25701594030593,1.0067636173251464,0.0001764652073100266,-0.00037426805882900815,1.0147204719277072,-13.04177164433304,50.49975529800065,1.0215837189371089,1.0067624257090455,1.0147217385647114,1.0079058501314848,1.0079058501314848,-0.015609665776881691,1.0107342474345613,9.998530506004832e-05,0.6513634804914123,6.64102549391372,1.7251155927832182,1|1|1|0.13722359668414008|1|1|1|1|1|1|1,0.59040136497545537|0.20073323567797513|0.74863699952355078|21.862129200019222|1.2405268963203451|0.78855957740545157|0.42850039986978972|0.65136348049141235|0.52578248657957904|0.46076719088506357|1.7251155927832182
hangar:5,hangar,4,5,condor|helicopter|jammer|jet_plane|large_launcher|small_launcher|small_plane|small_tower|spacecraft|ta-ta|tank,11,0,1,,947.5498002569269,541.9331971849306,777.2766777382822,0.48611635976920714,2.0571206459185385,947.5498002569269,541.9331971849306,0.48611635976920714,2.0571206459185385,11.0,1.0069541766123167,0.00026739886948295375,-8.478136563775093e-05,1.0133948259868364,-13.581106588697594,51.474322158675136,1.0204421752551982,1.0069528977406563,1.0133961355539154,1.006398747972935,1.006398747972935,-0.009987601582696749,1.0101693794880136,9.074739470679763e-05,0.3792626157574427,0.46901833370921364,0.7077831361672267,1|1|1|1|1|1|1|1|1|1|1,0.59622427056837868|0.70778313616722666|0.26791511183546768|0.81947454843939527|0.30065918781957857|0.053747481575237274|0.37926261575744269|0.30926851916938503|0.45625761087982697|0.3593890627737355|0.38716842068821361
hangar:6,hangar,5,6,condor|helicopter|jammer|jet_plane|large_launcher|small_launcher|small_plane|small_tower|spacecraft|ta-ta|tank,11,0,1,,956.4390287428046,548.6888533305652,783.4003816269615,0.4905516237067128,2.0385214352034686,956.4390287428046,548.6888533305652,0.4905516237067128,2.0385214352034686,11.0,1.0071340578119519,6.252168524758552e-05,0.0002634585090891217,1.013445443707225,-13.632705691776664,50.772971116014446,1.0206754056200213,1.0071298564289652,1.0134496550813075,1.0062750583869597,1.0062750583869597,0.005697787148823632,1.0102848141093785,0.00016330391470725076,0.47580304687678976,0.6856124436474429,1.0470403792414602,1|1|1|1|1|1|1|1|1|1|1,0.95413897860831109|0.26505008906526456|0.76979144849703485|0.40516171305852161|0.47580304687678976|0.25819195861353855|0.71978171676870162|0.29825955633585222|1.0470403792414602|0.44956129010297258|1.1112362505940241
hangar:7,hangar,6,7,condor|helicopter|jammer|jet_plane|large_launcher|large_tower|small_launcher|small_plane|small_tower|spacecraft|ta-ta|tank,12,1,1,,1040.5768599141963,636.2416448941325,823.4055930653481,0.5970580513014045,1.6748790135570653,982.3338138464973,580.5023075001054,0.5365997611283227,1.863586368166235,11.332902329807748,1.0068179813292844,8.971920957527602e-05,-0.0009015052421865441,1.0149225312917471,-12.988455477783646,51.37068873404792,1.021842335043102,1.006797825575796,1.0149429300353348,1.008090109307577,1.008090109307577,-0.02809112877295833,1.0108621741083708,0.00040787972771140274,0.6641486400053697,4.8552460348158295,1.9789146493444432,1|1|1|1|1|0.18201056459647916|1|1|1|1|1|1,0.5542789981078281|0.47072702990620835|0.81987302924757122|1.9794293093918911|1.9742827089174118|16.482559716525373|0.37391882572372837|0.49382650718474647|0.5638920804112163|0.56943430895327363|0.7588629710574657|0.7664709605413681
hangar:8,hangar,7,8,condor|helicopter|jammer|jet_plane|large_launcher|large_tower|small_launcher|small_plane|small_tower|spacecraft|ta-ta|tank,12,0,1,,1051.8506797214877,647.3153246435635,829.0794430645074,0.6095923151317024,1.6404406275757422,1051.8506797214877,647.3153246435635,0.6095923151317024,1.6404406275757422,12.0,1.0069752599214263,0.0002881621118327194,0.00036544261344580907,1.0133012471768061,-13.571572655950149,50.95051085917339,1.0203691814478546,1.006958422771704,1.0133180858046122,1.0063157156135631,1.0063157156135631,0.0021917032462471656,1.0101332493527053,0.00032692335461740105,0.8166200873300031,0.7950333308025482,1.023735814670486,1|1|1|1|1|1|1|1|1|1|1|1,0.67145623301042334|0.86471858030725757|0.99030282230808941|0.14596090327968378|0.76852159435274869|1.2575469820152787|0.39007958085492117|1.0274505915996412|0.86885383025310459|0.94017594888516098|0.23124703733076771|0.55871313559527336
hangar:9,hangar,8,9,condor|helicopter|jammer|jet_plane|large_launcher|large_tower|small_launcher|small_tower|spacecraft|ta-ta|tank,11,1,1,,1058.6449021865735,601.5308305885042,871.1427487944351,0.4768009705489133,2.0973111670657008,1037.1798521618891,528.9865028359991,0.3515785048994142,2.8443149568717163,10.223850707868767,1.0071356568270928,3.8111537739349375e-05,9.60133010790726e-05,1.0116535729951528,-13.733063749343728,52.71026963540908,1.0188723820607342,1.007134662009635,1.0116545686429632,1.0044878870759042,1.0044878870759042,0.0016433249275428056,1.0093920853963212,6.712720953127872e-05,0.9203282812265956,7.700307896801313,1.7622245981347464,0.11838945790867415|1|1|1|1|1|1|1|1|1|1,25.340094067448181|1.0399112198783687|1.7622245981347464|0.9203282812265956|0.13638959245244833|0.87379819709200302|0.93804563180875777|1.4944425386758056|0.77029006168895442|0.22488965578047332|0.74067586281401865
hangar:10,hangar,9,10,condor|helicopter|jammer|jet_plane|large_launcher|large_tower|small_launcher|small_tower|spacecraft|ta-ta|tank,11,1,1,,1065.7504727880414,605.0036911958156,877.3793956364443,0.4754897793673223,2.1030946266196953,1044.6591916998282,531.0464342104483,0.34846094170597214,2.8697620889855435,10.157080591147565,1.006954905034444,0.00013141619868497985,-0.00021520519214940863,1.0115465483057682,-13.598949547100801,53.62608304370781,1.0185817867686027,1.0069545376983795,1.0115469454031163,1.0045606902127218,1.0045606902127218,-0.009838953821751152,1.0092481294352755,4.2288739514937926e-05,0.8006114552917966,11.135966347035428,2.612690897139166,0.08158805134117067|1|1|1|1|1|1|1|1|1|1,36.770090113503556|1.2055113333328251|2.6126908971391658|0.72551504222692109|0.30601101656988744|0.9473647703788457|0.099810585834540527|0.68520470593988791|0.37219428940423049|1.0058743912589025|0.80061145529179656
hangar:11,hangar,10,11,helicopter|jammer|jet_plane|large_launcher|large_tower|small_launcher|small_tower|spacecraft|ta-ta|tank,10,0,1,,1050.7678585206154,528.2286995031941,908.3432905686948,0.3381769177726626,2.9570320960587977,1050.7678585206154,528.2286995031941,0.3381769177726626,2.9570320960587977,10.0,1.0071064166087373,0.00021181207253758962,0.0003135416089267944,1.0131346272072772,-13.772951433733851,51.35708186634338,1.020334317537052,1.0070949935031748,1.0131460528741427,1.0060084296019776,1.0060084296019776,0.0028851374442859998,1.0101159921202376,0.00026282861611687296,0.3865031894410873,0.6794154862307719,1.0382508947367008,1|1|1|1|1|1|1|1|1|1,0.099648961008528575|1.0024214443039161|0.42492658611051892|0.85361602754215149|1.3607159486317646|0.60782401590566537|0.34085531137746305|0.34447267781798524|0.34807979277165563|0.33919197727147943
hangar:12,hangar,11,12,helicopter|jammer|jet_plane|large_launcher|large_tower|small_launcher|small_tower|spacecraft|ta-ta|tank,10,1,1,,1059.8645833312858,535.1413541644641,914.8424269036847,0.342171971368036,2.9225070539878093,1056.5821717371102,522.7443045896083,0.32411365381984003,3.0853374679360295,9.948896507905339,1.0069607261655342,-0.00012437628625272266,0.0006508341194759044,1.0108357957361935,-13.06597991257604,52.46232047407716,1.0178720278569637,1.0069430015464993,1.0108536692679522,1.0038837031643764,1.0038837031643764,0.022012270224225028,1.0088964406008,0.00026397327205169554,0.8812259253708332,1.5936078908135995,2.147870041068425,1|0.76667392987256222|1|1|1|1|1|1|1|1,1.3247639111302223|3.9130064108871694|1.1500265870119897|0.61242526372967665|0.61123292439964427|0.24992670319691834|1.9517437777552316|1.4143063744961415|0.13844577157918941|0.6056517801607576
hangar:13,hangar,12,13,helicopter|jet_plane|large_launcher|large_tower|small_launcher|small_tower|spacecraft|ta-ta|tank,9,0,1,,1046.4136312445098,462.9151288708488,938.4514218204405,0.24332075521757296,4.109801480378517,1046.4136312445098,462.9151288708488,0.24332075521757296,4.109801480378517,9.0,1.0072151622864531,0.0003352557254964998,0.0005250907009738407,1.012572091009724,-14.229445078861772,51.23443653098775,1.0198777869334286,1.007180842814277,1.0126064194029678,1.0053868941485529,1.0053868941485529,0.005385093330519718,1.009889987539944,0.0004304249537963443,0.5946640883825142,0.6617093242056353,0.9767402777225129,1|1|1|1|1|1|1|1|1,0.58683162825966317|0.54607747487924085|0.70013868778506172|1.0195997837347968|0.96602540121944191|0.17874961380829416|0.66760650327842985|0.59466408838251417|0.062473006771259804
hangar:14,hangar,13,14,helicopter|jet_plane|large_launcher|large_tower|small_launcher|small_tower|spacecraft|ta-ta|tank,9,0,1,,1055.0562415527934,468.74030641549894,945.2122502279635,0.24592683240654858,4.0662500720818935,1055.0562415527934,468.74030641549894,0.24592683240654858,4.0662500720818935,9.0,1.0072169440383,0.00041209000987599487,0.0002985072008252366,1.0131159421661924,-14.186351483805083,51.695852379898724,1.0204274202132801,1.0071956229559005,1.013137266441396,1.0058991951017997,1.0058991951017997,-0.003221160048143009,1.0101620762101893,0.0003551327843984555,0.45453695138972416,0.5296381790619029,0.7912649998427984,1|1|1|1|1|1|1|1|1,0.29814617025422696|0.53288154549339295|0.78375944456035351|0.82128722097257778|0.37880960422529519|0.45453695138972416|0.43171410203057337|0.29157121700856015|0.49143927695399486
hangar:15,hangar,14,15,helicopter|jet_plane|large_launcher|large_tower|medium_launcher|small_launcher|small_tower|spacecraft|ta-ta|tank,10,1,1,,1165.553499415621,533.8458816741946,1036.1098081861312,0.26547291809630436,3.766862575553694,1095.475140379136,500.1258363052397,0.2633070197016485,3.7978478550746337,9.438350318776083,1.0071827777928246,0.0002642950638625732,-6.873813756791643e-05,1.0144021278152375,-14.235047078567277,50.67673376987818,1.0216883710590534,1.0071814674456216,1.014403465594163,1.0071705034117213,1.0071705034117213,-0.009438830223824812,1.0107860164540532,9.718380878099904e-05,0.7087857816526935,3.967843892808887,3.6715943218894185,1|1|1|1|0.24801050831375335|1|1|1|1|1,0.90919074535046762|0.94930103733603033|0.74390967547326059|2.7355201745496163|12.096261647947673|0.38657645669213103|0.23235248104188405|0.5909585547788343|0.58953527031926245|0.67366188783212644
hangar:16,hangar,15,16,helicopter|jet_plane|large_launcher|large_tower|medium_launcher|small_launcher|small_tower|spacecraft|ta-ta|tank,10,0,1,,1176.6256350258566,542.561339721237,1044.0666059403952,0.27004819521004486,3.7030427076996193,1176.6256350258566,542.561339721237,0.27004819521004486,3.7030427076996193,10.0,1.00730742416427,0.0006859597448038108,0.0003833869984586765,1.0132344371226387,-14.820349889728732,51.43361677634903,1.0206383079444916,1.0072595890745208,1.013282294867268,1.0059792985423757,1.0059792985423757,-0.0085799465795929,1.0102664539340558,0.0005342295855289257,0.6022037626747252,0.7422707916516018,1.158709853144923,1|1|1|1|1|1|1|1|1|1,0.57202197738135363|0.60524212327449112|1.2727968164569416|1.1460335238880319|0.64032893226853616|0.59916540207495927|0.5533610931166163|0.80135790973335186|0.14650890787330254|0.37928796137270243
hangar:17,hangar,16,17,helicopter|jet_plane|large_launcher|large_tower|medium_launcher|small_launcher|small_tower|spacecraft|ta-ta|tank,10,0,1,,1186.7567916384553,549.7042173825272,1051.7684896838578,0.27316045464563954,3.6608520120427435,1186.7567916384553,549.7042173825272,0.27316045464563954,3.6608520120427435,10.0,1.0070702067500341,0.0006628322467023857,0.0004338980390993135,1.0131184102546607,-14.35531427019123,51.31329452418299,1.0202810792758148,1.0070208973891623,1.0131677325873092,1.006103979782429,1.006103979782429,-0.0064929401716595034,1.0100896392280314,0.0005480224385408243,0.4110267020899359,0.5463270375830336,0.8194416903499456,1|1|1|1|1|1|1|1|1|1,0.26780880989869782|0.24189236512612947|0.84979138276528865|0.81606950230379638|0.42682061610321498|0.31338978587336458|0.32366670454216928|0.39523278807665685|0.5676479291140486|0.77640308997090701
hangar:18,hangar,17,18,helicopter|jet_plane|large_launcher|large_tower|medium_launcher|small_launcher|small_tower|spacecraft|ta-ta|tank,10,1,1,,1196.7397377876277,556.8755385500187,1059.2807156578592,0.2763720696561587,3.6183106391471633,1223.582286875587,517.5195488435659,0.21786429099901106,4.590013330842453,9.18521406306354,1.007372670157468,0.0007102310440079367,7.381474543584564e-05,1.012152794797008,-15.133152212170899,53.371618653391124,1.019615011076482,1.007340783474264,1.0121847817576537,1.0048086986676772,1.0048086986676772,-0.018055710288003495,1.0097598779296402,0.0003912696911219321,0.7260456700880535,9.830989411248028,4.945293620113901,0.096874566418635108|1|1|1|1|1|1|1|1|1,30.967880537764248|1.0742362856347307|0.24713789747995987|0.83106602772493954|0.62102531245116743|0.14459095448632059|2.0538950737083188|0.85384249734329731|0.33888712810350013|0.31498588348663392
hangar:19,hangar,18,19,jet_plane|large_launcher|large_tower|medium_launcher|small_launcher|small_tower|spacecraft|ta-ta|tank,9,1,1,,1236.7222035048837,518.5013669560418,1122.7814306919631,0.21325998220176878,4.689112273552961,1257.960211510629,451.6325308599947,0.147967452991457,6.758242976972346,8.373362730295275,1.0074129300824743,0.00037235869359456035,-0.00013143274958317926,1.0109550063297041,-14.725446708873733,55.056190138546754,1.0184491940482805,1.0074088694048011,1.010959129881398,1.003524150505737,1.003524150505737,-0.014301219479709618,1.0091824384363217,0.00012002091117906181,1.4252325498933627,4.979195429945092,4.39387874103698,1|1|1|1|1|0.20629304468612064|1|1|1,0.48170581770825072|1.8567435461550237|1.4407425120340349|1.4252325498933627|0.05748863000775694|14.542419520564794|1.8441224940372831|0.25761897049281429|0.62649381988863517
hangar:20,hangar,19,20,jet_plane|large_launcher|large_tower|medium_launcher|small_launcher|spacecraft|ta-ta|tank,8,2,1,,1273.1434706563907,431.95012926041653,1197.628232260291,0.13008378532728007,7.6873531738339445,1273.1434706563907,431.95012926041653,0.13008378532728007,7.6873531738339445,8.0,1.0057890363591586,-0.00244273384280461,0.00014114921429972345,1.0132277624045674,-8.694860372952007,52.18403388928459,1.0190937195511989,1.0056159004751675,1.0134025516796852,1.007743166352917,1.007743166352917,0.07332554795691507,1.0095017184488588,0.0011460314356200579,1.1769596859365912,1.472251915462573,2.0974238743375975,1|1|1|1|1|1|1|1,0.89333594271428562|2.0856869707429015|2.1086258159237072|0.71048419658867012|0.96620258917054858|1.3877167827026338|0.050982740494694374|2.0926230422292647
hangar:21,hangar,20,21,jet_plane|large_launcher|large_tower|medium_launcher|medium_plane|small_launcher|spacecraft|ta-ta|tank,9,3,1,,1374.1589459163652,617.0307551994039,1227.837878459542,0.252540809800154,3.9597560520667585,1367.5966874734443,627.9488161375544,0.2671541008371916,3.7431579633861496,8.868869174788406,1.0052404488382838,-6.334555221769065e-05,0.0012469134262283917,1.0159162891049238,-11.230039173380646,46.20059239605803,1.0212402254283768,1.0052079575619894,1.0159492050831667,1.0106855973834796,1.0106855973834796,0.03714323466766041,1.0105643103872097,0.0005952442351842107,1.8903731396101606,2.323965194660632,2.978047029925575,1|1|0.62903289251500971|1|1|1|1|1|1,1.4828506087111177|2.530252297676022|4.7692259589237853|2.4284455898988213|2.2528344238213589|1.0034987170323078|0.6370266028612942|1.1409886370917262|1.8903731396101606
hangar:22,hangar,21,22,jet_plane|large_launcher|large_tower|medium_launcher|medium_plane|small_launcher|spacecraft|ta-ta|tank,9,3,1,,1384.4911999417147,626.8464282397383,1234.4551179039001,0.25785271115798,3.8781829964445276,1401.9183439686008,597.4810327137542,0.22195068403345722,4.5055053754610555,8.156520635121653,1.0052858532291522,-6.807211497212334e-05,0.0004365241934272722,1.0116331641088367,-11.4363706078434,53.00762167029666,1.0169805382511838,1.0052805422605884,1.0116385381977906,1.0063245986268718,1.0063245986268718,0.014334357491522691,1.0084545295902954,0.00018502002407613173,1.9789073314635544,6.429051969427408,7.674648963665113,1|1|0.58982027523111635|1|1|1|0.16640721697628671|1|1,1.9789073314635544|2.1534431955562106|5.0862951410481756|2.4817948793965203|0.62594600462810879|1.3487400819138575|18.028064254132854|1.2565674537179181|1.6156473612680671
hangar:23,hangar,22,23,jet_plane|large_launcher|large_tower|medium_launcher|medium_plane|small_launcher|ta-ta|tank,8,2,1,,1417.3503158953858,579.3519376496544,1293.535175521076,0.2005988511142454,4.985073416150715,1415.517516788384,592.238952688664,0.21219546354524096,4.712636091707946,7.840153377575583,1.0054856685178175,8.416707267789965e-05,0.0003715532213078527,1.0131232263105494,-12.166108568887466,52.26504943715963,1.0186808532252438,1.0054788867696556,1.0131300285160665,1.0076094504291304,1.0076094504291304,0.008157109253779956,1.0092972075782454,0.0002284038181764214,1.5027438328727607,2.3126225521098047,3.207838947927015,1|1|0.5903595977852617|1|1|1|1|1,2.1463662196643503|1.714060887333188|5.081648560056486|2.4047776855858136|0.25013387011539778|1.2914267784123332|0.83988287331355482|1.0950026259935826
hangar:24,hangar,23,24,jet_plane|large_launcher|large_tower|medium_plane|small_launcher|ta-ta|tank,7,1,1,,1345.4687598281387,522.8521770152187,1239.7224627568526,0.1778725374724963,5.622003341323143,1345.4687598281387,522.8521770152187,0.1778725374724963,5.622003341323143,7.0,1.0064737843889795,-0.0018938759986580891,0.00018720383651705242,1.0132131273925398,-10.69629765943705,52.821795491920966,1.0197728052602155,1.00636794990179,1.0133200340489117,1.006908093752191,1.006908093752191,0.05903739262311019,1.0098380094154782,0.0008498635296715032,1.3199497437413508,1.5354783689963902,2.1610243296519935,1|1|1|1|1|1|1,1.3199497437413508|2.6304412260591046|1.8480797320472522|1.4556699066706884|1.0473627327950337|0.9159628014040726|0.6099493921975413
helicopter:1,helicopter,0,1,condor|jammer|large_launcher|mine_roller|small_launcher|small_plane|small_tower|spacecraft|ta-ta|tank,10,1,1,,988.3357020769815,582.7836778527676,798.2296942787843,0.5330390185553308,1.8760352716959647,942.6081628891961,595.400836562718,0.6638517795891024,1.5063603514310981,9.43053974971846,1.0065947043563828,0.00022820915403319014,0.0010561184582001855,1.0148329567495165,-12.84608802269031,47.26361001176417,1.0215252390544933,1.006545033582149,1.0148827970657528,1.0082835473877714,1.0082835473877714,0.023466437710694628,1.0107053176146317,0.0006438508087282746,0.6814769016753442,4.017644320808945,3.143710279000043,1|1|1|1|1|1|1|1|1|0.24290453447797769,0.8006773288094412|0.45042528978078145|0.090126330172439192|0.39108063308365615|1.3384927303478409|0.5622764745412473|0.35447141804801241|1.0691786985334735|2.1207301911633314|12.350531069530485
helicopter:2,helicopter,1,2,condor|jammer|large_launcher|small_launcher|small_plane|small_tower|spacecraft|ta-ta|tank,9,0,1,,966.9954772833323,492.4789987921603,832.1926993401775,0.35020926181571116,2.855435618165418,966.9954772833323,492.4789987921603,0.35020926181571116,2.855435618165418,9.0,1.006845634502745,2.7074202503421955e-05,0.00011323160435883898,1.0133676681499304,-12.978995701950907,50.960668611463575,1.0203048097573284,1.0068448809234631,1.0133684235664187,1.00647919333609,1.00647919333609,0.002443531824413413,1.0101013858803127,7.029197815527685e-05,0.4621536902424803,0.547012768540694,0.7846612868586905,1|1|1|1|1|1|1|1|1,0.75244569021543317|0.62512294152426051|0.26380383105851635|0.17437208497944581|0.46215369024248032|0.17727787895285296|0.64084874904136913|0.38187606056835471|0.9135236734317197
helicopter:3,helicopter,2,3,condor|jammer|large_launcher|small_launcher|small_plane|small_tower|spacecraft|ta-ta|tank,9,0,1,,975.5862276879071,498.7072190178768,838.4864920520642,0.3537522156537682,2.8268374182530667,975.5862276879071,498.7072190178768,0.3537522156537682,2.8268374182530667,9.0,1.0068556651391487,5.285207895974708e-05,-0.00014124550862334312,1.0134364005915943,-13.138089539774683,51.356320984781405,1.0203841886589933,1.0068553729860055,1.0134367020686057,1.0065365188081403,1.0065365188081403,-0.005504636055650364,1.0101406776578168,4.4512833492918656e-05,0.49485339444487664,0.5132760995232233,0.6994173343089451,1|1|1|1|1|1|1|1|1,0.6545702284389322|0.26120567585711446|0.21421249333758313|0.3273028067525886|0.014452352161313567|0.8032423932980316|0.67346106956167351|0.6144343523310325|0.49485339444487664
helicopter:4,helicopter,3,4,condor|jammer|jet_plane|large_launcher|small_launcher|small_plane|small_tower|spacecraft|ta-ta|tank,10,1,1,,975.925095742496,556.5067902420878,801.7044249063671,0.48185056688583466,2.0753322061296458,983.5987937072362,514.2393123571645,0.3761491443416242,2.6585199382822067,9.257076096735572,1.0067711316979655,0.00018378039157718106,-0.00036994625263900565,1.0147241078020377,-13.044173954328016,50.498667154223426,1.021595006361933,1.0067700803084618,1.0147252350297584,1.007901659849545,1.007901659849545,-0.01569442178448333,1.0107398311939295,9.417216398541015e-05,0.705182927242439,6.967189218902063,3.735473395094041,1|1|0.1371691601469891|1|1|1|1|1|1|1,0.55989407545606917|0.76806120898340524|21.870805338351676|1.227317329399862|0.78385839071001973|0.45076868072997445|0.6423046455014727|0.51416510258167059|0.47007825318985658|1.7204365125098673
helicopter:5,helicopter,4,5,condor|jammer|jet_plane|large_launcher|small_launcher|small_plane|small_tower|spacecraft|ta-ta|tank,10,0,1,,986.9764612188073,566.9215671603049,807.9124158524263,0.49239926194065,2.0308722561012535,986.9764612188073,566.9215671603049,0.49239926194065,2.0308722561012535,10.0,1.0069617601035572,0.0002797023819479414,-5.998088114541722e-05,1.0134350624769193,-13.58664799110852,51.45619996928019,1.0204903710392124,1.0069599104313154,1.0134369407041253,1.0064322623033082,1.0064322623033082,-0.009632967615858717,1.0101932345047715,0.00010931658039177741,0.366385638306842,0.43079022743046697,0.5366242973937808,1|1|1|1|1|1|1|1|1|1,0.48336140122410248|0.31627753008327719|0.79582861415465322|0.38682211423223006|0.034542891682552535|0.3111405060834862|0.33726496450395288|0.50782381775368401|0.34594916238145401|0.38709535530245021
helicopter:6,helicopter,5,6,condor|jammer|jet_plane|large_launcher|small_launcher|small_plane|small_tower|spacecraft|ta-ta|tank,10,0,1,,996.2524278514958,574.0356312675951,814.2493438960903,0.4970074131440471,2.0120424234198917,996.2524278514958,574.0356312675951,0.4970074131440471,2.0120424234198917,10.0,1.0071287880857156,5.4058338569425604e-05,0.00027153698530784135,1.0134584179950346,-13.628491680876778,50.76651104858172,1.0206831336117674,1.0071246095587196,1.0134626082257971,1.0062931623424975,1.0062931623424975,0.006166825419220782,1.0102886387620953,0.0001631382944845156,0.575092348429225,0.7135565594159461,1.0710168805700186,1|1|1|1|1|1|1|1|1|1,0.95091320090283049|0.77019161690809601|0.39678002130815854|0.46858115113765719|0.26122487932740973|0.68160354572079285|0.33024184949523672|1.0668729361774374|0.45688095585485416|1.1083123801032511
helicopter:7,helicopter,6,7,condor|jammer|jet_plane|large_launcher|large_tower|small_launcher|small_plane|small_tower|spacecraft|ta-ta|tank,11,1,1,,1081.017616311991,656.3952927494203,858.9204307927844,0.58401640864791,1.7122806571739277,1022.8805675437294,605.7235503880955,0.5400498335145321,1.8516809707952462,10.332363296081894,1.0068126474505876,7.913145568540807e-05,-0.0008856232144514337,1.0149478708024438,-12.983466905143587,51.3568293037456,1.0218624229075994,1.006792823364063,1.0149679250723933,1.0081199443605628,1.0081199443605628,-0.02734070933215921,1.0108721100651652,0.0004051868382937937,0.7586988127010099,5.078712757648597,1.9529711708827477,1|1|1|1|0.18156393096801235|1|1|1|1|1|1,0.52229062704022089|0.8598227320080577|1.9529711708827477|1.9111877209501338|16.523105575019105|0.40392829794297797|0.54873055015369077|0.51423631986374152|0.57081318591893848|0.77753893091529003|0.75869881270100992
helicopter:8,helicopter,7,8,condor|jammer|jet_plane|large_launcher|large_tower|small_launcher|small_plane|small_tower|spacecraft|ta-ta|tank,11,0,1,,1092.679241872854,667.7741265951746,864.8847561784671,0.5961323508559162,1.6774798391065637,1092.679241872854,667.7741265951746,0.5961323508559162,1.6774798391065637,11.0,1.0069841427508037,0.00031814322801280585,0.0003821376747684562,1.013357595953963,-13.583409763745294,50.92826330356468,1.0204349084872033,1.006964965186678,1.0133767745316025,1.0063674602062602,1.0063674602062602,0.0018148472804889292,1.0101657826749049,0.00035024139097275737,0.8404123541265062,0.7831582360355253,1.0008824697028296,1|1|1|1|1|1|1|1|1|1|1,0.5466053298452066|0.98764173040217695|0.15028586799771362|0.84041235412650617|1.2283199825434779|0.36943821265856108|0.8929779268511383|0.96344896418385606|1.0008824697028296|0.27110911379715197|0.5453886516761961
helicopter:9,helicopter,8,9,condor|jammer|jet_plane|large_launcher|large_tower|small_launcher|small_tower|spacecraft|ta-ta|tank,10,1,1,,1100.195079292759,614.6369590203925,912.4969156693979,0.4537060104416451,2.2040704266328386,1075.3128394929179,524.6291941528475,0.3123909770581316,3.2011167845411674,9.228054433206712,1.007125523122605,-9.198666736391324e-06,3.670321172226876e-05,1.0113851296304466,-13.694131901674155,52.94252719821213,1.0185917780951077,1.0071254789843844,1.0113851742905822,1.0042295576818228,1.0042295576818228,0.0013029328843834748,1.0092530793092027,1.3800705213750113e-05,0.9025572008782946,7.934451708437829,4.366763066894812,0.12068502720472027|1|1|1|1|1|1|1|1|1,24.858096066143752|2.0899482892004944|0.94937032807920807|0.32484400715877854|0.87218770662227563|0.87780702930889376|1.7821288692632871|0.92730737244769545|0.1950371938254104|0.80647953998360089
helicopter:10,helicopter,9,10,condor|jammer|jet_plane|large_launcher|large_tower|small_launcher|small_tower|spacecraft|ta-ta|tank,10,1,1,,1107.3531968166255,617.7221482144805,919.0486657981107,0.45176161611841664,2.213556805892685,1082.6600465794897,525.167740448503,0.3076930405343819,3.2499922593740274,9.159382418392989,1.0069381425794859,5.415826028902003e-05,-0.00028211953885148774,1.0112449681663673,-13.529786338728627,53.90490730233853,1.0182611452173966,1.0069351421864388,1.011247996575395,1.0042831501337728,1.0042831501337728,-0.009546853481133688,1.0090892652374202,0.00011433944800757729,0.8917136192084792,11.516165385615755,6.314980614781535,0.082798869943402312|1|1|1|1|1|1|1|1|1,36.232378558435755|2.9908252877088572|0.76105085953465823|0.52965293373294886|0.94593072917647747|0.16884754730855339|1.0227436616786629|0.17900695286161691|0.96326861043111789|0.83749650924048102
helicopter:11,helicopter,10,11,jammer|jet_plane|large_launcher|large_tower|small_launcher|small_tower|spacecraft|ta-ta|tank,9,0,1,,1088.307962950847,519.243386496874,956.4520520138373,0.2947240258690041,3.3930046831148735,1088.307962950847,519.243386496874,0.2947240258690041,3.3930046831148735,9.0,1.0071069466685945,0.00021418641436520792,0.00031922506271015317,1.0131600855811977,-13.775292503233231,51.33198024786793,1.0203604919025002,1.0070952195086345,1.0131718154717664,1.0060337849345533,1.0060337849345533,0.0029789483936681223,1.010128948155878,0.0002668630969616252,0.42245908921064806,0.7151798292456494,1.0476725592558307,1|1|1|1|1|1|1|1|1,0.9693922500463884|0.42245908921064806|0.87398705000931909|1.3607937960935999|0.61358733797329235|0.35273203826978544|0.3549530611110176|0.35139313174480502|0.34518898749583715
helicopter:12,helicopter,11,12,jammer|jet_plane|large_launcher|large_tower|small_launcher|small_tower|spacecraft|ta-ta|tank,9,1,1,,1097.5847193038826,526.0425157809319,963.3127672984774,0.29819960213735486,3.353458531911073,1097.5847193038826,526.0425157809319,0.29819960213735486,3.353458531911073,9.0,1.0069563594219528,-0.00019991514134922757,0.0006037055206902038,1.010149060474068,-13.006695259846765,53.01299525780223,1.0171761410983482,1.0069437229708231,1.0101618570075948,1.003195942298818,1.003195942298818,0.022826803881488975,1.008551506418164,0.00020253116428654543,0.8168930089902489,1.558760181462751,2.6684719547201383,1|1|1|1|1|1|1|1|1,2.9648111615847652|1.2949609490452583|0.37054818535449968|0.81689300899024886|0.24166831200465055|2.5943871530039817|1.8661126933685863|0.23728620362076092|0.51770735085397168
helicopter:13,helicopter,12,13,jet_plane|large_launcher|large_tower|small_launcher|small_tower|spacecraft|ta-ta|tank,8,0,1,,1079.521041799325,420.5799097045534,994.2224194014184,0.17894927475793895,5.588175762951147,1079.521041799325,420.5799097045534,0.17894927475793895,5.588175762951147,8.0,1.0072181564086673,0.00038327133134402846,0.0005056654055442634,1.0122605748917881,-14.270392689332766,51.500096839286925,1.0195670362406313,1.007179279972944,1.012299455036466,1.0050836779164674,1.0050836779164674,0.003472511877351718,1.0097361220837013,0.0004446211699652477,0.6297450618811788,0.6530218439052304,0.9119949065950439,1|1|1|1|1|1|1|1,0.61307610329786377|0.55919838021571766|0.92911277753566646|0.90465867619191997|0.22112175097674572|0.7568099446009372|0.64641402046449381|0.04207150370497402
helicopter:14,helicopter,13,14,jet_plane|large_launcher|large_tower|small_launcher|small_tower|spacecraft|ta-ta|tank,8,0,1,,1088.1249192274524,425.7459745809231,1001.3771542090873,0.18076141934912404,5.532153949668829,1088.1249192274524,425.7459745809231,0.18076141934912404,5.532153949668829,8.0,1.0072110125369003,0.0003165636880212086,0.0002906633210709759,1.0129896171547716,-14.099041033350204,51.811312636679304,1.0202942059703715,1.0071951042665128,1.0130055255911894,1.0057689133913215,1.0057689133913215,-0.0007345714540411072,1.0100961369940842,0.00030357646167058355,0.5217826146924697,0.5463466711972498,0.7232961372618122,1|1|1|1|1|1|1|1,0.5702395987619352|0.70191752291007503|0.77317957074919885|0.34915776437127355|0.59452191484183092|0.45410273754694758|0.25821603927328474|0.4733256306230042
helicopter:15,helicopter,14,15,jet_plane|large_launcher|large_tower|medium_launcher|small_launcher|small_tower|spacecraft|ta-ta|tank,9,1,1,,1195.4439306625907,490.2616692928709,1090.2888089768658,0.2021960980788035,4.9456938561211095,1129.1413957966686,457.02294673810593,0.19592146213760353,5.104086040852735,8.448897687854414,1.0072035990482162,0.0004919776381563498,-4.3897368777643856e-05,1.0148110768181808,-14.463142673572747,50.27768497665579,1.0221213905217912,1.0071970422857492,1.0148177045895335,1.0075662079849736,1.0075662079849736,-0.015184546329704594,1.0110001931363768,0.00022303205870308825,0.7408091971056062,4.089892605512437,4.64978564395035,1|1|1|0.25463503728037362|1|1|1|1|1,1.057829100563819|0.48593895633043499|2.8668400615999747|11.781567973351848|0.42710504348892941|0.43314787195111676|0.88235866891322501|0.6843594907445012|0.74080919710560622
helicopter:16,helicopter,15,16,jet_plane|large_launcher|large_tower|medium_launcher|small_launcher|small_tower|spacecraft|ta-ta|tank,9,0,1,,1206.4585097724948,498.70037362727544,1098.562730637848,0.20607706703636855,4.852553534370322,1206.4585097724948,498.70037362727544,0.20607706703636855,4.852553534370322,9.0,1.0073095338512577,0.0006988597413004802,0.00034680912721348015,1.0130107762602478,-14.834853429264513,51.68507995781897,1.020415170450074,1.0072619990556344,1.0130583417291348,1.0057545531142194,1.0057545531142194,-0.009984067406074297,1.0101560129257627,0.0005223376917541003,0.6419050184154945,0.7475731152440841,1.1002406675308392,1|1|1|1|1|1|1|1|1,0.62392983399244428|1.0914681436951135|1.1353307628737415|0.64190501841549452|0.53215958522723106|0.80797780572471689|0.79475111397008036|0.20342498044553081|0.37302534627186179
helicopter:17,helicopter,16,17,jet_plane|large_launcher|large_tower|medium_launcher|small_launcher|small_tower|spacecraft|ta-ta|tank,9,0,1,,1216.4815714100428,505.1724941524905,1106.6291902584167,0.2083891716667292,4.798713829523114,1216.4815714100428,505.1724941524905,0.2083891716667292,4.798713829523114,9.0,1.0070687647953847,0.0006540469313606192,0.0004169515880482086,1.0130151615730822,-14.344872485869928,51.436010718477974,1.0201756547784944,1.007020932551743,1.0130630077305525,1.005999949935002,1.005999949935002,-0.006724751518640441,1.0100374521662523,0.000535150294530476,0.4616052852172051,0.5656366071036668,0.8037347604390338,1|1|1|1|1|1|1|1|1,0.25121186591914951|0.80193824106486833|0.81092083793569558|0.46160528521720512|0.28211450003836808|0.40946506412301742|0.41816134733564131|0.54191448982296908|0.76605358579366656
helicopter:18,helicopter,17,18,jet_plane|large_launcher|large_tower|medium_launcher|small_launcher|small_tower|spacecraft|ta-ta|tank,9,0,1,,1226.3631241788376,511.72698976465284,1114.4962989135881,0.2108236779201825,4.743300230150611,1226.3631241788376,511.72698976465284,0.2108236779201825,4.743300230150611,9.0,1.0073731736246907,0.0007132876544000025,0.0002626136539605958,1.0132990157999326,-15.1369832621358,51.934984810028936,1.0207700580580765,1.007333288308493,1.0133389513734292,1.0059619424222752,1.0059619424222752,-0.012778776225279648,1.0103316574561427,0.000487289816664765,0.4817381645177012,0.6024429385178532,0.9035046569852175,1|1|1|1|1|1|1|1|1,0.96659389454128253|0.74728133035336575|0.88773234759620123|0.32589692304382245|0.2564427260121323|0.67483932774685118|0.17769917562866538|0.30758272429155203|0.48173816451770118
helicopter:19,helicopter,18,19,jet_plane|large_launcher|large_tower|medium_launcher|small_launcher|small_tower|spacecraft|ta-ta|tank,9,1,1,,1236.7222035048837,518.5013669560418,1122.7814306919631,0.21325998220176878,4.689112273552961,1257.960211510629,451.6325308599947,0.147967452991457,6.758242976972346,8.373362730295275,1.0074129300824743,0.00037235869359456035,-0.00013143274958317926,1.0109550063297041,-14.725446708873733,55.056190138546754,1.0184491940482805,1.0074088694048011,1.010959129881398,1.003524150505737,1.003524150505737,-0.014301219479709618,1.0091824384363217,0.00012002091117906181,1.4252325498933627,4.979195429945092,4.39387874103698,1|1|1|1|1|0.20629304468612064|1|1|1,0.48170581770825072|1.8567435461550237|1.4407425120340349|1.4252325498933627|0.05748863000775694|14.542419520564794|1.8441224940372831|0.25761897049281429|0.62649381988863517
helicopter:20,helicopter,19,20,hangar|jet_plane|large_launcher|large_tower|medium_launcher|small_launcher|spacecraft|ta-ta|tank,9,3,1,,1412.3968551873832,603.2661593303147,1277.080583812181,0.223142001186677,4.481451249347791,1276.9621451082623,458.4010802632376,0.14792779763001135,6.760054675465012,8.038598995250856,1.0062568863154577,-0.001354929074101515,0.002160440394192919,1.0178536696657023,-10.825927753374344,41.89013700420128,1.0242251916060752,1.0062444417904075,1.0178691668434705,1.0115525856047256,1.0115525856047256,0.09950821651411411,1.0120401136348673,0.0004128253811818362,1.3997756430053252,6.157819728154169,8.32871080912878,0.1810809868970312|1|0.47824484725446104|1|1|1|1|1|0.73511887880038951,16.580395294500661|1.3525424773973989|6.265789687785805|1.6469375373239217|1.312790072275865|0.66625649063231174|1.3469351479994327|1.3997756430053252|4.0763181515536431
helicopter:21,helicopter,20,21,hangar|jet_plane|large_launcher|large_tower|medium_launcher|medium_plane|small_launcher|spacecraft|ta-ta|tank,10,4,1,,1457.3310794050883,660.3551032470967,1299.1324076534756,0.2583736637495396,3.870363509530805,1371.1702419062838,639.8354758234285,0.27836017907242316,3.59246787141857,9.167343011380666,1.0053234555938353,3.611287866457809e-05,0.0018081845980963526,1.0170591344252267,-11.473459921311587,43.50017619613391,1.022473338264893,1.0052518264875607,1.0171315399023007,1.0118176491717987,1.0118176491717987,0.05020425167536143,1.011174237342355,0.0009272899576597424,2.0977422627345326,6.301199218541739,5.9618547902457095,0.16261505091986458|1|0.78035853963765023|0.65581635472975452|1|1|1|1|1|1,18.448477862155652|1.5924160912159266|3.8443851409466094|4.5744522267001653|2.6030684342531387|0.10848522036711736|0.9546680106259483|1.0708026680348923|1.3995276374677386|2.7676090591599092
helicopter:22,helicopter,21,22,hangar|jet_plane|large_launcher|large_tower|medium_launcher|medium_plane|small_launcher|spacecraft|ta-ta|tank,10,4,1,,1470.1376313121164,673.1456727234474,1306.9734344253893,0.26526783704104845,3.769774772375652,1450.0163667101692,618.6024330938233,0.22249767740938145,4.494428938060617,8.898240392691411,1.005324473530928,2.884328787058838e-05,0.0008654223591053698,1.0127574423367978,-11.65882931240526,50.48915502376963,1.018149817570144,1.005297759434344,1.012784329831822,1.007447117361219,1.007447117361219,0.02375148743378508,1.009034101291995,0.00044867342263132866,2.16232390690781,6.592919330776865,7.623554545630066,0.46765375554497596|1|1|0.58998103002516078|1|1|1|0.16215757646053613|1|1,6.4150024765983922|2.0445469552937134|1.969105022866265|5.0849092552543915|2.2849027723466553|1.6990485759432787|1.3607989445039115|18.500523166915176|1.4738417094269807|2.2801008585219065
helicopter:23,helicopter,22,23,hangar|jet_plane|large_launcher|large_tower|medium_launcher|medium_plane|small_launcher|ta-ta|tank,9,2,1,,1509.7876373439224,609.1926872225495,1381.4278771297154,0.19447014195614407,5.142177559707417,1502.2444686669644,619.1199826699278,0.2046032037000012,4.887509002382226,8.83920927230919,1.0054891448186916,9.32728610696867e-05,0.00038416800323263063,1.0131563432475494,-12.187128205945783,52.1886446799565,1.0187176693071625,1.0054817298603551,1.0131637791654808,1.007640167968236,1.007640167968236,0.008256558127693794,1.0093154458875393,0.00023927286712797813,1.2914713501016202,2.18073569472387,2.935348395154496,1|1|1|0.59037097837994956|1|1|1|1|1,0.091696213973445989|2.1465530336299987|1.7256632671318419|5.0815506010006937|2.3987978436929458|0.24160963066242497|1.2914713501016202|0.83768153488740849|1.0963987767796657
helicopter:24,helicopter,23,24,hangar|jet_plane|large_launcher|large_tower|medium_plane|small_launcher|ta-ta|tank,8,1,1,,1437.9243721420123,541.0315176346469,1332.2580068912894,0.1649181494811604,6.063613999708601,1437.9243721420123,541.0315176346469,0.1649181494811604,6.063613999708601,8.0,1.006575935318905,-0.0014348231665658494,0.0002085701456491822,1.0133091447731513,-11.640119963024972,52.624381732506436,1.019972899428511,1.0065208936743113,1.013364854956059,1.0067996216718003,1.0067996216718003,0.04661625605410859,1.0099370769649518,0.0006103872141413374,1.0326313045926263,1.5190115940305344,2.263311964132737,1|1|1|1|1|1|1|1,1.0292306556779134|1.4582185912404586|2.9684931828633401|1.9610914418196219|0.64260729050488219|1.0360319535073392|0.94230186801683524|0.49130643300940213
jammer:1,jammer,0,1,condor|helicopter|large_launcher|mine_roller|small_launcher|small_plane|small_tower|spacecraft|ta-ta|tank,10,1,1,,969.8414986481039,550.7289394098553,798.304558296203,0.47592506526847406,2.1011711149020695,916.34846517608,569.5402394909397,0.6294672740527156,1.5886449402868466,9.430762881285528,1.0065278691155424,0.00028759693531332716,0.0010141426545225076,1.0148625121308963,-12.704535470273186,47.2994928105619,1.0214871101160379,1.006477412853365,1.0149130989637616,1.008381396345976,1.008381396345976,0.02059374672381982,1.010686454898866,0.0006523676077352734,0.6566089920679842,4.014939792701976,3.1302005084107067,1|1|1|1|1|1|1|1|1|0.24304992357552532,0.74593975461206896|0.39928310087136315|0.079377599295827161|0.34810642590798246|1.3732044361413145|0.56727822952389939|0.33491224966037592|1.1152253555782206|2.1065402145758543|12.343143152924418
jammer:2,jammer,1,2,condor|helicopter|large_launcher|small_launcher|small_plane|small_tower|spacecraft|ta-ta|tank,9,0,1,,939.2988815541563,434.28069578826216,832.8761409444695,0.2718818444460269,3.6780683242661922,939.2988815541563,434.28069578826216,0.2718818444460269,3.6780683242661922,9.0,1.0067705631591322,0.00019761780305043063,1.697516752264365e-06,1.0135224535416332,-12.879282074887215,51.07304044276373,1.020384570991076,1.0067690972858607,1.0135239289147042,1.0067094149463405,1.0067094149463405,-0.005556325442841877,1.010140866904748,9.933027318737157e-05,0.4510581041783915,0.5215924966564672,0.7476718444996844,1|1|1|1|1|1|1|1|1,0.60223653382298958|0.53751564599143808|0.17036155083401272|0.15528942497189255|0.44837777281888119|0.21762923682448429|0.71336782448784075|0.45105810417839148|0.88488792454705867
jammer:3,jammer,2,3,condor|helicopter|large_launcher|small_launcher|small_plane|small_tower|spacecraft|ta-ta|tank,9,0,1,,947.5520735552033,439.7171191103033,839.3472387874406,0.27445011415854886,3.6436494226499154,947.5520735552033,439.7171191103033,0.27445011415854886,3.6436494226499154,9.0,1.0067992535427215,0.00014321795274210904,-0.0001487955165608839,1.0134257935871351,-13.081514046528355,51.35666569848547,1.020316353814657,1.0067992629213347,1.0134258053130683,1.0065817910637975,1.0065817910637975,-0.008281819522672398,1.0101071001704012,3.2676985559926998e-06,0.5032676588297976,0.5105004409813321,0.7062918116080271,1|1|1|1|1|1|1|1|1,0.67984593781502545|0.25558071179414049|0.15063261655880864|0.33331537638578085|0.10171933388295505|0.78174135356936958|0.68742942611769153|0.5804231718197389|0.50326765882979763
jammer:4,jammer,3,4,condor|helicopter|jet_plane|large_launcher|small_launcher|small_plane|small_tower|spacecraft|ta-ta|tank,10,1,1,,944.7569859492969,495.3999080777945,804.4530400070055,0.3792367786671356,2.6368750507653735,954.7046060859774,454.28759492998773,0.29269890775591156,3.4164801217294714,9.258951651153945,1.00668684886855,0.00031617715761623637,-0.0005059416190192843,1.0149636743207417,-12.96192368363836,50.6293972375496,1.021750742985176,1.0066858448994755,1.0149648454500768,1.008224016054808,1.008224016054808,-0.023299740990266146,1.0108168691633397,9.656513812133144e-05,0.6917639306514033,6.9156097890008015,3.6729472471116464,1|1|0.13824482831301721|1|1|1|1|1|1|1,0.51600102678386384|0.29782540013922199|21.700630950240541|1.4314727960062013|0.79716618941654349|0.75371273456179|0.62981512674101658|0.51380455939039249|0.53145401812197901|1.6698712800973325
jammer:5,jammer,4,5,condor|helicopter|jet_plane|large_launcher|small_launcher|small_plane|small_tower|spacecraft|ta-ta|tank,10,0,1,,955.3663982996262,504.8346060754917,811.0899922379779,0.3874004760527215,2.5813081341281303,955.3663982996262,504.8346060754917,0.3874004760527215,2.5813081341281303,10.0,1.0069075650133907,0.00034533544102074374,-9.342580960615804e-05,1.0134092798640102,-13.524008112889078,51.48491146661945,1.0204095026130875,1.0069051496840404,1.0134117428372322,1.006461972267431,1.006461972267431,-0.012443180654221274,1.0101532074953221,0.00012524880949816455,0.39082474010302437,0.48152400798669404,0.7346206255080059,1|1|1|1|1|1|1|1|1|1,0.54726611415815662|0.72724986481439757|0.80095747175048138|0.31495047090143752|0.056393512015246242|0.42301531924964925|0.29575421310203825|0.50439373607288762|0.311304065093986|0.35863416095639944
jammer:6,jammer,5,6,condor|helicopter|jet_plane|large_launcher|small_launcher|small_plane|small_tower|spacecraft|ta-ta|tank,10,0,1,,964.2206762458477,510.97788969143556,817.6937744330007,0.39050161494270175,2.5608088718064064,964.2206762458477,510.97788969143556,0.39050161494270175,2.5608088718064064,10.0,1.0070201403564554,0.0002517789422737361,0.00019044855008134272,1.0135667391181638,-13.50342635365223,50.8558265408991,1.0206820719364735,1.0070126811250666,1.0135741992803258,1.0065158247539927,1.0065158247539927,-0.0017390851455687272,1.0102881133302883,0.00022101439239942112,0.540334588263114,0.658479670004312,1.049262783412313,1|1|1|1|1|1|1|1|1|1,0.76877735878550313|0.28827451566557138|0.51594147625028641|0.30963842473335657|0.2845753433964604|0.66918945777359451|0.32351232165640248|1.1242063637062367|0.56472770027594155|1.0409357189352104
jammer:7,jammer,6,7,condor|helicopter|jet_plane|large_launcher|large_tower|small_launcher|small_plane|small_tower|spacecraft|ta-ta|tank,11,1,1,,1041.7458863540269,619.929097138719,837.2110882306265,0.5482947642262902,1.8238364931518547,989.2299340596385,546.6483472690041,0.43960835530239445,2.2747520331184963,10.338832871943435,1.0067647195209863,0.00017997537833174817,-0.001031512925627435,1.0151368131600191,-12.928895460966942,51.50666040816702,1.0220041146234038,1.0067433039358333,1.0151585916965213,1.0083589210157036,1.0083589210157036,-0.034330632485046246,1.0109421915339194,0.0004282769033643559,0.7012520667540572,4.988321892872762,2.140545750904979,1|1|1|1|0.18548066540201824|1|1|1|1|1|1,0.37109243755804594|0.56306576188535074|2.095703179349397|2.140545750904979|16.174192568792733|0.38679396868530125|0.81229236226234658|0.51193431534389244|0.70125206675405716|0.81377542634594147|0.67694345532592204
jammer:8,jammer,7,8,condor|helicopter|jet_plane|large_launcher|large_tower|small_launcher|small_plane|small_tower|spacecraft|ta-ta|tank,11,0,1,,1052.9059218017958,631.2675622435349,842.6815205191069,0.5611771857911343,1.7819683788289145,1052.9059218017958,631.2675622435349,0.5611771857911343,1.7819683788289145,11.0,1.0068891129626847,0.0004483562094464212,0.00042071073027718375,1.0131984736577877,-13.457937635985218,50.877607605811136,1.0201783237681676,1.0068593268197141,1.0132282599899265,1.0063255441952645,1.0063255441952645,-0.0007841092086343322,1.0100387733984115,0.00043449029711395046,0.8158689405828676,0.7561285810312093,1.1048024685865558,1|1|1|1|1|1|1|1|1|1|1,0.60462498479781668|0.86610399819662165|0.090270135413425837|0.82726492909408633|1.1048024685865558|0.33218098917239158|1.1938239908420234|0.81586894058286763|0.83475608810459745|0.28124963329938429|0.53207296214468724
jammer:9,jammer,8,9,condor|helicopter|jet_plane|large_launcher|large_tower|small_launcher|small_tower|spacecraft|ta-ta|tank,10,1,1,,1050.348462416164,557.7044090425887,890.0548773162568,0.3926219602737963,2.5469792858826503,1019.6655442697453,461.7267958258022,0.2579369377891225,3.8769166160201314,9.23625355983419,1.007094536835203,0.00027893875447691004,0.00023884196367388751,1.0106282744661335,-13.786531249600557,53.01181879981857,1.017798147363751,1.0070756708109916,1.0106471408887525,1.0035463770809643,1.0035463770809643,-0.0011385988560286499,1.0088598254285632,0.00025885524727904625,1.0415981002614008,7.655478441156231,4.303084307020507,0.12531204580302047|1|1|1|1|1|1|1|1|1,23.940236397670311|1.8445680718514028|1.2908060428176145|0.21872512134087685|0.20247759801642912|0.79239015770518717|2.1211785191705377|1.4489472660541676|0.11849506370674132|0.72826070422650913
jammer:10,jammer,9,10,condor|helicopter|jet_plane|large_launcher|large_tower|small_launcher|small_tower|spacecraft|ta-ta|tank,10,1,1,,1056.6462664960304,559.6552346887412,896.2629919758431,0.38991524192212834,2.564659937555644,1025.83994056132,460.53730299760605,0.2524175616870328,3.9616894851392277,9.166153734902451,1.0069131940782483,0.0003925380477632897,-3.513881156711879e-07,1.010018931719627,-13.67919060804752,54.162054679283415,1.0170013887552432,1.006900881032898,1.010031283031537,1.0031089475216544,1.0031089475216544,-0.01116096368265628,1.0084648673876762,0.00019579083414763624,0.7523561509143482,11.026837880826848,5.636735506882807,0.08646894156355886|1|1|1|1|1|1|1|1|1,34.694538244056737|2.4080907583079378|1.2672931783354662|0.39008820156241936|0.32717041940671721|0.31442029444128916|1.6973553073444954|0.72197043969744834|0.65008372089325095|0.78274186213124797
jammer:11,jammer,10,11,helicopter|jet_plane|large_launcher|large_tower|small_launcher|small_tower|spacecraft|ta-ta|tank,9,0,1,,1029.703007643766,451.49352258902843,925.4414530432316,0.2380154508829487,4.201407918227041,1029.703007643766,451.49352258902843,0.2380154508829487,4.201407918227041,9.0,1.007092515251204,0.00031001232393265135,0.0003958702341227604,1.0125530515106815,-13.813183913278408,51.595352461215384,1.0197344767465228,1.0070697983496364,1.012575770237218,1.0054673190444243,1.0054673190444243,0.0024357223711435165,1.0098190316816784,0.0003530573461611877,0.40015728669265016,0.5576118744763751,0.831945528122209,1|1|1|1|1|1|1|1|1,0.39089738378090261|0.62992166910071001|0.80053914383245539|0.95757106528122349|0.52594614234833748|0.33416135725149881|0.40015728669265016|0.15569702254763965|0.343978355478404
jammer:12,jammer,11,12,helicopter|jet_plane|large_launcher|large_tower|small_launcher|small_tower|spacecraft|ta-ta|tank,9,0,1,,1038.0837848865785,457.1656188419297,931.9965350758123,0.24061268981037862,4.156056776506997,1038.0837848865785,457.1656188419297,0.24061268981037862,4.156056776506997,9.0,1.0069316472222323,7.96414108157501e-05,0.0004036521617862593,1.0125700229136012,-13.16168507217435,51.64879061280294,1.0195887689528182,1.0069213227896436,1.0125803733384846,1.0056201516650405,1.0056201516650405,0.009192588777080188,1.0097468836063908,0.00024209909633956457,0.5894230762278307,0.5562717705715865,0.751051923898472,1|1|1|1|1|1|1|1|1,0.13505813047977486|0.6068431240244796|0.7479030887761664|0.60825802534497131|0.41767385032071591|0.76364726438769415|0.25058062138420556|0.54889854525216197|0.58942307622783074
jammer:13,jammer,12,13,helicopter|jet_plane|large_launcher|large_tower|small_launcher|small_tower|spacecraft|ta-ta|tank,9,0,1,,1046.4136312445098,462.9151288708488,938.4514218204405,0.24332075521757296,4.109801480378517,1046.4136312445098,462.9151288708488,0.24332075521757296,4.109801480378517,9.0,1.0072151622864531,0.0003352557254964998,0.0005250907009738407,1.012572091009724,-14.229445078861772,51.23443653098775,1.0198777869334286,1.007180842814277,1.0126064194029678,1.0053868941485529,1.0053868941485529,0.005385093330519718,1.009889987539944,0.0004304249537963443,0.5946640883825142,0.6617093242056353,0.9767402777225129,1|1|1|1|1|1|1|1|1,0.58683162825966317|0.54607747487924085|0.70013868778506172|1.0195997837347968|0.96602540121944191|0.17874961380829416|0.66760650327842985|0.59466408838251417|0.062473006771259804
jammer:14,jammer,13,14,helicopter|jet_plane|large_launcher|large_tower|small_launcher|small_tower|spacecraft|ta-ta|tank,9,0,1,,1055.0562415527934,468.74030641549894,945.2122502279635,0.24592683240654858,4.0662500720818935,1055.0562415527934,468.74030641549894,0.24592683240654858,4.0662500720818935,9.0,1.0072169440383,0.00041209000987599487,0.0002985072008252366,1.0131159421661924,-14.186351483805083,51.695852379898724,1.0204274202132801,1.0071956229559005,1.013137266441396,1.0058991951017997,1.0058991951017997,-0.003221160048143009,1.0101620762101893,0.0003551327843984555,0.45453695138972416,0.5296381790619029,0.7912649998427984,1|1|1|1|1|1|1|1|1,0.29814617025422696|0.53288154549339295|0.78375944456035351|0.82128722097257778|0.37880960422529519|0.45453695138972416|0.43171410203057337|0.29157121700856015|0.49143927695399486
jammer:15,jammer,14,15,helicopter|jet_plane|large_launcher|large_tower|medium_launcher|small_launcher|small_tower|spacecraft|ta-ta|tank,10,1,1,,1165.553499415621,533.8458816741946,1036.1098081861312,0.26547291809630436,3.766862575553694,1095.475140379136,500.1258363052397,0.2633070197016485,3.7978478550746337,9.438350318776083,1.0071827777928246,0.0002642950638625732,-6.873813756791643e-05,1.0144021278152375,-14.235047078567277,50.67673376987818,1.0216883710590534,1.0071814674456216,1.014403465594163,1.0071705034117213,1.0071705034117213,-0.009438830223824812,1.0107860164540532,9.718380878099904e-05,0.7087857816526935,3.967843892808887,3.6715943218894185,1|1|1|1|0.24801050831375335|1|1|1|1|1,0.90919074535046762|0.94930103733603033|0.74390967547326059|2.7355201745496163|12.096261647947673|0.38657645669213103|0.23235248104188405|0.5909585547788343|0.58953527031926245|0.67366188783212644
jammer:16,jammer,15,16,helicopter|jet_plane|large_launcher|large_tower|medium_launcher|small_launcher|small_tower|spacecraft|ta-ta|tank,10,0,1,,1176.6256350258566,542.561339721237,1044.0666059403952,0.27004819521004486,3.7030427076996193,1176.6256350258566,542.561339721237,0.27004819521004486,3.7030427076996193,10.0,1.00730742416427,0.0006859597448038108,0.0003833869984586765,1.0132344371226387,-14.820349889728732,51.43361677634903,1.0206383079444916,1.0072595890745208,1.013282294867268,1.0059792985423757,1.0059792985423757,-0.0085799465795929,1.0102664539340558,0.0005342295855289257,0.6022037626747252,0.7422707916516018,1.158709853144923,1|1|1|1|1|1|1|1|1|1,0.57202197738135363|0.60524212327449112|1.2727968164569416|1.1460335238880319|0.64032893226853616|0.59916540207495927|0.5533610931166163|0.80135790973335186|0.14650890787330254|0.37928796137270243
jammer:17,jammer,16,17,helicopter|jet_plane|large_launcher|large_tower|medium_launcher|small_launcher|small_tower|spacecraft|ta-ta|tank,10,0,1,,1186.7567916384553,549.7042173825272,1051.7684896838578,0.27316045464563954,3.6608520120427435,1186.7567916384553,549.7042173825272,0.27316045464563954,3.6608520120427435,10.0,1.0070702067500341,0.0006628322467023857,0.0004338980390993135,1.0131184102546607,-14.35531427019123,51.31329452418299,1.0202810792758148,1.0070208973891623,1.0131677325873092,1.006103979782429,1.006103979782429,-0.0064929401716595034,1.0100896392280314,0.0005480224385408243,0.4110267020899359,0.5463270375830336,0.8194416903499456,1|1|1|1|1|1|1|1|1|1,0.26780880989869782|0.24189236512612947|0.84979138276528865|0.81606950230379638|0.42682061610321498|0.31338978587336458|0.32366670454216928|0.39523278807665685|0.5676479291140486|0.77640308997090701
jammer:18,jammer,17,18,helicopter|jet_plane|large_launcher|large_tower|medium_launcher|small_launcher|small_tower|spacecraft|ta-ta|tank,10,1,1,,1196.7397377876277,556.8755385500187,1059.2807156578592,0.2763720696561587,3.6183106391471633,1223.582286875587,517.5195488435659,0.21786429099901106,4.590013330842453,9.18521406306354,1.007372670157468,0.0007102310440079367,7.381474543584564e-05,1.012152794797008,-15.133152212170899,53.371618653391124,1.019615011076482,1.007340783474264,1.0121847817576537,1.0048086986676772,1.0048086986676772,-0.018055710288003495,1.0097598779296402,0.0003912696911219321,0.7260456700880535,9.830989411248028,4.945293620113901,0.096874566418635108|1|1|1|1|1|1|1|1|1,30.967880537764248|1.0742362856347307|0.24713789747995987|0.83106602772493954|0.62102531245116743|0.14459095448632059|2.0538950737083188|0.85384249734329731|0.33888712810350013|0.31498588348663392
jammer:19,jammer,18,19,jet_plane|large_launcher|large_tower|medium_launcher|small_launcher|small_tower|spacecraft|ta-ta|tank,9,1,1,,1236.7222035048837,518.5013669560418,1122.7814306919631,0.21325998220176878,4.689112273552961,1257.960211510629,451.6325308599947,0.147967452991457,6.758242976972346,8.373362730295275,1.0074129300824743,0.00037235869359456035,-0.00013143274958317926,1.0109550063297041,-14.725446708873733,55.056190138546754,1.0184491940482805,1.0074088694048011,1.010959129881398,1.003524150505737,1.003524150505737,-0.014301219479709618,1.0091824384363217,0.00012002091117906181,1.4252325498933627,4.979195429945092,4.39387874103698,1|1|1|1|1|0.20629304468612064|1|1|1,0.48170581770825072|1.8567435461550237|1.4407425120340349|1.4252325498933627|0.05748863000775694|14.542419520564794|1.8441224940372831|0.25761897049281429|0.62649381988863517
jammer:20,jammer,19,20,hangar|jet_plane|large_launcher|large_tower|medium_launcher|small_launcher|spacecraft|ta-ta|tank,9,3,1,,1412.3968551873832,603.2661593303147,1277.080583812181,0.223142001186677,4.481451249347791,1276.9621451082623,458.4010802632376,0.14792779763001135,6.760054675465012,8.038598995250856,1.0062568863154577,-0.001354929074101515,0.002160440394192919,1.0178536696657023,-10.825927753374344,41.89013700420128,1.0242251916060752,1.0062444417904075,1.0178691668434705,1.0115525856047256,1.0115525856047256,0.09950821651411411,1.0120401136348673,0.0004128253811818362,1.3997756430053252,6.157819728154169,8.32871080912878,0.1810809868970312|1|0.47824484725446104|1|1|1|1|1|0.73511887880038951,16.580395294500661|1.3525424773973989|6.265789687785805|1.6469375373239217|1.312790072275865|0.66625649063231174|1.3469351479994327|1.3997756430053252|4.0763181515536431
jammer:21,jammer,20,21,hangar|jet_plane|large_launcher|large_tower|medium_launcher|medium_plane|small_launcher|spacecraft|ta-ta|tank,10,4,1,,1457.3310794050883,660.3551032470967,1299.1324076534756,0.2583736637495396,3.870363509530805,1371.1702419062838,639.8354758234285,0.27836017907242316,3.59246787141857,9.167343011380666,1.0053234555938353,3.611287866457809e-05,0.0018081845980963526,1.0170591344252267,-11.473459921311587,43.50017619613391,1.022473338264893,1.0052518264875607,1.0171315399023007,1.0118176491717987,1.0118176491717987,0.05020425167536143,1.011174237342355,0.0009272899576597424,2.0977422627345326,6.301199218541739,5.9618547902457095,0.16261505091986458|1|0.78035853963765023|0.65581635472975452|1|1|1|1|1|1,18.448477862155652|1.5924160912159266|3.8443851409466094|4.5744522267001653|2.6030684342531387|0.10848522036711736|0.9546680106259483|1.0708026680348923|1.3995276374677386|2.7676090591599092
jammer:22,jammer,21,22,hangar|jet_plane|large_launcher|large_tower|medium_launcher|medium_plane|small_launcher|spacecraft|ta-ta|tank,10,4,1,,1470.1376313121164,673.1456727234474,1306.9734344253893,0.26526783704104845,3.769774772375652,1450.0163667101692,618.6024330938233,0.22249767740938145,4.494428938060617,8.898240392691411,1.005324473530928,2.884328787058838e-05,0.0008654223591053698,1.0127574423367978,-11.65882931240526,50.48915502376963,1.018149817570144,1.005297759434344,1.012784329831822,1.007447117361219,1.007447117361219,0.02375148743378508,1.009034101291995,0.00044867342263132866,2.16232390690781,6.592919330776865,7.623554545630066,0.46765375554497596|1|1|0.58998103002516078|1|1|1|0.16215757646053613|1|1,6.4150024765983922|2.0445469552937134|1.969105022866265|5.0849092552543915|2.2849027723466553|1.6990485759432787|1.3607989445039115|18.500523166915176|1.4738417094269807|2.2801008585219065
jammer:23,jammer,22,23,hangar|jet_plane|large_launcher|large_tower|medium_launcher|medium_plane|small_launcher|ta-ta|tank,9,2,1,,1509.7876373439224,609.1926872225495,1381.4278771297154,0.19447014195614407,5.142177559707417,1502.2444686669644,619.1199826699278,0.2046032037000012,4.887509002382226,8.83920927230919,1.0054891448186916,9.32728610696867e-05,0.00038416800323263063,1.0131563432475494,-12.187128205945783,52.1886446799565,1.0187176693071625,1.0054817298603551,1.0131637791654808,1.007640167968236,1.007640167968236,0.008256558127693794,1.0093154458875393,0.00023927286712797813,1.2914713501016202,2.18073569472387,2.935348395154496,1|1|1|0.59037097837994956|1|1|1|1|1,0.091696213973445989|2.1465530336299987|1.7256632671318419|5.0815506010006937|2.3987978436929458|0.24160963066242497|1.2914713501016202|0.83768153488740849|1.0963987767796657
jammer:24,jammer,23,24,hangar|jet_plane|large_launcher|large_tower|medium_plane|small_launcher|ta-ta|tank,8,1,1,,1437.9243721420123,541.0315176346469,1332.2580068912894,0.1649181494811604,6.063613999708601,1437.9243721420123,541.0315176346469,0.1649181494811604,6.063613999708601,8.0,1.006575935318905,-0.0014348231665658494,0.0002085701456491822,1.0133091447731513,-11.640119963024972,52.624381732506436,1.019972899428511,1.0065208936743113,1.013364854956059,1.0067996216718003,1.0067996216718003,0.04661625605410859,1.0099370769649518,0.0006103872141413374,1.0326313045926263,1.5190115940305344,2.263311964132737,1|1|1|1|1|1|1|1,1.0292306556779134|1.4582185912404586|2.9684931828633401|1.9610914418196219|0.64260729050488219|1.0360319535073392|0.94230186801683524|0.49130643300940213
jet_plane:1,jet_plane,0,1,condor|helicopter|jammer|large_launcher|mine_roller|small_launcher|small_plane|small_tower|spacecraft|ta-ta|tank,11,1,1,,946.3932031884646,556.7028362143444,765.3378647317975,0.529103296126165,1.8899901159594161,897.865749819177,566.4837577397377,0.6613041904313546,1.5121634105293078,10.431169205409264,1.0065969613529702,0.00022703672089912817,0.0010397833119522924,1.0148428356467143,-12.844114656747479,47.2455080115642,1.0215374785438207,1.0065486711706442,1.0148912892167887,1.0082883404301173,1.0082883404301173,0.023036524283755917,1.0107113725212657,0.0006350676464743074,0.5259214640909475,3.8253508992552048,2.1524610840028715,1|1|1|1|1|1|1|1|1|1|0.24355759242603722,0.75707133175528962|0.38940174231311031|0.44315712935646245|0.018053676593624723|0.41795664676960564|1.3838647985747892|0.52592146409094753|0.32797437990562772|1.1041569984031008|2.1524610840028715|12.317415236854266
jet_plane:2,jet_plane,1,2,condor|helicopter|jammer|large_launcher|small_launcher|small_plane|small_tower|spacecraft|ta-ta|tank,10,0,1,,923.1884504260222,467.42791098800296,796.1080724558643,0.34473488018419196,2.9007798673162974,923.1884504260222,467.42791098800296,0.34473488018419196,2.9007798673162974,10.0,1.006856587449156,3.651726532237786e-05,9.345444295888357e-05,1.013350617306214,-12.981089264852699,50.964448848293046,1.0202987410177295,1.006855937601026,1.0133512679566978,1.0064511020028821,1.0064511020028821,0.0016148145434862927,1.0100983818508618,6.507736743348812e-05,0.5186652761213597,0.546008232077731,0.778068048346017,1|1|1|1|1|1|1|1|1|1,0.76172234134280536|0.50485682057069003|0.60572859051159245|0.27850343379503378|0.14926698693263313|0.53247373167202938|0.20054289363802422|0.60643881962965418|0.36321608817196793|0.92517941137492188
jet_plane:3,jet_plane,2,3,condor|helicopter|jammer|large_launcher|small_launcher|small_plane|small_tower|spacecraft|ta-ta|tank,10,0,1,,931.3831220287385,473.3274013692366,802.1444328255639,0.3481914851496681,2.8719829250567566,931.3831220287385,473.3274013692366,0.3481914851496681,2.8719829250567566,10.0,1.0068503119858432,4.8304109867667844e-05,-0.00015034345715859434,1.0134286710934137,-13.136898745589178,51.35834479833511,1.020370980928009,1.0068499212002762,1.0134290716451704,1.0065343903856605,1.0065343903856605,-0.0056337106210546046,1.0101341400665602,5.134308789662228e-05,0.4184601454954665,0.4934078159570135,0.7036704650751486,1|1|1|1|1|1|1|1|1|1,0.69438812776107117|0.23685258297646974|0.24762794923467399|0.21138495732270801|0.33539146983109019|0.019839934019126669|0.78721150090184555|0.65316430636141731|0.61603387186420577|0.50152882115984287
jet_plane:4,jet_plane,3,4,condor|helicopter|jammer|large_launcher|small_launcher|small_plane|small_tower|spacecraft|ta-ta|tank,10,0,1,,939.6534161593838,479.360121971981,808.1846422464408,0.35180549419427504,2.8424797693687434,939.6534161593838,479.360121971981,0.35180549419427504,2.8424797693687434,10.0,1.006764915388957,0.0001722814638989104,-7.127492657495446e-06,1.0135371541959002,-13.03938825926366,51.173864949737776,1.0203936485155347,1.0067639126229184,1.0135381649279689,1.006728739697673,1.006728739697673,-0.005088039132989254,1.0101453600920685,8.227628761444723e-05,0.3887480357551809,0.5240813630358906,0.723507580102789,1|1|1|1|1|1|1|1|1|1,0.65991029512239907|0.375677541894194|0.40181852961616776|0.13535790441615325|0.19752521880455051|0.27057068232160675|0.21729918050555957|0.65120630110195143|0.697295266609542|0.95941840154201319
jet_plane:5,jet_plane,4,5,condor|helicopter|jammer|large_launcher|small_launcher|small_plane|small_tower|spacecraft|ta-ta|tank,10,0,1,,948.0288893277461,485.4627125470692,814.3001471978508,0.35542070976477874,2.8135670559597123,948.0288893277461,485.4627125470692,0.35542070976477874,2.8135670559597123,10.0,1.0070142855767492,7.359728043684305e-05,-0.00016626154191863658,1.0136575320205903,-13.458806526689159,51.308539388903114,1.0207676276636029,1.0070139695752913,1.0136578622579706,1.0065976171963944,1.0065976171963944,-0.006801152970867407,1.010330454684804,4.672641543482166e-05,0.27010058510081947,0.37481846434828947,0.5920803294109906,1|1|1|1|1|1|1|1|1|1,0.58320981181293197|0.67191498779351955|0.24279274734436004|0.11552358458701588|0.29079931775681928|0.20282861736198474|0.20704796862233252|0.45331390920909981|0.32361091323380692|0.24940185244481969
jet_plane:6,jet_plane,5,6,condor|helicopter|jammer|large_launcher|small_launcher|small_plane|small_tower|spacecraft|ta-ta|tank,10,0,1,,956.6582997601599,491.7391016806224,820.6020706641767,0.3590907929541081,2.7848110272429074,956.6582997601599,491.7391016806224,0.3590907929541081,2.7848110272429074,10.0,1.007114808998867,0.0001242494477543224,0.0002177475077533709,1.0135920313343167,-13.675659307551314,50.6709672792349,1.0208035179850266,1.0071102988675982,1.013596543628662,1.0064404512279908,1.0064404512279908,0.0026510744259666177,1.010348216203219,0.00017114832803644193,0.5133987318301326,0.701625530184193,1.0382029111743987,1|1|1|1|1|1|1|1|1|1,0.91878708248304386|0.24881056029153503|0.8304168289867373|0.37908665135704778|0.16091143451434442|0.64771081230321748|0.24555591770904914|1.0175084796309137|0.37826049330012645|1.2244527950657635
jet_plane:7,jet_plane,6,7,condor|helicopter|jammer|large_launcher|large_tower|small_launcher|small_plane|small_tower|spacecraft|ta-ta|tank,11,1,1,,1055.93146182227,613.5340677008788,859.3993250151698,0.5096679791803674,1.962061657489586,987.8413765916544,535.1837853902258,0.4154597999270032,2.406971745944376,10.360212516282976,1.0068415587255761,-6.932988416366551e-06,-0.0011390391509819306,1.0156791624211194,-12.899800245142842,50.795156128079725,1.0226279831602223,1.0068047224574608,1.015716315537475,1.0088513620181105,1.0088513620181105,-0.03207131458435097,1.0112507024275545,0.0005754594042946558,0.8491297926200525,4.688690474833831,2.828789793991203,1|1|1|1|0.19855764110787297|1|1|1|1|1|1,0.45617547715149775|0.32410987082945009|1.1339518561448483|2.828789793991203|15.108962733909095|0.29755325063463628|0.89358458610244484|0.8491297926200525|0.55858301428202417|0.54148845789671252|1.3141262835337224
jet_plane:8,jet_plane,7,8,condor|helicopter|jammer|large_launcher|large_tower|small_launcher|small_plane|small_tower|spacecraft|ta-ta|tank,11,0,1,,1067.352898878249,624.9689852227457,865.2490845146576,0.521716574549436,1.916749531800132,1067.352898878249,624.9689852227457,0.521716574549436,1.916749531800132,11.0,1.00697663427049,0.0002607055348766129,0.00036478626899474903,1.0133143595457064,-13.532433706389838,50.93181936875976,1.0203837881314932,1.0069612400280377,1.0133297564691586,1.0063244901471515,1.0063244901471515,0.0029517464595794373,1.0101404794044704,0.0003129091540175558,0.864976726414066,0.8288926030076181,1.0227725823468594,1|1|1|1|1|1|1|1|1|1|1,0.67838997893727682|0.8649887458701786|0.98232088433333298|0.75313768017606153|1.2904987922563229|0.36603520954049507|1.0227725823468594|0.86497672641406598|0.93344609696720982|0.23548324767103235|0.54471264504448158
jet_plane:9,jet_plane,8,9,condor|helicopter|jammer|large_launcher|large_tower|small_launcher|small_tower|spacecraft|ta-ta|tank,10,1,1,,1082.707297703308,581.4967208563193,913.2998719661292,0.40538506680124936,2.466790421982357,1068.0974219077445,512.6947858361709,0.29938847501785715,3.3401419341220624,9.225666460036344,1.007136009061168,9.784247561524141e-05,9.168382980061934e-05,1.0113797415864931,-13.814159915004893,53.08116684729214,1.0185969476161632,1.007133894045245,1.0113818566118113,1.00421787270956,1.00421787270956,-0.00017481380196279525,1.0092556403687636,9.475667873136767e-05,1.0318412363641534,8.013280731184276,4.2278445829288485,0.11934176937362809|1|1|1|1|1|1|1|1|1,25.137887729884238|1.0664772274394629|1.9045064554893698|0.066879802802074104|0.54519928962041797|1.1094575090434975|1.5020059251503286|0.71935250280301366|0.3850239866217271|0.99720524528884369
jet_plane:10,jet_plane,9,10,condor|helicopter|jammer|large_launcher|large_tower|small_launcher|small_tower|spacecraft|ta-ta|tank,10,1,1,,1089.7848560610485,584.4368645255955,919.8176905688924,0.403712027572053,2.477013147252652,1075.884956143352,514.4947092102033,0.29648050970709616,3.372902997866323,9.157786589444314,1.0069547615132004,0.0001101684102423282,-0.00021853811708997742,1.011328993482218,-13.568666708928049,53.935554361149116,1.0183625695192688,1.0069541037966425,1.0113296779660679,1.0043453561119893,1.0043453561119893,-0.009331441380038776,1.0091395193526358,5.454105598377287e-05,0.8331877800529037,11.631381606447338,6.110676195430047,0.081935920262010367|1|1|1|1|1|1|1|1|1,36.613978221112248|1.227655618690469|2.7214204147987049|0.25630008595316295|0.74009349790681034|0.062101539888749405|0.69151941627158653|0.41077574745166773|1.1276050648434139|0.92628206219899711
jet_plane:11,jet_plane,10,11,helicopter|jammer|large_launcher|large_tower|small_launcher|small_tower|spacecraft|ta-ta|tank,9,0,1,,1082.678628377636,511.635440994614,954.1604623248261,0.2875268506976217,3.4779360521416223,1082.678628377636,511.635440994614,0.2875268506976217,3.4779360521416223,9.0,1.007107373559225,0.0002742010315023955,0.00031185340412596155,1.0130245636863389,-13.866063625902825,51.52134579833478,1.0202244221746035,1.0070928980455418,1.0130390395509155,1.005904263168684,1.005904263168684,0.0010679114566523084,1.0100615932578585,0.0002930823617475303,0.4202020260954807,0.697359181661367,1.093944929867194,1|1|1|1|1|1|1|1|1,0.089068968254814501|1.0650037679301236|0.905035019285789|1.2097095776154745|0.67262923100401073|0.33760644994398242|0.34698232059764095|0.42020202609548069|0.29792923340993582
jet_plane:12,jet_plane,11,12,helicopter|jammer|large_launcher|large_tower|small_launcher|small_tower|spacecraft|ta-ta|tank,9,1,1,,1091.8143892135822,518.2938933653479,960.952704660337,0.29090297113664515,3.437572315238652,1091.3613886535227,509.72481840077546,0.2790006008501128,3.5842216717562874,8.974293399670128,1.0069604631973104,-0.0003055151802884668,0.0006603077775429069,1.0104303773909673,-12.799987740145752,52.98781563903549,1.0174636425802912,1.0069515331457095,1.0104395386357294,1.003463925894351,1.003463925894351,0.027430269781858068,1.0086940282267418,0.00017822688641239682,1.097818977023027,1.602738398695829,2.3443448768455664,1|0.83286070012154789|1|1|1|1|1|1|1,1.4426060392732336|3.6020429470774546|0.69808666090459837|1.0978189770230271|0.31825076840005795|2.0299203592875941|1.4199146512238523|0.23608599148764295|0.27716759105171457
jet_plane:13,jet_plane,12,13,helicopter|large_launcher|large_tower|small_launcher|small_tower|spacecraft|ta-ta|tank,8,0,1,,1089.837973551,444.86144224388585,994.9095967968345,0.19993199101153966,5.001700803060987,1089.837973551,444.86144224388585,0.19993199101153966,5.001700803060987,8.0,1.0072124506061977,0.0004556477333038357,0.0005291074115013818,1.0123937588320495,-14.39470048352905,51.47922318022893,1.0196953577250558,1.0071660759207226,1.012440134853509,1.0052365335359068,1.0052365335359068,0.002084034750728034,1.0097996621731737,0.000492471802633554,0.6560547137358552,0.6644249165704023,0.8600452438983864,1|1|1|1|1|1|1|1,0.64234298694601555|0.76661976033148105|0.77733354794708376|1.0530392011180929|0.14143305887225771|0.66976644052569489|0.57305921882112609|0.14576392262671414
jet_plane:14,jet_plane,13,14,helicopter|large_launcher|large_tower|small_launcher|small_tower|spacecraft|ta-ta|tank,8,0,1,,1098.6374195736735,450.3776566895507,1002.0799100083432,0.20199888080511122,4.95052247821512,1098.6374195736735,450.3776566895507,0.20199888080511122,4.95052247821512,8.0,1.0072198487610335,0.0002872725706192956,0.0003023677244227402,1.0129500534691718,-14.006500993721147,51.93488278811583,1.0202633127957466,1.007204720177098,1.0129651821095047,1.0057192562912074,1.0057192562912074,0.000428126665518143,1.0100808446831109,0.0002948415561877056,0.45344895482313774,0.5165983935272043,0.6716157803396071,1|1|1|1|1|1|1|1,0.35772937844199648|0.84778805765753407|0.5961133757747813|0.47486565162601041|0.49137367229283185|0.43203225802026501|0.36729689713541164|0.38002735472876126
jet_plane:15,jet_plane,14,15,helicopter|large_launcher|large_tower|medium_launcher|small_launcher|small_tower|spacecraft|ta-ta|tank,9,1,1,,1217.8718916390362,538.9558274719456,1092.125707269303,0.2435348311782963,4.106188815627288,1138.628155020783,490.4585155764839,0.22780942289628217,4.389634051508411,8.462290912636787,1.007182890328041,0.00038660264642758404,-0.00015594911912031347,1.0149750391305585,-14.429098910009088,49.98561132250097,1.0222655538126748,1.0071812202139547,1.0149767820288742,1.0077399793189785,1.0077399793189785,-0.015372649749302358,1.0110714879832556,0.00011428142969024768,1.0038087334099794,3.9266394014575914,4.998441096871269,1|1|0.86074934553125737|0.2711533100957359|1|1|1|1|1,1.0737100297196875|1.0061231387579643|3.4804524258392195|11.07039578099946|0.45356122459920567|0.24191370330259465|0.66426479075130873|0.47011100512531345|1.0038087334099794
jet_plane:16,jet_plane,15,16,helicopter|large_launcher|large_tower|medium_launcher|small_launcher|small_tower|spacecraft|ta-ta|tank,9,0,1,,1229.4250287165005,548.0642329020319,1100.505110323471,0.24801548323189349,4.032006336737468,1229.4250287165005,548.0642329020319,0.24801548323189349,4.032006336737468,9.0,1.00732149197537,0.0007509087695905068,0.0003633336233186201,1.0131418536247676,-14.96781660108718,51.64382753781911,1.0205592907455887,1.0072686631283236,1.0131947196450923,1.0058832928430077,1.0058832928430077,-0.010990756106280562,1.010227346068987,0.0005565629411165,0.5883288918799529,0.7502903464005362,1.1163762992585842,1|1|1|1|1|1|1|1|1,0.58832889187995285|1.2854029454817906|1.0741196377027826|0.56281390292316369|0.67083889078489389|0.56621187168063292|0.78811576733857691|0.08755652250910391|0.44511012574087577
jet_plane:17,jet_plane,16,17,helicopter|large_launcher|large_tower|medium_launcher|small_launcher|small_tower|spacecraft|ta-ta|tank,9,0,1,,1239.8894937816528,555.238799480298,1108.618885073586,0.25083900431194717,3.986620831728325,1239.8894937816528,555.238799480298,0.25083900431194717,3.986620831728325,9.0,1.0070652466839507,0.0006400025979567792,0.0004255611869662394,1.0130800383050433,-14.30171275337807,51.40338766251489,1.0202374263259895,1.007018423880156,1.0131268724904747,1.0060658757232883,1.0060658757232883,-0.006082031746793845,1.0100680305434824,0.0005324626499465654,0.48701385172455197,0.5690072145835664,0.7912210859123961,1|1|1|1|1|1|1|1|1,0.27474225820711934|0.85073400307233527|0.77634285662241131|0.48701385172455197|0.34520850442872447|0.32522594878028205|0.39897228617687597|0.60486164766742589|0.72444681637700215
jet_plane:18,jet_plane,17,18,helicopter|large_launcher|large_tower|medium_launcher|small_launcher|small_tower|spacecraft|ta-ta|tank,9,1,1,,1250.2036722959272,562.459872866791,1116.5339733464878,0.2537693717454832,3.940585867875914,1288.4763797621429,528.2439425824945,0.20203870727836526,4.949546616442254,8.185589137050439,1.0073883390599552,0.000783006757350804,3.173541681536152e-05,1.0119569582662002,-15.305122627447417,53.83251840615685,1.019433614538906,1.007352369089268,1.0119930679872828,1.0046068277997007,1.0046068277997007,-0.021316153880592728,1.0096700523135793,0.0004065212110606204,0.6558604964985768,10.341147424716315,7.864876279756503,0.097022066834708681|1|1|1|1|1|1|1|1,30.920800781444743|0.23763470560666997|0.65586049649857681|0.83087891363453081|0.14655513827976208|2.1008951543344372|0.80261656230273259|0.22847860971104825|0.22233281161156673
jet_plane:19,jet_plane,18,19,large_launcher|large_tower|medium_launcher|small_launcher|small_tower|spacecraft|ta-ta|tank,8,1,1,,1303.4273435231248,529.815940846415,1190.8895451169174,0.19792792733696182,5.052344120683651,1336.914302053154,466.67045644470903,0.13875322895394293,7.207039486857166,7.374802136917808,1.007417675880896,0.00039385505433096294,-0.00015518684641667812,1.0108484094446846,-14.775740549997408,55.30167711419176,1.0183466164317883,1.0074135673319111,1.0108525926733671,1.0034137175167932,1.0034137175167932,-0.01558653893131539,1.0091316150194622,0.00011886745730325757,1.4496553093397835,5.266399649158507,5.656516041707959,1|1|1|1|0.20689163910123295|1|1|1,1.866303930512992|1.3549102357912204|1.5444003828883466|0.036212959268176657|14.500344301162887|1.8319530788089289|0.23779179317916321|0.70836728887082867
jet_plane:20,jet_plane,19,20,hangar|large_launcher|large_tower|medium_launcher|small_launcher|spacecraft|ta-ta|tank,8,3,1,,1495.2534876025202,637.4522629515021,1352.567042569613,0.22211492018648465,4.5021739159189025,1370.9097817525742,491.27595374999424,0.1473418425999584,6.786938335738461,6.996177446794193,1.0062959878853166,-0.001173186573914825,0.002443278721103341,1.0184962880391462,-11.221617419772883,40.274572199585464,1.0249115947516725,1.0062646365833448,1.0185308690084165,1.0121898673362113,1.0121898673362113,0.10233542486519931,1.0123791753842393,0.0006459404725590517,1.7952522352638798,6.158825117767216,9.200952502235555,0.20029376820297343|0.44594784184044678|1|1|1|1|1|0.64046586127422078,15.007648439656341|6.7123685290552197|1.8072478448324756|1.5863250823280783|0.66732747860891695|1.3853940832256255|1.783256625695284|4.6729426199824573
jet_plane:21,jet_plane,20,21,hangar|large_launcher|large_tower|medium_launcher|medium_plane|small_launcher|spacecraft|ta-ta|tank,9,4,1,,1531.4284766231642,695.5583985480328,1364.3576119264485,0.2599026821371593,3.847593998557763,1458.8555295366973,680.5874369287582,0.27818769568097473,3.5946952921555475,8.154151627200264,1.0052336398999997,8.737375066795459e-05,0.001727607190988387,1.0170433000502452,-11.58587006187713,43.505942764546944,1.0223659874978956,1.0051646451218086,1.0171129600106485,1.0118869231491843,1.0118869231491843,0.046471594014638254,1.0111211537189277,0.00091227947510609,2.3862125173376225,6.6206648961433325,7.713368022442461,0.16278670958641592|0.88172488918771696|0.59589430782608555|1|1|1|1|1|1,18.429026692517041|3.4024155445485165|5.0344533549238131|2.3862125173376225|0.27553725927891259|1.1777240113570218|0.9338892866912577|1.4113782442140739|2.8154135566400669
jet_plane:22,jet_plane,21,22,hangar|large_launcher|large_tower|medium_launcher|medium_plane|small_launcher|spacecraft|ta-ta|tank,9,4,1,,1544.8915320109086,709.0472020146824,1372.5676343969947,0.26685957340348576,3.747289209999681,1543.1840548700254,661.7491652079702,0.225320717971921,4.438118292009961,7.87195409375403,1.0052457169189788,7.437014428664231e-05,0.0008563116144129283,1.012772172920069,-11.867393102394772,50.4310416387425,1.0180848253586083,1.005217131016141,1.0128009103162214,1.0075444190773133,1.0075444190773133,0.022200964643512466,1.0090018956169549,0.000466799019702792,1.7879930985708687,6.914139027704754,8.76455041852064,0.47320404918860243|1|0.5412423179780238|1|1|1|0.16248086211933424|1|1,6.3397597826383372|1.5446123283308584|5.5428038428462472|1.7879930985708687|1.7518587899408198|1.6262064024718001|18.46371296204984|1.4375879753169594|2.2496620474185813
jet_plane:23,jet_plane,22,23,hangar|large_launcher|large_tower|medium_launcher|medium_plane|small_launcher|ta-ta|tank,8,2,1,,1597.2078151222213,646.0167504028457,1460.7310371476494,0.19559017869700934,5.112731153792287,1590.3192477190003,659.9642841249944,0.20804388024093962,4.806678277880035,7.802512103233254,1.0054060693939126,9.596801770461378e-05,0.00038979735669352416,1.013166940904347,-12.340648584642622,52.228505340557376,1.0186441542864142,1.0053984863087113,1.0131745453748733,1.007734305523685,1.007734305523685,0.008340139700862798,1.0092790269724297,0.00024344753209739405,1.0775623355886759,2.217283954384244,3.013338791695891,1|1|0.54623172026575573|1|1|1|1|1,0.196703553671849|1.2778758752419785|5.4921746370577367|1.9509805722551008|0.035109320276054054|1.5949060153111034|0.61179676783478909|0.87724879593537319
jet_plane:24,jet_plane,23,24,hangar|large_launcher|large_tower|medium_plane|small_launcher|ta-ta|tank,7,1,1,,1522.0571404436532,575.1414318956286,1409.209094525208,0.16657063219663157,6.003459234155578,1522.0571404436532,575.1414318956286,0.16657063219663157,6.003459234155578,7.0,1.0064934505650023,-0.0013561135572581885,0.0002477108649633963,1.0132717954379176,-11.781735394030875,52.69158117935126,1.019851761674567,1.006448756048471,1.0133171267245824,1.0068243620301922,1.0068243620301922,0.04549655032497566,1.0098771022627293,0.000551509949847494,0.996400218296652,1.5094356052512792,2.426280550323836,1|1|1|1|1|1|1,0.90523693298970942|2.6856559707410357|2.2533636033790363|0.47051238658534866|1.2067253178166077|0.99640021829665204|0.41053648331381842
large_launcher:1,large_launcher,0,1,condor|helicopter|jammer|mine_roller|small_launcher|small_plane|small_tower|spacecraft|ta-ta|tank,10,1,1,,842.6075064939785,393.2459181844883,745.2147729555813,0.2784617419171394,3.591157597145124,783.9174718642795,407.1823312343037,0.3694822371027488,2.706490054410684,9.431708758819711,1.0065972028690147,0.0002268519765343953,0.0010563109772997994,1.0148330722665224,-12.844356629114145,47.22499257378638,1.021527892296217,1.006547607873879,1.0148828374387382,1.008281008766655,1.008281008766655,0.023510332233710247,1.0107066301831689,0.0006432711461441259,0.6450086932390791,4.010771243524036,3.172889930329201,1|1|1|1|1|1|1|1|1|0.24366655299126583,0.76565351362315259|0.39787985945382226|0.44051237558115774|0.42480853765756033|1.3769843826796953|0.52436387285500563|0.33668286189731766|1.1053465146726436|2.1574435616391141|12.31190724854002
large_launcher:2,large_launcher,1,2,condor|helicopter|jammer|small_launcher|small_plane|small_tower|spacecraft|ta-ta|tank,9,0,1,,803.742906963307,333.42228699220345,731.3222538872421,0.20786035947381754,4.810922113920245,803.742906963307,333.42228699220345,0.20786035947381754,4.810922113920245,9.0,1.007136623303157,-0.0002156094108442946,0.000144110716469423,1.0133050095824727,-13.251406663766602,50.915550566524416,1.0205366167986911,1.0071364321332554,1.0133052327747216,1.0061250893569602,1.0061250893569602,0.010200960298851055,1.0102161238065304,3.520023581594628e-05,0.47907714751678326,0.551105009938827,0.7163121167785711,1|1|1|1|1|1|1|1|1,0.66077484743545123|0.47907714751678326|0.46865905942036057|0.034625848824878083|0.53522099693964653|0.45113577485396705|0.60006917657981362|0.34013905925450716|0.93846119415105034
large_launcher:3,large_launcher,2,3,condor|helicopter|jammer|small_launcher|small_plane|small_tower|spacecraft|ta-ta|tank,9,0,1,,811.5837359717278,337.0633553234872,738.2793881667696,0.2084402532277428,4.797537829256978,811.5837359717278,337.0633553234872,0.2084402532277428,4.797537829256978,9.0,1.0070326017548716,-0.00011478093888007972,-0.0002632297145753581,1.013529664478242,-13.303349944749016,51.46142273307498,1.0206573847615126,1.0070271107938678,1.0135351608924403,1.006462636436314,1.006462636436314,-0.004209466071925323,1.0102758953679498,0.0001892439927067375,0.4897920681582176,0.5046259006862751,0.6678437851588817,1|1|1|1|1|1|1|1|1,0.72197237644643797|0.25511654222743169|0.14337515526659536|0.45044928790555833|0.078192998281304993|0.62021122064697964|0.65056901725859151|0.6543116373369926|0.48979206815821758
large_launcher:4,large_launcher,3,4,condor|helicopter|jammer|jet_plane|small_launcher|small_plane|small_tower|spacecraft|ta-ta|tank,10,1,1,,838.1048860375413,437.8708519321021,714.6250184735035,0.3754357625135947,2.6635715076924504,823.4271236069621,360.73505881062016,0.2375053876587894,4.2104308026757025,9.277123885851287,1.0068718039160296,8.650889373587432e-05,-0.001617074467615012,1.0158251993272027,-13.142070045083983,51.56951574266202,1.0228058908012643,1.0068072218444357,1.0158904988062356,1.0090218631379695,1.0090218631379695,-0.048256418740885196,1.0113386627639944,0.0007690529393590875,1.1818493733759077,6.4750480358611435,3.6121474510647005,1|1|1|0.1487345068055391|1|1|1|1|1|1,0.75560876770100571|0.53772907798364478|1.5063584948778959|20.170168069487151|1.5058511994666131|0.85784754728520241|1.7723673823511024|0.56316764594803836|0.49168287478387718|1.6105562378781368
large_launcher:5,large_launcher,4,5,condor|helicopter|jammer|jet_plane|small_launcher|small_plane|small_tower|spacecraft|ta-ta|tank,10,0,1,,849.0862220646382,445.6197686603131,722.7519867002297,0.3801458987526871,2.630568955974911,849.0862220646382,445.6197686603131,0.3801458987526871,2.630568955974911,10.0,1.006893079982114,0.0003029933570030164,9.515525743909059e-05,1.0132899961154804,-13.509419603369906,51.26319571821932,1.0202746562723695,1.00688689605282,1.013296190736052,1.0063654564463573,1.0063654564463573,-0.005894636989050489,1.0100864598005308,0.00019874524616771952,0.4266814830615523,0.4705265286570088,0.6486432703929662,1|1|1|1|1|1|1|1|1|1,0.54833696717815206|0.77958131112618179|0.30339038861640755|0.6340945992003868|0.014173268647971769|0.41315719342277785|0.44020577270032668|0.44460265670122912|0.3564299909810556|0.34930684458294325
large_launcher:6,large_launcher,5,6,condor|helicopter|jammer|jet_plane|small_launcher|small_plane|small_tower|spacecraft|ta-ta|tank,10,0,1,,857.730552096636,450.02126341131805,730.1935102955114,0.3798307592454251,2.6327514969735697,857.730552096636,450.02126341131805,0.3798307592454251,2.6327514969735697,10.0,1.0074150968760633,-0.00010031945418779333,0.00036483211747700235,1.013386705275432,-13.95251700404583,50.65761196894846,1.0209011024677228,1.0074121959286977,1.013389659757484,1.005933483685172,1.005933483685172,0.013188439059784295,1.0103965075492507,0.00013294360557597045,0.5222336134606873,0.6822837918533018,1.0534425113104169,1|1|1|1|1|1|1|1|1|1,0.79134204973885192|0.2689263935665448|0.60257938254538401|0.30030277474853923|0.35969107898630598|0.7302782703381131|0.44188784437599055|1.0381826484736572|0.38671987318996731|1.1907812768412558
large_launcher:7,large_launcher,6,7,condor|helicopter|jammer|jet_plane|large_tower|small_launcher|small_plane|small_tower|spacecraft|ta-ta|tank,11,1,1,,986.0184754274626,659.3133142152686,733.1700945774971,0.8086753548081856,1.2365901768296077,899.3537622028215,517.0888916963157,0.4938181306220986,2.025037028794846,10.389101283456737,1.0068484026009994,6.730257981263237e-05,-0.0022763048454147498,1.0158318775635313,-13.0132770895475,52.72798849978244,1.022788856437204,1.0067152780742026,1.0159663598169975,1.0091893725507888,1.0091893725507888,-0.06638654439260804,1.0113302410376168,0.0011097048037621553,1.118858934972539,4.214705431429689,3.5625608316471786,1|1|1|0.84204758131122359|0.22815918108231192|1|1|1|1|1|1,1.2050375956799968|0.25352484693402721|1.6179116214406906|3.5625608316471786|13.149033769812927|0.34399168342977743|0.80240141130223575|1.7687435481972573|0.65621712662897924|1.1188589349725391|0.32419917675639265
large_launcher:8,large_launcher,7,8,condor|helicopter|jammer|jet_plane|large_tower|small_launcher|small_plane|small_tower|spacecraft|ta-ta|tank,11,0,1,,997.5628193313926,671.4045372769834,737.7991094032823,0.8281181254265545,1.2075571941924481,997.5628193313926,671.4045372769834,0.8281181254265545,1.2075571941924481,11.0,1.0069204264124085,0.0002989934186954582,0.0005630761282524996,1.0132622084706626,-13.490605606315512,50.65868560689387,1.0202742466648018,1.0068912728075745,1.0132913793362324,1.0063563035071423,1.0063563035071423,0.007489830054245725,1.0100862570418438,0.00043144927562497346,0.8586433756538986,0.7795631476693943,1.042464334432388,1|1|1|1|1|1|1|1|1|1|1,0.64851146866305298|0.9517806020348617|1.0424643344323881|0.12229770915767005|0.85864337565389859|0.40216659878769678|0.9948691146536196|1.0589062855881379|0.9068766929758344|0.17827854606241311|0.62649946742737161
large_launcher:9,large_launcher,8,9,condor|helicopter|jammer|jet_plane|large_tower|small_launcher|small_tower|spacecraft|ta-ta|tank,10,1,1,,1000.2502399399863,629.0629550049044,777.676244423409,0.6543205432459185,1.528302924800822,958.3502262081291,550.8878212382521,0.493493064264344,2.026370930847249,9.224384971370927,1.0071646300193435,4.391449357520377e-05,6.348048637995706e-05,1.0116447483190327,-13.784507487945802,52.76989708605845,1.018892805864037,1.0071639865555466,1.0116453918776451,1.0044495289564759,1.0044495289564759,0.000555301962478081,1.0094022022286444,5.371920028693104e-05,0.9379230726643895,8.062240056240991,4.119920311753046,0.11862172175402216|1|1|1|1|1|1|1|1|1,25.290477626188036|1.0631639946666342|1.767636165704723|0.90178858166914222|0.94215881949635538|0.93368732583242353|1.5201314025722259|0.77023515966666134|0.24767360923773205|0.77199195682170008
large_launcher:10,large_launcher,9,10,condor|helicopter|jammer|jet_plane|large_tower|small_launcher|small_tower|spacecraft|ta-ta|tank,10,1,1,,1006.904395908569,632.909131827543,783.123549224071,0.653163873899365,1.5310093530281088,964.4286167831518,552.1062884091696,0.4874792374554441,2.051369418767093,9.157479221853999,1.0068758163193243,0.0001141274280482266,-0.0002711006241468709,1.0115316805019219,-13.456455269336402,53.72908491974454,1.0184868174782475,1.0068745119819897,1.0115330216010725,1.0046267032918657,1.0046267032918657,-0.01093532465945723,1.009201078813458,7.893089973019427e-05,0.8813443049300347,11.655213890809382,6.026424773965212,0.081769797094288707|1|1|1|1|1|1|1|1|1,36.688363021626451|1.2708762301840304|2.6195427464473107|0.69535880468889888|0.98050165654539634|0.1130187880494443|0.7815570759969217|0.37253905860002784|1.0525600934116162|0.78218695331467292
large_launcher:11,large_launcher,10,11,helicopter|jammer|jet_plane|large_tower|small_launcher|small_tower|spacecraft|ta-ta|tank,9,0,1,,967.6837242216368,546.9463212111098,798.2866100825507,0.4694309521753155,2.130238739831829,967.6837242216368,546.9463212111098,0.4694309521753155,2.130238739831829,9.0,1.007041991740111,0.00019475181793297445,0.000579079744875163,1.0132049439700908,-13.653369867107358,50.86420594788615,1.0203398120397347,1.0070178140856465,1.013229158181461,1.0061680578128147,1.0061680578128147,0.010899839771031797,1.0101187118550645,0.0003875019885356623,0.5549767211687071,0.6154472931532144,0.917933032924105,1|1|1|1|1|1|1|1|1,0.33421316374006177|0.96102749965330936|0.55497672116870711|0.90715941624180385|0.6449603723325037|0.61869538545899261|0.34463655840276808|0.19363088015467536|0.53641731647988777
large_launcher:12,large_launcher,11,12,helicopter|jammer|jet_plane|large_tower|small_launcher|small_tower|spacecraft|ta-ta|tank,9,1,1,,976.4867518523791,554.042536227939,804.091564806722,0.47476118464321543,2.1063221517393074,972.6052686273148,542.9770149378392,0.45278344253202335,2.2085613254934215,8.945413959432178,1.006869588858111,-0.000148003813957364,0.0008212008123727258,1.010895160435342,-12.895919027591617,52.1336461591784,1.0178397161070392,1.0068417546017083,1.0109232274635664,1.004053738180011,1.004053738180011,0.027521211440500834,1.0088804270611256,0.00033756527331904444,1.1743566178278688,1.661859880411423,2.1742155559070935,1|0.75811646985070624|1|1|1|1|1|1|1,1.1743566178278688|3.9571756081140914|1.2007602801988537|0.88740231175904538|0.2749437602163895|1.7284755428553435|1.4046954350520684|0.23407084228334388|0.70509842460999983
large_launcher:13,large_launcher,12,13,helicopter|jet_plane|large_tower|small_launcher|small_tower|spacecraft|ta-ta|tank,8,0,1,,959.0980463435425,486.72603638141044,826.4180709595125,0.3468722414855408,2.8829058091167106,959.0980463435425,486.72603638141044,0.3468722414855408,2.8829058091167106,8.0,1.0070862770828355,0.0002901023268053807,0.0007018523036204334,1.0126340173355823,-13.978101563217933,50.88972758540672,1.0198096189569408,1.007042305711174,1.0126780306779173,1.0055963140126107,1.0055963140126107,0.011680595389609666,1.0098562367767705,0.0004965427995144934,0.644830892442662,0.6251622472016442,0.7617502230994311,1|1|1|1|1|1|1|1,0.41022777804862187|0.6492814452187764|0.66136235706508562|0.99598857717957068|0.46197157756350388|0.65837987406286747|0.6403803396665475|0.2245156295844927
large_launcher:14,large_launcher,13,14,helicopter|jet_plane|large_tower|small_launcher|small_tower|spacecraft|ta-ta|tank,8,0,1,,967.2478474711122,492.89662374816413,832.2387378241659,0.350764661485629,2.850914330322214,967.2478474711122,492.89662374816413,0.350764661485629,2.850914330322214,8.0,1.0073244897544362,0.0004493660782565345,0.000516619222986663,1.01319154125972,-14.397846117108202,51.266922955246855,1.0206124201718043,1.007284994835376,1.0132310372980455,1.0059030388550971,1.0059030388550971,0.001907097638153275,1.0102536415038574,0.00048309029314867925,0.419581979722464,0.4336363064306562,0.6504590271904734,1|1|1|1|1|1|1|1,0.079060903461310589|0.64707903879270501|0.41994597014527507|0.41921798929965298|0.27178297761099068|0.42791253142350189|0.19201349510011798|0.65834566678526651
large_launcher:15,large_launcher,14,15,helicopter|jet_plane|large_tower|medium_launcher|small_launcher|small_tower|spacecraft|ta-ta|tank,9,1,1,,1130.313274612588,522.9185231712371,1002.0799952547922,0.27230979758622914,3.672287992808418,1019.8798284059694,517.2065641959766,0.3462134944516422,2.8883911691075816,8.456827500455157,1.0070669827163572,0.00020772564303377775,-0.0003318874116996438,1.0144244781025693,-13.98591011828762,51.06287386343274,1.021593467297896,1.0070664949399835,1.014425037900579,1.007306908727049,1.007306908727049,-0.015294425166411026,1.0107390698384504,6.306287994204324e-05,0.6861470840170192,4.025099587773053,4.907460006424025,1|1|0.91753186962862054|0.26141888958502657|1|1|1|1|1,0.68614708401701918|1.1476598819067978|3.2633754969100228|11.483798044480029|0.38869945528306699|0.46809290467848219|0.61599349124587033|0.7305226294902295|0.46300379084358861
large_launcher:16,large_launcher,15,16,helicopter|jet_plane|large_tower|medium_launcher|small_launcher|small_tower|spacecraft|ta-ta|tank,9,0,1,,1141.3667191811408,530.7883177396309,1010.4364153203574,0.27594640003401655,3.6238921757150213,1141.3667191811408,530.7883177396309,0.27594640003401655,3.6238921757150213,9.0,1.0072263103520687,0.0006068629172026748,0.0006742734340570255,1.01351809034548,-14.594530777503678,50.623795182930735,1.020841677422209,1.007161756789196,1.0135826450327343,1.0063752303939817,1.0063752303939817,0.0019113442094817704,1.0103671003265144,0.000640673119803001,0.6288270544651244,0.5802888536394466,0.8090973506956338,1|1|1|1|1|1|1|1|1,0.17541592306873105|0.63885868043242677|0.84380915294397008|0.62882705446512444|0.62963281989257358|0.27452024439427042|0.80041940013354973|0.31820947851269799|0.52013510887151926
large_launcher:17,large_launcher,16,17,helicopter|jet_plane|large_tower|medium_launcher|small_launcher|small_tower|spacecraft|ta-ta|tank,9,0,1,,1151.3716430822096,537.797598143894,1018.0522599181664,0.2790599884702092,3.5834589024458237,1151.3716430822096,537.797598143894,0.2790599884702092,3.5834589024458237,9.0,1.0069184918230305,0.0005161418998951325,0.0005641633196377845,1.0132443613364472,-13.924805580953034,50.94365169281764,1.0202541929767577,1.0068727010873326,1.0132901526429055,1.0063736473822784,1.0063736473822784,0.0013619816207680899,1.0100763302724987,0.0005402277959372004,0.33894619835913514,0.4570558079269254,0.7039097550768133,1|1|1|1|1|1|1|1|1,0.25409556903278535|0.24713061716937942|0.68999345550633739|0.4372292755884471|0.32487631135194256|0.028667395773243932|0.33894619835913514|0.53758396870605418|0.75957495335871705
large_launcher:18,large_launcher,17,18,helicopter|jet_plane|large_tower|medium_launcher|small_launcher|small_tower|spacecraft|ta-ta|tank,9,1,1,,1161.1801760427052,544.7109457049515,1025.48982777197,0.2821431371898461,3.54430027949653,1184.3922539117273,486.65689269605826,0.2031261331748756,4.9230494588260525,8.186068667319969,1.0073499535170722,0.0006799273100439609,6.938966984274835e-06,1.0120599864729967,-15.059597475511964,53.59147641483287,1.019498575612069,1.0073250998199414,1.0120849523101363,1.004725239638172,1.004725239638172,-0.01909438471493119,1.009702221257371,0.0003426482869440782,0.8962106039062968,10.323041128928008,7.930859819619693,0.097285065750470134|1|1|1|1|1|1|1|1,30.837209975216595|1.0710764650011857|0.90807047660782603|0.57215153847038425|0.16108368092722122|2.204272280720462|0.89621060390629681|0.33352130584160006|0.23395720783290955
large_launcher:19,large_launcher,18,19,jet_plane|large_tower|medium_launcher|small_launcher|small_tower|spacecraft|ta-ta|tank,8,1,1,,1196.790143858772,484.1262763197038,1094.49915350096,0.1956529722538841,5.111090255773756,1212.1894183507939,378.18709058430943,0.10783163374570565,9.273716489896216,7.482106481620824,1.007247897473527,0.0001226892374210436,-0.0017564205156844269,1.0070564500415222,-14.134425542397821,62.11266613235193,1.014355707435371,1.0063301568374035,1.0079750671719803,1.001634563292574,1.001634563292574,-0.053450228112294766,1.0071522761903342,0.0008167759847217715,1.7769320194453995,3.8229466086817676,5.789971219746538,1|1|1|1|0.33296299559267295|0.68005555185069222|1|1,0.5712026554875731|2.82674097398468|1.4788490123737177|1.0975966175402241|9.0204629728581267|4.4054747541272867|0.35814665229209641|2.075015026517081
large_launcher:20,large_launcher,19,20,hangar|jet_plane|large_tower|medium_launcher|small_launcher|spacecraft|ta-ta|tank,8,2,1,,1341.45856661229,584.0545879373705,1207.6387391297153,0.23390139259561504,4.275305883829727,1369.9165771293262,586.1359068944596,0.22408954893462038,4.462501730911854,7.465881079675388,1.00681466528824,-0.00020624385207379065,0.005550082030201117,1.0248516161903087,-12.908197772049562,27.020509262123596,1.0318367815950547,1.0064312598092904,1.0252431763601801,1.018691705337585,1.018691705337585,0.1623358614702467,1.0157936707791866,0.00269746033428444,2.237108569819819,3.868355786581902,5.979875124238997,1|1|1|1|1|0.60730521618159761|1|0.35686299065830812,2.5010285943700348|1.9989911402245666|1.9966768490433231|1.6015001161584412|1.3081092856891097|4.939855483081744|2.4752259994150716|8.4065876202725889
large_launcher:21,large_launcher,20,21,hangar|jet_plane|large_tower|medium_launcher|medium_plane|small_launcher|spacecraft|ta-ta|tank,9,3,1,,1372.9358805489665,663.482239429553,1201.975145358801,0.304696614656939,3.281953103174153,1291.6945508308143,612.8249435952016,0.2904698627675675,3.4426979462588694,8.29176273739786,1.0059517824949962,0.00027955652891304057,0.0024865440011287575,1.0179791720032405,-12.461191492113812,41.631763266194184,1.0240372674898301,1.0057953939589108,1.0181367638393304,1.0122702588961385,1.0122702588961385,0.062477930482446424,1.0119472651723658,0.0013896070484133631,2.1134046393804162,5.988770064170447,6.419441819635779,0.1790785317049996|1|1|0.78203020990129235|1|1|1|1|1,16.75242680088564|0.7250657000941203|2.9523411369556389|3.8361955743233107|1.635562693406907|0.73555563318903261|2.1134046393804162|1.2305906130781021|2.9981866905353018
large_launcher:22,large_launcher,21,22,hangar|jet_plane|large_tower|medium_launcher|medium_plane|small_launcher|spacecraft|ta-ta|tank,9,3,1,,1385.8538104542693,677.5266419846998,1208.9451738402176,0.3140794653971263,3.183907609927909,1332.1335115271895,586.8422824901203,0.24079490218906627,4.152911838701737,7.962363684494204,1.0062111956645678,0.0004668540481634732,0.0009727907417348771,1.0127305906160056,-12.992979273694118,50.3976218452176,1.0190204043185191,1.0061326959778232,1.0128091536953494,1.0066357626029017,1.0066357626029017,0.014358034903548282,1.009465405211352,0.0007206392361731249,2.275342710153476,6.865654059193683,8.780357752119377,0.4728534780103994|1|1|0.66433260074096201|1|1|0.16195251209179334|1|1,6.3444600602984806|0.90701076912559275|2.8396540802620382|4.5158105099644139|1.80094626294996|0.71413398870430078|18.52394851940295|1.6237552467112923|2.2753427101534758
large_launcher:23,large_launcher,22,23,hangar|jet_plane|large_tower|medium_launcher|medium_plane|small_launcher|ta-ta|tank,8,1,1,,1418.0043511371007,595.100734137182,1287.0864213692635,0.21377925285821214,4.677722401168856,1373.5055073500755,594.8804889826729,0.23089834994051084,4.330910118056896,7.88474237607538,1.006269475243616,0.000329985848344181,0.0005440081559455783,1.0131428755659366,-13.113570703963433,52.05696372896239,1.0194945702275504,1.0062418089277518,1.0131705532231068,1.006885764667976,1.006885764667976,0.00607234817415323,1.0097002378070188,0.0004373612296581414,1.076018114921363,2.081091866018561,3.4521117525872844,1|1|1|0.65039632341585762|1|1|1|1,0.70762231161535838|1.2232990430057085|2.9547635563804788|4.6125908770698318|0.20821919307072392|0.53361295249339169|1.0778481289585728|1.074188100884153
large_launcher:24,large_launcher,23,24,hangar|jet_plane|large_tower|medium_plane|small_launcher|ta-ta|tank,7,0,1,,1259.6262079178368,572.2226239099427,1122.149478616414,0.2600330948675692,3.845664339415274,1259.6262079178368,572.2226239099427,0.2600330948675692,3.845664339415274,7.0,1.0072849496291718,-0.0008367312214233664,0.00026768875539201183,1.013359014520184,-12.878017928134113,52.52116406025175,1.0207415078807702,1.007271802116447,1.0133724638533719,1.0060566192006033,1.0060566192006033,0.03131605483347911,1.0103175282458334,0.0002828612450435937,0.5450328678431876,0.5188932896527639,0.6841346021460056,1|1|1|1|1|1|1,0.12775640995061341|0.75436276873126173|0.56135754713365293|0.088162615854000106|0.63731582442250156|0.52272325904676586|0.54503286784318761
large_tower:1,large_tower,0,1,condor|helicopter|jammer|large_launcher|mine_roller|small_launcher|small_plane|small_tower|spacecraft|ta-ta|tank,11,1,1,,946.3932031884646,556.7028362143444,765.3378647317975,0.529103296126165,1.8899901159594161,897.865749819177,566.4837577397377,0.6613041904313546,1.5121634105293078,10.431169205409264,1.0065969613529702,0.00022703672089912817,0.0010397833119522924,1.0148428356467143,-12.844114656747479,47.2455080115642,1.0215374785438207,1.0065486711706442,1.0148912892167887,1.0082883404301173,1.0082883404301173,0.023036524283755917,1.0107113725212657,0.0006350676464743074,0.5259214640909475,3.8253508992552048,2.1524610840028715,1|1|1|1|1|1|1|1|1|1|0.24355759242603722,0.75707133175528962|0.38940174231311031|0.44315712935646245|0.018053676593624723|0.41795664676960564|1.3838647985747892|0.52592146409094753|0.32797437990562772|1.1041569984031008|2.1524610840028715|12.317415236854266
large_tower:2,large_tower,1,2,condor|helicopter|jammer|large_launcher|small_launcher|small_plane|small_tower|spacecraft|ta-ta|tank,10,0,1,,923.1884504260222,467.42791098800296,796.1080724558643,0.34473488018419196,2.9007798673162974,923.1884504260222,467.42791098800296,0.34473488018419196,2.9007798673162974,10.0,1.006856587449156,3.651726532237786e-05,9.345444295888357e-05,1.013350617306214,-12.981089264852699,50.964448848293046,1.0202987410177295,1.006855937601026,1.0133512679566978,1.0064511020028821,1.0064511020028821,0.0016148145434862927,1.0100983818508618,6.507736743348812e-05,0.5186652761213597,0.546008232077731,0.778068048346017,1|1|1|1|1|1|1|1|1|1,0.76172234134280536|0.50485682057069003|0.60572859051159245|0.27850343379503378|0.14926698693263313|0.53247373167202938|0.20054289363802422|0.60643881962965418|0.36321608817196793|0.92517941137492188
large_tower:3,large_tower,2,3,condor|helicopter|jammer|large_launcher|small_launcher|small_plane|small_tower|spacecraft|ta-ta|tank,10,0,1,,931.3831220287385,473.3274013692366,802.1444328255639,0.3481914851496681,2.8719829250567566,931.3831220287385,473.3274013692366,0.3481914851496681,2.8719829250567566,10.0,1.0068503119858432,4.8304109867667844e-05,-0.00015034345715859434,1.0134286710934137,-13.136898745589178,51.35834479833511,1.020370980928009,1.0068499212002762,1.0134290716451704,1.0065343903856605,1.0065343903856605,-0.0056337106210546046,1.0101341400665602,5.134308789662228e-05,0.4184601454954665,0.4934078159570135,0.7036704650751486,1|1|1|1|1|1|1|1|1|1,0.69438812776107117|0.23685258297646974|0.24762794923467399|0.21138495732270801|0.33539146983109019|0.019839934019126669|0.78721150090184555|0.65316430636141731|0.61603387186420577|0.50152882115984287
large_tower:4,large_tower,3,4,condor|helicopter|jammer|jet_plane|large_launcher|small_launcher|small_plane|small_tower|spacecraft|ta-ta|tank,11,1,1,,936.9209660874362,532.0070254552561,771.22592121924,0.47585156170262677,2.1014956773955666,939.753841001376,488.5503315640959,0.3703611729856917,2.700067050599371,10.25701594030593,1.0067636173251464,0.0001764652073100266,-0.00037426805882900815,1.0147204719277072,-13.04177164433304,50.49975529800065,1.0215837189371089,1.0067624257090455,1.0147217385647114,1.0079058501314848,1.0079058501314848,-0.015609665776881691,1.0107342474345613,9.998530506004832e-05,0.6513634804914123,6.64102549391372,1.7251155927832182,1|1|1|0.13722359668414008|1|1|1|1|1|1|1,0.59040136497545537|0.20073323567797513|0.74863699952355078|21.862129200019222|1.2405268963203451|0.78855957740545157|0.42850039986978972|0.65136348049141235|0.52578248657957904|0.46076719088506357|1.7251155927832182
large_tower:5,large_tower,4,5,condor|helicopter|jammer|jet_plane|large_launcher|small_launcher|small_plane|small_tower|spacecraft|ta-ta|tank,11,0,1,,947.5498002569269,541.9331971849306,777.2766777382822,0.48611635976920714,2.0571206459185385,947.5498002569269,541.9331971849306,0.48611635976920714,2.0571206459185385,11.0,1.0069541766123167,0.00026739886948295375,-8.478136563775093e-05,1.0133948259868364,-13.581106588697594,51.474322158675136,1.0204421752551982,1.0069528977406563,1.0133961355539154,1.006398747972935,1.006398747972935,-0.009987601582696749,1.0101693794880136,9.074739470679763e-05,0.3792626157574427,0.46901833370921364,0.7077831361672267,1|1|1|1|1|1|1|1|1|1|1,0.59622427056837868|0.70778313616722666|0.26791511183546768|0.81947454843939527|0.30065918781957857|0.053747481575237274|0.37926261575744269|0.30926851916938503|0.45625761087982697|0.3593890627737355|0.38716842068821361
large_tower:6,large_tower,5,6,condor|helicopter|jammer|jet_plane|large_launcher|small_launcher|small_plane|small_tower|spacecraft|ta-ta|tank,11,0,1,,956.4390287428046,548.6888533305652,783.4003816269615,0.4905516237067128,2.0385214352034686,956.4390287428046,548.6888533305652,0.4905516237067128,2.0385214352034686,11.0,1.0071340578119519,6.252168524758552e-05,0.0002634585090891217,1.013445443707225,-13.632705691776664,50.772971116014446,1.0206754056200213,1.0071298564289652,1.0134496550813075,1.0062750583869597,1.0062750583869597,0.005697787148823632,1.0102848141093785,0.00016330391470725076,0.47580304687678976,0.6856124436474429,1.0470403792414602,1|1|1|1|1|1|1|1|1|1|1,0.95413897860831109|0.26505008906526456|0.76979144849703485|0.40516171305852161|0.47580304687678976|0.25819195861353855|0.71978171676870162|0.29825955633585222|1.0470403792414602|0.44956129010297258|1.1112362505940241
large_tower:7,large_tower,6,7,condor|helicopter|jammer|jet_plane|large_launcher|small_launcher|small_plane|small_tower|spacecraft|ta-ta|tank,11,0,1,,965.5717164817027,555.5227849406593,789.7614672046209,0.4947796986187857,2.02110151809295,965.5717164817027,555.5227849406593,0.4947796986187857,2.02110151809295,11.0,1.0068361453290506,6.71071005075189e-05,-4.7913077561647934e-05,1.013859906353695,-12.996013026936907,51.01553211528676,1.0207908032321342,1.0068361338528355,1.0138599211034456,1.0069760977128743,1.0069760977128743,-0.0032613369782165218,1.0103419239208746,9.397111467038658e-06,0.5493453721831999,0.5677575030753094,0.7091452355840312,1|1|1|1|1|1|1|1|1|1|1,0.5493453721831999|0.70645127075960668|0.35309927627791898|0.64708778544733059|0.12777666806022805|0.89488288909072955|0.3041258577792017|0.17241218703787409|0.53322815983795768|0.68920169116780172|0.7091452355840312
large_tower:8,large_tower,7,8,condor|helicopter|jammer|jet_plane|large_launcher|small_launcher|small_plane|small_tower|spacecraft|ta-ta|tank,11,0,1,,974.7486219703303,562.6567620736124,795.9599513329148,0.4996945947905948,2.001222367472409,974.7486219703303,562.6567620736124,0.4996945947905948,2.001222367472409,11.0,1.0070851229426787,0.00015080353460653593,2.6217920509454014e-05,1.0137253700586462,-13.607660531506554,51.061939603491965,1.020907734981869,1.007083945274647,1.013726551567111,1.0065958814293803,1.0065958814293803,-0.0035323598583274027,1.0103997896782584,8.830603742355822e-05,0.671048182129845,0.6492412580077738,0.7965581699982517,1|1|1|1|1|1|1|1|1|1|1,0.67104818212984496|0.79655816999825169|0.74114067398721961|0.70174121619013663|0.04561448138370286|0.39102785767340981|0.77013113795008559|0.61492728756561565|0.99547622681745429|0.26369462836458035|0.56867101897054406
large_tower:9,large_tower,8,9,condor|helicopter|jammer|jet_plane|large_launcher|small_launcher|small_tower|spacecraft|ta-ta|tank,10,1,1,,982.5124592085334,519.8822589053051,833.698488289092,0.38885883128526455,2.5716273350274146,948.3431581842632,482.8955464232595,0.3500447122866084,2.8567779055071783,9.222852380539535,1.0072334468523794,-0.00012269785087932255,-0.0001349733111543588,1.0120430311604958,-13.729046887254981,52.692409278740115,1.0193635740777809,1.0072299981917971,1.0120464798583901,1.0047819084769514,1.0047819084769514,-0.0003483089477789444,1.0096353668913252,0.00012885020007771743,0.736850054335805,8.104333137725114,3.975909154184489,0.11776131682925149|1|1|1|1|1|1|1|1|1,25.475258605929231|1.0378390690352446|1.3823594836614497|0.46085716334174187|0.68061160662434417|0.78581201642480247|1.5870925484350826|0.68723035885338157|0.2605129515437028|0.68788809224680758
large_tower:10,large_tower,9,10,condor|helicopter|jammer|jet_plane|large_launcher|small_launcher|small_tower|spacecraft|ta-ta|tank,10,1,1,,988.9396910327747,523.1439970793965,839.2389831387674,0.3885717245260531,2.573527451642848,954.5641303058078,486.1365392105484,0.350187229319192,2.8556152717051555,9.156611397383982,1.007080678802585,-7.567951950639377e-05,-0.00045398395868889534,1.0119459286585366,-13.580025965070718,53.58436322672628,1.0191111583876635,1.0070663233126733,1.0119603195898452,1.0048596563740444,1.0048596563740444,-0.01073549372874477,1.0095103557604863,0.00026528753467933315,0.7676174137376848,11.7095556694927,5.686517150154481,0.081300914567122143|1|1|1|1|1|1|1|1|1,36.899953905477851|1.2037883876294482|2.21835751067412|0.40956647797911105|0.70191628624238311|0.26036606486448444|0.78728732746251406|0.43711639767389254|1.0303328643485501|0.74794750001285559
large_tower:11,large_tower,10,11,helicopter|jammer|jet_plane|large_launcher|small_launcher|small_tower|spacecraft|ta-ta|tank,9,0,1,,958.5287498022847,486.37180912297293,825.9659965688522,0.3467467921309022,2.883948814218546,958.5287498022847,486.37180912297293,0.3467467921309022,2.883948814218546,9.0,1.007214978468872,3.1617458560769115e-05,-5.499616073814896e-05,1.0137463385491634,-13.74330237104391,51.25643142223021,1.0210604982935323,1.007214958476206,1.0137463603978565,1.0064846156887222,1.0064846156887222,-0.002455561513896205,1.0104753823292938,1.1829310395883012e-05,0.38587385422057124,0.3321429939610096,0.40536783513898755,1|1|1|1|1|1|1|1|1,0.10127562571188226|0.41476908945160462|0.33612651529755649|0.041446903701649676|0.38587385422057124|0.24632370043243937|0.40298865813579382|0.40301752156083331|0.40185159929901648
large_tower:12,large_tower,11,12,helicopter|jammer|jet_plane|large_launcher|small_launcher|small_tower|spacecraft|ta-ta|tank,9,1,1,,967.0974487137488,493.01832057529134,831.9918334249209,0.3511462130594786,2.8478165584847583,966.4346837386425,485.5200244826943,0.3375928251220944,2.9621482614102903,8.991454654220318,1.0069913859625923,-0.00019194879655563493,0.0008842018842012845,1.01030732678357,-13.04533007353757,52.62718878531223,1.0173709449674364,1.0069557851997322,1.01034321458875,1.0033640299194924,1.0033640299194924,0.03056507491376194,1.0086480778583957,0.000347010957404151,1.4838187022272857,1.6254191407452243,2.246067544585364,1|0.90296254583913171|1|1|1|1|1|1|1,1.4838187022272857|3.3223973101314357|1.5976932490570717|1.0131010412800352|0.30905493632147224|1.9769851031988457|1.6118610345809352|0.1899172081134731|0.56630167743211712
large_tower:13,large_tower,12,13,helicopter|jet_plane|large_launcher|small_launcher|small_tower|spacecraft|ta-ta|tank,8,0,1,,959.3884343521919,382.2058418408819,879.9686712783887,0.18865148156158748,5.3007799977098955,959.3884343521919,382.2058418408819,0.18865148156158748,5.3007799977098955,8.0,1.0074154442164434,-0.00011476852835220725,0.00019051041275035366,1.0133238774767723,-14.061744220540731,50.954284439802905,1.0208381460279912,1.0074152130170755,1.013324131735827,1.0058654253404167,1.0058654253404167,0.008655839265638681,1.010365352745229,3.831724382312544e-05,0.29875272116507845,0.42883607178339983,0.6278634671822079,1|1|1|1|1|1|1|1,0.35606492395434358|0.24144051837581335|0.083055996477387151|0.79774126244496191|0.21772465518948395|0.52373178223201289|0.55505869778388472|0.11423079346554689
large_tower:14,large_tower,13,14,helicopter|jet_plane|large_launcher|small_launcher|small_tower|spacecraft|ta-ta|tank,8,0,1,,967.5616703536266,387.20599111059903,886.7057608843863,0.19068875209115188,5.2441478012399285,967.5616703536266,387.20599111059903,0.19068875209115188,5.2441478012399285,8.0,1.0071022013315085,0.000668068505639207,8.901138182085957e-06,1.013762021785132,-14.297557455794049,51.41517289628109,1.020961957819517,1.0070850958318667,1.0137792347886827,1.0066470440129853,1.0066470440129853,-0.018688789863568336,1.0104266216898272,0.00033739865075446224,0.3069697532250969,0.3401024363410949,0.45947770150237266,1|1|1|1|1|1|1|1,0.1092179918618611|0.18327267183137319|0.18797638104850942|0.21618921401175831|0.42973939275617196|0.41855150383970124|0.39775029243843546|0.52886708857684106
large_tower:15,large_tower,14,15,helicopter|jet_plane|large_launcher|medium_launcher|small_launcher|small_tower|spacecraft|ta-ta|tank,9,1,1,,1137.785196915915,546.4364260930678,997.9791513652091,0.29980325742300473,3.3355207965237654,1058.0808831901131,493.8282321814901,0.27849149570713994,3.5907739209803164,8.670108809939546,1.0071509138670862,0.00035375834433421416,-0.0010938005344279882,1.0166709545469477,-14.28995627799668,49.54847588608686,1.0239414679151473,1.0071368125429596,1.0166855735615072,1.0094810962121796,1.0094810962121796,-0.04098137365764431,1.011899929793034,0.00037342565178915545,1.4666081141926046,2.874793119237576,3.832728180140822,1|0.99864394183913741|1|0.41929009847316545|1|1|1|1|1,1.5631965215667269|3.0000608339036448|2.6704677851540093|7.1633975650895279|0.72826751580761107|0.25824839459768623|1.4666081141926046|1.0001678215762122|0.86137519506865901
large_tower:16,large_tower,15,16,helicopter|jet_plane|large_launcher|medium_launcher|small_launcher|small_tower|spacecraft|ta-ta|tank,9,0,1,,1148.9923712261113,556.1120182580304,1005.4466133439321,0.3059190559549616,3.2688385392612584,1148.9923712261113,556.1120182580304,0.3059190559549616,3.2688385392612584,9.0,1.0072734393944056,0.000738256331161838,0.00024349184379828095,1.013449711172328,-14.837250494820182,51.36404700224125,1.0208207964664227,1.0072346996476051,1.0134885114894978,1.0062088923704482,1.0062088923704482,-0.014028599813119871,1.010356766922666,0.0004901179573510042,0.5514629348635552,0.6377461779175694,0.872155178240011,1|1|1|1|1|1|1|1|1,0.55146293486355524|0.4781699532164731|1.017321323627407|0.77217339004700547|0.52409705663019568|0.60755982813580001|0.83586364189316198|0.099506339997721419|0.37967510515394476
large_tower:17,large_tower,16,17,helicopter|jet_plane|large_launcher|medium_launcher|small_launcher|small_tower|spacecraft|ta-ta|tank,9,0,1,,1159.0133122724224,563.5940738355937,1012.7554383769514,0.30968749404046814,3.2290616161249495,1159.0133122724224,563.5940738355937,0.30968749404046814,3.2290616161249495,9.0,1.0070664403879186,0.0006685719597335924,0.00033207398583678585,1.0132735840875262,-14.357522557892935,51.25359320027337,1.0204335994507778,1.0070263848407854,1.0133136676573893,1.0062434141858139,1.0062434141858139,-0.009542905306604295,1.010165134743215,0.0004998060500728716,0.3571927249390158,0.47696056224532385,0.7426326172013336,1|1|1|1|1|1|1|1|1,0.25275966084443502|0.12061360788653422|0.73414399050980739|0.35719272493901583|0.25850154902345801|0.34971894018672894|0.3858029106066011|0.60114510428876977|0.77658712396743845
large_tower:18,large_tower,17,18,helicopter|jet_plane|large_launcher|medium_launcher|small_launcher|small_tower|spacecraft|ta-ta|tank,9,1,1,,1168.9052676292283,571.0780370178483,1019.9065645083373,0.31352353118667664,3.189553256864106,1201.3185163636974,535.651606439785,0.24815070093429464,4.029809290221509,8.185194210762733,1.0073616478258383,0.0007275587078919187,-2.780123542688269e-05,1.0123134999805743,-15.141351384926566,53.29498079035784,1.0197658156838039,1.0073371195704774,1.0123381694885085,1.0049646238790084,1.0049646238790084,-0.021428661334229705,1.0098345486681488,0.0003489527137115699,0.4613632242543217,10.364186977331551,7.867232289554539,0.096805522679066433|1|1|1|1|1|1|1|1,30.989967483009423|0.91474283489183283|0.46136322425432169|0.29454845171243799|0.19256075754010829|2.0865484911908112|0.79837967175612734|0.32387342828620475|0.31594792842174219
large_tower:19,large_tower,18,19,jet_plane|large_launcher|medium_launcher|small_launcher|small_tower|spacecraft|ta-ta|tank,8,1,1,,1215.0496646228087,537.391827470576,1089.750297668156,0.24318015019594588,4.112177738167509,1235.275702577469,476.42285187083735,0.17474321231293075,5.7226829400915245,7.376310659265868,1.0073950605726836,0.0003967987487337247,-0.0003175451157876048,1.01119045186883,-14.736151336235707,54.96862801781708,1.018668392512424,1.0073947100818086,1.0111909287569119,1.0037683527986712,1.0037683527986712,-0.020276023283293174,1.0092910345942958,3.895525108313506e-05,0.6731633060253397,5.217014717223425,5.920995220443003,1|1|1|1|0.20782723082054863|1|1|1,0.20613150776244354|2.2721073176393163|0.71526052462845224|0.16106158540601442|14.435066993651612|1.7774576078998865|0.25822683492028647|0.63106608742222703
large_tower:20,large_tower,19,20,hangar|jet_plane|large_launcher|medium_launcher|small_launcher|spacecraft|ta-ta|tank,8,3,1,,1385.5207843081964,627.5864067922531,1235.2340449322098,0.25813598502861534,3.8739271469227594,1250.575238450852,498.7208699848686,0.18911153842657752,5.287884643740285,7.192924778085606,1.0058471558233433,-0.0014589143704441733,0.0016492284332046186,1.0172307479878155,-10.2074234094664,43.53788346409124,1.0231810607626577,1.0058475542411733,1.0172327371562393,1.0113189944808834,1.0113189944808834,0.08802593529618943,1.011524127622598,0.00010390146328064611,1.6750927123008195,6.826619971506409,8.657283767777113,0.16558561744974942|1|0.65086538890808587|1|1|1|1|0.82204437054527468,18.146673612368701|1.6873905445972539|4.5904024058092938|1.6627948800043852|0.86350997149383246|1.1971409173079952|1.1861961556110854|3.6401007695597052
large_tower:21,large_tower,20,21,hangar|jet_plane|large_launcher|medium_launcher|medium_plane|small_launcher|spacecraft|ta-ta|tank,9,4,1,,1421.8293402653874,679.5665274426173,1248.9147319249178,0.2960727117817377,3.3775486905973002,1362.935634288262,657.5574860764377,0.3033807881273832,3.2961876266868977,8.297108125036537,1.004843401487523,0.00028537515307895683,0.0015653011908726168,1.0170164656910599,-11.238611565047222,43.82438900348666,1.0219418380557563,1.0047736660787223,1.0170866062244996,1.0122544415339132,1.0122544415339132,0.03627073836759067,1.0109113898140412,0.0009291910277573237,1.9296039516844448,6.49326820807825,6.033476549248541,0.16026868021281515|1|1|1|1|1|1|1|1,18.718566821767311|2.2576442626674118|2.8622039811188453|1.9296039516844448|0.17424853444751978|1.2336319095875339|0.94858980237857882|1.4824799188827629|2.7231827183589101
large_tower:22,large_tower,21,22,hangar|jet_plane|large_launcher|medium_launcher|medium_plane|small_launcher|spacecraft|ta-ta|tank,9,4,1,,1434.5853683250593,692.4301960753692,1256.4137863679193,0.30372924531125306,3.2924060341151167,1433.1987512371768,634.269497961035,0.2435569244247309,4.105816339904725,8.03464566636723,1.004884525856169,0.00036168860001892586,0.0007995853761560826,1.0128080246996698,-11.57021467126333,50.50237738585156,1.0177548224827353,1.0048422263861647,1.0128503716877122,1.0079695549124643,1.0079695549124643,0.012434816560241051,1.0088383529994958,0.0005814967869044975,1.7132015195577246,6.714999634120465,8.837316781373877,0.46755404507086695|1|1|1|1|1|0.16197740502250796|1|1,6.4163705386371426|2.6190780309621964|0.99819506204782249|0.83451705444961921|1.7132015195577246|1.5270052465072916|18.521101752320803|1.5429833661308539|2.328084148235531
large_tower:23,large_tower,22,23,hangar|jet_plane|large_launcher|medium_launcher|medium_plane|small_launcher|ta-ta|tank,8,2,1,,1481.3770304179825,632.1219796144754,1339.738671957437,0.22261867617303194,4.49198610462827,1481.3770304179825,632.1219796144754,0.22261867617303194,4.49198610462827,8.0,1.0050650148841713,0.0004171337585127329,0.00024724095802327174,1.0132608992152767,-12.12353378734474,52.20917564257411,1.0183929776188008,1.0050515766203192,1.0132743446295014,1.0081814388439974,1.0081814388439974,-0.004822878379906062,1.0091545855907313,0.0003318424123706643,0.9955291623210942,1.290563418850117,1.8103144264718267,1|1|1|1|1|1|1|1,0.093520719779073364|2.6503706583430224|0.79873228523760331|0.94928206380009961|0.13778678036096079|1.4502903270984575|1.0417762608420889|1.2427735294308533
large_tower:24,large_tower,23,24,hangar|jet_plane|large_launcher|medium_plane|small_launcher|ta-ta|tank,7,1,1,,1338.3353885498575,477.07033927556296,1250.4181315177723,0.1455641093197073,6.869825293291678,1338.3353885498575,477.07033927556296,0.1455641093197073,6.869825293291678,7.0,1.0057681592600534,-0.00045547284911138955,-0.00010673642929488702,1.013691423488747,-11.862773055160687,52.537471526252375,1.0195385084444348,1.005758213698208,1.0137013991618882,1.007897708768863,1.007897708768863,0.009894293002968053,1.0097219956227728,0.0002804205087279239,0.7996419984445003,1.1998656171789845,1.8660787388588254,1|1|1|1|1|1|1,0.77594589219318877|2.2554294106682082|1.6065116243192363|0.23870531517016411|1.0354665881897025|0.19801624529986725|0.79964199844450035
medium_launcher:1,medium_launcher,0,1,condor|helicopter|jammer|large_launcher|mine_roller|small_launcher|small_plane|small_tower|spacecraft|ta-ta|tank,11,1,1,,946.3932031884646,556.7028362143444,765.3378647317975,0.529103296126165,1.8899901159594161,897.865749819177,566.4837577397377,0.6613041904313546,1.5121634105293078,10.431169205409264,1.0065969613529702,0.00022703672089912817,0.0010397833119522924,1.0148428356467143,-12.844114656747479,47.2455080115642,1.0215374785438207,1.0065486711706442,1.0148912892167887,1.0082883404301173,1.0082883404301173,0.023036524283755917,1.0107113725212657,0.0006350676464743074,0.5259214640909475,3.8253508992552048,2.1524610840028715,1|1|1|1|1|1|1|1|1|1|0.24355759242603722,0.75707133175528962|0.38940174231311031|0.44315712935646245|0.018053676593624723|0.41795664676960564|1.3838647985747892|0.52592146409094753|0.32797437990562772|1.1041569984031008|2.1524610840028715|12.317415236854266
medium_launcher:2,medium_launcher,1,2,condor|helicopter|jammer|large_launcher|small_launcher|small_plane|small_tower|spacecraft|ta-ta|tank,10,0,1,,923.1884504260222,467.42791098800296,796.1080724558643,0.34473488018419196,2.9007798673162974,923.1884504260222,467.42791098800296,0.34473488018419196,2.9007798673162974,10.0,1.006856587449156,3.651726532237786e-05,9.345444295888357e-05,1.013350617306214,-12.981089264852699,50.964448848293046,1.0202987410177295,1.006855937601026,1.0133512679566978,1.0064511020028821,1.0064511020028821,0.0016148145434862927,1.0100983818508618,6.507736743348812e-05,0.5186652761213597,0.546008232077731,0.778068048346017,1|1|1|1|1|1|1|1|1|1,0.76172234134280536|0.50485682057069003|0.60572859051159245|0.27850343379503378|0.14926698693263313|0.53247373167202938|0.20054289363802422|0.60643881962965418|0.36321608817196793|0.92517941137492188
medium_launcher:3,medium_launcher,2,3,condor|helicopter|jammer|large_launcher|small_launcher|small_plane|small_tower|spacecraft|ta-ta|tank,10,0,1,,931.3831220287385,473.3274013692366,802.1444328255639,0.3481914851496681,2.8719829250567566,931.3831220287385,473.3274013692366,0.3481914851496681,2.8719829250567566,10.0,1.0068503119858432,4.8304109867667844e-05,-0.00015034345715859434,1.0134286710934137,-13.136898745589178,51.35834479833511,1.020370980928009,1.0068499212002762,1.0134290716451704,1.0065343903856605,1.0065343903856605,-0.0056337106210546046,1.0101341400665602,5.134308789662228e-05,0.4184601454954665,0.4934078159570135,0.7036704650751486,1|1|1|1|1|1|1|1|1|1,0.69438812776107117|0.23685258297646974|0.24762794923467399|0.21138495732270801|0.33539146983109019|0.019839934019126669|0.78721150090184555|0.65316430636141731|0.61603387186420577|0.50152882115984287
medium_launcher:4,medium_launcher,3,4,condor|helicopter|jammer|jet_plane|large_launcher|small_launcher|small_plane|small_tower|spacecraft|ta-ta|tank,11,1,1,,936.9209660874362,532.0070254552561,771.22592121924,0.47585156170262677,2.1014956773955666,939.753841001376,488.5503315640959,0.3703611729856917,2.700067050599371,10.25701594030593,1.0067636173251464,0.0001764652073100266,-0.00037426805882900815,1.0147204719277072,-13.04177164433304,50.49975529800065,1.0215837189371089,1.0067624257090455,1.0147217385647114,1.0079058501314848,1.0079058501314848,-0.015609665776881691,1.0107342474345613,9.998530506004832e-05,0.6513634804914123,6.64102549391372,1.7251155927832182,1|1|1|0.13722359668414008|1|1|1|1|1|1|1,0.59040136497545537|0.20073323567797513|0.74863699952355078|21.862129200019222|1.2405268963203451|0.78855957740545157|0.42850039986978972|0.65136348049141235|0.52578248657957904|0.46076719088506357|1.7251155927832182
medium_launcher:5,medium_launcher,4,5,condor|helicopter|jammer|jet_plane|large_launcher|small_launcher|small_plane|small_tower|spacecraft|ta-ta|tank,11,0,1,,947.5498002569269,541.9331971849306,777.2766777382822,0.48611635976920714,2.0571206459185385,947.5498002569269,541.9331971849306,0.48611635976920714,2.0571206459185385,11.0,1.0069541766123167,0.00026739886948295375,-8.478136563775093e-05,1.0133948259868364,-13.581106588697594,51.474322158675136,1.0204421752551982,1.0069528977406563,1.0133961355539154,1.006398747972935,1.006398747972935,-0.009987601582696749,1.0101693794880136,9.074739470679763e-05,0.3792626157574427,0.46901833370921364,0.7077831361672267,1|1|1|1|1|1|1|1|1|1|1,0.59622427056837868|0.70778313616722666|0.26791511183546768|0.81947454843939527|0.30065918781957857|0.053747481575237274|0.37926261575744269|0.30926851916938503|0.45625761087982697|0.3593890627737355|0.38716842068821361
medium_launcher:6,medium_launcher,5,6,condor|helicopter|jammer|jet_plane|large_launcher|small_launcher|small_plane|small_tower|spacecraft|ta-ta|tank,11,0,1,,956.4390287428046,548.6888533305652,783.4003816269615,0.4905516237067128,2.0385214352034686,956.4390287428046,548.6888533305652,0.4905516237067128,2.0385214352034686,11.0,1.0071340578119519,6.252168524758552e-05,0.0002634585090891217,1.013445443707225,-13.632705691776664,50.772971116014446,1.0206754056200213,1.0071298564289652,1.0134496550813075,1.0062750583869597,1.0062750583869597,0.005697787148823632,1.0102848141093785,0.00016330391470725076,0.47580304687678976,0.6856124436474429,1.0470403792414602,1|1|1|1|1|1|1|1|1|1|1,0.95413897860831109|0.26505008906526456|0.76979144849703485|0.40516171305852161|0.47580304687678976|0.25819195861353855|0.71978171676870162|0.29825955633585222|1.0470403792414602|0.44956129010297258|1.1112362505940241
medium_launcher:7,medium_launcher,6,7,condor|helicopter|jammer|jet_plane|large_launcher|large_tower|small_launcher|small_plane|small_tower|spacecraft|ta-ta|tank,12,1,1,,1040.5768599141963,636.2416448941325,823.4055930653481,0.5970580513014045,1.6748790135570653,982.3338138464973,580.5023075001054,0.5365997611283227,1.863586368166235,11.332902329807748,1.0068179813292844,8.971920957527602e-05,-0.0009015052421865441,1.0149225312917471,-12.988455477783646,51.37068873404792,1.021842335043102,1.006797825575796,1.0149429300353348,1.008090109307577,1.008090109307577,-0.02809112877295833,1.0108621741083708,0.00040787972771140274,0.6641486400053697,4.8552460348158295,1.9789146493444432,1|1|1|1|1|0.18201056459647916|1|1|1|1|1|1,0.5542789981078281|0.47072702990620835|0.81987302924757122|1.9794293093918911|1.9742827089174118|16.482559716525373|0.37391882572372837|0.49382650718474647|0.5638920804112163|0.56943430895327363|0.7588629710574657|0.7664709605413681
medium_launcher:8,medium_launcher,7,8,condor|helicopter|jammer|jet_plane|large_launcher|large_tower|small_launcher|small_plane|small_tower|spacecraft|ta-ta|tank,12,0,1,,1051.8506797214877,647.3153246435635,829.0794430645074,0.6095923151317024,1.6404406275757422,1051.8506797214877,647.3153246435635,0.6095923151317024,1.6404406275757422,12.0,1.0069752599214263,0.0002881621118327194,0.00036544261344580907,1.0133012471768061,-13.571572655950149,50.95051085917339,1.0203691814478546,1.006958422771704,1.0133180858046122,1.0063157156135631,1.0063157156135631,0.0021917032462471656,1.0101332493527053,0.00032692335461740105,0.8166200873300031,0.7950333308025482,1.023735814670486,1|1|1|1|1|1|1|1|1|1|1|1,0.67145623301042334|0.86471858030725757|0.99030282230808941|0.14596090327968378|0.76852159435274869|1.2575469820152787|0.39007958085492117|1.0274505915996412|0.86885383025310459|0.94017594888516098|0.23124703733076771|0.55871313559527336
medium_launcher:9,medium_launcher,8,9,condor|helicopter|jammer|jet_plane|large_launcher|large_tower|small_launcher|small_tower|spacecraft|ta-ta|tank,11,1,1,,1058.6449021865735,601.5308305885042,871.1427487944351,0.4768009705489133,2.0973111670657008,1037.1798521618891,528.9865028359991,0.3515785048994142,2.8443149568717163,10.223850707868767,1.0071356568270928,3.8111537739349375e-05,9.60133010790726e-05,1.0116535729951528,-13.733063749343728,52.71026963540908,1.0188723820607342,1.007134662009635,1.0116545686429632,1.0044878870759042,1.0044878870759042,0.0016433249275428056,1.0093920853963212,6.712720953127872e-05,0.9203282812265956,7.700307896801313,1.7622245981347464,0.11838945790867415|1|1|1|1|1|1|1|1|1|1,25.340094067448181|1.0399112198783687|1.7622245981347464|0.9203282812265956|0.13638959245244833|0.87379819709200302|0.93804563180875777|1.4944425386758056|0.77029006168895442|0.22488965578047332|0.74067586281401865
medium_launcher:10,medium_launcher,9,10,condor|helicopter|jammer|jet_plane|large_launcher|large_tower|small_launcher|small_tower|spacecraft|ta-ta|tank,11,1,1,,1065.7504727880414,605.0036911958156,877.3793956364443,0.4754897793673223,2.1030946266196953,1044.6591916998282,531.0464342104483,0.34846094170597214,2.8697620889855435,10.157080591147565,1.006954905034444,0.00013141619868497985,-0.00021520519214940863,1.0115465483057682,-13.598949547100801,53.62608304370781,1.0185817867686027,1.0069545376983795,1.0115469454031163,1.0045606902127218,1.0045606902127218,-0.009838953821751152,1.0092481294352755,4.2288739514937926e-05,0.8006114552917966,11.135966347035428,2.612690897139166,0.08158805134117067|1|1|1|1|1|1|1|1|1|1,36.770090113503556|1.2055113333328251|2.6126908971391658|0.72551504222692109|0.30601101656988744|0.9473647703788457|0.099810585834540527|0.68520470593988791|0.37219428940423049|1.0058743912589025|0.80061145529179656
medium_launcher:11,medium_launcher,10,11,helicopter|jammer|jet_plane|large_launcher|large_tower|small_launcher|small_tower|spacecraft|ta-ta|tank,10,0,1,,1050.7678585206154,528.2286995031941,908.3432905686948,0.3381769177726626,2.9570320960587977,1050.7678585206154,528.2286995031941,0.3381769177726626,2.9570320960587977,10.0,1.0071064166087373,0.00021181207253758962,0.0003135416089267944,1.0131346272072772,-13.772951433733851,51.35708186634338,1.020334317537052,1.0070949935031748,1.0131460528741427,1.0060084296019776,1.0060084296019776,0.0028851374442859998,1.0101159921202376,0.00026282861611687296,0.3865031894410873,0.6794154862307719,1.0382508947367008,1|1|1|1|1|1|1|1|1|1,0.099648961008528575|1.0024214443039161|0.42492658611051892|0.85361602754215149|1.3607159486317646|0.60782401590566537|0.34085531137746305|0.34447267781798524|0.34807979277165563|0.33919197727147943
medium_launcher:12,medium_launcher,11,12,helicopter|jammer|jet_plane|large_launcher|large_tower|small_launcher|small_tower|spacecraft|ta-ta|tank,10,1,1,,1059.8645833312858,535.1413541644641,914.8424269036847,0.342171971368036,2.9225070539878093,1056.5821717371102,522.7443045896083,0.32411365381984003,3.0853374679360295,9.948896507905339,1.0069607261655342,-0.00012437628625272266,0.0006508341194759044,1.0108357957361935,-13.06597991257604,52.46232047407716,1.0178720278569637,1.0069430015464993,1.0108536692679522,1.0038837031643764,1.0038837031643764,0.022012270224225028,1.0088964406008,0.00026397327205169554,0.8812259253708332,1.5936078908135995,2.147870041068425,1|0.76667392987256222|1|1|1|1|1|1|1|1,1.3247639111302223|3.9130064108871694|1.1500265870119897|0.61242526372967665|0.61123292439964427|0.24992670319691834|1.9517437777552316|1.4143063744961415|0.13844577157918941|0.6056517801607576
medium_launcher:13,medium_launcher,12,13,helicopter|jet_plane|large_launcher|large_tower|small_launcher|small_tower|spacecraft|ta-ta|tank,9,0,1,,1046.4136312445098,462.9151288708488,938.4514218204405,0.24332075521757296,4.109801480378517,1046.4136312445098,462.9151288708488,0.24332075521757296,4.109801480378517,9.0,1.0072151622864531,0.0003352557254964998,0.0005250907009738407,1.012572091009724,-14.229445078861772,51.23443653098775,1.0198777869334286,1.007180842814277,1.0126064194029678,1.0053868941485529,1.0053868941485529,0.005385093330519718,1.009889987539944,0.0004304249537963443,0.5946640883825142,0.6617093242056353,0.9767402777225129,1|1|1|1|1|1|1|1|1,0.58683162825966317|0.54607747487924085|0.70013868778506172|1.0195997837347968|0.96602540121944191|0.17874961380829416|0.66760650327842985|0.59466408838251417|0.062473006771259804
medium_launcher:14,medium_launcher,13,14,helicopter|jet_plane|large_launcher|large_tower|small_launcher|small_tower|spacecraft|ta-ta|tank,9,0,1,,1055.0562415527934,468.74030641549894,945.2122502279635,0.24592683240654858,4.0662500720818935,1055.0562415527934,468.74030641549894,0.24592683240654858,4.0662500720818935,9.0,1.0072169440383,0.00041209000987599487,0.0002985072008252366,1.0131159421661924,-14.186351483805083,51.695852379898724,1.0204274202132801,1.0071956229559005,1.013137266441396,1.0058991951017997,1.0058991951017997,-0.003221160048143009,1.0101620762101893,0.0003551327843984555,0.45453695138972416,0.5296381790619029,0.7912649998427984,1|1|1|1|1|1|1|1|1,0.29814617025422696|0.53288154549339295|0.78375944456035351|0.82128722097257778|0.37880960422529519|0.45453695138972416|0.43171410203057337|0.29157121700856015|0.49143927695399486
medium_launcher:15,medium_launcher,14,15,helicopter|jet_plane|large_launcher|large_tower|small_launcher|small_tower|spacecraft|ta-ta|tank,9,0,1,,1063.8965970129816,474.8924141065098,952.0258211623745,0.24882442506277097,4.01889806335423,1063.8965970129816,474.8924141065098,0.24882442506277097,4.01889806335423,9.0,1.00723551549726,0.00010436526449807737,0.0004858283062450069,1.0127203765702324,-14.131917098983195,51.76120315739149,1.0200478798456976,1.0072197023878067,1.0127362256988017,1.0054769811372009,1.0054769811372009,0.010820148181616498,1.009974197613829,0.00029561468046546157,0.4441037404339122,0.4268291162950919,0.5114454330253868,1|1|1|1|1|1|1|1|1,0.40352225432204492|0.50679512582491881|0.46384010938029036|0.53004666182725857|0.44410374043391221|0.44082423017159195|0.13897029120157417|0.32453216296465315|0.45573153255960558
medium_launcher:16,medium_launcher,15,16,helicopter|jet_plane|large_launcher|large_tower|small_launcher|small_tower|spacecraft|ta-ta|tank,9,0,1,,1072.7554402415778,480.93651735193754,958.9078687993392,0.25154850663556316,3.9753764129825413,1072.7554402415778,480.93651735193754,0.25154850663556316,3.9753764129825413,9.0,1.0074254840624248,0.0003252365678507579,0.0003824058044518846,1.0132374350874422,-14.561628347015358,51.431466545566536,1.020761089140785,1.0074040237099522,1.0132588962486397,1.005811841526229,1.005811841526229,0.0016210303773643237,1.0103272188458474,0.0003539034027911257,0.5845949528819101,0.719649471956074,1.158207240794947,1|1|1|1|1|1|1|1|1,0.5845949528819101|0.4965897285928787|1.2315194204874158|1.13987919587183|0.60138373427458769|0.57944158635746379|0.65159219012671421|0.1566350907929128|0.3319926187877516
medium_launcher:17,medium_launcher,16,17,helicopter|jet_plane|large_launcher|large_tower|small_launcher|small_tower|spacecraft|ta-ta|tank,9,0,1,,1081.9723502320503,487.3071074274957,966.0206776862045,0.25446768925785346,3.929771999409697,1081.9723502320503,487.3071074274957,0.25446768925785346,3.929771999409697,9.0,1.0071313836143134,0.00047701771248466474,0.0004825112251048357,1.0129707558003032,-14.209729102225083,51.428981376285265,1.0201944086835952,1.0070922285819612,1.013009910840125,1.0058760082644032,1.0058760082644032,0.00015581147195303108,1.010046735890768,0.0004797724086551072,0.42739690887793874,0.5382876818395093,0.7614695887694392,1|1|1|1|1|1|1|1|1,0.35205415370368154|0.42739690887793874|0.83478820182518088|0.65180423502224971|0.34459756121408625|0.31893574621201515|0.34614613484417905|0.53564046561689449|0.74313993550550372
medium_launcher:18,medium_launcher,17,18,helicopter|jet_plane|large_launcher|large_tower|small_launcher|small_tower|spacecraft|ta-ta|tank,9,1,1,,1090.9661903079589,493.63311111854654,972.8995734414145,0.2574379330439975,3.8844314362526164,1120.720049767139,454.1599487672872,0.1964856704133005,5.089429666278137,8.186519555558869,1.007429890105227,0.0004942804852679229,0.0001656600903651866,1.0117941468649023,-14.937903636000556,53.69847349811312,1.0193115843026708,1.007405096274865,1.0118189674360722,1.0043814262777988,1.0043814262777988,-0.009324652034089732,1.0096096197554136,0.0003296151510457114,0.43334779787891325,10.295671335540751,7.909381273030466,0.097532421096534469|1|1|1|1|1|1|1|1,30.759002660568591|1.2805341104766848|0.098840203720323788|0.43334779787891325|0.10137047962338325|2.1969759261459285|1.0147984446429454|0.34938406082533191|0.25533892204079955
medium_launcher:19,medium_launcher,18,19,jet_plane|large_launcher|large_tower|small_launcher|small_tower|spacecraft|ta-ta|tank,8,1,1,,1133.2685788792523,454.08645201828347,1038.3174687774674,0.19125674834776202,5.228573677210598,1148.6388030995251,398.3072878453899,0.1366809970623021,7.316306008099858,7.391081769433256,1.0074785557486095,3.5427308687507475e-06,4.6822259243790036e-05,1.0097213203704145,-14.332224548031718,56.41640793997908,1.0172725773894855,1.0074782732590974,1.009721603324213,1.00222667835591,1.00222667835591,0.0012292952940275148,1.0085993145890422,2.5206554588704467e-05,0.958536754461863,5.029025918981971,5.865887327001846,1|1|1|1|0.21704650246879847|1|1|1,1.2054931181867983|1.7469833273036783|0.36682543814858892|0.022656413015871752|13.821922794776938|2.4561578408125233|0.32243944408649533|0.7115803907369278
medium_launcher:20,medium_launcher,19,20,hangar|jet_plane|large_launcher|large_tower|small_launcher|spacecraft|ta-ta|tank,8,2,1,,1318.1234293494672,541.8391919591335,1201.6071175958778,0.20333673489751625,4.917950514470541,1137.6413159000651,444.11873062636835,0.1798030147519055,5.561642007948602,7.039685609164065,1.0063928190157456,-0.001715469001797645,0.0020885395311756273,1.0190371706275831,-10.526677831085635,40.285407335042464,1.0255552736545475,1.0063918538590368,1.0190417079808705,1.012569511640349,1.012569511640349,0.10760844809246149,1.0126970295476074,0.00019840874443433507,1.9137985636713326,6.115591961959261,9.012475780446652,0.20004782302244345|1|0.46515802722587951|1|1|1|1|0.67899257128814861,15.013495979138115|1.8417405665400657|6.4406099810074542|1.8729796686311562|0.60412250437263337|1.9546174587115093|1.3273508429567122|4.4124581691348022
medium_launcher:21,medium_launcher,20,21,hangar|jet_plane|large_launcher|large_tower|medium_plane|small_launcher|spacecraft|ta-ta|tank,9,3,1,,1365.3797350875157,593.6748882359441,1229.5576229139056,0.233130762971484,4.289438198777386,1249.281701466335,591.2674509561546,0.2886590810877868,3.4642942679356787,8.163637862645654,1.0063164230837185,-0.0011201949442631138,0.0017429677602267067,1.017509356093089,-11.356957643186888,43.07377778576301,1.0239383281414878,1.0063087796839953,1.0175190247898152,1.0111399655176814,1.0111399655176814,0.08105788120214098,1.0118983783668634,0.00031930356550269524,1.6256049167182056,6.397428119209032,7.613909729518053,0.1663228191968521|1|0.5990314731200217|1|1|1|1|1|1,18.037212311750753|1.0090685615802626|5.0080840839598739|2.2624664782331276|0.84323468601220852|0.76917216324472448|1.6256049167182056|0.90625596582316326|2.6492091258488908
medium_launcher:22,medium_launcher,21,22,hangar|jet_plane|large_launcher|large_tower|medium_plane|small_launcher|spacecraft|ta-ta|tank,9,3,1,,1378.9221255731093,605.0170435850841,1239.104759641664,0.2384070905604734,4.194506118291577,1346.6266560785289,546.8393973158908,0.1974638441317599,5.0642182339605375,8.001295627388775,1.006417723556526,-0.0014550489945475522,0.0010951660196179464,1.012327456069817,-11.36372811094543,50.68531151180741,1.01882588735177,1.00641305510936,1.0123337353181108,1.0058829525100978,1.0058829525100978,0.07237985304478126,1.009369054088627,0.00017620856059243555,2.111981714569214,6.731587196146731,8.994019480726765,0.44807729381110939|1|0.79998212569530003|1|1|1|0.16493481728047851|1|1,6.6952734284875497|0.7684019584434294|3.7500837935945093|2.1119817145692141|1.7517317407821773|1.4408448446537987|18.189003689683616|1.6659579324397649|2.2644653952580245
medium_launcher:23,medium_launcher,22,23,hangar|jet_plane|large_launcher|large_tower|medium_plane|small_launcher|ta-ta|tank,8,1,1,,1427.0402431146608,534.3337835801744,1323.2275931198099,0.16306327854032285,6.13258858126489,1413.2117859371936,537.8275404605297,0.16936408688426097,5.904439473543019,7.988454773059006,1.0065997700115485,-0.0014908649981484317,0.0006322181993012682,1.0128142063147578,-11.80761693419845,52.26553796635676,1.0194994896928489,1.0065708085096003,1.0128442838536034,1.0062325226312612,1.0062325226312612,0.060237110061211775,1.0097026739059618,0.00042605643275870524,1.1686869038394812,1.6536327521943126,2.519992944167916,1|1|0.88667781848330485|1|1|1|1|1,0.52264098664866099|1.2102432609684031|3.3834161100746427|2.1499544444936052|1.127130546710559|1.4977200753841877|0.47439636071794133|0.57421127948138873
medium_launcher:24,medium_launcher,23,24,hangar|jet_plane|large_launcher|large_tower|medium_plane|small_launcher|ta-ta|tank,8,1,1,,1437.9243721420123,541.0315176346469,1332.2580068912894,0.1649181494811604,6.063613999708601,1437.9243721420123,541.0315176346469,0.1649181494811604,6.063613999708601,8.0,1.006575935318905,-0.0014348231665658494,0.0002085701456491822,1.0133091447731513,-11.640119963024972,52.624381732506436,1.019972899428511,1.0065208936743113,1.013364854956059,1.0067996216718003,1.0067996216718003,0.04661625605410859,1.0099370769649518,0.0006103872141413374,1.0326313045926263,1.5190115940305344,2.263311964132737,1|1|1|1|1|1|1|1,1.0292306556779134|1.4582185912404586|2.9684931828633401|1.9610914418196219|0.64260729050488219|1.0360319535073392|0.94230186801683524|0.49130643300940213
medium_plane:1,medium_plane,0,1,condor|helicopter|jammer|large_launcher|mine_roller|small_launcher|small_plane|small_tower|spacecraft|ta-ta|tank,11,1,1,,946.3932031884646,556.7028362143444,765.3378647317975,0.529103296126165,1.8899901159594161,897.865749819177,566.4837577397377,0.6613041904313546,1.5121634105293078,10.431169205409264,1.0065969613529702,0.00022703672089912817,0.0010397833119522924,1.0148428356467143,-12.844114656747479,47.2455080115642,1.0215374785438207,1.0065486711706442,1.0148912892167887,1.0082883404301173,1.0082883404301173,0.023036524283755917,1.0107113725212657,0.0006350676464743074,0.5259214640909475,3.8253508992552048,2.1524610840028715,1|1|1|1|1|1|1|1|1|1|0.24355759242603722,0.75707133175528962|0.38940174231311031|0.44315712935646245|0.018053676593624723|0.41795664676960564|1.3838647985747892|0.52592146409094753|0.32797437990562772|1.1041569984031008|2.1524610840028715|12.317415236854266
medium_plane:2,medium_plane,1,2,condor|helicopter|jammer|large_launcher|small_launcher|small_plane|small_tower|spacecraft|ta-ta|tank,10,0,1,,923.1884504260222,467.42791098800296,796.1080724558643,0.34473488018419196,2.9007798673162974,923.1884504260222,467.42791098800296,0.34473488018419196,2.9007798673162974,10.0,1.006856587449156,3.651726532237786e-05,9.345444295888357e-05,1.013350617306214,-12.981089264852699,50.964448848293046,1.0202987410177295,1.006855937601026,1.0133512679566978,1.0064511020028821,1.0064511020028821,0.0016148145434862927,1.0100983818508618,6.507736743348812e-05,0.5186652761213597,0.546008232077731,0.778068048346017,1|1|1|1|1|1|1|1|1|1,0.76172234134280536|0.50485682057069003|0.60572859051159245|0.27850343379503378|0.14926698693263313|0.53247373167202938|0.20054289363802422|0.60643881962965418|0.36321608817196793|0.92517941137492188
medium_plane:3,medium_plane,2,3,condor|helicopter|jammer|large_launcher|small_launcher|small_plane|small_tower|spacecraft|ta-ta|tank,10,0,1,,931.3831220287385,473.3274013692366,802.1444328255639,0.3481914851496681,2.8719829250567566,931.3831220287385,473.3274013692366,0.3481914851496681,2.8719829250567566,10.0,1.0068503119858432,4.8304109867667844e-05,-0.00015034345715859434,1.0134286710934137,-13.136898745589178,51.35834479833511,1.020370980928009,1.0068499212002762,1.0134290716451704,1.0065343903856605,1.0065343903856605,-0.0056337106210546046,1.0101341400665602,5.134308789662228e-05,0.4184601454954665,0.4934078159570135,0.7036704650751486,1|1|1|1|1|1|1|1|1|1,0.69438812776107117|0.23685258297646974|0.24762794923467399|0.21138495732270801|0.33539146983109019|0.019839934019126669|0.78721150090184555|0.65316430636141731|0.61603387186420577|0.50152882115984287
medium_plane:4,medium_plane,3,4,condor|helicopter|jammer|jet_plane|large_launcher|small_launcher|small_plane|small_tower|spacecraft|ta-ta|tank,11,1,1,,936.9209660874362,532.0070254552561,771.22592121924,0.47585156170262677,2.1014956773955666,939.753841001376,488.5503315640959,0.3703611729856917,2.700067050599371,10.25701594030593,1.0067636173251464,0.0001764652073100266,-0.00037426805882900815,1.0147204719277072,-13.04177164433304,50.49975529800065,1.0215837189371089,1.0067624257090455,1.0147217385647114,1.0079058501314848,1.0079058501314848,-0.015609665776881691,1.0107342474345613,9.998530506004832e-05,0.6513634804914123,6.64102549391372,1.7251155927832182,1|1|1|0.13722359668414008|1|1|1|1|1|1|1,0.59040136497545537|0.20073323567797513|0.74863699952355078|21.862129200019222|1.2405268963203451|0.78855957740545157|0.42850039986978972|0.65136348049141235|0.52578248657957904|0.46076719088506357|1.7251155927832182
medium_plane:5,medium_plane,4,5,condor|helicopter|jammer|jet_plane|large_launcher|small_launcher|small_plane|small_tower|spacecraft|ta-ta|tank,11,0,1,,947.5498002569269,541.9331971849306,777.2766777382822,0.48611635976920714,2.0571206459185385,947.5498002569269,541.9331971849306,0.48611635976920714,2.0571206459185385,11.0,1.0069541766123167,0.00026739886948295375,-8.478136563775093e-05,1.0133948259868364,-13.581106588697594,51.474322158675136,1.0204421752551982,1.0069528977406563,1.0133961355539154,1.006398747972935,1.006398747972935,-0.009987601582696749,1.0101693794880136,9.074739470679763e-05,0.3792626157574427,0.46901833370921364,0.7077831361672267,1|1|1|1|1|1|1|1|1|1|1,0.59622427056837868|0.70778313616722666|0.26791511183546768|0.81947454843939527|0.30065918781957857|0.053747481575237274|0.37926261575744269|0.30926851916938503|0.45625761087982697|0.3593890627737355|0.38716842068821361
medium_plane:6,medium_plane,5,6,condor|helicopter|jammer|jet_plane|large_launcher|small_launcher|small_plane|small_tower|spacecraft|ta-ta|tank,11,0,1,,956.4390287428046,548.6888533305652,783.4003816269615,0.4905516237067128,2.0385214352034686,956.4390287428046,548.6888533305652,0.4905516237067128,2.0385214352034686,11.0,1.0071340578119519,6.252168524758552e-05,0.0002634585090891217,1.013445443707225,-13.632705691776664,50.772971116014446,1.0206754056200213,1.0071298564289652,1.0134496550813075,1.0062750583869597,1.0062750583869597,0.005697787148823632,1.0102848141093785,0.00016330391470725076,0.47580304687678976,0.6856124436474429,1.0470403792414602,1|1|1|1|1|1|1|1|1|1|1,0.95413897860831109|0.26505008906526456|0.76979144849703485|0.40516171305852161|0.47580304687678976|0.25819195861353855|0.71978171676870162|0.29825955633585222|1.0470403792414602|0.44956129010297258|1.1112362505940241
medium_plane:7,medium_plane,6,7,condor|helicopter|jammer|jet_plane|large_launcher|large_tower|small_launcher|small_plane|small_tower|spacecraft|ta-ta|tank,12,1,1,,1040.5768599141963,636.2416448941325,823.4055930653481,0.5970580513014045,1.6748790135570653,982.3338138464973,580.5023075001054,0.5365997611283227,1.863586368166235,11.332902329807748,1.0068179813292844,8.971920957527602e-05,-0.0009015052421865441,1.0149225312917471,-12.988455477783646,51.37068873404792,1.021842335043102,1.006797825575796,1.0149429300353348,1.008090109307577,1.008090109307577,-0.02809112877295833,1.0108621741083708,0.00040787972771140274,0.6641486400053697,4.8552460348158295,1.9789146493444432,1|1|1|1|1|0.18201056459647916|1|1|1|1|1|1,0.5542789981078281|0.47072702990620835|0.81987302924757122|1.9794293093918911|1.9742827089174118|16.482559716525373|0.37391882572372837|0.49382650718474647|0.5638920804112163|0.56943430895327363|0.7588629710574657|0.7664709605413681
medium_plane:8,medium_plane,7,8,condor|helicopter|jammer|jet_plane|large_launcher|large_tower|small_launcher|small_plane|small_tower|spacecraft|ta-ta|tank,12,0,1,,1051.8506797214877,647.3153246435635,829.0794430645074,0.6095923151317024,1.6404406275757422,1051.8506797214877,647.3153246435635,0.6095923151317024,1.6404406275757422,12.0,1.0069752599214263,0.0002881621118327194,0.00036544261344580907,1.0133012471768061,-13.571572655950149,50.95051085917339,1.0203691814478546,1.006958422771704,1.0133180858046122,1.0063157156135631,1.0063157156135631,0.0021917032462471656,1.0101332493527053,0.00032692335461740105,0.8166200873300031,0.7950333308025482,1.023735814670486,1|1|1|1|1|1|1|1|1|1|1|1,0.67145623301042334|0.86471858030725757|0.99030282230808941|0.14596090327968378|0.76852159435274869|1.2575469820152787|0.39007958085492117|1.0274505915996412|0.86885383025310459|0.94017594888516098|0.23124703733076771|0.55871313559527336
medium_plane:9,medium_plane,8,9,condor|helicopter|jammer|jet_plane|large_launcher|large_tower|small_launcher|small_tower|spacecraft|ta-ta|tank,11,1,1,,1058.6449021865735,601.5308305885042,871.1427487944351,0.4768009705489133,2.0973111670657008,1037.1798521618891,528.9865028359991,0.3515785048994142,2.8443149568717163,10.223850707868767,1.0071356568270928,3.8111537739349375e-05,9.60133010790726e-05,1.0116535729951528,-13.733063749343728,52.71026963540908,1.0188723820607342,1.007134662009635,1.0116545686429632,1.0044878870759042,1.0044878870759042,0.0016433249275428056,1.0093920853963212,6.712720953127872e-05,0.9203282812265956,7.700307896801313,1.7622245981347464,0.11838945790867415|1|1|1|1|1|1|1|1|1|1,25.340094067448181|1.0399112198783687|1.7622245981347464|0.9203282812265956|0.13638959245244833|0.87379819709200302|0.93804563180875777|1.4944425386758056|0.77029006168895442|0.22488965578047332|0.74067586281401865
medium_plane:10,medium_plane,9,10,condor|helicopter|jammer|jet_plane|large_launcher|large_tower|small_launcher|small_tower|spacecraft|ta-ta|tank,11,1,1,,1065.7504727880414,605.0036911958156,877.3793956364443,0.4754897793673223,2.1030946266196953,1044.6591916998282,531.0464342104483,0.34846094170597214,2.8697620889855435,10.157080591147565,1.006954905034444,0.00013141619868497985,-0.00021520519214940863,1.0115465483057682,-13.598949547100801,53.62608304370781,1.0185817867686027,1.0069545376983795,1.0115469454031163,1.0045606902127218,1.0045606902127218,-0.009838953821751152,1.0092481294352755,4.2288739514937926e-05,0.8006114552917966,11.135966347035428,2.612690897139166,0.08158805134117067|1|1|1|1|1|1|1|1|1|1,36.770090113503556|1.2055113333328251|2.6126908971391658|0.72551504222692109|0.30601101656988744|0.9473647703788457|0.099810585834540527|0.68520470593988791|0.37219428940423049|1.0058743912589025|0.80061145529179656
medium_plane:11,medium_plane,10,11,helicopter|jammer|jet_plane|large_launcher|large_tower|small_launcher|small_tower|spacecraft|ta-ta|tank,10,0,1,,1050.7678585206154,528.2286995031941,908.3432905686948,0.3381769177726626,2.9570320960587977,1050.7678585206154,528.2286995031941,0.3381769177726626,2.9570320960587977,10.0,1.0071064166087373,0.00021181207253758962,0.0003135416089267944,1.0131346272072772,-13.772951433733851,51.35708186634338,1.020334317537052,1.0070949935031748,1.0131460528741427,1.0060084296019776,1.0060084296019776,0.0028851374442859998,1.0101159921202376,0.00026282861611687296,0.3865031894410873,0.6794154862307719,1.0382508947367008,1|1|1|1|1|1|1|1|1|1,0.099648961008528575|1.0024214443039161|0.42492658611051892|0.85361602754215149|1.3607159486317646|0.60782401590566537|0.34085531137746305|0.34447267781798524|0.34807979277165563|0.33919197727147943
medium_plane:12,medium_plane,11,12,helicopter|jammer|jet_plane|large_launcher|large_tower|small_launcher|small_tower|spacecraft|ta-ta|tank,10,1,1,,1059.8645833312858,535.1413541644641,914.8424269036847,0.342171971368036,2.9225070539878093,1056.5821717371102,522.7443045896083,0.32411365381984003,3.0853374679360295,9.948896507905339,1.0069607261655342,-0.00012437628625272266,0.0006508341194759044,1.0108357957361935,-13.06597991257604,52.46232047407716,1.0178720278569637,1.0069430015464993,1.0108536692679522,1.0038837031643764,1.0038837031643764,0.022012270224225028,1.0088964406008,0.00026397327205169554,0.8812259253708332,1.5936078908135995,2.147870041068425,1|0.76667392987256222|1|1|1|1|1|1|1|1,1.3247639111302223|3.9130064108871694|1.1500265870119897|0.61242526372967665|0.61123292439964427|0.24992670319691834|1.9517437777552316|1.4143063744961415|0.13844577157918941|0.6056517801607576
medium_plane:13,medium_plane,12,13,helicopter|jet_plane|large_launcher|large_tower|small_launcher|small_tower|spacecraft|ta-ta|tank,9,0,1,,1046.4136312445098,462.9151288708488,938.4514218204405,0.24332075521757296,4.109801480378517,1046.4136312445098,462.9151288708488,0.24332075521757296,4.109801480378517,9.0,1.0072151622864531,0.0003352557254964998,0.0005250907009738407,1.012572091009724,-14.229445078861772,51.23443653098775,1.0198777869334286,1.007180842814277,1.0126064194029678,1.0053868941485529,1.0053868941485529,0.005385093330519718,1.009889987539944,0.0004304249537963443,0.5946640883825142,0.6617093242056353,0.9767402777225129,1|1|1|1|1|1|1|1|1,0.58683162825966317|0.54607747487924085|0.70013868778506172|1.0195997837347968|0.96602540121944191|0.17874961380829416|0.66760650327842985|0.59466408838251417|0.062473006771259804
medium_plane:14,medium_plane,13,14,helicopter|jet_plane|large_launcher|large_tower|small_launcher|small_tower|spacecraft|ta-ta|tank,9,0,1,,1055.0562415527934,468.74030641549894,945.2122502279635,0.24592683240654858,4.0662500720818935,1055.0562415527934,468.74030641549894,0.24592683240654858,4.0662500720818935,9.0,1.0072169440383,0.00041209000987599487,0.0002985072008252366,1.0131159421661924,-14.186351483805083,51.695852379898724,1.0204274202132801,1.0071956229559005,1.013137266441396,1.0058991951017997,1.0058991951017997,-0.003221160048143009,1.0101620762101893,0.0003551327843984555,0.45453695138972416,0.5296381790619029,0.7912649998427984,1|1|1|1|1|1|1|1|1,0.29814617025422696|0.53288154549339295|0.78375944456035351|0.82128722097257778|0.37880960422529519|0.45453695138972416|0.43171410203057337|0.29157121700856015|0.49143927695399486
medium_plane:15,medium_plane,14,15,helicopter|jet_plane|large_launcher|large_tower|medium_launcher|small_launcher|small_tower|spacecraft|ta-ta|tank,10,1,1,,1165.553499415621,533.8458816741946,1036.1098081861312,0.26547291809630436,3.766862575553694,1095.475140379136,500.1258363052397,0.2633070197016485,3.7978478550746337,9.438350318776083,1.0071827777928246,0.0002642950638625732,-6.873813756791643e-05,1.0144021278152375,-14.235047078567277,50.67673376987818,1.0216883710590534,1.0071814674456216,1.014403465594163,1.0071705034117213,1.0071705034117213,-0.009438830223824812,1.0107860164540532,9.718380878099904e-05,0.7087857816526935,3.967843892808887,3.6715943218894185,1|1|1|1|0.24801050831375335|1|1|1|1|1,0.90919074535046762|0.94930103733603033|0.74390967547326059|2.7355201745496163|12.096261647947673|0.38657645669213103|0.23235248104188405|0.5909585547788343|0.58953527031926245|0.67366188783212644
medium_plane:16,medium_plane,15,16,helicopter|jet_plane|large_launcher|large_tower|medium_launcher|small_launcher|small_tower|spacecraft|ta-ta|tank,10,0,1,,1176.6256350258566,542.561339721237,1044.0666059403952,0.27004819521004486,3.7030427076996193,1176.6256350258566,542.561339721237,0.27004819521004486,3.7030427076996193,10.0,1.00730742416427,0.0006859597448038108,0.0003833869984586765,1.0132344371226387,-14.820349889728732,51.43361677634903,1.0206383079444916,1.0072595890745208,1.013282294867268,1.0059792985423757,1.0059792985423757,-0.0085799465795929,1.0102664539340558,0.0005342295855289257,0.6022037626747252,0.7422707916516018,1.158709853144923,1|1|1|1|1|1|1|1|1|1,0.57202197738135363|0.60524212327449112|1.2727968164569416|1.1460335238880319|0.64032893226853616|0.59916540207495927|0.5533610931166163|0.80135790973335186|0.14650890787330254|0.37928796137270243
medium_plane:17,medium_plane,16,17,helicopter|jet_plane|large_launcher|large_tower|medium_launcher|small_launcher|small_tower|spacecraft|ta-ta|tank,10,0,1,,1186.7567916384553,549.7042173825272,1051.7684896838578,0.27316045464563954,3.6608520120427435,1186.7567916384553,549.7042173825272,0.27316045464563954,3.6608520120427435,10.0,1.0070702067500341,0.0006628322467023857,0.0004338980390993135,1.0131184102546607,-14.35531427019123,51.31329452418299,1.0202810792758148,1.0070208973891623,1.0131677325873092,1.006103979782429,1.006103979782429,-0.0064929401716595034,1.0100896392280314,0.0005480224385408243,0.4110267020899359,0.5463270375830336,0.8194416903499456,1|1|1|1|1|1|1|1|1|1,0.26780880989869782|0.24189236512612947|0.84979138276528865|0.81606950230379638|0.42682061610321498|0.31338978587336458|0.32366670454216928|0.39523278807665685|0.5676479291140486|0.77640308997090701
medium_plane:18,medium_plane,17,18,helicopter|jet_plane|large_launcher|large_tower|medium_launcher|small_launcher|small_tower|spacecraft|ta-ta|tank,10,1,1,,1196.7397377876277,556.8755385500187,1059.2807156578592,0.2763720696561587,3.6183106391471633,1223.582286875587,517.5195488435659,0.21786429099901106,4.590013330842453,9.18521406306354,1.007372670157468,0.0007102310440079367,7.381474543584564e-05,1.012152794797008,-15.133152212170899,53.371618653391124,1.019615011076482,1.007340783474264,1.0121847817576537,1.0048086986676772,1.0048086986676772,-0.018055710288003495,1.0097598779296402,0.0003912696911219321,0.7260456700880535,9.830989411248028,4.945293620113901,0.096874566418635108|1|1|1|1|1|1|1|1|1,30.967880537764248|1.0742362856347307|0.24713789747995987|0.83106602772493954|0.62102531245116743|0.14459095448632059|2.0538950737083188|0.85384249734329731|0.33888712810350013|0.31498588348663392
medium_plane:19,medium_plane,18,19,jet_plane|large_launcher|large_tower|medium_launcher|small_launcher|small_tower|spacecraft|ta-ta|tank,9,1,1,,1236.7222035048837,518.5013669560418,1122.7814306919631,0.21325998220176878,4.689112273552961,1257.960211510629,451.6325308599947,0.147967452991457,6.758242976972346,8.373362730295275,1.0074129300824743,0.00037235869359456035,-0.00013143274958317926,1.0109550063297041,-14.725446708873733,55.056190138546754,1.0184491940482805,1.0074088694048011,1.010959129881398,1.003524150505737,1.003524150505737,-0.014301219479709618,1.0091824384363217,0.00012002091117906181,1.4252325498933627,4.979195429945092,4.39387874103698,1|1|1|1|1|0.20629304468612064|1|1|1,0.48170581770825072|1.8567435461550237|1.4407425120340349|1.4252325498933627|0.05748863000775694|14.542419520564794|1.8441224940372831|0.25761897049281429|0.62649381988863517
medium_plane:20,medium_plane,19,20,hangar|jet_plane|large_launcher|large_tower|medium_launcher|small_launcher|spacecraft|ta-ta|tank,9,3,1,,1412.3968551873832,603.2661593303147,1277.080583812181,0.223142001186677,4.481451249347791,1276.9621451082623,458.4010802632376,0.14792779763001135,6.760054675465012,8.038598995250856,1.0062568863154577,-0.001354929074101515,0.002160440394192919,1.0178536696657023,-10.825927753374344,41.89013700420128,1.0242251916060752,1.0062444417904075,1.0178691668434705,1.0115525856047256,1.0115525856047256,0.09950821651411411,1.0120401136348673,0.0004128253811818362,1.3997756430053252,6.157819728154169,8.32871080912878,0.1810809868970312|1|0.47824484725446104|1|1|1|1|1|0.73511887880038951,16.580395294500661|1.3525424773973989|6.265789687785805|1.6469375373239217|1.312790072275865|0.66625649063231174|1.3469351479994327|1.3997756430053252|4.0763181515536431
medium_plane:21,medium_plane,20,21,hangar|jet_plane|large_launcher|large_tower|medium_launcher|small_launcher|spacecraft|ta-ta|tank,9,3,1,,1425.2604591944623,616.4210282913327,1285.065170496604,0.23009362453992993,4.3460569670258815,1295.5535262052128,486.7202366741185,0.16433322409544684,6.085196742803434,8.160829599603897,1.0053722717936375,0.00013736688662402549,0.001899893119083157,1.0172592865227947,-11.697600281922405,43.0645509234605,1.0227240189121942,1.0052859983786295,1.0173463278725552,1.0119969138268883,1.0119969138268883,0.04992767388849757,1.0112981849643528,0.0010238088014249134,2.6075869913419245,6.5383913990646425,7.229718597106584,0.1665301232516557|1|0.72416853324345598|0.66297273274624624|1|1|1|1|1,18.032965639860883|1.6233156287207577|4.128796237520997|4.5289068364180061|2.6075869913419245|0.94005903796319079|1.1766387864672128|1.4146336347891255|2.8818764402245383
medium_plane:22,medium_plane,21,22,hangar|jet_plane|large_launcher|large_tower|medium_launcher|small_launcher|spacecraft|ta-ta|tank,9,4,1,,1437.5205398425219,629.9186489720056,1292.1562591832378,0.2376505702291327,4.207858617952576,1464.5131118992786,598.8659699085484,0.2007887369150583,4.980359034894672,8.132598103037024,1.0053292227966761,7.546955676916524e-05,0.001441904302473461,1.014560273553134,-11.72302396734176,46.62635594873518,1.0199669824716768,1.0052675141042107,1.014622444435166,1.0093059113118674,1.0093059113118674,0.038760007469412536,1.0099341475916521,0.0007618091113830987,2.5501287758577167,6.982349483855803,7.956073099002738,1|1|1|0.58504581701817304|1|1|0.15568926392000301|1|0.87852023306761828,2.8049816410629531|2.2726498543020619|2.5501287758577167|5.1278035202264673|2.2007107199063736|1.3741714628421344|19.269151414107814|1.8043550986307537|3.4148331329773867
medium_plane:23,medium_plane,22,23,hangar|jet_plane|large_launcher|large_tower|medium_launcher|small_launcher|ta-ta|tank,8,2,1,,1479.5445852313812,579.363269666547,1361.392809386324,0.18110690634766674,5.521600584796712,1478.3549944034003,590.9776347185165,0.19019690311315104,5.257709161568655,7.841905465495809,1.0054705931671286,9.174614655946795e-06,0.0003902086642811615,1.0131796871288379,-12.02049278298955,52.14112198656585,1.0187223774223042,1.0054654419242812,1.0131848743330767,1.0076774716334576,1.0076774716334576,0.010814970204656509,1.0093177782157134,0.00020041920800907312,1.4808550125695261,2.3083679710096336,3.2371869376513143,1|1|1|0.59253936374412297|1|1|1|1,0.18395958120870265|2.1136333767321442|1.6675847863470672|5.0629547732384808|2.4547150081139582|1.294125238791985|0.84269381743913352|1.1412035347419365
medium_plane:24,medium_plane,23,24,hangar|jet_plane|large_launcher|large_tower|small_launcher|ta-ta|tank,7,1,1,,1411.260682611726,508.71256526366795,1316.3845335723802,0.1493411143729002,6.6960796710210015,1411.260682611726,508.71256526366795,0.1493411143729002,6.6960796710210015,7.0,1.0065584076770586,-0.0017471083848024215,0.00020871696138403492,1.013311760549091,-11.108092849119657,52.61992534570868,1.019957836829883,1.0064723789973924,1.0133987361341446,1.0068818154191692,1.0068818154191692,0.05547906223959316,1.0099296197408425,0.0007659257418257247,1.3434005202343675,1.5921700292269367,2.2228262927253226,1|1|1|1|1|1|1,1.5021630221737239|1.3434005202343675|2.8286626741433385|1.8189353717799779|1.0602136362251793|0.97802856673961069|0.54163444150719176
mine_roller:1,mine_roller,0,1,condor|helicopter|jammer|large_launcher|small_launcher|small_plane|small_tower|spacecraft|ta-ta|tank,10,1,1,,914.0546550945409,460.51992244986866,789.5678017287477,0.3401872138800124,2.939557864607782,863.9065848868898,460.5838267764796,0.3971145691238678,2.5181649774427717,9.427725699103172,1.006610983029617,0.00013495492903763657,0.0010685694458310029,1.014592618108153,-12.814787962388891,47.350843409147956,1.021299928479727,1.0065659769684427,1.0146378397923401,1.008019208883066,1.008019208883066,0.026465501877155392,1.0105938494171272,0.0006036055222845138,0.5107226779264079,4.037549943926917,3.1241890601891384,1|1|1|1|1|1|1|1|1|0.24107333086441254,0.66850309409921504|0.34129148531639902|0.35294226175360083|0.12863990469285835|1.2881842547465572|0.31518407353450667|0.30750070386443068|1.1118524875640718|2.088616039522007|12.44434624619336
mine_roller:2,mine_roller,1,2,condor|helicopter|jammer|large_launcher|small_launcher|small_plane|small_tower|spacecraft|ta-ta|tank,10,0,1,,923.1884504260222,467.42791098800296,796.1080724558643,0.34473488018419196,2.9007798673162974,923.1884504260222,467.42791098800296,0.34473488018419196,2.9007798673162974,10.0,1.006856587449156,3.651726532237786e-05,9.345444295888357e-05,1.013350617306214,-12.981089264852699,50.964448848293046,1.0202987410177295,1.006855937601026,1.0133512679566978,1.0064511020028821,1.0064511020028821,0.0016148145434862927,1.0100983818508618,6.507736743348812e-05,0.5186652761213597,0.546008232077731,0.778068048346017,1|1|1|1|1|1|1|1|1|1,0.76172234134280536|0.50485682057069003|0.60572859051159245|0.27850343379503378|0.14926698693263313|0.53247373167202938|0.20054289363802422|0.60643881962965418|0.36321608817196793|0.92517941137492188
mine_roller:3,mine_roller,2,3,condor|helicopter|jammer|large_launcher|small_launcher|small_plane|small_tower|spacecraft|ta-ta|tank,10,0,1,,931.3831220287385,473.3274013692366,802.1444328255639,0.3481914851496681,2.8719829250567566,931.3831220287385,473.3274013692366,0.3481914851496681,2.8719829250567566,10.0,1.0068503119858432,4.8304109867667844e-05,-0.00015034345715859434,1.0134286710934137,-13.136898745589178,51.35834479833511,1.020370980928009,1.0068499212002762,1.0134290716451704,1.0065343903856605,1.0065343903856605,-0.0056337106210546046,1.0101341400665602,5.134308789662228e-05,0.4184601454954665,0.4934078159570135,0.7036704650751486,1|1|1|1|1|1|1|1|1|1,0.69438812776107117|0.23685258297646974|0.24762794923467399|0.21138495732270801|0.33539146983109019|0.019839934019126669|0.78721150090184555|0.65316430636141731|0.61603387186420577|0.50152882115984287
mine_roller:4,mine_roller,3,4,condor|helicopter|jammer|jet_plane|large_launcher|small_launcher|small_plane|small_tower|spacecraft|ta-ta|tank,11,1,1,,936.9209660874362,532.0070254552561,771.22592121924,0.47585156170262677,2.1014956773955666,939.753841001376,488.5503315640959,0.3703611729856917,2.700067050599371,10.25701594030593,1.0067636173251464,0.0001764652073100266,-0.00037426805882900815,1.0147204719277072,-13.04177164433304,50.49975529800065,1.0215837189371089,1.0067624257090455,1.0147217385647114,1.0079058501314848,1.0079058501314848,-0.015609665776881691,1.0107342474345613,9.998530506004832e-05,0.6513634804914123,6.64102549391372,1.7251155927832182,1|1|1|0.13722359668414008|1|1|1|1|1|1|1,0.59040136497545537|0.20073323567797513|0.74863699952355078|21.862129200019222|1.2405268963203451|0.78855957740545157|0.42850039986978972|0.65136348049141235|0.52578248657957904|0.46076719088506357|1.7251155927832182
mine_roller:5,mine_roller,4,5,condor|helicopter|jammer|jet_plane|large_launcher|small_launcher|small_plane|small_tower|spacecraft|ta-ta|tank,11,0,1,,947.5498002569269,541.9331971849306,777.2766777382822,0.48611635976920714,2.0571206459185385,947.5498002569269,541.9331971849306,0.48611635976920714,2.0571206459185385,11.0,1.0069541766123167,0.00026739886948295375,-8.478136563775093e-05,1.0133948259868364,-13.581106588697594,51.474322158675136,1.0204421752551982,1.0069528977406563,1.0133961355539154,1.006398747972935,1.006398747972935,-0.009987601582696749,1.0101693794880136,9.074739470679763e-05,0.3792626157574427,0.46901833370921364,0.7077831361672267,1|1|1|1|1|1|1|1|1|1|1,0.59622427056837868|0.70778313616722666|0.26791511183546768|0.81947454843939527|0.30065918781957857|0.053747481575237274|0.37926261575744269|0.30926851916938503|0.45625761087982697|0.3593890627737355|0.38716842068821361
mine_roller:6,mine_roller,5,6,condor|helicopter|jammer|jet_plane|large_launcher|small_launcher|small_plane|small_tower|spacecraft|ta-ta|tank,11,0,1,,956.4390287428046,548.6888533305652,783.4003816269615,0.4905516237067128,2.0385214352034686,956.4390287428046,548.6888533305652,0.4905516237067128,2.0385214352034686,11.0,1.0071340578119519,6.252168524758552e-05,0.0002634585090891217,1.013445443707225,-13.632705691776664,50.772971116014446,1.0206754056200213,1.0071298564289652,1.0134496550813075,1.0062750583869597,1.0062750583869597,0.005697787148823632,1.0102848141093785,0.00016330391470725076,0.47580304687678976,0.6856124436474429,1.0470403792414602,1|1|1|1|1|1|1|1|1|1|1,0.95413897860831109|0.26505008906526456|0.76979144849703485|0.40516171305852161|0.47580304687678976|0.25819195861353855|0.71978171676870162|0.29825955633585222|1.0470403792414602|0.44956129010297258|1.1112362505940241
mine_roller:7,mine_roller,6,7,condor|helicopter|jammer|jet_plane|large_launcher|large_tower|small_launcher|small_plane|small_tower|spacecraft|ta-ta|tank,12,1,1,,1040.5768599141963,636.2416448941325,823.4055930653481,0.5970580513014045,1.6748790135570653,982.3338138464973,580.5023075001054,0.5365997611283227,1.863586368166235,11.332902329807748,1.0068179813292844,8.971920957527602e-05,-0.0009015052421865441,1.0149225312917471,-12.988455477783646,51.37068873404792,1.021842335043102,1.006797825575796,1.0149429300353348,1.008090109307577,1.008090109307577,-0.02809112877295833,1.0108621741083708,0.00040787972771140274,0.6641486400053697,4.8552460348158295,1.9789146493444432,1|1|1|1|1|0.18201056459647916|1|1|1|1|1|1,0.5542789981078281|0.47072702990620835|0.81987302924757122|1.9794293093918911|1.9742827089174118|16.482559716525373|0.37391882572372837|0.49382650718474647|0.5638920804112163|0.56943430895327363|0.7588629710574657|0.7664709605413681
mine_roller:8,mine_roller,7,8,condor|helicopter|jammer|jet_plane|large_launcher|large_tower|small_launcher|small_plane|small_tower|spacecraft|ta-ta|tank,12,0,1,,1051.8506797214877,647.3153246435635,829.0794430645074,0.6095923151317024,1.6404406275757422,1051.8506797214877,647.3153246435635,0.6095923151317024,1.6404406275757422,12.0,1.0069752599214263,0.0002881621118327194,0.00036544261344580907,1.0133012471768061,-13.571572655950149,50.95051085917339,1.0203691814478546,1.006958422771704,1.0133180858046122,1.0063157156135631,1.0063157156135631,0.0021917032462471656,1.0101332493527053,0.00032692335461740105,0.8166200873300031,0.7950333308025482,1.023735814670486,1|1|1|1|1|1|1|1|1|1|1|1,0.67145623301042334|0.86471858030725757|0.99030282230808941|0.14596090327968378|0.76852159435274869|1.2575469820152787|0.39007958085492117|1.0274505915996412|0.86885383025310459|0.94017594888516098|0.23124703733076771|0.55871313559527336
mine_roller:9,mine_roller,8,9,condor|helicopter|jammer|jet_plane|large_launcher|large_tower|small_launcher|small_tower|spacecraft|ta-ta|tank,11,1,1,,1058.6449021865735,601.5308305885042,871.1427487944351,0.4768009705489133,2.0973111670657008,1037.1798521618891,528.9865028359991,0.3515785048994142,2.8443149568717163,10.223850707868767,1.0071356568270928,3.8111537739349375e-05,9.60133010790726e-05,1.0116535729951528,-13.733063749343728,52.71026963540908,1.0188723820607342,1.007134662009635,1.0116545686429632,1.0044878870759042,1.0044878870759042,0.0016433249275428056,1.0093920853963212,6.712720953127872e-05,0.9203282812265956,7.700307896801313,1.7622245981347464,0.11838945790867415|1|1|1|1|1|1|1|1|1|1,25.340094067448181|1.0399112198783687|1.7622245981347464|0.9203282812265956|0.13638959245244833|0.87379819709200302|0.93804563180875777|1.4944425386758056|0.77029006168895442|0.22488965578047332|0.74067586281401865
mine_roller:10,mine_roller,9,10,condor|helicopter|jammer|jet_plane|large_launcher|large_tower|small_launcher|small_tower|spacecraft|ta-ta|tank,11,1,1,,1065.7504727880414,605.0036911958156,877.3793956364443,0.4754897793673223,2.1030946266196953,1044.6591916998282,531.0464342104483,0.34846094170597214,2.8697620889855435,10.157080591147565,1.006954905034444,0.00013141619868497985,-0.00021520519214940863,1.0115465483057682,-13.598949547100801,53.62608304370781,1.0185817867686027,1.0069545376983795,1.0115469454031163,1.0045606902127218,1.0045606902127218,-0.009838953821751152,1.0092481294352755,4.2288739514937926e-05,0.8006114552917966,11.135966347035428,2.612690897139166,0.08158805134117067|1|1|1|1|1|1|1|1|1|1,36.770090113503556|1.2055113333328251|2.6126908971391658|0.72551504222692109|0.30601101656988744|0.9473647703788457|0.099810585834540527|0.68520470593988791|0.37219428940423049|1.0058743912589025|0.80061145529179656
mine_roller:11,mine_roller,10,11,helicopter|jammer|jet_plane|large_launcher|large_tower|small_launcher|small_tower|spacecraft|ta-ta|tank,10,0,1,,1050.7678585206154,528.2286995031941,908.3432905686948,0.3381769177726626,2.9570320960587977,1050.7678585206154,528.2286995031941,0.3381769177726626,2.9570320960587977,10.0,1.0071064166087373,0.00021181207253758962,0.0003135416089267944,1.0131346272072772,-13.772951433733851,51.35708186634338,1.020334317537052,1.0070949935031748,1.0131460528741427,1.0060084296019776,1.0060084296019776,0.0028851374442859998,1.0101159921202376,0.00026282861611687296,0.3865031894410873,0.6794154862307719,1.0382508947367008,1|1|1|1|1|1|1|1|1|1,0.099648961008528575|1.0024214443039161|0.42492658611051892|0.85361602754215149|1.3607159486317646|0.60782401590566537|0.34085531137746305|0.34447267781798524|0.34807979277165563|0.33919197727147943
mine_roller:12,mine_roller,11,12,helicopter|jammer|jet_plane|large_launcher|large_tower|small_launcher|small_tower|spacecraft|ta-ta|tank,10,1,1,,1059.8645833312858,535.1413541644641,914.8424269036847,0.342171971368036,2.9225070539878093,1056.5821717371102,522.7443045896083,0.32411365381984003,3.0853374679360295,9.948896507905339,1.0069607261655342,-0.00012437628625272266,0.0006508341194759044,1.0108357957361935,-13.06597991257604,52.46232047407716,1.0178720278569637,1.0069430015464993,1.0108536692679522,1.0038837031643764,1.0038837031643764,0.022012270224225028,1.0088964406008,0.00026397327205169554,0.8812259253708332,1.5936078908135995,2.147870041068425,1|0.76667392987256222|1|1|1|1|1|1|1|1,1.3247639111302223|3.9130064108871694|1.1500265870119897|0.61242526372967665|0.61123292439964427|0.24992670319691834|1.9517437777552316|1.4143063744961415|0.13844577157918941|0.6056517801607576
mine_roller:13,mine_roller,12,13,helicopter|jet_plane|large_launcher|large_tower|small_launcher|small_tower|spacecraft|ta-ta|tank,9,0,1,,1046.4136312445098,462.9151288708488,938.4514218204405,0.24332075521757296,4.109801480378517,1046.4136312445098,462.9151288708488,0.24332075521757296,4.109801480378517,9.0,1.0072151622864531,0.0003352557254964998,0.0005250907009738407,1.012572091009724,-14.229445078861772,51.23443653098775,1.0198777869334286,1.007180842814277,1.0126064194029678,1.0053868941485529,1.0053868941485529,0.005385093330519718,1.009889987539944,0.0004304249537963443,0.5946640883825142,0.6617093242056353,0.9767402777225129,1|1|1|1|1|1|1|1|1,0.58683162825966317|0.54607747487924085|0.70013868778506172|1.0195997837347968|0.96602540121944191|0.17874961380829416|0.66760650327842985|0.59466408838251417|0.062473006771259804
mine_roller:14,mine_roller,13,14,helicopter|jet_plane|large_launcher|large_tower|small_launcher|small_tower|spacecraft|ta-ta|tank,9,0,1,,1055.0562415527934,468.74030641549894,945.2122502279635,0.24592683240654858,4.0662500720818935,1055.0562415527934,468.74030641549894,0.24592683240654858,4.0662500720818935,9.0,1.0072169440383,0.00041209000987599487,0.0002985072008252366,1.0131159421661924,-14.186351483805083,51.695852379898724,1.0204274202132801,1.0071956229559005,1.013137266441396,1.0058991951017997,1.0058991951017997,-0.003221160048143009,1.0101620762101893,0.0003551327843984555,0.45453695138972416,0.5296381790619029,0.7912649998427984,1|1|1|1|1|1|1|1|1,0.29814617025422696|0.53288154549339295|0.78375944456035351|0.82128722097257778|0.37880960422529519|0.45453695138972416|0.43171410203057337|0.29157121700856015|0.49143927695399486
mine_roller:15,mine_roller,14,15,helicopter|jet_plane|large_launcher|large_tower|medium_launcher|small_launcher|small_tower|spacecraft|ta-ta|tank,10,1,1,,1165.553499415621,533.8458816741946,1036.1098081861312,0.26547291809630436,3.766862575553694,1095.475140379136,500.1258363052397,0.2633070197016485,3.7978478550746337,9.438350318776083,1.0071827777928246,0.0002642950638625732,-6.873813756791643e-05,1.0144021278152375,-14.235047078567277,50.67673376987818,1.0216883710590534,1.0071814674456216,1.014403465594163,1.0071705034117213,1.0071705034117213,-0.009438830223824812,1.0107860164540532,9.718380878099904e-05,0.7087857816526935,3.967843892808887,3.6715943218894185,1|1|1|1|0.24801050831375335|1|1|1|1|1,0.90919074535046762|0.94930103733603033|0.74390967547326059|2.7355201745496163|12.096261647947673|0.38657645669213103|0.23235248104188405|0.5909585547788343|0.58953527031926245|0.67366188783212644
mine_roller:16,mine_roller,15,16,helicopter|jet_plane|large_launcher|large_tower|medium_launcher|small_launcher|small_tower|spacecraft|ta-ta|tank,10,0,1,,1176.6256350258566,542.561339721237,1044.0666059403952,0.27004819521004486,3.7030427076996193,1176.6256350258566,542.561339721237,0.27004819521004486,3.7030427076996193,10.0,1.00730742416427,0.0006859597448038108,0.0003833869984586765,1.0132344371226387,-14.820349889728732,51.43361677634903,1.0206383079444916,1.0072595890745208,1.013282294867268,1.0059792985423757,1.0059792985423757,-0.0085799465795929,1.0102664539340558,0.0005342295855289257,0.6022037626747252,0.7422707916516018,1.158709853144923,1|1|1|1|1|1|1|1|1|1,0.57202197738135363|0.60524212327449112|1.2727968164569416|1.1460335238880319|0.64032893226853616|0.59916540207495927|0.5533610931166163|0.80135790973335186|0.14650890787330254|0.37928796137270243
mine_roller:17,mine_roller,16,17,helicopter|jet_plane|large_launcher|large_tower|medium_launcher|small_launcher|small_tower|spacecraft|ta-ta|tank,10,0,1,,1186.7567916384553,549.7042173825272,1051.7684896838578,0.27316045464563954,3.6608520120427435,1186.7567916384553,549.7042173825272,0.27316045464563954,3.6608520120427435,10.0,1.0070702067500341,0.0006628322467023857,0.0004338980390993135,1.0131184102546607,-14.35531427019123,51.31329452418299,1.0202810792758148,1.0070208973891623,1.0131677325873092,1.006103979782429,1.006103979782429,-0.0064929401716595034,1.0100896392280314,0.0005480224385408243,0.4110267020899359,0.5463270375830336,0.8194416903499456,1|1|1|1|1|1|1|1|1|1,0.26780880989869782|0.24189236512612947|0.84979138276528865|0.81606950230379638|0.42682061610321498|0.31338978587336458|0.32366670454216928|0.39523278807665685|0.5676479291140486|0.77640308997090701
mine_roller:18,mine_roller,17,18,helicopter|jet_plane|large_launcher|large_tower|medium_launcher|small_launcher|small_tower|spacecraft|ta-ta|tank,10,1,1,,1196.7397377876277,556.8755385500187,1059.2807156578592,0.2763720696561587,3.6183106391471633,1223.582286875587,517.5195488435659,0.21786429099901106,4.590013330842453,9.18521406306354,1.007372670157468,0.0007102310440079367,7.381474543584564e-05,1.012152794797008,-15.133152212170899,53.371618653391124,1.019615011076482,1.007340783474264,1.0121847817576537,1.0048086986676772,1.0048086986676772,-0.018055710288003495,1.0097598779296402,0.0003912696911219321,0.7260456700880535,9.830989411248028,4.945293620113901,0.096874566418635108|1|1|1|1|1|1|1|1|1,30.967880537764248|1.0742362856347307|0.24713789747995987|0.83106602772493954|0.62102531245116743|0.14459095448632059|2.0538950737083188|0.85384249734329731|0.33888712810350013|0.31498588348663392
mine_roller:19,mine_roller,18,19,jet_plane|large_launcher|large_tower|medium_launcher|small_launcher|small_tower|spacecraft|ta-ta|tank,9,1,1,,1236.7222035048837,518.5013669560418,1122.7814306919631,0.21325998220176878,4.689112273552961,1257.960211510629,451.6325308599947,0.147967452991457,6.758242976972346,8.373362730295275,1.0074129300824743,0.00037235869359456035,-0.00013143274958317926,1.0109550063297041,-14.725446708873733,55.056190138546754,1.0184491940482805,1.0074088694048011,1.010959129881398,1.003524150505737,1.003524150505737,-0.014301219479709618,1.0091824384363217,0.00012002091117906181,1.4252325498933627,4.979195429945092,4.39387874103698,1|1|1|1|1|0.20629304468612064|1|1|1,0.48170581770825072|1.8567435461550237|1.4407425120340349|1.4252325498933627|0.05748863000775694|14.542419520564794|1.8441224940372831|0.25761897049281429|0.62649381988863517
mine_roller:20,mine_roller,19,20,hangar|jet_plane|large_launcher|large_tower|medium_launcher|small_launcher|spacecraft|ta-ta|tank,9,3,1,,1412.3968551873832,603.2661593303147,1277.080583812181,0.223142001186677,4.481451249347791,1276.9621451082623,458.4010802632376,0.14792779763001135,6.760054675465012,8.038598995250856,1.0062568863154577,-0.001354929074101515,0.002160440394192919,1.0178536696657023,-10.825927753374344,41.89013700420128,1.0242251916060752,1.0062444417904075,1.0178691668434705,1.0115525856047256,1.0115525856047256,0.09950821651411411,1.0120401136348673,0.0004128253811818362,1.3997756430053252,6.157819728154169,8.32871080912878,0.1810809868970312|1|0.47824484725446104|1|1|1|1|1|0.73511887880038951,16.580395294500661|1.3525424773973989|6.265789687785805|1.6469375373239217|1.312790072275865|0.66625649063231174|1.3469351479994327|1.3997756430053252|4.0763181515536431
mine_roller:21,mine_roller,20,21,hangar|jet_plane|large_launcher|large_tower|medium_launcher|medium_plane|small_launcher|spacecraft|ta-ta|tank,10,4,1,,1457.3310794050883,660.3551032470967,1299.1324076534756,0.2583736637495396,3.870363509530805,1371.1702419062838,639.8354758234285,0.27836017907242316,3.59246787141857,9.167343011380666,1.0053234555938353,3.611287866457809e-05,0.0018081845980963526,1.0170591344252267,-11.473459921311587,43.50017619613391,1.022473338264893,1.0052518264875607,1.0171315399023007,1.0118176491717987,1.0118176491717987,0.05020425167536143,1.011174237342355,0.0009272899576597424,2.0977422627345326,6.301199218541739,5.9618547902457095,0.16261505091986458|1|0.78035853963765023|0.65581635472975452|1|1|1|1|1|1,18.448477862155652|1.5924160912159266|3.8443851409466094|4.5744522267001653|2.6030684342531387|0.10848522036711736|0.9546680106259483|1.0708026680348923|1.3995276374677386|2.7676090591599092
mine_roller:22,mine_roller,21,22,hangar|jet_plane|large_launcher|large_tower|medium_launcher|medium_plane|small_launcher|spacecraft|ta-ta|tank,10,4,1,,1470.1376313121164,673.1456727234474,1306.9734344253893,0.26526783704104845,3.769774772375652,1450.0163667101692,618.6024330938233,0.22249767740938145,4.494428938060617,8.898240392691411,1.005324473530928,2.884328787058838e-05,0.0008654223591053698,1.0127574423367978,-11.65882931240526,50.48915502376963,1.018149817570144,1.005297759434344,1.012784329831822,1.007447117361219,1.007447117361219,0.02375148743378508,1.009034101291995,0.00044867342263132866,2.16232390690781,6.592919330776865,7.623554545630066,0.46765375554497596|1|1|0.58998103002516078|1|1|1|0.16215757646053613|1|1,6.4150024765983922|2.0445469552937134|1.969105022866265|5.0849092552543915|2.2849027723466553|1.6990485759432787|1.3607989445039115|18.500523166915176|1.4738417094269807|2.2801008585219065
mine_roller:23,mine_roller,22,23,hangar|jet_plane|large_launcher|large_tower|medium_launcher|medium_plane|small_launcher|ta-ta|tank,9,2,1,,1509.7876373439224,609.1926872225495,1381.4278771297154,0.19447014195614407,5.142177559707417,1502.2444686669644,619.1199826699278,0.2046032037000012,4.887509002382226,8.83920927230919,1.0054891448186916,9.32728610696867e-05,0.00038416800323263063,1.0131563432475494,-12.187128205945783,52.1886446799565,1.0187176693071625,1.0054817298603551,1.0131637791654808,1.007640167968236,1.007640167968236,0.008256558127693794,1.0093154458875393,0.00023927286712797813,1.2914713501016202,2.18073569472387,2.935348395154496,1|1|1|0.59037097837994956|1|1|1|1|1,0.091696213973445989|2.1465530336299987|1.7256632671318419|5.0815506010006937|2.3987978436929458|0.24160963066242497|1.2914713501016202|0.83768153488740849|1.0963987767796657
mine_roller:24,mine_roller,23,24,hangar|jet_plane|large_launcher|large_tower|medium_plane|small_launcher|ta-ta|tank,8,1,1,,1437.9243721420123,541.0315176346469,1332.2580068912894,0.1649181494811604,6.063613999708601,1437.9243721420123,541.0315176346469,0.1649181494811604,6.063613999708601,8.0,1.006575935318905,-0.0014348231665658494,0.0002085701456491822,1.0133091447731513,-11.640119963024972,52.624381732506436,1.019972899428511,1.0065208936743113,1.013364854956059,1.0067996216718003,1.0067996216718003,0.04661625605410859,1.0099370769649518,0.0006103872141413374,1.0326313045926263,1.5190115940305344,2.263311964132737,1|1|1|1|1|1|1|1,1.0292306556779134|1.4582185912404586|2.9684931828633401|1.9610914418196219|0.64260729050488219|1.0360319535073392|0.94230186801683524|0.49130643300940213
small_launcher:1,small_launcher,0,1,condor|helicopter|jammer|large_launcher|mine_roller|small_plane|small_tower|spacecraft|ta-ta|tank,10,1,1,,967.2272716378503,560.6286723232478,788.177699994787,0.505943853313215,1.9765039014732915,909.2939705833235,555.4416808233328,0.5952448825291458,1.679980843768171,9.455524713268087,1.006589936558129,0.0002039992997238455,0.0011619986292924142,1.0152719043208556,-12.796833162140956,46.38185107545837,1.0219622447126742,1.006536647882204,1.015325419956567,1.0087316960518578,1.0087316960518578,0.027147905531034633,1.0109214829613,0.0006850557342061595,0.4966871363930289,3.8062578207352185,3.6187639644521004,1|1|1|1|1|1|1|1|1|0.25936186241443288,0.83771121025677509|0.18965292644507359|0.42607135185196887|0.23866944794893938|0.21163206835245765|0.56730292093408896|0.28471066585132082|1.4752263299480461|2.7356431902770781|11.566850932027332
small_launcher:2,small_launcher,1,2,condor|helicopter|jammer|large_launcher|small_plane|small_tower|spacecraft|ta-ta|tank,9,0,1,,952.3824544300325,468.2909990296327,829.2984262218284,0.3188672661036527,3.1361011502351412,952.3824544300325,468.2909990296327,0.3188672661036527,3.1361011502351412,9.0,1.0068551828467605,7.495562699350192e-05,9.349271352320975e-05,1.0133495699936126,-13.02843028098846,50.96573872748161,1.0202962595757998,1.0068540907895964,1.0133506621358235,1.006452346378344,1.006452346378344,0.0005257372160410532,1.0100971535331638,8.42539660010885e-05,0.5356048270637703,0.5728280528588549,0.7927241853221533,1|1|1|1|1|1|1|1|1,0.7561608955053748|0.51201519837782017|0.60698739328847917|0.24502032536777232|0.53560482706377033|0.183426664372214|0.6029940682765178|0.35352809302438193|0.93897734458926718
small_launcher:3,small_launcher,2,3,condor|helicopter|jammer|large_launcher|small_plane|small_tower|spacecraft|ta-ta|tank,9,0,1,,960.6894354358357,474.2736141599251,835.4571983469334,0.3222623107416091,3.103062215679956,960.6894354358357,474.2736141599251,0.3222623107416091,3.103062215679956,9.0,1.0068520652827166,9.267798797356304e-07,-0.00015296708193391235,1.0134995662958186,-13.075347054032136,51.266239151343484,1.0204441316298494,1.0068511989681963,1.0135004384715265,1.0066039942249105,1.0066039942249105,-0.004364323823645029,1.0101703478274588,7.627332693276862e-05,0.551805617796873,0.5047371123954684,0.6970898738164911,1|1|1|1|1|1|1|1|1,0.68417835702282515|0.22508395213698698|0.24519736423158359|0.28337864464228368|0.023912408839840495|0.74873594099115481|0.64401064320420531|0.55180561779687298|0.59433281858690334
small_launcher:4,small_launcher,3,4,condor|helicopter|jammer|jet_plane|large_launcher|small_plane|small_tower|spacecraft|ta-ta|tank,10,1,1,,967.712427583732,545.7972835031533,799.107419450338,0.4665008223670508,2.1436189435335717,969.5476578680984,492.2836074664414,0.3473559800229012,2.878890986514958,9.260240599244725,1.006764198099355,0.0001368748482380584,-0.0003813652211937464,1.0149133015195613,-12.984993330390125,50.23569277255001,1.0217784283440166,1.0067623979161233,1.0149151681260389,1.008098008255762,1.008098008255762,-0.014687292166144752,1.0108305636178678,0.00012328965958111816,0.6700999349508225,6.884610337156237,3.91012184638778,1|1|1|0.13898481268832766|1|1|1|1|1|1,0.59863474732840649|0.19240005969251339|0.75652326506151635|21.585092226785068|1.4199616605570007|0.48018421965653718|0.7415651225732387|0.47723009579550169|0.53132737447749923|1.9462362485658669
small_launcher:5,small_launcher,4,5,condor|helicopter|jammer|jet_plane|large_launcher|small_plane|small_tower|spacecraft|ta-ta|tank,10,0,1,,978.7670879734361,556.4463994039261,805.203338971223,0.47756835209950077,2.0939410989102796,978.7670879734361,556.4463994039261,0.47756835209950077,2.0939410989102796,10.0,1.006953778119881,0.0002645113183232916,-8.381547492275285e-05,1.013401825012678,-13.575454089721461,51.460621280591454,1.0204488186202403,1.006952527456462,1.0134031057033737,1.0064060400773864,1.0064060400773864,-0.009878288216012457,1.0101726677257905,8.979207081792871e-05,0.3789119785652514,0.49156502454219836,0.7175530927985236,1|1|1|1|1|1|1|1|1|1,0.59566066447583321|0.70491588833700736|0.26823985881449658|0.83128793295217085|0.29444750102904343|0.37817239257590723|0.30636539476947111|0.45400610354841486|0.35752083905726184|0.37965156455459559
small_launcher:6,small_launcher,5,6,condor|helicopter|jammer|jet_plane|large_launcher|small_plane|small_tower|spacecraft|ta-ta|tank,10,0,1,,987.8691170899108,563.4921884131121,811.395061666881,0.4822931341715521,2.073427816296259,987.8691170899108,563.4921884131121,0.4822931341715521,2.073427816296259,10.0,1.0071303006118981,3.550020340042902e-05,0.00026017550018724424,1.01342183257016,-13.577753164779551,50.82098815868903,1.0206478256467628,1.0071268348930467,1.0134253107803963,1.006253905336579,1.006253905336579,0.006371004242986796,1.01027116441417,0.00014818764432940256,0.6131183804515496,0.7136025343880837,1.0607825477973443,1|1|1|1|1|1|1|1|1|1,0.96011432700923294|0.26813289815917707|0.77717462394648351|0.35358012075084883|0.50378247451443203|0.72245428638866727|0.30961602795297027|1.0643661641326632|0.49057343889897553|1.0603843682045311
small_launcher:7,small_launcher,6,7,condor|helicopter|jammer|jet_plane|large_launcher|large_tower|small_plane|small_tower|spacecraft|ta-ta|tank,11,1,1,,1074.0404885638065,652.1381955790338,853.392491730096,0.5839580367917441,1.712451815020791,1014.6512745929557,596.5873459989062,0.5283789583960736,1.8925810426583993,10.33188591484858,1.0068242835946941,0.00011639960641095464,-0.0009074053260088007,1.0148806998944804,-13.051415990204077,51.45908511291327,1.0218066392269647,1.0068050438856329,1.0149001988343598,1.0080404394057112,1.0080404394057112,-0.029014963675218327,1.0108445178299998,0.00039754272038741424,0.699560310800541,5.0858377850196925,1.9384802269266812,1|1|1|1|1|0.18127564741475458|1|1|1|1|1,0.55619444640320403|0.4955779851410676|0.82444444319295218|1.9046277498312276|1.9384802269266812|16.549382351044301|0.48916375122845746|0.54665348047363094|0.56002135166446765|0.82465682967487275|0.69956031080054104
small_launcher:8,small_launcher,7,8,condor|helicopter|jammer|jet_plane|large_launcher|large_tower|small_plane|small_tower|spacecraft|ta-ta|tank,11,0,1,,1085.7160108418532,663.4342741282587,859.4383166407334,0.5958903935189843,1.6781609686549532,1085.7160108418532,663.4342741282587,0.5958903935189843,1.6781609686549532,11.0,1.0069955447744972,0.00032355338299625295,0.0003655221253250054,1.013301385902311,-13.688835373534403,50.95005121674944,1.0203898628515304,1.0069767760465997,1.0133201550661284,1.0062994293119973,1.0062994293119973,0.001190236826107754,1.0101434862689214,0.0003446032514439719,0.8542287681019878,0.820749253282334,1.0278808278320235,1|1|1|1|1|1|1|1|1|1|1,0.66377760786051498|0.85422876810198778|0.96975819077057712|0.09210551405114796|0.77260754039957902|1.2443085164419907|1.0278808278320235|0.86933432900900531|0.94686048433388992|0.2014288603196541|0.62934505576039768
small_launcher:9,small_launcher,8,9,condor|helicopter|jammer|jet_plane|large_launcher|large_tower|small_tower|spacecraft|ta-ta|tank,10,1,1,,1098.837538037357,622.5484028511969,905.4708284132759,0.4727127542664642,2.115449585344398,1084.4324052143506,550.3728400562991,0.3469431105471247,2.8823169263197452,9.22423882982232,1.007131530215635,3.084423779256109e-05,4.526686227958821e-05,1.0115633188389723,-13.70907124719497,53.00462066208161,1.0187773118160786,1.0071312034843587,1.0115636456217698,1.0044010573022426,1.0044010573022426,0.00040935137521235735,1.0093449914752035,3.807138155692721e-05,0.9705244462275977,8.060992690384882,4.0719288188087965,0.1185396426868191|1|1|1|1|1|1|1|1|1,25.307989226236987|0.9910422214960799|1.7123665513167841|1.0720288528486175|0.1177772127242086|0.77696879542130171|1.4586894249109155|0.66360438042878156|0.38715997859774393|0.95000667095911562
small_launcher:10,small_launcher,9,10,condor|helicopter|jammer|jet_plane|large_launcher|large_tower|small_tower|spacecraft|ta-ta|tank,10,1,1,,1106.1899576926198,626.0440617240354,911.9896135812471,0.4712268372003656,2.122120221210576,1092.57417261346,552.5900775944995,0.34372880885270535,2.909270256798639,9.15713143005813,1.0069574494557134,0.00013590585692485117,-0.00021047364573455825,1.0115549453713508,-13.61404977627899,53.59804158052805,1.0185928163800502,1.0069571619775883,1.0115552625690751,1.0045663318809477,1.0045663318809477,-0.009832034456802122,1.0092535936919176,3.767836216072408e-05,0.8754931393023353,11.68025785813343,6.0326382565547165,0.081581859609987359|1|1|1|1|1|1|1|1|1,36.772880813723646|1.2106076117043458|2.6170557502026264|0.71001197390262216|0.30897817278642004|0.95402092473108713|0.68907459193756648|0.36018063181082399|0.98766051866969784|0.79696535387358347
small_launcher:11,small_launcher,10,11,helicopter|jammer|jet_plane|large_launcher|large_tower|small_tower|spacecraft|ta-ta|tank,9,0,1,,1099.7602320057017,550.0027504759544,952.3494854149498,0.33353162526340746,2.9982164336297865,1099.7602320057017,550.0027504759544,0.33353162526340746,2.9982164336297865,9.0,1.007100200607303,0.00020084724124809096,0.00028162190113089264,1.0130783218453,-13.73536389275796,51.55009715718984,1.0202713245983295,1.00709048269833,1.013088041369117,1.0059553324888122,1.0059553324888122,0.0022909099611674753,1.0100848105967783,0.00024135408536233774,0.45188251416978875,0.682381344635823,1.0358872791459426,1|1|1|1|1|1|1|1|1,0.1312879490266137|0.9705483473945532|0.5071855417314195|0.87191999288059296|1.2972430061515003|0.34871397955815192|0.3997691973590089|0.45188251416978875|0.21368751327348323
small_launcher:12,small_launcher,11,12,helicopter|jammer|jet_plane|large_launcher|large_tower|small_tower|spacecraft|ta-ta|tank,9,1,1,,1109.2563213341418,557.1562535733724,959.1801163096726,0.3374066860098087,2.963782406999869,1106.9754807872862,546.0299866737413,0.32154224057653524,3.110011294960714,8.948567913423423,1.0069728323180431,-0.00010409971829356405,0.0006446979859390185,1.010828459725249,-13.139614101247844,52.496470311149096,1.0178768641900977,1.006954044666439,1.010847386314712,1.0038664541533897,1.0038664541533897,0.021262225552818613,1.008898837441147,0.0002710145188445046,1.1475390565124353,1.6779279106259914,2.3405325872091414,1|0.76506356245616658|1|1|1|1|1|1|1,1.3181952374451509|3.9212428224168336|1.1475390565124353|0.61935124864159374|0.61908803905672505|1.9453550284072176|1.4035356301988406|0.091914126140908048|0.61539921112325657
small_launcher:13,small_launcher,12,13,helicopter|jet_plane|large_launcher|large_tower|small_tower|spacecraft|ta-ta|tank,8,0,1,,1099.6029805542316,489.44661727278947,984.6668084605948,0.24707685521202855,4.047323652156136,1099.6029805542316,489.44661727278947,0.24707685521202855,4.047323652156136,8.0,1.007215984109305,0.0003361206923903098,0.0004694431052858401,1.0125135220274604,-14.23396397734814,51.540421981971576,1.0198196457233253,1.0071855370511076,1.0125439734859663,1.0053202078839887,1.0053202078839887,0.003782096334737113,1.0098612012169421,0.00040295674328858394,0.5849863777591939,0.5980291619193323,0.7923446780924492,1|1|1|1|1|1|1|1,0.51084415293654384|0.67882963704859711|0.72900410515094094|0.9401393482893019|0.21827791930965323|0.65912860258184414|0.46027429789544094|0.17344287154847973
small_launcher:14,small_launcher,13,14,helicopter|jet_plane|large_launcher|large_tower|small_tower|spacecraft|ta-ta|tank,8,0,1,,1108.6844593791102,495.5788343085929,991.757454952614,0.24969770584244855,4.004842562033665,1108.6844593791102,495.5788343085929,0.24969770584244855,4.004842562033665,8.0,1.007209920966369,0.0004046667459566693,0.00027801810538022125,1.0130942855514713,-14.147082704048898,51.81041503629149,1.0203985027770954,1.007190188416063,1.0131140220714463,1.005881544244091,1.005881544244091,-0.003591752446579121,1.010147762843187,0.00034115798575055527,0.44261694174299115,0.5429801428051684,0.7884659378418696,1|1|1|1|1|1|1|1,0.26983047473603539|0.59014335286897057|0.79735498148332473|0.7846563477098174|0.43784519563856061|0.4130724461394466|0.35154995690406249|0.44738868784742164
small_launcher:15,small_launcher,14,15,helicopter|jet_plane|large_launcher|large_tower|medium_launcher|small_tower|spacecraft|ta-ta|tank,9,1,1,,1213.184341686613,561.3830037262888,1075.4837841831134,0.27246504048238757,3.6701956266739515,1148.4208554115548,528.1274911480989,0.2682034331665683,3.7285130477019206,8.439021346957825,1.0071600077257248,0.0002464931511224884,-6.329550775786175e-05,1.0144072663979486,-14.117364333500973,50.64695457945777,1.0216704458642984,1.0071588620521548,1.0144084358078083,1.0071980439519561,1.0071980439519561,-0.008780109760936957,1.0107771494569406,9.104352903995608e-05,0.7407822825978885,4.178677738076667,4.613921836970281,1|1|1|1|0.24813813587599956|1|1|1|1,0.91973238052973205|0.94359613320545643|0.74078228259788848|2.7448922843855841|12.090040047309058|0.20755023884963941|0.57964049117088501|0.57299327237988984|0.67542990340326881
small_launcher:16,small_launcher,15,16,helicopter|jet_plane|large_launcher|large_tower|medium_launcher|small_tower|spacecraft|ta-ta|tank,9,0,1,,1224.762980345459,570.5354475889413,1083.7590419780486,0.27714037302192035,3.6082797648573033,1224.762980345459,570.5354475889413,0.27714037302192035,3.6082797648573033,9.0,1.007307670936569,0.0006860683772248677,0.000343906876892382,1.0132170574521866,-14.8214799237835,51.61440644435038,1.0206210783517329,1.007263141359685,1.0132616160003793,1.0059552210285359,1.0059552210285359,-0.009702632894352112,1.0102579266463256,0.0005144872633811321,0.640654910013657,0.7525022367167346,1.14777395301761,1|1|1|1|1|1|1|1|1,0.51692142055527224|0.67265588500235263|1.2835716883247865|1.113824519190816|0.64065491001365704|0.51367544418065092|0.82458359313703311|0.027233959412569213|0.36540463434603315
small_launcher:17,small_launcher,16,17,helicopter|jet_plane|large_launcher|large_tower|medium_launcher|small_tower|spacecraft|ta-ta|tank,9,0,1,,1235.351219614272,578.023380080735,1091.7791021459018,0.2802988114166354,3.5676212644141496,1235.351219614272,578.023380080735,0.2802988114166354,3.5676212644141496,9.0,1.0070670128819235,0.0006614264875290452,0.00041363912904425585,1.0131094934341558,-14.340546318558154,51.406968587574056,1.0202688776831776,1.00701957466506,1.0131569468473582,1.0060945907474932,1.0060945907474932,-0.00702768779969993,1.0100835993536266,0.0005371622301179056,0.4392623452559083,0.5648651530265562,0.8096137227023585,1|1|1|1|1|1|1|1|1,0.23908948560260029|0.28125877479273959|0.85285849862034835|0.79880252872286106|0.43926234525590829|0.3126137360590272|0.39209706480200307|0.62901749319434574|0.72790694456328886
small_launcher:18,small_launcher,17,18,helicopter|jet_plane|large_launcher|large_tower|medium_launcher|small_tower|spacecraft|ta-ta|tank,9,1,1,,1245.7835800792457,585.5470747712296,1099.5959947280264,0.2835680736213583,3.5264900848297747,1279.2057969036175,548.4795535544623,0.22524997376917438,4.439512170708411,8.185406887276544,1.0073782552182482,0.0007100620938177984,8.048138983071834e-05,1.0121520538072089,-15.157848802271019,53.34242115490315,1.0196199128330883,1.0073457970429365,1.0121846101171834,1.0048035273373366,1.0048035273373366,-0.017861735410235547,1.0097623051159557,0.00039452761609944873,0.8376376303179514,10.358085228011825,7.843682835115406,0.096922130467173434|1|1|1|1|1|1|1|1,30.952683205989018|1.0649011129951333|0.25364387113240044|0.83763763031795135|0.61560743365628179|2.066432742396997|0.87096903617372001|0.33677334308944323|0.34592215184690617
small_launcher:19,small_launcher,18,19,jet_plane|large_launcher|large_tower|medium_launcher|small_tower|spacecraft|ta-ta|tank,8,1,1,,1293.5943475206977,549.9317371671126,1170.8806174815013,0.22059330849496475,4.533229075816803,1323.4679057589772,481.2055506354894,0.15234045045413827,6.564244736174307,7.374094917353585,1.0074139602180818,0.0003710520780412965,-0.0001293264760769051,1.0109504737581032,-14.729527773187783,55.04853804723393,1.0184456683398544,1.0074098654738526,1.0109546305274775,1.0035186920191193,1.0035186920191193,-0.014204361828750945,1.0091806916206107,0.0001204244236404524,1.4343115243743125,5.278102797404535,5.664085184243675,1|1|1|1|0.20645339206114705|1|1|1,0.47577104573752238|1.8639253601787882|1.4441195584387181|1.424503490309907|14.531124773728418|1.8550638238164454|0.25558528581286932|0.62570997441800957
small_launcher:20,small_launcher,19,20,hangar|jet_plane|large_launcher|large_tower|medium_launcher|spacecraft|ta-ta|tank,8,3,1,,1488.162990380254,626.2990378295248,1349.9550367146721,0.21524094089909698,4.645956274967182,1356.7871963697296,487.4842297545788,0.14822625703524975,6.746443039185626,7.066706964071128,1.0062698452285193,-0.0014443248575635394,0.0020941024211528366,1.0177984763442085,-10.862991960306317,42.17082242233005,1.0241829398288906,1.0062622432324175,1.017809171234435,1.0114750683330076,1.0114750683330076,0.10016299375599526,1.012019238863022,0.00033496530697088887,1.6039446752248232,6.582426268415143,9.351787029207873,0.17832300887011371|1|0.4876886244784554|1|1|1|1|0.77335278639340321,16.83925395280653|1.350545907263494|6.1428726333798807|1.6997247249815564|1.2952670079119379|1.50816462546809|1.2893208014597131|3.8734562188336343
small_launcher:21,small_launcher,20,21,hangar|jet_plane|large_launcher|large_tower|medium_launcher|medium_plane|spacecraft|ta-ta|tank,9,4,1,,1526.395303798066,675.1610243769159,1368.9558848330737,0.2432404626548186,4.111158107025538,1451.0934097805286,665.5737532985914,0.2664297671190056,3.7533343620472115,8.171993007419577,1.0053219903583543,-9.142648434212125e-05,0.0017875973019159234,1.0170157508902689,-11.479876284400689,43.55150430091044,1.022428462344538,1.0052612399190024,1.017077374262355,1.0117542921920522,1.0117542921920522,0.053235470703400255,1.011152047095064,0.0008535175786009132,2.573816428180479,6.645487851669844,7.4590892903593655,0.16222280138929329|1|0.81966237041556356|0.63821804047091923|1|1|1|1|1,18.493087011591221|1.7251007700482162|3.6600398382339621|4.700589860051398|2.573816428180479|0.095853754203488101|1.0354014788169033|1.3144475874896069|2.7508825701001149
small_launcher:22,small_launcher,21,22,hangar|jet_plane|large_launcher|large_tower|medium_launcher|medium_plane|spacecraft|ta-ta|tank,9,4,1,,1539.6253692953287,688.1810714932753,1377.2628981484054,0.24967309777680127,4.005237283890168,1531.3365986055983,626.7362229807578,0.2012086897163224,4.96996427644287,7.903104310467574,1.0053595604967493,-0.00020573999989112373,0.0008953711251748981,1.0125841022215347,-11.668575447930834,50.485849980352214,1.018011292189093,1.005343290542118,1.0126006725922878,1.0072188098517636,1.0072188098517636,0.031264011550612564,1.0089654563904022,0.0003467865827087626,2.3318412514485307,6.856429183988203,8.764050218240989,0.4681793222683287|1|1|0.5791466405107083|1|1|0.16493442919064141|1|1,6.4078011508364616|2.2357174667325501|1.6794151677706783|5.180035227960631|2.3318412514485307|1.6938823882028067|18.189046487859084|1.6122276284973394|2.3741589492767856
small_launcher:23,small_launcher,22,23,hangar|jet_plane|large_launcher|large_tower|medium_launcher|medium_plane|ta-ta|tank,8,2,1,,1583.699849985391,602.4466920689518,1464.6375654266578,0.16919086487836182,5.910484592173109,1580.6361891396753,615.7065231021701,0.17887586357637286,5.590469166752843,7.831967850137856,1.0055363307380716,-0.00020431219844590473,0.0003749417579976688,1.0131996118049404,-12.171322529324698,52.18685924035174,1.0188090965647534,1.0055354226048303,1.0132006030434388,1.007622984000655,1.007622984000655,0.016440389929258552,1.0093607365876451,8.641422310099042e-05,1.0688912447356427,2.264063007685633,3.2740373228154915,1|1|1|0.58033740599626493|1|1|1|1,0.091310569574879333|2.3504128972418781|1.3725291186610591|5.1694065710798442|2.461736216416484|0.25292379579320318|0.39842586336693392|0.76525337081022615
small_launcher:24,small_launcher,23,24,hangar|jet_plane|large_launcher|large_tower|medium_plane|ta-ta|tank,7,1,1,,1522.0145819784716,541.6347785138397,1422.3783443442064,0.14500494814960943,6.896316386170809,1522.0145819784716,541.6347785138397,0.14500494814960943,6.896316386170809,7.0,1.006633934511965,-0.0016767763068555753,0.00017368982634898084,1.013454653742222,-11.605651939426934,52.6036528980967,1.0201781367849798,1.006552530912448,1.0135369048848148,1.0069389065725518,1.0069389065725518,0.052484762562193255,1.0100386808360262,0.0007484189271296903,1.1870611302113119,1.5609830742470772,2.283843195823586,1|1|1|1|1|1|1,1.0372941251080867|1.5924033524620924|2.7682395429240172|1.9609122977566313|0.67217073132029859|1.1870611302113119|0.27512677492593185
small_plane:1,small_plane,0,1,condor|helicopter|jammer|large_launcher|mine_roller|small_launcher|small_tower|spacecraft|ta-ta|tank,10,1,1,,968.6160036361159,551.7265049416899,796.1248810612739,0.4802698259027304,2.082162871923857,922.8612077152324,561.4604626470443,0.5876534455028896,1.701683207428898,9.432378855777944,1.0065963462712966,0.00023049383708866086,0.0010245756075825255,1.0149602813509508,-12.844040886508537,47.230947404510175,1.021655074659991,1.0065496032731285,1.0150071803095866,1.0084025437086812,1.0084025437086812,0.02250618710149004,1.0107695457719288,0.0006291773802834555,0.672515046247951,4.001334913012131,3.162553772181041,1|1|1|1|1|1|1|1|1|0.24410370186049424,0.85080234128530574|0.4443800106246964|0.4942277512105962|0.0018181858825622379|0.24315381752256354|1.3980223440382562|0.3534705178380329|1.0706959653550381|2.148408782027512|12.289858683562835
small_plane:2,small_plane,1,2,condor|helicopter|jammer|large_launcher|small_launcher|small_tower|spacecraft|ta-ta|tank,9,0,1,,933.5183315332603,419.710010517392,833.8464980919047,0.253353225071997,3.947058497936325,933.5183315332603,419.710010517392,0.253353225071997,3.947058497936325,9.0,1.0068435454226103,0.00010289749230344816,0.0001453325160206457,1.0130865725848655,-12.988886636927418,50.995464935913446,1.0200196616070352,1.0068410791416171,1.0130890393115997,1.0062055078000087,1.0062055078000087,0.0012036791473627171,1.0099602277352486,0.00012418058140470129,0.4035100684404036,0.5314064006797108,0.8706612980929982,1|1|1|1|1|1|1|1|1,0.8846975923837862|0.4035100684404036|0.51523829837448309|0.28775944706603152|0.16929342005247441|0.22619678856345149|0.53634996155120207|0.35818869940897735|0.86715222452030116
small_plane:3,small_plane,2,3,condor|helicopter|jammer|large_launcher|small_launcher|small_tower|spacecraft|ta-ta|tank,9,0,1,,941.3895429655772,424.97274297093304,840.0074043344497,0.2559504654396552,3.9070059836861963,941.3895429655772,424.97274297093304,0.2559504654396552,3.9070059836861963,9.0,1.00685127606116,4.343290383480264e-05,-0.00014860974203214652,1.0134199111102038,-13.13605788985501,51.35985692532654,1.0203631371416486,1.0068508596296348,1.01342033666931,1.006524776710318,1.006524776710318,-0.005446413893060399,1.0101302575121927,5.2900619039168625e-05,0.4993515596842978,0.5200322572241188,0.7195880586545231,1|1|1|1|1|1|1|1|1,0.70297684255076853|0.23291394548241207|0.24347107777900351|0.21124978380677178|0.33455713516287877|0.78603292306954164|0.650319816651734|0.61605833816260713|0.49935155968429779
small_plane:4,small_plane,3,4,condor|helicopter|jammer|jet_plane|large_launcher|small_launcher|small_tower|spacecraft|ta-ta|tank,10,1,1,,937.5451735783189,484.29666076548,802.774997662113,0.3639445943669742,2.7476709792581113,948.1046010912062,440.1242138992911,0.2746897950669645,3.6404701519989766,9.258638497343092,1.006750418901069,0.00024407439940255684,-0.00041440488734387725,1.0149221102492292,-13.056454700560607,50.45359375185046,1.0217733607909925,1.0067495850249155,1.0149230513620773,1.0081186686925323,1.0081186686925323,-0.018661816960562756,1.0108280569864454,8.649604083854041e-05,0.7139837301938754,6.92705977291776,3.7746525462497518,1|1|1|0.13806513883984364|1|1|1|1|1|1,0.55566331607498576|0.27045099882160767|0.9467991664738189|21.728873959124357|1.3095535971599921|0.82276934704035087|0.60519811334740004|0.52814964999226388|0.46337390987983734|1.7797390559303594
small_plane:5,small_plane,4,5,condor|helicopter|jammer|jet_plane|large_launcher|small_launcher|small_tower|spacecraft|ta-ta|tank,10,0,1,,947.7325308334625,494.13973554577893,808.7168056586605,0.3733418031545772,2.6785106611433047,947.7325308334625,494.13973554577893,0.3733418031545772,2.6785106611433047,10.0,1.0069421215951324,0.00033591339024156125,-6.222092431743494e-05,1.0132666040356384,-13.595399623608046,51.50107095300825,1.0203008449099824,1.0069391815801472,1.0132695832819487,1.0062867766173003,1.0062867766173003,-0.01129161324710048,1.0100994232797,0.00013622302899856607,0.37908611319083185,0.46979145635212216,0.6739161840036701,1|1|1|1|1|1|1|1|1|1,0.66669505426890374|0.65507752711213385|0.34842275128088485|0.73890635161656759|0.32843236935482256|0.044087099467738547|0.26481866953842165|0.44437361795292796|0.35429340705952983|0.40387881932213388
small_plane:6,small_plane,5,6,condor|helicopter|jammer|jet_plane|large_launcher|small_launcher|small_tower|spacecraft|ta-ta|tank,10,0,1,,956.2089690543589,500.38965150536933,814.8286870050263,0.3771238667663815,2.6516486706991524,956.2089690543589,500.38965150536933,0.3771238667663815,2.6516486706991524,10.0,1.0071249703236191,0.00011383534813559252,0.0003108465687601981,1.0131778609791904,-13.646313243839813,50.84392972037756,1.0203966877858877,1.0071175351557835,1.0131853057528681,1.006024888243204,1.006024888243204,0.005587237342756248,1.0101468644637213,0.00021263608333531872,0.4534421538924214,0.6636503529286287,1.0768739393485103,1|1|1|1|1|1|1|1|1|1,1.1174578779487334|0.13987177023165814|0.71481408363505916|0.28948957965272126|0.48704578902179568|0.26798561448995989|0.1895768553129028|0.9327801340531523|0.41983851876304701|1.0723646128373743
small_plane:7,small_plane,6,7,condor|helicopter|jammer|jet_plane|large_launcher|large_tower|small_launcher|small_tower|spacecraft|ta-ta|tank,11,1,1,,1038.5151291886502,583.2163910858407,859.285933041224,0.4606637492347123,2.170780752037189,981.8262228075165,530.144100059374,0.41153966181918245,2.4298994550842794,10.336001411678847,1.0068079082369803,0.00015860665598690335,-0.0009318332343654762,1.0150921351256716,-13.012980429127765,51.31611399273652,1.0220029370286408,1.006790051683676,1.015110285723944,1.0082641202367404,1.0082641202367404,-0.030900438267254346,1.0109416091093693,0.00038884713423340233,0.7668568118270598,5.029946932867237,2.07084650950365,1|1|1|1|1|0.18376421048711078|1|1|1|1|1,0.37349833811663286|0.54788074000218057|1.0216631269382406|2.0708465095036499|2.0080159905199575|16.325268081569945|0.36623247608845527|0.48916695544804484|0.62616734529141527|0.76685681182705978|0.79503515208228059
small_plane:8,small_plane,7,8,condor|helicopter|jammer|jet_plane|large_launcher|large_tower|small_launcher|small_tower|spacecraft|ta-ta|tank,11,0,1,,1049.2942886208004,593.8054554844143,865.1090019004419,0.47113644908429414,2.122527352624936,1049.2942886208004,593.8054554844143,0.47113644908429414,2.122527352624936,11.0,1.0069770292169713,0.0002468183025241954,0.000378039718780677,1.0130068857729198,-13.550000119344986,51.104103918595115,1.0200745711048287,1.0069608864814161,1.0130230327706524,1.0060202400814384,1.0060202400814384,0.0037220263324153884,1.0099874113595817,0.00031262486460113,0.6825749627727904,0.7440129582758414,1.0938413374201759,1|1|1|1|1|1|1|1|1|1|1,0.96810478007898593|0.66486566101681088|1.1804239533311194|0.16056599090292639|0.72810647947455143|1.0938413374201759|0.391578882839756|0.68257496277279039|0.79812213257316833|0.19555371693130527|0.51917437394517441
small_plane:9,small_plane,8,9,condor|helicopter|jammer|jet_plane|large_launcher|large_tower|small_launcher|small_tower|spacecraft|ta-ta|tank,11,1,1,,1058.6449021865735,601.5308305885042,871.1427487944351,0.4768009705489133,2.0973111670657008,1037.1798521618891,528.9865028359991,0.3515785048994142,2.8443149568717163,10.223850707868767,1.0071356568270928,3.8111537739349375e-05,9.60133010790726e-05,1.0116535729951528,-13.733063749343728,52.71026963540908,1.0188723820607342,1.007134662009635,1.0116545686429632,1.0044878870759042,1.0044878870759042,0.0016433249275428056,1.0093920853963212,6.712720953127872e-05,0.9203282812265956,7.700307896801313,1.7622245981347464,0.11838945790867415|1|1|1|1|1|1|1|1|1|1,25.340094067448181|1.0399112198783687|1.7622245981347464|0.9203282812265956|0.13638959245244833|0.87379819709200302|0.93804563180875777|1.4944425386758056|0.77029006168895442|0.22488965578047332|0.74067586281401865
small_plane:10,small_plane,9,10,condor|helicopter|jammer|jet_plane|large_launcher|large_tower|small_launcher|small_tower|spacecraft|ta-ta|tank,11,1,1,,1065.7504727880414,605.0036911958156,877.3793956364443,0.4754897793673223,2.1030946266196953,1044.6591916998282,531.0464342104483,0.34846094170597214,2.8697620889855435,10.157080591147565,1.006954905034444,0.00013141619868497985,-0.00021520519214940863,1.0115465483057682,-13.598949547100801,53.62608304370781,1.0185817867686027,1.0069545376983795,1.0115469454031163,1.0045606902127218,1.0045606902127218,-0.009838953821751152,1.0092481294352755,4.2288739514937926e-05,0.8006114552917966,11.135966347035428,2.612690897139166,0.08158805134117067|1|1|1|1|1|1|1|1|1|1,36.770090113503556|1.2055113333328251|2.6126908971391658|0.72551504222692109|0.30601101656988744|0.9473647703788457|0.099810585834540527|0.68520470593988791|0.37219428940423049|1.0058743912589025|0.80061145529179656
small_plane:11,small_plane,10,11,helicopter|jammer|jet_plane|large_launcher|large_tower|small_launcher|small_tower|spacecraft|ta-ta|tank,10,0,1,,1050.7678585206154,528.2286995031941,908.3432905686948,0.3381769177726626,2.9570320960587977,1050.7678585206154,528.2286995031941,0.3381769177726626,2.9570320960587977,10.0,1.0071064166087373,0.00021181207253758962,0.0003135416089267944,1.0131346272072772,-13.772951433733851,51.35708186634338,1.020334317537052,1.0070949935031748,1.0131460528741427,1.0060084296019776,1.0060084296019776,0.0028851374442859998,1.0101159921202376,0.00026282861611687296,0.3865031894410873,0.6794154862307719,1.0382508947367008,1|1|1|1|1|1|1|1|1|1,0.099648961008528575|1.0024214443039161|0.42492658611051892|0.85361602754215149|1.3607159486317646|0.60782401590566537|0.34085531137746305|0.34447267781798524|0.34807979277165563|0.33919197727147943
small_plane:12,small_plane,11,12,helicopter|jammer|jet_plane|large_launcher|large_tower|small_launcher|small_tower|spacecraft|ta-ta|tank,10,1,1,,1059.8645833312858,535.1413541644641,914.8424269036847,0.342171971368036,2.9225070539878093,1056.5821717371102,522.7443045896083,0.32411365381984003,3.0853374679360295,9.948896507905339,1.0069607261655342,-0.00012437628625272266,0.0006508341194759044,1.0108357957361935,-13.06597991257604,52.46232047407716,1.0178720278569637,1.0069430015464993,1.0108536692679522,1.0038837031643764,1.0038837031643764,0.022012270224225028,1.0088964406008,0.00026397327205169554,0.8812259253708332,1.5936078908135995,2.147870041068425,1|0.76667392987256222|1|1|1|1|1|1|1|1,1.3247639111302223|3.9130064108871694|1.1500265870119897|0.61242526372967665|0.61123292439964427|0.24992670319691834|1.9517437777552316|1.4143063744961415|0.13844577157918941|0.6056517801607576
small_plane:13,small_plane,12,13,helicopter|jet_plane|large_launcher|large_tower|small_launcher|small_tower|spacecraft|ta-ta|tank,9,0,1,,1046.4136312445098,462.9151288708488,938.4514218204405,0.24332075521757296,4.109801480378517,1046.4136312445098,462.9151288708488,0.24332075521757296,4.109801480378517,9.0,1.0072151622864531,0.0003352557254964998,0.0005250907009738407,1.012572091009724,-14.229445078861772,51.23443653098775,1.0198777869334286,1.007180842814277,1.0126064194029678,1.0053868941485529,1.0053868941485529,0.005385093330519718,1.009889987539944,0.0004304249537963443,0.5946640883825142,0.6617093242056353,0.9767402777225129,1|1|1|1|1|1|1|1|1,0.58683162825966317|0.54607747487924085|0.70013868778506172|1.0195997837347968|0.96602540121944191|0.17874961380829416|0.66760650327842985|0.59466408838251417|0.062473006771259804
small_plane:14,small_plane,13,14,helicopter|jet_plane|large_launcher|large_tower|small_launcher|small_tower|spacecraft|ta-ta|tank,9,0,1,,1055.0562415527934,468.74030641549894,945.2122502279635,0.24592683240654858,4.0662500720818935,1055.0562415527934,468.74030641549894,0.24592683240654858,4.0662500720818935,9.0,1.0072169440383,0.00041209000987599487,0.0002985072008252366,1.0131159421661924,-14.186351483805083,51.695852379898724,1.0204274202132801,1.0071956229559005,1.013137266441396,1.0058991951017997,1.0058991951017997,-0.003221160048143009,1.0101620762101893,0.0003551327843984555,0.45453695138972416,0.5296381790619029,0.7912649998427984,1|1|1|1|1|1|1|1|1,0.29814617025422696|0.53288154549339295|0.78375944456035351|0.82128722097257778|0.37880960422529519|0.45453695138972416|0.43171410203057337|0.29157121700856015|0.49143927695399486
small_plane:15,small_plane,14,15,helicopter|jet_plane|large_launcher|large_tower|medium_launcher|small_launcher|small_tower|spacecraft|ta-ta|tank,10,1,1,,1165.553499415621,533.8458816741946,1036.1098081861312,0.26547291809630436,3.766862575553694,1095.475140379136,500.1258363052397,0.2633070197016485,3.7978478550746337,9.438350318776083,1.0071827777928246,0.0002642950638625732,-6.873813756791643e-05,1.0144021278152375,-14.235047078567277,50.67673376987818,1.0216883710590534,1.0071814674456216,1.014403465594163,1.0071705034117213,1.0071705034117213,-0.009438830223824812,1.0107860164540532,9.718380878099904e-05,0.7087857816526935,3.967843892808887,3.6715943218894185,1|1|1|1|0.24801050831375335|1|1|1|1|1,0.90919074535046762|0.94930103733603033|0.74390967547326059|2.7355201745496163|12.096261647947673|0.38657645669213103|0.23235248104188405|0.5909585547788343|0.58953527031926245|0.67366188783212644
small_plane:16,small_plane,15,16,helicopter|jet_plane|large_launcher|large_tower|medium_launcher|small_launcher|small_tower|spacecraft|ta-ta|tank,10,0,1,,1176.6256350258566,542.561339721237,1044.0666059403952,0.27004819521004486,3.7030427076996193,1176.6256350258566,542.561339721237,0.27004819521004486,3.7030427076996193,10.0,1.00730742416427,0.0006859597448038108,0.0003833869984586765,1.0132344371226387,-14.820349889728732,51.43361677634903,1.0206383079444916,1.0072595890745208,1.013282294867268,1.0059792985423757,1.0059792985423757,-0.0085799465795929,1.0102664539340558,0.0005342295855289257,0.6022037626747252,0.7422707916516018,1.158709853144923,1|1|1|1|1|1|1|1|1|1,0.57202197738135363|0.60524212327449112|1.2727968164569416|1.1460335238880319|0.64032893226853616|0.59916540207495927|0.5533610931166163|0.80135790973335186|0.14650890787330254|0.37928796137270243
small_plane:17,small_plane,16,17,helicopter|jet_plane|large_launcher|large_tower|medium_launcher|small_launcher|small_tower|spacecraft|ta-ta|tank,10,0,1,,1186.7567916384553,549.7042173825272,1051.7684896838578,0.27316045464563954,3.6608520120427435,1186.7567916384553,549.7042173825272,0.27316045464563954,3.6608520120427435,10.0,1.0070702067500341,0.0006628322467023857,0.0004338980390993135,1.0131184102546607,-14.35531427019123,51.31329452418299,1.0202810792758148,1.0070208973891623,1.0131677325873092,1.006103979782429,1.006103979782429,-0.0064929401716595034,1.0100896392280314,0.0005480224385408243,0.4110267020899359,0.5463270375830336,0.8194416903499456,1|1|1|1|1|1|1|1|1|1,0.26780880989869782|0.24189236512612947|0.84979138276528865|0.81606950230379638|0.42682061610321498|0.31338978587336458|0.32366670454216928|0.39523278807665685|0.5676479291140486|0.77640308997090701
small_plane:18,small_plane,17,18,helicopter|jet_plane|large_launcher|large_tower|medium_launcher|small_launcher|small_tower|spacecraft|ta-ta|tank,10,1,1,,1196.7397377876277,556.8755385500187,1059.2807156578592,0.2763720696561587,3.6183106391471633,1223.582286875587,517.5195488435659,0.21786429099901106,4.590013330842453,9.18521406306354,1.007372670157468,0.0007102310440079367,7.381474543584564e-05,1.012152794797008,-15.133152212170899,53.371618653391124,1.019615011076482,1.007340783474264,1.0121847817576537,1.0048086986676772,1.0048086986676772,-0.018055710288003495,1.0097598779296402,0.0003912696911219321,0.7260456700880535,9.830989411248028,4.945293620113901,0.096874566418635108|1|1|1|1|1|1|1|1|1,30.967880537764248|1.0742362856347307|0.24713789747995987|0.83106602772493954|0.62102531245116743|0.14459095448632059|2.0538950737083188|0.85384249734329731|0.33888712810350013|0.31498588348663392
small_plane:19,small_plane,18,19,jet_plane|large_launcher|large_tower|medium_launcher|small_launcher|small_tower|spacecraft|ta-ta|tank,9,1,1,,1236.7222035048837,518.5013669560418,1122.7814306919631,0.21325998220176878,4.689112273552961,1257.960211510629,451.6325308599947,0.147967452991457,6.758242976972346,8.373362730295275,1.0074129300824743,0.00037235869359456035,-0.00013143274958317926,1.0109550063297041,-14.725446708873733,55.056190138546754,1.0184491940482805,1.0074088694048011,1.010959129881398,1.003524150505737,1.003524150505737,-0.014301219479709618,1.0091824384363217,0.00012002091117906181,1.4252325498933627,4.979195429945092,4.39387874103698,1|1|1|1|1|0.20629304468612064|1|1|1,0.48170581770825072|1.8567435461550237|1.4407425120340349|1.4252325498933627|0.05748863000775694|14.542419520564794|1.8441224940372831|0.25761897049281429|0.62649381988863517
small_plane:20,small_plane,19,20,hangar|jet_plane|large_launcher|large_tower|medium_launcher|small_launcher|spacecraft|ta-ta|tank,9,3,1,,1412.3968551873832,603.2661593303147,1277.080583812181,0.223142001186677,4.481451249347791,1276.9621451082623,458.4010802632376,0.14792779763001135,6.760054675465012,8.038598995250856,1.0062568863154577,-0.001354929074101515,0.002160440394192919,1.0178536696657023,-10.825927753374344,41.89013700420128,1.0242251916060752,1.0062444417904075,1.0178691668434705,1.0115525856047256,1.0115525856047256,0.09950821651411411,1.0120401136348673,0.0004128253811818362,1.3997756430053252,6.157819728154169,8.32871080912878,0.1810809868970312|1|0.47824484725446104|1|1|1|1|1|0.73511887880038951,16.580395294500661|1.3525424773973989|6.265789687785805|1.6469375373239217|1.312790072275865|0.66625649063231174|1.3469351479994327|1.3997756430053252|4.0763181515536431
small_plane:21,small_plane,20,21,hangar|jet_plane|large_launcher|large_tower|medium_launcher|medium_plane|small_launcher|spacecraft|ta-ta|tank,10,4,1,,1457.3310794050883,660.3551032470967,1299.1324076534756,0.2583736637495396,3.870363509530805,1371.1702419062838,639.8354758234285,0.27836017907242316,3.59246787141857,9.167343011380666,1.0053234555938353,3.611287866457809e-05,0.0018081845980963526,1.0170591344252267,-11.473459921311587,43.50017619613391,1.022473338264893,1.0052518264875607,1.0171315399023007,1.0118176491717987,1.0118176491717987,0.05020425167536143,1.011174237342355,0.0009272899576597424,2.0977422627345326,6.301199218541739,5.9618547902457095,0.16261505091986458|1|0.78035853963765023|0.65581635472975452|1|1|1|1|1|1,18.448477862155652|1.5924160912159266|3.8443851409466094|4.5744522267001653|2.6030684342531387|0.10848522036711736|0.9546680106259483|1.0708026680348923|1.3995276374677386|2.7676090591599092
small_plane:22,small_plane,21,22,hangar|jet_plane|large_launcher|large_tower|medium_launcher|medium_plane|small_launcher|spacecraft|ta-ta|tank,10,4,1,,1470.1376313121164,673.1456727234474,1306.9734344253893,0.26526783704104845,3.769774772375652,1450.0163667101692,618.6024330938233,0.22249767740938145,4.494428938060617,8.898240392691411,1.005324473530928,2.884328787058838e-05,0.0008654223591053698,1.0127574423367978,-11.65882931240526,50.48915502376963,1.018149817570144,1.005297759434344,1.012784329831822,1.007447117361219,1.007447117361219,0.02375148743378508,1.009034101291995,0.00044867342263132866,2.16232390690781,6.592919330776865,7.623554545630066,0.46765375554497596|1|1|0.58998103002516078|1|1|1|0.16215757646053613|1|1,6.4150024765983922|2.0445469552937134|1.969105022866265|5.0849092552543915|2.2849027723466553|1.6990485759432787|1.3607989445039115|18.500523166915176|1.4738417094269807|2.2801008585219065
small_plane:23,small_plane,22,23,hangar|jet_plane|large_launcher|large_tower|medium_launcher|medium_plane|small_launcher|ta-ta|tank,9,2,1,,1509.7876373439224,609.1926872225495,1381.4278771297154,0.19447014195614407,5.142177559707417,1502.2444686669644,619.1199826699278,0.2046032037000012,4.887509002382226,8.83920927230919,1.0054891448186916,9.32728610696867e-05,0.00038416800323263063,1.0131563432475494,-12.187128205945783,52.1886446799565,1.0187176693071625,1.0054817298603551,1.0131637791654808,1.007640167968236,1.007640167968236,0.008256558127693794,1.0093154458875393,0.00023927286712797813,1.2914713501016202,2.18073569472387,2.935348395154496,1|1|1|0.59037097837994956|1|1|1|1|1,0.091696213973445989|2.1465530336299987|1.7256632671318419|5.0815506010006937|2.3987978436929458|0.24160963066242497|1.2914713501016202|0.83768153488740849|1.0963987767796657
small_plane:24,small_plane,23,24,hangar|jet_plane|large_launcher|large_tower|medium_plane|small_launcher|ta-ta|tank,8,1,1,,1437.9243721420123,541.0315176346469,1332.2580068912894,0.1649181494811604,6.063613999708601,1437.9243721420123,541.0315176346469,0.1649181494811604,6.063613999708601,8.0,1.006575935318905,-0.0014348231665658494,0.0002085701456491822,1.0133091447731513,-11.640119963024972,52.624381732506436,1.019972899428511,1.0065208936743113,1.013364854956059,1.0067996216718003,1.0067996216718003,0.04661625605410859,1.0099370769649518,0.0006103872141413374,1.0326313045926263,1.5190115940305344,2.263311964132737,1|1|1|1|1|1|1|1,1.0292306556779134|1.4582185912404586|2.9684931828633401|1.9610914418196219|0.64260729050488219|1.0360319535073392|0.94230186801683524|0.49130643300940213
small_tower:1,small_tower,0,1,condor|helicopter|jammer|large_launcher|mine_roller|small_launcher|small_plane|spacecraft|ta-ta|tank,10,1,1,,970.1236635089363,572.2793142289546,783.3494169306807,0.5337096398762051,1.8736779800941044,924.950635548557,588.0564910800955,0.6784278379844451,1.473996118689528,9.431513311404947,1.0066359557872642,0.0002107001148645568,0.0010651502049672638,1.0148321283917467,-12.87816565132448,47.223498480412104,1.021566285099979,1.0065866922246072,1.0148815725372509,1.008240602003501,1.008240602003501,0.02421823101488262,1.01072562305503,0.0006396573142479327,0.6487253348109252,4.010667150291035,3.1656328457596423,1|1|1|1|1|1|1|1|1|0.24353909719430158,0.75688818897105192|0.41266129159510617|0.44802045845743804|0.12637096632404615|0.40757376131007872|1.3648717570490376|0.54056248065079848|1.1022381054969437|2.1486641991212876|12.318350665504873
small_tower:2,small_tower,1,2,condor|helicopter|jammer|large_launcher|small_launcher|small_plane|spacecraft|ta-ta|tank,9,0,1,,946.9828925410596,489.89075618171495,810.4218936906502,0.3654064082393257,2.7366788798762456,946.9828925410596,489.89075618171495,0.3654064082393257,2.7366788798762456,9.0,1.0068840963530339,2.9327280753383604e-05,9.351175912924051e-05,1.013350602325524,-13.006424259534015,50.964396061569914,1.0203266027688922,1.0068835135467125,1.013351186151442,1.0064234566538361,1.0064234566538361,0.0018203329159495474,1.0101121733594207,6.152224295353682e-05,0.5375379171406102,0.5708457303664042,0.7701047014802317,1|1|1|1|1|1|1|1|1,0.7312803591545457|0.49073863801220546|0.6102509641170325|0.34618485532759619|0.12726462925288476|0.53753791714061017|0.60897144359365396|0.36411475274431077|0.92540207078297543
small_tower:3,small_tower,2,3,condor|helicopter|jammer|large_launcher|small_launcher|small_plane|spacecraft|ta-ta|tank,9,0,1,,955.5077830435449,496.02175894523015,816.6746831570513,0.36889542630323063,2.7107953330329537,955.5077830435449,496.02175894523015,0.36889542630323063,2.7107953330329537,9.0,1.006792543876305,6.330370958004326e-05,-6.002871844480611e-05,1.0134052206994222,-13.084860094352507,51.276987502292855,1.02028882392554,1.0067925453531634,1.013405222987266,1.0065680637631094,1.0065680637631094,-0.003497889027527916,1.0100934728655264,1.435644661373422e-06,0.31086490621537455,0.4330444452175608,0.6326849571164791,1|1|1|1|1|1|1|1|1,0.60625221565026544|0.31086490621537455|0.2340532144854286|0.12040969674171581|0.24899316605883604|0.069571300327758795|0.66602189475139018|0.62435072270775138|0.50403623958927768
small_tower:4,small_tower,3,4,condor|helicopter|jammer|jet_plane|large_launcher|small_launcher|small_plane|spacecraft|ta-ta|tank,10,1,1,,959.3513655069241,557.2724540944749,780.8984917436588,0.5092675272916192,1.9636044837144606,963.976946817905,512.1166463554108,0.3932056083583362,2.5431987203210995,9.258463763159748,1.0067782163693983,0.00017362775002997076,-0.00046120863012661506,1.0147431098957207,-13.055494974857538,50.576219238652925,1.021621338332567,1.0067756712029627,1.0147457547438203,1.0079164443170685,1.0079164443170685,-0.017993104300223196,1.0107528571973303,0.00014504107618879388,0.6585338404812743,6.929693915583947,3.72536496486563,1|1|1|0.13796489095646161|1|1|1|1|1|1,0.58410054089376107|0.19211555103460576|0.73296714006878749|21.744662567426488|1.4626685795673271|0.85990191068355926|0.37462196926768909|0.50891037147244411|0.46179310795923695|1.72322078680332
small_tower:5,small_tower,4,5,condor|helicopter|jammer|jet_plane|large_launcher|small_launcher|small_plane|spacecraft|ta-ta|tank,10,0,1,,970.3971867230449,567.6326727329292,787.060257442892,0.5201382643299219,1.9225657264194338,970.3971867230449,567.6326727329292,0.5201382643299219,1.9225657264194338,10.0,1.0069215229646549,0.00026364588062271235,-6.899140263131855e-05,1.0133966407781234,-13.54115205522362,51.45500178711893,1.0204109070888725,1.0069200740650035,1.013398117061472,1.0064335225439656,1.0064335225439656,-0.009433520229125622,1.0101539026746729,9.679418659383955e-05,0.3717346041825559,0.4802694565140427,0.7229085946531002,1|1|1|1|1|1|1|1|1|1,0.61532761495488153|0.71578868809697482|0.25483150400376114|0.78698775365822848|0.36755821793340765|0.039840371026991041|0.34953750344790335|0.45110005148300053|0.35728710416497061|0.37591099043170406
small_tower:6,small_tower,5,6,condor|helicopter|jammer|jet_plane|large_launcher|small_launcher|small_plane|spacecraft|ta-ta|tank,10,0,1,,979.5782931955976,574.6519591934868,793.3150435325723,0.5247088674640366,1.9058187539941653,979.5782931955976,574.6519591934868,0.5247088674640366,1.9058187539941653,10.0,1.0071308184036203,6.215452493933297e-05,0.0002980670860751919,1.013449366304962,-13.628739716894188,50.730600184978584,1.0206760711711287,1.0071256953789383,1.0134545031016133,1.0062840296416962,1.0062840296416962,0.006689560814305078,1.0102851434971856,0.00018047966487206817,0.5936776599715062,0.7117192772839276,1.0674747326676643,1|1|1|1|1|1|1|1|1|1,0.92227115322023334|0.30302621568562171|0.77719165480512098|0.37413962417936575|0.50368619290408023|0.27152944569845766|0.68366912703893223|1.06149077872155|0.44727077993599945|1.1213303181826937
small_tower:7,small_tower,6,7,condor|helicopter|jammer|jet_plane|large_launcher|large_tower|small_launcher|small_plane|spacecraft|ta-ta|tank,11,1,1,,1071.5873353839957,658.8621056897374,845.1036285814049,0.6078117997362493,1.6452461114343861,1007.9813895441149,608.4969998875238,0.5733861076064712,1.7440255121882446,10.335661735565711,1.0068020911599587,8.576619832380415e-05,-0.0009643757820600368,1.0149155523923359,-12.96770138529132,51.44764262522699,1.021819183210213,1.0067785106215497,1.0149394056686585,1.0081059487871573,1.0081059487871573,-0.029761177653101118,1.0108507225155519,0.00044141192228120785,0.7463135303722077,5.034211155281897,2.1275429507907417,1|1|1|1|1|0.18355853351719825|1|1|1|1|1,0.65893786727482395|0.40914977136297093|0.78975020432497489|2.0414107445046765|2.1275429507907417|16.343560511823028|0.34862393702593514|0.42553023906703275|0.55330220732769997|0.76110747671233492|0.74631353037220771
small_tower:8,small_tower,7,8,condor|helicopter|jammer|jet_plane|large_launcher|large_tower|small_launcher|small_plane|spacecraft|ta-ta|tank,11,0,1,,1083.2377489088706,670.1032156433492,851.0967636206826,0.6199055518053708,1.613148966141161,1083.2377489088706,670.1032156433492,0.6199055518053708,1.613148966141161,11.0,1.006973934948413,0.0002871012216103252,0.000429825456888399,1.0133527977581571,-13.569346471592326,50.84233652089654,1.020419730846101,1.0069538566599185,1.0133728810879667,1.0063746957078452,1.0063746957078452,0.004047610799619041,1.0101582701963594,0.00035868865297837815,0.8994286754526956,0.7814375722255771,0.9859873471556962,1|1|1|1|1|1|1|1|1|1|1,0.60567372018491006|0.96223557295018791|0.94867293724858415|0.13176908626802239|0.93058814223344488|1.1477291299433479|0.39275619383468025|0.89942867545269556|0.98598734715569625|0.22897248878255849|0.57957296298927174
small_tower:9,small_tower,8,9,condor|helicopter|jammer|jet_plane|large_launcher|large_tower|small_launcher|spacecraft|ta-ta|tank,10,1,1,,1090.7494499196414,619.2992196048159,897.8879880568991,0.4757258406988223,2.1020510437924496,1063.1475261576454,526.9675621564803,0.32570814995935926,3.0702332751721952,9.229952849718238,1.007077686495797,-7.661025424994647e-05,-7.189581319681948e-05,1.0113053075545066,-13.574128821331215,53.18841845132806,1.0184630039649567,1.007076382736187,1.0113066113196223,1.0042005042079747,1.0042005042079747,0.00013382870144242832,1.00918928054402,7.424809638711943e-05,0.933252960963463,7.864571702499628,4.389278218336876,0.12175429814026935|1|1|1|1|1|1|1|1|1,24.639787225775656|1.4642030084121109|2.1392216619547981|0.93251121510578339|0.54130433143539813|0.98266558848766061|0.87317091378957468|0.93399470682114272|0.25310487944609661|0.92116854911461976
small_tower:10,small_tower,9,10,condor|helicopter|jammer|jet_plane|large_launcher|large_tower|small_launcher|spacecraft|ta-ta|tank,10,1,1,,1097.8471842656427,622.4039537644493,904.3681542040173,0.47364631587900724,2.1112800131130958,1070.2029526950366,527.041040945061,0.32017564907792373,3.1232856180034543,9.158480406147358,1.0069323285936749,8.627284198331604e-05,-0.0002932821206091869,1.011385432815668,-13.533770977759787,53.857405172430276,1.0183967142730843,1.0069299419515276,1.0113878551464393,1.004427232729093,1.004427232729093,-0.01077476382026847,1.0091564369675716,0.00010392335197079854,0.9176435994368314,11.5835321315692,6.159560070238831,0.082311010914863536|1|1|1|1|1|1|1|1|1,36.447128599878084|1.4024743863069176|2.7942746780567038|0.73142819912559331|0.49038964226263609|0.99520086435567257|0.13022214230324439|0.28595619017045093|1.0216213112589736|0.8400863345179902
small_tower:11,small_tower,10,11,helicopter|jammer|jet_plane|large_launcher|large_tower|small_launcher|spacecraft|ta-ta|tank,9,0,1,,1075.5435347124394,520.8314629534823,941.0252293426907,0.3063316632234339,3.26443564298025,1075.5435347124394,520.8314629534823,0.3063316632234339,3.26443564298025,9.0,1.0070708689640706,0.0001389229890134495,0.0003326430740785101,1.0131737940297747,-13.663612835150616,51.29832896020457,1.0203377669534193,1.0070617778212996,1.0131828944603989,1.0060781937850345,1.0060781937850345,0.005494058937730801,1.0101176995545713,0.00023607563342714364,0.4223392248257928,0.7042183699107193,1.0228000590460162,1|1|1|1|1|1|1|1|1,0.16519937550175384|0.94406547399704765|0.42233922482579278|0.92825813984465655|1.3377383992418908|0.61255073894053469|0.32637182765826622|0.34274016921161699|0.34055210870083724
small_tower:12,small_tower,11,12,helicopter|jammer|jet_plane|large_launcher|large_tower|small_launcher|spacecraft|ta-ta|tank,9,1,1,,1084.7765230397786,527.614707791531,947.8200383302353,0.30987177130715365,3.2271413294009657,1084.7765230397786,527.614707791531,0.30987177130715365,3.2271413294009657,9.0,1.0069685260129873,-0.000152722950077714,0.0004391342343288656,1.0100282432667398,-13.059189498756496,53.40677592315137,1.0170667184196716,1.0069618815162567,1.0100349745992363,1.0030518464893152,1.0030518464893152,0.016812579119704647,1.0084972575171791,0.00014365454980797964,0.6096363974107084,1.4498140823953365,2.3266151339893715,1|1|1|1|1|1|1|1|1,2.1896950268974726|2.8742955623569655|1.2677120653323291|0.3239898415405133|0.60963639741070841|0.23198961355850189|1.8813238710056428|0.15422192037423268|0.40075634343688804
small_tower:13,small_tower,12,13,helicopter|jet_plane|large_launcher|large_tower|small_launcher|spacecraft|ta-ta|tank,8,0,1,,1069.2594692122207,433.7896101776395,977.3138628925365,0.19701086302695117,5.07586223741987,1069.2594692122207,433.7896101776395,0.19701086302695117,5.07586223741987,8.0,1.0071995116367447,0.0002662070828263543,0.0005354015835137082,1.0126175812901494,-14.148693583400927,51.18123623578549,1.0199077908225265,1.0071700314132117,1.012647079452356,1.0054380569996302,1.0054380569996302,0.0076361907819308015,1.0099048424591925,0.00040116538075384505,0.6091953893265418,0.697581885384091,0.9890706179891046,1|1|1|1|1|1|1|1,0.53181501921927532|0.53247438207995101|0.76298075906259766|1.0238162419233452|0.97417963630300142|0.62327995592348207|0.59511082272960159|0.067879435696339474
small_tower:14,small_tower,13,14,helicopter|jet_plane|large_launcher|large_tower|small_launcher|spacecraft|ta-ta|tank,8,0,1,,1077.8923988216543,439.2761530229199,984.3213320978491,0.19915969860028845,5.021096170701634,1077.8923988216543,439.2761530229199,0.19915969860028845,5.021096170701634,8.0,1.0071750764088452,0.00022802287699572472,0.00027667521326982963,1.0130199598665781,-13.959501872196597,51.81414371767255,1.020288392394028,1.007164201928926,1.0130308349323442,1.005824902227643,1.005824902227643,0.001379853668266351,1.0100932592558114,0.00025241942619365826,0.46727654413875735,0.5262821658878578,0.7020055638951079,1|1|1|1|1|1|1|1,0.50949333981043821|0.5670573212307447|0.65466162344320533|0.81247475828288085|0.3533572071303443|0.40624319160260763|0.27455084374827915|0.4250597484670765
small_tower:15,small_tower,14,15,helicopter|jet_plane|large_launcher|large_tower|medium_launcher|small_launcher|spacecraft|ta-ta|tank,9,1,1,,1194.5488739878663,489.12025601438296,1089.820346434266,0.20142875756457668,4.96453441946792,1121.0622111240114,465.1511003691022,0.20796082302218047,4.808598011238603,8.438930207536774,1.0071576430705238,0.00016648530889495065,-6.455564352638319e-05,1.0144192511656276,-14.104896921768614,50.654203215951384,1.0216801128369055,1.007157291998096,1.0144196154406007,1.0072107142550664,1.0072107142550664,-0.006548190894213722,1.0107819313961373,5.054987686687999e-05,0.7828632645624161,4.180606935074392,4.607255004335793,1|1|1|1|0.24807844409070748|1|1|1|1,0.87423124800289143|0.94646828850466436|0.78286326456241606|2.7358314775890462|12.092949111322774|0.36736532712550235|0.60500366541354333|0.59127318972923093|0.67046919150560269
small_tower:16,small_tower,15,16,helicopter|jet_plane|large_launcher|large_tower|medium_launcher|small_launcher|spacecraft|ta-ta|tank,9,0,1,,1205.582897795415,497.1682357238655,1098.2958931198864,0.2049122999702027,4.880136527409116,1205.582897795415,497.1682357238655,0.2049122999702027,4.880136527409116,9.0,1.007291837114217,0.0006353535284030559,0.0003195645524415115,1.0130272258476911,-14.746772550038258,51.73488518662225,1.0204138523343735,1.0072523736992562,1.0130667139425846,1.005772476089557,1.005772476089557,-0.00895570196000562,1.0101553604938072,0.00047701079536206846,0.6546639056218151,0.7496367211236256,1.1029796630371673,1|1|1|1|1|1|1|1|1,0.81982911749644927|0.61958154938717946|1.0853559854149046|1.1734743735262181|0.65466390562181509|0.55217894235819631|0.75280798252955983|0.16162285202524579|0.34673895903584889
small_tower:17,small_tower,16,17,helicopter|jet_plane|large_launcher|large_tower|medium_launcher|small_launcher|spacecraft|ta-ta|tank,9,0,1,,1215.6505980515988,503.58346141622457,1106.440271289537,0.20715096862222432,4.827397171498016,1215.6505980515988,503.58346141622457,0.20715096862222432,4.827397171498016,9.0,1.0070986795080892,0.0007548421136018707,0.0004085233106254385,1.0130364116865949,-14.495212222860118,51.437970628833,1.0202273241325834,1.0070422471283784,1.0130928737516254,1.0060083145870995,1.0060083145870995,-0.00982241517840767,1.010063029782094,0.0005811737405072098,0.46914796040145884,0.5607539178029849,0.7948157836108594,1|1|1|1|1|1|1|1|1,0.37710924149944902|0.24460855753227045|0.72049444814124486|0.82647198266508692|0.42259950316173989|0.29901108609713739|0.46914796040145884|0.56433994670346255|0.78690173384730244
small_tower:18,small_tower,17,18,helicopter|jet_plane|large_launcher|large_tower|medium_launcher|small_launcher|spacecraft|ta-ta|tank,9,1,1,,1225.5925223597758,510.1034181837915,1114.3928991255327,0.20952690370799093,4.772656791576794,1250.2168517659402,433.72798165635936,0.13682225809275533,7.308752347312336,8.196008100711866,1.0073693580993377,0.0006978445584654331,-0.00030695550975296914,1.0107109573222972,-15.114719978908852,55.50630871014164,1.0181594625089618,1.0073580907892885,1.01072247477678,1.0033398093669506,1.0033398093669506,-0.028527506049239273,1.0090388805734702,0.00019461261086300188,1.0548539667179813,9.790104029055927,7.320468688859245,0.10275255564028593|1|1|1|1|1|1|1|1,29.196354108235898|1.2143543006976378|1.6709313693744796|0.9386905552712731|1.0548539667179813|0.49013513586014645|1.8514973340150758|0.47117704081416806|0.19321333450849698
small_tower:19,small_tower,18,19,jet_plane|large_launcher|large_tower|medium_launcher|small_launcher|spacecraft|ta-ta|tank,8,0,1,,1262.8505577660408,426.44500565160064,1188.6699240768257,0.12870739976623213,7.769561049452274,1262.8505577660408,426.44500565160064,0.12870739976623213,7.769561049452274,8.0,1.007409116639455,0.00035798796635893085,0.000420913865902738,1.013036490833416,-14.703193883178756,51.83304693298692,1.020542045671926,1.007382292459856,1.0130633159929145,1.00563939189281,1.00563939189281,0.0017844521284929866,1.0102188107889924,0.0003895385470026108,0.5529373656725347,0.6844137791577303,0.944478710004389,1|1|1|1|1|1|1|1,0.26988704253706242|0.50310449002615287|1.2823135438755615|0.79969235263102945|0.48731107035715343|0.60277024131891654|0.33905122098452645|0.64948361639629004
small_tower:20,small_tower,19,20,hangar|jet_plane|large_launcher|large_tower|medium_launcher|small_launcher|spacecraft|ta-ta|tank,9,3,1,,1412.3968551873832,603.2661593303147,1277.080583812181,0.223142001186677,4.481451249347791,1276.9621451082623,458.4010802632376,0.14792779763001135,6.760054675465012,8.038598995250856,1.0062568863154577,-0.001354929074101515,0.002160440394192919,1.0178536696657023,-10.825927753374344,41.89013700420128,1.0242251916060752,1.0062444417904075,1.0178691668434705,1.0115525856047256,1.0115525856047256,0.09950821651411411,1.0120401136348673,0.0004128253811818362,1.3997756430053252,6.157819728154169,8.32871080912878,0.1810809868970312|1|0.47824484725446104|1|1|1|1|1|0.73511887880038951,16.580395294500661|1.3525424773973989|6.265789687785805|1.6469375373239217|1.312790072275865|0.66625649063231174|1.3469351479994327|1.3997756430053252|4.0763181515536431
small_tower:21,small_tower,20,21,hangar|jet_plane|large_launcher|large_tower|medium_launcher|medium_plane|small_launcher|spacecraft|ta-ta|tank,10,4,1,,1457.3310794050883,660.3551032470967,1299.1324076534756,0.2583736637495396,3.870363509530805,1371.1702419062838,639.8354758234285,0.27836017907242316,3.59246787141857,9.167343011380666,1.0053234555938353,3.611287866457809e-05,0.0018081845980963526,1.0170591344252267,-11.473459921311587,43.50017619613391,1.022473338264893,1.0052518264875607,1.0171315399023007,1.0118176491717987,1.0118176491717987,0.05020425167536143,1.011174237342355,0.0009272899576597424,2.0977422627345326,6.301199218541739,5.9618547902457095,0.16261505091986458|1|0.78035853963765023|0.65581635472975452|1|1|1|1|1|1,18.448477862155652|1.5924160912159266|3.8443851409466094|4.5744522267001653|2.6030684342531387|0.10848522036711736|0.9546680106259483|1.0708026680348923|1.3995276374677386|2.7676090591599092
small_tower:22,small_tower,21,22,hangar|jet_plane|large_launcher|large_tower|medium_launcher|medium_plane|small_launcher|spacecraft|ta-ta|tank,10,4,1,,1470.1376313121164,673.1456727234474,1306.9734344253893,0.26526783704104845,3.769774772375652,1450.0163667101692,618.6024330938233,0.22249767740938145,4.494428938060617,8.898240392691411,1.005324473530928,2.884328787058838e-05,0.0008654223591053698,1.0127574423367978,-11.65882931240526,50.48915502376963,1.018149817570144,1.005297759434344,1.012784329831822,1.007447117361219,1.007447117361219,0.02375148743378508,1.009034101291995,0.00044867342263132866,2.16232390690781,6.592919330776865,7.623554545630066,0.46765375554497596|1|1|0.58998103002516078|1|1|1|0.16215757646053613|1|1,6.4150024765983922|2.0445469552937134|1.969105022866265|5.0849092552543915|2.2849027723466553|1.6990485759432787|1.3607989445039115|18.500523166915176|1.4738417094269807|2.2801008585219065
small_tower:23,small_tower,22,23,hangar|jet_plane|large_launcher|large_tower|medium_launcher|medium_plane|small_launcher|ta-ta|tank,9,2,1,,1509.7876373439224,609.1926872225495,1381.4278771297154,0.19447014195614407,5.142177559707417,1502.2444686669644,619.1199826699278,0.2046032037000012,4.887509002382226,8.83920927230919,1.0054891448186916,9.32728610696867e-05,0.00038416800323263063,1.0131563432475494,-12.187128205945783,52.1886446799565,1.0187176693071625,1.0054817298603551,1.0131637791654808,1.007640167968236,1.007640167968236,0.008256558127693794,1.0093154458875393,0.00023927286712797813,1.2914713501016202,2.18073569472387,2.935348395154496,1|1|1|0.59037097837994956|1|1|1|1|1,0.091696213973445989|2.1465530336299987|1.7256632671318419|5.0815506010006937|2.3987978436929458|0.24160963066242497|1.2914713501016202|0.83768153488740849|1.0963987767796657
small_tower:24,small_tower,23,24,hangar|jet_plane|large_launcher|large_tower|medium_plane|small_launcher|ta-ta|tank,8,1,1,,1437.9243721420123,541.0315176346469,1332.2580068912894,0.1649181494811604,6.063613999708601,1437.9243721420123,541.0315176346469,0.1649181494811604,6.063613999708601,8.0,1.006575935318905,-0.0014348231665658494,0.0002085701456491822,1.0133091447731513,-11.640119963024972,52.624381732506436,1.019972899428511,1.0065208936743113,1.013364854956059,1.0067996216718003,1.0067996216718003,0.04661625605410859,1.0099370769649518,0.0006103872141413374,1.0326313045926263,1.5190115940305344,2.263311964132737,1|1|1|1|1|1|1|1,1.0292306556779134|1.4582185912404586|2.9684931828633401|1.9610914418196219|0.64260729050488219|1.0360319535073392|0.94230186801683524|0.49130643300940213
spacecraft:1,spacecraft,0,1,condor|helicopter|jammer|large_launcher|mine_roller|small_launcher|small_plane|small_tower|ta-ta|tank,10,1,1,,977.6977204126028,583.8609658787602,784.218850208997,0.5542992977756172,1.8040795000335803,921.4953871335299,594.3646703969578,0.7124026700811146,1.403700522186616,9.444862403772229,1.0065309006166248,0.00018312301314987,0.001194027089544623,1.0149542492696666,-12.604791751311495,46.68791740991412,1.0215825959482292,1.0064751099407891,1.0150102927118874,1.0084802720770714,1.0084802720770714,0.028652464869699176,1.0107336919031784,0.0006906811386288473,0.4803868019443295,3.8946552010177617,3.417829005385783,1|1|1|1|1|1|1|1|1|0.25229430802576475,0.78191328896615642|0.28088146556066457|0.50360093731703126|0.051196970092963548|0.43194077483546756|1.6459993229166732|0.45717266657162769|0.32653328685841659|2.4763794856369126|11.890874683125654
spacecraft:2,spacecraft,1,2,condor|helicopter|jammer|large_launcher|small_launcher|small_plane|small_tower|ta-ta|tank,9,0,1,,958.2700494403031,492.3503389211801,822.1147312988134,0.3586605596486926,2.788151563080976,958.2700494403031,492.3503389211801,0.3586605596486926,2.788151563080976,9.0,1.0068454548219994,3.6248936322434296e-05,3.884775918932647e-05,1.0133493011248103,-12.944416710573023,51.14433150729133,1.0202861365763747,1.0068452380539625,1.0133495178945187,1.0064600591975066,1.0064600591975066,7.370654811206375e-05,1.0100921426168876,3.755253110115454e-05,0.48354652778019286,0.5327976936689507,0.7506962488763214,1|1|1|1|1|1|1|1|1,0.74015422779554507|0.5475854060208285|0.69081074507372642|0.27360176734166936|0.15776040278035083|0.47276669845726982|0.21037390464242872|0.48354652778019286|0.79286433319942651
spacecraft:3,spacecraft,2,3,condor|helicopter|jammer|large_launcher|small_launcher|small_plane|small_tower|ta-ta|tank,9,0,1,,966.8108545082962,498.55699271433843,828.3502601017863,0.3622443314021277,2.760567697855565,966.8108545082962,498.55699271433843,0.3622443314021277,2.760567697855565,9.0,1.0068092733616265,4.7199429860494917e-05,-0.00019355416515348613,1.0134275079451318,-13.001138015325523,51.50129104433222,1.0203282220145684,1.006808471516077,1.013428324136102,1.0065750863320178,1.0065750863320178,-0.006827994104077286,1.0101129748768543,7.357171787131405e-05,0.3275308655086476,0.46426452733592516,0.6931371097349147,1|1|1|1|1|1|1|1|1,0.66715687748538832|0.29449109053250311|0.32721952064991816|0.2088434785544957|0.32753086550864757|0.05328348070194884|0.79705803873302017|0.58273162555406499|0.41517368120763476
spacecraft:4,spacecraft,3,4,condor|helicopter|jammer|jet_plane|large_launcher|small_launcher|small_plane|small_tower|ta-ta|tank,10,1,1,,968.6649382010272,555.4913740352393,793.5622822894506,0.4899960771975109,2.0408326648641992,975.0004421667368,513.9839548937867,0.3848509114360203,2.5984088130872087,9.25699526733653,1.0068096191010771,0.00017527124861657027,-0.0003891924885198095,1.0147200509844356,-13.190523066813057,50.54929669619628,1.0216299762401186,1.0068082125044722,1.014721536387528,1.0078598126085714,1.0078598126085714,-0.015998473563935287,1.0107571301950429,0.00010806501504828247,0.6861170428023875,6.9672196249630245,3.739920264628185,1|1|1|0.13712283174255593|1|1|1|1|1|1,0.61418725922636475|0.17260131767602663|0.73437467824551783|21.878194622121306|1.2457413669346482|0.75430444585768841|0.43111650067501223|0.63785940735925706|0.36345835881955513|1.7245564471289572
spacecraft:5,spacecraft,4,5,condor|helicopter|jammer|jet_plane|large_launcher|small_launcher|small_plane|small_tower|ta-ta|tank,10,0,1,,979.8150616315305,565.7253176310311,799.9952624805155,0.5000764462383744,1.9996942617915754,979.8150616315305,565.7253176310311,0.5000764462383744,1.9996942617915754,10.0,1.0069217819890706,0.0002750783431826832,-0.00011522577407594476,1.0134020431423536,-13.487368884884745,51.56241668347525,1.0204166228483786,1.0069208151942952,1.0134030476383382,1.0064376784611333,1.0064376784611333,-0.011068907909273649,1.0101567318235218,7.930032584393028e-05,0.34267686445440715,0.4668764263457947,0.7490249841409745,1|1|1|1|1|1|1|1|1|1,0.5723177076035233|0.74152845445416438|0.33641251159128349|0.81649375132226609|0.29181401490071995|0.061001418720897524|0.36859092065054422|0.30221381906213957|0.29096308860298259|0.34894121731753081
spacecraft:6,spacecraft,5,6,condor|helicopter|jammer|jet_plane|large_launcher|small_launcher|small_plane|small_tower|ta-ta|tank,10,0,1,,989.0551160071919,572.713484446064,806.3679601978541,0.5044385752936575,1.982401919634819,989.0551160071919,572.713484446064,0.5044385752936575,1.982401919634819,10.0,1.0071479527407243,5.9258131828438195e-05,0.00016305090729907534,1.0134690268127942,-13.672841163811881,51.06299825899214,1.0207132458585477,1.0071460000529906,1.013470982166283,1.0062801044863006,1.0062801044863006,0.0029431050185969396,1.0103035414461081,0.00011131686632097225,0.5289579396151269,0.6250282318521851,0.9273991059937252,1|1|1|1|1|1|1|1|1|1,0.9273386963666328|0.34719735601901003|0.86062434646212427|0.34833577118743564|0.46767559551783633|0.34171415905010599|0.59024028371241744|0.34769782986229614|0.63106540085072871|0.92794279263755697
spacecraft:7,spacecraft,6,7,condor|helicopter|jammer|jet_plane|large_launcher|large_tower|small_launcher|small_plane|small_tower|ta-ta|tank,11,1,1,,1068.82043772524,664.3956390197368,837.2308898689354,0.629742580671226,1.5879504271953888,1014.6180332084696,606.0548075201981,0.5547140592896929,1.8027305838984726,10.333304611055127,1.006768201286414,9.995281196153054e-05,-0.0009212516933968403,1.0149271017298602,-12.841712874989298,51.427652844228305,1.021796424727102,1.0067477137506817,1.0149478471824445,1.0081451721417005,1.0081451721417005,-0.028941405321151,1.0108394653589174,0.0004127100116131447,0.7156865935620476,5.065115762576935,1.984107326438932,1|1|1|1|1|0.18213266877066051|1|1|1|1|1,0.52773426835891679|0.47326317455330541|0.89209764619150922|1.9722075116644502|1.984107326438932|16.471509588307576|0.36308854033122212|0.54504754479626205|0.54800169286926337|0.71568659356204756|0.72987610676506598
spacecraft:8,spacecraft,7,8,condor|helicopter|jammer|jet_plane|large_launcher|large_tower|small_launcher|small_plane|small_tower|ta-ta|tank,11,0,1,,1080.5059899023586,675.9846667587793,842.9341163589822,0.6431117241214829,1.5549397756137027,1080.5059899023586,675.9846667587793,0.6431117241214829,1.5549397756137027,11.0,1.0069850038580301,0.0002868275086348048,0.0002837319821534931,1.0133124388824006,-13.601884520232943,51.204699865818384,1.0203903487952466,1.006972167731048,1.0133252750117543,1.006309119044493,1.006309119044493,-8.778935170534583e-05,1.0101437268009175,0.0002852748979039883,0.7377361177120009,0.7726540807033141,0.9327193648233183,1|1|1|1|1|1|1|1|1|1|1,0.65323887027815253|0.9327193648233183|0.90067297466218466|0.12341482477886141|0.73773611771200087|1.2830693463985672|0.41936364586555031|0.92156377892244334|0.91851675400987631|0.38293167394862526|0.48767946833118053
spacecraft:9,spacecraft,8,9,condor|helicopter|jammer|jet_plane|large_launcher|large_tower|small_launcher|small_tower|ta-ta|tank,10,1,1,,1088.5237480183885,628.567816771714,888.6993021932904,0.5002586463996834,1.9989659493082428,1069.7507187376125,553.7410195117628,0.36602052875879343,2.732087195740317,9.22504667731265,1.007120758858339,5.360518867954255e-05,0.0001544538478304164,1.0115847678724943,-13.693840383572933,52.5596068910005,1.0187880107897556,1.0071183371232588,1.0115871921266275,1.0044372690265313,1.0044372690265313,0.002862330566582703,1.0093502914200578,0.00010414102258110904,0.8646984059860677,8.036211161274752,4.283280254045994,0.11899345374871005|1|1|1|1|1|1|1|1|1,25.21147092961424|1.1469555508706812|1.9579257345384204|0.88208475594064173|0.13616194136710616|0.82942934479526143|0.84731205603149373|1.5687284935234522|0.082555831340590913|0.60780155694108606
spacecraft:10,spacecraft,9,10,condor|helicopter|jammer|jet_plane|large_launcher|large_tower|small_launcher|small_tower|ta-ta|tank,10,1,1,,1095.7434291384093,632.1439714521739,895.0126601655828,0.498854212640878,2.0045936761887058,1077.551323191948,555.7675034388213,0.3624304872425837,2.7591497823710256,9.156905573688999,1.0069438569511961,0.00014322069670056524,-0.00024202182018032,1.0115779243677947,-13.570597951789296,53.69367564765753,1.0186022114321263,1.0069433487673318,1.0115784693141547,1.004603159207017,1.004603159207017,-0.01093511610454219,1.009258248136782,4.984277547935413e-05,0.8912652335553437,11.695533377200308,5.962423131029006,0.081459832000941299|1|1|1|1|1|1|1|1|1,36.827966941612814|1.1496125339917969|2.5329182631863736|0.74321918857763902|0.3063108341982072|0.96167314163904538|0.053822127924650361|0.64274335542747663|1.0759822959956464|0.82085732547164203
spacecraft:11,spacecraft,10,11,helicopter|jammer|jet_plane|large_launcher|large_tower|small_launcher|small_tower|ta-ta|tank,9,0,1,,1084.1499116193283,552.7976531110742,932.6284284639227,0.3513298757611952,2.846327821775443,1084.1499116193283,552.7976531110742,0.3513298757611952,2.846327821775443,9.0,1.007084301352621,0.0002374436119044109,0.000298769883952408,1.0131517476081533,-13.718386532880686,51.39352809624097,1.0203291489631436,1.0070724778284041,1.01316357206318,1.0060483176423511,1.0060483176423511,0.0017392703007897516,1.01011343371086,0.00026819883948392127,0.42651533004191405,0.7051452101826196,1.0492293308774945,1|1|1|1|1|1|1|1|1,0.13860269652835058|0.96983238017417039|0.42651533004191405|0.85366338608104464|1.3668171336907906|0.63889522067588977|0.32415677620574984|0.37558316520434076|0.28654727511852862
spacecraft:12,spacecraft,11,12,helicopter|jammer|jet_plane|large_launcher|large_tower|small_launcher|small_tower|ta-ta|tank,9,1,1,,1093.5557841676025,560.0561775076375,939.2557325467615,0.35554573644267856,2.8125776728621266,1092.5141897137962,556.6729600691947,0.3506664232625743,2.85171300604168,8.99683160008186,1.0069804895894283,-0.0001699270908974443,0.0008031484336130795,1.0104674755848533,-13.09146064665947,52.2827302250073,1.0175211697553062,1.0069520925442605,1.0104961073017296,1.00351954654418,1.00351954654418,0.027635466857559188,1.0087225434951408,0.0003174515732772535,0.8647055660074838,1.562076888283318,2.4707810641478876,1|0.94068005207906347|1|1|1|1|1|1|1,1.7566185868984159|3.1891821755084284|1.1567569789822052|0.5949283374404023|0.86470556600748383|0.28308300286174864|2.291180786307752|0.43663769090762877|0.86262739904795405
spacecraft:13,spacecraft,12,13,helicopter|jet_plane|large_launcher|large_tower|small_launcher|small_tower|ta-ta|tank,8,0,1,,1071.6914547661327,468.2871343861985,963.9656290486256,0.2359942134984231,4.23739203252406,1071.6914547661327,468.2871343861985,0.2359942134984231,4.23739203252406,8.0,1.007143900048779,0.0005064679025258825,0.0005359018558960607,1.0125461165044205,-14.15469921289332,51.223096876730665,1.0197793733384184,1.0070940777528123,1.012595939014865,1.005463105566393,1.005463105566393,0.0008350000686028266,1.0098412614556895,0.0005212242437575844,0.6125177794626002,0.6473989869290158,0.9498057683735007,1|1|1|1|1|1|1|1,0.67641749757190905|0.5486180613532915|0.69313891472626077|0.94794192357625529|0.95415473956707353|0.074838594253273924|0.53430767061430906|0.11810572916876255
spacecraft:14,spacecraft,13,14,helicopter|jet_plane|large_launcher|large_tower|small_launcher|small_tower|ta-ta|tank,8,0,1,,1080.4851485559623,474.1413814001723,970.8955179080477,0.23849030498515258,4.1930425644021705,1080.4851485559623,474.1413814001723,0.23849030498515258,4.1930425644021705,8.0,1.0071827042916452,0.0004937653862975737,0.00032980523424742334,1.0130412839426122,-14.154877261267302,51.667082270154424,1.0203174970739917,1.0071539058253558,1.013070089062355,1.005874160049204,1.005874160049204,-0.004650090660680809,1.0101076660802013,0.00041154756953374824,0.44159641638617453,0.5337171552754021,0.7865407392776587,1|1|1|1|1|1|1|1,0.33710380873417639|0.53312588902522784|0.78202184497502192|0.79708482598381125|0.35659322464302878|0.43006773970249818|0.34150856339869945|0.45312509306985088
spacecraft:15,spacecraft,14,15,helicopter|jet_plane|large_launcher|large_tower|medium_launcher|small_launcher|small_tower|ta-ta|tank,9,1,1,,1179.6609342319878,550.2547511424232,1043.4652023897472,0.27808122043556754,3.5960716744326278,1118.7390906068256,510.3126238660541,0.26274209268896587,3.8060136834785743,8.444670767152683,1.0071824832688845,0.0002654482361728998,-0.00013179386741875185,1.014551582892898,-14.236700809962258,50.726545454593634,1.021838617646896,1.0071818968049306,1.0145522083830742,1.0073177562082125,1.0073177562082125,-0.011257808862572261,1.0108603353811525,6.610322125928815e-05,0.7452785301713105,4.131967804918489,4.6552507968470005,1|1|1|1|0.25184753962061324|1|1|1|1,1.0675086604620039|0.95304091506219024|0.73730975862881876|2.8410713300641306|11.91196866397847|0.3741953780496613|0.29321762235808929|0.74527853017131052|0.56463392137400803
spacecraft:16,spacecraft,15,16,helicopter|jet_plane|large_launcher|large_tower|medium_launcher|small_launcher|small_tower|ta-ta|tank,9,0,1,,1190.8993333704668,559.4757812099463,1051.2982794914783,0.2832113638439225,3.5309317621559106,1190.8993333704668,559.4757812099463,0.2832113638439225,3.5309317621559106,9.0,1.0072484413067815,0.0008099956231561756,0.00037125988579048396,1.0132599393979729,-14.720830657947317,51.45407833056743,1.0206041938783297,1.0071909857302919,1.0133174426082774,1.0060827161529284,1.0060827161529284,-0.01244127760992571,1.0102495700955927,0.0005899750684269586,0.5793258384658739,0.7220786532022482,1.1875841042214272,1|1|1|1|1|1|1|1|1,0.57932583846587393|0.58759476851520798|1.2703302452150917|1.1668975689730112|0.52507504837901642|0.64037040496857545|0.50433195907440509|0.21811120723505109|0.22045870260473283
spacecraft:17,spacecraft,16,17,helicopter|jet_plane|large_launcher|large_tower|medium_launcher|small_launcher|small_tower|ta-ta|tank,9,0,1,,1201.1071564330005,566.9015779078287,1058.9055681221919,0.28661628833787245,3.488985241554619,1201.1071564330005,566.9015779078287,0.28661628833787245,3.488985241554619,9.0,1.007041823725891,0.000722006780823156,0.00044213487518036856,1.0131012376329105,-14.310497826574647,51.3002886620186,1.0202349987404253,1.0069864260032988,1.0131566547423183,1.0061274199727885,1.0061274199727885,-0.00793779371458769,1.0100668288486783,0.0005816510848898996,0.4017367447196874,0.5563735805645242,0.8141376324203918,1|1|1|1|1|1|1|1|1,0.3045761496751816|0.24900774168493425|0.82768761676216174|0.8107501363349493|0.39589898202981949|0.31219627486011581|0.4017367447196874|0.58171090341226595|0.73131900307436293
spacecraft:18,spacecraft,17,18,helicopter|jet_plane|large_launcher|large_tower|medium_launcher|small_launcher|small_tower|ta-ta|tank,9,1,1,,1211.1859457002167,574.3324156024993,1066.355321386791,0.29008333282212895,3.44728526893054,1236.3985443820802,522.4420665251125,0.2173592136054823,4.600679140360939,8.187293942209584,1.007361862896466,0.0007529152734625906,0.0001265481151031223,1.0119240254667479,-15.132603854731315,53.384401727221984,1.0193735761238654,1.0073199138085387,1.0119660717018424,1.0046123955553874,1.0046123955553874,-0.01777271542151051,1.0096403201753907,0.00043902409905787105,0.7632449851971689,10.254801642251815,8.009685467599942,0.097957393880945848|1|1|1|1|1|1|1|1,30.625559553432996|1.0279570052271227|0.36949875989322395|0.77527046841148517|0.76324498519716888|0.29966029286457435|2.3557169461416723|0.53985318474627908|0.46503796531746849
spacecraft:19,spacecraft,18,19,jet_plane|large_launcher|large_tower|medium_launcher|small_launcher|small_tower|ta-ta|tank,8,1,1,,1249.2627044330989,521.2502285616664,1135.3217622823543,0.21079222669129313,4.744007953692277,1270.1252349622428,434.6535118324066,0.13264369390338396,7.53899390594767,7.410137507167209,1.0074010927476569,0.0006353489436103172,-0.00013934549307345785,1.0098418051873705,-14.896982083032071,55.9498101352267,1.0173158265810354,1.0073762225144463,1.0098668241759563,1.0024723649475202,1.0024723649475202,-0.022003656325956508,1.0086207545857042,0.00024753304596503574,1.1024880619417456,4.82371637280394,5.816144272291366,1|1|1|1|1|0.22910092377329586|1|1,0.41788342756812435|2.6967779599720645|1.3395504972235082|2.0040992793178791|0.67354977097586588|13.094665667703074|0.86542562665998335|0.46364859912438555
spacecraft:20,spacecraft,19,20,hangar|jet_plane|large_launcher|large_tower|medium_launcher|small_launcher|ta-ta|tank,8,3,1,,1444.370662044546,545.400077946583,1337.4398544797673,0.16629602566829738,6.013372815022359,1295.9367200174097,419.845652832103,0.11726485410619007,8.527704294881419,6.905687093390739,1.006419558923229,-0.0012434495050277674,0.003044435602804656,1.0208287546058574,-11.31016582346956,37.04383004648582,1.0273858105485196,1.006365768650732,1.0208870795813831,1.0144294563497727,1.0144294563497727,0.12118759784371494,1.0136004195680464,0.0009157296309211247,1.7462785733550465,5.7516306771412085,10.135032130374896,0.25222156294068138|1|0.31946171232896081|1|1|1|1|0.61742287807873042,11.94488661767843|1.4793071065776711|9.3593802072448113|1.3601496036646767|2.013250040132422|1.3700967442267047|0.96869393739194321|4.8440338747784777
spacecraft:21,spacecraft,20,21,hangar|jet_plane|large_launcher|large_tower|medium_launcher|medium_plane|small_launcher|ta-ta|tank,9,4,1,,1486.5079532453665,588.9585790710266,1364.8566544514358,0.1862067506319759,5.370374578827312,1393.4446057997625,577.1276089053125,0.20705823488998934,4.829559184310168,8.134366437302601,1.0053585360356427,9.195434006800229e-05,0.0018225018862815642,1.0176532198158719,-11.562523910055006,43.09128165735922,1.023106183679085,1.0052848255127105,1.0177276705209244,1.0123774324374863,1.0123774324374863,0.04901259034825883,1.01148711493478,0.0009624863895924409,2.481206254735377,6.534687020939051,7.2153129348715,0.16613806375197493|1|0.66595248911539928|0.67205624836145161|1|1|1|1|1,18.057272625719918|1.453490212602109|4.5048230121593935|4.4639134188055092|2.7329814571733229|0.48652707281730834|0.96624190267643084|1.0609543650052788|2.481206254735377
spacecraft:22,spacecraft,21,22,hangar|jet_plane|large_launcher|large_tower|medium_launcher|medium_plane|small_launcher|ta-ta|tank,9,3,1,,1498.951178592041,600.6494224153108,1373.3444240810907,0.1912860020984678,5.227774060985563,1457.8880097478882,605.4410828490369,0.20840489868809073,4.798351700439875,8.616514901587204,1.0053274081832542,2.3371100420186913e-05,0.00068013593938515,1.0139487641888127,-11.667383089471969,49.9926380360846,1.0193504672370275,1.0053131337642858,1.0139631454133902,1.0086042958741774,1.0086042958741774,0.01863531724547275,1.0096288759920784,0.0003531555391331667,2.1910284843131733,3.060694508623736,5.27385125793599,0.50482777296618586|1|1|0.58746825820268245|1|1|1|1|1,5.9426207524403587|2.0211834502218933|2.1910284843131733|5.1066588843098986|2.2043156354236251|2.2362285404608464|1.1900823943931214|0.61917537494092323|1.5403776788159473
spacecraft:23,spacecraft,22,23,hangar|jet_plane|large_launcher|large_tower|medium_launcher|medium_plane|small_launcher|ta-ta|tank,9,2,1,,1509.7876373439224,609.1926872225495,1381.4278771297154,0.19447014195614407,5.142177559707417,1502.2444686669644,619.1199826699278,0.2046032037000012,4.887509002382226,8.83920927230919,1.0054891448186916,9.32728610696867e-05,0.00038416800323263063,1.0131563432475494,-12.187128205945783,52.1886446799565,1.0187176693071625,1.0054817298603551,1.0131637791654808,1.007640167968236,1.007640167968236,0.008256558127693794,1.0093154458875393,0.00023927286712797813,1.2914713501016202,2.18073569472387,2.935348395154496,1|1|1|0.59037097837994956|1|1|1|1|1,0.091696213973445989|2.1465530336299987|1.7256632671318419|5.0815506010006937|2.3987978436929458|0.24160963066242497|1.2914713501016202|0.83768153488740849|1.0963987767796657
spacecraft:24,spacecraft,23,24,hangar|jet_plane|large_launcher|large_tower|medium_plane|small_launcher|ta-ta|tank,8,1,1,,1437.9243721420123,541.0315176346469,1332.2580068912894,0.1649181494811604,6.063613999708601,1437.9243721420123,541.0315176346469,0.1649181494811604,6.063613999708601,8.0,1.006575935318905,-0.0014348231665658494,0.0002085701456491822,1.0133091447731513,-11.640119963024972,52.624381732506436,1.019972899428511,1.0065208936743113,1.013364854956059,1.0067996216718003,1.0067996216718003,0.04661625605410859,1.0099370769649518,0.0006103872141413374,1.0326313045926263,1.5190115940305344,2.263311964132737,1|1|1|1|1|1|1|1,1.0292306556779134|1.4582185912404586|2.9684931828633401|1.9610914418196219|0.64260729050488219|1.0360319535073392|0.94230186801683524|0.49130643300940213
ta-ta:1,ta-ta,0,1,condor|helicopter|jammer|large_launcher|mine_roller|small_launcher|small_plane|small_tower|spacecraft|tank,10,1,1,,927.6121711146312,582.1457106808489,722.1985264010787,0.6497558642933714,1.5390395915664867,860.1161823730831,566.1649737487456,0.7645494868923145,1.3079598078925248,9.50333804818853,1.006710161908235,0.00032161076720284645,0.0018617510209355968,1.0155764412488903,-13.229546335107443,44.4185655216985,1.0223905248406853,1.0065780176869654,1.0157091719428324,1.0090714818875637,1.0090714818875637,0.04363551595438546,1.0111332873764394,0.0010950567828404922,0.5522383259407951,3.446694018308839,3.33120350221957,1|1|1|1|1|1|1|1|1|0.29192873222583254,1.168231229111319|0.13263601405457828|0.6024160395296545|0.39356530264287537|0.13659432994831838|2.5595060291097744|0.50206061235193578|0.29463726391518885|2.0933655664338531|10.276480760207757
ta-ta:2,ta-ta,1,2,condor|helicopter|jammer|large_launcher|small_launcher|small_plane|small_tower|spacecraft|tank,9,0,1,,905.4282153138479,489.2833708353862,761.8412144997025,0.41246963670284065,2.4244208809979373,905.4282153138479,489.2833708353862,0.41246963670284065,2.4244208809979373,9.0,1.006834406189432,1.7199556505627824e-05,3.328654318154282e-05,1.0132982169474216,-12.903498074190338,51.17491926527987,1.0202235079805537,1.006834307641554,1.0132983155593527,1.0064201307690241,1.0064201307690241,0.000456265312008303,1.010061140714043,2.52687865781713e-05,0.5294448693803178,0.5578625628670063,0.7678907830506612,1|1|1|1|1|1|1|1|1,0.7932900466386309|0.52090380747242382|0.65481289600910475|0.26516798333502378|0.14842170262013193|0.52944486938031776|0.20243314014431821|0.69129385657047715|0.7615409671536687
ta-ta:3,ta-ta,2,3,condor|helicopter|jammer|large_launcher|small_launcher|small_plane|small_tower|spacecraft|tank,9,0,1,,913.5178037552294,495.54140692020854,767.4330536309458,0.4169451228139274,2.3983971637588284,913.5178037552294,495.54140692020854,0.4169451228139274,2.3983971637588284,9.0,1.0069498947586377,0.00013458436761291337,-0.00019220105224570188,1.013392404940229,-13.490857543065431,51.50712418664227,1.0204354013710235,1.0069497791559532,1.013392546971284,1.0063983010361561,1.0063983010361561,-0.009267451957926914,1.0101660266367225,2.9329372055934746e-05,0.25922371160283825,0.46135428923914884,0.7215707276149339,1|1|1|1|1|1|1|1|1,0.70331612565432133|0.23491232660686398|0.1669551912059079|0.25922371160283825|0.22162211084438158|0.021388775022142606|0.79458913545738385|0.61687429837241525|0.45742982585069242
ta-ta:4,ta-ta,3,4,condor|helicopter|jammer|jet_plane|large_launcher|small_launcher|small_plane|small_tower|spacecraft|tank,10,1,1,,923.2718898027817,557.8440263589208,735.6908486284627,0.5749563383241557,1.7392625028097493,922.682193724182,512.0182435667905,0.44496213973380644,2.2473822168291413,9.257162877070332,1.0066821604983405,0.00011319469811749024,-0.0003743378826786666,1.014720370636593,-12.756877611298478,50.50006225386153,1.0215009373871857,1.0066800694669311,1.014722520460848,1.0079890833620813,1.0079890833620813,-0.01381889964163742,1.0106932954102277,0.00013154093752628166,0.7192782992474921,6.963296036741798,3.6974440741435357,1|1|1|0.13721890205938744|1|1|1|1|1|1,0.63561116726678979|0.22682166831345157|0.78641830267139823|21.86287716178963|1.2372017511303692|0.82075814112888135|0.43100363798334668|0.65213829582358596|0.42544554972094806|1.679062619960644
ta-ta:5,ta-ta,4,5,condor|helicopter|jammer|jet_plane|large_launcher|small_launcher|small_plane|small_tower|spacecraft|tank,10,0,1,,934.2010677578998,568.3197251966092,741.4474525901688,0.5875227726552441,1.7020616843166967,934.2010677578998,568.3197251966092,0.5875227726552441,1.7020616843166967,10.0,1.0070203792134316,0.0002965099733203769,-7.2452326228228e-05,1.0134002474044308,-13.78527924478567,51.43629868707637,1.0205147229190326,1.007018429467331,1.0134022308398472,1.0063393093767836,1.0063393093767836,-0.010463159032368061,1.0102052875129057,0.00011144628684142029,0.38391146478355465,0.47412736856771925,0.7089902513489205,1|1|1|1|1|1|1|1|1|1,0.57316099219797667|0.69924376834846647|0.20700809415231458|0.796708598353007|0.29770912621863538|0.081486535257292617|0.37484844348905727|0.30652508348034091|0.39297448607805208|0.51840775033227504
ta-ta:6,ta-ta,5,6,condor|helicopter|jammer|jet_plane|large_launcher|small_launcher|small_plane|small_tower|spacecraft|tank,10,0,1,,943.1815374041204,575.4280801394448,747.311138072378,0.5928969168016267,1.6866338340811156,943.1815374041204,575.4280801394448,0.5928969168016267,1.6866338340811156,10.0,1.0071065522799447,5.050645193927358e-05,0.0001844994516245884,1.0134109520458037,-13.547033629190082,51.01890656314822,1.020612800639173,1.007104365212796,1.0134131435559044,1.0062642746482142,1.0062642746482142,0.003799637141759551,1.0102538298067338,0.00011771199337352036,0.5704985324777458,0.7001380237911571,1.000959118301015,1|1|1|1|1|1|1|1|1|1,0.98610726001041393|0.28015360413366075|0.83104450156865739|0.33550101216109945|0.43803961883549275|0.34088190274323682|0.702957446119999|0.29438272322376313|1.1346258429164247|0.93358326848199891
ta-ta:7,ta-ta,6,7,condor|helicopter|jammer|jet_plane|large_launcher|large_tower|small_launcher|small_plane|small_tower|spacecraft|tank,11,1,1,,1028.1704062544889,650.2234687830502,796.457045258097,0.6665006306247462,1.5003736741593883,969.626772729572,607.7618834350417,0.6471154345744163,1.545319345778953,10.333567327173729,1.0069219833852239,0.00013722994038407443,-0.0009938420764689707,1.0148823264265787,-13.319409725356763,51.661308599305585,1.0219074614129497,1.0068991629094743,1.0149054632840377,1.0079514420802862,1.0079514420802862,-0.03205337223577666,1.010894386873797,0.00043053265564778283,0.567285405602855,5.058125171555398,2.0498607992672953,1|1|1|1|1|0.18229146966173979|1|1|1|1|1,0.55645756860637074|0.50655407126441487|0.86519180468597223|1.8902206482361659|2.0498607992672953|16.457160642605437|0.5262707756429631|0.50520759991089204|0.56728540560285501|0.5144310685821506|0.62006962087111173
ta-ta:8,ta-ta,7,8,condor|helicopter|jammer|jet_plane|large_launcher|large_tower|small_launcher|small_plane|small_tower|spacecraft|tank,11,0,1,,1039.822342581766,660.8368253694422,802.8232647151357,0.6775612708090801,1.4758812864346478,1039.822342581766,660.8368253694422,0.6775612708090801,1.4758812864346478,11.0,1.006953167437094,0.00027697991122711715,0.0003314139263612968,1.0132840234187344,-13.498607854196052,51.06289733276958,1.020329465099897,1.0069385847678018,1.0132986068213714,1.0063161965881326,1.0063161965881326,0.0015437985908296713,1.010113590196616,0.0003042822091416963,0.8681527716270021,0.8264873205227864,1.0197690195458096,1|1|1|1|1|1|1|1|1|1|1,0.68891012584792177|0.87734529443009479|0.99120647220006375|0.155853822104009|0.74955291354177656|1.2614698673658453|0.36584323971069338|1.0197690195458096|0.86815277162700211|0.97895296922294928|0.47311469297798298
ta-ta:9,ta-ta,8,9,condor|helicopter|jammer|jet_plane|large_launcher|large_tower|small_launcher|small_tower|spacecraft|tank,10,1,1,,1046.3042399321528,624.1100179973151,839.7852391745112,0.5523137229031438,1.8105651888272274,1029.2275598572367,547.2468914431638,0.3941395805816932,2.537172233562902,9.224185079910379,1.0071502362512366,4.6383984159998274e-05,5.704205242931255e-05,1.0116304151797217,-13.781791917885585,52.84091367064366,1.0188638090013555,1.0071496394409123,1.0116310120181802,1.004449559828821,1.004449559828821,0.000302490678794345,1.0093878387425497,5.172484475285377e-05,0.9706465583078743,8.068634821808907,4.0885582541354335,0.11850945636497136|1|1|1|1|1|1|1|1|1,25.314435590363438|1.0329427392597192|1.7301274389989985|0.95974182253871976|0.16713575564816122|0.88005604787212233|0.9815512940770289|1.4986325790489001|0.72290071817780144|0.83201718027415961
ta-ta:10,ta-ta,9,10,condor|helicopter|jammer|jet_plane|large_launcher|large_tower|small_launcher|small_tower|spacecraft|tank,10,1,1,,1053.293445579151,627.5576096838149,845.9305698625253,0.5503484670476292,1.8170305903903905,1036.9742003563533,549.2608767302273,0.38996457977411486,2.5643354598493158,9.157588925718315,1.0068820898407538,8.98110916870207e-05,-0.00038495786072639837,1.0114463100237632,-13.35244357275451,54.202123697810634,1.0184072089719314,1.0068773512980174,1.0114511044061625,1.0045425126528558,1.0045425126528558,-0.013477616782897458,1.009161636692523,0.00014811019842326376,0.9308914371592543,11.642375806735581,5.9113289879469,0.081829085599659235|1|1|1|1|1|1|1|1|1,36.661780808321396|1.1682831309650994|2.4946121190164146|0.8967452339833254|0.43672322644930178|0.96503764033518324|0.11526699096562798|0.70878105757068699|0.58575594835422939|0.99501416095946049
ta-ta:11,ta-ta,10,11,helicopter|jammer|jet_plane|large_launcher|large_tower|small_launcher|small_tower|spacecraft|tank,9,0,1,,1043.529262161658,546.043843795432,889.2634264607783,0.377045852721866,2.6521973197187405,1043.529262161658,546.043843795432,0.377045852721866,2.6521973197187405,9.0,1.0071211623609395,0.00022049274231877663,0.00025167089084462567,1.013098204563967,-13.823609251769085,51.569633626022096,1.0203125858746385,1.007111852200178,1.0131075149653153,1.0059533236075406,1.0059533236075406,0.0008842486873789838,1.0101052350496154,0.00023612793855215373,0.4845219487957779,0.7034657509064621,1.0363282107983904,1|1|1|1|1|1|1|1|1,0.11182438219448305|0.95282697023723084|0.48452194879577792|0.80269526080164144|1.3703331730430279|0.67612198508933918|0.33530364194517509|0.37658258722835075|0.25517545899635813
ta-ta:12,ta-ta,11,12,helicopter|jammer|jet_plane|large_launcher|large_tower|small_launcher|small_tower|spacecraft|tank,9,1,1,,1052.7527203115917,553.1017539495923,895.74926173642,0.3812739673876952,2.6227859375018867,1047.1631720277037,544.1130874381688,0.3698465178975925,2.7038242936138497,8.950321167165034,1.0069378963757927,-0.00013657056879884326,0.0006625829156312406,1.0108383484560002,-12.98763885258586,52.425318961159974,1.017851530659591,1.006920320994481,1.0108560820922887,1.0039087115591436,1.0039087115591436,0.022692367185993764,1.0088862823230331,0.00026377855251182573,1.152536150553048,1.6782383465746558,2.342596466475698,1|0.7690209989489396|1|1|1|1|1|1|1,1.3297875277843043|3.9010638326954141|1.152536150553048|0.62869476675927927|0.61513454823177638|0.21978099390941647|1.9529796249207687|1.42657694702447|0.60181354959505118
ta-ta:13,ta-ta,12,13,helicopter|jet_plane|large_launcher|large_tower|small_launcher|small_tower|spacecraft|tank,8,0,1,,1025.1337069804601,490.7294314335016,900.0465223045153,0.29727219828856205,3.3639203590417837,1025.1337069804601,490.7294314335016,0.29727219828856205,3.3639203590417837,8.0,1.0072856360172684,0.00034382870256308666,0.0006189588059642756,1.0125835098618563,-14.446463976014911,50.94537630404602,1.0199606119359947,1.007242258634677,1.0126269059824373,1.0053459307347363,1.0053459307347363,0.007804363800771318,1.0099309936505536,0.0004817545663804853,0.6205723808060446,0.6570424823371148,0.9029532014532108,1|1|1|1|1|1|1|1,0.6336993947131806|0.52360860959413613|0.72950726724973602|1.0010409016111641|0.86091561567123087|0.18115714516140774|0.6074453668989086|0.31725457897335513
ta-ta:14,ta-ta,13,14,helicopter|jet_plane|large_launcher|large_tower|small_launcher|small_tower|spacecraft|tank,8,0,1,,1033.8384182259817,496.9147838831095,906.5856675231539,0.30043196462178556,3.3285406273560207,1033.8384182259817,496.9147838831095,0.30043196462178556,3.3285406273560207,8.0,1.0071681199597553,0.00040627911060518295,0.00026888347149237865,1.013112416436424,-14.035376495519358,51.78745558721539,1.0203744185284203,1.007149012223837,1.0131315288443576,1.0059400511224361,1.0059400511224361,-0.003896582722403962,1.0101358416215218,0.00033737915982217303,0.45262048480583245,0.548585432662995,0.776856461036223,1|1|1|1|1|1|1|1,0.26888365465897868|0.57403476662160846|0.74900087735070886|0.84185282296908914|0.43300411617056056|0.44447811039508689|0.460762859216578|0.3723965962782716
ta-ta:15,ta-ta,14,15,helicopter|jet_plane|large_launcher|large_tower|medium_launcher|small_launcher|small_tower|spacecraft|tank,9,1,1,,1139.1456350167778,557.009809450208,993.6764312159269,0.3142213637036208,3.1824697984037074,1073.6168943113917,528.4026549843253,0.3196649211224484,3.128275684703445,8.44110056950931,1.0071869633935528,0.0002659157614787302,-0.00018328416382671356,1.0143884546617705,-14.249859115470827,51.0327983719219,1.0216788760904152,1.007186751321159,1.0143887166409271,1.0071505759089077,1.0071505759089077,-0.012731288293348453,1.0107813196188458,4.0515701695101656e-05,0.8147252319323806,4.158653378053356,4.634538342143088,1|1|1|1|0.24950121485677462|1|1|1|1,0.96342225036317297|0.86902009098815625|0.81472523193238056|2.7871755403198804|12.023989549435912|0.3720806134084626|0.23713989847799904|0.75319493679037641|0.4424608569528225
ta-ta:16,ta-ta,15,16,helicopter|jet_plane|large_launcher|large_tower|medium_launcher|small_launcher|small_tower|spacecraft|tank,9,0,1,,1150.4051030982816,565.9137688300266,1001.5854968414645,0.3192452665091734,3.1323878688464917,1150.4051030982816,565.9137688300266,0.3192452665091734,3.1323878688464917,9.0,1.0073073413324465,0.00068593411008833,0.00040993426408919434,1.013242652945571,-14.820064763077426,51.34223483389019,1.020646481675343,1.007257190655322,1.0132928224729871,1.005992145674074,1.005992145674074,-0.007826396906010941,1.0102704992601452,0.0005475288108946662,0.5856355818150581,0.7803311569321499,1.170110728632427,1|1|1|1|1|1|1|1|1,0.58563558181505815|0.58413148658018743|1.2901510778837788|1.1401006413195891|0.64028847926426269|0.56445737825090403|0.55706492678712061|0.7946883157110034|0.40164686676606265
ta-ta:17,ta-ta,16,17,helicopter|jet_plane|large_launcher|large_tower|medium_launcher|small_launcher|small_tower|spacecraft|tank,9,0,1,,1160.560669633964,573.3184213642729,1009.0624636887514,0.3228164747627523,3.09773533316393,1160.560669633964,573.3184213642729,0.3228164747627523,3.09773533316393,9.0,1.0070354139452165,0.000652161630265558,0.00033791772955663095,1.0130889740228306,-14.234638487391749,51.646193784478555,1.0202162539414383,1.0069952106572715,1.0131292017521487,1.006091380604356,1.006091380604356,-0.008912742804533025,1.010057549816563,0.0004945688379869315,0.4307789996590163,0.5315869716801418,0.8299045526309276,1|1|1|1|1|1|1|1|1,0.21722130989015598|0.34117253630935412|0.82770125072881795|0.83871776023936606|0.39869429259251987|0.44615813138942484|0.31847832357228545|0.43077899965901628|0.58832689132492022
ta-ta:18,ta-ta,17,18,helicopter|jet_plane|large_launcher|large_tower|medium_launcher|small_launcher|small_tower|spacecraft|tank,9,1,1,,1170.5621605044896,580.7072157630757,1016.3635674135684,0.3264496950166764,3.063259103210116,1195.8234995843247,546.6708975630174,0.26420054944533206,3.7850034835257538,8.185463824111679,1.007322852493147,0.0007033644341191606,0.00010588502540757747,1.01215634218586,-14.964952298722892,53.26396226314705,1.0195681393039293,1.007289258536356,1.0121900245272297,1.0048653015500184,1.0048653015500184,-0.016951423692065686,1.0097366682971998,0.0004039096983904071,0.8244697598232154,10.354375770733693,7.841765190047759,0.096953350580931255|1|1|1|1|1|1|1|1,30.942716079685841|1.027115450075917|0.24216506567794915|0.82446975982321535|0.62239800478567797|0.15883149967048257|2.0665274676382328|0.92468269232195355|0.36695912122465169
ta-ta:19,ta-ta,18,19,jet_plane|large_launcher|large_tower|medium_launcher|small_launcher|small_tower|spacecraft|tank,8,1,1,,1208.6246364023655,548.4084029396154,1077.0430517411876,0.2592639148575703,3.8570735944852252,1232.8242427571595,481.77892290869517,0.1802460795439708,5.547970876981273,7.3739981172417615,1.0073712260465288,0.0003757137667207607,-0.0001229329167318035,1.0109534480267073,-14.59013530209404,55.029200536334656,1.018405460602219,1.0073668029888914,1.0109579326820932,1.0035648680128697,1.0035648680128697,-0.014155477667065309,1.00916077044355,0.0001259479098112369,1.4314098441801533,5.278210535511099,5.680130041578446,1|1|1|1|1|0.20639342585758891|1|1,0.46564473589912025|1.8578290038009853|1.4396817793918715|1.4231379089684348|0.079723234726728459|14.535346693019164|1.8850371909609978|0.52313325685488077
ta-ta:20,ta-ta,19,20,hangar|jet_plane|large_launcher|large_tower|medium_launcher|small_launcher|spacecraft|tank,8,3,1,,1433.2702921880261,617.2022323012782,1293.5706918877952,0.22765366252502164,4.392637434023663,1260.1008126257645,511.05693095475885,0.1968675161687026,5.079558169175385,6.847145001737458,1.0063338201854963,-0.0011390135437756418,0.003325672616379265,1.0191867619932387,-11.148614470772372,37.1968915984819,1.0256458956652943,1.006243940301259,1.0192815624392493,1.0129567211446628,1.0129567211446628,0.12629210573946262,1.012741771462644,0.0011074921799559003,1.744913462110679,5.717245762575603,9.277284915231004,0.24719016228382412|1|0.37244985813009607|1|1|1|1|0.47573667695345084,12.178442952204428|2.0586628052409188|8.0339314708138225|1.4311641189804394|1.2462230302096311|0.64042054641088242|0.91740273303029818|6.2885215978541424
ta-ta:21,ta-ta,20,21,hangar|jet_plane|large_launcher|large_tower|medium_launcher|medium_plane|small_launcher|spacecraft|tank,9,4,1,,1487.5364193072492,654.4570257709623,1335.8332980519904,0.24002569672519902,4.166220590726509,1396.9498497919897,658.8431740418179,0.2860655632336378,3.4957021344903088,8.182216322236044,1.0052214392050798,0.00018492577849927425,0.0019444244557958361,1.0168631078132266,-11.296995524323393,43.228951341441416,1.0221722371363557,1.0051252543743674,1.0169600581497666,1.0117744566897444,1.0117744566897444,0.04985539451035168,1.011025339512495,0.0010697396587771083,2.3760109117594754,6.5596074158001345,7.342538103513272,0.16472418951257625|1|0.79362211064045707|0.64863389979187092|1|1|1|1|0.93158508909095794,18.212263708253101|1.6100287127694628|3.7801337671122606|4.6251067023283126|2.3760109117594754|0.26395001938767826|0.85354610526165697|0.69440605201194761|3.2203170217058372
ta-ta:22,ta-ta,21,22,hangar|jet_plane|large_launcher|large_tower|medium_launcher|medium_plane|small_launcher|spacecraft|tank,9,4,1,,1500.5379179513848,666.5747983176238,1344.3556380131322,0.24584955929968275,4.06752813732333,1475.822757265596,595.7348758460489,0.1946628107193111,5.137088056546782,7.930594476541906,1.0052378935315076,0.00023384019026524927,0.0010696847269258177,1.012285253492967,-11.58710994011517,50.28738208656364,1.0175872457389983,1.005178209942805,1.0123451102236878,1.0071299797488553,1.0071299797488553,0.023737205498936334,1.0087552952718506,0.0006532222364250763,2.2605894662559938,6.696063521977201,8.515251320518445,0.48069027324463875|1|1|0.58501867265111274|1|1|1|0.17033689007474459|1,6.2410249754133478|2.0125223154858447|2.0929949371232679|5.1280414459422783|2.2605894662559938|1.8038640130334509|1.5907319405081424|17.612156700938819|2.9622023299489006
ta-ta:23,ta-ta,22,23,hangar|jet_plane|large_launcher|large_tower|medium_launcher|medium_plane|small_launcher|tank,8,2,1,,1535.1796057383644,561.4871992427826,1428.813685181345,0.15442887828353064,6.475472794434245,1535.1709985662824,571.7831443493669,0.16106695451948133,6.208598175729759,7.831860905923209,1.0053640252072185,0.00041301088577553864,0.0003808706652771916,1.0131614744965929,-12.128702388910824,52.189601456982246,1.0185959408810443,1.0053438705693032,1.0131816293903861,1.0077960974851765,1.0077960974851765,-0.0009122990952008064,1.0092551416173436,0.0003968786975534372,1.6838131287213265,2.2932993985216177,3.0353679532845854,1|1|1|0.58020817080932086|1|1|1|1,0.12479684271528521|2.0254502828644956|1.906411809804734|5.1705580013025081|2.120286504134048|0.25845265046963017|0.94293033795686387|1.461214447637919
ta-ta:24,ta-ta,23,24,hangar|jet_plane|large_launcher|large_tower|medium_plane|small_launcher|tank,7,1,1,,1483.7228617946967,470.7290608728699,1407.070603012511,0.11192065469494038,8.934901272027735,1483.7228617946967,470.7290608728699,0.11192065469494038,8.934901272027735,7.0,1.006777858636791,-0.0019017623943962975,0.00032467872214759775,1.0130406485458592,-11.631538544568684,52.62931616153469,1.0199075123168102,1.0066807136007465,1.0131390206818938,1.0064154473150149,1.0064154473150149,0.06315697533818589,1.009904704572075,0.000785089629979261,1.3430881657395335,1.5533151506969507,2.1257006952635864,1|1|1|1|1|1|1,1.0061288748633008|1.5095977853446834|2.8296568980626824|1.6563965600641881|0.69652612157840532|1.3430881657395335|0.74745751143776329
tank:1,tank,0,1,condor|helicopter|jammer|large_launcher|mine_roller|small_launcher|small_plane|small_tower|spacecraft|ta-ta,10,0,1,,877.1157007487667,563.5950927527974,672.0807421173186,0.703220469125586,1.4220291415058526,877.1157007487667,563.5950927527974,0.703220469125586,1.4220291415058526,10.0,1.0066494007646285,0.0002846980981483758,0.00026596675722920124,1.0139919617167261,-13.031011306496566,50.00342838146764,1.0207343249220626,1.0066390908289233,1.0140022717392512,1.0073146184937687,1.0073146184937687,-0.0005311317481595782,1.0103139734370017,0.0002752983949151365,0.41618075443275376,0.5559919181762024,0.7755327224697547,1|1|1|1|1|1|1|1|1|1,0.39936857952680788|0.61719805077221146|0.75873433498187837|0.30227790336034055|0.92671820986064268|0.21641582802661363|0.40075894698777098|0.33533174330243082|0.43160256187773655|0.72028701116829597
tank:2,tank,1,2,condor|helicopter|jammer|large_launcher|small_launcher|small_plane|small_tower|spacecraft|ta-ta,9,0,1,,849.4349283675967,461.33314997074416,713.2400873961972,0.4183674003478843,2.390243597298623,849.4349283675967,461.33314997074416,0.4183674003478843,2.390243597298623,9.0,1.006923263730207,0.0001463364418080185,0.0003082116373354091,1.0137043331682751,-13.253068025012453,50.088434251476656,1.0207224305086584,1.006915658202515,1.0137119451799868,1.0067496089887054,1.0067496089887054,0.0045900419780313005,1.0103080869262893,0.00022754565913982018,0.4228615334780044,0.40544932647198517,0.5386122618966018,1|1|1|1|1|1|1|1|1,0.56425638946333012|0.47277057943018419|0.53220123000491981|0.30552199701918009|0.46870041232754472|0.42286153347800443|0.2020929715643783|0.30227563428251553|0.17412407092357343
tank:3,tank,2,3,condor|helicopter|jammer|large_launcher|small_launcher|small_plane|small_tower|spacecraft|ta-ta,9,0,1,,857.0723027252517,467.58348299939524,718.2886735323896,0.42376031900640865,2.3598245403078355,857.0723027252517,467.58348299939524,0.42376031900640865,2.3598245403078355,9.0,1.0068448375488512,3.93595229818438e-05,-2.94922035737471e-05,1.0136261278436811,-13.114040302138164,50.85373189472796,1.0205642351848412,1.0068448345459846,1.01362613201968,1.006735196170275,1.006735196170275,-0.0019524721759764357,1.0102297932573763,4.818116455871226e-06,0.5355085214509924,0.4706468280050627,0.6075860520206738,1|1|1|1|1|1|1|1|1,0.56209891517910893|0.21535419959876273|0.25508701272144435|0.19702732581667895|0.53550852145099237|0.057190356028776528|0.78953459938693327|0.55095915290672404|0.5571294035706249
tank:4,tank,3,4,condor|helicopter|jammer|jet_plane|large_launcher|small_launcher|small_plane|small_tower|spacecraft|ta-ta,10,1,1,,875.5789356191707,543.7601581700475,686.2677049715255,0.627809152288837,1.5928407484252936,867.2010815450328,486.86286599308505,0.4602609855121999,2.172680351968467,9.26622083465599,1.006881756355447,0.000349980307957427,2.23777096171709e-05,1.0153633143690488,-13.52370726700292,48.80568612376646,1.022350789479038,1.0068776847679997,1.0153674124922172,1.0084317368958016,1.0084317368958016,-0.009281884945572036,1.0111136382618118,0.0001854920024674943,0.7185918419653621,6.711480074620306,3.450679395801882,1|1|1|0.14242607474400129|1|1|1|1|1|1,0.6505578126366649|0.15313059825150177|0.59600543907908499|21.063558799835238|1.1535634330083495|1.4936927953537389|0.67687151392709233|0.64410434795499183|0.76031217000363183|0.97535371065079668
tank:5,tank,4,5,condor|helicopter|jammer|jet_plane|large_launcher|small_launcher|small_plane|small_tower|spacecraft|ta-ta,10,0,1,,886.4388881925252,555.0317721523027,691.1683111959593,0.6448638806059892,1.5507148563822235,886.4388881925252,555.0317721523027,0.6448638806059892,1.5507148563822235,10.0,1.0070490973412025,0.00035380157473525683,-0.00011153867148089462,1.0133704698357913,-13.90793622506817,51.566452514621346,1.0205138563829215,1.0070468038409952,1.0133728169242595,1.0062817468454655,1.0062817468454655,-0.01319628462694692,1.010204858621716,0.00012040348353943559,0.40447912986852474,0.46681939980419235,0.7100621239775737,1|1|1|1|1|1|1|1|1|1,0.5646157859807478|0.70763591487839117|0.22171040585169471|0.73189800587021636|0.26730120678509212|0.09790401235870104|0.39782343245424345|0.29016537493773964|0.41113482728280598|0.53132602633346404
tank:6,tank,5,6,condor|helicopter|jammer|jet_plane|large_launcher|small_launcher|small_plane|small_tower|spacecraft|ta-ta,10,0,1,,894.922563689172,562.3514776725855,696.1660797248452,0.6525141949656229,1.5325337099412588,894.922563689172,562.3514776725855,0.6525141949656229,1.5325337099412588,10.0,1.0072233081298714,0.00014327976274147733,0.0005298660408100297,1.0136865023453696,-13.945150324113001,49.840340227514844,1.021008596379821,1.0072058467511358,1.0137040006997653,1.0064516642447918,1.0064516642447918,0.010960292124869283,1.0104497000740913,0.00033719107811581143,0.6379958989230972,0.5647408023404629,0.7551106337866055,1|1|1|1|1|1|1|1|1|1,0.75216306212901229|0.24852601082579762|0.65846095171284391|0.73539514874488154|0.62064586443685765|0.18124961110630566|0.65534593340933656|0.34993794349876178|0.78163877870494392|0.08052136849752782
tank:7,tank,6,7,condor|helicopter|jammer|jet_plane|large_launcher|large_tower|small_launcher|small_plane|small_tower|spacecraft|ta-ta,11,1,1,,988.2838807375236,600.8692305583579,784.6408074360055,0.5864326583689878,1.70522563115984,922.9971602335063,587.1124147338454,0.6795850023744987,1.4714862695703375,10.33353226610873,1.0068235186139545,9.467289548679613e-05,-0.0007093425150943716,1.0150950287465845,-13.00812590009582,50.68719639912638,1.0220216157256794,1.006812194985248,1.0151065122335494,1.0082381970437129,1.0082381970437129,-0.022783651360146488,1.0109508473341715,0.0003089793673548967,0.5420697702383382,5.057004178387395,2.2036175811284573,1|1|1|1|1|0.18227027497040593|1|1|1|1|1,0.43635557939063963|0.45274601275988502|0.7246058204539344|2.2036175811284573|1.8362359656704628|16.459074308672012|0.23205483486706316|0.54206977023833824|0.52681228291479865|0.52503141729881708|0.59671333745175648
tank:8,tank,7,8,condor|helicopter|jammer|jet_plane|large_launcher|large_tower|small_launcher|small_plane|small_tower|spacecraft|ta-ta,11,0,1,,999.6757015474882,609.8791394250102,792.0851870592403,0.592848567127062,1.686771387246476,999.6757015474882,609.8791394250102,0.592848567127062,1.686771387246476,11.0,1.0070868875920946,0.000382566863132535,0.00045329542333249736,1.0133755452663271,-13.967175244437385,50.639165125727914,1.0205570504283992,1.0070592349744105,1.0134031991219774,1.0062994945354213,1.0062994945354213,0.0020057032107769885,1.0102262372500523,0.00041804121374423706,0.8524008112954216,0.8025382808677826,1.0025106873095246,1|1|1|1|1|1|1|1|1|1|1,0.5441269370969567|0.85240081129542156|0.96713650931879513|0.16238683355040628|0.81601439140144505|1.2611695275559094|0.53715747476520292|1.0025106873095246|0.88731938837020241|0.86903725048219505|0.088348751670636813
tank:9,tank,8,9,condor|helicopter|jammer|jet_plane|large_launcher|large_tower|small_launcher|small_tower|spacecraft|ta-ta,10,1,1,,1004.4989858133257,582.8817667439807,818.0874393959459,0.5076466108542176,1.9698742759599999,987.3967875767033,494.7504834220579,0.3352323077014337,2.983006043947963,9.226892908857662,1.0071658136126824,7.332249481069589e-05,-0.00012919421921192456,1.0113797470551227,-13.84552213272309,53.55342463507179,1.0186271152870041,1.0071656335022636,1.0113799373245935,1.004184320515063,1.004184320515063,-0.005748373076891574,1.0092705857633046,2.8147249894458547e-05,1.1446302556918142,7.97450184887999,4.080844354291001,0.12003141520015057|1|1|1|1|1|1|1|1|1,24.993456879580158|1.1031133224396925|1.7572207403699931|1.1895927716330832|0.33630724384646421|0.83440044345781861|1.1861471889439361|1.6105273803509876|0.58461612901367188|0.61826338587222351
tank:10,tank,9,10,condor|helicopter|jammer|jet_plane|large_launcher|large_tower|small_launcher|small_tower|spacecraft|ta-ta,10,1,1,,1011.0683520415422,585.3973930049684,824.3598151068419,0.5042755848303809,1.9830426657208924,994.7156310659827,495.1655147458907,0.32943526981334165,3.035497688412661,9.158114859101055,1.0071414358833883,0.00035075112551414156,-0.0003666970412091493,1.0113632187714188,-14.30946271630728,54.20492821817811,1.018585932972492,1.0071414845779136,1.0113632975801552,1.0041918767788727,1.0041918767788727,-0.020364951919621618,1.0092501835384982,8.72324300584029e-06,0.9119460019264016,11.606780099793449,6.0002188516611605,0.082113371338237609|1|1|1|1|1|1|1|1|1,36.534853594581307|1.2371029343435731|2.6074816580033797|0.91580091397796948|0.32776711374424294|0.90809108987483367|0.27200466673300111|0.74923676514169135|0.47099055828851688|1.1918913573683914
tank:11,tank,10,11,helicopter|jammer|jet_plane|large_launcher|large_tower|small_launcher|small_tower|spacecraft|ta-ta,9,0,1,,1001.0670202400765,489.8692966917026,873.0196167160979,0.31485633487640347,3.176051707495576,1001.0670202400765,489.8692966917026,0.31485633487640347,3.176051707495576,9.0,1.0071582242733874,0.00027409961415895956,0.00040192850699169837,1.013240893386792,-13.97484312328379,51.0126428667304,1.0204937887761734,1.007139500494594,1.0132596212093967,1.0060767358561522,1.0060767358561522,0.003625054072412967,1.0101949261287018,0.0003382064824874767,0.3783893867248644,0.7005869900059783,1.0778724004284825,1|1|1|1|1|1|1|1|1,0.12777130321411351|1.0039607401763084|0.37838938672486438|0.92701881570422495|1.373519041437179|0.50007349724977124|0.34382167209255626|0.2700318205154742|0.25067010703533665
tank:12,tank,11,12,helicopter|jammer|jet_plane|large_launcher|large_tower|small_launcher|small_tower|spacecraft|ta-ta,9,1,1,,1009.9177359237401,496.143748109709,879.6449366335164,0.31812678173350833,3.1434008622313683,1003.4123015729001,490.9540760797996,0.3147503227139306,3.177121444634315,8.949777934745752,1.0070591264305335,-7.1894351822355794e-06,0.0008036231080098745,1.0110162711165251,-13.456610044575882,51.85709061161538,1.0181531685752594,1.0070195321710638,1.0110560282581533,1.0040083592801692,1.0040083592801692,0.023020019102330577,1.0090357617920485,0.00039901174540653815,0.9304946315050735,1.6583910425758865,2.274476570700535,1|0.76778719677533913|1|1|1|1|1|1|1,1.2783606102032479|3.9073326766629135|0.9304946315050735|0.71482138998300071|0.58282817192078207|0.34411858144441537|1.8662625442099401|1.5553465373685091|0.33757705029287888
tank:13,tank,12,13,helicopter|jet_plane|large_launcher|large_tower|small_launcher|small_tower|spacecraft|ta-ta,8,0,1,,977.5375592208721,456.5868509953094,864.3541676799431,0.27903799318461847,3.583741370080651,977.5375592208721,456.5868509953094,0.27903799318461847,3.583741370080651,8.0,1.0072254403614336,0.00034732831014123625,0.0005405909384588729,1.0125902975249932,-14.270944461815361,51.17185182592334,1.0199065205677893,1.0071889540667889,1.0126267930656405,1.005399025651438,1.005399025651438,0.0054822490481241165,1.009904213560766,0.0004442162858761932,0.644603083737351,0.701248850699553,0.9702380460096753,1|1|1|1|1|1|1|1,0.5828685929465518|0.53783054885737835|0.70662931202505075|1.020993612439814|0.94848566039675875|0.1790424647540762|0.66105975996673483|0.62814640750796713
tank:14,tank,13,14,helicopter|jet_plane|large_launcher|large_tower|small_launcher|small_tower|spacecraft|ta-ta,8,0,1,,985.7433426100325,462.33907450334107,870.5931987371565,0.282026981062672,3.5457600412273327,985.7433426100325,462.33907450334107,0.282026981062672,3.5457600412273327,8.0,1.0073564653342792,0.0005751398632275951,0.0003385488906534009,1.0131627363964828,-14.760454098541231,51.53108872380244,1.0206158382318045,1.0073207470091148,1.0131984685733564,1.005835004969066,1.005835004969066,-0.006709000402387434,1.010255333186519,0.00045650443363206254,0.37661965146921605,0.5133227361293099,0.8515513504084262,1|1|1|1|1|1|1|1,0.26550065186111799|0.40492190870895739|0.88561971701853992|0.83695062186123459|0.31437027672473572|0.37183306989232817|0.38140623304610388|0.078623528038371554
tank:15,tank,14,15,helicopter|jet_plane|large_launcher|large_tower|medium_launcher|small_launcher|small_tower|spacecraft|ta-ta,9,1,1,,1101.3983788297896,505.2449016100074,978.6756246509785,0.2665178714583951,3.7520936008079486,1028.597801524007,487.11936301222863,0.28911554931382805,3.4588246892059193,8.441509535101135,1.007239825723939,0.0003279911219293577,0.00012028872419166136,1.014621987138845,-14.470406772727983,49.88397162531646,1.0219676340477735,1.0072330319008809,1.014628791630359,1.007342650107017,1.007342650107017,-0.005885897180285217,1.010924148513514,0.00022376074348676972,0.5588083844857675,4.151474560970587,4.617052168565176,1|1|1|1|0.24976961301676917|1|1|1|1,0.96506619533367199|1.1927285776073906|0.55880838448576753|2.7685480167981433|12.011068775633298|0.44104501885879666|0.24733182801992684|0.43005977543589291|0.27417482582228814
tank:16,tank,15,16,helicopter|jet_plane|large_launcher|large_tower|medium_launcher|small_launcher|small_tower|spacecraft|ta-ta,9,0,1,,1112.5097863350948,513.2312458027772,987.0520315682894,0.27036226973165617,3.6987409559497144,1112.5097863350948,513.2312458027772,0.27036226973165617,3.6987409559497144,9.0,1.007416850271786,0.0007941573631830759,0.0004158697313829381,1.0132665551831332,-15.259598689904124,51.30322740412953,1.0207814712423255,1.0073549490514744,1.0133284918126362,1.0059299284396095,1.0059299284396095,-0.010726214919383623,1.0103373056768346,0.0006044659815884527,0.6169963666072648,0.7647009994786577,1.172966679621612,1|1|1|1|1|1|1|1|1,0.5666173020012234|0.65620589153509812|1.2800757475717712|1.1461894126340724|0.61699636660726476|0.57684772547450547|0.52495583288077174|0.69980071586045833|0.28313540237579488
tank:17,tank,16,17,helicopter|jet_plane|large_launcher|large_tower|medium_launcher|small_launcher|small_tower|spacecraft|ta-ta,9,0,1,,1122.4066872595415,519.8314696003878,994.7723432112693,0.2730723512190138,3.662033140799246,1122.4066872595415,519.8314696003878,0.2730723512190138,3.662033140799246,9.0,1.0072563774476888,0.0008457661578951377,0.0005719172413271406,1.0132540298382005,-15.115029472983679,50.75007331090569,1.0206060998208502,1.0071737497784872,1.0133366760653932,1.006119029897534,1.006119029897534,-0.007765556163888689,1.0102505133979642,0.0007084352486229353,0.31824838860299975,0.4656040031962344,0.81906923372942,1|1|1|1|1|1|1|1|1,0.23586701067454444|0.099544545046573271|0.83021487096711399|0.81628282441999644|0.37668001572702581|0.22253036389476522|0.37069766417934863|0.31600736282632397|0.31824838860299975
tank:18,tank,17,18,helicopter|jet_plane|large_launcher|large_tower|medium_launcher|small_launcher|small_tower|spacecraft|ta-ta,9,1,1,,1132.2297022978298,526.5316779641246,1002.3514807021115,0.2759363640500681,3.624023979016234,1157.3591057812644,498.9881609867997,0.228327610433153,4.379671814998334,8.185153824974245,1.0074110263582903,0.0007501034786860058,0.0001606416460274489,1.0122439043029228,-15.293860983738796,53.00724447521725,1.019745550060873,1.0073685367110108,1.0122864799711457,1.0048819702828835,1.0048819702828835,-0.016722497355196538,1.0098245144879743,0.0004546672747185483,0.8315116961127341,10.370608573582741,7.797568274025501,0.096783381257750045|1|1|1|1|1|1|1|1,30.997057149827274|1.0014397925145369|0.14366698058044017|0.83151169611273412|0.59698329510146075|0.2454781068524684|1.997696055075052|0.9191865302621095|0.40108877694096684
tank:19,tank,18,19,jet_plane|large_launcher|large_tower|medium_launcher|small_launcher|small_tower|spacecraft|ta-ta,8,1,1,,1169.9450274211606,500.99991063067364,1057.246639500716,0.2245549691704949,4.453252598657673,1195.4540674588318,435.24667993655027,0.15281450468237898,6.5438814337583615,7.376408269992458,1.0075971022532175,0.0006016380435977069,-0.00023344972988131987,1.010818925025156,-15.532779281841158,55.50861212118161,1.0184983602102984,1.0075867036565704,1.0108294963739886,1.0032183758535618,1.0032183758535618,-0.023705223089095156,1.0092067975446353,0.00018342765199897798,1.4431449543300672,5.242519467052257,5.702414140680363,1|1|1|1|1|0.20788780682716734|1|1,0.64952513426952507|1.9616512915105604|1.4432264033442805|1.443063505315854|0.19864170206309323|14.430860788743241|1.7704930490742394|0.11376384070381114
tank:20,tank,19,20,hangar|jet_plane|large_launcher|large_tower|medium_launcher|small_launcher|spacecraft|ta-ta,8,3,1,,1415.92760976462,639.6962366045524,1263.1863365979393,0.25645593409886364,3.8993053661004407,1397.7178757579898,647.03434746438,0.2727451869745825,3.666425835383088,7.310788737563356,1.006547840144841,-0.0005757040582137908,0.005524399480421413,1.0230748841856898,-12.133930985824009,27.39174128498155,1.0297769954027396,1.006189927312878,1.0234419640364052,1.0171459048189841,1.0171459048189841,0.17220399179059945,1.014779284082376,0.002499172733681161,2.3591382446789897,5.160423421659988,7.160542699554832,1|0.91424853396338068|0.23593333535583508|1|1|1|1|0.63055388848901339,2.8991150146797464|3.2895978478230563|12.735617564605333|1.4617202985076134|1.6064797348973183|0.90892442838129583|1.8191614746782325|4.7712249002474767
tank:21,tank,20,21,hangar|jet_plane|large_launcher|large_tower|medium_launcher|medium_plane|small_launcher|spacecraft|ta-ta,9,4,1,,1479.127985931384,687.6954166096432,1309.5398477096915,0.2757749557976739,3.6261450830715165,1378.3121557156007,680.8967193750249,0.3228275025923062,3.0976295141213055,8.172478276376236,1.0052659519938212,6.738130719820718e-05,0.002217136474811567,1.0171053804271286,-11.28342371289682,42.2249748143945,1.022461259139561,1.0051573261746123,1.0172151488273022,1.0119959555969005,1.0119959555969005,0.060904666578168606,1.0111682645037674,0.0011485508235059719,2.1681628528416006,6.2596260848508845,7.064749123247746,0.17357494490141018|1|0.71968544689295244|0.66518325043730198|1|1|1|1|1,17.283601385952622|1.7077297020375226|4.1684865572769665|4.5100360575715248|2.4699582791167769|1.0904760780066729|1.0101732741064744|0.52833067235247466|2.1681628528416006
tank:22,tank,21,22,hangar|jet_plane|large_launcher|large_tower|medium_launcher|medium_plane|small_launcher|spacecraft|ta-ta,9,4,1,,1492.4076640792453,700.5437298277046,1317.7705105220548,0.28261221670432946,3.538417452937662,1470.6972138482206,646.8458551005009,0.2398393754710317,4.169457154547928,7.978120552588895,1.0052111962384291,0.00015403270924368962,0.001196418524457079,1.0125334208142787,-11.424942666394145,49.63739946934891,1.0178097468805232,1.0051495850011172,1.0125953013047224,1.007407570390229,1.007407570390229,0.029599535054188737,1.0088655742369859,0.000677116891478838,2.3731384126180304,6.64882252907832,8.058928060867508,0.53038705475367576|1|1|0.58493228386103402|1|1|1|0.16978261424733884|1,5.6562466482102387|2.0275581201266966|1.999441443399407|5.1287988076293294|2.2562910402296312|2.3731384126180304|1.6291937667438465|17.669653711496579|2.4210613458863066
tank:23,tank,22,23,hangar|jet_plane|large_launcher|large_tower|medium_launcher|medium_plane|small_launcher|ta-ta,8,2,1,,1529.3897041589826,619.3360474595389,1398.3761037377233,0.1961574145032047,5.09794647595981,1530.655917935361,630.7547924971805,0.20454507345905001,4.888897997341404,7.833619854095255,1.0053582786703028,0.00027635883938453127,0.00042664259684485606,1.013094929048214,-11.967705542911972,52.112644348491585,1.0185232560910722,1.0053423444972773,1.0131108688159218,1.0077272427259882,1.0077272427259882,0.004265952256414263,1.0092191318495067,0.0003517887329540165,1.5188492953347925,2.2769761064918694,3.093634638994506,1|1|1|0.58233922090791101|1|1|1|1,0.23391227351579028|2.0162517029068008|1.7893928028260637|5.151636524365574|2.211633830978335|0.4103114551272749|0.99887092290233293|1.2483057878435213
tank:24,tank,23,24,hangar|jet_plane|large_launcher|large_tower|medium_plane|small_launcher|ta-ta,7,1,1,,1479.55323510518,539.092059967361,1377.8452476204834,0.1530823023849399,6.532433758968463,1479.55323510518,539.092059967361,0.1530823023849399,6.532433758968463,7.0,1.0065343715779693,-0.0013721938312649309,0.00028250674674000113,1.0131977351628398,-11.597872240367678,52.54922841505254,1.019818733300366,1.0064904541813984,1.0132423303803788,1.0067083360512066,1.0067083360512066,0.04694055115012317,1.0098607494602243,0.0005421138222043594,1.0591360917024886,1.6088982957551063,2.375183576773673,1|1|1|1|1|1|1,1.0591360917024886|1.4242385394606518|2.9740635607708796|1.9759302541088679|0.6721260174236543|0.90705461755437244|0.97252018458311618
