sim_time,score,score_delta,time_bonus,fruit_bonus,predation_penalty,num_agents,num_predators,num_fruits,num_trees,mean_energy,median_energy,mean_age
0.1,0.1,0.1,0.1,0.0,0.0,5,0,33,39,149.9,149.9,0.1
0.2,0.2,0.1,0.1,0.0,0.0,5,0,33,39,149.2584582216312,149.27197715099467,0.2
0.30000000000000004,0.30000000000000004,0.10000000000000003,0.1,2.7755575615628914e-17,0.0,5,0,33,39,148.65803586364115,148.67197715099468,0.30000000000000004
0.4,0.4,0.09999999999999998,0.1,-2.7755575615628914e-17,0.0,5,0,33,38,148.0567940269571,148.07197715099468,0.4
0.5,0.5,0.09999999999999998,0.1,-2.7755575615628914e-17,0.0,5,0,33,37,147.4422022982009,147.43022630704849,0.5
0.6,0.6,0.09999999999999998,0.1,-2.7755575615628914e-17,0.0,5,0,33,38,146.89120134559616,146.8719771509947,0.6
0.7,0.7,0.09999999999999998,0.1,-2.7755575615628914e-17,0.0,5,0,33,38,146.3657008692938,146.2719771509947,0.7
0.7999999999999999,0.7999999999999999,0.09999999999999998,0.1,-2.7755575615628914e-17,0.0,5,0,33,39,145.85295063114262,145.6719771509947,0.7999999999999999
0.8999999999999999,0.9215999999999999,0.12159999999999993,0.1,0.021599999999999925,0.0,5,0,32,39,149.6729506311426,145.07371614953612,0.9
0.9999999999999999,1.0215999999999998,0.09999999999999998,0.1,-2.7755575615628914e-17,0.0,6,0,33,40,120.20079833382181,144.4302263070485,0.85
1.0999999999999999,1.1436,0.12200000000000011,0.1,0.022000000000000103,0.0,6,0,32,39,123.29069048756078,143.87371614953614,0.9499999999999998
1.2,1.2436,0.10000000000000009,0.1,8.326672684688674e-17,0.0,7,0,32,40,101.66290646169253,74.9,0.9142857142857143
1.3,1.3436000000000001,0.10000000000000009,0.1,8.326672684688674e-17,0.0,7,0,33,40,101.14575610678112,74.20997171421791,1.0142857142857145
1.4000000000000001,1.4436000000000002,0.10000000000000009,0.1,8.326672684688674e-17,0.0,7,0,33,41,100.67702080503001,73.60039533108356,1.1142857142857143
1.5000000000000002,1.5436000000000003,0.10000000000000009,0.1,8.326672684688674e-17,0.0,7,0,33,40,100.27995071314696,72.99081894794921,1.2142857142857146
1.6000000000000003,1.6436000000000004,0.10000000000000009,0.1,8.326672684688674e-17,0.0,7,0,34,41,99.93611254181462,72.38124256481485,1.3142857142857145
1.7000000000000004,1.7436000000000005,0.10000000000000009,0.1,8.326672684688674e-17,0.0,7,0,34,42,99.61796096367121,71.7716661816805,1.4142857142857146
1.8000000000000005,1.8436000000000006,0.10000000000000009,0.1,8.326672684688674e-17,0.0,7,0,35,42,99.30119732812126,71.40730338492767,1.5142857142857145
1.9000000000000006,1.9436000000000007,0.10000000000000009,0.1,8.326672684688674e-17,0.0,7,0,35,41,98.98224056495008,71.30730338492768,1.6142857142857145
2.0000000000000004,2.0436000000000005,0.09999999999999987,0.1,-1.3877787807814457e-16,0.0,7,0,36,42,98.66391826875375,71.20730338492768,1.7142857142857146
2.1000000000000005,2.1436000000000006,0.10000000000000009,0.1,8.326672684688674e-17,0.0,7,0,36,43,98.34544975363232,71.10730338492769,1.8142857142857147
2.2000000000000006,2.2436000000000007,0.10000000000000009,0.1,8.326672684688674e-17,0.0,7,0,36,44,98.02506090582209,71.0073033849277,1.9142857142857146
2.3000000000000007,2.343600000000001,0.10000000000000009,0.1,8.326672684688674e-17,0.0,7,0,36,44,97.70743021466242,70.9073033849277,2.0142857142857147
2.400000000000001,2.443600000000001,0.10000000000000009,0.1,8.326672684688674e-17,0.0,7,0,37,44,97.38608427716015,70.8073033849277,2.1142857142857148
2.500000000000001,2.543600000000001,0.10000000000000009,0.1,8.326672684688674e-17,0.0,7,0,37,44,97.06875204986561,70.70730338492771,2.214285714285715
2.600000000000001,2.643600000000001,0.10000000000000009,0.1,8.326672684688674e-17,0.0,7,0,37,45,96.74905386532734,70.60730338492772,2.3142857142857154
2.700000000000001,2.743600000000001,0.10000000000000009,0.1,8.326672684688674e-17,0.0,7,0,37,46,96.42981136653952,70.50730338492772,2.414285714285715
2.800000000000001,2.8436000000000012,0.10000000000000009,0.1,8.326672684688674e-17,0.0,7,0,37,46,96.11172738533485,70.40730338492773,2.5142857142857156
2.9000000000000012,2.9436000000000013,0.10000000000000009,0.1,8.326672684688674e-17,0.0,7,0,37,46,95.79051828995838,70.30730338492774,2.614285714285715
3.0000000000000013,3.0436000000000014,0.10000000000000009,0.1,8.326672684688674e-17,0.0,7,0,38,46,95.46963575700639,70.20730338492774,2.7142857142857153
3.1000000000000014,3.1436000000000015,0.10000000000000009,0.1,8.326672684688674e-17,0.0,7,0,39,46,95.14887657117525,70.10730338492775,2.814285714285716
3.2000000000000015,3.2436000000000016,0.10000000000000009,0.1,8.326672684688674e-17,0.0,7,0,39,45,94.83192350832708,70.00730338492775,2.9142857142857155
3.3000000000000016,3.3436000000000017,0.10000000000000009,0.1,8.326672684688674e-17,0.0,7,0,40,45,94.51486314984736,69.90730338492776,3.0142857142857156
3.4000000000000017,3.4436000000000018,0.10000000000000009,0.1,8.326672684688674e-17,0.0,7,0,40,45,94.1974139544673,69.80730338492776,3.114285714285716
3.5000000000000018,3.543600000000002,0.10000000000000009,0.1,8.326672684688674e-17,0.0,7,0,40,45,93.88060522598933,69.70730338492777,3.2142857142857157
3.600000000000002,3.643600000000002,0.10000000000000009,0.1,8.326672684688674e-17,0.0,7,0,40,45,93.56095313983712,69.60730338492777,3.314285714285716
3.700000000000002,3.743600000000002,0.10000000000000009,0.1,8.326672684688674e-17,0.0,7,0,40,45,93.2399425826203,69.50730338492778,3.414285714285716
3.800000000000002,3.843600000000002,0.10000000000000009,0.1,8.326672684688674e-17,0.0,7,0,41,44,92.91977156532208,69.40730338492779,3.514285714285716
3.900000000000002,3.943600000000002,0.10000000000000009,0.1,8.326672684688674e-17,0.0,7,0,41,44,92.59935994173635,69.30730338492779,3.614285714285716
4.000000000000002,4.071400000000002,0.12780000000000014,0.1,0.02780000000000013,0.0,7,0,41,45,96.24920511571692,85.55140936959027,3.7142857142857157
4.100000000000001,4.171400000000002,0.09999999999999964,0.1,-3.608224830031759e-16,0.0,7,0,41,45,95.96204876689694,85.15482357878857,3.814285714285716
4.200000000000001,4.271400000000002,0.09999999999999964,0.1,-3.608224830031759e-16,0.0,7,0,41,45,95.64195592978237,84.54379959740307,3.9142857142857155
4.300000000000001,4.371400000000001,0.09999999999999964,0.1,-3.608224830031759e-16,0.0,7,0,41,45,95.3243338127523,83.93422321426871,4.014285714285715
4.4,4.471400000000001,0.09999999999999964,0.1,-3.608224830031759e-16,0.0,7,0,41,45,95.00328822500718,83.32464683113436,4.114285714285715
4.5,4.571400000000001,0.09999999999999964,0.1,-3.608224830031759e-16,0.0,7,0,41,46,94.6814868376492,82.715070448,4.214285714285714
4.6,4.6714,0.09999999999999964,0.1,-3.608224830031759e-16,0.0,7,0,41,47,94.36317199688622,82.10549406486565,4.314285714285715
4.699999999999999,4.7714,0.09999999999999964,0.1,-3.608224830031759e-16,0.0,7,0,42,46,94.04373027170254,81.4959176817313,4.414285714285714
4.799999999999999,4.8713999999999995,0.09999999999999964,0.1,-3.608224830031759e-16,0.0,7,0,42,47,93.7237004767356,80.88634129859695,4.514285714285714
4.899999999999999,4.971399999999999,0.09999999999999964,0.1,-3.608224830031759e-16,0.0,7,0,42,46,93.40415644387602,80.27676491546259,4.614285714285714
4.999999999999998,5.101199999999999,0.12979999999999947,0.1,0.029799999999999466,0.0,7,0,41,46,97.34105163665366,109.46718853232821,4.7142857142857135
5.099999999999998,5.201199999999998,0.09999999999999964,0.1,-3.608224830031759e-16,0.0,7,0,41,46,97.03168634289172,108.92788970972512,4.814285714285712
5.1999999999999975,5.301199999999998,0.09999999999999964,0.1,-3.608224830031759e-16,0.0,7,0,41,44,96.70931692821738,108.29451127774114,4.914285714285713
5.299999999999997,5.401199999999998,0.09999999999999964,0.1,-3.608224830031759e-16,0.0,7,0,41,44,96.38879900636748,107.68017157135976,5.0142857142857125
5.399999999999997,5.501199999999997,0.09999999999999964,0.1,-3.608224830031759e-16,0.0,7,0,41,44,95.98673275964177,107.0661994624964,5.114285714285712
5.4999999999999964,5.601199999999997,0.09999999999999964,0.1,-3.608224830031759e-16,0.0,7,0,41,44,95.59343087838114,106.43477599927883,5.214285714285713
5.599999999999996,5.7011999999999965,0.09999999999999964,0.1,-3.608224830031759e-16,0.0,7,0,41,44,95.19944161397056,105.80330024167189,5.314285714285711
5.699999999999996,5.801199999999996,0.09999999999999964,0.1,-3.608224830031759e-16,0.0,7,0,41,45,94.80855005386842,105.19183355774813,5.414285714285711
5.799999999999995,5.901199999999996,0.09999999999999964,0.1,-3.608224830031759e-16,0.0,7,0,41,45,94.41969691954536,104.57769021213889,5.514285714285711
5.899999999999995,6.0327999999999955,0.13159999999999972,0.1,0.03159999999999971,0.0,7,0,40,45,98.54267126152465,103.94707571375491,5.614285714285709
5.999999999999995,6.132799999999995,0.09999999999999964,0.1,-3.608224830031759e-16,0.0,8,0,41,44,82.76797225811742,74.9,5.012499999999997
6.099999999999994,6.232799999999995,0.09999999999999964,0.1,-3.608224830031759e-16,0.0,8,0,41,44,82.3057043204862,74.1414101112659,5.112499999999996
6.199999999999994,6.356999999999994,0.1241999999999992,0.1,0.024199999999999194,0.0,8,0,40,44,84.91367635694026,92.5026125503338,5.212499999999996
6.299999999999994,6.456999999999994,0.09999999999999964,0.1,-3.608224830031759e-16,0.0,8,0,40,44,84.53720343465086,92.2400252491748,5.312499999999996
6.399999999999993,6.556999999999993,0.09999999999999964,0.1,-3.608224830031759e-16,0.0,8,0,40,44,84.11170785378903,91.57848169390267,5.412499999999995
6.499999999999993,6.656999999999993,0.09999999999999964,0.1,-3.608224830031759e-16,0.0,8,0,40,45,83.69597935969969,90.97848169390268,5.512499999999995
6.5999999999999925,6.756999999999993,0.09999999999999964,0.1,-3.608224830031759e-16,0.0,8,0,40,43,83.27874663965308,90.37848169390269,5.6124999999999945
6.699999999999992,6.856999999999992,0.09999999999999964,0.1,-3.608224830031759e-16,0.0,8,0,40,44,82.85852467058237,89.77848169390269,5.712499999999994
6.799999999999992,6.956999999999992,0.09999999999999964,0.1,-3.608224830031759e-16,0.0,8,0,40,44,82.44031634893604,89.1784816939027,5.812499999999994
6.8999999999999915,7.0569999999999915,0.09999999999999964,0.1,-3.608224830031759e-16,0.0,8,0,40,44,82.02123370823496,88.5784816939027,5.912499999999993
6.999999999999991,7.156999999999991,0.09999999999999964,0.1,-3.608224830031759e-16,0.0,8,0,40,44,81.60560666245802,87.97848169390271,6.012499999999993
7.099999999999991,7.256999999999991,0.09999999999999964,0.1,-3.608224830031759e-16,0.0,8,0,40,44,81.17464249174672,87.31481971666595,6.112499999999993
7.19999999999999,7.35699999999999,0.09999999999999964,0.1,-3.608224830031759e-16,0.0,8,0,40,44,80.72781518276585,86.58756709166916,6.212499999999992
7.29999999999999,7.45699999999999,0.09999999999999964,0.1,-3.608224830031759e-16,0.0,8,0,40,45,80.41875414725895,86.4239051144324,6.312499999999992
7.39999999999999,7.55699999999999,0.09999999999999964,0.1,-3.608224830031759e-16,0.0,8,0,40,46,80.10979156934984,86.26024313719564,6.412499999999992
7.499999999999989,7.656999999999989,0.09999999999999964,0.1,-3.608224830031759e-16,0.0,8,0,40,46,79.81969093492005,86.16024313719565,6.512499999999991
7.599999999999989,7.756999999999989,0.09999999999999964,0.1,-3.608224830031759e-16,0.0,8,0,40,47,79.52986000770211,86.06024313719566,6.612499999999991
7.699999999999989,7.856999999999989,0.09999999999999964,0.1,-3.608224830031759e-16,0.0,8,0,40,47,79.23950697954132,85.96024313719566,6.712499999999991
7.799999999999988,7.956999999999988,0.09999999999999964,0.1,-3.608224830031759e-16,0.0,8,0,40,48,78.94899671318105,85.86024313719567,6.812499999999991
7.899999999999988,8.056999999999988,0.09999999999999964,0.1,-3.608224830031759e-16,0.0,8,0,40,49,78.65874011700487,85.76024313719567,6.912499999999991
7.999999999999988,8.156999999999988,0.09999999999999964,0.1,-3.608224830031759e-16,0.0,8,0,40,48,78.36817734151752,85.66024313719568,7.01249999999999
8.099999999999987,8.256999999999987,0.09999999999999964,0.1,-3.608224830031759e-16,0.0,8,0,41,49,78.07909375194961,85.56024313719568,7.11249999999999
8.199999999999987,8.356999999999987,0.09999999999999964,0.1,-3.608224830031759e-16,0.0,8,0,41,49,77.78921458226972,85.46024313719569,7.21249999999999
8.299999999999986,8.456999999999987,0.09999999999999964,0.1,-3.608224830031759e-16,0.0,8,0,41,49,77.49814120202477,85.3602431371957,7.312499999999989
8.399999999999986,8.556999999999986,0.09999999999999964,0.1,-3.608224830031759e-16,0.0,8,0,41,50,77.2083815918735,85.2602431371957,7.412499999999989
8.499999999999986,8.656999999999986,0.09999999999999964,0.1,-3.608224830031759e-16,0.0,8,0,41,50,76.91869233417039,85.1602431371957,7.512499999999989
8.599999999999985,8.756999999999985,0.09999999999999964,0.1,-3.608224830031759e-16,0.0,8,0,42,51,76.62800462265467,85.06024313719571,7.612499999999988
8.699999999999985,8.856999999999985,0.09999999999999964,0.1,-3.608224830031759e-16,0.0,8,0,42,52,76.3389401102658,84.96024313719572,7.712499999999988
8.799999999999985,8.956999999999985,0.09999999999999964,0.1,-3.608224830031759e-16,0.0,8,0,42,53,76.0206162607665,84.86024313719572,7.812499999999988
8.899999999999984,9.056999999999984,0.09999999999999964,0.1,-3.608224830031759e-16,0.0,8,0,42,53,75.7299453985317,84.76024313719573,7.912499999999987
8.999999999999984,9.156999999999984,0.09999999999999964,0.1,-3.608224830031759e-16,0.0,8,0,42,53,75.44027378664308,84.66024313719574,8.012499999999987
9.099999999999984,9.256999999999984,0.09999999999999964,0.1,-3.608224830031759e-16,0.0,8,0,42,54,75.15068010530256,84.06571975363946,8.112499999999986
9.199999999999983,9.356999999999983,0.09999999999999964,0.1,-3.608224830031759e-16,0.0,8,0,42,54,74.85968586506462,83.43776583173596,8.212499999999986
9.299999999999983,9.456999999999983,0.09999999999999964,0.1,-3.608224830031759e-16,0.0,8,0,43,54,74.58600964653009,82.82585474987839,8.312499999999986
9.399999999999983,9.556999999999983,0.09999999999999964,0.1,-3.608224830031759e-16,0.0,8,0,43,53,74.3345778128105,82.20314941333105,8.412499999999985
9.499999999999982,9.656999999999982,0.09999999999999964,0.1,-3.608224830031759e-16,0.0,8,0,43,53,74.09432146046926,81.5754732612058,8.512499999999985
9.599999999999982,9.756999999999982,0.09999999999999964,0.1,-3.608224830031759e-16,0.0,8,0,43,53,73.88738022751059,80.96448226302223,8.612499999999985
9.699999999999982,9.856999999999982,0.09999999999999964,0.1,-3.608224830031759e-16,0.0,8,0,43,54,73.67640744936466,80.3401428490827,8.712499999999984
9.799999999999981,9.956999999999981,0.09999999999999964,0.1,-3.608224830031759e-16,0.0,8,0,43,54,73.46768015390737,79.7159189318095,8.812499999999984
9.89999999999998,10.05699999999998,0.09999999999999964,0.1,-3.608224830031759e-16,0.0,8,0,43,54,73.26580021965825,79.02651951478573,8.912499999999984
9.99999999999998,10.15699999999998,0.09999999999999964,0.1,-3.608224830031759e-16,0.0,8,0,43,55,73.05549384522696,78.40183549096156,9.012499999999983
10.09999999999998,10.25699999999998,0.09999999999999964,0.1,-3.608224830031759e-16,0.0,8,0,43,56,72.83876558792028,77.78168766131597,9.112499999999983
10.19999999999998,10.35699999999998,0.09999999999999964,0.1,-3.608224830031759e-16,0.0,8,0,43,56,72.63616269801312,77.1574422972517,9.212499999999983
10.29999999999998,10.45699999999998,0.09999999999999964,0.1,-3.608224830031759e-16,0.0,8,0,43,57,72.4246637446142,76.54108890932325,9.312499999999982
10.399999999999979,10.556999999999979,0.09999999999999964,0.1,-3.608224830031759e-16,0.0,8,0,43,58,72.20614781907534,75.88247328373532,9.412499999999982
10.499999999999979,10.656999999999979,0.09999999999999964,0.1,-3.608224830031759e-16,0.0,8,0,43,58,71.99536554980276,75.20184772144917,9.512499999999982
10.599999999999978,10.756999999999978,0.09999999999999964,0.1,-3.608224830031759e-16,0.0,8,0,43,58,71.78586987823533,74.51092831981795,9.612499999999981
10.699999999999978,10.856999999999978,0.09999999999999964,0.1,-3.608224830031759e-16,0.0,8,0,43,58,71.5841457136129,73.82775596423782,9.71249999999998
10.799999999999978,10.956999999999978,0.09999999999999964,0.1,-3.608224830031759e-16,0.0,8,0,43,58,71.37228963487533,73.20414870774303,9.81249999999998
10.899999999999977,11.056999999999977,0.09999999999999964,0.1,-3.608224830031759e-16,0.0,8,0,43,58,71.15354111132172,72.58364671148897,9.91249999999998
10.999999999999977,11.156999999999977,0.09999999999999964,0.1,-3.608224830031759e-16,0.0,8,0,43,58,70.9409008004393,71.90307230840283,10.01249999999998
11.099999999999977,11.256999999999977,0.09999999999999964,0.1,-3.608224830031759e-16,0.0,8,0,43,58,70.71040723580738,71.22586648725836,10.11249999999998
11.199999999999976,11.356999999999976,0.09999999999999964,0.1,-3.608224830031759e-16,0.0,8,0,43,58,70.50136463995851,70.54879748308383,10.212499999999979
11.299999999999976,11.456999999999976,0.09999999999999964,0.1,-3.608224830031759e-16,0.0,8,0,43,58,70.28362319817036,69.87123912199043,10.312499999999979
11.399999999999975,11.556999999999976,0.09999999999999964,0.1,-3.608224830031759e-16,0.0,8,0,43,58,70.07716897229717,69.21808352358276,10.412499999999978
11.499999999999975,11.656999999999975,0.09999999999999964,0.1,-3.608224830031759e-16,0.0,8,0,43,59,69.8688562157646,68.5284202708564,10.512499999999978
11.599999999999975,11.756999999999975,0.09999999999999964,0.1,-3.608224830031759e-16,0.0,8,0,43,59,69.66639778447906,67.83153125331698,10.612499999999978
11.699999999999974,11.856999999999974,0.09999999999999964,0.1,-3.608224830031759e-16,0.0,8,0,43,59,69.45481510976083,67.20079039002258,10.712499999999977
11.799999999999974,11.956999999999974,0.09999999999999964,0.1,-3.608224830031759e-16,0.0,8,0,43,60,69.23670725889903,66.57307138178412,10.812499999999977
11.899999999999974,12.056999999999974,0.09999999999999964,0.1,-3.608224830031759e-16,0.0,8,0,44,60,69.03041783298522,65.94024658413274,10.912499999999977
11.999999999999973,12.156999999999973,0.09999999999999964,0.1,-3.608224830031759e-16,0.0,8,0,44,61,68.80763902254905,65.32753575481632,11.012499999999976
12.099999999999973,12.256999999999973,0.09999999999999964,0.1,-3.608224830031759e-16,0.0,8,0,44,61,68.60410885885882,64.69646575923662,11.112499999999976
12.199999999999973,12.356999999999973,0.09999999999999964,0.1,-3.608224830031759e-16,0.0,8,0,44,61,68.39194300420075,64.06648361723074,11.212499999999975
12.299999999999972,12.456999999999972,0.09999999999999964,0.1,-3.608224830031759e-16,0.0,8,0,44,61,68.18904130990525,63.443638044180396,11.312499999999975
12.399999999999972,12.556999999999972,0.09999999999999964,0.1,-3.608224830031759e-16,0.0,8,0,44,61,67.9890030722734,62.822338800882456,11.412499999999975
12.499999999999972,12.656999999999972,0.09999999999999964,0.1,-3.608224830031759e-16,0.0,8,0,44,61,67.79519025547265,62.19668624000618,11.512499999999974
12.599999999999971,12.756999999999971,0.09999999999999964,0.1,-3.608224830031759e-16,0.0,8,0,44,61,67.58497262950786,61.819192443828456,11.612499999999974
12.69999999999997,12.856999999999971,0.09999999999999964,0.1,-3.608224830031759e-16,0.0,8,0,44,61,67.36861160152066,61.719192443828454,11.712499999999974
12.79999999999997,12.95699999999997,0.09999999999999964,0.1,-3.608224830031759e-16,0.0,8,0,44,61,67.16447463130947,61.61919244382845,11.812499999999973
12.89999999999997,13.05699999999997,0.09999999999999964,0.1,-3.608224830031759e-16,0.0,8,0,44,59,66.94010974818461,61.51919244382845,11.912499999999973
12.99999999999997,13.15699999999997,0.09999999999999964,0.1,-3.608224830031759e-16,0.0,8,0,46,59,66.73574804933152,61.41919244382845,12.012499999999973
13.09999999999997,13.25699999999997,0.09999999999999964,0.1,-3.608224830031759e-16,0.0,8,0,47,59,66.43771099019308,61.31919244382845,12.112499999999972
13.199999999999969,13.35699999999997,0.09999999999999964,0.1,-3.608224830031759e-16,0.0,8,0,47,59,66.17320989203354,61.21919244382845,12.212499999999972
13.299999999999969,13.456999999999969,0.09999999999999964,0.1,-3.608224830031759e-16,0.0,8,0,47,59,65.91060336401411,61.119192443828446,12.312499999999972
13.399999999999968,13.597599999999968,0.14059999999999917,0.1,0.040599999999999165,0.0,8,0,46,59,70.72919794475209,61.019192443828445,12.412499999999971
13.499999999999968,13.697599999999968,0.09999999999999964,0.1,-3.608224830031759e-16,0.0,9,0,46,59,59.84935302776288,60.91919244382844,11.133333333333308
13.599999999999968,13.797599999999967,0.09999999999999964,0.1,-3.608224830031759e-16,0.0,9,0,47,59,59.48304052130579,60.81919244382844,11.233333333333308
13.699999999999967,13.897599999999967,0.09999999999999964,0.1,-3.608224830031759e-16,0.0,9,0,47,60,59.17918041847333,60.71919244382844,11.333333333333307
13.799999999999967,13.997599999999967,0.09999999999999964,0.1,-3.608224830031759e-16,0.0,9,0,47,60,58.855791248277534,60.61919244382844,11.433333333333307
13.899999999999967,14.097599999999966,0.09999999999999964,0.1,-3.608224830031759e-16,0.0,9,0,47,60,58.55103314447743,60.51919244382844,11.533333333333307
13.999999999999966,14.197599999999966,0.09999999999999964,0.1,-3.608224830031759e-16,0.0,9,0,48,60,58.238179689305056,60.419192443828436,11.633333333333306
14.099999999999966,14.297599999999965,0.09999999999999964,0.1,-3.608224830031759e-16,0.0,9,0,48,61,57.93625751136998,60.319192443828435,11.733333333333306
14.199999999999966,14.397599999999965,0.09999999999999964,0.1,-3.608224830031759e-16,0.0,9,0,48,61,57.63784487893166,60.21919244382843,11.833333333333307
14.299999999999965,14.497599999999965,0.09999999999999964,0.1,-3.608224830031759e-16,0.0,9,0,48,61,57.382189106726436,60.11919244382843,11.933333333333305
14.399999999999965,14.597599999999964,0.09999999999999964,0.1,-3.608224830031759e-16,0.0,9,0,48,61,57.14665708901046,60.01919244382843,12.033333333333305
14.499999999999964,14.697599999999964,0.09999999999999964,0.1,-3.608224830031759e-16,0.0,9,0,48,61,56.92348294182604,59.91919244382843,12.133333333333304
14.599999999999964,14.797599999999964,0.09999999999999964,0.1,-3.608224830031759e-16,0.0,9,0,48,61,56.724843692025196,59.81919244382843,12.233333333333304
14.699999999999964,14.897599999999963,0.09999999999999964,0.1,-3.608224830031759e-16,0.0,9,0,48,62,56.51435217511191,59.719192443828426,12.333333333333306
14.799999999999963,14.997599999999963,0.09999999999999964,0.1,-3.608224830031759e-16,0.0,9,0,48,62,56.32212598245682,59.619192443828425,12.433333333333303
14.899999999999963,15.097599999999963,0.09999999999999964,0.1,-3.608224830031759e-16,0.0,9,0,48,62,56.11984788444509,59.51919244382842,12.533333333333303
14.999999999999963,15.197599999999962,0.09999999999999964,0.1,-3.608224830031759e-16,0.0,9,0,48,62,55.928642122969976,59.41919244382842,12.633333333333304
15.099999999999962,15.297599999999962,0.09999999999999964,0.1,-3.608224830031759e-16,0.0,9,0,48,62,55.739472461721064,59.31919244382842,12.733333333333302
15.199999999999962,15.397599999999962,0.09999999999999964,0.1,-3.608224830031759e-16,0.0,9,0,49,63,55.555880140138164,59.21919244382842,12.833333333333304
15.299999999999962,15.497599999999961,0.09999999999999964,0.1,-3.608224830031759e-16,0.0,9,0,49,63,55.356051199713754,59.11919244382842,12.933333333333302
15.399999999999961,15.59759999999996,0.09999999999999964,0.1,-3.608224830031759e-16,0.0,9,0,50,64,55.15153484387295,59.019192443828416,13.033333333333301
15.499999999999961,15.69759999999996,0.09999999999999964,0.1,-3.608224830031759e-16,0.0,9,0,50,64,54.95775793027908,58.919192443828415,13.133333333333303
15.59999999999996,15.79759999999996,0.09999999999999964,0.1,-3.608224830031759e-16,0.0,9,0,50,64,54.7462795641523,58.81919244382841,13.2333333333333
15.69999999999996,15.89759999999996,0.09999999999999964,0.1,-3.608224830031759e-16,0.0,9,0,50,64,54.55267726550156,58.71919244382841,13.333333333333302
15.79999999999996,15.99759999999996,0.09999999999999964,0.1,-3.608224830031759e-16,0.0,9,0,50,64,54.352214087972065,58.61919244382841,13.433333333333302
15.89999999999996,16.09759999999996,0.10000000000000142,0.1,1.4155343563970746e-15,0.0,9,0,50,64,54.15971244483601,58.51919244382841,13.5333333333333
15.99999999999996,16.197599999999962,0.10000000000000142,0.1,1.4155343563970746e-15,0.0,9,0,50,65,53.96939951134022,58.41919244382841,13.6333333333333
16.09999999999996,16.297599999999964,0.10000000000000142,0.1,1.4155343563970746e-15,0.0,9,0,50,66,53.7853425702425,58.319192443828406,13.733333333333299
16.19999999999996,16.397599999999965,0.10000000000000142,0.1,1.4155343563970746e-15,0.0,9,0,51,66,53.58492093344251,58.219192443828405,13.8333333333333
16.29999999999996,16.497599999999967,0.10000000000000142,0.1,1.4155343563970746e-15,0.0,9,0,52,66,53.3803932521548,58.1191924438284,13.933333333333302
16.399999999999963,16.597599999999968,0.10000000000000142,0.1,1.4155343563970746e-15,0.0,9,0,52,65,53.187068055278395,58.0191924438284,14.033333333333301
16.499999999999964,16.69759999999997,0.10000000000000142,0.1,1.4155343563970746e-15,0.0,9,0,52,65,52.975544411022405,57.9191924438284,14.133333333333303
16.599999999999966,16.79759999999997,0.10000000000000142,0.1,1.4155343563970746e-15,0.0,9,0,52,65,52.78513975053258,57.8191924438284,14.233333333333304
16.699999999999967,16.897599999999972,0.10000000000000142,0.1,1.4155343563970746e-15,0.0,9,0,52,65,52.585649658691146,57.7191924438284,14.333333333333306
16.79999999999997,16.997599999999974,0.10000000000000142,0.1,1.4155343563970746e-15,0.0,9,0,52,65,52.393184840803556,57.619192443828396,14.433333333333305
16.89999999999997,17.097599999999975,0.10000000000000142,0.1,1.4155343563970746e-15,0.0,9,0,52,65,52.20425615270506,57.519192443828395,14.533333333333307
16.99999999999997,17.197599999999976,0.10000000000000142,0.1,1.4155343563970746e-15,0.0,9,0,53,65,52.02133420788075,57.41919244382839,14.633333333333306
17.099999999999973,17.297599999999978,0.10000000000000142,0.1,1.4155343563970746e-15,0.0,9,0,53,66,51.82397446453086,57.31919244382839,14.733333333333308
17.199999999999974,17.39759999999998,0.10000000000000142,0.1,1.4155343563970746e-15,0.0,9,0,53,66,51.62009100555152,57.21919244382839,14.833333333333307
17.299999999999976,17.49759999999998,0.10000000000000142,0.1,1.4155343563970746e-15,0.0,9,0,53,66,51.428387829006425,57.11919244382839,14.933333333333309
17.399999999999977,17.597599999999982,0.10000000000000142,0.1,1.4155343563970746e-15,0.0,9,0,53,66,51.21708399521613,57.01919244382839,15.03333333333331
17.49999999999998,17.697599999999984,0.10000000000000142,0.1,1.4155343563970746e-15,0.0,9,0,53,66,51.01595597464002,56.919192443828386,15.13333333333331
17.59999999999998,17.797599999999985,0.10000000000000142,0.1,1.4155343563970746e-15,0.0,9,0,53,67,50.807089610943336,56.819192443828385,15.233333333333311
17.69999999999998,17.897599999999986,0.10000000000000142,0.1,1.4155343563970746e-15,0.0,9,0,53,67,50.61482863112076,56.424022847591566,15.333333333333314
17.799999999999983,17.997599999999988,0.10000000000000142,0.1,1.4155343563970746e-15,0.0,9,0,53,67,50.42488694115686,56.04204679813464,15.433333333333316
17.899999999999984,18.09759999999999,0.10000000000000142,0.1,1.4155343563970746e-15,0.0,9,0,53,67,50.24067911846841,55.71435936228897,15.533333333333315
17.999999999999986,18.19759999999999,0.10000000000000142,0.1,1.4155343563970746e-15,0.0,9,0,53,67,50.04067954484273,55.24660448162796,15.633333333333317
18.099999999999987,18.297599999999992,0.10000000000000142,0.1,1.4155343563970746e-15,0.0,9,0,53,67,49.83497181713001,55.10730338492797,15.733333333333317
18.19999999999999,18.397599999999994,0.10000000000000142,0.1,1.4155343563970746e-15,0.0,9,0,53,67,49.640941185108545,55.007303384927965,15.833333333333318
18.29999999999999,18.497599999999995,0.10000000000000142,0.1,1.4155343563970746e-15,0.0,9,0,53,68,49.43076545970502,54.907303384927964,15.933333333333318
18.39999999999999,18.597599999999996,0.10000000000000142,0.1,1.4155343563970746e-15,0.0,9,0,53,68,49.238153248371596,54.80730338492796,16.033333333333317
18.499999999999993,18.697599999999998,0.10000000000000142,0.1,1.4155343563970746e-15,0.0,9,0,53,68,49.03741364253116,54.70730338492796,16.133333333333322
18.599999999999994,18.7976,0.10000000000000142,0.1,1.4155343563970746e-15,0.0,9,0,53,68,48.84613672619261,54.60730338492796,16.233333333333324
18.699999999999996,18.8976,0.10000000000000142,0.1,1.4155343563970746e-15,0.0,9,0,53,68,48.6571701049691,54.50730338492796,16.333333333333325
18.799999999999997,18.997600000000002,0.10000000000000142,0.1,1.4155343563970746e-15,0.0,9,0,53,68,48.4745659836064,54.40730338492796,16.433333333333323
18.9,19.097600000000003,0.10000000000000142,0.1,1.4155343563970746e-15,0.0,9,0,54,68,48.27607733380935,54.307303384927955,16.533333333333324
19.0,19.197600000000005,0.10000000000000142,0.1,1.4155343563970746e-15,0.0,9,0,54,68,48.070254816816664,54.207303384927954,16.633333333333326
19.1,19.297600000000006,0.10000000000000142,0.1,1.4155343563970746e-15,0.0,9,0,55,68,47.87723286065271,54.10730338492795,16.733333333333327
19.200000000000003,19.397600000000008,0.10000000000000142,0.1,1.4155343563970746e-15,0.0,9,0,55,68,47.66474120892403,54.00730338492795,16.83333333333333
19.300000000000004,19.49760000000001,0.10000000000000142,0.1,1.4155343563970746e-15,0.0,9,0,55,69,47.47258461663537,53.90730338492795,16.93333333333333
19.400000000000006,19.59760000000001,0.10000000000000142,0.1,1.4155343563970746e-15,0.0,9,0,55,69,47.271354169740334,53.80730338492795,17.03333333333333
19.500000000000007,19.697600000000012,0.10000000000000142,0.1,1.4155343563970746e-15,0.0,9,0,56,68,47.08002199113818,53.70730338492795,17.133333333333333
19.60000000000001,19.797600000000013,0.10000000000000142,0.1,1.4155343563970746e-15,0.0,9,0,56,69,46.88936650756397,53.607303384927945,17.233333333333334
19.70000000000001,19.897600000000015,0.10000000000000142,0.1,1.4155343563970746e-15,0.0,9,0,56,69,46.70162471663088,53.507303384927944,17.333333333333332
19.80000000000001,19.997600000000016,0.10000000000000142,0.1,1.4155343563970746e-15,0.0,9,0,56,68,46.50292998461853,53.40730338492794,17.433333333333334
19.900000000000013,20.097600000000018,0.10000000000000142,0.1,1.4155343563970746e-15,0.0,9,0,56,69,46.293698582266956,53.30730338492794,17.533333333333335
20.000000000000014,20.19760000000002,0.10000000000000142,0.1,1.4155343563970746e-15,0.0,9,0,56,69,46.096683335796726,53.20730338492794,17.633333333333336
20.100000000000016,20.29760000000002,0.10000000000000142,0.1,1.4155343563970746e-15,0.0,9,0,56,68,45.87804226376149,53.10730338492794,17.733333333333338
20.200000000000017,20.397600000000022,0.10000000000000142,0.1,1.4155343563970746e-15,0.0,9,0,57,68,45.67721026868208,53.00730338492794,17.83333333333334
20.30000000000002,20.497600000000023,0.10000000000000142,0.1,1.4155343563970746e-15,0.0,9,0,57,69,45.470271488623865,52.907303384927935,17.93333333333334
20.40000000000002,20.597600000000025,0.10000000000000142,0.1,1.4155343563970746e-15,0.0,9,0,58,69,45.27893634496386,52.807303384927934,18.033333333333342
20.50000000000002,20.697600000000026,0.10000000000000142,0.1,1.4155343563970746e-15,0.0,9,0,58,69,45.08951677973911,52.70730338492793,18.13333333333334
20.600000000000023,20.797600000000028,0.10000000000000142,0.1,1.4155343563970746e-15,0.0,9,0,58,68,44.90682090740105,52.60730338492793,18.23333333333334
20.700000000000024,20.89760000000003,0.10000000000000142,0.1,1.4155343563970746e-15,0.0,9,0,58,68,44.707363344955645,52.50730338492793,18.333333333333343
20.800000000000026,20.99760000000003,0.10000000000000142,0.1,1.4155343563970746e-15,0.0,9,0,58,68,44.501922591470674,52.40730338492793,18.433333333333344
20.900000000000027,21.097600000000032,0.10000000000000142,0.1,1.4155343563970746e-15,0.0,9,0,58,69,44.30812596008761,52.30730338492793,18.533333333333346
21.00000000000003,21.197600000000033,0.10000000000000142,0.1,1.4155343563970746e-15,0.0,9,0,58,69,44.096646284018775,52.207303384927926,18.633333333333347
21.10000000000003,21.297600000000035,0.10000000000000142,0.1,1.4155343563970746e-15,0.0,9,0,58,69,43.90290086001272,52.107303384927924,18.73333333333335
21.20000000000003,21.397600000000036,0.10000000000000142,0.1,1.4155343563970746e-15,0.0,9,0,58,69,43.70185656162626,52.00730338492792,18.83333333333335
21.300000000000033,21.497600000000038,0.10000000000000142,0.1,1.4155343563970746e-15,0.0,9,0,59,69,43.504631983190656,51.90730338492792,18.93333333333335
21.400000000000034,21.59760000000004,0.10000000000000142,0.1,1.4155343563970746e-15,0.0,9,0,59,69,43.306297151036134,51.80730338492792,19.03333333333335
21.500000000000036,21.69760000000004,0.10000000000000142,0.1,1.4155343563970746e-15,0.0,9,0,59,69,43.115914867712746,51.70730338492792,19.13333333333335
21.600000000000037,21.797600000000042,0.10000000000000142,0.1,1.4155343563970746e-15,0.0,9,0,60,70,42.90978766192942,51.60730338492792,19.233333333333352
21.70000000000004,21.897600000000043,0.10000000000000142,0.1,1.4155343563970746e-15,0.0,9,0,60,70,42.704303453678676,51.507303384927916,19.333333333333357
21.80000000000004,21.997600000000045,0.10000000000000142,0.1,1.4155343563970746e-15,0.0,9,0,60,70,42.51095175567045,51.407303384927914,19.433333333333355
21.90000000000004,22.097600000000046,0.10000000000000142,0.1,1.4155343563970746e-15,0.0,9,0,60,69,42.30031447573042,51.30730338492791,19.533333333333356
22.000000000000043,22.197600000000048,0.10000000000000142,0.1,1.4155343563970746e-15,0.0,9,0,60,69,42.106701259711805,51.20730338492791,19.633333333333358
22.100000000000044,22.29760000000005,0.10000000000000142,0.1,1.4155343563970746e-15,0.0,9,0,60,69,41.89852120861271,51.10730338492791,19.73333333333336
22.200000000000045,22.39760000000005,0.10000000000000142,0.1,1.4155343563970746e-15,0.0,9,0,60,69,41.69982060076451,51.00730338492791,19.833333333333357
22.300000000000047,22.497600000000052,0.10000000000000142,0.1,1.4155343563970746e-15,0.0,9,0,61,69,41.51158379968141,50.90730338492791,19.933333333333362
22.40000000000005,22.597600000000053,0.10000000000000142,0.1,1.4155343563970746e-15,0.0,8,0,61,69,46.51446306310205,52.11919244382832,19.86250000000003
22.50000000000005,22.697600000000055,0.10000000000000142,0.1,1.4155343563970746e-15,0.0,8,0,61,69,46.3683706587953,52.01919244382832,19.96250000000003
22.60000000000005,22.797600000000056,0.10000000000000142,0.1,1.4155343563970746e-15,0.0,8,0,61,69,46.21509904255115,51.919192443828315,20.062500000000032
22.700000000000053,22.897600000000057,0.10000000000000142,0.1,1.4155343563970746e-15,0.0,8,0,62,69,46.07535435311828,51.819192443828314,20.16250000000003
22.800000000000054,22.99760000000006,0.10000000000000142,0.1,1.4155343563970746e-15,0.0,8,0,63,69,45.91496495654723,51.71919244382831,20.26250000000003
22.900000000000055,23.09760000000006,0.10000000000000142,0.1,1.4155343563970746e-15,0.0,8,0,63,70,45.77546848707482,51.61919244382831,20.362500000000033
23.000000000000057,23.19760000000006,0.10000000000000142,0.1,1.4155343563970746e-15,0.0,8,0,63,70,45.62678997427529,51.51919244382831,20.462500000000034
23.10000000000006,23.297600000000063,0.10000000000000142,0.1,1.4155343563970746e-15,0.0,8,0,63,70,45.48859255215066,51.41919244382831,20.562500000000036
23.20000000000006,23.397600000000065,0.10000000000000142,0.1,1.4155343563970746e-15,0.0,8,0,63,70,45.35296943648994,51.31919244382831,20.662500000000037
23.30000000000006,23.497600000000066,0.10000000000000142,0.1,1.4155343563970746e-15,0.0,8,0,63,69,45.22414910798748,51.219192443828305,20.76250000000004
23.400000000000063,23.597600000000067,0.10000000000000142,0.1,1.4155343563970746e-15,0.0,8,0,63,69,45.07775260245856,51.119192443828304,20.86250000000004
23.500000000000064,23.69760000000007,0.10000000000000142,0.1,1.4155343563970746e-15,0.0,8,0,63,68,44.924078303905254,51.0191924438283,20.96250000000004
23.600000000000065,23.79760000000007,0.10000000000000142,0.1,1.4155343563970746e-15,0.0,8,0,63,68,44.784018765830766,50.9191924438283,21.062500000000043
23.700000000000067,23.89760000000007,0.10000000000000142,0.1,1.4155343563970746e-15,0.0,8,0,63,68,44.62325517190416,50.8191924438283,21.162500000000044
23.800000000000068,23.997600000000073,0.10000000000000142,0.1,1.4155343563970746e-15,0.0,8,0,63,68,44.48350273636539,50.7191924438283,21.262500000000045
23.90000000000007,24.097600000000075,0.10000000000000142,0.1,1.4155343563970746e-15,0.0,8,0,64,68,44.33445313241814,50.6191924438283,21.362500000000047
24.00000000000007,24.197600000000076,0.10000000000000142,0.1,1.4155343563970746e-15,0.0,8,0,64,68,44.1960197107208,50.519192443828295,21.46250000000005
24.100000000000072,24.297600000000077,0.10000000000000142,0.1,1.4155343563970746e-15,0.0,8,0,64,68,44.06012586747226,50.419192443828294,21.56250000000005
24.200000000000074,24.39760000000008,0.10000000000000142,0.1,1.4155343563970746e-15,0.0,8,0,64,69,43.93104683974589,50.31919244382829,21.66250000000005
24.300000000000075,24.49760000000008,0.10000000000000142,0.1,1.4155343563970746e-15,0.0,8,0,64,69,43.78434287039888,50.21919244382829,21.762500000000053
24.400000000000077,24.59760000000008,0.10000000000000142,0.1,1.4155343563970746e-15,0.0,8,0,64,69,43.63026143688118,50.11919244382829,21.86250000000005
24.500000000000078,24.697600000000083,0.10000000000000142,0.1,1.4155343563970746e-15,0.0,8,0,65,70,43.48988356872968,50.01919244382829,21.962500000000052
24.60000000000008,24.797600000000084,0.10000000000000142,0.1,1.4155343563970746e-15,0.0,8,0,66,70,43.331217830027015,49.91919244382829,22.062500000000053
24.70000000000008,24.897600000000086,0.10000000000000142,0.1,1.4155343563970746e-15,0.0,8,0,66,70,43.19408798191907,49.819192443828285,22.162500000000055
24.800000000000082,24.997600000000087,0.10000000000000142,0.1,1.4155343563970746e-15,0.0,8,0,66,70,43.04819580988657,49.719192443828284,22.262500000000056
24.900000000000084,25.09760000000009,0.10000000000000142,0.1,1.4155343563970746e-15,0.0,7,0,66,70,49.06323289362833,49.61919244382828,21.98571428571434
25.000000000000085,25.19760000000009,0.10000000000000142,0.1,1.4155343563970746e-15,0.0,7,0,66,70,48.92034201727493,49.51919244382828,22.085714285714342
25.100000000000087,25.29760000000009,0.10000000000000142,0.1,1.4155343563970746e-15,0.0,7,0,67,71,48.73315794909557,49.41919244382828,22.185714285714344
25.200000000000088,25.397600000000093,0.10000000000000142,0.1,1.4155343563970746e-15,0.0,7,0,67,72,48.584233508735906,49.31919244382828,22.28571428571434
25.30000000000009,25.497600000000094,0.10000000000000142,0.1,1.4155343563970746e-15,0.0,7,0,68,72,48.4374756014141,49.21919244382828,22.385714285714347
25.40000000000009,25.597600000000096,0.10000000000000142,0.1,1.4155343563970746e-15,0.0,7,0,68,73,48.2757880792635,49.119192443828275,22.485714285714348
25.500000000000092,25.697600000000097,0.10000000000000142,0.1,1.4155343563970746e-15,0.0,7,0,69,73,48.13094429739358,49.019192443828274,22.585714285714346
25.600000000000094,25.7976000000001,0.10000000000000142,0.1,1.4155343563970746e-15,0.0,7,0,69,73,47.97986307090164,48.91919244382827,22.685714285714347
25.700000000000095,25.8976000000001,0.10000000000000142,0.1,1.4155343563970746e-15,0.0,7,0,69,73,47.830312871884075,48.81919244382827,22.785714285714352
25.800000000000097,25.9976000000001,0.10000000000000142,0.1,1.4155343563970746e-15,0.0,7,0,70,73,47.685670710552294,48.71919244382827,22.88571428571435
25.900000000000098,26.097600000000103,0.10000000000000142,0.1,1.4155343563970746e-15,0.0,7,0,70,74,47.54154913494938,48.61919244382827,22.98571428571435
26.0000000000001,26.197600000000104,0.10000000000000142,0.1,1.4155343563970746e-15,0.0,7,0,70,74,47.38299489091158,48.51919244382827,23.085714285714353
26.1000000000001,26.297600000000106,0.10000000000000142,0.1,1.4155343563970746e-15,0.0,7,0,70,74,47.241145176335046,48.419192443828265,23.18571428571435
26.200000000000102,26.397600000000107,0.10000000000000142,0.1,1.4155343563970746e-15,0.0,7,0,70,74,47.0878619710611,48.319192443828264,23.285714285714356
26.300000000000104,26.49760000000011,0.10000000000000142,0.1,1.4155343563970746e-15,0.0,7,0,70,75,46.93276747331661,48.21919244382826,23.385714285714357
26.400000000000105,26.59760000000011,0.10000000000000142,0.1,1.4155343563970746e-15,0.0,7,0,70,75,46.789455479893036,48.11919244382826,23.485714285714355
26.500000000000107,26.69760000000011,0.10000000000000142,0.1,1.4155343563970746e-15,0.0,7,0,70,75,46.64913590719684,48.01919244382826,23.585714285714356
26.600000000000108,26.797600000000113,0.10000000000000142,0.1,1.4155343563970746e-15,0.0,7,0,70,75,46.51657350706888,47.91919244382826,23.68571428571436
26.70000000000011,26.897600000000114,0.10000000000000142,0.1,1.4155343563970746e-15,0.0,7,0,70,75,46.363994756951584,47.81919244382826,23.78571428571436
26.80000000000011,26.997600000000116,0.10000000000000142,0.1,1.4155343563970746e-15,0.0,7,0,70,75,46.20324305390551,47.719192443828256,23.88571428571436
26.900000000000112,27.097600000000117,0.10000000000000142,0.1,1.4155343563970746e-15,0.0,7,0,70,75,46.057922308563015,47.619192443828254,23.985714285714362
27.000000000000114,27.19760000000012,0.10000000000000142,0.1,1.4155343563970746e-15,0.0,7,0,70,75,45.89173727631013,47.51919244382825,24.085714285714367
27.100000000000115,27.29760000000012,0.10000000000000142,0.1,1.4155343563970746e-15,0.0,7,0,71,75,45.74989248285966,47.41919244382825,24.185714285714365
27.200000000000117,27.39760000000012,0.10000000000000142,0.1,1.4155343563970746e-15,0.0,7,0,72,76,45.59836617417569,47.31919244382825,24.285714285714366
27.300000000000118,27.497600000000123,0.10000000000000142,0.1,1.4155343563970746e-15,0.0,7,0,73,76,45.45606158277586,47.21919244382825,24.385714285714368
27.40000000000012,27.597600000000124,0.10000000000000142,0.1,1.4155343563970746e-15,0.0,7,0,74,76,45.316897654205164,47.11919244382825,24.48571428571437
27.50000000000012,27.697600000000126,0.10000000000000142,0.1,1.4155343563970746e-15,0.0,7,0,74,77,45.18543955320238,47.019192443828246,24.58571428571437
27.600000000000122,27.797600000000127,0.10000000000000142,0.1,1.4155343563970746e-15,0.0,7,0,74,78,45.034173261701014,46.919192443828244,24.685714285714372
27.700000000000124,27.89760000000013,0.10000000000000142,0.1,1.4155343563970746e-15,0.0,7,0,74,78,44.87515947954322,46.81919244382824,24.78571428571437
27.800000000000125,27.99760000000013,0.10000000000000142,0.1,1.4155343563970746e-15,0.0,7,0,74,77,44.730280965114794,46.71919244382824,24.885714285714375
27.900000000000126,28.09760000000013,0.10000000000000142,0.1,1.4155343563970746e-15,0.0,7,0,74,77,44.56094021476609,46.61919244382824,24.985714285714376
28.000000000000128,28.197600000000133,0.10000000000000142,0.1,1.4155343563970746e-15,0.0,7,0,75,77,44.41557956021379,46.51919244382824,25.085714285714374
28.10000000000013,28.297600000000134,0.10000000000000142,0.1,1.4155343563970746e-15,0.0,7,0,77,77,44.25962536901915,46.41919244382824,25.185714285714376
28.20000000000013,28.397600000000136,0.10000000000000142,0.1,1.4155343563970746e-15,0.0,7,0,78,77,44.11576664391481,46.319192443828236,25.28571428571438
28.300000000000132,28.497600000000137,0.10000000000000142,0.1,1.4155343563970746e-15,0.0,7,0,78,77,43.97481988640044,46.219192443828234,25.385714285714382
28.400000000000134,28.59760000000014,0.10000000000000142,0.1,1.4155343563970746e-15,0.0,7,0,78,77,43.84165816713022,46.11919244382823,25.48571428571438
28.500000000000135,28.69760000000014,0.10000000000000142,0.1,1.4155343563970746e-15,0.0,7,0,78,76,43.68836712669772,46.01919244382823,25.58571428571438
28.600000000000136,28.79760000000014,0.10000000000000142,0.1,1.4155343563970746e-15,0.0,7,0,78,77,43.52667222879409,45.91919244382823,25.685714285714386
28.700000000000138,28.897600000000143,0.10000000000000142,0.1,1.4155343563970746e-15,0.0,7,0,78,77,43.380614019667085,45.81919244382823,25.785714285714384
28.80000000000014,28.997600000000144,0.10000000000000142,0.1,1.4155343563970746e-15,0.0,7,0,79,78,43.210842029285836,45.71919244382823,25.885714285714386
28.90000000000014,29.097600000000146,0.10000000000000142,0.1,1.4155343563970746e-15,0.0,7,0,80,78,43.06518638917805,45.619192443828226,25.985714285714387
29.000000000000142,29.197600000000147,0.10000000000000142,0.1,1.4155343563970746e-15,0.0,7,0,80,79,42.9088045376693,45.519192443828224,26.085714285714385
29.100000000000144,29.29760000000015,0.10000000000000142,0.1,1.4155343563970746e-15,0.0,7,0,80,79,42.76467383719712,45.41919244382822,26.18571428571439
29.200000000000145,29.39760000000015,0.10000000000000142,0.1,1.4155343563970746e-15,0.0,7,0,80,79,42.62341508235823,45.31919244382822,26.28571428571439
29.300000000000146,29.49760000000015,0.10000000000000142,0.1,1.4155343563970746e-15,0.0,7,0,80,80,42.48995522773221,45.21919244382822,26.38571428571439
29.400000000000148,29.597600000000153,0.10000000000000142,0.1,1.4155343563970746e-15,0.0,7,0,80,80,42.33630985367081,45.11919244382822,26.48571428571439
29.50000000000015,29.697600000000154,0.10000000000000142,0.1,1.4155343563970746e-15,0.0,7,0,80,80,42.17414575711389,45.01919244382822,26.585714285714396
29.60000000000015,29.797600000000156,0.10000000000000142,0.1,1.4155343563970746e-15,0.0,7,0,80,80,42.02772069164563,44.919192443828216,26.685714285714393
29.700000000000152,29.897600000000157,0.10000000000000142,0.1,1.4155343563970746e-15,0.0,7,0,80,80,41.85751269279989,44.819192443828214,26.785714285714395
29.800000000000153,29.99760000000016,0.10000000000000142,0.1,1.4155343563970746e-15,0.0,7,0,81,81,41.71155880533708,44.71919244382821,26.885714285714396
29.900000000000155,30.09760000000016,0.10000000000000142,0.1,1.4155343563970746e-15,0.0,7,0,81,81,41.55474456466497,44.61919244382821,26.9857142857144
30.000000000000156,30.19760000000016,0.10000000000000142,0.1,1.4155343563970746e-15,0.0,7,0,81,81,41.410338881460305,44.51919244382821,27.085714285714403
30.100000000000158,30.297600000000163,0.10000000000000142,0.1,1.4155343563970746e-15,0.0,7,0,81,81,41.26876467938989,44.41919244382821,27.1857142857144
30.20000000000016,30.397600000000164,0.10000000000000142,0.1,1.4155343563970746e-15,0.0,7,0,81,81,41.13500339277965,44.31919244382821,27.285714285714402
30.30000000000016,30.497600000000165,0.10000000000000142,0.1,1.4155343563970746e-15,0.0,7,0,81,81,40.98099976704912,44.219192443828206,27.385714285714407
30.400000000000162,30.597600000000167,0.10000000000000142,0.1,1.4155343563970746e-15,0.0,6,0,81,81,47.70640142440118,47.414001022257146,27.000000000000114
30.500000000000163,30.69760000000017,0.10000000000000142,0.1,1.4155343563970746e-15,0.0,6,0,83,82,47.606401424401184,47.314001022257145,27.10000000000012
30.600000000000165,30.79760000000017,0.10000000000000142,0.1,1.4155343563970746e-15,0.0,6,0,84,80,47.50640142440118,47.21400102225714,27.200000000000117
30.700000000000166,30.89760000000017,0.10000000000000142,0.1,1.4155343563970746e-15,0.0,6,0,85,81,47.406401424401174,47.11400102225714,27.300000000000114
30.800000000000168,30.997600000000173,0.10000000000000142,0.1,1.4155343563970746e-15,0.0,6,0,86,81,47.30640142440117,47.01400102225714,27.40000000000012
30.90000000000017,31.097600000000174,0.10000000000000142,0.1,1.4155343563970746e-15,0.0,6,0,86,81,47.20640142440118,46.91400102225714,27.500000000000124
31.00000000000017,31.197600000000175,0.10000000000000142,0.1,1.4155343563970746e-15,0.0,6,0,87,81,47.10640142440118,46.81400102225714,27.600000000000122
31.100000000000172,31.297600000000177,0.10000000000000142,0.1,1.4155343563970746e-15,0.0,6,0,87,81,47.00640142440117,46.714001022257136,27.70000000000012
31.200000000000173,31.39760000000018,0.10000000000000142,0.1,1.4155343563970746e-15,0.0,6,0,87,81,46.90640142440117,46.614001022257135,27.800000000000125
31.300000000000175,31.49760000000018,0.10000000000000142,0.1,1.4155343563970746e-15,0.0,6,0,87,82,46.80640142440117,46.51400102225713,27.90000000000013
31.400000000000176,31.59760000000018,0.10000000000000142,0.1,1.4155343563970746e-15,0.0,6,0,87,82,46.70640142440117,46.41400102225713,28.000000000000128
31.500000000000178,31.697600000000183,0.10000000000000142,0.1,1.4155343563970746e-15,0.0,6,0,88,82,46.60640142440116,46.31400102225713,28.100000000000126
31.60000000000018,31.797600000000184,0.10000000000000142,0.1,1.4155343563970746e-15,0.0,6,0,88,83,46.50640142440116,46.21400102225713,28.20000000000013
31.70000000000018,31.897600000000185,0.10000000000000142,0.1,1.4155343563970746e-15,0.0,6,0,88,84,46.40640142440117,46.11400102225713,28.300000000000136
31.800000000000182,31.997600000000187,0.10000000000000142,0.1,1.4155343563970746e-15,0.0,6,0,88,84,46.306401424401166,46.014001022257126,28.400000000000134
31.900000000000183,32.097600000000185,0.09999999999999787,0.1,-2.1371793224034263e-15,0.0,6,0,88,84,46.20640142440116,45.914001022257125,28.50000000000013
32.000000000000185,32.197600000000186,0.10000000000000142,0.1,1.4155343563970746e-15,0.0,6,0,88,84,46.106401424401156,45.81400102225712,28.600000000000136
32.100000000000186,32.29760000000019,0.10000000000000142,0.1,1.4155343563970746e-15,0.0,6,0,88,84,46.00640142440116,45.71400102225712,28.70000000000014
32.20000000000019,32.39760000000019,0.10000000000000142,0.1,1.4155343563970746e-15,0.0,6,0,90,84,45.90640142440116,45.61400102225712,28.80000000000014
32.30000000000019,32.49760000000019,0.10000000000000142,0.1,1.4155343563970746e-15,0.0,6,0,90,83,45.80640142440115,45.51400102225712,28.900000000000137
32.40000000000019,32.59760000000019,0.10000000000000142,0.1,1.4155343563970746e-15,0.0,6,0,90,83,45.70640142440115,45.41400102225712,29.000000000000142
32.50000000000019,32.69760000000019,0.10000000000000142,0.1,1.4155343563970746e-15,0.0,6,0,90,83,45.606401424401156,45.314001022257116,29.100000000000147
32.60000000000019,32.797600000000195,0.10000000000000142,0.1,1.4155343563970746e-15,0.0,6,0,91,83,45.506401424401155,45.214001022257115,29.200000000000145
32.700000000000195,32.897600000000196,0.10000000000000142,0.1,1.4155343563970746e-15,0.0,6,0,92,83,45.406401424401146,45.11400102225711,29.300000000000143
32.800000000000196,32.9976000000002,0.10000000000000142,0.1,1.4155343563970746e-15,0.0,6,0,92,83,45.306401424401145,45.01400102225711,29.400000000000148
32.9000000000002,33.0976000000002,0.10000000000000142,0.1,1.4155343563970746e-15,0.0,6,0,93,83,45.20640142440115,44.91400102225711,29.500000000000153
33.0000000000002,33.1976000000002,0.10000000000000142,0.1,1.4155343563970746e-15,0.0,6,0,93,83,45.10640142440115,44.81400102225711,29.60000000000015
33.1000000000002,33.2976000000002,0.10000000000000142,0.1,1.4155343563970746e-15,0.0,6,0,94,83,45.00640142440114,44.71400102225711,29.70000000000015
33.2000000000002,33.3976000000002,0.10000000000000142,0.1,1.4155343563970746e-15,0.0,6,0,95,83,44.90640142440114,44.614001022257106,29.800000000000153
33.3000000000002,33.497600000000205,0.10000000000000142,0.1,1.4155343563970746e-15,0.0,6,0,95,83,44.806401424401145,44.514001022257105,29.90000000000016
33.400000000000205,33.597600000000206,0.10000000000000142,0.1,1.4155343563970746e-15,0.0,6,0,96,84,44.70640142440114,44.414001022257104,30.000000000000156
33.500000000000206,33.69760000000021,0.10000000000000142,0.1,1.4155343563970746e-15,0.0,6,0,96,84,44.606401424401135,44.3140010222571,30.100000000000154
33.60000000000021,33.79760000000021,0.10000000000000142,0.1,1.4155343563970746e-15,0.0,6,0,96,85,44.50640142440113,44.2140010222571,30.20000000000016
33.70000000000021,33.89760000000021,0.10000000000000142,0.1,1.4155343563970746e-15,0.0,6,0,96,85,44.18107243325965,43.457457262901514,30.300000000000164
33.80000000000021,33.99760000000021,0.10000000000000142,0.1,1.4155343563970746e-15,0.0,6,0,96,85,43.91440576659298,42.85745726290151,30.400000000000162
33.90000000000021,34.09760000000021,0.10000000000000142,0.1,1.4155343563970746e-15,0.0,6,0,97,86,43.647739099926305,42.25745726290151,30.50000000000016
34.00000000000021,34.22240000000021,0.12480000000000047,0.1,0.02480000000000046,0.0,6,0,96,87,47.51440576659297,47.65238393003788,30.600000000000165
34.100000000000215,34.322400000000215,0.10000000000000142,0.1,1.4155343563970746e-15,0.0,6,0,97,88,47.24152305416223,46.89611265121083,30.70000000000017
34.200000000000216,34.422400000000216,0.10000000000000142,0.1,1.4155343563970746e-15,0.0,6,0,97,88,46.94552280911078,46.29611265121083,30.800000000000168
34.30000000000022,34.52240000000022,0.10000000000000142,0.1,1.4155343563970746e-15,0.0,6,0,97,88,46.67885614244411,45.696112651210825,30.900000000000166
34.40000000000022,34.64560000000022,0.1232000000000042,0.1,0.02320000000000419,0.0,6,0,96,89,50.27885614244411,45.096112651210824,31.00000000000017
34.50000000000022,34.74560000000022,0.10000000000000142,0.1,1.4155343563970746e-15,0.0,6,0,96,89,50.012719740003405,44.48015862815517,31.100000000000176
34.60000000000022,34.845600000000225,0.10000000000000142,0.1,1.4155343563970746e-15,0.0,6,0,96,90,49.74601328416919,43.88015862815517,31.200000000000173
34.70000000000022,34.945600000000226,0.10000000000000142,0.1,1.4155343563970746e-15,0.0,6,0,96,91,49.47934661750253,43.28015862815517,31.30000000000017
34.800000000000225,35.04560000000023,0.10000000000000142,0.1,1.4155343563970746e-15,0.0,6,0,96,91,49.212679950835856,42.68015862815517,31.400000000000176
34.900000000000226,35.14560000000023,0.10000000000000142,0.1,1.4155343563970746e-15,0.0,6,0,97,91,48.94601328416919,42.08015862815517,31.50000000000018
35.00000000000023,35.24560000000023,0.10000000000000142,0.1,1.4155343563970746e-15,0.0,6,0,97,91,48.70599272445537,41.64003526987223,31.60000000000018
35.10000000000023,35.34560000000023,0.10000000000000142,0.1,1.4155343563970746e-15,0.0,6,0,97,91,48.53439602417429,41.36997359073076,31.700000000000177
35.20000000000023,35.44560000000023,0.10000000000000142,0.1,1.4155343563970746e-15,0.0,6,0,98,91,48.39859767403376,41.18494275116002,31.800000000000182
35.30000000000023,35.545600000000235,0.10000000000000142,0.1,1.4155343563970746e-15,0.0,6,0,99,92,48.287784402261046,41.08494275116002,31.900000000000187
35.40000000000023,35.645600000000236,0.10000000000000142,0.1,1.4155343563970746e-15,0.0,6,0,99,93,48.18778440226104,40.98494275116002,32.000000000000185
35.500000000000234,35.74560000000024,0.10000000000000142,0.1,1.4155343563970746e-15,0.0,6,0,100,93,48.08778440226104,40.88494275116002,32.100000000000186
35.600000000000236,35.84560000000024,0.10000000000000142,0.1,1.4155343563970746e-15,0.0,6,0,101,93,47.98778440226104,40.78494275116002,32.20000000000019
35.70000000000024,35.94560000000024,0.10000000000000142,0.1,1.4155343563970746e-15,0.0,6,0,102,93,47.88778440226104,40.684942751160015,32.30000000000019
35.80000000000024,36.04560000000024,0.10000000000000142,0.1,1.4155343563970746e-15,0.0,6,0,102,93,47.787784402261046,40.584942751160014,32.40000000000019
35.90000000000024,36.14560000000024,0.10000000000000142,0.1,1.4155343563970746e-15,0.0,6,0,102,93,47.68778440226104,40.48494275116001,32.50000000000019
36.00000000000024,36.245600000000245,0.10000000000000142,0.1,1.4155343563970746e-15,0.0,6,0,102,93,47.587784402261036,40.38494275116001,32.60000000000019
36.10000000000024,36.345600000000246,0.10000000000000142,0.1,1.4155343563970746e-15,0.0,6,0,102,94,47.48778440226104,40.28494275116001,32.700000000000195
36.200000000000244,36.44560000000025,0.10000000000000142,0.1,1.4155343563970746e-15,0.0,6,0,102,94,47.38778440226104,40.18494275116001,32.800000000000196
36.300000000000246,36.54560000000025,0.10000000000000142,0.1,1.4155343563970746e-15,0.0,6,0,103,95,47.287784402261046,40.08494275116001,32.9000000000002
36.40000000000025,36.64560000000025,0.10000000000000142,0.1,1.4155343563970746e-15,0.0,6,0,103,96,47.18778440226104,39.984942751160006,33.0000000000002
36.50000000000025,36.74560000000025,0.10000000000000142,0.1,1.4155343563970746e-15,0.0,6,0,103,97,47.087784402261036,39.884942751160004,33.1000000000002
36.60000000000025,36.84560000000025,0.10000000000000142,0.1,1.4155343563970746e-15,0.0,6,0,103,96,46.98778440226104,39.78494275116,33.2000000000002
36.70000000000025,36.945600000000255,0.10000000000000142,0.1,1.4155343563970746e-15,0.0,6,0,103,96,46.88778440226104,39.68494275116,33.3000000000002
36.80000000000025,37.045600000000256,0.10000000000000142,0.1,1.4155343563970746e-15,0.0,6,0,104,97,46.60747503113146,39.58494275116,33.400000000000205
36.900000000000254,37.14560000000026,0.10000000000000142,0.1,1.4155343563970746e-15,0.0,6,0,104,97,46.340808364464785,39.48494275116,33.500000000000206
37.000000000000256,37.24560000000026,0.10000000000000142,0.1,1.4155343563970746e-15,0.0,6,0,105,97,46.07414169779812,39.38494275116,33.60000000000021
37.10000000000026,37.39500000000026,0.14939999999999998,0.1,0.04939999999999997,0.0,6,0,105,98,54.04080836446482,39.284942751159996,33.70000000000021
37.20000000000026,37.49500000000026,0.10000000000000142,0.1,1.4155343563970746e-15,0.0,6,0,105,98,53.807211914458435,39.184942751159994,33.80000000000021
37.30000000000026,37.59500000000026,0.10000000000000142,0.1,1.4155343563970746e-15,0.0,6,0,105,98,53.53711321370017,39.08494275115999,33.90000000000021
37.40000000000026,37.69500000000026,0.10000000000000142,0.1,1.4155343563970746e-15,0.0,6,0,106,98,53.270446547033494,38.98494275115999,34.00000000000021
37.50000000000026,37.795000000000265,0.10000000000000142,0.1,1.4155343563970746e-15,0.0,6,0,106,98,53.003779880366835,38.88494275115999,34.100000000000215
37.600000000000264,37.895000000000266,0.10000000000000142,0.1,1.4155343563970746e-15,0.0,6,0,107,98,52.73711321370016,38.78494275115999,34.200000000000216
37.700000000000266,37.99500000000027,0.10000000000000142,0.1,1.4155343563970746e-15,0.0,6,0,108,98,52.470446547033504,38.68494275115999,34.30000000000022
37.80000000000027,38.09500000000027,0.10000000000000142,0.1,1.4155343563970746e-15,0.0,6,0,109,98,52.20377988036683,38.584942751159986,34.40000000000022
37.90000000000027,38.19500000000027,0.10000000000000142,0.1,1.4155343563970746e-15,0.0,6,0,109,98,51.93711321370017,38.484942751159984,34.50000000000022
38.00000000000027,38.29500000000027,0.10000000000000142,0.1,1.4155343563970746e-15,0.0,6,0,110,98,51.6704465470335,38.38494275115998,34.60000000000022
38.10000000000027,38.39500000000027,0.10000000000000142,0.1,1.4155343563970746e-15,0.0,6,0,111,98,51.40377988036684,38.28494275115998,34.70000000000022
38.20000000000027,38.55500000000028,0.1600000000000037,0.1,0.06000000000000369,0.0,6,0,110,98,61.13711321370024,79.96517025578801,34.800000000000225
38.300000000000274,38.65500000000028,0.10000000000000142,0.1,1.4155343563970746e-15,0.0,6,0,110,98,60.870446547033566,79.86517025578802,34.900000000000226
38.400000000000276,38.75500000000028,0.10000000000000142,0.1,1.4155343563970746e-15,0.0,6,0,110,99,60.59999588159783,79.76517025578802,35.00000000000023
38.50000000000028,38.85500000000028,0.10000000000000142,0.1,1.4155343563970746e-15,0.0,6,0,110,99,60.3279194358789,79.66517025578803,35.10000000000023
38.60000000000028,38.95500000000028,0.10000000000000142,0.1,1.4155343563970746e-15,0.0,6,0,111,99,60.05805935111875,79.56517025578803,35.20000000000023
38.70000000000028,39.055000000000284,0.10000000000000142,0.1,1.4155343563970746e-15,0.0,6,0,111,100,59.78772646511293,79.46517025578804,35.30000000000023
38.80000000000028,39.155000000000285,0.10000000000000142,0.1,1.4155343563970746e-15,0.0,6,0,112,100,59.51642156590257,79.36517025578804,35.40000000000023
38.90000000000028,39.25500000000029,0.10000000000000142,0.1,1.4155343563970746e-15,0.0,6,0,112,101,59.24473526644414,79.26517025578805,35.500000000000234
39.000000000000284,39.35500000000029,0.10000000000000142,0.1,1.4155343563970746e-15,0.0,6,0,113,102,58.97119399541054,79.16517025578806,35.600000000000236
39.100000000000286,39.45500000000029,0.10000000000000142,0.1,1.4155343563970746e-15,0.0,6,0,113,102,58.69831098873134,79.06517025578806,35.70000000000024
39.20000000000029,39.55500000000029,0.10000000000000142,0.1,1.4155343563970746e-15,0.0,6,0,114,102,58.425299140546166,78.96517025578807,35.80000000000024
39.30000000000029,39.65500000000029,0.10000000000000142,0.1,1.4155343563970746e-15,0.0,6,0,114,102,58.152900889757746,78.86517025578807,35.90000000000024
39.40000000000029,39.755000000000294,0.10000000000000142,0.1,1.4155343563970746e-15,0.0,6,0,114,102,57.88211626382243,78.76517025578808,36.00000000000024
39.50000000000029,39.855000000000295,0.10000000000000142,0.1,1.4155343563970746e-15,0.0,6,0,114,103,57.60917417130735,78.66517025578808,36.10000000000024
39.60000000000029,39.9550000000003,0.10000000000000142,0.1,1.4155343563970746e-15,0.0,6,0,114,103,57.32889054987724,78.56517025578809,36.200000000000244
39.700000000000294,40.0550000000003,0.10000000000000142,0.1,1.4155343563970746e-15,0.0,6,0,114,103,57.04256542692199,78.4651702557881,36.300000000000246
39.800000000000296,40.1550000000003,0.10000000000000142,0.1,1.4155343563970746e-15,0.0,6,0,114,103,56.75287580138697,78.3651702557881,36.40000000000025
39.9000000000003,40.2550000000003,0.10000000000000142,0.1,1.4155343563970746e-15,0.0,6,0,114,103,56.47674703950849,78.12796891251229,36.50000000000025
40.0000000000003,40.3550000000003,0.10000000000000142,0.1,1.4155343563970746e-15,0.0,6,0,114,103,56.187459619344025,77.476655192325,36.60000000000025
40.1000000000003,40.455000000000304,0.10000000000000142,0.1,1.4155343563970746e-15,0.0,6,0,114,103,55.91642243686231,76.876655192325,36.70000000000025
40.2000000000003,40.555000000000305,0.10000000000000142,0.1,1.4155343563970746e-15,0.0,6,0,114,103,55.64975577019565,76.27665519232501,36.80000000000025
40.3000000000003,40.65500000000031,0.10000000000000142,0.1,1.4155343563970746e-15,0.0,6,0,115,103,55.38308910352898,75.67665519232501,36.900000000000254
40.400000000000304,40.75500000000031,0.10000000000000142,0.1,1.4155343563970746e-15,0.0,6,0,115,103,55.116422436862315,75.07665519232502,37.000000000000256
40.500000000000306,40.85500000000031,0.10000000000000142,0.1,1.4155343563970746e-15,0.0,6,0,117,104,54.84975577019565,74.47665519232503,37.10000000000026
40.60000000000031,40.95500000000031,0.10000000000000142,0.1,1.4155343563970746e-15,0.0,6,0,117,104,54.583089103528984,73.87665519232503,37.20000000000026
40.70000000000031,41.05500000000031,0.10000000000000142,0.1,1.4155343563970746e-15,0.0,6,0,118,104,54.316422436862325,73.27665519232504,37.30000000000026
40.80000000000031,41.155000000000314,0.10000000000000142,0.1,1.4155343563970746e-15,0.0,6,0,118,105,54.04975577019565,72.67665519232504,37.40000000000026
40.90000000000031,41.255000000000315,0.10000000000000142,0.1,1.4155343563970746e-15,0.0,6,0,118,105,53.783089103528994,72.07665519232505,37.50000000000026
41.00000000000031,41.35500000000032,0.10000000000000142,0.1,1.4155343563970746e-15,0.0,6,0,119,105,53.51642243686232,71.47665519232505,37.600000000000264
41.100000000000314,41.45500000000032,0.10000000000000142,0.1,1.4155343563970746e-15,0.0,6,0,119,105,53.24975577019566,70.87665519232506,37.700000000000266
41.200000000000315,41.55500000000032,0.10000000000000142,0.1,1.4155343563970746e-15,0.0,6,0,119,105,52.983089103529004,70.27665519232507,37.80000000000027
41.30000000000032,41.65500000000032,0.10000000000000142,0.1,1.4155343563970746e-15,0.0,6,0,120,105,52.71642243686233,69.67665519232507,37.90000000000027
41.40000000000032,41.75500000000032,0.10000000000000142,0.1,1.4155343563970746e-15,0.0,6,0,120,105,52.44975577019567,69.07665519232508,38.00000000000027
41.50000000000032,41.855000000000324,0.10000000000000142,0.1,1.4155343563970746e-15,0.0,6,0,120,105,52.18308910352901,68.47665519232508,38.10000000000027
41.60000000000032,41.955000000000325,0.10000000000000142,0.1,1.4155343563970746e-15,0.0,6,0,120,105,51.91642243686234,67.87665519232509,38.20000000000027
41.70000000000032,42.05500000000033,0.10000000000000142,0.1,1.4155343563970746e-15,0.0,6,0,120,105,51.649755770195675,67.2766551923251,38.300000000000274
41.800000000000324,42.15500000000033,0.10000000000000142,0.1,1.4155343563970746e-15,0.0,6,0,120,105,51.38308910352902,66.6766551923251,38.400000000000276
41.900000000000325,42.25500000000033,0.10000000000000142,0.1,1.4155343563970746e-15,0.0,6,0,120,105,51.21164931431841,66.22724748052404,38.50000000000028
42.00000000000033,42.35500000000033,0.10000000000000142,0.1,1.4155343563970746e-15,0.0,6,0,120,105,51.11164931431841,66.12724748052405,38.60000000000028
42.10000000000033,42.45500000000033,0.10000000000000142,0.1,1.4155343563970746e-15,0.0,6,0,120,106,51.01164931431841,66.02724748052405,38.70000000000028
42.20000000000033,42.555000000000334,0.10000000000000142,0.1,1.4155343563970746e-15,0.0,6,0,120,106,50.91164931431842,65.92724748052406,38.80000000000028
42.30000000000033,42.655000000000335,0.10000000000000142,0.1,1.4155343563970746e-15,0.0,6,0,121,106,50.81164931431842,65.82724748052406,38.90000000000028
42.40000000000033,42.75500000000034,0.10000000000000142,0.1,1.4155343563970746e-15,0.0,6,0,121,107,50.711649314318414,65.72724748052407,39.000000000000284
42.500000000000334,42.85500000000034,0.10000000000000142,0.1,1.4155343563970746e-15,0.0,6,0,121,107,50.61164931431842,65.62724748052408,39.100000000000286
42.600000000000335,42.95500000000034,0.10000000000000142,0.1,1.4155343563970746e-15,0.0,6,0,122,107,50.511649314318426,65.52724748052408,39.20000000000029
42.70000000000034,43.05500000000034,0.10000000000000142,0.1,1.4155343563970746e-15,0.0,6,0,122,107,50.411649314318424,65.42724748052409,39.30000000000029
42.80000000000034,43.15500000000034,0.10000000000000142,0.1,1.4155343563970746e-15,0.0,6,0,122,107,50.31164931431843,65.3272474805241,39.40000000000029
42.90000000000034,43.255000000000344,0.10000000000000142,0.1,1.4155343563970746e-15,0.0,6,0,123,107,50.21164931431843,65.2272474805241,39.50000000000029
43.00000000000034,43.355000000000345,0.10000000000000142,0.1,1.4155343563970746e-15,0.0,6,0,123,107,50.111649314318434,65.1272474805241,39.60000000000029
43.10000000000034,43.45500000000035,0.10000000000000142,0.1,1.4155343563970746e-15,0.0,6,0,123,107,50.01164931431844,65.02724748052411,39.700000000000294
43.200000000000344,43.55500000000035,0.10000000000000142,0.1,1.4155343563970746e-15,0.0,6,0,123,108,49.91164931431843,64.92724748052412,39.800000000000296
43.300000000000345,43.65500000000035,0.10000000000000142,0.1,1.4155343563970746e-15,0.0,6,0,123,108,49.81164931431844,64.82724748052412,39.9000000000003
43.40000000000035,43.75500000000035,0.10000000000000142,0.1,1.4155343563970746e-15,0.0,6,0,124,109,49.711649314318436,64.72724748052413,40.0000000000003
43.50000000000035,43.85500000000035,0.10000000000000142,0.1,1.4155343563970746e-15,0.0,6,0,125,109,49.61164931431844,64.62724748052413,40.1000000000003
43.60000000000035,43.955000000000354,0.10000000000000142,0.1,1.4155343563970746e-15,0.0,6,0,126,109,49.51164931431845,64.52724748052414,40.2000000000003
43.70000000000035,44.055000000000355,0.10000000000000142,0.1,1.4155343563970746e-15,0.0,6,0,126,109,49.411649314318446,64.42724748052414,40.3000000000003
43.80000000000035,44.155000000000356,0.10000000000000142,0.1,1.4155343563970746e-15,0.0,6,0,127,109,49.31164931431845,64.32724748052415,40.400000000000304
43.900000000000354,44.25500000000036,0.10000000000000142,0.1,1.4155343563970746e-15,0.0,6,0,128,109,49.21164931431846,64.22724748052416,40.500000000000306
44.000000000000355,44.35500000000036,0.10000000000000142,0.1,1.4155343563970746e-15,0.0,6,0,128,109,49.11164931431845,64.12724748052416,40.60000000000031
44.10000000000036,44.45500000000036,0.10000000000000142,0.1,1.4155343563970746e-15,0.0,6,0,128,109,49.011649314318454,64.02724748052417,40.70000000000031
44.20000000000036,44.55500000000036,0.10000000000000142,0.1,1.4155343563970746e-15,0.0,6,0,128,109,48.91164931431845,63.927247480524166,40.80000000000031
44.30000000000036,44.65500000000036,0.10000000000000142,0.1,1.4155343563970746e-15,0.0,6,0,128,109,48.81164931431846,63.827247480524164,40.90000000000031
44.40000000000036,44.755000000000365,0.10000000000000142,0.1,1.4155343563970746e-15,0.0,6,0,128,109,48.71164931431846,63.72724748052416,41.00000000000031
44.50000000000036,44.855000000000366,0.10000000000000142,0.1,1.4155343563970746e-15,0.0,6,0,128,109,48.61164931431846,63.62724748052416,41.100000000000314
44.600000000000364,44.95500000000037,0.10000000000000142,0.1,1.4155343563970746e-15,0.0,6,0,128,109,48.511649314318454,63.52724748052416,41.200000000000315
44.700000000000365,45.05500000000037,0.10000000000000142,0.1,1.4155343563970746e-15,0.0,6,0,128,109,48.41164931431846,63.42724748052416,41.30000000000032
44.80000000000037,45.15500000000037,0.10000000000000142,0.1,1.4155343563970746e-15,0.0,6,0,129,109,48.31164931431846,63.32724748052416,41.40000000000032
44.90000000000037,45.25500000000037,0.10000000000000142,0.1,1.4155343563970746e-15,0.0,6,0,130,109,48.211649314318464,63.227247480524156,41.50000000000032
45.00000000000037,45.35500000000037,0.10000000000000142,0.1,1.4155343563970746e-15,0.0,6,0,130,109,48.11164931431846,63.127247480524154,41.60000000000032
45.10000000000037,45.455000000000375,0.10000000000000142,0.1,1.4155343563970746e-15,0.0,6,0,131,109,48.01164931431847,63.02724748052415,41.70000000000032
45.20000000000037,45.555000000000376,0.10000000000000142,0.1,1.4155343563970746e-15,0.0,6,0,132,109,47.91164931431846,62.92724748052415,41.800000000000324
45.300000000000374,45.65500000000038,0.10000000000000142,0.1,1.4155343563970746e-15,0.0,6,0,135,109,47.811649314318466,62.82724748052415,41.900000000000325
45.400000000000375,45.75500000000038,0.10000000000000142,0.1,1.4155343563970746e-15,0.0,6,0,135,109,47.711649314318464,62.72724748052415,42.00000000000033
45.50000000000038,45.85500000000038,0.10000000000000142,0.1,1.4155343563970746e-15,0.0,6,0,135,109,47.61164931431847,62.62724748052415,42.10000000000033
45.60000000000038,45.95500000000038,0.10000000000000142,0.1,1.4155343563970746e-15,0.0,6,0,135,109,47.51164931431847,62.527247480524146,42.20000000000033
45.70000000000038,46.05500000000038,0.10000000000000142,0.1,1.4155343563970746e-15,0.0,6,0,135,109,47.411649314318474,62.427247480524144,42.30000000000033
45.80000000000038,46.155000000000385,0.10000000000000142,0.1,1.4155343563970746e-15,0.0,6,0,136,109,47.311649314318466,62.32724748052414,42.40000000000033
45.90000000000038,46.255000000000386,0.10000000000000142,0.1,1.4155343563970746e-15,0.0,6,0,136,109,47.21164931431847,62.22724748052414,42.500000000000334
46.000000000000384,46.35500000000039,0.10000000000000142,0.1,1.4155343563970746e-15,0.0,6,0,136,109,47.11164931431847,62.12724748052414,42.600000000000335
46.100000000000385,46.45500000000039,0.10000000000000142,0.1,1.4155343563970746e-15,0.0,6,0,136,109,47.011649314318475,62.02724748052414,42.70000000000034
46.20000000000039,46.55500000000039,0.10000000000000142,0.1,1.4155343563970746e-15,0.0,6,0,137,109,46.911649314318474,61.92724748052414,42.80000000000033
46.30000000000039,46.65500000000039,0.10000000000000142,0.1,1.4155343563970746e-15,0.0,6,0,139,109,46.81164931431848,61.827247480524136,42.90000000000034
46.40000000000039,46.75500000000039,0.10000000000000142,0.1,1.4155343563970746e-15,0.0,6,0,139,109,46.71164931431847,61.727247480524134,43.00000000000034
46.50000000000039,46.855000000000395,0.10000000000000142,0.1,1.4155343563970746e-15,0.0,6,0,139,109,46.61164931431848,61.62724748052413,43.10000000000034
46.60000000000039,46.955000000000396,0.10000000000000142,0.1,1.4155343563970746e-15,0.0,6,0,139,109,46.511649314318475,61.52724748052413,43.20000000000035
46.700000000000394,47.0550000000004,0.10000000000000142,0.1,1.4155343563970746e-15,0.0,6,0,139,109,46.41164931431848,61.42724748052413,43.300000000000345
46.800000000000395,47.1550000000004,0.10000000000000142,0.1,1.4155343563970746e-15,0.0,6,0,140,110,46.31164931431848,61.32724748052413,43.40000000000035
46.9000000000004,47.2550000000004,0.10000000000000142,0.1,1.4155343563970746e-15,0.0,6,0,140,111,46.211649314318485,61.22724748052413,43.50000000000035
47.0000000000004,47.3550000000004,0.10000000000000142,0.1,1.4155343563970746e-15,0.0,6,0,140,111,46.11164931431848,61.127247480524126,43.60000000000034
47.1000000000004,47.4550000000004,0.10000000000000142,0.1,1.4155343563970746e-15,0.0,6,0,141,111,46.01164931431848,61.027247480524125,43.70000000000035
47.2000000000004,47.555000000000405,0.10000000000000142,0.1,1.4155343563970746e-15,0.0,6,0,141,111,45.91164931431848,60.92724748052412,43.80000000000035
47.3000000000004,47.655000000000406,0.10000000000000142,0.1,1.4155343563970746e-15,0.0,6,0,142,111,45.81164931431849,60.82724748052412,43.900000000000354
47.400000000000404,47.75500000000041,0.10000000000000142,0.1,1.4155343563970746e-15,0.0,6,0,142,111,45.711649314318485,60.72724748052412,44.00000000000036
47.500000000000405,47.85500000000041,0.10000000000000142,0.1,1.4155343563970746e-15,0.0,6,0,142,111,45.61164931431849,60.62724748052412,44.10000000000036
47.600000000000406,47.95500000000041,0.10000000000000142,0.1,1.4155343563970746e-15,0.0,6,0,142,111,45.51164931431848,60.52724748052412,44.20000000000036
47.70000000000041,48.05500000000041,0.10000000000000142,0.1,1.4155343563970746e-15,0.0,6,0,142,111,45.41164931431849,60.427247480524116,44.30000000000036
47.80000000000041,48.15500000000041,0.10000000000000142,0.1,1.4155343563970746e-15,0.0,6,0,142,111,45.31164931431849,60.327247480524115,44.400000000000354
47.90000000000041,48.255000000000415,0.10000000000000142,0.1,1.4155343563970746e-15,0.0,6,0,142,111,45.21164931431849,60.22724748052411,44.50000000000036
48.00000000000041,48.355000000000416,0.10000000000000142,0.1,1.4155343563970746e-15,0.0,6,0,142,111,45.11164931431849,60.12724748052411,44.600000000000364
48.10000000000041,48.45500000000042,0.10000000000000142,0.1,1.4155343563970746e-15,0.0,6,0,143,111,45.0116493143185,60.02724748052411,44.700000000000365
48.200000000000415,48.55500000000042,0.10000000000000142,0.1,1.4155343563970746e-15,0.0,6,0,145,111,44.91164931431849,59.92724748052411,44.800000000000374
48.300000000000416,48.65500000000042,0.10000000000000142,0.1,1.4155343563970746e-15,0.0,6,0,146,111,44.811649314318494,59.82724748052411,44.90000000000037
48.40000000000042,48.75500000000042,0.10000000000000142,0.1,1.4155343563970746e-15,0.0,6,0,146,111,44.71164931431849,59.727247480524106,45.00000000000037
48.50000000000042,48.85500000000042,0.10000000000000142,0.1,1.4155343563970746e-15,0.0,6,0,146,111,44.6116493143185,59.627247480524105,45.10000000000037
48.60000000000042,48.955000000000425,0.10000000000000142,0.1,1.4155343563970746e-15,0.0,6,0,146,111,44.5116493143185,59.5272474805241,45.200000000000365
48.70000000000042,49.055000000000426,0.10000000000000142,0.1,1.4155343563970746e-15,0.0,6,0,147,112,44.4116493143185,59.4272474805241,45.300000000000374
48.80000000000042,49.15500000000043,0.10000000000000142,0.1,1.4155343563970746e-15,0.0,6,0,150,112,44.311649314318494,59.3272474805241,45.400000000000375
48.900000000000425,49.25500000000043,0.10000000000000142,0.1,1.4155343563970746e-15,0.0,6,0,151,112,44.2116493143185,59.2272474805241,45.50000000000038
49.000000000000426,49.35500000000043,0.10000000000000142,0.1,1.4155343563970746e-15,0.0,6,0,151,112,44.1116493143185,59.1272474805241,45.600000000000385
49.10000000000043,49.45500000000043,0.10000000000000142,0.1,1.4155343563970746e-15,0.0,6,0,151,112,44.011649314318504,59.027247480524096,45.70000000000038
49.20000000000043,49.55500000000043,0.10000000000000142,0.1,1.4155343563970746e-15,0.0,6,0,151,113,43.9116493143185,58.927247480524095,45.80000000000038
49.30000000000043,49.655000000000435,0.10000000000000142,0.1,1.4155343563970746e-15,0.0,6,0,153,113,43.81164931431851,58.82724748052409,45.90000000000038
49.40000000000043,49.755000000000436,0.10000000000000142,0.1,1.4155343563970746e-15,0.0,6,0,153,113,43.7116493143185,58.72724748052409,46.00000000000038
49.50000000000043,49.85500000000044,0.10000000000000142,0.1,1.4155343563970746e-15,0.0,6,0,154,113,43.611649314318505,58.62724748052409,46.100000000000385
49.600000000000435,49.95500000000044,0.10000000000000142,0.1,1.4155343563970746e-15,0.0,6,0,154,113,43.511649314318504,58.52724748052409,46.20000000000039
49.700000000000436,50.05500000000044,0.10000000000000142,0.1,1.4155343563970746e-15,0.0,6,0,155,114,43.41164931431851,58.42724748052409,46.30000000000039
49.80000000000044,50.15500000000044,0.10000000000000142,0.1,1.4155343563970746e-15,0.0,6,0,155,114,43.311649314318515,58.327247480524086,46.4000000000004
49.90000000000044,50.25500000000044,0.10000000000000142,0.1,1.4155343563970746e-15,0.0,6,0,155,114,43.211649314318514,58.227247480524085,46.50000000000039
50.00000000000044,50.355000000000445,0.10000000000000142,0.1,1.4155343563970746e-15,0.0,6,0,157,114,43.11164931431852,58.12724748052408,46.60000000000039
50.10000000000044,50.455000000000446,0.10000000000000142,0.1,1.4155343563970746e-15,0.0,6,0,143,114,43.01164931431851,58.02724748052408,46.700000000000394
50.20000000000044,50.55500000000045,0.10000000000000142,0.1,1.4155343563970746e-15,0.0,6,0,137,114,42.91164931431852,57.92724748052408,46.80000000000039
50.300000000000445,50.65500000000045,0.10000000000000142,0.1,1.4155343563970746e-15,0.0,6,0,134,115,42.811649314318515,57.82724748052408,46.9000000000004
50.400000000000446,50.75500000000045,0.10000000000000142,0.1,1.4155343563970746e-15,0.0,6,0,132,115,42.71164931431852,57.72724748052408,47.0000000000004
50.50000000000045,50.85500000000045,0.10000000000000142,0.1,1.4155343563970746e-15,0.0,6,0,131,115,42.61164931431852,57.627247480524076,47.1000000000004
50.60000000000045,50.95500000000045,0.10000000000000142,0.1,1.4155343563970746e-15,0.0,6,0,130,115,42.511649314318525,57.527247480524075,47.20000000000041
50.70000000000045,51.055000000000454,0.10000000000000142,0.1,1.4155343563970746e-15,0.0,6,0,132,115,42.411649314318524,57.42724748052407,47.3000000000004
50.80000000000045,51.155000000000456,0.10000000000000142,0.1,1.4155343563970746e-15,0.0,6,0,132,115,42.31164931431852,57.32724748052407,47.400000000000404
50.90000000000045,51.25500000000046,0.10000000000000142,0.1,1.4155343563970746e-15,0.0,6,0,132,115,42.21164931431853,57.22724748052407,47.500000000000405
51.000000000000455,51.35500000000046,0.10000000000000142,0.1,1.4155343563970746e-15,0.0,6,0,132,115,42.11164931431853,57.12724748052407,47.6000000000004
51.100000000000456,51.45500000000046,0.10000000000000142,0.1,1.4155343563970746e-15,0.0,6,0,132,116,42.011649314318525,57.02724748052407,47.70000000000041
51.20000000000046,51.55500000000046,0.10000000000000142,0.1,1.4155343563970746e-15,0.0,6,0,131,116,41.91164931431853,56.927247480524066,47.80000000000041
51.30000000000046,51.65500000000046,0.10000000000000142,0.1,1.4155343563970746e-15,0.0,6,0,131,116,41.81164931431853,56.827247480524065,47.90000000000041
51.40000000000046,51.755000000000464,0.10000000000000142,0.1,1.4155343563970746e-15,0.0,6,0,131,117,41.71164931431853,56.72724748052406,48.00000000000042
51.50000000000046,51.855000000000466,0.10000000000000142,0.1,1.4155343563970746e-15,0.0,6,0,133,117,41.611649314318534,56.62724748052406,48.10000000000041
51.60000000000046,51.95500000000047,0.10000000000000142,0.1,1.4155343563970746e-15,0.0,6,0,133,117,41.51164931431853,56.52724748052406,48.200000000000415
51.700000000000465,52.05500000000047,0.10000000000000142,0.1,1.4155343563970746e-15,0.0,6,0,133,117,41.41164931431853,56.42724748052406,48.300000000000416
51.800000000000466,52.15500000000047,0.10000000000000142,0.1,1.4155343563970746e-15,0.0,6,0,132,117,41.31164931431854,56.32724748052406,48.40000000000041
51.90000000000047,52.25500000000047,0.10000000000000142,0.1,1.4155343563970746e-15,0.0,6,0,134,117,41.211649314318535,56.227247480524056,48.50000000000042
52.00000000000047,52.35500000000047,0.10000000000000142,0.1,1.4155343563970746e-15,0.0,6,0,133,117,41.111649314318534,56.127247480524055,48.60000000000042
52.10000000000047,52.455000000000474,0.10000000000000142,0.1,1.4155343563970746e-15,0.0,6,0,134,117,41.01164931431854,56.02724748052405,48.70000000000042
52.20000000000047,52.555000000000476,0.10000000000000142,0.1,1.4155343563970746e-15,0.0,6,0,133,118,40.91164931431854,55.92724748052405,48.80000000000043
52.30000000000047,52.65500000000048,0.10000000000000142,0.1,1.4155343563970746e-15,0.0,6,0,134,118,40.811649314318544,55.82724748052405,48.900000000000425
52.400000000000475,52.75500000000048,0.10000000000000142,0.1,1.4155343563970746e-15,0.0,6,0,134,119,40.71164931431854,55.72724748052405,49.000000000000426
52.500000000000476,52.85500000000048,0.10000000000000142,0.1,1.4155343563970746e-15,0.0,6,0,134,119,40.61164931431855,55.62724748052405,49.10000000000043
52.60000000000048,52.95500000000048,0.10000000000000142,0.1,1.4155343563970746e-15,0.0,6,0,134,119,40.51164931431855,55.527247480524046,49.20000000000042
52.70000000000048,53.05500000000048,0.10000000000000142,0.1,1.4155343563970746e-15,0.0,6,0,134,119,40.411649314318545,55.427247480524045,49.30000000000043
52.80000000000048,53.155000000000484,0.10000000000000142,0.1,1.4155343563970746e-15,0.0,6,0,135,119,40.31164931431855,55.32724748052404,49.40000000000043
52.90000000000048,53.255000000000486,0.10000000000000142,0.1,1.4155343563970746e-15,0.0,6,0,135,119,40.21164931431855,55.22724748052404,49.50000000000043
53.00000000000048,53.35500000000049,0.10000000000000142,0.1,1.4155343563970746e-15,0.0,6,0,136,119,40.11164931431855,55.12724748052404,49.60000000000044
53.100000000000485,53.45500000000049,0.10000000000000142,0.1,1.4155343563970746e-15,0.0,6,0,136,119,40.011649314318554,55.02724748052404,49.700000000000436
53.200000000000486,53.55500000000049,0.10000000000000142,0.1,1.4155343563970746e-15,0.0,6,0,136,119,39.91164931431855,54.92724748052404,49.80000000000044
53.30000000000049,53.65500000000049,0.10000000000000142,0.1,1.4155343563970746e-15,0.0,6,0,136,120,39.81164931431855,54.827247480524036,49.90000000000044
53.40000000000049,53.75500000000049,0.10000000000000142,0.1,1.4155343563970746e-15,0.0,6,0,137,120,39.71164931431856,54.727247480524035,50.00000000000043
53.50000000000049,53.855000000000494,0.10000000000000142,0.1,1.4155343563970746e-15,0.0,6,0,136,120,39.611649314318555,54.627247480524034,50.10000000000044
53.60000000000049,53.955000000000496,0.10000000000000142,0.1,1.4155343563970746e-15,0.0,6,0,136,120,39.511649314318554,54.52724748052403,50.20000000000044
53.70000000000049,54.0550000000005,0.10000000000000142,0.1,1.4155343563970746e-15,0.0,6,0,137,120,39.41164931431855,54.42724748052403,50.300000000000445
53.800000000000495,54.1550000000005,0.10000000000000142,0.1,1.4155343563970746e-15,0.0,6,0,137,120,39.31164931431855,54.32724748052403,50.40000000000045
53.900000000000496,54.2550000000005,0.10000000000000142,0.1,1.4155343563970746e-15,0.0,6,0,137,120,39.21164931431856,54.22724748052403,50.50000000000045
54.0000000000005,54.3550000000005,0.10000000000000142,0.1,1.4155343563970746e-15,0.0,6,0,136,120,39.111649314318555,54.12724748052403,50.60000000000045
54.1000000000005,54.4550000000005,0.10000000000000142,0.1,1.4155343563970746e-15,0.0,6,0,137,120,39.011649314318554,54.027247480524025,50.70000000000045
54.2000000000005,54.555000000000504,0.10000000000000142,0.1,1.4155343563970746e-15,0.0,6,0,137,120,38.91164931431855,53.927247480524024,50.800000000000445
54.3000000000005,54.655000000000506,0.10000000000000142,0.1,1.4155343563970746e-15,0.0,6,0,140,120,38.81164931431855,53.82724748052402,50.90000000000045
54.4000000000005,54.75500000000051,0.10000000000000142,0.1,1.4155343563970746e-15,0.0,6,0,142,120,38.71164931431855,53.72724748052402,51.000000000000455
54.500000000000504,54.85500000000051,0.10000000000000142,0.1,1.4155343563970746e-15,0.0,6,0,144,121,38.61164931431855,53.62724748052402,51.100000000000456
54.600000000000506,54.95500000000051,0.10000000000000142,0.1,1.4155343563970746e-15,0.0,6,0,145,121,38.51164931431855,53.52724748052402,51.200000000000465
54.70000000000051,55.05500000000051,0.10000000000000142,0.1,1.4155343563970746e-15,0.0,6,0,145,121,38.411649314318545,53.42724748052402,51.30000000000046
54.80000000000051,55.15500000000051,0.10000000000000142,0.1,1.4155343563970746e-15,0.0,6,0,146,121,38.311649314318544,53.327247480524015,51.40000000000046
54.90000000000051,55.255000000000514,0.10000000000000142,0.1,1.4155343563970746e-15,0.0,6,0,146,121,38.21164931431854,53.227247480524014,51.50000000000046
55.00000000000051,55.355000000000516,0.10000000000000142,0.1,1.4155343563970746e-15,0.0,6,0,146,121,38.11164931431855,53.12724748052401,51.600000000000456
55.10000000000051,55.45500000000052,0.10000000000000142,0.1,1.4155343563970746e-15,0.0,6,0,147,121,38.01164931431854,53.02724748052401,51.700000000000465
55.200000000000514,55.55500000000052,0.10000000000000142,0.1,1.4155343563970746e-15,0.0,6,0,147,121,37.911649314318545,52.92724748052401,51.800000000000466
55.300000000000516,55.65500000000052,0.10000000000000142,0.1,1.4155343563970746e-15,0.0,6,0,148,121,37.81164931431854,52.82724748052401,51.90000000000047
55.40000000000052,55.75500000000052,0.10000000000000142,0.1,1.4155343563970746e-15,0.0,6,0,148,122,37.71164931431854,52.72724748052401,52.000000000000476
55.50000000000052,55.85500000000052,0.10000000000000142,0.1,1.4155343563970746e-15,0.0,6,0,148,122,37.611649314318534,52.627247480524005,52.10000000000047
55.60000000000052,55.955000000000524,0.10000000000000142,0.1,1.4155343563970746e-15,0.0,6,0,149,122,37.51164931431854,52.527247480524004,52.20000000000047
55.70000000000052,56.055000000000526,0.10000000000000142,0.1,1.4155343563970746e-15,0.0,6,0,150,121,37.41164931431853,52.427247480524,52.30000000000047
55.80000000000052,56.15500000000053,0.10000000000000142,0.1,1.4155343563970746e-15,0.0,6,0,151,121,37.31164931431854,52.327247480524,52.40000000000047
55.900000000000524,56.31500000000053,0.1600000000000037,0.1,0.06000000000000369,0.0,6,0,151,121,46.96439087790838,61.395377572845625,52.500000000000476
56.000000000000526,56.41500000000053,0.10000000000000142,0.1,1.4155343563970746e-15,0.0,6,0,151,121,46.66133768005712,61.295377572845624,52.60000000000048
56.10000000000053,56.51500000000053,0.10000000000000142,0.1,1.4155343563970746e-15,0.0,6,0,151,122,46.34744893465841,61.19537757284562,52.70000000000048
56.20000000000053,56.615000000000535,0.10000000000000142,0.1,1.4155343563970746e-15,0.0,6,0,150,122,46.11426237761456,61.09537757284562,52.80000000000049
56.30000000000053,56.715000000000536,0.10000000000000142,0.1,1.4155343563970746e-15,0.0,6,0,150,122,45.9517036270589,60.99537757284562,52.90000000000048
56.40000000000053,56.81500000000054,0.10000000000000142,0.1,1.4155343563970746e-15,0.0,6,0,150,122,45.851703627058896,60.89537757284562,53.00000000000048
56.50000000000053,56.91500000000054,0.10000000000000142,0.1,1.4155343563970746e-15,0.0,6,0,151,122,45.7517036270589,60.79537757284562,53.100000000000485
56.600000000000534,57.01500000000054,0.10000000000000142,0.1,1.4155343563970746e-15,0.0,6,0,151,122,45.6517036270589,60.695377572845615,53.20000000000048
56.700000000000536,57.11500000000054,0.10000000000000142,0.1,1.4155343563970746e-15,0.0,6,0,153,122,45.551703627058906,60.595377572845614,53.30000000000049
56.80000000000054,57.21500000000054,0.10000000000000142,0.1,1.4155343563970746e-15,0.0,6,0,154,123,45.4517036270589,60.49537757284561,53.40000000000049
56.90000000000054,57.315000000000545,0.10000000000000142,0.1,1.4155343563970746e-15,0.0,6,0,156,124,45.351703627058896,60.39537757284561,53.50000000000049
57.00000000000054,57.415000000000546,0.10000000000000142,0.1,1.4155343563970746e-15,0.0,6,0,157,124,45.2517036270589,60.29537757284561,53.6000000000005
57.10000000000054,57.51500000000055,0.10000000000000142,0.1,1.4155343563970746e-15,0.0,6,0,157,123,45.1517036270589,60.19537757284561,53.70000000000049
57.20000000000054,57.61500000000055,0.10000000000000142,0.1,1.4155343563970746e-15,0.0,6,0,158,122,45.051703627058906,60.09537757284561,53.800000000000495
57.300000000000544,57.71500000000055,0.10000000000000142,0.1,1.4155343563970746e-15,0.0,6,0,159,122,44.9517036270589,59.995377572845605,53.900000000000496
57.400000000000546,57.81500000000055,0.10000000000000142,0.1,1.4155343563970746e-15,0.0,6,0,160,121,44.8517036270589,59.895377572845604,54.00000000000049
57.50000000000055,57.91500000000055,0.10000000000000142,0.1,1.4155343563970746e-15,0.0,6,0,162,121,44.7517036270589,59.7953775728456,54.1000000000005
57.60000000000055,58.015000000000555,0.10000000000000142,0.1,1.4155343563970746e-15,0.0,6,0,163,121,44.6517036270589,59.6953775728456,54.2000000000005
57.70000000000055,58.115000000000556,0.10000000000000142,0.1,1.4155343563970746e-15,0.0,6,0,164,121,44.551703627058906,59.5953775728456,54.3000000000005
57.80000000000055,58.21500000000056,0.10000000000000142,0.1,1.4155343563970746e-15,0.0,6,0,164,120,44.4517036270589,59.4953775728456,54.40000000000051
57.90000000000055,58.31500000000056,0.10000000000000142,0.1,1.4155343563970746e-15,0.0,6,0,164,121,44.3517036270589,59.3953775728456,54.500000000000504
58.000000000000554,58.41500000000056,0.10000000000000142,0.1,1.4155343563970746e-15,0.0,6,0,164,121,44.2517036270589,59.295377572845595,54.600000000000506
58.100000000000556,58.51500000000056,0.10000000000000142,0.1,1.4155343563970746e-15,0.0,6,0,164,122,44.1517036270589,59.195377572845594,54.70000000000051
58.20000000000056,58.61500000000056,0.10000000000000142,0.1,1.4155343563970746e-15,0.0,6,0,164,121,44.051703627058906,59.09537757284559,54.8000000000005
58.30000000000056,58.715000000000565,0.10000000000000142,0.1,1.4155343563970746e-15,0.0,6,0,166,121,43.9517036270589,58.99537757284559,54.90000000000051
58.40000000000056,58.815000000000566,0.10000000000000142,0.1,1.4155343563970746e-15,0.0,6,0,166,121,43.8517036270589,58.89537757284559,55.00000000000051
58.50000000000056,58.91500000000057,0.10000000000000142,0.1,1.4155343563970746e-15,0.0,6,0,167,121,43.7517036270589,58.79537757284559,55.10000000000051
58.60000000000056,59.01500000000057,0.10000000000000142,0.1,1.4155343563970746e-15,0.0,6,0,167,120,43.6517036270589,58.69537757284559,55.20000000000052
58.700000000000564,59.11500000000057,0.10000000000000142,0.1,1.4155343563970746e-15,0.0,6,0,170,119,43.551703627058906,58.595377572845585,55.300000000000516
58.800000000000566,59.21500000000057,0.10000000000000142,0.1,1.4155343563970746e-15,0.0,6,0,169,119,43.4517036270589,58.495377572845584,55.40000000000052
58.90000000000057,59.31500000000057,0.10000000000000142,0.1,1.4155343563970746e-15,0.0,6,0,170,119,43.351703627058896,58.39537757284558,55.50000000000052
59.00000000000057,59.415000000000575,0.10000000000000142,0.1,1.4155343563970746e-15,0.0,6,0,170,119,43.251703627058895,58.29537757284558,55.60000000000051
59.10000000000057,59.515000000000576,0.10000000000000142,0.1,1.4155343563970746e-15,0.0,6,0,171,119,43.1517036270589,58.19537757284558,55.70000000000052
59.20000000000057,59.61500000000058,0.10000000000000142,0.1,1.4155343563970746e-15,0.0,6,0,174,119,43.05170362705889,58.09537757284558,55.80000000000052
59.30000000000057,59.71500000000058,0.10000000000000142,0.1,1.4155343563970746e-15,0.0,6,0,174,119,42.95170362705889,57.99537757284558,55.900000000000524
59.400000000000574,59.81500000000058,0.10000000000000142,0.1,1.4155343563970746e-15,0.0,6,0,174,119,42.851703627058896,57.895377572845575,56.00000000000053
59.500000000000576,59.91500000000058,0.10000000000000142,0.1,1.4155343563970746e-15,0.0,6,0,174,118,42.751703627058895,57.795377572845574,56.10000000000053
59.60000000000058,60.01500000000058,0.10000000000000142,0.1,1.4155343563970746e-15,0.0,6,0,175,118,42.651703627058886,57.69537757284557,56.20000000000053
59.70000000000058,60.115000000000585,0.10000000000000142,0.1,1.4155343563970746e-15,0.0,6,0,176,118,42.55170362705889,57.59537757284557,56.30000000000053
59.80000000000058,60.215000000000586,0.10000000000000142,0.1,1.4155343563970746e-15,0.0,6,0,179,118,42.45170362705888,57.49537757284557,56.400000000000524
59.90000000000058,60.31500000000059,0.10000000000000142,0.1,1.4155343563970746e-15,0.0,6,0,180,118,42.35170362705889,57.39537757284557,56.50000000000053
60.00000000000058,60.41500000000059,0.10000000000000142,0.1,1.4155343563970746e-15,0.0,6,0,183,119,42.25170362705888,57.29537757284557,56.600000000000534
60.100000000000584,60.51500000000059,0.10000000000000142,0.1,1.4155343563970746e-15,0.0,6,0,185,119,42.151703627058886,57.195377572845565,56.700000000000536
60.200000000000585,60.61500000000059,0.10000000000000142,0.1,1.4155343563970746e-15,0.0,6,0,187,118,42.051703627058885,57.095377572845564,56.800000000000544
60.30000000000059,60.71500000000059,0.10000000000000142,0.1,1.4155343563970746e-15,0.0,6,0,187,117,41.95170362705888,56.99537757284556,56.90000000000054
60.40000000000059,60.815000000000595,0.10000000000000142,0.1,1.4155343563970746e-15,0.0,6,0,187,115,41.85170362705888,56.89537757284556,57.00000000000054
60.50000000000059,60.915000000000596,0.10000000000000142,0.1,1.4155343563970746e-15,0.0,6,0,188,115,41.75170362705888,56.79537757284556,57.10000000000054
60.60000000000059,61.0150000000006,0.10000000000000142,0.1,1.4155343563970746e-15,0.0,6,0,189,114,41.65170362705888,56.69537757284556,57.200000000000536
60.70000000000059,61.1150000000006,0.10000000000000142,0.1,1.4155343563970746e-15,0.0,6,0,189,114,41.55170362705888,56.59537757284556,57.300000000000544
60.800000000000594,61.2150000000006,0.10000000000000142,0.1,1.4155343563970746e-15,0.0,6,0,189,114,41.451703627058876,56.495377572845555,57.400000000000546
60.900000000000595,61.3150000000006,0.10000000000000142,0.1,1.4155343563970746e-15,0.0,6,0,191,114,41.351703627058875,56.395377572845554,57.50000000000055
61.0000000000006,61.4150000000006,0.10000000000000142,0.1,1.4155343563970746e-15,0.0,6,0,194,114,41.25170362705887,56.29537757284555,57.600000000000556
61.1000000000006,61.515000000000605,0.10000000000000142,0.1,1.4155343563970746e-15,0.0,6,0,194,114,41.15170362705887,56.19537757284555,57.70000000000055
61.2000000000006,61.615000000000606,0.10000000000000142,0.1,1.4155343563970746e-15,0.0,6,0,195,114,41.05170362705888,56.09537757284555,57.80000000000055
61.3000000000006,61.71500000000061,0.10000000000000142,0.1,1.4155343563970746e-15,0.0,6,0,197,112,40.95170362705887,55.99537757284555,57.90000000000055
61.4000000000006,61.81500000000061,0.10000000000000142,0.1,1.4155343563970746e-15,0.0,6,0,198,111,40.851703627058875,55.89537757284555,58.00000000000055
61.500000000000604,61.91500000000061,0.10000000000000142,0.1,1.4155343563970746e-15,0.0,6,0,198,110,40.75170362705887,55.795377572845545,58.100000000000556
61.600000000000605,62.01500000000061,0.10000000000000142,0.1,1.4155343563970746e-15,0.0,6,0,201,110,40.65170362705887,55.695377572845544,58.20000000000056
61.70000000000061,62.11500000000061,0.10000000000000142,0.1,1.4155343563970746e-15,0.0,6,0,201,110,40.55170362705887,55.59537757284554,58.30000000000056
61.80000000000061,62.215000000000614,0.10000000000000142,0.1,1.4155343563970746e-15,0.0,6,0,201,110,40.45170362705887,55.49537757284554,58.40000000000057
61.90000000000061,62.315000000000616,0.10000000000000142,0.1,1.4155343563970746e-15,0.0,6,0,201,110,40.35170362705887,55.39537757284554,58.50000000000056
62.00000000000061,62.41500000000062,0.10000000000000142,0.1,1.4155343563970746e-15,0.0,6,0,201,110,40.251703627058866,55.29537757284554,58.60000000000056
62.10000000000061,62.51500000000062,0.10000000000000142,0.1,1.4155343563970746e-15,0.0,6,0,200,110,40.151703627058865,55.19537757284554,58.700000000000564
62.200000000000614,62.61500000000062,0.10000000000000142,0.1,1.4155343563970746e-15,0.0,6,0,201,110,40.05170362705886,55.095377572845535,58.80000000000056
62.300000000000615,62.71500000000062,0.10000000000000142,0.1,1.4155343563970746e-15,0.0,6,0,202,110,39.95170362705887,54.995377572845534,58.90000000000057
62.40000000000062,62.81500000000062,0.10000000000000142,0.1,1.4155343563970746e-15,0.0,6,0,203,110,39.85170362705886,54.89537757284553,59.00000000000057
62.50000000000062,62.915000000000624,0.10000000000000142,0.1,1.4155343563970746e-15,0.0,6,0,203,110,39.751703627058866,54.79537757284553,59.10000000000057
62.60000000000062,63.015000000000626,0.10000000000000142,0.1,1.4155343563970746e-15,0.0,6,0,203,110,39.65170362705886,54.69537757284553,59.20000000000058
62.70000000000062,63.11500000000063,0.10000000000000142,0.1,1.4155343563970746e-15,0.0,6,0,203,110,39.55170362705886,54.59537757284553,59.30000000000057
62.80000000000062,63.21500000000063,0.10000000000000142,0.1,1.4155343563970746e-15,0.0,6,0,203,111,39.45170362705886,54.49537757284553,59.400000000000574
62.900000000000624,63.31500000000063,0.10000000000000142,0.1,1.4155343563970746e-15,0.0,6,0,203,111,39.35170362705886,54.395377572845526,59.500000000000576
63.000000000000625,63.41500000000063,0.10000000000000142,0.1,1.4155343563970746e-15,0.0,6,0,205,111,39.25170362705886,54.295377572845524,59.60000000000057
63.10000000000063,63.51500000000063,0.10000000000000142,0.1,1.4155343563970746e-15,0.0,6,0,204,110,39.15170362705886,54.19537757284552,59.70000000000058
63.20000000000063,63.615000000000634,0.10000000000000142,0.1,1.4155343563970746e-15,0.0,6,0,204,110,39.051703627058856,54.09537757284552,59.80000000000058
63.30000000000063,63.715000000000636,0.10000000000000142,0.1,1.4155343563970746e-15,0.0,6,0,205,110,38.951703627058855,53.99537757284552,59.90000000000058
63.40000000000063,63.81500000000064,0.10000000000000142,0.1,1.4155343563970746e-15,0.0,6,0,205,110,38.85170362705886,53.89537757284552,60.00000000000059
63.50000000000063,63.91500000000064,0.10000000000000142,0.1,1.4155343563970746e-15,0.0,6,0,206,110,38.75170362705885,53.79537757284552,60.100000000000584
63.600000000000634,64.01500000000064,0.10000000000000142,0.1,1.4155343563970746e-15,0.0,6,0,206,110,38.65170362705886,53.695377572845516,60.200000000000585
63.700000000000635,64.11500000000063,0.09999999999999432,0.1,-5.689893001203927e-15,0.0,6,0,208,110,38.55170362705885,53.595377572845514,60.30000000000059
63.80000000000064,64.21500000000063,0.09999999999999432,0.1,-5.689893001203927e-15,0.0,6,0,208,110,38.451703627058855,53.49537757284551,60.40000000000058
63.90000000000064,64.31500000000062,0.09999999999999432,0.1,-5.689893001203927e-15,0.0,6,0,210,110,38.35170362705885,53.39537757284551,60.50000000000059
64.00000000000064,64.41500000000062,0.09999999999999432,0.1,-5.689893001203927e-15,0.0,6,0,211,111,38.25170362705885,53.29537757284551,60.60000000000059
64.10000000000063,64.51500000000061,0.09999999999999432,0.1,-5.689893001203927e-15,0.0,6,0,212,111,38.15170362705885,53.19537757284551,60.70000000000059
64.20000000000063,64.6150000000006,0.09999999999999432,0.1,-5.689893001203927e-15,0.0,6,0,212,112,38.05170362705885,53.09537757284551,60.80000000000059
64.30000000000062,64.7150000000006,0.09999999999999432,0.1,-5.689893001203927e-15,0.0,6,0,212,112,37.95170362705885,52.995377572845506,60.90000000000058
64.40000000000062,64.8150000000006,0.09999999999999432,0.1,-5.689893001203927e-15,0.0,6,0,212,112,37.851703627058846,52.895377572845504,61.00000000000059
64.50000000000061,64.91500000000059,0.09999999999999432,0.1,-5.689893001203927e-15,0.0,6,0,212,112,37.751703627058845,52.7953775728455,61.100000000000584
64.6000000000006,65.01500000000058,0.09999999999999432,0.1,-5.689893001203927e-15,0.0,6,0,214,112,37.65170362705884,52.6953775728455,61.20000000000058
64.7000000000006,65.11500000000058,0.09999999999999432,0.1,-5.689893001203927e-15,0.0,6,0,214,112,37.55170362705885,52.5953775728455,61.30000000000058
64.8000000000006,65.21500000000057,0.09999999999999432,0.1,-5.689893001203927e-15,0.0,6,0,215,113,37.45170362705884,52.4953775728455,61.400000000000574
64.90000000000059,65.31500000000057,0.09999999999999432,0.1,-5.689893001203927e-15,0.0,6,0,216,112,37.351703627058846,52.3953775728455,61.50000000000057
65.00000000000058,65.41500000000056,0.09999999999999432,0.1,-5.689893001203927e-15,0.0,6,0,220,112,37.251703627058845,52.295377572845496,61.60000000000057
65.10000000000058,65.51500000000055,0.09999999999999432,0.1,-5.689893001203927e-15,0.0,6,0,220,113,37.15170362705884,52.195377572845494,61.700000000000564
65.20000000000057,65.61500000000055,0.09999999999999432,0.1,-5.689893001203927e-15,0.0,6,0,221,113,37.05170362705884,52.09537757284549,61.80000000000056
65.30000000000057,65.71500000000054,0.09999999999999432,0.1,-5.689893001203927e-15,0.0,6,0,222,113,36.95170362705884,51.99537757284549,61.90000000000057
65.40000000000056,65.81500000000054,0.09999999999999432,0.1,-5.689893001203927e-15,0.0,6,0,222,113,36.85170362705884,51.89537757284549,62.00000000000056
65.50000000000055,65.91500000000053,0.09999999999999432,0.1,-5.689893001203927e-15,0.0,6,0,222,113,36.75170362705884,51.79537757284549,62.100000000000556
65.60000000000055,66.01500000000053,0.09999999999999432,0.1,-5.689893001203927e-15,0.0,6,0,222,112,36.651703627058836,51.69537757284549,62.20000000000055
65.70000000000054,66.11500000000052,0.09999999999999432,0.1,-5.689893001203927e-15,0.0,6,0,223,112,36.551703627058835,51.595377572845486,62.300000000000544
65.80000000000054,66.21500000000052,0.09999999999999432,0.1,-5.689893001203927e-15,0.0,6,0,223,112,36.262281272719825,51.495377572845484,62.400000000000546
65.90000000000053,66.36760000000051,0.15259999999999252,0.1,0.052599999999992514,0.0,6,0,223,112,44.76228127271987,51.39537757284548,62.50000000000054
66.00000000000053,66.4676000000005,0.09999999999999432,0.1,-5.689893001203927e-15,0.0,6,0,224,111,44.45946443070941,51.29537757284548,62.600000000000534
66.10000000000052,66.5676000000005,0.09999999999999432,0.1,-5.689893001203927e-15,0.0,6,0,224,111,44.15389507969304,51.19537757284548,62.700000000000536
66.20000000000051,66.66760000000049,0.09999999999999432,0.1,-5.689893001203927e-15,0.0,6,0,225,112,43.88722841302637,51.09537757284548,62.80000000000053
66.30000000000051,66.76760000000048,0.09999999999999432,0.1,-5.689893001203927e-15,0.0,6,0,225,112,43.620561746359705,50.99537757284548,62.900000000000524
66.4000000000005,66.86760000000048,0.09999999999999432,0.1,-5.689893001203927e-15,0.0,6,0,224,112,43.35389507969304,50.895377572845476,63.00000000000052
66.5000000000005,66.96760000000047,0.09999999999999432,0.1,-5.689893001203927e-15,0.0,6,0,223,111,43.08722841302637,50.795377572845474,63.10000000000051
66.60000000000049,67.06760000000047,0.09999999999999432,0.1,-5.689893001203927e-15,0.0,6,0,224,111,42.82056174635971,50.69537757284547,63.20000000000052
66.70000000000049,67.16760000000046,0.09999999999999432,0.1,-5.689893001203927e-15,0.0,6,0,225,111,42.553895079693035,50.59537757284547,63.300000000000516
66.80000000000048,67.26760000000046,0.09999999999999432,0.1,-5.689893001203927e-15,0.0,6,0,226,111,42.30636966278659,50.49537757284547,63.40000000000051
66.90000000000047,67.36760000000045,0.09999999999999432,0.1,-5.689893001203927e-15,0.0,6,0,226,111,42.116423659741635,50.39537757284547,63.50000000000051
67.00000000000047,67.46760000000044,0.09999999999999432,0.1,-5.689893001203927e-15,0.0,6,0,226,111,41.97145065821916,50.29537757284547,63.600000000000506
67.10000000000046,67.56760000000044,0.09999999999999432,0.1,-5.689893001203927e-15,0.0,6,0,226,110,41.85698816790456,50.195377572845466,63.7000000000005
67.20000000000046,67.66760000000043,0.09999999999999432,0.1,-5.689893001203927e-15,0.0,6,0,225,109,41.75698816790456,50.095377572845464,63.800000000000495
67.30000000000045,67.76760000000043,0.09999999999999432,0.1,-5.689893001203927e-15,0.0,6,0,226,109,41.65698816790456,49.99537757284546,63.90000000000049
67.40000000000045,67.86760000000042,0.09999999999999432,0.1,-5.689893001203927e-15,0.0,6,0,226,109,41.55698816790456,49.89537757284546,64.0000000000005
67.50000000000044,67.96760000000042,0.09999999999999432,0.1,-5.689893001203927e-15,0.0,6,0,227,109,41.45698816790456,49.79537757284546,64.10000000000049
67.60000000000043,68.06760000000041,0.09999999999999432,0.1,-5.689893001203927e-15,0.0,6,0,228,109,41.35698816790456,49.69537757284546,64.20000000000049
67.70000000000043,68.1676000000004,0.09999999999999432,0.1,-5.689893001203927e-15,0.0,6,0,229,107,41.25698816790456,49.59537757284546,64.30000000000048
67.80000000000042,68.2676000000004,0.09999999999999432,0.1,-5.689893001203927e-15,0.0,6,0,229,106,41.15698816790456,49.495377572845456,64.40000000000047
67.90000000000042,68.3676000000004,0.09999999999999432,0.1,-5.689893001203927e-15,0.0,6,0,229,104,41.05698816790456,49.395377572845454,64.50000000000047
68.00000000000041,68.46760000000039,0.09999999999999432,0.1,-5.689893001203927e-15,0.0,6,0,231,104,40.95698816790456,49.29537757284545,64.60000000000046
68.1000000000004,68.56760000000038,0.09999999999999432,0.1,-5.689893001203927e-15,0.0,6,0,233,104,40.85698816790456,49.19537757284545,64.70000000000046
68.2000000000004,68.66760000000038,0.09999999999999432,0.1,-5.689893001203927e-15,0.0,6,0,233,105,40.75698816790456,49.09537757284545,64.80000000000047
68.3000000000004,68.76760000000037,0.09999999999999432,0.1,-5.689893001203927e-15,0.0,6,0,233,105,40.656988167904565,48.99537757284545,64.90000000000046
68.40000000000039,68.86760000000037,0.09999999999999432,0.1,-5.689893001203927e-15,0.0,6,0,235,106,40.556988167904564,48.89537757284545,65.00000000000045
68.50000000000038,68.96760000000036,0.09999999999999432,0.1,-5.689893001203927e-15,0.0,6,0,235,105,40.45698816790456,48.795377572845446,65.10000000000046
68.60000000000038,69.06760000000035,0.09999999999999432,0.1,-5.689893001203927e-15,0.0,6,0,235,106,40.35698816790456,48.695377572845445,65.20000000000046
68.70000000000037,69.16760000000035,0.09999999999999432,0.1,-5.689893001203927e-15,0.0,6,0,236,106,40.25698816790456,48.59537757284544,65.30000000000045
68.80000000000037,69.26760000000034,0.09999999999999432,0.1,-5.689893001203927e-15,0.0,6,0,236,106,40.156988167904565,48.49537757284544,65.40000000000045
68.90000000000036,69.36760000000034,0.09999999999999432,0.1,-5.689893001203927e-15,0.0,6,0,236,106,40.056988167904564,48.39537757284544,65.50000000000044
69.00000000000036,69.46760000000033,0.09999999999999432,0.1,-5.689893001203927e-15,0.0,6,0,236,106,39.95698816790456,48.29537757284544,65.60000000000043
69.10000000000035,69.56760000000033,0.09999999999999432,0.1,-5.689893001203927e-15,0.0,6,0,236,106,39.85698816790456,48.19537757284544,65.70000000000043
69.20000000000034,69.66760000000032,0.09999999999999432,0.1,-5.689893001203927e-15,0.0,6,0,236,107,39.75698816790456,48.095377572845436,65.80000000000042
69.30000000000034,69.76760000000031,0.09999999999999432,0.1,-5.689893001203927e-15,0.0,6,0,236,107,39.656988167904565,47.995377572845435,65.90000000000043
69.40000000000033,69.86760000000031,0.09999999999999432,0.1,-5.689893001203927e-15,0.0,6,0,237,105,39.556988167904564,47.89537757284543,66.00000000000043
69.50000000000033,69.9676000000003,0.09999999999999432,0.1,-5.689893001203927e-15,0.0,6,0,237,105,39.45698816790456,47.79537757284543,66.10000000000042
69.60000000000032,70.0676000000003,0.09999999999999432,0.1,-5.689893001203927e-15,0.0,6,0,240,104,39.35698816790457,47.69537757284543,66.20000000000041
69.70000000000032,70.16760000000029,0.09999999999999432,0.1,-5.689893001203927e-15,0.0,6,0,240,104,39.25698816790457,47.59537757284543,66.30000000000041
69.80000000000031,70.26760000000029,0.09999999999999432,0.1,-5.689893001203927e-15,0.0,6,0,240,105,39.156988167904565,47.49537757284543,66.40000000000042
69.9000000000003,70.36760000000028,0.09999999999999432,0.1,-5.689893001203927e-15,0.0,6,0,240,105,39.056988167904564,47.395377572845426,66.50000000000041
70.0000000000003,70.46760000000027,0.09999999999999432,0.1,-5.689893001203927e-15,0.0,6,0,241,105,38.95698816790456,47.295377572845425,66.6000000000004
70.10000000000029,70.56760000000027,0.09999999999999432,0.1,-5.689893001203927e-15,0.0,6,0,241,103,38.85698816790457,47.19537757284542,66.7000000000004
70.20000000000029,70.66760000000026,0.09999999999999432,0.1,-5.689893001203927e-15,0.0,6,0,241,102,38.75698816790457,47.09537757284542,66.8000000000004
70.30000000000028,70.76760000000026,0.09999999999999432,0.1,-5.689893001203927e-15,0.0,6,0,241,102,38.656988167904565,46.99537757284542,66.90000000000039
70.40000000000028,70.86760000000025,0.09999999999999432,0.1,-5.689893001203927e-15,0.0,6,0,240,102,38.556988167904564,46.89537757284542,67.00000000000038
70.50000000000027,70.96760000000025,0.09999999999999432,0.1,-5.689893001203927e-15,0.0,5,0,241,101,46.16356411525694,46.79537757284542,69.10000000000035
70.60000000000026,71.06760000000024,0.09999999999999432,0.1,-5.689893001203927e-15,0.0,5,0,240,101,46.06356411525694,46.695377572845416,69.20000000000034
70.70000000000026,71.16760000000023,0.09999999999999432,0.1,-5.689893001203927e-15,0.0,5,0,241,101,45.96356411525694,46.595377572845415,69.30000000000034
70.80000000000025,71.26760000000023,0.09999999999999432,0.1,-5.689893001203927e-15,0.0,5,0,241,101,45.86356411525694,46.49537757284541,69.40000000000033
70.90000000000025,71.36760000000022,0.09999999999999432,0.1,-5.689893001203927e-15,0.0,5,0,243,102,45.76356411525694,46.39537757284541,69.50000000000033
71.00000000000024,71.46760000000022,0.09999999999999432,0.1,-5.689893001203927e-15,0.0,4,0,244,102,57.108813692380835,51.554917895273796,69.45000000000033
71.10000000000024,71.56760000000021,0.09999999999999432,0.1,-5.689893001203927e-15,0.0,4,0,246,101,57.00881369238084,51.454917895273795,69.55000000000032
71.20000000000023,71.6676000000002,0.09999999999999432,0.1,-5.689893001203927e-15,0.0,4,0,247,101,56.90881369238084,51.35491789527379,69.65000000000032
71.30000000000022,71.7676000000002,0.09999999999999432,0.1,-5.689893001203927e-15,0.0,4,0,247,101,56.80881369238084,51.25491789527379,69.75000000000031
71.40000000000022,71.8676000000002,0.09999999999999432,0.1,-5.689893001203927e-15,0.0,4,0,249,101,56.708813692380836,51.15491789527379,69.8500000000003
71.50000000000021,71.96760000000019,0.09999999999999432,0.1,-5.689893001203927e-15,0.0,4,0,248,101,56.608813692380835,51.05491789527379,69.9500000000003
71.60000000000021,72.06760000000018,0.09999999999999432,0.1,-5.689893001203927e-15,0.0,4,0,248,102,56.50881369238084,50.95491789527379,70.0500000000003
71.7000000000002,72.16760000000018,0.09999999999999432,0.1,-5.689893001203927e-15,0.0,4,0,248,102,56.40881369238084,50.854917895273786,70.15000000000029
71.8000000000002,72.26760000000017,0.09999999999999432,0.1,-5.689893001203927e-15,0.0,4,0,249,102,56.30881369238084,50.754917895273785,70.25000000000028
71.90000000000019,72.36760000000017,0.09999999999999432,0.1,-5.689893001203927e-15,0.0,4,0,249,102,56.20881369238084,50.65491789527378,70.35000000000028
72.00000000000018,72.46760000000016,0.09999999999999432,0.1,-5.689893001203927e-15,0.0,4,0,249,102,56.10881369238084,50.55491789527378,70.45000000000027
72.10000000000018,72.56760000000016,0.09999999999999432,0.1,-5.689893001203927e-15,0.0,4,0,249,102,56.00881369238084,50.45491789527378,70.55000000000027
72.20000000000017,72.66760000000015,0.09999999999999432,0.1,-5.689893001203927e-15,0.0,4,0,250,103,55.90881369238084,50.35491789527378,70.65000000000026
72.30000000000017,72.76760000000014,0.09999999999999432,0.1,-5.689893001203927e-15,0.0,4,0,251,104,55.80881369238084,50.25491789527378,70.75000000000026
72.40000000000016,72.86760000000014,0.09999999999999432,0.1,-5.689893001203927e-15,0.0,4,0,253,104,55.70881369238084,50.154917895273776,70.85000000000025
72.50000000000016,72.96760000000013,0.09999999999999432,0.1,-5.689893001203927e-15,0.0,4,0,255,103,55.60881369238084,50.054917895273775,70.95000000000024
72.60000000000015,73.06760000000013,0.09999999999999432,0.1,-5.689893001203927e-15,0.0,4,0,255,103,55.50881369238084,49.95491789527377,71.05000000000024
72.70000000000014,73.16760000000012,0.09999999999999432,0.1,-5.689893001203927e-15,0.0,4,0,255,103,55.408813692380846,49.85491789527377,71.15000000000023
72.80000000000014,73.26760000000012,0.09999999999999432,0.1,-5.689893001203927e-15,0.0,4,0,255,103,55.308813692380845,49.75491789527377,71.25000000000023
72.90000000000013,73.36760000000011,0.09999999999999432,0.1,-5.689893001203927e-15,0.0,4,0,254,104,55.20881369238084,49.65491789527377,71.35000000000022
73.00000000000013,73.4676000000001,0.09999999999999432,0.1,-5.689893001203927e-15,0.0,4,0,255,103,55.10881369238084,49.55491789527377,71.45000000000022
73.10000000000012,73.5676000000001,0.09999999999999432,0.1,-5.689893001203927e-15,0.0,4,0,256,103,55.00881369238084,49.454917895273766,71.55000000000021
73.20000000000012,73.66760000000009,0.09999999999999432,0.1,-5.689893001203927e-15,0.0,4,0,256,102,54.908813692380846,49.354917895273765,71.6500000000002
73.30000000000011,73.76760000000009,0.09999999999999432,0.1,-5.689893001203927e-15,0.0,4,0,256,102,54.808813692380845,49.25491789527376,71.7500000000002
73.4000000000001,73.86760000000008,0.09999999999999432,0.1,-5.689893001203927e-15,0.0,4,0,256,102,54.70881369238084,49.15491789527376,71.8500000000002
73.5000000000001,73.96760000000008,0.09999999999999432,0.1,-5.689893001203927e-15,0.0,4,0,257,102,54.60881369238085,49.05491789527376,71.95000000000019
73.6000000000001,74.06760000000007,0.09999999999999432,0.1,-5.689893001203927e-15,0.0,4,0,258,102,54.50881369238085,48.95491789527376,72.05000000000018
73.70000000000009,74.16760000000006,0.09999999999999432,0.1,-5.689893001203927e-15,0.0,4,0,259,102,54.408813692380846,48.85491789527376,72.15000000000018
73.80000000000008,74.26760000000006,0.09999999999999432,0.1,-5.689893001203927e-15,0.0,4,0,259,102,54.308813692380845,48.754917895273756,72.25000000000017
73.90000000000008,74.36760000000005,0.09999999999999432,0.1,-5.689893001203927e-15,0.0,4,0,259,101,54.20881369238084,48.654917895273755,72.35000000000016
74.00000000000007,74.46760000000005,0.09999999999999432,0.1,-5.689893001203927e-15,0.0,4,0,259,101,54.10881369238085,48.55491789527375,72.45000000000016
74.10000000000007,74.56760000000004,0.09999999999999432,0.1,-5.689893001203927e-15,0.0,4,0,259,101,54.00881369238085,48.45491789527375,72.55000000000015
74.20000000000006,74.66760000000004,0.09999999999999432,0.1,-5.689893001203927e-15,0.0,4,0,261,100,53.908813692380846,48.35491789527375,72.65000000000015
74.30000000000005,74.76760000000003,0.09999999999999432,0.1,-5.689893001203927e-15,0.0,4,0,263,100,53.80881369238085,48.25491789527375,72.75000000000014
74.40000000000005,74.86760000000002,0.09999999999999432,0.1,-5.689893001203927e-15,0.0,4,0,263,101,53.335610834156725,48.15491789527375,72.85000000000014
74.50000000000004,75.02760000000002,0.1599999999999966,0.1,0.059999999999996584,0.0,4,0,262,101,67.98561083415682,89.85771182088055,72.95000000000013
74.60000000000004,75.12760000000002,0.09999999999999432,0.1,-5.689893001203927e-15,0.0,4,0,262,101,67.61493967530635,89.75771182088056,73.05000000000013
74.70000000000003,75.28760000000001,0.1599999999999966,0.1,0.059999999999996584,0.0,4,0,262,101,82.22593275578836,89.65771182088056,73.15000000000012
74.80000000000003,75.3876,0.09999999999999432,0.1,-5.689893001203927e-15,0.0,5,0,261,100,60.49422242465685,59.68740745868154,58.6200000000001
74.90000000000002,75.4876,0.09999999999999432,0.1,-5.689893001203927e-15,0.0,5,0,261,100,60.08149156225706,59.03448837794244,58.720000000000084
75.00000000000001,75.5876,0.09999999999999432,0.1,-5.689893001203927e-15,0.0,5,0,261,100,59.68149156225705,58.434488377942436,58.820000000000086
75.10000000000001,75.68759999999999,0.09999999999999432,0.1,-5.689893001203927e-15,0.0,5,0,261,100,59.28149156225705,57.834488377942435,58.92000000000007
75.2,75.78759999999998,0.09999999999999432,0.1,-5.689893001203927e-15,0.0,5,0,262,100,58.88149156225707,57.234488377942434,59.020000000000074
75.3,75.94759999999998,0.1599999999999966,0.1,0.059999999999996584,0.0,5,0,261,100,70.48149156225713,71.88926476874018,59.120000000000076
75.39999999999999,76.04759999999997,0.09999999999999432,0.1,-5.689893001203927e-15,0.0,5,0,261,99,70.07407105695506,71.23597416902473,59.22000000000006
75.49999999999999,76.14759999999997,0.09999999999999432,0.1,-5.689893001203927e-15,0.0,5,0,261,99,69.61921977406708,70.63597416902473,59.320000000000064
75.59999999999998,76.24759999999996,0.09999999999999432,0.1,-5.689893001203927e-15,0.0,5,0,261,99,69.21921977406707,70.03597416902474,59.42000000000005
75.69999999999997,76.34759999999996,0.09999999999999432,0.1,-5.689893001203927e-15,0.0,5,0,260,98,68.99676909154472,69.73451522914904,59.52000000000005
75.79999999999997,76.44759999999995,0.09999999999999432,0.1,-5.689893001203927e-15,0.0,5,0,260,98,68.89676909154471,69.63451522914905,59.62000000000005
75.89999999999996,76.54759999999995,0.09999999999999432,0.1,-5.689893001203927e-15,0.0,5,0,260,97,68.79676909154473,69.53451522914905,59.72000000000004
75.99999999999996,76.64759999999994,0.09999999999999432,0.1,-5.689893001203927e-15,0.0,5,0,259,97,68.69676909154472,69.43451522914906,59.820000000000036
76.09999999999995,76.74759999999993,0.09999999999999432,0.1,-5.689893001203927e-15,0.0,5,0,259,97,68.59676909154473,69.33451522914906,59.92000000000003
76.19999999999995,76.84759999999993,0.09999999999999432,0.1,-5.689893001203927e-15,0.0,5,0,259,97,68.49676909154473,69.23451522914907,60.020000000000024
76.29999999999994,76.94759999999992,0.09999999999999432,0.1,-5.689893001203927e-15,0.0,5,0,259,98,68.39676909154473,69.13451522914907,60.120000000000026
76.39999999999993,77.04759999999992,0.09999999999999432,0.1,-5.689893001203927e-15,0.0,5,0,259,99,68.29676909154475,69.03451522914908,60.22000000000001
76.49999999999993,77.14759999999991,0.09999999999999432,0.1,-5.689893001203927e-15,0.0,5,0,259,99,68.19676909154474,68.93451522914908,60.320000000000014
76.59999999999992,77.2475999999999,0.09999999999999432,0.1,-5.689893001203927e-15,0.0,5,0,259,99,68.09676909154474,68.83451522914909,60.42
76.69999999999992,77.3475999999999,0.09999999999999432,0.1,-5.689893001203927e-15,0.0,5,0,259,98,67.99676909154475,68.7345152291491,60.52
76.79999999999991,77.4475999999999,0.09999999999999432,0.1,-5.689893001203927e-15,0.0,5,0,259,98,67.89676909154475,68.6345152291491,60.620000000000005
76.8999999999999,77.54759999999989,0.09999999999999432,0.1,-5.689893001203927e-15,0.0,5,0,260,98,67.79676909154475,68.53451522914911,60.71999999999999
76.9999999999999,77.64759999999988,0.09999999999999432,0.1,-5.689893001203927e-15,0.0,5,0,260,98,67.69676909154475,68.43451522914911,60.81999999999999
77.0999999999999,77.74759999999988,0.09999999999999432,0.1,-5.689893001203927e-15,0.0,5,0,260,98,67.59676909154476,68.33451522914912,60.91999999999998
77.19999999999989,77.84759999999987,0.09999999999999432,0.1,-5.689893001203927e-15,0.0,5,0,260,98,67.49676909154476,68.23451522914912,61.01999999999998
77.29999999999988,77.94759999999987,0.09999999999999432,0.1,-5.689893001203927e-15,0.0,5,0,259,98,67.39676909154477,68.13451522914913,61.11999999999998
77.39999999999988,78.04759999999986,0.09999999999999432,0.1,-5.689893001203927e-15,0.0,5,0,259,97,67.29676909154476,68.03451522914914,61.21999999999997
77.49999999999987,78.14759999999985,0.09999999999999432,0.1,-5.689893001203927e-15,0.0,5,0,259,95,67.19676909154478,67.93451522914914,61.31999999999997
77.59999999999987,78.24759999999985,0.09999999999999432,0.1,-5.689893001203927e-15,0.0,5,0,258,96,67.09676909154477,67.83451522914915,61.41999999999996
77.69999999999986,78.34759999999984,0.09999999999999432,0.1,-5.689893001203927e-15,0.0,5,0,258,96,66.99676909154478,67.73451522914915,61.51999999999996
77.79999999999986,78.44759999999984,0.09999999999999432,0.1,-5.689893001203927e-15,0.0,5,0,258,96,66.89676909154477,67.63451522914916,61.61999999999996
77.89999999999985,78.54759999999983,0.09999999999999432,0.1,-5.689893001203927e-15,0.0,5,0,258,96,66.79676909154477,67.53451522914916,61.71999999999995
77.99999999999984,78.64759999999983,0.09999999999999432,0.1,-5.689893001203927e-15,0.0,5,0,259,96,66.69676909154478,67.43451522914917,61.81999999999995
78.09999999999984,78.74759999999982,0.09999999999999432,0.1,-5.689893001203927e-15,0.0,5,0,262,96,66.59676909154479,67.33451522914918,61.91999999999994
78.19999999999983,78.84759999999982,0.09999999999999432,0.1,-5.689893001203927e-15,0.0,5,0,260,96,66.49676909154479,67.23451522914918,62.01999999999994
78.29999999999983,78.94759999999981,0.09999999999999432,0.1,-5.689893001203927e-15,0.0,5,0,261,96,66.3967690915448,67.13451522914919,62.11999999999993
78.39999999999982,79.0475999999998,0.09999999999999432,0.1,-5.689893001203927e-15,0.0,5,0,262,96,66.2967690915448,67.03451522914919,62.21999999999993
78.49999999999982,79.1475999999998,0.09999999999999432,0.1,-5.689893001203927e-15,0.0,5,0,263,96,66.1967690915448,66.9345152291492,62.31999999999992
78.59999999999981,79.24759999999979,0.09999999999999432,0.1,-5.689893001203927e-15,0.0,5,0,264,96,66.0967690915448,66.8345152291492,62.419999999999916
78.6999999999998,79.34759999999979,0.09999999999999432,0.1,-5.689893001203927e-15,0.0,5,0,265,96,65.99676909154479,66.73451522914921,62.51999999999991
78.7999999999998,79.44759999999978,0.09999999999999432,0.1,-5.689893001203927e-15,0.0,5,0,266,95,65.89676909154481,66.63451522914922,62.61999999999991
78.89999999999979,79.54759999999978,0.09999999999999432,0.1,-5.689893001203927e-15,0.0,5,0,266,95,65.7967690915448,66.53451522914922,62.7199999999999
78.99999999999979,79.64759999999977,0.09999999999999432,0.1,-5.689893001203927e-15,0.0,5,0,265,95,65.69676909154481,66.43451522914923,62.8199999999999
79.09999999999978,79.74759999999976,0.09999999999999432,0.1,-5.689893001203927e-15,0.0,5,0,264,95,65.59676909154481,66.33451522914923,62.91999999999989
79.19999999999978,79.84759999999976,0.09999999999999432,0.1,-5.689893001203927e-15,0.0,5,0,264,95,65.49676909154482,66.23451522914924,63.01999999999989
79.29999999999977,79.94759999999975,0.09999999999999432,0.1,-5.689893001203927e-15,0.0,5,0,264,95,65.39676909154483,66.13451522914924,63.11999999999989
79.39999999999976,80.04759999999975,0.09999999999999432,0.1,-5.689893001203927e-15,0.0,5,0,264,95,65.29676909154482,66.03451522914925,63.21999999999988
79.49999999999976,80.14759999999974,0.09999999999999432,0.1,-5.689893001203927e-15,0.0,5,0,264,95,65.19676909154482,65.93451522914926,63.31999999999988
79.59999999999975,80.24759999999974,0.09999999999999432,0.1,-5.689893001203927e-15,0.0,5,0,265,96,65.09676909154483,65.83451522914926,63.41999999999987
79.69999999999975,80.34759999999973,0.09999999999999432,0.1,-5.689893001203927e-15,0.0,5,0,265,96,64.99676909154483,65.73451522914927,63.51999999999987
79.79999999999974,80.44759999999972,0.09999999999999432,0.1,-5.689893001203927e-15,0.0,5,0,266,96,64.89676909154483,65.63451522914927,63.61999999999987
79.89999999999974,80.54759999999972,0.09999999999999432,0.1,-5.689893001203927e-15,0.0,5,0,267,95,64.79676909154485,65.53451522914928,63.71999999999986
79.99999999999973,80.64759999999971,0.09999999999999432,0.1,-5.689893001203927e-15,0.0,5,0,267,95,64.69676909154484,65.43451522914928,63.81999999999986
80.09999999999972,80.74759999999971,0.09999999999999432,0.1,-5.689893001203927e-15,0.0,5,0,268,95,64.59676909154484,65.33451522914929,63.919999999999845
80.19999999999972,80.8475999999997,0.09999999999999432,0.1,-5.689893001203927e-15,0.0,5,0,268,95,64.49676909154485,65.2345152291493,64.01999999999984
80.29999999999971,80.9475999999997,0.09999999999999432,0.1,-5.689893001203927e-15,0.0,5,0,269,95,64.39676909154484,65.1345152291493,64.11999999999985
80.39999999999971,81.04759999999969,0.09999999999999432,0.1,-5.689893001203927e-15,0.0,5,0,271,95,64.29676909154486,65.0345152291493,64.21999999999983
80.4999999999997,81.14759999999968,0.09999999999999432,0.1,-5.689893001203927e-15,0.0,5,0,272,95,64.19676909154485,64.93451522914931,64.31999999999984
80.5999999999997,81.24759999999968,0.09999999999999432,0.1,-5.689893001203927e-15,0.0,5,0,273,95,64.09676909154486,64.83451522914932,64.41999999999982
80.69999999999969,81.34759999999967,0.09999999999999432,0.1,-5.689893001203927e-15,0.0,5,0,272,95,63.99676909154486,64.73451522914932,64.51999999999983
80.79999999999968,81.44759999999967,0.09999999999999432,0.1,-5.689893001203927e-15,0.0,5,0,273,95,63.89676909154487,64.63451522914933,64.61999999999982
80.89999999999968,81.54759999999966,0.09999999999999432,0.1,-5.689893001203927e-15,0.0,5,0,272,95,63.79676909154487,64.53451522914933,64.71999999999981
80.99999999999967,81.64759999999966,0.09999999999999432,0.1,-5.689893001203927e-15,0.0,5,0,272,94,63.696769091544866,64.43451522914934,64.81999999999981
81.09999999999967,81.74759999999965,0.09999999999999432,0.1,-5.689893001203927e-15,0.0,5,0,271,95,63.596769091544864,64.33451522914935,64.9199999999998
81.19999999999966,81.84759999999964,0.09999999999999432,0.1,-5.689893001203927e-15,0.0,5,0,272,95,63.49676909154488,64.23451522914935,65.0199999999998
81.29999999999966,81.94759999999964,0.09999999999999432,0.1,-5.689893001203927e-15,0.0,5,0,272,95,63.396769091544876,64.13451522914936,65.11999999999979
81.39999999999965,82.04759999999963,0.09999999999999432,0.1,-5.689893001203927e-15,0.0,5,0,272,94,63.296769091544874,64.03451522914936,65.21999999999979
81.49999999999964,82.14759999999963,0.09999999999999432,0.1,-5.689893001203927e-15,0.0,5,0,272,94,63.19676909154488,63.93451522914936,65.3199999999998
81.59999999999964,82.24759999999962,0.09999999999999432,0.1,-5.689893001203927e-15,0.0,5,0,273,95,63.096769091544886,63.83451522914936,65.41999999999977
81.69999999999963,82.34759999999962,0.09999999999999432,0.1,-5.689893001203927e-15,0.0,5,0,273,95,62.99676909154489,63.73451522914936,65.51999999999978
81.79999999999963,82.44759999999961,0.09999999999999432,0.1,-5.689893001203927e-15,0.0,5,0,273,95,62.89676909154489,63.63451522914936,65.61999999999976
81.89999999999962,82.5475999999996,0.09999999999999432,0.1,-5.689893001203927e-15,0.0,5,0,274,95,62.79676909154489,63.534515229149356,65.71999999999977
81.99999999999962,82.6475999999996,0.09999999999999432,0.1,-5.689893001203927e-15,0.0,5,0,274,95,62.69676909154489,63.434515229149355,65.81999999999977
82.09999999999961,82.7475999999996,0.09999999999999432,0.1,-5.689893001203927e-15,0.0,5,0,275,95,62.596769091544886,63.33451522914935,65.91999999999976
82.1999999999996,82.84759999999959,0.09999999999999432,0.1,-5.689893001203927e-15,0.0,5,0,276,96,62.49676909154489,63.23451522914935,66.01999999999975
82.2999999999996,82.94759999999958,0.09999999999999432,0.1,-5.689893001203927e-15,0.0,5,0,275,96,62.39676909154489,63.13451522914935,66.11999999999975
82.3999999999996,83.04759999999958,0.09999999999999432,0.1,-5.689893001203927e-15,0.0,5,0,274,96,62.29676909154489,63.03451522914935,66.21999999999974
82.49999999999959,83.14759999999957,0.09999999999999432,0.1,-5.689893001203927e-15,0.0,5,0,275,95,62.1967690915449,62.93451522914935,66.31999999999974
82.59999999999958,83.24759999999957,0.09999999999999432,0.1,-5.689893001203927e-15,0.0,5,0,275,94,62.0967690915449,62.834515229149346,66.41999999999973
82.69999999999958,83.34759999999956,0.09999999999999432,0.1,-5.689893001203927e-15,0.0,5,0,275,95,61.9967690915449,62.734515229149345,66.51999999999973
82.79999999999957,83.44759999999955,0.09999999999999432,0.1,-5.689893001203927e-15,0.0,5,0,276,95,61.8967690915449,62.63451522914934,66.61999999999972
82.89999999999957,83.54759999999955,0.09999999999999432,0.1,-5.689893001203927e-15,0.0,5,0,275,95,61.7967690915449,62.53451522914934,66.71999999999971
82.99999999999956,83.64759999999954,0.09999999999999432,0.1,-5.689893001203927e-15,0.0,5,0,275,95,61.6967690915449,62.43451522914934,66.81999999999972
83.09999999999955,83.74759999999954,0.09999999999999432,0.1,-5.689893001203927e-15,0.0,5,0,276,95,61.5967690915449,62.33451522914934,66.9199999999997
83.19999999999955,83.84759999999953,0.09999999999999432,0.1,-5.689893001203927e-15,0.0,5,0,277,96,61.49676909154491,62.23451522914934,67.01999999999971
83.29999999999954,83.94759999999953,0.09999999999999432,0.1,-5.689893001203927e-15,0.0,5,0,276,96,61.39676909154491,62.134515229149336,67.11999999999969
83.39999999999954,84.04759999999952,0.09999999999999432,0.1,-5.689893001203927e-15,0.0,5,0,276,96,61.29676909154491,62.034515229149335,67.2199999999997
83.49999999999953,84.14759999999951,0.09999999999999432,0.1,-5.689893001203927e-15,0.0,5,0,276,96,61.19676909154491,61.93451522914933,67.3199999999997
83.59999999999953,84.24759999999951,0.09999999999999432,0.1,-5.689893001203927e-15,0.0,5,0,275,97,61.096769091544914,61.83451522914933,67.41999999999969
83.69999999999952,84.3475999999995,0.09999999999999432,0.1,-5.689893001203927e-15,0.0,5,0,275,96,60.99676909154491,61.73451522914933,67.51999999999968
83.79999999999951,84.4475999999995,0.09999999999999432,0.1,-5.689893001203927e-15,0.0,5,0,275,96,60.89676909154491,61.63451522914933,67.61999999999968
83.89999999999951,84.54759999999949,0.09999999999999432,0.1,-5.689893001203927e-15,0.0,5,0,275,95,60.79676909154491,61.53451522914933,67.71999999999967
83.9999999999995,84.64759999999949,0.09999999999999432,0.1,-5.689893001203927e-15,0.0,5,0,276,96,60.69676909154491,61.434515229149326,67.81999999999967
84.0999999999995,84.74759999999948,0.09999999999999432,0.1,-5.689893001203927e-15,0.0,5,0,275,96,60.59676909154492,61.334515229149325,67.91999999999966
84.19999999999949,84.84759999999947,0.09999999999999432,0.1,-5.689893001203927e-15,0.0,5,0,275,97,60.49676909154492,61.23451522914932,68.01999999999967
84.29999999999949,84.94759999999947,0.09999999999999432,0.1,-5.689893001203927e-15,0.0,5,0,274,98,60.396769091544925,61.13451522914932,68.11999999999965
84.39999999999948,85.04759999999946,0.09999999999999432,0.1,-5.689893001203927e-15,0.0,5,0,275,98,60.12796909154493,61.03451522914932,68.21999999999966
84.49999999999947,85.14759999999946,0.09999999999999432,0.1,-5.689893001203927e-15,0.0,5,0,275,99,59.85896909154493,60.93451522914932,68.31999999999964
84.59999999999947,85.24759999999945,0.09999999999999432,0.1,-5.689893001203927e-15,0.0,5,0,275,99,59.58976909154493,60.83451522914932,68.41999999999965
84.69999999999946,85.34759999999945,0.09999999999999432,0.1,-5.689893001203927e-15,0.0,5,0,275,98,59.32036909154493,60.734515229149316,68.51999999999964
84.79999999999946,85.44759999999944,0.09999999999999432,0.1,-5.689893001203927e-15,0.0,5,0,276,98,59.05076909154493,60.634515229149315,68.61999999999964
84.89999999999945,85.54759999999943,0.09999999999999432,0.1,-5.689893001203927e-15,0.0,5,0,276,98,58.78096909154493,60.534515229149314,68.71999999999963
84.99999999999945,85.64759999999943,0.09999999999999432,0.1,-5.689893001203927e-15,0.0,5,0,276,99,58.510969091544936,60.43451522914931,68.81999999999962
85.09999999999944,85.74759999999942,0.09999999999999432,0.1,-5.689893001203927e-15,0.0,5,0,275,99,58.24076909154494,60.33451522914931,68.91999999999962
85.19999999999943,85.84759999999942,0.09999999999999432,0.1,-5.689893001203927e-15,0.0,5,0,276,99,57.970369091544946,60.23451522914931,69.01999999999961
85.29999999999943,85.94759999999941,0.09999999999999432,0.1,-5.689893001203927e-15,0.0,5,0,277,99,57.699769091544944,60.13451522914931,69.1199999999996
85.39999999999942,86.0475999999994,0.09999999999999432,0.1,-5.689893001203927e-15,0.0,5,0,276,100,57.42896909154494,60.03451522914931,69.2199999999996
85.49999999999942,86.1475999999994,0.09999999999999432,0.1,-5.689893001203927e-15,0.0,5,0,275,101,57.157969091544956,59.934515229149305,69.3199999999996
85.59999999999941,86.2475999999994,0.09999999999999432,0.1,-5.689893001203927e-15,0.0,5,0,276,102,56.886769091544956,59.834515229149304,69.41999999999959
85.6999999999994,86.34759999999939,0.09999999999999432,0.1,-5.689893001203927e-15,0.0,5,0,275,102,56.61536909154496,59.7345152291493,69.5199999999996
85.7999999999994,86.44759999999938,0.09999999999999432,0.1,-5.689893001203927e-15,0.0,5,0,274,102,56.34376909154496,59.6345152291493,69.61999999999958
85.8999999999994,86.54759999999938,0.09999999999999432,0.1,-5.689893001203927e-15,0.0,5,0,274,102,56.071969091544965,59.5345152291493,69.71999999999959
85.99999999999939,86.64759999999937,0.09999999999999432,0.1,-5.689893001203927e-15,0.0,5,0,274,102,55.79996909154496,59.4345152291493,69.81999999999957
86.09999999999938,86.74759999999937,0.09999999999999432,0.1,-5.689893001203927e-15,0.0,5,0,275,102,55.52776909154496,59.3345152291493,69.91999999999958
86.19999999999938,86.84759999999936,0.09999999999999432,0.1,-5.689893001203927e-15,0.0,5,0,276,101,55.25536909154497,59.234515229149295,70.01999999999957
86.29999999999937,86.94759999999935,0.09999999999999432,0.1,-5.689893001203927e-15,0.0,5,0,276,100,54.98276909154497,59.134515229149294,70.11999999999956
86.39999999999937,87.04759999999935,0.09999999999999432,0.1,-5.689893001203927e-15,0.0,5,0,276,100,54.70996909154498,59.03451522914929,70.21999999999956
86.49999999999936,87.14759999999934,0.09999999999999432,0.1,-5.689893001203927e-15,0.0,5,0,275,100,54.43696909154498,58.93451522914929,70.31999999999955
86.59999999999935,87.24759999999934,0.09999999999999432,0.1,-5.689893001203927e-15,0.0,5,0,277,100,54.163769091544985,58.83451522914929,70.41999999999955
86.69999999999935,87.34759999999933,0.09999999999999432,0.1,-5.689893001203927e-15,0.0,5,0,277,99,53.89036909154498,58.73451522914929,70.51999999999956
86.79999999999934,87.44759999999933,0.09999999999999432,0.1,-5.689893001203927e-15,0.0,5,0,277,99,53.61676909154498,58.63451522914929,70.61999999999954
86.89999999999934,87.54759999999932,0.09999999999999432,0.1,-5.689893001203927e-15,0.0,5,0,279,100,53.34296909154499,58.534515229149285,70.71999999999954
86.99999999999933,87.64759999999931,0.09999999999999432,0.1,-5.689893001203927e-15,0.0,5,0,278,100,53.068969091544986,58.434515229149284,70.81999999999952
87.09999999999933,87.74759999999931,0.09999999999999432,0.1,-5.689893001203927e-15,0.0,5,0,279,100,52.79476909154499,58.33451522914928,70.91999999999953
87.19999999999932,87.8475999999993,0.09999999999999432,0.1,-5.689893001203927e-15,0.0,5,0,279,100,52.520369091545,58.23451522914928,71.01999999999953
87.29999999999932,87.9475999999993,0.09999999999999432,0.1,-5.689893001203927e-15,0.0,5,0,279,100,52.245769091545,58.13451522914928,71.11999999999952
87.39999999999931,88.04759999999929,0.09999999999999432,0.1,-5.689893001203927e-15,0.0,5,0,279,100,51.97096909154501,58.03451522914928,71.21999999999952
87.4999999999993,88.14759999999929,0.09999999999999432,0.1,-5.689893001203927e-15,0.0,5,0,279,101,51.69596909154501,57.93451522914928,71.31999999999951
87.5999999999993,88.24759999999928,0.09999999999999432,0.1,-5.689893001203927e-15,0.0,5,0,278,100,51.42076909154501,57.834515229149275,71.4199999999995
87.69999999999929,88.34759999999928,0.09999999999999432,0.1,-5.689893001203927e-15,0.0,5,0,278,100,51.145369091545014,57.734515229149274,71.5199999999995
87.79999999999929,88.44759999999927,0.09999999999999432,0.1,-5.689893001203927e-15,0.0,5,0,278,100,50.86976909154502,57.63451522914927,71.6199999999995
87.89999999999928,88.54759999999926,0.09999999999999432,0.1,-5.689893001203927e-15,0.0,5,0,278,99,50.59396909154502,57.53451522914927,71.71999999999949
87.99999999999928,88.64759999999926,0.09999999999999432,0.1,-5.689893001203927e-15,0.0,5,0,278,99,50.317969091545024,57.43451522914927,71.81999999999948
88.09999999999927,88.74759999999925,0.09999999999999432,0.1,-5.689893001203927e-15,0.0,5,0,279,99,50.04176909154503,57.33451522914927,71.91999999999948
88.19999999999926,88.84759999999925,0.09999999999999432,0.1,-5.689893001203927e-15,0.0,5,0,278,99,49.765369091545026,57.23451522914927,72.01999999999947
88.29999999999926,88.94759999999924,0.09999999999999432,0.1,-5.689893001203927e-15,0.0,5,0,277,99,49.48876909154503,57.134515229149265,72.11999999999946
88.39999999999925,89.04759999999924,0.09999999999999432,0.1,-5.689893001203927e-15,0.0,4,0,277,99,61.85723189061284,72.70639965325903,68.14999999999952
88.49999999999925,89.14759999999923,0.09999999999999432,0.1,-5.689893001203927e-15,0.0,4,0,279,100,61.535981890612845,72.60639965325903,68.24999999999952
88.59999999999924,89.24759999999922,0.09999999999999432,0.1,-5.689893001203927e-15,0.0,4,0,279,99,61.214481890612845,72.50639965325904,68.34999999999951
88.69999999999924,89.34759999999922,0.09999999999999432,0.1,-5.689893001203927e-15,0.0,4,0,279,99,60.89273189061285,72.40639965325904,68.4499999999995
88.79999999999923,89.44759999999921,0.09999999999999432,0.1,-5.689893001203927e-15,0.0,4,0,279,99,60.570731890612855,72.0117118208814,68.5499999999995
88.89999999999922,89.5475999999992,0.09999999999999432,0.1,-5.689893001203927e-15,0.0,4,0,279,99,60.24848189061286,71.02271182088141,68.6499999999995
88.99999999999922,89.6475999999992,0.09999999999999432,0.1,-5.689893001203927e-15,0.0,4,0,279,98,59.92598189061286,70.03271182088143,68.74999999999949
89.09999999999921,89.7475999999992,0.09999999999999432,0.1,-5.689893001203927e-15,0.0,4,0,281,97,59.60323189061287,69.04171182088145,68.8499999999995
89.1999999999992,89.84759999999919,0.09999999999999432,0.1,-5.689893001203927e-15,0.0,4,0,280,97,59.28023189061287,68.04971182088146,68.94999999999949
89.2999999999992,89.94759999999918,0.09999999999999432,0.1,-5.689893001203927e-15,0.0,4,0,280,97,58.95698189061288,67.05671182088147,69.04999999999949
89.3999999999992,90.04759999999918,0.09999999999999432,0.1,-5.689893001203927e-15,0.0,4,0,279,97,58.633481890612885,66.06271182088149,69.14999999999948
89.49999999999919,90.14759999999917,0.09999999999999432,0.1,-5.689893001203927e-15,0.0,4,0,281,97,58.30973189061288,65.0677118208815,69.24999999999947
89.59999999999918,90.24759999999917,0.09999999999999432,0.1,-5.689893001203927e-15,0.0,4,0,281,97,57.98573189061289,64.07171182088152,69.34999999999947
89.69999999999918,90.34759999999916,0.09999999999999432,0.1,-5.689893001203927e-15,0.0,4,0,282,97,57.66148189061289,63.074711820881525,69.44999999999946
89.79999999999917,90.44759999999916,0.09999999999999432,0.1,-5.689893001203927e-15,0.0,4,0,283,97,57.3369818906129,62.076711820881535,69.54999999999946
89.89999999999917,90.54759999999915,0.09999999999999432,0.1,-5.689893001203927e-15,0.0,4,0,283,96,57.012231890612895,61.07771182088154,69.64999999999945
89.99999999999916,90.64759999999914,0.09999999999999432,0.1,-5.689893001203927e-15,0.0,4,0,283,95,56.6872318906129,60.07771182088155,69.74999999999945
90.09999999999916,90.74759999999914,0.09999999999999432,0.1,-5.689893001203927e-15,0.0,4,0,283,94,56.3619818906129,59.076711820881556,69.84999999999944
90.19999999999915,90.84759999999913,0.09999999999999432,0.1,-5.689893001203927e-15,0.0,4,0,283,91,56.036481890612905,58.07471182088156,69.94999999999945
90.29999999999914,90.94759999999913,0.09999999999999432,0.1,-5.689893001203927e-15,0.0,4,0,283,91,55.710731890612905,57.07171182088157,70.04999999999944
90.39999999999914,91.04759999999912,0.09999999999999432,0.1,-5.689893001203927e-15,0.0,4,0,283,91,55.38473189061291,56.06771182088158,70.14999999999944
90.49999999999913,91.14759999999912,0.09999999999999432,0.1,-5.689893001203927e-15,0.0,4,0,282,91,55.05848189061291,55.06271182088158,70.24999999999943
90.59999999999913,91.24759999999911,0.09999999999999432,0.1,-5.689893001203927e-15,0.0,4,0,282,91,54.731981890612914,54.83451522914923,70.34999999999943
90.69999999999912,91.3475999999991,0.09999999999999432,0.1,-5.689893001203927e-15,0.0,4,0,282,91,54.40523189061292,54.73451522914923,70.44999999999942
90.79999999999912,91.4475999999991,0.09999999999999432,0.1,-5.689893001203927e-15,0.0,4,0,283,90,54.07823189061292,54.63451522914923,70.54999999999941
90.89999999999911,91.5475999999991,0.09999999999999432,0.1,-5.689893001203927e-15,0.0,4,0,283,90,53.75098189061292,54.53451522914923,70.64999999999941
90.9999999999991,91.64759999999909,0.09999999999999432,0.1,-5.689893001203927e-15,0.0,4,0,284,90,53.423481890612926,54.43451522914923,70.7499999999994
91.0999999999991,91.74759999999908,0.09999999999999432,0.1,-5.689893001203927e-15,0.0,4,0,284,90,53.095731890612925,54.334515229149225,70.8499999999994
91.1999999999991,91.84759999999908,0.09999999999999432,0.1,-5.689893001203927e-15,0.0,4,0,283,90,52.76773189061293,54.234515229149224,70.9499999999994
91.29999999999909,91.94759999999907,0.09999999999999432,0.1,-5.689893001203927e-15,0.0,4,0,284,90,52.43948189061293,54.13451522914922,71.0499999999994
91.39999999999908,92.04759999999906,0.09999999999999432,0.1,-5.689893001203927e-15,0.0,4,0,284,90,52.11098189061293,54.03451522914922,71.1499999999994
91.49999999999908,92.14759999999906,0.09999999999999432,0.1,-5.689893001203927e-15,0.0,4,0,283,90,51.782231890612934,53.93451522914922,71.24999999999939
91.59999999999907,92.24759999999905,0.09999999999999432,0.1,-5.689893001203927e-15,0.0,4,0,283,90,51.45323189061294,53.83451522914922,71.34999999999938
91.69999999999906,92.34759999999905,0.09999999999999432,0.1,-5.689893001203927e-15,0.0,4,0,284,90,50.90998189061294,53.73451522914922,71.44999999999938
91.79999999999906,92.44759999999904,0.09999999999999432,0.1,-5.689893001203927e-15,0.0,4,0,284,90,50.366231890612944,53.634515229149216,71.54999999999937
91.89999999999905,92.54759999999904,0.09999999999999432,0.1,-5.689893001203927e-15,0.0,4,0,284,90,49.82198189061295,53.534515229149214,71.64999999999938
91.99999999999905,92.64759999999903,0.09999999999999432,0.1,-5.689893001203927e-15,0.0,4,0,284,90,49.27723189061295,53.43451522914921,71.74999999999937
92.09999999999904,92.74759999999903,0.09999999999999432,0.1,-5.689893001203927e-15,0.0,4,0,285,89,48.73198189061296,53.33451522914921,71.84999999999937
92.19999999999904,92.84759999999902,0.09999999999999432,0.1,-5.689893001203927e-15,0.0,4,0,287,88,48.18623189061296,53.23451522914921,71.94999999999936
92.29999999999903,92.94759999999901,0.09999999999999432,0.1,-5.689893001203927e-15,0.0,4,0,288,87,47.639981890612965,53.13451522914921,72.04999999999936
92.39999999999903,93.04759999999901,0.09999999999999432,0.1,-5.689893001203927e-15,0.0,4,0,288,86,47.09323189061297,53.03451522914921,72.14999999999935
92.49999999999902,93.147599999999,0.09999999999999432,0.1,-5.689893001203927e-15,0.0,4,0,287,85,46.54598189061297,52.934515229149206,72.24999999999935
92.59999999999901,93.247599999999,0.09999999999999432,0.1,-5.689893001203927e-15,0.0,4,0,287,84,45.99823189061297,52.834515229149204,72.34999999999934
92.69999999999901,93.34759999999899,0.09999999999999432,0.1,-5.689893001203927e-15,0.0,4,0,288,84,45.449981890612975,52.7345152291492,72.44999999999933
92.799999999999,93.44759999999899,0.09999999999999432,0.1,-5.689893001203927e-15,0.0,4,0,287,84,44.901231890612976,52.6345152291492,72.54999999999934
92.899999999999,93.54759999999898,0.09999999999999432,0.1,-5.689893001203927e-15,0.0,4,0,287,85,44.120231890612985,52.5345152291492,72.64999999999934
92.99999999999899,93.64759999999897,0.09999999999999432,0.1,-5.689893001203927e-15,0.0,4,0,287,85,43.33848189061299,52.4345152291492,72.74999999999933
93.09999999999899,93.74759999999897,0.09999999999999432,0.1,-5.689893001203927e-15,0.0,4,0,286,85,42.555981890613,52.3345152291492,72.84999999999933
93.19999999999898,93.84759999999896,0.09999999999999432,0.1,-5.689893001203927e-15,0.0,4,0,286,85,41.772731890612995,52.234515229149196,72.94999999999932
93.29999999999897,93.94759999999896,0.09999999999999432,0.1,-5.689893001203927e-15,0.0,4,0,286,86,40.988731890613,52.134515229149194,73.04999999999932
93.39999999999897,94.04759999999895,0.09999999999999432,0.1,-5.689893001203927e-15,0.0,4,0,286,86,40.20398189061301,52.03451522914919,73.14999999999931
93.49999999999896,94.14759999999895,0.09999999999999432,0.1,-5.689893001203927e-15,0.0,4,0,287,87,39.418481890613016,51.171399653259336,73.24999999999932
93.59999999999896,94.24759999999894,0.09999999999999432,0.1,-5.689893001203927e-15,0.0,4,0,286,86,38.63223189061302,50.19639965325934,73.34999999999931
93.69999999999895,94.34759999999893,0.09999999999999432,0.1,-5.689893001203927e-15,0.0,4,0,285,86,37.84523189061303,49.22039965325935,73.4499999999993
93.79999999999895,94.44759999999893,0.09999999999999432,0.1,-5.689893001203927e-15,0.0,4,0,284,84,37.05748189061303,48.24339965325935,73.5499999999993
93.89999999999894,94.54759999999892,0.09999999999999432,0.1,-5.689893001203927e-15,0.0,4,0,284,84,36.268981890613034,47.26539965325936,73.6499999999993
93.99999999999893,94.64759999999892,0.09999999999999432,0.1,-5.689893001203927e-15,0.0,4,0,283,83,35.479731890613046,46.286399653259366,73.74999999999929
94.09999999999893,94.74759999999891,0.09999999999999432,0.1,-5.689893001203927e-15,0.0,4,0,282,82,34.68973189061305,45.30639965325937,73.84999999999928
94.19999999999892,94.8475999999989,0.09999999999999432,0.1,-5.689893001203927e-15,0.0,4,0,282,82,33.89898189061305,44.325399653259375,73.94999999999928
94.29999999999892,94.9475999999989,0.09999999999999432,0.1,-5.689893001203927e-15,0.0,4,0,282,82,33.10748189061306,43.34339965325938,74.04999999999927
94.39999999999891,95.0475999999989,0.09999999999999432,0.1,-5.689893001203927e-15,0.0,4,0,282,83,32.31523189061306,42.360399653259385,74.14999999999928
94.4999999999989,95.14759999999889,0.09999999999999432,0.1,-5.689893001203927e-15,0.0,4,0,282,83,31.52223189061307,41.37639965325939,74.24999999999928
94.5999999999989,95.24759999999888,0.09999999999999432,0.1,-5.689893001203927e-15,0.0,4,0,282,84,30.72848189061308,40.3913996532594,74.34999999999927
94.6999999999989,95.34759999999888,0.09999999999999432,0.1,-5.689893001203927e-15,0.0,4,0,282,84,29.933981890613083,39.4053996532594,74.44999999999926
94.79999999999889,95.44759999999887,0.09999999999999432,0.1,-5.689893001203927e-15,0.0,4,0,282,84,29.138731890613087,38.41839965325941,74.54999999999926
94.89999999999888,95.54759999999887,0.09999999999999432,0.1,-5.689893001203927e-15,0.0,4,0,282,83,28.342731890613095,37.430399653259414,74.64999999999925
94.99999999999888,95.64759999999886,0.09999999999999432,0.1,-5.689893001203927e-15,0.0,4,0,281,83,27.545981890613103,36.441399653259424,74.74999999999925
95.09999999999887,95.80759999999886,0.1599999999999966,0.1,0.059999999999996584,0.0,4,0,279,83,41.365194738848665,49.823746636270606,74.84999999999926
95.19999999999887,95.90759999999885,0.09999999999999432,0.1,-5.689893001203927e-15,0.0,4,0,279,83,40.29091569564594,49.35570791200029,74.94999999999925
95.29999999999886,96.00759999999885,0.09999999999999432,0.1,-5.689893001203927e-15,0.0,4,0,278,83,39.49191569564595,49.25570791200029,75.04999999999924
95.39999999999885,96.10759999999884,0.09999999999999432,0.1,-5.689893001203927e-15,0.0,4,0,276,83,38.69216569564596,49.15570791200029,75.14999999999924
95.49999999999885,96.20759999999883,0.09999999999999432,0.1,-5.689893001203927e-15,0.0,4,0,276,83,37.89166569564597,49.05570791200029,75.24999999999923
95.59999999999884,96.30759999999883,0.09999999999999432,0.1,-5.689893001203927e-15,0.0,4,0,275,83,37.09041569564597,48.955707912000285,75.34999999999923
95.69999999999884,96.40759999999882,0.09999999999999432,0.1,-5.689893001203927e-15,0.0,4,0,276,83,36.28841569564599,48.855707912000284,75.44999999999922
95.79999999999883,96.50759999999882,0.09999999999999432,0.1,-5.689893001203927e-15,0.0,4,0,276,82,35.48566569564599,48.75570791200028,75.54999999999922
95.89999999999883,96.60759999999881,0.09999999999999432,0.1,-5.689893001203927e-15,0.0,4,0,276,82,34.682165695646,48.65570791200028,75.64999999999921
95.99999999999882,96.7075999999988,0.09999999999999432,0.1,-5.689893001203927e-15,0.0,3,0,275,82,46.08765032056731,48.55570791200028,68.96666666666601
96.09999999999881,96.8075999999988,0.09999999999999432,0.1,-5.689893001203927e-15,0.0,3,0,276,82,45.36831698723398,48.45570791200028,69.06666666666601
96.19999999999881,96.9075999999988,0.09999999999999432,0.1,-5.689893001203927e-15,0.0,3,0,276,82,44.64831698723399,48.35570791200028,69.166666666666
96.2999999999988,97.00759999999879,0.09999999999999432,0.1,-5.689893001203927e-15,0.0,3,0,276,82,43.92765032056733,48.255707912000275,69.26666666666601
96.3999999999988,97.10759999999878,0.09999999999999432,0.1,-5.689893001203927e-15,0.0,3,0,274,81,43.206316987234004,48.155707912000274,69.366666666666
96.49999999999879,97.20759999999878,0.09999999999999432,0.1,-5.689893001203927e-15,0.0,3,0,273,80,42.484316987234,48.05570791200027,69.466666666666
96.59999999999879,97.30759999999877,0.09999999999999432,0.1,-5.689893001203927e-15,0.0,3,0,273,78,41.76165032056735,47.95570791200027,69.566666666666
96.69999999999878,97.40759999999877,0.09999999999999432,0.1,-5.689893001203927e-15,0.0,3,0,273,78,41.03831698723402,47.85570791200027,69.66666666666599
96.79999999999878,97.50759999999876,0.09999999999999432,0.1,-5.689893001203927e-15,0.0,3,0,273,78,40.31431698723403,47.75570791200027,69.76666666666598
96.89999999999877,97.60759999999875,0.09999999999999432,0.1,-5.689893001203927e-15,0.0,3,0,274,78,39.589650320567365,47.65570791200027,69.86666666666598
96.99999999999876,97.70759999999875,0.09999999999999432,0.1,-5.689893001203927e-15,0.0,3,0,274,78,38.86431698723404,47.555707912000265,69.96666666666597
97.09999999999876,97.80759999999874,0.09999999999999432,0.1,-5.689893001203927e-15,0.0,3,0,273,77,38.13831698723404,47.455707912000264,70.06666666666598
97.19999999999875,97.90759999999874,0.09999999999999432,0.1,-5.689893001203927e-15,0.0,3,0,273,77,37.41165032056738,47.35570791200026,70.16666666666598
97.29999999999875,98.00759999999873,0.09999999999999432,0.1,-5.689893001203927e-15,0.0,3,0,272,77,36.684316987234055,47.25570791200026,70.26666666666597
97.39999999999874,98.10759999999873,0.09999999999999432,0.1,-5.689893001203927e-15,0.0,3,0,273,77,35.95631698723406,47.15570791200026,70.36666666666596
97.49999999999874,98.20759999999872,0.09999999999999432,0.1,-5.689893001203927e-15,0.0,3,0,273,78,35.2276503205674,47.05570791200026,70.46666666666596
97.59999999999873,98.30759999999871,0.09999999999999432,0.1,-5.689893001203927e-15,0.0,3,0,273,78,34.49831698723407,46.033992434777424,70.56666666666597
97.69999999999872,98.40759999999871,0.09999999999999432,0.1,-5.689893001203927e-15,0.0,3,0,274,78,33.76831698723408,44.958992434777436,70.66666666666596
97.79999999999872,98.5075999999987,0.09999999999999432,0.1,-5.689893001203927e-15,0.0,3,0,274,79,33.03765032056742,43.88299243477745,70.76666666666596
97.89999999999871,98.6075999999987,0.09999999999999432,0.1,-5.689893001203927e-15,0.0,3,0,274,79,32.30631698723409,42.80599243477746,70.86666666666595
97.9999999999987,98.70759999999869,0.09999999999999432,0.1,-5.689893001203927e-15,0.0,3,0,274,78,31.5743169872341,41.72799243477747,70.96666666666594
98.0999999999987,98.80759999999869,0.09999999999999432,0.1,-5.689893001203927e-15,0.0,3,0,275,78,30.84165032056744,40.64899243477748,71.06666666666594
98.1999999999987,98.90759999999868,0.09999999999999432,0.1,-5.689893001203927e-15,0.0,3,0,275,79,30.108316987234115,39.56899243477749,71.16666666666593
98.29999999999869,99.00759999999867,0.09999999999999432,0.1,-5.689893001203927e-15,0.0,3,0,274,80,29.37431698723412,38.4879924347775,71.26666666666593
98.39999999999868,99.10759999999867,0.09999999999999432,0.1,-5.689893001203927e-15,0.0,3,0,273,79,28.63965032056746,37.40599243477752,71.36666666666594
98.49999999999868,99.20759999999866,0.09999999999999432,0.1,-5.689893001203927e-15,0.0,3,0,273,79,27.904316987234136,36.322992434777525,71.46666666666593
98.59999999999867,99.30759999999866,0.09999999999999432,0.1,-5.689893001203927e-15,0.0,3,0,272,80,27.16831698723414,35.238992434777536,71.56666666666592
98.69999999999867,99.40759999999865,0.09999999999999432,0.1,-5.689893001203927e-15,0.0,3,0,272,81,26.43165032056748,34.15399243477755,71.66666666666593
98.79999999999866,99.50759999999865,0.09999999999999432,0.1,-5.689893001203927e-15,0.0,2,0,272,80,39.461850173388896,45.85570791200024,61.29999999999937
98.89999999999866,99.60759999999864,0.09999999999999432,0.1,-5.689893001203927e-15,0.0,2,0,271,81,38.868350173388905,45.75570791200024,61.399999999999366
98.99999999999865,99.70759999999864,0.09999999999999432,0.1,-5.689893001203927e-15,0.0,2,0,272,81,38.27435017338891,45.65570791200024,61.49999999999937
99.09999999999864,99.80759999999863,0.09999999999999432,0.1,-5.689893001203927e-15,0.0,2,0,273,81,37.679850173388914,45.55570791200024,61.59999999999937
99.19999999999864,99.90759999999862,0.09999999999999432,0.1,-5.689893001203927e-15,0.0,2,0,272,81,37.08485017338892,45.455707912000236,61.69999999999936
99.29999999999863,100.00759999999862,0.09999999999999432,0.1,-5.689893001203927e-15,0.0,2,0,272,80,36.48935017338893,45.355707912000234,61.79999999999936
99.39999999999863,100.10759999999861,0.09999999999999432,0.1,-5.689893001203927e-15,0.0,2,0,272,80,35.89335017338893,45.25570791200023,61.89999999999936
99.49999999999862,100.2075999999986,0.09999999999999432,0.1,-5.689893001203927e-15,0.0,2,0,271,81,35.29685017338893,45.15570791200023,61.99999999999936
99.59999999999862,100.3075999999986,0.09999999999999432,0.1,-5.689893001203927e-15,0.0,2,0,272,81,34.69985017338894,45.05570791200023,62.099999999999355
99.69999999999861,100.4075999999986,0.09999999999999432,0.1,-5.689893001203927e-15,0.0,2,0,272,81,34.10235017338895,44.95570791200023,62.19999999999935
99.7999999999986,100.50759999999859,0.09999999999999432,0.1,-5.689893001203927e-15,0.0,2,0,272,80,33.50435017338896,44.85570791200023,62.29999999999935
99.8999999999986,100.60759999999858,0.09999999999999432,0.1,-5.689893001203927e-15,0.0,2,0,272,80,32.905850173388956,44.755707912000226,62.39999999999935
99.9999999999986,100.70759999999858,0.09999999999999432,0.1,-5.689893001203927e-15,0.0,2,0,271,80,32.306850173388966,44.655707912000224,62.499999999999346
100.09999999999859,100.80759999999857,0.09999999999999432,0.1,-5.689893001203927e-15,0.0,2,0,270,79,31.70735017338897,44.55570791200022,62.59999999999934
100.19999999999858,100.90759999999857,0.09999999999999432,0.1,-5.689893001203927e-15,0.0,2,0,269,79,31.107350173388976,44.45570791200022,62.69999999999934
100.29999999999858,101.00759999999856,0.09999999999999432,0.1,-5.689893001203927e-15,0.0,2,0,269,79,30.506850173388983,44.35570791200022,62.79999999999934
100.39999999999857,101.10759999999856,0.09999999999999432,0.1,-5.689893001203927e-15,0.0,2,0,269,79,29.905850173388988,44.25570791200022,62.89999999999934
100.49999999999856,101.20759999999855,0.09999999999999432,0.1,-5.689893001203927e-15,0.0,2,0,269,80,29.304350173388993,44.15570791200022,62.99999999999933
100.59999999999856,101.30759999999854,0.09999999999999432,0.1,-5.689893001203927e-15,0.0,2,0,269,80,28.702350173389,44.055707912000216,63.09999999999933
100.69999999999855,101.40759999999854,0.09999999999999432,0.1,-5.689893001203927e-15,0.0,2,0,269,80,28.099850173389008,43.955707912000214,63.199999999999335
100.79999999999855,101.50759999999853,0.09999999999999432,0.1,-5.689893001203927e-15,0.0,2,0,268,81,27.496850173389014,43.85570791200021,63.29999999999933
100.89999999999854,101.60759999999853,0.09999999999999432,0.1,-5.689893001203927e-15,0.0,2,0,268,81,26.89335017338902,43.75570791200021,63.399999999999324
100.99999999999854,101.70759999999852,0.09999999999999432,0.1,-5.689893001203927e-15,0.0,2,0,268,81,26.289350173389025,43.65570791200021,63.499999999999325
101.09999999999853,101.80759999999852,0.09999999999999432,0.1,-5.689893001203927e-15,0.0,2,0,268,81,25.684850173389034,43.55570791200021,63.599999999999326
101.19999999999852,101.90759999999851,0.09999999999999432,0.1,-5.689893001203927e-15,0.0,2,0,269,81,25.07985017338904,43.45570791200021,63.69999999999932
101.29999999999852,102.0075999999985,0.09999999999999432,0.1,-5.689893001203927e-15,0.0,2,0,269,82,24.47435017338905,43.355707912000206,63.799999999999315
101.39999999999851,102.1075999999985,0.09999999999999432,0.1,-5.689893001203927e-15,0.0,2,0,269,82,23.868350173389054,43.255707912000204,63.89999999999932
101.49999999999851,102.2075999999985,0.09999999999999432,0.1,-5.689893001203927e-15,0.0,2,0,269,82,23.26185017338906,43.1557079120002,63.99999999999932
101.5999999999985,102.30759999999849,0.09999999999999432,0.1,-5.689893001203927e-15,0.0,2,0,268,82,22.654850173389068,43.0557079120002,64.09999999999931
101.6999999999985,102.40759999999848,0.09999999999999432,0.1,-5.689893001203927e-15,0.0,2,0,268,83,22.047350173389074,42.9557079120002,64.1999999999993
101.79999999999849,102.50759999999848,0.09999999999999432,0.1,-5.689893001203927e-15,0.0,2,0,267,83,21.43935017338908,42.8557079120002,64.2999999999993
101.89999999999849,102.60759999999847,0.09999999999999432,0.1,-5.689893001203927e-15,0.0,1,0,269,83,42.8557079120002,42.8557079120002,27.000000000000114
101.99999999999848,102.70759999999846,0.09999999999999432,0.1,-5.689893001203927e-15,0.0,1,0,269,83,42.7557079120002,42.7557079120002,27.100000000000115
102.09999999999847,102.80759999999846,0.09999999999999432,0.1,-5.689893001203927e-15,0.0,1,0,272,83,42.655707912000196,42.655707912000196,27.200000000000117
102.19999999999847,102.90759999999845,0.09999999999999432,0.1,-5.689893001203927e-15,0.0,1,0,272,83,42.555707912000194,42.555707912000194,27.300000000000118
102.29999999999846,103.00759999999845,0.09999999999999432,0.1,-5.689893001203927e-15,0.0,1,0,273,82,42.45570791200019,42.45570791200019,27.40000000000012
102.39999999999846,103.10759999999844,0.09999999999999432,0.1,-5.689893001203927e-15,0.0,1,0,273,82,42.35570791200019,42.35570791200019,27.50000000000012
102.49999999999845,103.20759999999844,0.09999999999999432,0.1,-5.689893001203927e-15,0.0,1,0,273,82,42.25570791200019,42.25570791200019,27.600000000000122
102.59999999999845,103.30759999999843,0.09999999999999432,0.1,-5.689893001203927e-15,0.0,1,0,272,82,42.15570791200019,42.15570791200019,27.700000000000124
102.69999999999844,103.40759999999842,0.09999999999999432,0.1,-5.689893001203927e-15,0.0,1,0,273,82,42.05570791200019,42.05570791200019,27.800000000000125
102.79999999999843,103.50759999999842,0.09999999999999432,0.1,-5.689893001203927e-15,0.0,1,0,273,82,41.955707912000186,41.955707912000186,27.900000000000126
102.89999999999843,103.60759999999841,0.09999999999999432,0.1,-5.689893001203927e-15,0.0,1,0,274,82,41.855707912000184,41.855707912000184,28.000000000000128
102.99999999999842,103.70759999999841,0.09999999999999432,0.1,-5.689893001203927e-15,0.0,1,0,273,82,41.75570791200018,41.75570791200018,28.10000000000013
103.09999999999842,103.8075999999984,0.09999999999999432,0.1,-5.689893001203927e-15,0.0,1,0,273,82,41.65570791200018,41.65570791200018,28.20000000000013
103.19999999999841,103.9075999999984,0.09999999999999432,0.1,-5.689893001203927e-15,0.0,1,0,272,82,41.55570791200018,41.55570791200018,28.300000000000132
103.2999999999984,104.00759999999839,0.09999999999999432,0.1,-5.689893001203927e-15,0.0,1,0,273,82,41.45570791200018,41.45570791200018,28.400000000000134
103.3999999999984,104.10759999999838,0.09999999999999432,0.1,-5.689893001203927e-15,0.0,1,0,274,82,41.35570791200018,41.35570791200018,28.500000000000135
103.4999999999984,104.20759999999838,0.09999999999999432,0.1,-5.689893001203927e-15,0.0,1,0,274,82,41.255707912000176,41.255707912000176,28.600000000000136
103.59999999999839,104.30759999999837,0.09999999999999432,0.1,-5.689893001203927e-15,0.0,1,0,273,83,41.155707912000175,41.155707912000175,28.700000000000138
103.69999999999838,104.40759999999837,0.09999999999999432,0.1,-5.689893001203927e-15,0.0,1,0,273,83,41.05570791200017,41.05570791200017,28.80000000000014
103.79999999999838,104.50759999999836,0.09999999999999432,0.1,-5.689893001203927e-15,0.0,1,0,273,83,40.95570791200017,40.95570791200017,28.90000000000014
103.89999999999837,104.60759999999836,0.09999999999999432,0.1,-5.689893001203927e-15,0.0,1,0,272,83,40.85570791200017,40.85570791200017,29.000000000000142
103.99999999999837,104.70759999999835,0.09999999999999432,0.1,-5.689893001203927e-15,0.0,1,0,272,82,40.75570791200017,40.75570791200017,29.100000000000144
104.09999999999836,104.80759999999835,0.09999999999999432,0.1,-5.689893001203927e-15,0.0,1,0,272,83,40.65570791200017,40.65570791200017,29.200000000000145
104.19999999999835,104.90759999999834,0.09999999999999432,0.1,-5.689893001203927e-15,0.0,1,0,273,83,40.555707912000166,40.555707912000166,29.300000000000146
104.29999999999835,105.00759999999833,0.09999999999999432,0.1,-5.689893001203927e-15,0.0,1,0,273,84,40.455707912000165,40.455707912000165,29.400000000000148
104.39999999999834,105.10759999999833,0.09999999999999432,0.1,-5.689893001203927e-15,0.0,1,0,272,84,40.35570791200016,40.35570791200016,29.50000000000015
104.49999999999834,105.20759999999832,0.09999999999999432,0.1,-5.689893001203927e-15,0.0,1,0,270,84,40.25570791200016,40.25570791200016,29.60000000000015
104.59999999999833,105.30759999999832,0.09999999999999432,0.1,-5.689893001203927e-15,0.0,1,0,269,84,40.15570791200016,40.15570791200016,29.700000000000152
104.69999999999833,105.40759999999831,0.09999999999999432,0.1,-5.689893001203927e-15,0.0,1,0,268,84,40.05570791200016,40.05570791200016,29.800000000000153
104.79999999999832,105.5075999999983,0.09999999999999432,0.1,-5.689893001203927e-15,0.0,1,0,268,84,39.95570791200016,39.95570791200016,29.900000000000155
104.89999999999831,105.6075999999983,0.09999999999999432,0.1,-5.689893001203927e-15,0.0,1,0,268,84,39.855707912000156,39.855707912000156,30.000000000000156
104.99999999999831,105.7075999999983,0.09999999999999432,0.1,-5.689893001203927e-15,0.0,1,0,267,85,39.755707912000155,39.755707912000155,30.100000000000158
105.0999999999983,105.80759999999829,0.09999999999999432,0.1,-5.689893001203927e-15,0.0,1,0,267,85,39.65570791200015,39.65570791200015,30.20000000000016
105.1999999999983,105.90759999999828,0.09999999999999432,0.1,-5.689893001203927e-15,0.0,1,0,268,86,39.55570791200015,39.55570791200015,30.30000000000016
105.29999999999829,106.00759999999828,0.09999999999999432,0.1,-5.689893001203927e-15,0.0,1,0,270,86,39.45570791200015,39.45570791200015,30.400000000000162
105.39999999999829,106.10759999999827,0.09999999999999432,0.1,-5.689893001203927e-15,0.0,1,0,269,87,39.35570791200015,39.35570791200015,30.500000000000163
105.49999999999828,106.20759999999827,0.09999999999999432,0.1,-5.689893001203927e-15,0.0,1,0,268,87,39.25570791200015,39.25570791200015,30.600000000000165
105.59999999999827,106.30759999999826,0.09999999999999432,0.1,-5.689893001203927e-15,0.0,1,0,269,87,39.155707912000146,39.155707912000146,30.700000000000166
105.69999999999827,106.40759999999825,0.09999999999999432,0.1,-5.689893001203927e-15,0.0,1,0,269,88,39.055707912000145,39.055707912000145,30.800000000000168
105.79999999999826,106.50759999999825,0.09999999999999432,0.1,-5.689893001203927e-15,0.0,1,0,268,88,38.95570791200014,38.95570791200014,30.90000000000017
105.89999999999826,106.60759999999824,0.09999999999999432,0.1,-5.689893001203927e-15,0.0,1,0,268,88,38.85570791200014,38.85570791200014,31.00000000000017
105.99999999999825,106.70759999999824,0.09999999999999432,0.1,-5.689893001203927e-15,0.0,1,0,268,89,38.75570791200014,38.75570791200014,31.100000000000172
106.09999999999825,106.80759999999823,0.09999999999999432,0.1,-5.689893001203927e-15,0.0,1,0,268,90,38.65570791200014,38.65570791200014,31.200000000000173
106.19999999999824,106.90759999999823,0.09999999999999432,0.1,-5.689893001203927e-15,0.0,1,0,268,90,38.55570791200014,38.55570791200014,31.300000000000175
106.29999999999824,107.00759999999822,0.09999999999999432,0.1,-5.689893001203927e-15,0.0,1,0,268,90,38.455707912000136,38.455707912000136,31.400000000000176
106.39999999999823,107.10759999999821,0.09999999999999432,0.1,-5.689893001203927e-15,0.0,1,0,271,90,38.355707912000135,38.355707912000135,31.500000000000178
106.49999999999822,107.20759999999821,0.09999999999999432,0.1,-5.689893001203927e-15,0.0,1,0,271,90,38.25570791200013,38.25570791200013,31.60000000000018
106.59999999999822,107.3075999999982,0.09999999999999432,0.1,-5.689893001203927e-15,0.0,1,0,271,90,38.15570791200013,38.15570791200013,31.70000000000018
106.69999999999821,107.4075999999982,0.09999999999999432,0.1,-5.689893001203927e-15,0.0,1,0,270,90,38.05570791200013,38.05570791200013,31.800000000000182
106.7999999999982,107.50759999999819,0.09999999999999432,0.1,-5.689893001203927e-15,0.0,1,0,269,90,37.95570791200013,37.95570791200013,31.900000000000183
106.8999999999982,107.60759999999819,0.09999999999999432,0.1,-5.689893001203927e-15,0.0,1,0,268,90,37.85570791200013,37.85570791200013,32.000000000000185
106.9999999999982,107.70759999999818,0.09999999999999432,0.1,-5.689893001203927e-15,0.0,1,0,268,90,37.755707912000126,37.755707912000126,32.100000000000186
107.09999999999819,107.80759999999817,0.09999999999999432,0.1,-5.689893001203927e-15,0.0,1,0,266,90,37.655707912000125,37.655707912000125,32.20000000000019
107.19999999999818,107.90759999999817,0.09999999999999432,0.1,-5.689893001203927e-15,0.0,1,0,265,90,37.55570791200012,37.55570791200012,32.30000000000019
107.29999999999818,108.00759999999816,0.09999999999999432,0.1,-5.689893001203927e-15,0.0,1,0,266,90,37.45570791200012,37.45570791200012,32.40000000000019
107.39999999999817,108.10759999999816,0.09999999999999432,0.1,-5.689893001203927e-15,0.0,1,0,266,90,37.35570791200012,37.35570791200012,32.50000000000019
107.49999999999817,108.20759999999815,0.09999999999999432,0.1,-5.689893001203927e-15,0.0,1,0,265,90,37.25570791200012,37.25570791200012,32.60000000000019
107.59999999999816,108.30759999999815,0.09999999999999432,0.1,-5.689893001203927e-15,0.0,1,0,264,90,37.15570791200012,37.15570791200012,32.700000000000195
107.69999999999816,108.40759999999814,0.09999999999999432,0.1,-5.689893001203927e-15,0.0,1,0,263,90,37.055707912000116,37.055707912000116,32.800000000000196
107.79999999999815,108.50759999999813,0.09999999999999432,0.1,-5.689893001203927e-15,0.0,1,0,262,89,36.955707912000115,36.955707912000115,32.9000000000002
107.89999999999814,108.60759999999813,0.09999999999999432,0.1,-5.689893001203927e-15,0.0,1,0,262,89,36.85570791200011,36.85570791200011,33.0000000000002
107.99999999999814,108.70759999999812,0.09999999999999432,0.1,-5.689893001203927e-15,0.0,1,0,262,88,36.75570791200011,36.75570791200011,33.1000000000002
108.09999999999813,108.80759999999812,0.09999999999999432,0.1,-5.689893001203927e-15,0.0,1,0,262,88,36.65570791200011,36.65570791200011,33.2000000000002
108.19999999999813,108.90759999999811,0.09999999999999432,0.1,-5.689893001203927e-15,0.0,1,0,262,89,36.55570791200011,36.55570791200011,33.3000000000002
108.29999999999812,109.0075999999981,0.09999999999999432,0.1,-5.689893001203927e-15,0.0,1,0,262,89,36.45570791200011,36.45570791200011,33.400000000000205
108.39999999999812,109.1075999999981,0.09999999999999432,0.1,-5.689893001203927e-15,0.0,1,0,261,89,36.355707912000106,36.355707912000106,33.500000000000206
108.49999999999811,109.2075999999981,0.09999999999999432,0.1,-5.689893001203927e-15,0.0,1,0,261,88,36.255707912000105,36.255707912000105,33.60000000000021
108.5999999999981,109.30759999999809,0.09999999999999432,0.1,-5.689893001203927e-15,0.0,1,0,260,88,36.1557079120001,36.1557079120001,33.70000000000021
108.6999999999981,109.40759999999808,0.09999999999999432,0.1,-5.689893001203927e-15,0.0,1,0,261,87,36.0557079120001,36.0557079120001,33.80000000000021
108.7999999999981,109.50759999999808,0.09999999999999432,0.1,-5.689893001203927e-15,0.0,1,0,260,87,35.9557079120001,35.9557079120001,33.90000000000021
108.89999999999809,109.60759999999807,0.09999999999999432,0.1,-5.689893001203927e-15,0.0,1,0,259,87,35.8557079120001,35.8557079120001,34.00000000000021
108.99999999999808,109.70759999999807,0.09999999999999432,0.1,-5.689893001203927e-15,0.0,1,0,259,87,35.7557079120001,35.7557079120001,34.100000000000215
109.09999999999808,109.80759999999806,0.09999999999999432,0.1,-5.689893001203927e-15,0.0,1,0,258,88,35.655707912000096,35.655707912000096,34.200000000000216
109.19999999999807,109.90759999999806,0.09999999999999432,0.1,-5.689893001203927e-15,0.0,1,0,258,88,35.555707912000095,35.555707912000095,34.30000000000022
109.29999999999806,110.00759999999805,0.09999999999999432,0.1,-5.689893001203927e-15,0.0,1,0,256,89,35.45570791200009,35.45570791200009,34.40000000000022
109.39999999999806,110.10759999999804,0.09999999999999432,0.1,-5.689893001203927e-15,0.0,1,0,256,89,35.35570791200009,35.35570791200009,34.50000000000022
109.49999999999805,110.20759999999804,0.09999999999999432,0.1,-5.689893001203927e-15,0.0,1,0,255,90,35.25570791200009,35.25570791200009,34.60000000000022
109.59999999999805,110.30759999999803,0.09999999999999432,0.1,-5.689893001203927e-15,0.0,1,0,255,90,35.15570791200009,35.15570791200009,34.70000000000022
109.69999999999804,110.40759999999803,0.09999999999999432,0.1,-5.689893001203927e-15,0.0,1,0,255,90,35.05570791200009,35.05570791200009,34.800000000000225
109.79999999999804,110.50759999999802,0.09999999999999432,0.1,-5.689893001203927e-15,0.0,1,0,254,90,34.955707912000086,34.955707912000086,34.900000000000226
109.89999999999803,110.60759999999802,0.09999999999999432,0.1,-5.689893001203927e-15,0.0,1,0,252,90,34.855707912000085,34.855707912000085,35.00000000000023
109.99999999999802,110.70759999999801,0.09999999999999432,0.1,-5.689893001203927e-15,0.0,1,0,251,90,34.755707912000084,34.755707912000084,35.10000000000023
110.09999999999802,110.807599999998,0.09999999999999432,0.1,-5.689893001203927e-15,0.0,1,0,250,90,34.65570791200008,34.65570791200008,35.20000000000023
110.19999999999801,110.907599999998,0.09999999999999432,0.1,-5.689893001203927e-15,0.0,1,0,248,91,34.55570791200008,34.55570791200008,35.30000000000023
110.29999999999801,111.00759999999799,0.09999999999999432,0.1,-5.689893001203927e-15,0.0,1,0,246,91,34.45570791200008,34.45570791200008,35.40000000000023
110.399999999998,111.10759999999799,0.09999999999999432,0.1,-5.689893001203927e-15,0.0,1,0,246,92,34.35570791200008,34.35570791200008,35.500000000000234
110.499999999998,111.20759999999798,0.09999999999999432,0.1,-5.689893001203927e-15,0.0,1,0,245,91,34.25570791200008,34.25570791200008,35.600000000000236
110.59999999999799,111.30759999999798,0.09999999999999432,0.1,-5.689893001203927e-15,0.0,1,0,245,92,34.155707912000075,34.155707912000075,35.70000000000024
110.69999999999798,111.40759999999797,0.09999999999999432,0.1,-5.689893001203927e-15,0.0,1,0,244,91,34.055707912000074,34.055707912000074,35.80000000000024
110.79999999999798,111.50759999999796,0.09999999999999432,0.1,-5.689893001203927e-15,0.0,1,0,245,91,33.95570791200007,33.95570791200007,35.90000000000024
110.89999999999797,111.60759999999796,0.09999999999999432,0.1,-5.689893001203927e-15,0.0,1,0,245,91,33.85570791200007,33.85570791200007,36.00000000000024
110.99999999999797,111.70759999999795,0.09999999999999432,0.1,-5.689893001203927e-15,0.0,1,0,244,92,33.75570791200007,33.75570791200007,36.10000000000024
111.09999999999796,111.80759999999795,0.09999999999999432,0.1,-5.689893001203927e-15,0.0,1,0,243,92,33.65570791200007,33.65570791200007,36.200000000000244
111.19999999999796,111.90759999999794,0.09999999999999432,0.1,-5.689893001203927e-15,0.0,1,0,243,92,33.55570791200007,33.55570791200007,36.300000000000246
111.29999999999795,112.00759999999794,0.09999999999999432,0.1,-5.689893001203927e-15,0.0,1,0,243,93,33.455707912000065,33.455707912000065,36.40000000000025
111.39999999999795,112.10759999999793,0.09999999999999432,0.1,-5.689893001203927e-15,0.0,1,0,242,93,33.355707912000064,33.355707912000064,36.50000000000025
111.49999999999794,112.20759999999792,0.09999999999999432,0.1,-5.689893001203927e-15,0.0,1,0,240,92,33.25570791200006,33.25570791200006,36.60000000000025
111.59999999999793,112.30759999999792,0.09999999999999432,0.1,-5.689893001203927e-15,0.0,1,0,240,92,33.15570791200006,33.15570791200006,36.70000000000025
111.69999999999793,112.40759999999791,0.09999999999999432,0.1,-5.689893001203927e-15,0.0,1,0,240,92,33.05570791200006,33.05570791200006,36.80000000000025
111.79999999999792,112.50759999999791,0.09999999999999432,0.1,-5.689893001203927e-15,0.0,1,0,239,92,32.95570791200006,32.95570791200006,36.900000000000254
111.89999999999792,112.6075999999979,0.09999999999999432,0.1,-5.689893001203927e-15,0.0,1,0,239,92,32.85570791200006,32.85570791200006,37.000000000000256
111.99999999999791,112.7075999999979,0.09999999999999432,0.1,-5.689893001203927e-15,0.0,1,0,240,92,32.755707912000055,32.755707912000055,37.10000000000026
112.0999999999979,112.80759999999789,0.09999999999999432,0.1,-5.689893001203927e-15,0.0,1,0,241,92,32.655707912000054,32.655707912000054,37.20000000000026
112.1999999999979,112.90759999999788,0.09999999999999432,0.1,-5.689893001203927e-15,0.0,1,0,241,92,32.55570791200005,32.55570791200005,37.30000000000026
112.2999999999979,113.00759999999788,0.09999999999999432,0.1,-5.689893001203927e-15,0.0,1,0,241,92,32.45570791200005,32.45570791200005,37.40000000000026
112.39999999999789,113.10759999999787,0.09999999999999432,0.1,-5.689893001203927e-15,0.0,1,0,240,92,32.35570791200005,32.35570791200005,37.50000000000026
112.49999999999788,113.20759999999787,0.09999999999999432,0.1,-5.689893001203927e-15,0.0,1,0,240,93,32.25570791200005,32.25570791200005,37.600000000000264
112.59999999999788,113.30759999999786,0.09999999999999432,0.1,-5.689893001203927e-15,0.0,1,0,242,93,32.15570791200005,32.15570791200005,37.700000000000266
112.69999999999787,113.40759999999786,0.09999999999999432,0.1,-5.689893001203927e-15,0.0,1,0,242,93,32.055707912000045,32.055707912000045,37.80000000000027
112.79999999999787,113.50759999999785,0.09999999999999432,0.1,-5.689893001203927e-15,0.0,1,0,242,93,31.955707912000044,31.955707912000044,37.90000000000027
112.89999999999786,113.60759999999784,0.09999999999999432,0.1,-5.689893001203927e-15,0.0,1,0,243,94,31.855707912000042,31.855707912000042,38.00000000000027
112.99999999999785,113.70759999999784,0.09999999999999432,0.1,-5.689893001203927e-15,0.0,1,0,243,94,31.75570791200004,31.75570791200004,38.10000000000027
113.09999999999785,113.80759999999783,0.09999999999999432,0.1,-5.689893001203927e-15,0.0,1,0,244,94,31.65570791200004,31.65570791200004,38.20000000000027
113.19999999999784,113.90759999999783,0.09999999999999432,0.1,-5.689893001203927e-15,0.0,1,0,243,93,31.555707912000038,31.555707912000038,38.300000000000274
113.29999999999784,114.00759999999782,0.09999999999999432,0.1,-5.689893001203927e-15,0.0,1,0,244,93,31.455707912000037,31.455707912000037,38.400000000000276
113.39999999999783,114.10759999999782,0.09999999999999432,0.1,-5.689893001203927e-15,0.0,1,0,243,93,31.355707912000035,31.355707912000035,38.50000000000028
113.49999999999783,114.20759999999781,0.09999999999999432,0.1,-5.689893001203927e-15,0.0,1,0,242,92,31.255707912000034,31.255707912000034,38.60000000000028
113.59999999999782,114.3075999999978,0.09999999999999432,0.1,-5.689893001203927e-15,0.0,1,0,241,92,31.155707912000032,31.155707912000032,38.70000000000028
113.69999999999781,114.4075999999978,0.09999999999999432,0.1,-5.689893001203927e-15,0.0,1,0,241,92,31.05570791200003,31.05570791200003,38.80000000000028
113.79999999999781,114.5075999999978,0.09999999999999432,0.1,-5.689893001203927e-15,0.0,1,0,240,92,30.95570791200003,30.95570791200003,38.90000000000028
113.8999999999978,114.60759999999779,0.09999999999999432,0.1,-5.689893001203927e-15,0.0,1,0,240,92,30.855707912000028,30.855707912000028,39.000000000000284
113.9999999999978,114.70759999999778,0.09999999999999432,0.1,-5.689893001203927e-15,0.0,1,0,239,92,30.755707912000027,30.755707912000027,39.100000000000286
114.09999999999779,114.80759999999778,0.09999999999999432,0.1,-5.689893001203927e-15,0.0,1,0,237,92,30.655707912000025,30.655707912000025,39.20000000000029
114.19999999999779,114.90759999999777,0.09999999999999432,0.1,-5.689893001203927e-15,0.0,1,0,236,91,30.555707912000024,30.555707912000024,39.30000000000029
114.29999999999778,115.00759999999777,0.09999999999999432,0.1,-5.689893001203927e-15,0.0,1,0,235,92,30.455707912000022,30.455707912000022,39.40000000000029
114.39999999999777,115.10759999999776,0.09999999999999432,0.1,-5.689893001203927e-15,0.0,1,0,234,91,30.35570791200002,30.35570791200002,39.50000000000029
114.49999999999777,115.20759999999775,0.09999999999999432,0.1,-5.689893001203927e-15,0.0,1,0,236,91,30.25570791200002,30.25570791200002,39.60000000000029
114.59999999999776,115.30759999999775,0.09999999999999432,0.1,-5.689893001203927e-15,0.0,1,0,237,91,30.155707912000018,30.155707912000018,39.700000000000294
114.69999999999776,115.40759999999774,0.09999999999999432,0.1,-5.689893001203927e-15,0.0,1,0,236,91,30.055707912000017,30.055707912000017,39.800000000000296
114.79999999999775,115.50759999999774,0.09999999999999432,0.1,-5.689893001203927e-15,0.0,1,0,236,91,29.955707912000015,29.955707912000015,39.9000000000003
114.89999999999775,115.60759999999773,0.09999999999999432,0.1,-5.689893001203927e-15,0.0,1,0,235,90,29.855707912000014,29.855707912000014,40.0000000000003
114.99999999999774,115.70759999999773,0.09999999999999432,0.1,-5.689893001203927e-15,0.0,1,0,234,90,29.755707912000013,29.755707912000013,40.1000000000003
115.09999999999773,115.80759999999772,0.09999999999999432,0.1,-5.689893001203927e-15,0.0,1,0,232,91,29.65570791200001,29.65570791200001,40.2000000000003
115.19999999999773,115.90759999999771,0.09999999999999432,0.1,-5.689893001203927e-15,0.0,1,0,232,91,29.55570791200001,29.55570791200001,40.3000000000003
115.29999999999772,116.00759999999771,0.09999999999999432,0.1,-5.689893001203927e-15,0.0,1,0,232,91,29.45570791200001,29.45570791200001,40.400000000000304
115.39999999999772,116.1075999999977,0.09999999999999432,0.1,-5.689893001203927e-15,0.0,1,0,231,92,29.355707912000007,29.355707912000007,40.500000000000306
115.49999999999771,116.2075999999977,0.09999999999999432,0.1,-5.689893001203927e-15,0.0,1,0,232,92,29.255707912000005,29.255707912000005,40.60000000000031
115.5999999999977,116.30759999999769,0.09999999999999432,0.1,-5.689893001203927e-15,0.0,1,0,231,91,29.155707912000004,29.155707912000004,40.70000000000031
115.6999999999977,116.40759999999769,0.09999999999999432,0.1,-5.689893001203927e-15,0.0,1,0,230,91,29.055707912000003,29.055707912000003,40.80000000000031
115.7999999999977,116.50759999999768,0.09999999999999432,0.1,-5.689893001203927e-15,0.0,1,0,230,91,28.955707912,28.955707912,40.90000000000031
115.89999999999769,116.60759999999767,0.09999999999999432,0.1,-5.689893001203927e-15,0.0,1,0,229,91,28.855707912,28.855707912,41.00000000000031
115.99999999999768,116.70759999999767,0.09999999999999432,0.1,-5.689893001203927e-15,0.0,1,0,230,91,28.755707912,28.755707912,41.100000000000314
116.09999999999768,116.80759999999766,0.09999999999999432,0.1,-5.689893001203927e-15,0.0,1,0,229,91,28.655707911999997,28.655707911999997,41.200000000000315
116.19999999999767,116.90759999999766,0.09999999999999432,0.1,-5.689893001203927e-15,0.0,1,0,228,91,28.555707911999995,28.555707911999995,41.30000000000032
116.29999999999767,117.00759999999765,0.09999999999999432,0.1,-5.689893001203927e-15,0.0,1,0,229,91,28.455707911999994,28.455707911999994,41.40000000000032
116.39999999999766,117.10759999999765,0.09999999999999432,0.1,-5.689893001203927e-15,0.0,1,0,230,91,28.355707911999993,28.355707911999993,41.50000000000032
116.49999999999766,117.20759999999764,0.09999999999999432,0.1,-5.689893001203927e-15,0.0,1,0,230,91,28.25570791199999,28.25570791199999,41.60000000000032
116.59999999999765,117.30759999999763,0.09999999999999432,0.1,-5.689893001203927e-15,0.0,1,0,230,91,28.15570791199999,28.15570791199999,41.70000000000032
116.69999999999764,117.40759999999763,0.09999999999999432,0.1,-5.689893001203927e-15,0.0,1,0,230,91,28.05570791199999,28.05570791199999,41.800000000000324
116.79999999999764,117.50759999999762,0.09999999999999432,0.1,-5.689893001203927e-15,0.0,1,0,230,91,27.955707911999987,27.955707911999987,41.900000000000325
116.89999999999763,117.60759999999762,0.09999999999999432,0.1,-5.689893001203927e-15,0.0,1,0,229,91,27.855707911999986,27.855707911999986,42.00000000000033
116.99999999999763,117.70759999999761,0.09999999999999432,0.1,-5.689893001203927e-15,0.0,1,0,228,92,27.755707911999984,27.755707911999984,42.10000000000033
117.09999999999762,117.8075999999976,0.09999999999999432,0.1,-5.689893001203927e-15,0.0,1,0,229,91,27.655707911999983,27.655707911999983,42.20000000000033
117.19999999999762,117.9075999999976,0.09999999999999432,0.1,-5.689893001203927e-15,0.0,1,0,229,91,27.55570791199998,27.55570791199998,42.30000000000033
117.29999999999761,118.0075999999976,0.09999999999999432,0.1,-5.689893001203927e-15,0.0,1,0,231,91,27.45570791199998,27.45570791199998,42.40000000000033
117.3999999999976,118.10759999999759,0.09999999999999432,0.1,-5.689893001203927e-15,0.0,1,0,231,91,27.35570791199998,27.35570791199998,42.500000000000334
117.4999999999976,118.20759999999758,0.09999999999999432,0.1,-5.689893001203927e-15,0.0,1,0,231,91,27.255707911999977,27.255707911999977,42.600000000000335
117.59999999999759,118.30759999999758,0.09999999999999432,0.1,-5.689893001203927e-15,0.0,1,0,231,91,27.155707911999976,27.155707911999976,42.70000000000034
117.69999999999759,118.40759999999757,0.09999999999999432,0.1,-5.689893001203927e-15,0.0,1,0,231,91,27.055707911999974,27.055707911999974,42.80000000000034
117.79999999999758,118.50759999999757,0.09999999999999432,0.1,-5.689893001203927e-15,0.0,1,0,230,91,26.955707911999973,26.955707911999973,42.90000000000034
117.89999999999758,118.60759999999756,0.09999999999999432,0.1,-5.689893001203927e-15,0.0,1,0,230,92,26.85570791199997,26.85570791199997,43.00000000000034
117.99999999999757,118.70759999999756,0.09999999999999432,0.1,-5.689893001203927e-15,0.0,1,0,230,91,26.75570791199997,26.75570791199997,43.10000000000034
118.09999999999756,118.80759999999755,0.09999999999999432,0.1,-5.689893001203927e-15,0.0,1,0,230,90,26.65570791199997,26.65570791199997,43.200000000000344
118.19999999999756,118.90759999999754,0.09999999999999432,0.1,-5.689893001203927e-15,0.0,1,0,228,91,26.555707911999967,26.555707911999967,43.300000000000345
118.29999999999755,119.00759999999754,0.09999999999999432,0.1,-5.689893001203927e-15,0.0,1,0,228,90,26.455707911999966,26.455707911999966,43.40000000000035
118.39999999999755,119.10759999999753,0.09999999999999432,0.1,-5.689893001203927e-15,0.0,1,0,227,90,26.355707911999964,26.355707911999964,43.50000000000035
118.49999999999754,119.20759999999753,0.09999999999999432,0.1,-5.689893001203927e-15,0.0,1,0,226,90,26.255707911999963,26.255707911999963,43.60000000000035
118.59999999999754,119.30759999999752,0.09999999999999432,0.1,-5.689893001203927e-15,0.0,1,0,226,90,26.15570791199996,26.15570791199996,43.70000000000035
118.69999999999753,119.40759999999752,0.09999999999999432,0.1,-5.689893001203927e-15,0.0,1,0,225,90,26.05570791199996,26.05570791199996,43.80000000000035
118.79999999999752,119.50759999999751,0.09999999999999432,0.1,-5.689893001203927e-15,0.0,1,0,225,90,25.95570791199996,25.95570791199996,43.900000000000354
118.89999999999752,119.6075999999975,0.09999999999999432,0.1,-5.689893001203927e-15,0.0,1,0,225,90,25.855707911999957,25.855707911999957,44.000000000000355
118.99999999999751,119.7075999999975,0.09999999999999432,0.1,-5.689893001203927e-15,0.0,1,0,224,90,25.755707911999956,25.755707911999956,44.10000000000036
119.09999999999751,119.80759999999749,0.09999999999999432,0.1,-5.689893001203927e-15,0.0,1,0,224,90,25.655707911999954,25.655707911999954,44.20000000000036
119.1999999999975,119.90759999999749,0.09999999999999432,0.1,-5.689893001203927e-15,0.0,1,0,224,90,25.555707911999953,25.555707911999953,44.30000000000036
119.2999999999975,120.00759999999748,0.09999999999999432,0.1,-5.689893001203927e-15,0.0,1,0,223,90,25.45570791199995,25.45570791199995,44.40000000000036
119.39999999999749,120.10759999999748,0.09999999999999432,0.1,-5.689893001203927e-15,0.0,1,0,224,90,25.35570791199995,25.35570791199995,44.50000000000036
119.49999999999748,120.20759999999747,0.09999999999999432,0.1,-5.689893001203927e-15,0.0,1,0,224,90,25.25570791199995,25.25570791199995,44.600000000000364
119.59999999999748,120.30759999999746,0.09999999999999432,0.1,-5.689893001203927e-15,0.0,1,0,224,90,25.155707911999947,25.155707911999947,44.700000000000365
119.69999999999747,120.40759999999746,0.09999999999999432,0.1,-5.689893001203927e-15,0.0,1,0,223,91,25.055707911999946,25.055707911999946,44.80000000000037
119.79999999999747,120.50759999999745,0.09999999999999432,0.1,-5.689893001203927e-15,0.0,1,0,221,91,24.955707911999944,24.955707911999944,44.90000000000037
119.89999999999746,120.60759999999745,0.09999999999999432,0.1,-5.689893001203927e-15,0.0,1,0,220,91,24.855707911999943,24.855707911999943,45.00000000000037
119.99999999999746,120.70759999999744,0.09999999999999432,0.1,-5.689893001203927e-15,0.0,1,0,220,91,24.75570791199994,24.75570791199994,45.10000000000037
120.09999999999745,120.80759999999744,0.09999999999999432,0.1,-5.689893001203927e-15,0.0,1,0,220,91,24.65570791199994,24.65570791199994,45.20000000000037
120.19999999999744,120.90759999999743,0.09999999999999432,0.1,-5.689893001203927e-15,0.0,1,0,220,91,24.55570791199994,24.55570791199994,45.300000000000374
120.29999999999744,121.00759999999742,0.09999999999999432,0.1,-5.689893001203927e-15,0.0,1,0,221,91,24.455707911999937,24.455707911999937,45.400000000000375
120.39999999999743,121.10759999999742,0.09999999999999432,0.1,-5.689893001203927e-15,0.0,1,0,221,90,24.355707911999936,24.355707911999936,45.50000000000038
120.49999999999743,121.20759999999741,0.09999999999999432,0.1,-5.689893001203927e-15,0.0,1,0,221,90,24.255707911999934,24.255707911999934,45.60000000000038
120.59999999999742,121.30759999999741,0.09999999999999432,0.1,-5.689893001203927e-15,0.0,1,0,222,90,24.155707911999933,24.155707911999933,45.70000000000038
120.69999999999742,121.4075999999974,0.09999999999999432,0.1,-5.689893001203927e-15,0.0,1,0,221,90,24.05570791199993,24.05570791199993,45.80000000000038
120.79999999999741,121.5075999999974,0.09999999999999432,0.1,-5.689893001203927e-15,0.0,1,0,221,90,23.95570791199993,23.95570791199993,45.90000000000038
120.8999999999974,121.60759999999739,0.09999999999999432,0.1,-5.689893001203927e-15,0.0,1,0,222,90,23.85570791199993,23.85570791199993,46.000000000000384
120.9999999999974,121.70759999999738,0.09999999999999432,0.1,-5.689893001203927e-15,0.0,1,0,221,90,23.755707911999927,23.755707911999927,46.100000000000385
121.0999999999974,121.80759999999738,0.09999999999999432,0.1,-5.689893001203927e-15,0.0,1,0,221,90,23.655707911999926,23.655707911999926,46.20000000000039
121.19999999999739,121.90759999999737,0.09999999999999432,0.1,-5.689893001203927e-15,0.0,1,0,222,89,23.555707911999924,23.555707911999924,46.30000000000039
121.29999999999738,122.00759999999737,0.09999999999999432,0.1,-5.689893001203927e-15,0.0,1,0,221,90,23.455707911999923,23.455707911999923,46.40000000000039
121.39999999999738,122.10759999999736,0.09999999999999432,0.1,-5.689893001203927e-15,0.0,1,0,220,91,23.35570791199992,23.35570791199992,46.50000000000039
121.49999999999737,122.20759999999736,0.09999999999999432,0.1,-5.689893001203927e-15,0.0,1,0,220,91,23.25570791199992,23.25570791199992,46.60000000000039
121.59999999999737,122.30759999999735,0.09999999999999432,0.1,-5.689893001203927e-15,0.0,1,0,220,91,23.15570791199992,23.15570791199992,46.700000000000394
121.69999999999736,122.40759999999734,0.09999999999999432,0.1,-5.689893001203927e-15,0.0,1,0,219,91,23.055707911999917,23.055707911999917,46.800000000000395
121.79999999999735,122.50759999999734,0.09999999999999432,0.1,-5.689893001203927e-15,0.0,1,0,219,90,22.955707911999916,22.955707911999916,46.9000000000004
121.89999999999735,122.60759999999733,0.09999999999999432,0.1,-5.689893001203927e-15,0.0,1,0,219,90,22.855707911999914,22.855707911999914,47.0000000000004
121.99999999999734,122.70759999999733,0.09999999999999432,0.1,-5.689893001203927e-15,0.0,1,0,220,90,22.755707911999913,22.755707911999913,47.1000000000004
122.09999999999734,122.80759999999732,0.09999999999999432,0.1,-5.689893001203927e-15,0.0,1,0,219,90,22.65570791199991,22.65570791199991,47.2000000000004
122.19999999999733,122.90759999999732,0.09999999999999432,0.1,-5.689893001203927e-15,0.0,1,0,220,91,22.55570791199991,22.55570791199991,47.3000000000004
122.29999999999733,123.00759999999731,0.09999999999999432,0.1,-5.689893001203927e-15,0.0,1,0,220,91,22.45570791199991,22.45570791199991,47.400000000000404
122.39999999999732,123.1075999999973,0.09999999999999432,0.1,-5.689893001203927e-15,0.0,1,0,219,91,22.355707911999907,22.355707911999907,47.500000000000405
122.49999999999731,123.2075999999973,0.09999999999999432,0.1,-5.689893001203927e-15,0.0,1,0,217,92,22.255707911999906,22.255707911999906,47.600000000000406
122.59999999999731,123.3075999999973,0.09999999999999432,0.1,-5.689893001203927e-15,0.0,1,0,215,92,22.155707911999905,22.155707911999905,47.70000000000041
122.6999999999973,123.40759999999729,0.09999999999999432,0.1,-5.689893001203927e-15,0.0,1,0,215,92,22.055707911999903,22.055707911999903,47.80000000000041
122.7999999999973,123.50759999999728,0.09999999999999432,0.1,-5.689893001203927e-15,0.0,1,0,216,92,21.9557079119999,21.9557079119999,47.90000000000041
122.89999999999729,123.60759999999728,0.09999999999999432,0.1,-5.689893001203927e-15,0.0,1,0,217,92,21.8557079119999,21.8557079119999,48.00000000000041
122.99999999999729,123.70759999999727,0.09999999999999432,0.1,-5.689893001203927e-15,0.0,1,0,218,92,21.7557079119999,21.7557079119999,48.10000000000041
123.09999999999728,123.80759999999727,0.09999999999999432,0.1,-5.689893001203927e-15,0.0,1,0,217,93,21.655707911999897,21.655707911999897,48.200000000000415
123.19999999999727,123.90759999999726,0.09999999999999432,0.1,-5.689893001203927e-15,0.0,1,0,217,93,21.555707911999896,21.555707911999896,48.300000000000416
123.29999999999727,124.00759999999725,0.09999999999999432,0.1,-5.689893001203927e-15,0.0,1,0,216,93,21.455707911999895,21.455707911999895,48.40000000000042
123.39999999999726,124.10759999999725,0.09999999999999432,0.1,-5.689893001203927e-15,0.0,1,0,215,93,21.355707911999893,21.355707911999893,48.50000000000042
123.49999999999726,124.20759999999724,0.09999999999999432,0.1,-5.689893001203927e-15,0.0,1,0,215,92,21.25570791199989,21.25570791199989,48.60000000000042
123.59999999999725,124.30759999999724,0.09999999999999432,0.1,-5.689893001203927e-15,0.0,1,0,216,92,21.15570791199989,21.15570791199989,48.70000000000042
123.69999999999725,124.40759999999723,0.09999999999999432,0.1,-5.689893001203927e-15,0.0,1,0,216,92,21.05570791199989,21.05570791199989,48.80000000000042
123.79999999999724,124.50759999999723,0.09999999999999432,0.1,-5.689893001203927e-15,0.0,1,0,215,92,20.955707911999887,20.955707911999887,48.900000000000425
123.89999999999723,124.60759999999722,0.09999999999999432,0.1,-5.689893001203927e-15,0.0,1,0,214,92,20.855707911999886,20.855707911999886,49.000000000000426
123.99999999999723,124.70759999999721,0.09999999999999432,0.1,-5.689893001203927e-15,0.0,1,0,214,92,20.755707911999885,20.755707911999885,49.10000000000043
124.09999999999722,124.80759999999721,0.09999999999999432,0.1,-5.689893001203927e-15,0.0,1,0,216,92,20.655707911999883,20.655707911999883,49.20000000000043
124.19999999999722,124.9075999999972,0.09999999999999432,0.1,-5.689893001203927e-15,0.0,1,0,216,92,20.555707911999882,20.555707911999882,49.30000000000043
124.29999999999721,125.0075999999972,0.09999999999999432,0.1,-5.689893001203927e-15,0.0,1,0,214,92,20.45570791199988,20.45570791199988,49.40000000000043
124.3999999999972,125.10759999999719,0.09999999999999432,0.1,-5.689893001203927e-15,0.0,1,0,212,92,20.35570791199988,20.35570791199988,49.50000000000043
124.4999999999972,125.20759999999719,0.09999999999999432,0.1,-5.689893001203927e-15,0.0,1,0,212,92,20.255707911999878,20.255707911999878,49.600000000000435
124.5999999999972,125.30759999999718,0.09999999999999432,0.1,-5.689893001203927e-15,0.0,1,0,211,92,20.155707911999876,20.155707911999876,49.700000000000436
124.69999999999719,125.40759999999717,0.09999999999999432,0.1,-5.689893001203927e-15,0.0,1,0,212,93,20.055707911999875,20.055707911999875,49.80000000000044
124.79999999999718,125.50759999999717,0.09999999999999432,0.1,-5.689893001203927e-15,0.0,1,0,211,93,19.955707911999873,19.955707911999873,49.90000000000044
124.89999999999718,125.60759999999716,0.09999999999999432,0.1,-5.689893001203927e-15,0.0,1,0,211,93,19.855707911999872,19.855707911999872,50.00000000000044
124.99999999999717,125.70759999999716,0.09999999999999432,0.1,-5.689893001203927e-15,0.0,1,0,211,93,19.75570791199987,19.75570791199987,50.10000000000044
125.09999999999717,125.80759999999715,0.09999999999999432,0.1,-5.689893001203927e-15,0.0,1,0,211,93,19.65570791199987,19.65570791199987,50.20000000000044
125.19999999999716,125.90759999999715,0.09999999999999432,0.1,-5.689893001203927e-15,0.0,1,0,212,93,19.555707911999868,19.555707911999868,50.300000000000445
125.29999999999715,126.00759999999714,0.09999999999999432,0.1,-5.689893001203927e-15,0.0,1,0,213,93,19.455707911999866,19.455707911999866,50.400000000000446
125.39999999999715,126.10759999999713,0.09999999999999432,0.1,-5.689893001203927e-15,0.0,1,0,212,93,19.355707911999865,19.355707911999865,50.50000000000045
125.49999999999714,126.20759999999713,0.09999999999999432,0.1,-5.689893001203927e-15,0.0,1,0,211,94,19.255707911999863,19.255707911999863,50.60000000000045
125.59999999999714,126.30759999999712,0.09999999999999432,0.1,-5.689893001203927e-15,0.0,1,0,212,94,19.155707911999862,19.155707911999862,50.70000000000045
125.69999999999713,126.40759999999712,0.09999999999999432,0.1,-5.689893001203927e-15,0.0,1,0,212,94,19.05570791199986,19.05570791199986,50.80000000000045
125.79999999999713,126.50759999999711,0.09999999999999432,0.1,-5.689893001203927e-15,0.0,1,0,214,93,18.95570791199986,18.95570791199986,50.90000000000045
125.89999999999712,126.6075999999971,0.09999999999999432,0.1,-5.689893001203927e-15,0.0,1,0,214,93,18.855707911999858,18.855707911999858,51.000000000000455
125.99999999999712,126.7075999999971,0.09999999999999432,0.1,-5.689893001203927e-15,0.0,1,0,216,92,18.755707911999856,18.755707911999856,51.100000000000456
126.09999999999711,126.8075999999971,0.09999999999999432,0.1,-5.689893001203927e-15,0.0,1,0,216,92,18.655707911999855,18.655707911999855,51.20000000000046
126.1999999999971,126.90759999999709,0.09999999999999432,0.1,-5.689893001203927e-15,0.0,1,0,216,91,18.555707911999853,18.555707911999853,51.30000000000046
126.2999999999971,127.00759999999708,0.09999999999999432,0.1,-5.689893001203927e-15,0.0,1,0,216,91,18.455707911999852,18.455707911999852,51.40000000000046
126.39999999999709,127.10759999999708,0.09999999999999432,0.1,-5.689893001203927e-15,0.0,1,0,217,91,18.35570791199985,18.35570791199985,51.50000000000046
126.49999999999709,127.20759999999707,0.09999999999999432,0.1,-5.689893001203927e-15,0.0,1,0,219,90,18.25570791199985,18.25570791199985,51.60000000000046
126.59999999999708,127.30759999999707,0.09999999999999432,0.1,-5.689893001203927e-15,0.0,1,0,219,91,18.155707911999848,18.155707911999848,51.700000000000465
126.69999999999708,127.40759999999706,0.09999999999999432,0.1,-5.689893001203927e-15,0.0,1,0,219,91,18.055707911999846,18.055707911999846,51.800000000000466
126.79999999999707,127.50759999999705,0.09999999999999432,0.1,-5.689893001203927e-15,0.0,1,0,219,91,17.955707911999845,17.955707911999845,51.90000000000047
126.89999999999706,127.60759999999705,0.09999999999999432,0.1,-5.689893001203927e-15,0.0,1,0,219,90,17.855707911999843,17.855707911999843,52.00000000000047
126.99999999999706,127.70759999999704,0.09999999999999432,0.1,-5.689893001203927e-15,0.0,1,0,219,90,17.755707911999842,17.755707911999842,52.10000000000047
127.09999999999705,127.80759999999704,0.09999999999999432,0.1,-5.689893001203927e-15,0.0,1,0,218,90,17.65570791199984,17.65570791199984,52.20000000000047
127.19999999999705,127.90759999999703,0.09999999999999432,0.1,-5.689893001203927e-15,0.0,1,0,218,90,17.55570791199984,17.55570791199984,52.30000000000047
127.29999999999704,128.00759999999704,0.10000000000000853,0.1,8.520961713998076e-15,0.0,1,0,219,90,17.455707911999838,17.455707911999838,52.400000000000475
127.39999999999704,128.10759999999703,0.09999999999999432,0.1,-5.689893001203927e-15,0.0,1,0,220,90,17.355707911999836,17.355707911999836,52.500000000000476
127.49999999999703,128.20759999999703,0.09999999999999432,0.1,-5.689893001203927e-15,0.0,1,0,221,90,17.255707911999835,17.255707911999835,52.60000000000048
127.59999999999702,128.30759999999702,0.09999999999999432,0.1,-5.689893001203927e-15,0.0,1,0,220,89,17.155707911999833,17.155707911999833,52.70000000000048
127.69999999999702,128.40759999999702,0.09999999999999432,0.1,-5.689893001203927e-15,0.0,1,0,219,89,17.055707911999832,17.055707911999832,52.80000000000048
127.79999999999701,128.507599999997,0.09999999999999432,0.1,-5.689893001203927e-15,0.0,1,0,220,89,16.95570791199983,16.95570791199983,52.90000000000048
127.89999999999701,128.607599999997,0.09999999999999432,0.1,-5.689893001203927e-15,0.0,1,0,220,89,16.85570791199983,16.85570791199983,53.00000000000048
127.999999999997,128.707599999997,0.09999999999999432,0.1,-5.689893001203927e-15,0.0,1,0,220,89,16.755707911999828,16.755707911999828,53.100000000000485
128.099999999997,128.807599999997,0.09999999999999432,0.1,-5.689893001203927e-15,0.0,1,0,220,90,16.655707911999826,16.655707911999826,53.200000000000486
128.199999999997,128.907599999997,0.09999999999999432,0.1,-5.689893001203927e-15,0.0,1,0,218,90,16.555707911999825,16.555707911999825,53.30000000000049
128.299999999997,129.00759999999698,0.09999999999999432,0.1,-5.689893001203927e-15,0.0,1,0,217,90,16.455707911999824,16.455707911999824,53.40000000000049
128.399999999997,129.10759999999698,0.09999999999999432,0.1,-5.689893001203927e-15,0.0,1,0,216,90,16.355707911999822,16.355707911999822,53.50000000000049
128.499999999997,129.20759999999697,0.09999999999999432,0.1,-5.689893001203927e-15,0.0,1,0,217,90,16.25570791199982,16.25570791199982,53.60000000000049
128.59999999999698,129.30759999999697,0.09999999999999432,0.1,-5.689893001203927e-15,0.0,1,0,216,91,16.15570791199982,16.15570791199982,53.70000000000049
128.69999999999698,129.40759999999696,0.09999999999999432,0.1,-5.689893001203927e-15,0.0,1,0,214,91,16.055707911999818,16.055707911999818,53.800000000000495
128.79999999999697,129.50759999999696,0.09999999999999432,0.1,-5.689893001203927e-15,0.0,1,0,213,91,15.955707911999818,15.955707911999818,53.900000000000496
128.89999999999696,129.60759999999695,0.09999999999999432,0.1,-5.689893001203927e-15,0.0,1,0,212,91,15.855707911999819,15.855707911999819,54.0000000000005
128.99999999999696,129.70759999999694,0.09999999999999432,0.1,-5.689893001203927e-15,0.0,1,0,211,91,15.755707911999819,15.755707911999819,54.1000000000005
129.09999999999695,129.80759999999694,0.09999999999999432,0.1,-5.689893001203927e-15,0.0,1,0,211,91,15.65570791199982,15.65570791199982,54.2000000000005
129.19999999999695,129.90759999999693,0.09999999999999432,0.1,-5.689893001203927e-15,0.0,1,0,212,92,15.55570791199982,15.55570791199982,54.3000000000005
129.29999999999694,130.00759999999693,0.09999999999999432,0.1,-5.689893001203927e-15,0.0,1,0,212,92,15.45570791199982,15.45570791199982,54.4000000000005
129.39999999999694,130.10759999999692,0.09999999999999432,0.1,-5.689893001203927e-15,0.0,1,0,213,92,15.35570791199982,15.35570791199982,54.500000000000504
129.49999999999693,130.20759999999692,0.09999999999999432,0.1,-5.689893001203927e-15,0.0,1,0,213,92,15.25570791199982,15.25570791199982,54.600000000000506
129.59999999999692,130.3075999999969,0.09999999999999432,0.1,-5.689893001203927e-15,0.0,1,0,214,91,15.155707911999821,15.155707911999821,54.70000000000051
129.69999999999692,130.4075999999969,0.09999999999999432,0.1,-5.689893001203927e-15,0.0,1,0,214,92,15.055707911999821,15.055707911999821,54.80000000000051
129.7999999999969,130.5075999999969,0.09999999999999432,0.1,-5.689893001203927e-15,0.0,1,0,215,92,14.955707911999822,14.955707911999822,54.90000000000051
129.8999999999969,130.6075999999969,0.09999999999999432,0.1,-5.689893001203927e-15,0.0,1,0,214,92,14.855707911999822,14.855707911999822,55.00000000000051
129.9999999999969,130.7075999999969,0.09999999999999432,0.1,-5.689893001203927e-15,0.0,1,0,213,92,14.755707911999822,14.755707911999822,55.10000000000051
130.0999999999969,130.80759999999688,0.09999999999999432,0.1,-5.689893001203927e-15,0.0,1,0,213,92,14.655707911999823,14.655707911999823,55.200000000000514
130.1999999999969,130.90759999999688,0.09999999999999432,0.1,-5.689893001203927e-15,0.0,1,0,212,92,14.555707911999823,14.555707911999823,55.300000000000516
130.29999999999688,131.00759999999687,0.09999999999999432,0.1,-5.689893001203927e-15,0.0,1,0,211,93,14.455707911999824,14.455707911999824,55.40000000000052
130.39999999999688,131.10759999999686,0.09999999999999432,0.1,-5.689893001203927e-15,0.0,1,0,212,94,14.355707911999824,14.355707911999824,55.50000000000052
130.49999999999687,131.20759999999686,0.09999999999999432,0.1,-5.689893001203927e-15,0.0,1,0,211,94,14.255707911999824,14.255707911999824,55.60000000000052
130.59999999999687,131.30759999999685,0.09999999999999432,0.1,-5.689893001203927e-15,0.0,1,0,211,94,14.155707911999825,14.155707911999825,55.70000000000052
130.69999999999686,131.40759999999685,0.09999999999999432,0.1,-5.689893001203927e-15,0.0,1,0,210,94,14.055707911999825,14.055707911999825,55.80000000000052
130.79999999999686,131.50759999999684,0.09999999999999432,0.1,-5.689893001203927e-15,0.0,1,0,210,94,13.955707911999825,13.955707911999825,55.900000000000524
130.89999999999685,131.60759999999684,0.09999999999999432,0.1,-5.689893001203927e-15,0.0,1,0,208,92,13.855707911999826,13.855707911999826,56.000000000000526
130.99999999999685,131.70759999999683,0.09999999999999432,0.1,-5.689893001203927e-15,0.0,1,0,207,92,13.755707911999826,13.755707911999826,56.10000000000053
131.09999999999684,131.80759999999682,0.09999999999999432,0.1,-5.689893001203927e-15,0.0,1,0,207,92,12.755760530163272,12.755760530163272,56.20000000000053
131.19999999999683,131.90759999999682,0.09999999999999432,0.1,-5.689893001203927e-15,0.0,1,0,207,92,12.155760530163272,12.155760530163272,56.30000000000053
131.29999999999683,132.0647999999968,0.1571999999999889,0.1,0.0571999999999889,0.0,1,0,205,92,68.75576053016358,68.75576053016358,56.40000000000053
131.39999999999682,132.1647999999968,0.09999999999999432,0.1,-5.689893001203927e-15,0.0,1,0,205,92,68.38412093783582,68.38412093783582,56.50000000000053
131.49999999999682,132.2647999999968,0.09999999999999432,0.1,-5.689893001203927e-15,0.0,1,0,204,92,67.50962329133414,67.50962329133414,56.600000000000534
131.5999999999968,132.3647999999968,0.09999999999999432,0.1,-5.689893001203927e-15,0.0,1,0,204,92,66.76387160170023,66.76387160170023,56.700000000000536
131.6999999999968,132.46479999999679,0.09999999999999432,0.1,-5.689893001203927e-15,0.0,1,0,206,92,66.07511996168833,66.07511996168833,56.80000000000054
131.7999999999968,132.62479999999678,0.1599999999999966,0.1,0.059999999999996584,0.0,1,0,206,92,125.47511996168869,125.47511996168869,56.90000000000054
131.8999999999968,132.72479999999678,0.09999999999999432,0.1,-5.689893001203927e-15,0.0,1,0,206,92,125.13486204959871,125.13486204959871,57.00000000000054
131.9999999999968,132.82479999999677,0.09999999999999432,0.1,-5.689893001203927e-15,0.0,1,0,207,93,124.45399936889561,124.45399936889561,57.10000000000054
132.09999999999678,132.92479999999676,0.09999999999999432,0.1,-5.689893001203927e-15,0.0,1,0,208,93,123.81158625835617,123.81158625835617,57.20000000000054
132.19999999999678,133.02479999999676,0.09999999999999432,0.1,-5.689893001203927e-15,0.0,1,0,209,94,123.14200996933693,123.14200996933693,57.300000000000544
132.29999999999677,133.12479999999675,0.09999999999999432,0.1,-5.689893001203927e-15,0.0,1,0,208,94,122.54200996933693,122.54200996933693,57.400000000000546
132.39999999999677,133.22479999999675,0.09999999999999432,0.1,-5.689893001203927e-15,0.0,1,0,207,94,121.94200996933694,121.94200996933694,57.50000000000055
132.49999999999676,133.32479999999674,0.09999999999999432,0.1,-5.689893001203927e-15,0.0,1,0,207,94,121.34200996933694,121.34200996933694,57.60000000000055
132.59999999999675,133.42479999999674,0.09999999999999432,0.1,-5.689893001203927e-15,0.0,1,0,207,93,120.74200996933695,120.74200996933695,57.70000000000055
132.69999999999675,133.52479999999673,0.09999999999999432,0.1,-5.689893001203927e-15,0.0,1,0,207,94,120.14200996933695,120.14200996933695,57.80000000000055
132.79999999999674,133.62479999999672,0.09999999999999432,0.1,-5.689893001203927e-15,0.0,1,0,207,94,119.54200996933696,119.54200996933696,57.90000000000055
132.89999999999674,133.72479999999672,0.09999999999999432,0.1,-5.689893001203927e-15,0.0,1,0,207,93,118.94200996933697,118.94200996933697,58.000000000000554
132.99999999999673,133.8247999999967,0.09999999999999432,0.1,-5.689893001203927e-15,0.0,1,0,206,93,118.34200996933697,118.34200996933697,58.100000000000556
133.09999999999673,133.9847999999967,0.1599999999999966,0.1,0.059999999999996584,0.0,1,0,205,93,177.74200996933735,177.74200996933735,58.20000000000056
133.19999999999672,134.1447999999967,0.1599999999999966,0.1,0.059999999999996584,0.0,2,0,203,93,106.1505766455218,134.90000000000038,29.20000000000028
133.29999999999671,134.2447999999967,0.09999999999999432,0.1,-5.689893001203927e-15,0.0,2,0,204,93,105.40170236805233,134.21044476771024,29.30000000000028
133.3999999999967,134.3447999999967,0.09999999999999432,0.1,-5.689893001203927e-15,0.0,2,0,204,93,104.63369139270935,133.32515169160746,29.40000000000028
133.4999999999967,134.5047999999967,0.1599999999999966,0.1,0.059999999999996584,0.0,2,0,204,94,134.03369139270956,192.72515169160783,29.50000000000028
133.5999999999967,134.6047999999967,0.09999999999999432,0.1,-5.689893001203927e-15,0.0,3,0,203,95,80.77854897339104,74.9,19.766666666666854
133.6999999999967,134.70479999999668,0.09999999999999432,0.1,-5.689893001203927e-15,0.0,3,0,205,95,80.36999663025112,74.76958468701851,19.866666666666855
133.7999999999967,134.80479999999667,0.09999999999999432,0.1,-5.689893001203927e-15,0.0,3,0,205,95,80.10987401130521,74.66958468701851,19.966666666666857
133.89999999999668,134.90479999999667,0.09999999999999432,0.1,-5.689893001203927e-15,0.0,3,0,205,95,80.00987401130521,74.56958468701852,20.06666666666686
133.99999999999667,135.00479999999666,0.09999999999999432,0.1,-5.689893001203927e-15,0.0,3,0,206,96,79.90987401130522,74.46958468701852,20.166666666666856
134.09999999999667,135.10479999999666,0.09999999999999432,0.1,-5.689893001203927e-15,0.0,3,0,206,95,79.80987401130523,74.36958468701853,20.266666666666858
134.19999999999666,135.20479999999665,0.09999999999999432,0.1,-5.689893001203927e-15,0.0,3,0,206,95,79.70987401130523,74.26958468701854,20.366666666666855
134.29999999999666,135.30479999999665,0.09999999999999432,0.1,-5.689893001203927e-15,0.0,3,0,209,95,79.60987401130524,74.16958468701854,20.466666666666857
134.39999999999665,135.40479999999664,0.09999999999999432,0.1,-5.689893001203927e-15,0.0,3,0,209,95,79.50987401130524,74.06958468701855,20.56666666666686
134.49999999999665,135.50479999999664,0.09999999999999432,0.1,-5.689893001203927e-15,0.0,3,0,209,95,79.40987401130525,73.96958468701855,20.66666666666686
134.59999999999664,135.60479999999663,0.09999999999999432,0.1,-5.689893001203927e-15,0.0,3,0,208,95,79.30987401130525,73.86958468701856,20.76666666666686
134.69999999999663,135.70479999999662,0.09999999999999432,0.1,-5.689893001203927e-15,0.0,3,0,208,95,79.20987401130526,73.76958468701856,20.86666666666686
134.79999999999663,135.80479999999662,0.09999999999999432,0.1,-5.689893001203927e-15,0.0,3,0,208,95,79.10987401130527,73.66958468701857,20.96666666666686
134.89999999999662,135.9047999999966,0.09999999999999432,0.1,-5.689893001203927e-15,0.0,3,0,208,95,79.00987401130527,73.56958468701858,21.066666666666862
134.99999999999662,136.0047999999966,0.09999999999999432,0.1,-5.689893001203927e-15,0.0,3,0,209,95,78.90987401130528,73.46958468701858,21.16666666666686
135.0999999999966,136.1047999999966,0.09999999999999432,0.1,-5.689893001203927e-15,0.0,3,0,210,95,78.80987401130528,73.36958468701859,21.26666666666686
135.1999999999966,136.2047999999966,0.09999999999999432,0.1,-5.689893001203927e-15,0.0,3,0,211,95,78.70987401130529,73.2695846870186,21.366666666666863
135.2999999999966,136.3047999999966,0.09999999999999432,0.1,-5.689893001203927e-15,0.0,3,0,212,95,78.6098740113053,73.1695846870186,21.466666666666864
135.3999999999966,136.40479999999658,0.09999999999999432,0.1,-5.689893001203927e-15,0.0,3,0,212,95,78.5098740113053,73.0695846870186,21.566666666666862
135.4999999999966,136.50479999999658,0.09999999999999432,0.1,-5.689893001203927e-15,0.0,3,0,212,95,78.4098740113053,72.96958468701861,21.666666666666867
135.59999999999658,136.60479999999657,0.09999999999999432,0.1,-5.689893001203927e-15,0.0,3,0,213,95,78.30987401130531,72.86958468701862,21.766666666666865
135.69999999999658,136.70479999999657,0.09999999999999432,0.1,-5.689893001203927e-15,0.0,3,0,216,95,78.20987401130532,72.76958468701862,21.866666666666863
135.79999999999657,136.80479999999656,0.09999999999999432,0.1,-5.689893001203927e-15,0.0,3,0,215,95,78.10987401130532,72.66958468701863,21.966666666666868
135.89999999999657,136.90479999999656,0.09999999999999432,0.1,-5.689893001203927e-15,0.0,3,0,215,96,78.00987401130533,72.56958468701863,22.066666666666865
135.99999999999656,137.00479999999655,0.09999999999999432,0.1,-5.689893001203927e-15,0.0,3,0,216,96,77.90987401130533,72.46958468701864,22.166666666666867
136.09999999999656,137.10479999999654,0.09999999999999432,0.1,-5.689893001203927e-15,0.0,3,0,215,97,77.80987401130534,72.36958468701864,22.26666666666687
136.19999999999655,137.20479999999654,0.09999999999999432,0.1,-5.689893001203927e-15,0.0,3,0,216,96,77.70987401130535,72.26958468701865,22.36666666666687
136.29999999999654,137.30479999999653,0.09999999999999432,0.1,-5.689893001203927e-15,0.0,3,0,215,95,77.60987401130535,72.16958468701866,22.466666666666868
136.39999999999654,137.40479999999653,0.09999999999999432,0.1,-5.689893001203927e-15,0.0,3,0,214,95,77.50987401130536,72.06958468701866,22.566666666666872
136.49999999999653,137.50479999999652,0.09999999999999432,0.1,-5.689893001203927e-15,0.0,3,0,214,95,77.40987401130536,71.96958468701867,22.66666666666687
136.59999999999653,137.60479999999652,0.09999999999999432,0.1,-5.689893001203927e-15,0.0,3,0,215,95,77.30987401130537,71.86958468701867,22.76666666666687
136.69999999999652,137.7047999999965,0.09999999999999432,0.1,-5.689893001203927e-15,0.0,3,0,214,94,77.20987401130537,71.76958468701868,22.86666666666687
136.79999999999652,137.8047999999965,0.09999999999999432,0.1,-5.689893001203927e-15,0.0,3,0,213,95,77.10987401130538,71.66958468701868,22.96666666666687
136.8999999999965,137.9047999999965,0.09999999999999432,0.1,-5.689893001203927e-15,0.0,3,0,213,95,77.00987401130539,71.56958468701869,23.066666666666872
136.9999999999965,138.0047999999965,0.09999999999999432,0.1,-5.689893001203927e-15,0.0,3,0,212,95,76.90987401130539,71.4695846870187,23.16666666666687
137.0999999999965,138.1047999999965,0.09999999999999432,0.1,-5.689893001203927e-15,0.0,3,0,213,96,76.8098740113054,71.3695846870187,23.266666666666875
137.1999999999965,138.20479999999648,0.09999999999999432,0.1,-5.689893001203927e-15,0.0,3,0,212,97,76.7098740113054,71.2695846870187,23.366666666666873
137.2999999999965,138.30479999999648,0.09999999999999432,0.1,-5.689893001203927e-15,0.0,3,0,213,97,76.60987401130541,71.16958468701871,23.46666666666687
137.39999999999648,138.40479999999647,0.09999999999999432,0.1,-5.689893001203927e-15,0.0,3,0,212,96,76.50987401130541,71.06958468701872,23.566666666666872
137.49999999999648,138.50479999999646,0.09999999999999432,0.1,-5.689893001203927e-15,0.0,3,0,214,96,76.40987401130542,70.96958468701872,23.666666666666874
137.59999999999647,138.60479999999646,0.09999999999999432,0.1,-5.689893001203927e-15,0.0,3,0,214,95,76.30987401130542,70.86958468701873,23.766666666666875
137.69999999999646,138.70479999999645,0.09999999999999432,0.1,-5.689893001203927e-15,0.0,3,0,214,95,76.20987401130543,70.76958468701874,23.866666666666873
137.79999999999646,138.80479999999645,0.09999999999999432,0.1,-5.689893001203927e-15,0.0,3,0,214,95,76.10987401130544,70.66958468701874,23.966666666666878
137.89999999999645,138.90479999999644,0.09999999999999432,0.1,-5.689893001203927e-15,0.0,3,0,215,95,76.00987401130544,70.56958468701875,24.066666666666876
137.99999999999645,139.00479999999644,0.09999999999999432,0.1,-5.689893001203927e-15,0.0,3,0,215,95,75.90987401130545,70.46958468701875,24.166666666666874
138.09999999999644,139.10479999999643,0.09999999999999432,0.1,-5.689893001203927e-15,0.0,3,0,215,95,75.80987401130545,70.36958468701876,24.266666666666875
138.19999999999644,139.20479999999642,0.09999999999999432,0.1,-5.689893001203927e-15,0.0,3,0,214,95,75.70987401130546,70.26958468701876,24.366666666666873
138.29999999999643,139.30479999999642,0.09999999999999432,0.1,-5.689893001203927e-15,0.0,3,0,213,95,75.60987401130546,70.16958468701877,24.466666666666878
138.39999999999642,139.4047999999964,0.09999999999999432,0.1,-5.689893001203927e-15,0.0,3,0,214,95,75.50987401130547,70.06958468701878,24.566666666666876
138.49999999999642,139.5047999999964,0.09999999999999432,0.1,-5.689893001203927e-15,0.0,3,0,215,95,75.40987401130548,69.96958468701878,24.666666666666874
138.5999999999964,139.6047999999964,0.09999999999999432,0.1,-5.689893001203927e-15,0.0,3,0,215,94,75.30987401130548,69.86958468701879,24.76666666666688
138.6999999999964,139.7047999999964,0.09999999999999432,0.1,-5.689893001203927e-15,0.0,3,0,214,94,75.20987401130549,69.76958468701879,24.866666666666877
138.7999999999964,139.8047999999964,0.09999999999999432,0.1,-5.689893001203927e-15,0.0,3,0,215,94,75.1098740113055,69.6695846870188,24.966666666666878
138.8999999999964,139.90479999999638,0.09999999999999432,0.1,-5.689893001203927e-15,0.0,3,0,216,94,75.0098740113055,69.5695846870188,25.066666666666876
138.9999999999964,140.00479999999638,0.09999999999999432,0.1,-5.689893001203927e-15,0.0,3,0,216,95,74.9098740113055,69.46958468701881,25.166666666666874
139.09999999999638,140.10479999999637,0.09999999999999432,0.1,-5.689893001203927e-15,0.0,3,0,215,95,74.80987401130551,69.36958468701881,25.266666666666875
139.19999999999638,140.20479999999637,0.09999999999999432,0.1,-5.689893001203927e-15,0.0,3,0,213,95,74.70987401130552,69.26958468701882,25.366666666666873
139.29999999999637,140.30479999999636,0.09999999999999432,0.1,-5.689893001203927e-15,0.0,3,0,213,95,74.60987401130552,69.16958468701883,25.466666666666868
139.39999999999637,140.40479999999636,0.09999999999999432,0.1,-5.689893001203927e-15,0.0,3,0,214,95,74.50987401130553,69.06958468701883,25.566666666666865
139.49999999999636,140.50479999999635,0.09999999999999432,0.1,-5.689893001203927e-15,0.0,3,0,215,95,74.40987401130553,68.96958468701884,25.666666666666867
139.59999999999636,140.60479999999635,0.09999999999999432,0.1,-5.689893001203927e-15,0.0,3,0,217,94,74.30987401130554,68.86958468701884,25.76666666666686
139.69999999999635,140.70479999999634,0.09999999999999432,0.1,-5.689893001203927e-15,0.0,3,0,218,94,74.20987401130554,68.76958468701885,25.86666666666686
139.79999999999634,140.80479999999633,0.09999999999999432,0.1,-5.689893001203927e-15,0.0,3,0,217,95,74.10987401130555,68.66958468701885,25.966666666666857
139.89999999999634,140.90479999999633,0.09999999999999432,0.1,-5.689893001203927e-15,0.0,3,0,216,95,74.00987401130556,68.56958468701886,26.06666666666686
139.99999999999633,141.00479999999632,0.09999999999999432,0.1,-5.689893001203927e-15,0.0,3,0,215,94,73.90987401130556,68.46958468701887,26.166666666666856
140.09999999999633,141.10479999999632,0.09999999999999432,0.1,-5.689893001203927e-15,0.0,3,0,215,94,73.80987401130557,68.36958468701887,26.26666666666685
140.19999999999632,141.2047999999963,0.09999999999999432,0.1,-5.689893001203927e-15,0.0,3,0,216,94,73.70987401130557,68.26958468701888,26.36666666666685
140.29999999999632,141.3047999999963,0.09999999999999432,0.1,-5.689893001203927e-15,0.0,3,0,216,94,73.60987401130558,68.16958468701888,26.46666666666685
140.3999999999963,141.4047999999963,0.09999999999999432,0.1,-5.689893001203927e-15,0.0,3,0,216,95,73.50987401130558,68.06958468701889,26.566666666666844
140.4999999999963,141.5047999999963,0.09999999999999432,0.1,-5.689893001203927e-15,0.0,3,0,216,95,73.40987401130559,67.9695846870189,26.666666666666842
140.5999999999963,141.6047999999963,0.09999999999999432,0.1,-5.689893001203927e-15,0.0,3,0,216,94,73.3098740113056,67.8695846870189,26.76666666666684
140.6999999999963,141.70479999999628,0.09999999999999432,0.1,-5.689893001203927e-15,0.0,3,0,217,94,73.2098740113056,67.7695846870189,26.86666666666684
140.7999999999963,141.80479999999628,0.09999999999999432,0.1,-5.689893001203927e-15,0.0,3,0,217,94,73.1098740113056,67.66958468701891,26.96666666666684
140.89999999999628,141.90479999999627,0.09999999999999432,0.1,-5.689893001203927e-15,0.0,3,0,217,94,73.00987401130561,67.56958468701892,27.066666666666833
140.99999999999628,142.00479999999627,0.09999999999999432,0.1,-5.689893001203927e-15,0.0,3,0,218,93,72.90987401130562,67.46958468701892,27.16666666666683
141.09999999999627,142.10479999999626,0.09999999999999432,0.1,-5.689893001203927e-15,0.0,3,0,217,93,72.80987401130562,67.36958468701893,27.266666666666833
141.19999999999627,142.20479999999625,0.09999999999999432,0.1,-5.689893001203927e-15,0.0,3,0,216,93,72.70987401130563,67.26958468701893,27.366666666666827
141.29999999999626,142.30479999999625,0.09999999999999432,0.1,-5.689893001203927e-15,0.0,3,0,218,93,72.60987401130564,67.16958468701894,27.466666666666825
141.39999999999625,142.40479999999624,0.09999999999999432,0.1,-5.689893001203927e-15,0.0,3,0,218,93,72.50987401130564,67.06958468701895,27.566666666666823
141.49999999999625,142.50479999999624,0.09999999999999432,0.1,-5.689893001203927e-15,0.0,3,0,218,93,72.40987401130565,66.96958468701895,27.666666666666824
141.59999999999624,142.60479999999623,0.09999999999999432,0.1,-5.689893001203927e-15,0.0,3,0,219,93,72.30987401130565,66.86958468701896,27.766666666666822
141.69999999999624,142.70479999999623,0.09999999999999432,0.1,-5.689893001203927e-15,0.0,3,0,219,93,72.20987401130566,66.76958468701896,27.866666666666816
141.79999999999623,142.80479999999622,0.09999999999999432,0.1,-5.689893001203927e-15,0.0,3,0,220,93,72.10987401130566,66.66958468701897,27.966666666666814
141.89999999999623,142.90479999999621,0.09999999999999432,0.1,-5.689893001203927e-15,0.0,3,0,220,93,72.00987401130567,66.56958468701897,28.066666666666816
141.99999999999622,143.0047999999962,0.09999999999999432,0.1,-5.689893001203927e-15,0.0,3,0,219,93,71.90987401130567,66.46958468701898,28.16666666666681
142.09999999999621,143.1047999999962,0.09999999999999432,0.1,-5.689893001203927e-15,0.0,3,0,219,93,71.80987401130568,66.36958468701899,28.266666666666808
142.1999999999962,143.2047999999962,0.09999999999999432,0.1,-5.689893001203927e-15,0.0,3,0,219,93,71.70987401130569,66.26958468701899,28.366666666666806
142.2999999999962,143.3047999999962,0.09999999999999432,0.1,-5.689893001203927e-15,0.0,3,0,217,93,71.60987401130569,66.169584687019,28.466666666666807
142.3999999999962,143.4047999999962,0.09999999999999432,0.1,-5.689893001203927e-15,0.0,3,0,216,93,71.5098740113057,66.069584687019,28.566666666666805
142.4999999999962,143.50479999999618,0.09999999999999432,0.1,-5.689893001203927e-15,0.0,3,0,216,93,71.4098740113057,65.96958468701901,28.6666666666668
142.5999999999962,143.60479999999617,0.09999999999999432,0.1,-5.689893001203927e-15,0.0,3,0,216,93,71.30987401130571,65.86958468701901,28.766666666666797
142.69999999999618,143.70479999999617,0.09999999999999432,0.1,-5.689893001203927e-15,0.0,3,0,216,93,71.20987401130571,65.76958468701902,28.8666666666668
142.79999999999617,143.80479999999616,0.09999999999999432,0.1,-5.689893001203927e-15,0.0,3,0,216,93,71.10987401130572,65.66958468701903,28.966666666666793
142.89999999999617,143.90479999999616,0.09999999999999432,0.1,-5.689893001203927e-15,0.0,3,0,215,93,71.00987401130573,65.56958468701903,29.06666666666679
142.99999999999616,144.00479999999615,0.09999999999999432,0.1,-5.689893001203927e-15,0.0,3,0,216,93,70.90987401130573,65.46958468701904,29.16666666666679
143.09999999999616,144.10479999999615,0.09999999999999432,0.1,-5.689893001203927e-15,0.0,3,0,216,92,70.80987401130574,65.36958468701904,29.26666666666679
143.19999999999615,144.20479999999614,0.09999999999999432,0.1,-5.689893001203927e-15,0.0,3,0,216,92,70.70987401130573,65.26958468701905,29.366666666666788
143.29999999999615,144.30479999999613,0.09999999999999432,0.1,-5.689893001203927e-15,0.0,3,0,216,92,70.60987401130573,65.16958468701905,29.466666666666782
143.39999999999614,144.40479999999613,0.09999999999999432,0.1,-5.689893001203927e-15,0.0,3,0,216,91,70.50987401130574,65.06958468701906,29.56666666666678
143.49999999999613,144.50479999999612,0.09999999999999432,0.1,-5.689893001203927e-15,0.0,3,0,217,90,70.40987401130575,64.96958468701906,29.66666666666678
143.59999999999613,144.60479999999612,0.09999999999999432,0.1,-5.689893001203927e-15,0.0,3,0,217,89,70.30987401130575,64.86958468701907,29.766666666666776
143.69999999999612,144.7047999999961,0.09999999999999432,0.1,-5.689893001203927e-15,0.0,3,0,217,89,70.20987401130576,64.76958468701908,29.866666666666774
143.79999999999612,144.8047999999961,0.09999999999999432,0.1,-5.689893001203927e-15,0.0,3,0,218,89,70.10987401130576,64.66958468701908,29.96666666666677
143.8999999999961,144.9047999999961,0.09999999999999432,0.1,-5.689893001203927e-15,0.0,3,0,219,89,70.00987401130577,64.56958468701909,30.066666666666773
143.9999999999961,145.0047999999961,0.09999999999999432,0.1,-5.689893001203927e-15,0.0,3,0,219,90,69.90987401130576,64.4695846870191,30.16666666666677
144.0999999999961,145.1047999999961,0.09999999999999432,0.1,-5.689893001203927e-15,0.0,3,0,220,91,69.80987401130577,64.3695846870191,30.266666666666765
144.1999999999961,145.20479999999608,0.09999999999999432,0.1,-5.689893001203927e-15,0.0,3,0,220,90,69.70987401130577,64.2695846870191,30.366666666666763
144.2999999999961,145.30479999999608,0.09999999999999432,0.1,-5.689893001203927e-15,0.0,3,0,221,90,69.60987401130578,64.16958468701911,30.466666666666764
144.39999999999608,145.40479999999607,0.09999999999999432,0.1,-5.689893001203927e-15,0.0,3,0,221,90,69.50987401130578,64.06958468701912,30.56666666666676
144.49999999999608,145.50479999999607,0.09999999999999432,0.1,-5.689893001203927e-15,0.0,3,0,223,90,69.40987401130577,63.969584687019115,30.666666666666757
144.59999999999607,145.60479999999606,0.09999999999999432,0.1,-5.689893001203927e-15,0.0,3,0,224,90,69.30987401130578,63.86958468701911,30.766666666666755
144.69999999999607,145.70479999999606,0.09999999999999432,0.1,-5.689893001203927e-15,0.0,3,0,224,91,69.20987401130579,63.76958468701911,30.866666666666756
144.79999999999606,145.80479999999605,0.09999999999999432,0.1,-5.689893001203927e-15,0.0,3,0,224,91,69.10987401130579,63.66958468701911,30.966666666666754
144.89999999999606,145.90479999999604,0.09999999999999432,0.1,-5.689893001203927e-15,0.0,3,0,225,91,69.00987401130578,63.56958468701911,31.066666666666748
144.99999999999605,146.00479999999604,0.09999999999999432,0.1,-5.689893001203927e-15,0.0,3,0,226,90,68.90987401130577,63.46958468701911,31.166666666666746
145.09999999999604,146.10479999999603,0.09999999999999432,0.1,-5.689893001203927e-15,0.0,3,0,226,90,68.80987401130578,63.369584687019106,31.266666666666747
145.19999999999604,146.20479999999603,0.09999999999999432,0.1,-5.689893001203927e-15,0.0,3,0,226,90,68.70987401130579,63.269584687019105,31.36666666666674
145.29999999999603,146.30479999999602,0.09999999999999432,0.1,-5.689893001203927e-15,0.0,3,0,226,90,68.60987401130579,63.1695846870191,31.46666666666674
145.39999999999603,146.40479999999602,0.09999999999999432,0.1,-5.689893001203927e-15,0.0,3,0,226,90,68.50987401130578,63.0695846870191,31.566666666666737
145.49999999999602,146.504799999996,0.09999999999999432,0.1,-5.689893001203927e-15,0.0,3,0,226,90,68.40987401130579,62.9695846870191,31.66666666666674
145.59999999999602,146.604799999996,0.09999999999999432,0.1,-5.689893001203927e-15,0.0,3,0,228,88,68.3098740113058,62.8695846870191,31.766666666666737
145.699999999996,146.704799999996,0.09999999999999432,0.1,-5.689893001203927e-15,0.0,3,0,227,88,68.20987401130579,62.7695846870191,31.86666666666673
145.799999999996,146.804799999996,0.09999999999999432,0.1,-5.689893001203927e-15,0.0,3,0,227,88,68.10987401130579,62.669584687019096,31.96666666666673
145.899999999996,146.904799999996,0.09999999999999432,0.1,-5.689893001203927e-15,0.0,3,0,226,88,68.0098740113058,62.569584687019095,32.06666666666673
145.999999999996,147.00479999999598,0.09999999999999432,0.1,-5.689893001203927e-15,0.0,3,0,226,88,67.9098740113058,62.46958468701909,32.16666666666672
146.099999999996,147.10479999999598,0.09999999999999432,0.1,-5.689893001203927e-15,0.0,3,0,226,88,67.8098740113058,62.36958468701909,32.26666666666672
146.19999999999598,147.20479999999597,0.09999999999999432,0.1,-5.689893001203927e-15,0.0,3,0,226,88,67.70987401130579,62.26958468701909,32.366666666666724
146.29999999999598,147.30479999999596,0.09999999999999432,0.1,-5.689893001203927e-15,0.0,3,0,225,88,67.60987401130579,62.16958468701909,32.46666666666672
146.39999999999597,147.40479999999596,0.09999999999999432,0.1,-5.689893001203927e-15,0.0,3,0,225,88,67.5098740113058,62.06958468701909,32.56666666666672
146.49999999999596,147.50479999999595,0.09999999999999432,0.1,-5.689893001203927e-15,0.0,3,0,225,88,67.4098740113058,61.969584687019086,32.666666666666714
146.59999999999596,147.60479999999595,0.09999999999999432,0.1,-5.689893001203927e-15,0.0,3,0,226,88,67.3098740113058,61.869584687019085,32.766666666666715
146.69999999999595,147.70479999999594,0.09999999999999432,0.1,-5.689893001203927e-15,0.0,3,0,226,89,67.2098740113058,61.76958468701908,32.86666666666671
146.79999999999595,147.80479999999594,0.09999999999999432,0.1,-5.689893001203927e-15,0.0,3,0,226,89,67.1098740113058,61.66958468701908,32.966666666666704
146.89999999999594,147.90479999999593,0.09999999999999432,0.1,-5.689893001203927e-15,0.0,3,0,227,89,67.0098740113058,61.56958468701908,33.066666666666706
146.99999999999594,148.00479999999592,0.09999999999999432,0.1,-5.689893001203927e-15,0.0,3,0,227,89,66.9098740113058,61.46958468701908,33.16666666666671
147.09999999999593,148.10479999999592,0.09999999999999432,0.1,-5.689893001203927e-15,0.0,3,0,229,89,66.80987401130581,61.36958468701908,33.2666666666667
147.19999999999592,148.2047999999959,0.09999999999999432,0.1,-5.689893001203927e-15,0.0,3,0,229,89,66.70987401130581,61.269584687019076,33.3666666666667
147.29999999999592,148.3047999999959,0.09999999999999432,0.1,-5.689893001203927e-15,0.0,3,0,229,89,66.6098740113058,61.169584687019075,33.4666666666667
147.3999999999959,148.4047999999959,0.09999999999999432,0.1,-5.689893001203927e-15,0.0,3,0,229,90,66.5098740113058,61.06958468701907,33.5666666666667
147.4999999999959,148.5047999999959,0.09999999999999432,0.1,-5.689893001203927e-15,0.0,3,0,229,91,66.4098740113058,60.96958468701907,33.66666666666669
147.5999999999959,148.6047999999959,0.09999999999999432,0.1,-5.689893001203927e-15,0.0,3,0,228,91,66.30987401130581,60.86958468701907,33.76666666666669
147.6999999999959,148.70479999999588,0.09999999999999432,0.1,-5.689893001203927e-15,0.0,3,0,227,91,66.20987401130581,60.76958468701907,33.86666666666669
147.7999999999959,148.80479999999588,0.09999999999999432,0.1,-5.689893001203927e-15,0.0,3,0,228,91,66.1098740113058,60.66958468701907,33.96666666666669
147.89999999999588,148.90479999999587,0.09999999999999432,0.1,-5.689893001203927e-15,0.0,3,0,227,91,66.00987401130581,60.569584687019066,34.066666666666684
147.99999999999588,149.00479999999587,0.09999999999999432,0.1,-5.689893001203927e-15,0.0,3,0,228,91,65.90987401130582,60.469584687019065,34.166666666666686
148.09999999999587,149.10479999999586,0.09999999999999432,0.1,-5.689893001203927e-15,0.0,3,0,230,90,65.80987401130581,60.36958468701906,34.26666666666668
148.19999999999587,149.20479999999586,0.09999999999999432,0.1,-5.689893001203927e-15,0.0,3,0,230,90,65.70987401130581,60.26958468701906,34.36666666666668
148.29999999999586,149.30479999999585,0.09999999999999432,0.1,-5.689893001203927e-15,0.0,3,0,231,90,65.60987401130582,60.16958468701906,34.466666666666676
148.39999999999586,149.40479999999584,0.09999999999999432,0.1,-5.689893001203927e-15,0.0,3,0,231,91,65.50987401130583,60.06958468701906,34.56666666666667
148.49999999999585,149.50479999999584,0.09999999999999432,0.1,-5.689893001203927e-15,0.0,3,0,230,91,65.40987401130582,59.96958468701906,34.66666666666667
148.59999999999584,149.60479999999583,0.09999999999999432,0.1,-5.689893001203927e-15,0.0,3,0,231,91,65.30987401130581,59.869584687019056,34.76666666666667
148.69999999999584,149.70479999999583,0.09999999999999432,0.1,-5.689893001203927e-15,0.0,3,0,233,91,65.20987401130581,59.769584687019055,34.86666666666667
148.79999999999583,149.80479999999582,0.09999999999999432,0.1,-5.689893001203927e-15,0.0,3,0,233,91,65.10987401130582,59.669584687019054,34.96666666666667
148.89999999999583,149.90479999999582,0.09999999999999432,0.1,-5.689893001203927e-15,0.0,3,0,235,91,65.00987401130583,59.56958468701905,35.06666666666666
148.99999999999582,150.0047999999958,0.09999999999999432,0.1,-5.689893001203927e-15,0.0,3,0,236,91,64.90987401130582,59.46958468701905,35.166666666666664
149.09999999999582,150.1047999999958,0.09999999999999432,0.1,-5.689893001203927e-15,0.0,3,0,235,91,64.80987401130582,59.36958468701905,35.26666666666666
149.1999999999958,150.2047999999958,0.09999999999999432,0.1,-5.689893001203927e-15,0.0,3,0,234,91,64.70987401130583,59.26958468701905,35.36666666666665
149.2999999999958,150.3047999999958,0.09999999999999432,0.1,-5.689893001203927e-15,0.0,3,0,234,91,64.60987401130582,59.16958468701905,35.466666666666654
149.3999999999958,150.4047999999958,0.09999999999999432,0.1,-5.689893001203927e-15,0.0,3,0,235,91,64.50987401130583,59.069584687019045,35.566666666666656
149.4999999999958,150.50479999999578,0.09999999999999432,0.1,-5.689893001203927e-15,0.0,3,0,235,91,64.40987401130583,58.969584687019044,35.66666666666665
149.5999999999958,150.60479999999578,0.09999999999999432,0.1,-5.689893001203927e-15,0.0,3,0,234,91,64.30987401130584,58.86958468701904,35.76666666666665
149.69999999999578,150.70479999999577,0.09999999999999432,0.1,-5.689893001203927e-15,0.0,3,0,234,91,64.20987401130583,58.76958468701904,35.86666666666665
149.79999999999578,150.80479999999577,0.09999999999999432,0.1,-5.689893001203927e-15,0.0,3,0,234,92,64.10987401130582,58.66958468701904,35.96666666666665
149.89999999999577,150.90479999999576,0.09999999999999432,0.1,-5.689893001203927e-15,0.0,3,0,235,92,64.00987401130583,58.56958468701904,36.06666666666665
149.99999999999577,151.00479999999575,0.09999999999999432,0.1,-5.689893001203927e-15,0.0,3,0,237,93,63.90987401130584,58.46958468701904,36.16666666666665
150.09999999999576,151.10479999999575,0.09999999999999432,0.1,-5.689893001203927e-15,0.0,3,0,238,93,63.80987401130583,58.369584687019035,36.266666666666644
150.19999999999575,151.20479999999574,0.09999999999999432,0.1,-5.689893001203927e-15,0.0,3,0,240,93,63.70987401130583,58.269584687019034,36.366666666666646
150.29999999999575,151.30479999999574,0.09999999999999432,0.1,-5.689893001203927e-15,0.0,3,0,240,94,63.609874011305834,58.16958468701903,36.46666666666665
150.39999999999574,151.40479999999573,0.09999999999999432,0.1,-5.689893001203927e-15,0.0,3,0,240,95,63.50987401130584,58.06958468701903,36.56666666666664
150.49999999999574,151.50479999999573,0.09999999999999432,0.1,-5.689893001203927e-15,0.0,3,0,240,95,63.40987401130584,57.96958468701903,36.66666666666664
150.59999999999573,151.60479999999572,0.09999999999999432,0.1,-5.689893001203927e-15,0.0,3,0,240,95,63.30987401130583,57.86958468701903,36.766666666666644
150.69999999999573,151.7047999999957,0.09999999999999432,0.1,-5.689893001203927e-15,0.0,3,0,239,95,63.209874011305835,57.76958468701903,36.86666666666664
150.79999999999572,151.8047999999957,0.09999999999999432,0.1,-5.689893001203927e-15,0.0,3,0,241,95,63.10987401130584,57.669584687019025,36.96666666666664
150.8999999999957,151.9047999999957,0.09999999999999432,0.1,-5.689893001203927e-15,0.0,3,0,242,95,63.00987401130584,57.569584687019024,37.06666666666664
150.9999999999957,152.0047999999957,0.09999999999999432,0.1,-5.689893001203927e-15,0.0,3,0,243,94,62.90987401130584,57.46958468701902,37.166666666666636
151.0999999999957,152.1047999999957,0.09999999999999432,0.1,-5.689893001203927e-15,0.0,3,0,242,94,62.809874011305844,57.36958468701902,37.26666666666664
151.1999999999957,152.20479999999569,0.09999999999999432,0.1,-5.689893001203927e-15,0.0,3,0,244,94,62.70987401130585,57.26958468701902,37.36666666666664
151.2999999999957,152.30479999999568,0.09999999999999432,0.1,-5.689893001203927e-15,0.0,3,0,244,93,62.60987401130584,57.16958468701902,37.46666666666663
151.39999999999569,152.40479999999567,0.09999999999999432,0.1,-5.689893001203927e-15,0.0,3,0,243,93,62.50987401130584,57.06958468701902,37.566666666666634
151.49999999999568,152.50479999999567,0.09999999999999432,0.1,-5.689893001203927e-15,0.0,3,0,243,93,62.409874011305845,56.969584687019015,37.666666666666636
151.59999999999567,152.60479999999566,0.09999999999999432,0.1,-5.689893001203927e-15,0.0,3,0,243,93,62.30987401130585,56.869584687019014,37.76666666666663
151.69999999999567,152.70479999999566,0.09999999999999432,0.1,-5.689893001203927e-15,0.0,3,0,243,94,62.20987401130585,56.76958468701901,37.86666666666663
151.79999999999566,152.80479999999565,0.09999999999999432,0.1,-5.689893001203927e-15,0.0,3,0,244,94,62.10987401130584,56.66958468701901,37.96666666666663
151.89999999999566,152.90479999999565,0.09999999999999432,0.1,-5.689893001203927e-15,0.0,3,0,245,94,62.00987401130585,56.56958468701901,38.06666666666663
151.99999999999565,153.00479999999564,0.09999999999999432,0.1,-5.689893001203927e-15,0.0,3,0,244,94,61.90987401130585,56.46958468701901,38.16666666666663
152.09999999999565,153.10479999999563,0.09999999999999432,0.1,-5.689893001203927e-15,0.0,3,0,243,93,61.80987401130585,56.36958468701901,38.26666666666663
152.19999999999564,153.20479999999563,0.09999999999999432,0.1,-5.689893001203927e-15,0.0,3,0,242,93,61.70987401130585,56.269584687019005,38.366666666666625
152.29999999999563,153.30479999999562,0.09999999999999432,0.1,-5.689893001203927e-15,0.0,3,0,241,93,61.609874011305855,56.169584687019004,38.466666666666626
152.39999999999563,153.40479999999562,0.09999999999999432,0.1,-5.689893001203927e-15,0.0,3,0,239,93,61.50987401130586,56.069584687019,38.56666666666663
152.49999999999562,153.5047999999956,0.09999999999999432,0.1,-5.689893001203927e-15,0.0,3,0,238,94,61.40987401130585,55.969584687019,38.66666666666662
152.59999999999562,153.6047999999956,0.09999999999999432,0.1,-5.689893001203927e-15,0.0,3,0,238,94,61.30987401130585,55.869584687019,38.76666666666662
152.6999999999956,153.7047999999956,0.09999999999999432,0.1,-5.689893001203927e-15,0.0,3,0,238,94,61.20987401130586,55.769584687019,38.866666666666625
152.7999999999956,153.8047999999956,0.09999999999999432,0.1,-5.689893001203927e-15,0.0,3,0,239,95,61.10987401130586,55.669584687019,38.96666666666662
152.8999999999956,153.9047999999956,0.09999999999999432,0.1,-5.689893001203927e-15,0.0,3,0,240,94,61.00987401130586,55.569584687018995,39.06666666666662
152.9999999999956,154.00479999999558,0.09999999999999432,0.1,-5.689893001203927e-15,0.0,3,0,239,94,60.90987401130585,55.469584687018994,39.16666666666662
153.0999999999956,154.10479999999558,0.09999999999999432,0.1,-5.689893001203927e-15,0.0,3,0,238,94,60.80987401130586,55.36958468701899,39.266666666666616
153.19999999999558,154.20479999999557,0.09999999999999432,0.1,-5.689893001203927e-15,0.0,3,0,239,94,60.709874011305864,55.26958468701899,39.36666666666662
153.29999999999558,154.30479999999557,0.09999999999999432,0.1,-5.689893001203927e-15,0.0,3,0,239,93,60.60987401130586,55.16958468701899,39.46666666666662
153.39999999999557,154.40479999999556,0.09999999999999432,0.1,-5.689893001203927e-15,0.0,3,0,239,93,60.50987401130586,55.06958468701899,39.56666666666661
153.49999999999557,154.50479999999556,0.09999999999999432,0.1,-5.689893001203927e-15,0.0,3,0,241,94,60.40987401130587,54.96958468701899,39.666666666666615
153.59999999999556,154.60479999999555,0.09999999999999432,0.1,-5.689893001203927e-15,0.0,3,0,241,93,60.30987401130587,54.869584687018985,39.766666666666616
153.69999999999555,154.70479999999554,0.09999999999999432,0.1,-5.689893001203927e-15,0.0,3,0,240,94,60.209874011305864,54.769584687018984,39.86666666666661
153.79999999999555,154.80479999999554,0.09999999999999432,0.1,-5.689893001203927e-15,0.0,3,0,240,94,60.10987401130586,54.66958468701898,39.96666666666661
153.89999999999554,154.90479999999553,0.09999999999999432,0.1,-5.689893001203927e-15,0.0,3,0,241,94,60.00987401130587,54.56958468701898,40.06666666666661
153.99999999999554,155.00479999999553,0.09999999999999432,0.1,-5.689893001203927e-15,0.0,3,0,241,94,59.909874011305874,54.46958468701898,40.16666666666661
154.09999999999553,155.10479999999552,0.09999999999999432,0.1,-5.689893001203927e-15,0.0,3,0,241,94,59.80987401130587,54.36958468701898,40.26666666666661
154.19999999999553,155.20479999999552,0.09999999999999432,0.1,-5.689893001203927e-15,0.0,3,0,243,95,59.709874011305864,54.26958468701898,40.36666666666661
154.29999999999552,155.3047999999955,0.09999999999999432,0.1,-5.689893001203927e-15,0.0,3,0,244,96,59.60987401130587,54.169584687018975,40.466666666666605
154.39999999999552,155.4047999999955,0.09999999999999432,0.1,-5.689893001203927e-15,0.0,3,0,244,96,59.509874011305875,54.069584687018974,40.566666666666606
154.4999999999955,155.5047999999955,0.09999999999999432,0.1,-5.689893001203927e-15,0.0,3,0,243,95,59.409874011305874,53.96958468701897,40.66666666666661
154.5999999999955,155.6047999999955,0.09999999999999432,0.1,-5.689893001203927e-15,0.0,3,0,243,95,59.30987401130587,53.86958468701897,40.7666666666666
154.6999999999955,155.7047999999955,0.09999999999999432,0.1,-5.689893001203927e-15,0.0,3,0,243,95,59.20987401130588,53.76958468701897,40.8666666666666
154.7999999999955,155.80479999999548,0.09999999999999432,0.1,-5.689893001203927e-15,0.0,3,0,243,95,59.109874011305884,53.66958468701897,40.966666666666605
154.8999999999955,155.90479999999548,0.09999999999999432,0.1,-5.689893001203927e-15,0.0,3,0,243,95,59.009874011305875,53.56958468701897,41.0666666666666
154.99999999999548,156.00479999999547,0.09999999999999432,0.1,-5.689893001203927e-15,0.0,3,0,242,95,58.909874011305874,53.469584687018965,41.1666666666666
155.09999999999548,156.10479999999546,0.09999999999999432,0.1,-5.689893001203927e-15,0.0,3,0,244,95,58.80987401130588,53.369584687018964,41.2666666666666
155.19999999999547,156.20479999999546,0.09999999999999432,0.1,-5.689893001203927e-15,0.0,3,0,246,95,58.709874011305885,53.26958468701896,41.366666666666596
155.29999999999546,156.30479999999545,0.09999999999999432,0.1,-5.689893001203927e-15,0.0,3,0,245,95,58.609874011305884,53.16958468701896,41.4666666666666
155.39999999999546,156.40479999999545,0.09999999999999432,0.1,-5.689893001203927e-15,0.0,3,0,246,94,58.509874011305875,53.06958468701896,41.5666666666666
155.49999999999545,156.50479999999544,0.09999999999999432,0.1,-5.689893001203927e-15,0.0,3,0,247,94,58.40987401130588,52.96958468701896,41.66666666666659
155.59999999999545,156.60479999999544,0.09999999999999432,0.1,-5.689893001203927e-15,0.0,3,0,249,94,58.30987401130589,52.86958468701896,41.766666666666595
155.69999999999544,156.70479999999543,0.09999999999999432,0.1,-5.689893001203927e-15,0.0,3,0,250,94,58.209874011305885,52.769584687018956,41.866666666666596
155.79999999999544,156.80479999999542,0.09999999999999432,0.1,-5.689893001203927e-15,0.0,3,0,250,94,58.109874011305884,52.669584687018954,41.96666666666659
155.89999999999543,156.90479999999542,0.09999999999999432,0.1,-5.689893001203927e-15,0.0,3,0,250,93,58.00987401130589,52.56958468701895,42.06666666666659
155.99999999999542,157.0047999999954,0.09999999999999432,0.1,-5.689893001203927e-15,0.0,3,0,252,93,57.909874011305895,52.46958468701895,42.16666666666659
156.09999999999542,157.1047999999954,0.09999999999999432,0.1,-5.689893001203927e-15,0.0,3,0,251,92,57.80987401130589,52.36958468701895,42.26666666666659
156.1999999999954,157.2047999999954,0.09999999999999432,0.1,-5.689893001203927e-15,0.0,3,0,253,92,57.709874011305885,52.26958468701895,42.36666666666659
156.2999999999954,157.3047999999954,0.09999999999999432,0.1,-5.689893001203927e-15,0.0,3,0,252,93,57.60987401130589,52.16958468701895,42.46666666666659
156.3999999999954,157.4047999999954,0.09999999999999432,0.1,-5.689893001203927e-15,0.0,3,0,252,93,57.5098740113059,52.069584687018946,42.566666666666585
156.4999999999954,157.50479999999538,0.09999999999999432,0.1,-5.689893001203927e-15,0.0,3,0,251,93,57.409874011305895,51.969584687018944,42.666666666666586
156.5999999999954,157.60479999999538,0.09999999999999432,0.1,-5.689893001203927e-15,0.0,3,0,251,93,57.30987401130589,51.86958468701894,42.76666666666659
156.69999999999538,157.70479999999537,0.09999999999999432,0.1,-5.689893001203927e-15,0.0,3,0,250,94,57.20987401130589,51.76958468701894,42.86666666666658
156.79999999999538,157.80479999999537,0.09999999999999432,0.1,-5.689893001203927e-15,0.0,3,0,251,94,57.1098740113059,51.66958468701894,42.96666666666658
156.89999999999537,157.90479999999536,0.09999999999999432,0.1,-5.689893001203927e-15,0.0,3,0,251,94,57.0098740113059,51.56958468701894,43.066666666666585
156.99999999999537,158.00479999999536,0.09999999999999432,0.1,-5.689893001203927e-15,0.0,3,0,252,94,56.909874011305895,51.46958468701894,43.16666666666658
157.09999999999536,158.10479999999535,0.09999999999999432,0.1,-5.689893001203927e-15,0.0,3,0,252,94,56.8098740113059,51.369584687018936,43.26666666666657
157.19999999999536,158.20479999999534,0.09999999999999432,0.1,-5.689893001203927e-15,0.0,3,0,251,94,56.70987401130591,51.269584687018934,43.36666666666658
157.29999999999535,158.30479999999534,0.09999999999999432,0.1,-5.689893001203927e-15,0.0,3,0,251,94,56.6098740113059,51.16958468701893,43.46666666666658
157.39999999999534,158.40479999999533,0.09999999999999432,0.1,-5.689893001203927e-15,0.0,3,0,252,95,56.5098740113059,51.06958468701893,43.56666666666658
157.49999999999534,158.50479999999533,0.09999999999999432,0.1,-5.689893001203927e-15,0.0,3,0,251,95,56.4098740113059,50.96958468701893,43.66666666666657
157.59999999999533,158.60479999999532,0.09999999999999432,0.1,-5.689893001203927e-15,0.0,3,0,251,95,56.30987401130591,50.86958468701893,43.76666666666657
157.69999999999533,158.70479999999532,0.09999999999999432,0.1,-5.689893001203927e-15,0.0,3,0,251,94,56.20987401130591,50.76958468701893,43.86666666666658
157.79999999999532,158.8047999999953,0.09999999999999432,0.1,-5.689893001203927e-15,0.0,3,0,252,95,56.1098740113059,50.669584687018926,43.966666666666576
157.89999999999532,158.9047999999953,0.09999999999999432,0.1,-5.689893001203927e-15,0.0,3,0,252,95,56.009874011305904,50.569584687018924,44.06666666666657
157.9999999999953,159.0047999999953,0.09999999999999432,0.1,-5.689893001203927e-15,0.0,3,0,253,95,55.90987401130591,50.46958468701892,44.16666666666657
158.0999999999953,159.1047999999953,0.09999999999999432,0.1,-5.689893001203927e-15,0.0,3,0,254,95,55.80987401130591,50.36958468701892,44.26666666666657
158.1999999999953,159.2047999999953,0.09999999999999432,0.1,-5.689893001203927e-15,0.0,3,0,253,95,55.70987401130591,50.26958468701892,44.36666666666657
158.2999999999953,159.30479999999528,0.09999999999999432,0.1,-5.689893001203927e-15,0.0,3,0,254,95,55.60987401130591,50.16958468701892,44.46666666666656
158.3999999999953,159.40479999999528,0.09999999999999432,0.1,-5.689893001203927e-15,0.0,3,0,255,95,55.50987401130592,50.06958468701892,44.56666666666657
158.49999999999528,159.50479999999527,0.09999999999999432,0.1,-5.689893001203927e-15,0.0,3,0,255,94,55.40987401130591,49.969584687018916,44.66666666666657
158.59999999999528,159.60479999999527,0.09999999999999432,0.1,-5.689893001203927e-15,0.0,3,0,255,94,55.30987401130591,49.869584687018914,44.766666666666566
158.69999999999527,159.70479999999526,0.09999999999999432,0.1,-5.689893001203927e-15,0.0,3,0,254,94,55.209874011305914,49.76958468701891,44.86666666666656
158.79999999999526,159.80479999999525,0.09999999999999432,0.1,-5.689893001203927e-15,0.0,3,0,255,94,55.10987401130592,49.66958468701891,44.96666666666656
158.89999999999526,159.90479999999525,0.09999999999999432,0.1,-5.689893001203927e-15,0.0,3,0,254,94,55.00987401130592,49.56958468701891,45.06666666666657
158.99999999999525,160.00479999999524,0.09999999999999432,0.1,-5.689893001203927e-15,0.0,3,0,255,94,54.90987401130591,49.46958468701891,45.166666666666565
159.09999999999525,160.10479999999524,0.09999999999999432,0.1,-5.689893001203927e-15,0.0,3,0,255,94,54.809874011305915,49.36958468701891,45.26666666666656
159.19999999999524,160.20479999999523,0.09999999999999432,0.1,-5.689893001203927e-15,0.0,3,0,255,93,54.70987401130592,49.269584687018906,45.36666666666656
159.29999999999524,160.30479999999523,0.09999999999999432,0.1,-5.689893001203927e-15,0.0,3,0,254,93,54.60987401130592,49.169584687018904,45.46666666666656
159.39999999999523,160.40479999999522,0.09999999999999432,0.1,-5.689893001203927e-15,0.0,3,0,255,93,54.50987401130592,49.0695846870189,45.566666666666556
159.49999999999523,160.5047999999952,0.09999999999999432,0.1,-5.689893001203927e-15,0.0,3,0,256,93,54.409874011305924,48.9695846870189,45.66666666666655
159.59999999999522,160.6047999999952,0.09999999999999432,0.1,-5.689893001203927e-15,0.0,3,0,255,92,54.30987401130593,48.8695846870189,45.76666666666656
159.6999999999952,160.7047999999952,0.09999999999999432,0.1,-5.689893001203927e-15,0.0,3,0,255,92,54.20987401130592,48.7695846870189,45.86666666666656
159.7999999999952,160.8047999999952,0.09999999999999432,0.1,-5.689893001203927e-15,0.0,3,0,256,92,54.10987401130592,48.6695846870189,45.966666666666555
159.8999999999952,160.9047999999952,0.09999999999999432,0.1,-5.689893001203927e-15,0.0,3,0,255,92,54.009874011305925,48.569584687018896,46.06666666666655
159.9999999999952,161.00479999999519,0.09999999999999432,0.1,-5.689893001203927e-15,0.0,3,0,256,92,53.90987401130593,48.469584687018894,46.16666666666655
160.0999999999952,161.10479999999518,0.09999999999999432,0.1,-5.689893001203927e-15,0.0,3,0,258,92,53.80987401130593,48.36958468701889,46.26666666666656
160.19999999999519,161.20479999999517,0.09999999999999432,0.1,-5.689893001203927e-15,0.0,3,0,258,92,53.70987401130592,48.26958468701889,46.36666666666655
160.29999999999518,161.30479999999517,0.09999999999999432,0.1,-5.689893001203927e-15,0.0,3,0,258,92,53.609874011305926,48.16958468701889,46.46666666666655
160.39999999999517,161.40479999999516,0.09999999999999432,0.1,-5.689893001203927e-15,0.0,3,0,259,93,53.50987401130593,48.06958468701889,46.56666666666655
160.49999999999517,161.50479999999516,0.09999999999999432,0.1,-5.689893001203927e-15,0.0,3,0,259,93,53.40987401130593,47.96958468701889,46.66666666666655
160.59999999999516,161.60479999999515,0.09999999999999432,0.1,-5.689893001203927e-15,0.0,3,0,259,93,53.30987401130593,47.869584687018886,46.766666666666545
160.69999999999516,161.70479999999515,0.09999999999999432,0.1,-5.689893001203927e-15,0.0,3,0,259,93,53.209874011305935,47.769584687018884,46.86666666666654
160.79999999999515,161.80479999999514,0.09999999999999432,0.1,-5.689893001203927e-15,0.0,3,0,260,93,53.10987401130594,47.66958468701888,46.96666666666655
160.89999999999515,161.90479999999513,0.09999999999999432,0.1,-5.689893001203927e-15,0.0,3,0,259,92,53.00987401130593,47.56958468701888,47.06666666666655
160.99999999999514,162.00479999999513,0.09999999999999432,0.1,-5.689893001203927e-15,0.0,3,0,258,92,52.90987401130593,47.46958468701888,47.16666666666654
161.09999999999513,162.16479999999513,0.1599999999999966,0.1,0.059999999999996584,0.0,3,0,257,92,72.26576906578516,64.53770122662281,47.26666666666654
161.19999999999513,162.26479999999512,0.09999999999999432,0.1,-5.689893001203927e-15,0.0,3,0,257,92,71.74682727191781,63.934327064240854,47.36666666666654
161.29999999999512,162.39599999999513,0.13120000000000687,0.1,0.03120000000000686,0.0,3,0,255,92,81.54543820170439,94.53432706424081,47.46666666666655
161.39999999999512,162.49599999999512,0.09999999999999432,0.1,-5.689893001203927e-15,0.0,3,0,255,91,80.94411699283772,94.12039817921736,47.56666666666654
161.4999999999951,162.65599999999512,0.1599999999999966,0.1,0.059999999999996584,0.0,3,0,253,91,100.1544747838396,102.80913844222069,47.666666666666536
161.5999999999951,162.7559999999951,0.09999999999999432,0.1,-5.689893001203927e-15,0.0,3,0,252,91,99.50277257478531,102.24756518641834,47.76666666666654
161.6999999999951,162.8559999999951,0.09999999999999432,0.1,-5.689893001203927e-15,0.0,3,0,252,91,98.74602871371935,101.42867707884037,47.86666666666654
161.7999999999951,162.9559999999951,0.09999999999999432,0.1,-5.689893001203927e-15,0.0,3,0,251,90,98.4154091400584,101.24474038008765,47.966666666666534
161.8999999999951,163.0559999999951,0.09999999999999432,0.1,-5.689893001203927e-15,0.0,3,0,250,90,98.31540914005842,101.14474038008765,48.06666666666653
161.99999999999508,163.1559999999951,0.09999999999999432,0.1,-5.689893001203927e-15,0.0,3,0,250,90,98.21540914005841,101.04474038008766,48.166666666666536
162.09999999999508,163.25599999999508,0.09999999999999432,0.1,-5.689893001203927e-15,0.0,3,0,250,90,98.11540914005843,100.94474038008767,48.26666666666654
162.19999999999507,163.35599999999508,0.09999999999999432,0.1,-5.689893001203927e-15,0.0,3,0,249,90,98.01540914005842,100.84474038008767,48.36666666666653
162.29999999999507,163.45599999999507,0.09999999999999432,0.1,-5.689893001203927e-15,0.0,3,0,250,90,97.91540914005844,100.74474038008768,48.46666666666653
162.39999999999506,163.55599999999507,0.09999999999999432,0.1,-5.689893001203927e-15,0.0,3,0,250,89,97.81540914005843,100.64474038008768,48.56666666666653
162.49999999999505,163.65599999999506,0.09999999999999432,0.1,-5.689893001203927e-15,0.0,3,0,251,89,97.71540914005845,100.54474038008769,48.666666666666536
162.59999999999505,163.75599999999505,0.09999999999999432,0.1,-5.689893001203927e-15,0.0,3,0,252,89,97.61540914005845,100.4447403800877,48.76666666666653
162.69999999999504,163.85599999999505,0.09999999999999432,0.1,-5.689893001203927e-15,0.0,3,0,251,90,97.51540914005847,100.3447403800877,48.866666666666525
162.79999999999504,163.95599999999504,0.09999999999999432,0.1,-5.689893001203927e-15,0.0,3,0,250,91,97.41540914005846,100.2447403800877,48.96666666666653
162.89999999999503,164.05599999999504,0.09999999999999432,0.1,-5.689893001203927e-15,0.0,3,0,250,89,97.31540914005848,100.14474038008771,49.06666666666653
162.99999999999503,164.15599999999503,0.09999999999999432,0.1,-5.689893001203927e-15,0.0,3,0,251,89,97.21540914005847,100.04474038008772,49.16666666666652
163.09999999999502,164.25599999999503,0.09999999999999432,0.1,-5.689893001203927e-15,0.0,3,0,251,89,97.11540914005849,99.94474038008772,49.26666666666652
163.19999999999501,164.35599999999502,0.09999999999999432,0.1,-5.689893001203927e-15,0.0,3,0,252,90,97.01540914005848,99.84474038008773,49.366666666666525
163.299999999995,164.45599999999502,0.09999999999999432,0.1,-5.689893001203927e-15,0.0,3,0,252,90,96.9154091400585,99.74474038008773,49.46666666666653
163.399999999995,164.555999999995,0.09999999999999432,0.1,-5.689893001203927e-15,0.0,3,0,252,90,96.81540914005849,99.64474038008774,49.56666666666652
163.499999999995,164.655999999995,0.09999999999999432,0.1,-5.689893001203927e-15,0.0,3,0,251,90,96.71540914005851,99.54474038008775,49.666666666666515
163.599999999995,164.755999999995,0.09999999999999432,0.1,-5.689893001203927e-15,0.0,3,0,251,91,96.6154091400585,99.44474038008775,49.76666666666652
163.699999999995,164.855999999995,0.09999999999999432,0.1,-5.689893001203927e-15,0.0,3,0,252,90,96.51540914005852,99.34474038008776,49.866666666666525
163.79999999999498,164.955999999995,0.09999999999999432,0.1,-5.689893001203927e-15,0.0,3,0,252,90,96.41540914005851,99.24474038008776,49.96666666666652
163.89999999999498,165.05599999999498,0.09999999999999432,0.1,-5.689893001203927e-15,0.0,3,0,254,90,96.31540914005853,99.14474038008777,50.066666666666514
163.99999999999497,165.15599999999498,0.09999999999999432,0.1,-5.689893001203927e-15,0.0,3,0,254,90,96.21540914005853,99.04474038008777,50.166666666666515
164.09999999999496,165.25599999999497,0.09999999999999432,0.1,-5.689893001203927e-15,0.0,3,0,254,91,96.11540914005855,98.94474038008778,50.26666666666652
164.19999999999496,165.35599999999496,0.09999999999999432,0.1,-5.689893001203927e-15,0.0,3,0,255,91,96.01540914005854,98.84474038008779,50.36666666666651
164.29999999999495,165.45599999999496,0.09999999999999432,0.1,-5.689893001203927e-15,0.0,3,0,255,91,95.91540914005856,98.74474038008779,50.466666666666505
164.39999999999495,165.55599999999495,0.09999999999999432,0.1,-5.689893001203927e-15,0.0,3,0,256,91,95.81540914005855,98.6447403800878,50.566666666666514
164.49999999999494,165.65599999999495,0.09999999999999432,0.1,-5.689893001203927e-15,0.0,3,0,259,92,95.71540914005857,98.5447403800878,50.666666666666515
164.59999999999494,165.75599999999494,0.09999999999999432,0.1,-5.689893001203927e-15,0.0,3,0,261,92,95.61540914005856,98.44474038008781,50.76666666666651
164.69999999999493,165.85599999999494,0.09999999999999432,0.1,-5.689893001203927e-15,0.0,3,0,261,92,95.51540914005858,98.34474038008781,50.866666666666504
164.79999999999492,165.95599999999493,0.09999999999999432,0.1,-5.689893001203927e-15,0.0,3,0,261,90,95.41540914005857,98.24474038008782,50.966666666666505
164.89999999999492,166.05599999999492,0.09999999999999432,0.1,-5.689893001203927e-15,0.0,3,0,260,90,95.31540914005859,98.14474038008782,51.066666666666514
164.9999999999949,166.15599999999492,0.09999999999999432,0.1,-5.689893001203927e-15,0.0,3,0,260,90,95.21540914005858,98.04474038008783,51.16666666666651
165.0999999999949,166.2559999999949,0.09999999999999432,0.1,-5.689893001203927e-15,0.0,3,0,260,90,95.1154091400586,97.94474038008784,51.2666666666665
165.1999999999949,166.3559999999949,0.09999999999999432,0.1,-5.689893001203927e-15,0.0,3,0,260,89,95.0154091400586,97.84474038008784,51.366666666666504
165.2999999999949,166.4559999999949,0.09999999999999432,0.1,-5.689893001203927e-15,0.0,3,0,259,89,94.91540914005861,97.74474038008785,51.466666666666505
165.3999999999949,166.5559999999949,0.09999999999999432,0.1,-5.689893001203927e-15,0.0,3,0,258,89,94.23029395663538,96.99930404207835,51.5666666666665
165.49999999999488,166.7159999999949,0.1599999999999966,0.1,0.059999999999996584,0.0,3,0,256,88,113.63029395663551,96.39930404207836,51.666666666666494
165.59999999999488,166.8159999999949,0.09999999999999432,0.1,-5.689893001203927e-15,0.0,4,0,256,89,78.53980849000838,86.03857170728219,38.84999999999987
165.69999999999487,166.91599999999488,0.09999999999999432,0.1,-5.689893001203927e-15,0.0,4,0,255,89,77.9282283185631,85.42290802802779,38.949999999999875
165.79999999999487,167.01599999999488,0.09999999999999432,0.1,-5.689893001203927e-15,0.0,4,0,256,89,77.31956438191052,84.81737034412023,39.049999999999876
165.89999999999486,167.11599999999487,0.09999999999999432,0.1,-5.689893001203927e-15,0.0,4,0,256,88,76.6662388793452,84.14877327415255,39.14999999999987
165.99999999999486,167.21599999999486,0.09999999999999432,0.1,-5.689893001203927e-15,0.0,4,0,255,87,76.00221233296935,83.48512607973443,39.24999999999987
166.09999999999485,167.31599999999486,0.09999999999999432,0.1,-5.689893001203927e-15,0.0,4,0,256,87,75.34042737047972,82.83766828041482,39.34999999999987
166.19999999999484,167.41599999999485,0.09999999999999432,0.1,-5.689893001203927e-15,0.0,4,0,255,88,74.68055672401076,82.17482238972076,39.44999999999987
166.29999999999484,167.51599999999485,0.09999999999999432,0.1,-5.689893001203927e-15,0.0,4,0,255,88,74.03246413533672,81.52790379586193,39.54999999999987
166.39999999999483,167.61599999999484,0.09999999999999432,0.1,-5.689893001203927e-15,0.0,4,0,256,88,73.37601053926495,80.88413369006518,39.64999999999987
166.49999999999483,167.71599999999484,0.09999999999999432,0.1,-5.689893001203927e-15,0.0,4,0,255,88,72.7141620307399,80.2100194996495,39.749999999999865
166.59999999999482,167.81599999999483,0.09999999999999432,0.1,-5.689893001203927e-15,0.0,4,0,254,88,72.03786994025869,79.53199441762193,39.849999999999866
166.69999999999482,167.91599999999482,0.09999999999999432,0.1,-5.689893001203927e-15,0.0,4,0,254,88,71.37733195438207,78.88111392675538,39.94999999999987
166.7999999999948,168.01599999999482,0.09999999999999432,0.1,-5.689893001203927e-15,0.0,4,0,254,88,70.73368847917142,78.20770515597536,40.04999999999987
166.8999999999948,168.1159999999948,0.09999999999999432,0.1,-5.689893001203927e-15,0.0,4,0,256,88,70.0510021298574,77.52715813768299,40.149999999999864
166.9999999999948,168.2159999999948,0.09999999999999432,0.1,-5.689893001203927e-15,0.0,4,0,257,88,69.35867313627651,76.85001278656785,40.249999999999865
167.0999999999948,168.3159999999948,0.09999999999999432,0.1,-5.689893001203927e-15,0.0,4,0,257,88,68.68290520897915,76.19194907954208,40.349999999999866
167.1999999999948,168.4159999999948,0.09999999999999432,0.1,-5.689893001203927e-15,0.0,4,0,258,88,68.00255378203848,75.51979024113929,40.44999999999986
167.29999999999478,168.5159999999948,0.09999999999999432,0.1,-5.689893001203927e-15,0.0,4,0,257,88,67.31938406874221,74.83267433533001,40.54999999999986
167.39999999999478,168.61599999999478,0.09999999999999432,0.1,-5.689893001203927e-15,0.0,4,0,257,88,66.65795559620699,74.1674869991886,40.649999999999864
167.49999999999477,168.71599999999478,0.09999999999999432,0.1,-5.689893001203927e-15,0.0,4,0,256,88,66.00591150385466,73.50109768329474,40.749999999999865
167.59999999999476,168.81599999999477,0.09999999999999432,0.1,-5.689893001203927e-15,0.0,4,0,256,88,65.36386619297214,72.85446443877036,40.84999999999986
167.69999999999476,168.91599999999477,0.09999999999999432,0.1,-5.689893001203927e-15,0.0,4,0,256,88,64.70822670885845,72.16882671917571,40.94999999999986
167.79999999999475,169.01599999999476,0.09999999999999432,0.1,-5.689893001203927e-15,0.0,4,0,255,88,64.05668519925553,71.49250135871642,41.04999999999986
167.89999999999475,169.11599999999476,0.09999999999999432,0.1,-5.689893001203927e-15,0.0,4,0,254,88,63.39714596743528,70.80693736810693,41.14999999999986
167.99999999999474,169.21599999999475,0.09999999999999432,0.1,-5.689893001203927e-15,0.0,4,0,254,88,62.86473485628302,70.12845598875666,41.24999999999986
168.09999999999474,169.31599999999474,0.09999999999999432,0.1,-5.689893001203927e-15,0.0,4,0,253,87,62.338998063324155,69.45501866801838,41.34999999999986
168.19999999999473,169.41599999999474,0.09999999999999432,0.1,-5.689893001203927e-15,0.0,4,0,256,87,61.82245703405438,68.77965918115913,41.449999999999854
168.29999999999472,169.51599999999473,0.09999999999999432,0.1,-5.689893001203927e-15,0.0,4,0,256,86,61.30012021021422,68.11965958405098,41.549999999999855
168.39999999999472,169.61599999999473,0.09999999999999432,0.1,-5.689893001203927e-15,0.0,4,0,256,86,60.77155458756701,67.43654771085463,41.64999999999986
168.4999999999947,169.71599999999472,0.09999999999999432,0.1,-5.689893001203927e-15,0.0,4,0,256,86,60.25396323956295,66.77972966269084,41.74999999999986
168.5999999999947,169.81599999999472,0.09999999999999432,0.1,-5.689893001203927e-15,0.0,4,0,256,86,59.70718074286998,66.092523116261,41.84999999999985
168.6999999999947,169.9159999999947,0.09999999999999432,0.1,-5.689893001203927e-15,0.0,4,0,257,86,59.18699916818606,65.43190634564691,41.949999999999854
168.7999999999947,170.0159999999947,0.09999999999999432,0.1,-5.689893001203927e-15,0.0,4,0,258,86,58.64147354866302,64.68690622237318,42.049999999999855
168.8999999999947,170.1159999999947,0.09999999999999432,0.1,-5.689893001203927e-15,0.0,4,0,258,86,58.11251929755981,64.01803605874157,42.14999999999985
168.99999999999469,170.2159999999947,0.09999999999999432,0.1,-5.689893001203927e-15,0.0,4,0,258,86,57.59097224799343,63.34361972314521,42.24999999999985
169.09999999999468,170.3159999999947,0.09999999999999432,0.1,-5.689893001203927e-15,0.0,4,0,259,86,57.04237560409835,62.599803424843344,42.34999999999985
169.19999999999467,170.41599999999468,0.09999999999999432,0.1,-5.689893001203927e-15,0.0,4,0,259,85,56.51786376326118,61.93011898462147,42.44999999999985
169.29999999999467,170.51599999999468,0.09999999999999432,0.1,-5.689893001203927e-15,0.0,4,0,259,85,55.972680841139464,61.23237196073874,42.54999999999985
169.39999999999466,170.64859999999467,0.1325999999999965,0.1,0.03259999999999649,0.0,4,0,259,86,63.62072908951299,60.56870998350198,42.64999999999985
169.49999999999466,170.74859999999467,0.09999999999999432,0.1,-5.689893001203927e-15,0.0,4,0,260,86,63.193959725478855,59.88003452264748,42.74999999999985
169.59999999999465,170.90859999999466,0.1599999999999966,0.1,0.059999999999996584,0.0,4,0,258,86,77.64405208301827,59.182822811557564,42.849999999999845
169.69999999999465,171.00859999999466,0.09999999999999432,0.1,-5.689893001203927e-15,0.0,5,0,257,86,56.71630979768263,58.58282281155756,34.379999999999875
169.79999999999464,171.16859999999465,0.1599999999999966,0.1,0.059999999999996584,0.0,5,0,256,87,68.05073705407409,57.96163802642891,34.479999999999876
169.89999999999463,171.26859999999465,0.09999999999999432,0.1,-5.689893001203927e-15,0.0,5,0,256,87,67.55427254282239,57.861638026428906,34.57999999999988
169.99999999999463,171.48279999999465,0.21420000000000528,0.1,0.11420000000000527,0.0,5,0,254,85,89.90946815057927,59.60752901994192,34.67999999999988
170.09999999999462,171.63579999999465,0.1529999999999916,0.1,0.05299999999999158,0.0,6,0,254,85,79.26595710025842,74.9,28.999999999999897
170.19999999999462,171.79579999999464,0.1599999999999966,0.1,0.059999999999996584,0.0,7,0,254,85,72.46247773819772,73.98499126822627,24.957142857142767
170.2999999999946,171.89579999999464,0.09999999999999432,0.1,-5.689893001203927e-15,0.0,7,0,254,84,71.95055155828399,73.46589507959683,25.057142857142765
170.3999999999946,172.03019999999464,0.1343999999999994,0.1,0.0343999999999994,0.0,7,0,252,83,76.46807891124213,73.53882032221972,25.157142857142766
170.4999999999946,172.16359999999463,0.13339999999999463,0.1,0.03339999999999463,0.0,7,0,250,84,80.8429648196668,90.75858900026053,25.257142857142764
170.5999999999946,172.26359999999463,0.09999999999999432,0.1,-5.689893001203927e-15,0.0,7,0,250,84,80.43016649829676,89.94247402680776,25.357142857142765
170.6999999999946,172.42099999999462,0.15739999999999554,0.1,0.05739999999999554,0.0,7,0,249,84,88.19744653869658,89.34247402680776,25.457142857142767
170.79999999999458,172.52099999999461,0.09999999999999432,0.1,-5.689893001203927e-15,0.0,8,0,249,84,73.67893693002853,76.14931432581906,22.37499999999992
170.89999999999458,172.6209999999946,0.09999999999999432,0.1,-5.689893001203927e-15,0.0,8,0,251,83,73.21576064093102,75.48612873715712,22.47499999999992
170.99999999999457,172.7209999999946,0.09999999999999432,0.1,-5.689893001203927e-15,0.0,8,0,251,83,72.85776637203051,74.88612873715712,22.574999999999918
171.09999999999457,172.8809999999946,0.1599999999999966,0.1,0.059999999999996584,0.0,8,0,249,84,79.7566205730492,74.28612873715713,22.67499999999992
171.19999999999456,173.0781999999946,0.19720000000000937,0.1,0.09720000000000936,0.0,9,0,247,85,78.49331104713245,73.90545454707156,20.255555555555482
171.29999999999455,173.1781999999946,0.09999999999999432,0.1,-5.689893001203927e-15,0.0,9,0,246,84,78.07347158447854,73.80545454707156,20.355555555555483
171.39999999999455,173.2781999999946,0.09999999999999432,0.1,-5.689893001203927e-15,0.0,9,0,244,84,77.75281401541781,73.70545454707157,20.45555555555548
171.49999999999454,173.3781999999946,0.09999999999999432,0.1,-5.689893001203927e-15,0.0,9,0,246,84,77.48076094535125,73.60545454707157,20.55555555555548
171.59999999999454,173.4781999999946,0.09999999999999432,0.1,-5.689893001203927e-15,0.0,9,0,246,84,77.25274824350521,73.50545454707158,20.65555555555548
171.69999999999453,173.57819999999458,0.09999999999999432,0.1,-5.689893001203927e-15,0.0,9,0,247,83,77.0338692158485,73.40545454707159,20.755555555555482
171.79999999999453,173.67819999999458,0.09999999999999432,0.1,-5.689893001203927e-15,0.0,9,0,246,83,76.81398214778704,73.30545454707159,20.85555555555548
171.89999999999452,173.77819999999457,0.09999999999999432,0.1,-5.689893001203927e-15,0.0,9,0,247,83,76.59372889777825,73.2054545470716,20.955555555555478
171.99999999999451,173.87819999999456,0.09999999999999432,0.1,-5.689893001203927e-15,0.0,9,0,247,83,76.37636850404995,73.1054545470716,21.05555555555548
172.0999999999945,173.97819999999456,0.09999999999999432,0.1,-5.689893001203927e-15,0.0,9,0,247,83,76.16018319300113,73.00545454707161,21.15555555555548
172.1999999999945,174.07819999999455,0.09999999999999432,0.1,-5.689893001203927e-15,0.0,9,0,248,82,75.94428953287449,72.90545454707161,21.25555555555548
172.2999999999945,174.17819999999455,0.09999999999999432,0.1,-5.689893001203927e-15,0.0,9,0,248,82,75.72093383134916,72.80545454707162,21.35555555555548
172.3999999999945,174.32199999999455,0.14379999999999882,0.1,0.04379999999999881,0.0,9,0,246,82,80.35792263963907,72.70545454707162,21.455555555555478
172.4999999999945,174.42199999999454,0.09999999999999432,0.1,-5.689893001203927e-15,0.0,9,0,246,82,80.13337752231787,72.60545454707163,21.555555555555475
172.59999999999448,174.52199999999453,0.09999999999999432,0.1,-5.689893001203927e-15,0.0,9,0,246,82,79.89359210530253,72.50545454707164,21.655555555555477
172.69999999999447,174.62199999999453,0.09999999999999432,0.1,-5.689893001203927e-15,0.0,9,0,248,81,79.7081181863819,72.40545454707164,21.75555555555548
172.79999999999447,174.72199999999452,0.09999999999999432,0.1,-5.689893001203927e-15,0.0,9,0,249,81,79.50191548108525,72.30545454707165,21.855555555555476
172.89999999999446,174.82199999999452,0.09999999999999432,0.1,-5.689893001203927e-15,0.0,9,0,248,80,79.30844870994257,72.20545454707165,21.955555555555478
172.99999999999446,174.9219999999945,0.09999999999999432,0.1,-5.689893001203927e-15,0.0,9,0,247,80,79.09429492706,72.10545454707166,22.055555555555475
173.09999999999445,175.0219999999945,0.09999999999999432,0.1,-5.689893001203927e-15,0.0,9,0,247,80,78.90090454554654,72.00545454707166,22.155555555555477
173.19999999999445,175.1219999999945,0.09999999999999432,0.1,-5.689893001203927e-15,0.0,9,0,246,81,78.68565600048122,71.90545454707167,22.255555555555475
173.29999999999444,175.2219999999945,0.09999999999999432,0.1,-5.689893001203927e-15,0.0,9,0,246,81,78.48953020763503,71.80545454707168,22.355555555555476
173.39999999999444,175.3219999999945,0.09999999999999432,0.1,-5.689893001203927e-15,0.0,9,0,246,81,78.27811825068339,71.70545454707168,22.455555555555478
173.49999999999443,175.42199999999448,0.09999999999999432,0.1,-5.689893001203927e-15,0.0,9,0,246,81,78.08303449248119,71.60545454707169,22.555555555555472
173.59999999999442,175.52199999999448,0.09999999999999432,0.1,-5.689893001203927e-15,0.0,9,0,246,81,77.87174063876074,71.5054545470717,22.655555555555473
173.69999999999442,175.62199999999447,0.09999999999999432,0.1,-5.689893001203927e-15,0.0,9,0,248,81,77.67775775143016,71.4054545470717,22.755555555555475
173.7999999999944,175.72199999999447,0.09999999999999432,0.1,-5.689893001203927e-15,0.0,9,0,247,81,77.46414617741355,71.3054545470717,22.855555555555473
173.8999999999944,175.82199999999446,0.09999999999999432,0.1,-5.689893001203927e-15,0.0,9,0,246,81,77.2701596702742,71.20545454707171,22.955555555555474
173.9999999999944,175.92199999999445,0.09999999999999432,0.1,-5.689893001203927e-15,0.0,9,0,246,81,77.05996152816155,71.10545454707172,23.055555555555472
174.0999999999944,176.02199999999445,0.09999999999999432,0.1,-5.689893001203927e-15,0.0,9,0,246,81,76.86790940627816,71.00545454707172,23.15555555555547
174.1999999999944,176.12199999999444,0.09999999999999432,0.1,-5.689893001203927e-15,0.0,9,0,245,81,76.655953690699,70.90545454707173,23.25555555555547
174.29999999999438,176.22199999999444,0.09999999999999432,0.1,-5.689893001203927e-15,0.0,8,0,245,82,86.05200677314657,83.5930305712125,13.837500000000077
174.39999999999438,176.32199999999443,0.09999999999999432,0.1,-5.689893001203927e-15,0.0,8,0,244,82,85.89670314021703,83.4930305712125,13.937500000000076
174.49999999999437,176.42199999999443,0.09999999999999432,0.1,-5.689893001203927e-15,0.0,8,0,244,82,85.76114604656834,83.3930305712125,14.037500000000078
174.59999999999437,176.52199999999442,0.09999999999999432,0.1,-5.689893001203927e-15,0.0,8,0,245,83,85.60605821835256,83.29303057121251,14.137500000000077
174.69999999999436,176.62199999999442,0.09999999999999432,0.1,-5.689893001203927e-15,0.0,8,0,245,83,85.47063836812926,83.19303057121252,14.237500000000077
174.79999999999436,176.7219999999944,0.09999999999999432,0.1,-5.689893001203927e-15,0.0,8,0,246,83,85.31576523369868,83.09303057121252,14.337500000000077
174.89999999999435,176.8219999999944,0.09999999999999432,0.1,-5.689893001203927e-15,0.0,8,0,247,83,85.18048192039329,82.99303057121253,14.437500000000078
174.99999999999434,176.9219999999944,0.09999999999999432,0.1,-5.689893001203927e-15,0.0,8,0,246,83,85.02582237453828,82.89303057121253,14.537500000000078
175.09999999999434,177.0219999999944,0.09999999999999432,0.1,-5.689893001203927e-15,0.0,8,0,246,83,84.89067489528036,82.79303057121254,14.637500000000077
175.19999999999433,177.1219999999944,0.09999999999999432,0.1,-5.689893001203927e-15,0.0,8,0,245,83,84.7362278384807,82.69303057121255,14.737500000000079
175.29999999999433,177.22199999999438,0.09999999999999432,0.1,-5.689893001203927e-15,0.0,8,0,245,83,84.60121549401804,82.59303057121255,14.837500000000079
175.39999999999432,177.32199999999438,0.09999999999999432,0.1,-5.689893001203927e-15,0.0,8,0,244,82,84.44697983241367,82.49303057121256,14.937500000000078
175.49999999999432,177.42199999999437,0.09999999999999432,0.1,-5.689893001203927e-15,0.0,8,0,243,82,84.31210192709374,82.39303057121256,15.037500000000078
175.5999999999943,177.52199999999436,0.09999999999999432,0.1,-5.689893001203927e-15,0.0,8,0,243,82,84.15807657245564,82.29303057121257,15.137500000000077
175.6999999999943,177.62199999999436,0.09999999999999432,0.1,-5.689893001203927e-15,0.0,8,0,243,82,84.02333241420695,82.19303057121257,15.237500000000079
175.7999999999943,177.72199999999435,0.09999999999999432,0.1,-5.689893001203927e-15,0.0,8,0,242,81,83.86951628390813,82.09303057121258,15.337500000000079
175.8999999999943,177.82199999999435,0.09999999999999432,0.1,-5.689893001203927e-15,0.0,8,0,241,81,83.73490518422194,81.99303057121259,15.437500000000078
175.9999999999943,177.92199999999434,0.09999999999999432,0.1,-5.689893001203927e-15,0.0,8,0,240,81,83.58129720120857,81.89303057121259,15.53750000000008
176.09999999999428,178.02199999999434,0.09999999999999432,0.1,-5.689893001203927e-15,0.0,8,0,239,81,83.44681847512044,81.7930305712126,15.63750000000008
176.19999999999428,178.12199999999433,0.09999999999999432,0.1,-5.689893001203927e-15,0.0,8,0,238,80,83.29341756788321,81.6930305712126,15.737500000000079
176.29999999999427,178.22199999999432,0.09999999999999432,0.1,-5.689893001203927e-15,0.0,8,0,238,80,83.15907053395478,81.59303057121261,15.837500000000079
176.39999999999426,178.32199999999432,0.09999999999999432,0.1,-5.689893001203927e-15,0.0,8,0,239,80,83.00587563650035,81.49303057121261,15.937500000000078
176.49999999999426,178.4219999999943,0.09999999999999432,0.1,-5.689893001203927e-15,0.0,8,0,240,80,82.87165961680122,81.39303057121262,16.03750000000008
176.59999999999425,178.5219999999943,0.09999999999999432,0.1,-5.689893001203927e-15,0.0,8,0,239,80,82.71866966862382,81.29303057121263,16.13750000000008
176.69999999999425,178.6219999999943,0.09999999999999432,0.1,-5.689893001203927e-15,0.0,8,0,238,80,82.58458398871345,81.19303057121263,16.23750000000008
176.79999999999424,178.7219999999943,0.09999999999999432,0.1,-5.689893001203927e-15,0.0,8,0,237,81,82.43179793476659,81.09303057121264,16.33750000000008
176.89999999999424,178.8219999999943,0.09999999999999432,0.1,-5.689893001203927e-15,0.0,8,0,237,81,82.29784192367637,80.99303057121264,16.437500000000078
176.99999999999423,178.92199999999428,0.09999999999999432,0.1,-5.689893001203927e-15,0.0,8,0,237,80,82.14442233989213,80.89303057121265,16.53750000000008
177.09999999999422,179.02199999999428,0.09999999999999432,0.1,-5.689893001203927e-15,0.0,8,1,237,80,82.00895932909364,80.79303057121265,16.63750000000008
177.19999999999422,179.12199999999427,0.09999999999999432,0.1,-5.689893001203927e-15,0.0,8,1,238,80,81.85302760044286,80.69303057121266,16.73750000000008
177.2999999999942,179.22199999999427,0.09999999999999432,0.1,-5.689893001203927e-15,0.0,8,1,239,80,81.71596696297293,80.59303057121267,16.83750000000008
177.3999999999942,179.32199999999426,0.09999999999999432,0.1,-5.689893001203927e-15,0.0,8,1,240,80,81.55852709848767,80.49303057121267,16.937500000000078
177.4999999999942,179.42199999999426,0.09999999999999432,0.1,-5.689893001203927e-15,0.0,8,1,240,79,81.42161144444893,80.39303057121268,17.03750000000008
177.5999999999942,179.52199999999425,0.09999999999999432,0.1,-5.689893001203927e-15,0.0,8,1,239,79,81.26439838165963,80.29303057121268,17.13750000000008
177.6999999999942,179.62199999999424,0.09999999999999432,0.1,-5.689893001203927e-15,0.0,8,1,238,80,81.1276269647003,80.19303057121269,17.23750000000008
177.79999999999418,179.72199999999424,0.09999999999999432,0.1,-5.689893001203927e-15,0.0,8,1,238,80,80.9706395360677,80.0930305712127,17.33750000000008
177.89999999999418,179.82199999999423,0.09999999999999432,0.1,-5.689893001203927e-15,0.0,8,1,239,80,80.83401161367809,79.9930305712127,17.43750000000008
177.99999999999417,179.92199999999423,0.09999999999999432,0.1,-5.689893001203927e-15,0.0,8,1,238,79,80.67724865767323,79.8930305712127,17.53750000000008
178.09999999999417,180.02199999999422,0.09999999999999432,0.1,-5.689893001203927e-15,0.0,8,1,238,79,80.540763491166,79.79303057121271,17.63750000000008
178.19999999999416,180.12199999999422,0.09999999999999432,0.1,-5.689893001203927e-15,0.0,8,1,239,80,80.38422385223932,79.69303057121272,17.737500000000082
178.29999999999416,180.2219999999942,0.09999999999999432,0.1,-5.689893001203927e-15,0.0,8,1,241,80,80.24788070672976,79.59303057121272,17.83750000000008
178.39999999999415,180.3219999999942,0.09999999999999432,0.1,-5.689893001203927e-15,0.0,8,1,241,80,80.09156323528022,79.49303057121273,17.93750000000008
178.49999999999415,180.4219999999942,0.09999999999999432,0.1,-5.689893001203927e-15,0.0,8,1,241,81,79.9553613796667,79.39303057121273,18.03750000000008
178.59999999999414,180.5219999999942,0.09999999999999432,0.1,-5.689893001203927e-15,0.0,8,1,240,81,79.79926493201127,79.29303057121274,18.13750000000008
178.69999999999413,180.6219999999942,0.09999999999999432,0.1,-5.689893001203927e-15,0.0,8,1,240,80,79.66320363895576,79.19303057121274,18.237500000000082
178.79999999999413,180.72199999999418,0.09999999999999432,0.1,-5.689893001203927e-15,0.0,8,1,240,81,79.50732707729891,79.09303057121275,18.33750000000008
178.89999999999412,180.82199999999418,0.09999999999999432,0.1,-5.689893001203927e-15,0.0,8,1,240,81,79.37140562320758,78.99303057121276,18.43750000000008
178.99999999999412,180.92199999999417,0.09999999999999432,0.1,-5.689893001203927e-15,0.0,8,1,240,81,79.21574781561097,78.89303057121276,18.53750000000008
179.0999999999941,181.02199999999416,0.09999999999999432,0.1,-5.689893001203927e-15,0.0,8,1,240,81,79.07996548061493,78.79303057121277,18.63750000000008
179.1999999999941,181.12199999999416,0.09999999999999432,0.1,-5.689893001203927e-15,0.0,8,1,241,81,78.92452530096725,78.69303057121277,18.737500000000082
179.2999999999941,181.22199999999415,0.09999999999999432,0.1,-5.689893001203927e-15,0.0,8,1,241,81,78.78888136890342,78.59303057121278,18.83750000000008
179.3999999999941,181.32199999999415,0.09999999999999432,0.1,-5.689893001203927e-15,0.0,8,1,241,81,78.6336576968904,78.49303057121278,18.93750000000008
179.4999999999941,181.42199999999414,0.09999999999999432,0.1,-5.689893001203927e-15,0.0,8,1,240,82,78.49815145528237,78.39303057121279,19.037500000000083
179.59999999999408,181.52199999999414,0.09999999999999432,0.1,-5.689893001203927e-15,0.0,8,1,240,82,78.34314317635693,78.2930305712128,19.13750000000008
179.69999999999408,181.62199999999413,0.09999999999999432,0.1,-5.689893001203927e-15,0.0,8,1,241,82,78.20777391639602,78.1930305712128,19.237500000000082
179.79999999999407,181.72199999999413,0.09999999999999432,0.1,-5.689893001203927e-15,0.0,8,1,240,82,78.05297992174864,78.09303057121281,19.337500000000084
179.89999999999407,181.82199999999412,0.09999999999999432,0.1,-5.689893001203927e-15,0.0,8,1,241,82,77.91774693827497,77.99303057121281,19.43750000000008
179.99999999999406,181.9219999999941,0.09999999999999432,0.1,-5.689893001203927e-15,0.0,8,1,240,83,77.76316612480406,77.89303057121282,19.537500000000083
180.09999999999405,182.0219999999941,0.09999999999999432,0.1,-5.689893001203927e-15,0.0,8,1,240,83,77.62806871628784,77.79303057121282,19.63750000000008
180.19999999999405,182.1219999999941,0.09999999999999432,0.1,-5.689893001203927e-15,0.0,8,1,241,83,77.47369998657042,77.69303057121283,19.737500000000082
180.29999999999404,182.2219999999941,0.09999999999999432,0.1,-5.689893001203927e-15,0.0,8,1,241,83,77.33873745509321,77.59303057121284,19.837500000000084
180.39999999999404,182.3219999999941,0.09999999999999432,0.1,-5.689893001203927e-15,0.0,8,1,241,83,77.18457971735566,77.49303057121284,19.93750000000008
180.49999999999403,182.42199999999409,0.09999999999999432,0.1,-5.689893001203927e-15,0.0,8,1,242,83,77.04975136859179,77.39303057121285,20.037500000000083
180.59999999999403,182.52199999999408,0.09999999999999432,0.1,-5.689893001203927e-15,0.0,8,1,242,81,76.89580353668076,77.29303057121285,20.13750000000008
180.69999999999402,182.62199999999407,0.09999999999999432,0.1,-5.689893001203927e-15,0.0,8,1,241,82,76.76110867987884,77.19303057121286,20.237500000000082
180.79999999999401,182.72199999999407,0.09999999999999432,0.1,-5.689893001203927e-15,0.0,8,1,240,81,76.32093171320463,77.09303057121286,20.337500000000084
180.899999999994,182.88199999999406,0.1599999999999966,0.1,0.059999999999996584,0.0,8,1,239,81,83.4363696611692,91.43389470610649,20.43750000000008
180.999999999994,183.04199999999406,0.1599999999999966,0.1,0.059999999999996584,0.0,8,1,237,81,90.48343321535809,99.16877634570572,20.537500000000083
181.099999999994,183.14199999999406,0.09999999999999432,0.1,-5.689893001203927e-15,0.0,8,1,237,81,90.02411263745601,98.3198167256832,20.637500000000085
181.199999999994,183.30199999999405,0.1599999999999966,0.1,0.059999999999996584,0.0,8,1,236,81,97.05988371744847,112.07830017371236,20.737500000000082
181.299999999994,183.49839999999404,0.1963999999999828,0.1,0.0963999999999828,0.0,8,1,233,81,108.70759127268435,111.22036564399865,20.837500000000084
181.39999999999398,183.59839999999403,0.09999999999999432,0.1,-5.689893001203927e-15,0.0,9,1,233,81,93.45320266394596,95.90844845238765,18.622222222222298
181.49999999999397,183.75839999999403,0.1599999999999966,0.1,0.059999999999996584,0.0,9,1,233,82,99.61935675411922,95.30844845238765,18.7222222222223
181.59999999999397,183.85839999999402,0.09999999999999432,0.1,-5.689893001203927e-15,0.0,10,1,233,82,86.76845335048858,76.29303057121291,16.950000000000067
181.69999999999396,184.016399999994,0.15799999999998704,0.1,0.057999999999987034,0.0,10,1,234,82,92.13951553563251,93.96077630207178,17.050000000000068
181.79999999999396,184.22219999999402,0.20580000000001064,0.1,0.10580000000001064,0.0,10,1,231,82,102.3537886597236,93.2801857983109,17.15000000000007
181.89999999999395,184.44079999999403,0.21860000000000923,0.1,0.11860000000000923,0.0,11,1,229,82,101.2330474269197,75.99303057121293,15.690909090909152
181.99999999999395,184.54079999999402,0.09999999999999432,0.1,-5.689893001203927e-15,0.0,12,1,228,82,90.3491681496238,75.89303057121293,14.48333333333339
182.09999999999394,184.64079999999402,0.09999999999999432,0.1,-5.689893001203927e-15,0.0,12,1,228,83,89.93846685134342,75.79303057121294,14.58333333333339
182.19999999999393,184.740799999994,0.09999999999999432,0.1,-5.689893001203927e-15,0.0,12,1,227,84,89.5499886704607,75.69303057121294,14.683333333333389
182.29999999999393,184.840799999994,0.09999999999999432,0.1,-5.689893001203927e-15,0.0,12,1,225,84,89.22290355323743,75.59303057121295,14.78333333333339
182.39999999999392,184.940799999994,0.09999999999999432,0.1,-5.689893001203927e-15,0.0,12,1,225,84,88.91799966729191,75.49303057121296,14.88333333333339
182.49999999999392,185.040799999994,0.09999999999999432,0.1,-5.689893001203927e-15,0.0,12,1,225,84,88.65831364670083,75.39303057121296,14.983333333333391
182.5999999999939,185.140799999994,0.09999999999999432,0.1,-5.689893001203927e-15,0.0,12,1,225,84,88.39522734015141,75.29303057121297,15.08333333333339
182.6999999999939,185.24079999999398,0.09999999999999432,0.1,-5.689893001203927e-15,0.0,12,1,225,84,88.15157441987321,75.19303057121297,15.183333333333392
182.7999999999939,185.34079999999398,0.09999999999999432,0.1,-5.689893001203927e-15,0.0,12,1,226,83,88.00084898173573,75.09303057121298,15.28333333333339
182.8999999999939,185.44079999999397,0.09999999999999432,0.1,-5.689893001203927e-15,0.0,12,1,226,83,87.87646562983639,74.99303057121298,15.383333333333391
182.9999999999939,185.54079999999396,0.09999999999999432,0.1,-5.689893001203927e-15,0.0,12,1,225,83,87.73867882212046,74.89303057121299,15.483333333333391
183.09999999999388,185.64079999999396,0.09999999999999432,0.1,-5.689893001203927e-15,0.0,12,1,225,83,87.6143904592809,74.793030571213,15.583333333333393
183.19999999999388,185.74079999999395,0.09999999999999432,0.1,-5.689893001203927e-15,0.0,12,1,225,83,87.47675224564692,74.693030571213,15.683333333333392
183.29999999999387,185.84079999999395,0.09999999999999432,0.1,-5.689893001203927e-15,0.0,12,1,225,83,87.35255838287846,74.593030571213,15.783333333333394
183.39999999999387,185.94079999999394,0.09999999999999432,0.1,-5.689893001203927e-15,0.0,12,1,224,83,87.2150679983876,74.49303057121301,15.883333333333391
183.49999999999386,186.04079999999394,0.09999999999999432,0.1,-5.689893001203927e-15,0.0,12,1,223,83,87.09096814921882,74.39303057121302,15.983333333333393
183.59999999999386,186.14079999999393,0.09999999999999432,0.1,-5.689893001203927e-15,0.0,12,1,222,84,86.95362483287,74.29303057121302,16.083333333333393
183.69999999999385,186.24079999999392,0.09999999999999432,0.1,-5.689893001203927e-15,0.0,12,1,222,84,86.82961851333378,74.19303057121303,16.183333333333394
183.79999999999384,186.34079999999392,0.09999999999999432,0.1,-5.689893001203927e-15,0.0,12,1,221,84,86.69242150804348,74.09303057121303,16.283333333333392
183.89999999999384,186.4407999999939,0.09999999999999432,0.1,-5.689893001203927e-15,0.0,12,1,221,85,86.56850823666404,73.99303057121304,16.383333333333393
183.99999999999383,186.5407999999939,0.09999999999999432,0.1,-5.689893001203927e-15,0.0,12,1,220,85,86.43145678924607,73.89303057121305,16.483333333333395
184.09999999999383,186.6407999999939,0.09999999999999432,0.1,-5.689893001203927e-15,0.0,12,1,220,85,86.30763608702624,73.79303057121305,16.583333333333396
184.19999999999382,186.7407999999939,0.09999999999999432,0.1,-5.689893001203927e-15,0.0,12,1,219,86,86.17072944817168,73.69303057121306,16.683333333333394
184.29999999999382,186.8407999999939,0.09999999999999432,0.1,-5.689893001203927e-15,0.0,12,1,219,86,86.04700083858005,73.59303057121306,16.783333333333395
184.3999999999938,186.94079999999389,0.09999999999999432,0.1,-5.689893001203927e-15,0.0,12,1,219,86,85.91023826283732,73.49303057121307,16.883333333333393
184.4999999999938,187.04079999999388,0.09999999999999432,0.1,-5.689893001203927e-15,0.0,12,1,219,86,85.78660127179559,73.39303057121307,16.983333333333395
184.5999999999938,187.14079999999387,0.09999999999999432,0.1,-5.689893001203927e-15,0.0,12,1,220,86,85.64998201755061,73.29303057121308,17.083333333333396
184.6999999999938,187.24079999999387,0.09999999999999432,0.1,-5.689893001203927e-15,0.0,12,1,220,86,85.52643617342098,73.19303057121309,17.183333333333398
184.7999999999938,187.34079999999386,0.09999999999999432,0.1,-5.689893001203927e-15,0.0,12,1,221,86,85.38995950287732,73.09303057121309,17.283333333333395
184.89999999999378,187.44079999999386,0.09999999999999432,0.1,-5.689893001203927e-15,0.0,12,1,221,86,85.2665043364499,72.9930305712131,17.383333333333397
184.99999999999378,187.54079999999385,0.09999999999999432,0.1,-5.689893001203927e-15,0.0,12,1,221,86,85.13016951560921,72.8930305712131,17.483333333333395
185.09999999999377,187.64079999999385,0.09999999999999432,0.1,-5.689893001203927e-15,0.0,12,1,221,86,85.00680456008955,72.79303057121311,17.583333333333396
185.19999999999376,187.74079999999384,0.09999999999999432,0.1,-5.689893001203927e-15,0.0,12,1,222,86,84.870610858732,72.69303057121311,17.683333333333398
185.29999999999376,187.84079999999383,0.09999999999999432,0.1,-5.689893001203927e-15,0.0,12,1,220,86,84.74733564972858,72.59303057121312,17.7833333333334
185.39999999999375,187.94079999999383,0.09999999999999432,0.1,-5.689893001203927e-15,0.0,12,1,219,86,84.61128234139339,72.49303057121313,17.883333333333397
185.49999999999375,188.04079999999382,0.09999999999999432,0.1,-5.689893001203927e-15,0.0,12,1,218,87,84.48809641690536,72.39303057121313,17.9833333333334
185.59999999999374,188.14079999999382,0.09999999999999432,0.1,-5.689893001203927e-15,0.0,12,1,218,87,84.35218277887144,72.29303057121314,18.083333333333396
185.69999999999374,188.2407999999938,0.09999999999999432,0.1,-5.689893001203927e-15,0.0,12,1,217,85,84.22908567927625,72.19303057121314,18.183333333333398
185.79999999999373,188.3407999999938,0.09999999999999432,0.1,-5.689893001203927e-15,0.0,12,1,216,85,84.09331099254297,72.09303057121315,18.2833333333334
185.89999999999372,188.4407999999938,0.09999999999999432,0.1,-5.689893001203927e-15,0.0,12,1,216,85,83.9703022605841,71.99303057121315,18.3833333333334
185.99999999999372,188.5407999999938,0.09999999999999432,0.1,-5.689893001203927e-15,0.0,12,1,217,85,83.83466580985215,71.89303057121316,18.4833333333334
186.0999999999937,188.6407999999938,0.09999999999999432,0.1,-5.689893001203927e-15,0.0,12,1,219,84,83.711744990627,71.79303057121317,18.5833333333334
186.1999999999937,188.74079999999378,0.09999999999999432,0.1,-5.689893001203927e-15,0.0,12,1,221,84,83.57624606427932,71.69303057121317,18.683333333333398
186.2999999999937,188.84079999999378,0.09999999999999432,0.1,-5.689893001203927e-15,0.0,12,1,223,84,83.453412705227,71.59303057121318,18.7833333333334
186.3999999999937,188.94079999999377,0.09999999999999432,0.1,-5.689893001203927e-15,0.0,12,1,223,84,83.3180505953098,71.49303057121318,18.8833333333334
186.4999999999937,189.04079999999377,0.09999999999999432,0.1,-5.689893001203927e-15,0.0,12,1,224,84,83.19530424619921,71.39303057121319,18.983333333333402
186.59999999999368,189.14079999999376,0.09999999999999432,0.1,-5.689893001203927e-15,0.0,12,1,226,84,83.05950947507779,71.2930305712132,19.083333333333403
186.69999999999368,189.24079999999375,0.09999999999999432,0.1,-5.689893001203927e-15,0.0,12,1,226,84,82.93575190402011,71.1930305712132,19.1833333333334
186.79999999999367,189.34079999999375,0.09999999999999432,0.1,-5.689893001203927e-15,0.0,12,1,226,83,82.79894402303415,71.0930305712132,19.283333333333402
186.89999999999367,189.44079999999374,0.09999999999999432,0.1,-5.689893001203927e-15,0.0,12,1,226,83,82.67527821961544,70.99303057121321,19.383333333333404
186.99999999999366,189.54079999999374,0.09999999999999432,0.1,-5.689893001203927e-15,0.0,12,1,227,83,82.53861389335144,70.89303057121322,19.483333333333402
187.09999999999366,189.64079999999373,0.09999999999999432,0.1,-5.689893001203927e-15,0.0,12,1,227,83,82.41503938516637,70.79303057121322,19.583333333333403
187.19999999999365,189.74079999999373,0.09999999999999432,0.1,-5.689893001203927e-15,0.0,12,1,227,83,82.2778640858629,70.69303057121323,19.683333333333405
187.29999999999364,189.84079999999372,0.09999999999999432,0.1,-5.689893001203927e-15,0.0,12,1,227,83,82.15322855244179,70.59303057121323,19.783333333333406
187.39999999999364,189.94079999999371,0.09999999999999432,0.1,-5.689893001203927e-15,0.0,12,1,227,84,82.01504725001455,70.49303057121324,19.883333333333407
187.49999999999363,190.0407999999937,0.09999999999999432,0.1,-5.689893001203927e-15,0.0,12,1,227,84,81.8905080038438,70.39303057121325,19.98333333333341
187.59999999999363,190.1407999999937,0.09999999999999432,0.1,-5.689893001203927e-15,0.0,12,1,227,82,81.7524773262949,70.29303057121325,20.08333333333341
187.69999999999362,190.2407999999937,0.09999999999999432,0.1,-5.689893001203927e-15,0.0,12,1,226,82,81.62803387170295,70.19303057121326,20.18333333333341
187.79999999999362,190.3407999999937,0.09999999999999432,0.1,-5.689893001203927e-15,0.0,12,1,225,82,81.49015304363932,70.09303057121326,20.28333333333341
187.8999999999936,190.4407999999937,0.09999999999999432,0.1,-5.689893001203927e-15,0.0,12,1,225,82,81.36580488750631,69.99303057121327,20.38333333333341
187.9999999999936,190.54079999999368,0.09999999999999432,0.1,-5.689893001203927e-15,0.0,12,1,226,82,81.2280731375265,69.89303057121327,20.483333333333412
188.0999999999936,190.64079999999367,0.09999999999999432,0.1,-5.689893001203927e-15,0.0,12,1,226,82,81.10381978927101,69.79303057121328,20.583333333333414
188.1999999999936,190.74079999999367,0.09999999999999432,0.1,-5.689893001203927e-15,0.0,12,1,226,81,80.96623634994462,69.69303057121328,20.68333333333341
188.2999999999936,190.84079999999366,0.09999999999999432,0.1,-5.689893001203927e-15,0.0,12,1,226,82,80.8420773215107,69.59303057121329,20.783333333333413
188.39999999999358,190.94079999999366,0.09999999999999432,0.1,-5.689893001203927e-15,0.0,12,1,226,82,80.70464142935795,69.4930305712133,20.883333333333415
188.49999999999358,191.04079999999365,0.09999999999999432,0.1,-5.689893001203927e-15,0.0,12,1,227,82,80.58057623520207,69.3930305712133,20.983333333333416
188.59999999999357,191.14079999999365,0.09999999999999432,0.1,-5.689893001203927e-15,0.0,12,1,226,82,80.44328713067344,69.29303057121331,21.083333333333417
188.69999999999357,191.24079999999364,0.09999999999999432,0.1,-5.689893001203927e-15,0.0,12,1,227,83,80.31931528775159,69.19303057121331,21.18333333333342
188.79999999999356,191.34079999999364,0.09999999999999432,0.1,-5.689893001203927e-15,0.0,12,1,227,83,80.18217221520759,69.09303057121332,21.28333333333342
188.89999999999355,191.44079999999363,0.09999999999999432,0.1,-5.689893001203927e-15,0.0,12,1,227,83,80.05829324296236,68.99303057121332,21.38333333333342
188.99999999999355,191.54079999999362,0.09999999999999432,0.1,-5.689893001203927e-15,0.0,12,1,227,83,79.92129545065345,68.89303057121333,21.48333333333342
189.09999999999354,191.64079999999362,0.09999999999999432,0.1,-5.689893001203927e-15,0.0,12,1,226,83,79.7975088710013,68.79303057121334,21.583333333333425
189.19999999999354,191.7407999999936,0.09999999999999432,0.1,-5.689893001203927e-15,0.0,12,1,226,83,79.66065561104779,68.69303057121334,21.683333333333422
189.29999999999353,191.8407999999936,0.09999999999999432,0.1,-5.689893001203927e-15,0.0,12,1,226,84,79.53696094836626,68.59303057121335,21.78333333333342
189.39999999999353,191.9407999999936,0.09999999999999432,0.1,-5.689893001203927e-15,0.0,12,1,227,84,79.40025147673843,68.49303057121335,21.883333333333425
189.49999999999352,192.0407999999936,0.09999999999999432,0.1,-5.689893001203927e-15,0.0,12,1,227,84,79.2766482578535,68.39303057121336,21.983333333333423
189.5999999999935,192.1407999999936,0.09999999999999432,0.1,-5.689893001203927e-15,0.0,12,1,227,84,79.14008183435182,68.29303057121336,22.083333333333425
189.6999999999935,192.24079999999358,0.09999999999999432,0.1,-5.689893001203927e-15,0.0,12,1,225,84,79.01656958852526,68.19303057121337,22.183333333333426
189.7999999999935,192.34079999999358,0.09999999999999432,0.1,-5.689893001203927e-15,0.0,12,1,225,84,78.88014547676059,68.09303057121338,22.283333333333427
189.8999999999935,192.44079999999357,0.09999999999999432,0.1,-5.689893001203927e-15,0.0,12,1,225,84,78.7567237356775,67.99303057121338,22.38333333333343
189.9999999999935,192.54079999999357,0.09999999999999432,0.1,-5.689893001203927e-15,0.0,12,1,225,84,78.62044120305153,67.89303057121339,22.48333333333343
190.09999999999349,192.64079999999356,0.09999999999999432,0.1,-5.689893001203927e-15,0.0,12,1,226,84,78.49710950080778,67.7930305712134,22.583333333333428
190.19999999999348,192.74079999999356,0.09999999999999432,0.1,-5.689893001203927e-15,0.0,12,1,226,84,78.36096781849348,67.6930305712134,22.683333333333433
190.29999999999347,192.84079999999355,0.09999999999999432,0.1,-5.689893001203927e-15,0.0,12,1,226,83,78.2377256915834,67.5930305712134,22.78333333333343
190.39999999999347,192.94079999999354,0.09999999999999432,0.1,-5.689893001203927e-15,0.0,12,1,226,83,78.10172413450564,67.49303057121341,22.88333333333343
190.49999999999346,193.04079999999354,0.09999999999999432,0.1,-5.689893001203927e-15,0.0,12,1,227,82,77.97857112180957,67.39303057121342,22.983333333333434
190.59999999999346,193.14079999999353,0.09999999999999432,0.1,-5.689893001203927e-15,0.0,12,1,227,82,77.84270896862579,67.29303057121342,23.08333333333343
190.69999999999345,193.24079999999353,0.09999999999999432,0.1,-5.689893001203927e-15,0.0,12,1,228,82,77.71964461139784,67.19303057121343,23.183333333333437
190.79999999999345,193.34079999999352,0.09999999999999432,0.1,-5.689893001203927e-15,0.0,12,1,229,81,77.58392114447885,67.09303057121343,23.283333333333434
190.89999999999344,193.44079999999352,0.09999999999999432,0.1,-5.689893001203927e-15,0.0,12,1,228,81,77.4609449863347,66.99303057121344,23.383333333333436
190.99999999999343,193.5407999999935,0.09999999999999432,0.1,-5.689893001203927e-15,0.0,12,1,227,80,77.32535949174554,66.72897796594107,23.483333333333437
191.09999999999343,193.6407999999935,0.09999999999999432,0.1,-5.689893001203927e-15,0.0,12,1,226,80,77.20247107865025,66.35431700879745,23.58333333333344
191.19999999999342,193.7407999999935,0.09999999999999432,0.1,-5.689893001203927e-15,0.0,12,1,225,79,77.06702284613118,65.82893821856868,23.683333333333437
191.29999999999342,193.8407999999935,0.09999999999999432,0.1,-5.689893001203927e-15,0.0,12,1,225,80,76.94422172638711,65.45532478163975,23.78333333333344
191.3999999999934,193.9407999999935,0.09999999999999432,0.1,-5.689893001203927e-15,0.0,12,1,225,80,76.81251009583777,64.97478521504753,23.88333333333344
191.4999999999934,194.04079999999348,0.09999999999999432,0.1,-5.689893001203927e-15,0.0,12,1,226,80,76.68118897805427,64.49893180164563,23.983333333333444
191.5999999999934,194.14079999999348,0.09999999999999432,0.1,-5.689893001203927e-15,0.0,12,1,226,80,76.56037210794547,64.1491293603399,24.083333333333442
191.6999999999934,194.24079999999347,0.09999999999999432,0.1,-5.689893001203927e-15,0.0,12,1,226,80,76.4392134699141,64.00678913453851,24.18333333333344
191.7999999999934,194.34079999999346,0.09999999999999432,0.1,-5.689893001203927e-15,0.0,12,1,226,80,76.31736919874884,63.906789134538506,24.283333333333445
191.89999999999338,194.44079999999346,0.09999999999999432,0.1,-5.689893001203927e-15,0.0,12,1,226,80,76.19522880685152,63.806789134538505,24.383333333333443
191.99999999999338,194.54079999999345,0.09999999999999432,0.1,-5.689893001203927e-15,0.0,12,1,226,78,76.07391143486247,63.706789134538504,24.483333333333444
192.09999999999337,194.64079999999345,0.09999999999999432,0.1,-5.689893001203927e-15,0.0,12,1,226,78,75.92602965666707,63.6067891345385,24.583333333333446
192.19999999999337,194.74079999999344,0.09999999999999432,0.1,-5.689893001203927e-15,0.0,12,1,226,79,75.79228556589558,63.5067891345385,24.683333333333447
192.29999999999336,194.84079999999344,0.09999999999999432,0.1,-5.689893001203927e-15,0.0,12,1,226,80,75.65720733478645,63.4067891345385,24.78333333333345
192.39999999999336,194.94079999999343,0.09999999999999432,0.1,-5.689893001203927e-15,0.0,12,1,226,80,75.53464152158413,63.3067891345385,24.88333333333345
192.49999999999335,195.04079999999342,0.09999999999999432,0.1,-5.689893001203927e-15,0.0,12,1,226,80,75.39914770098895,63.2067891345385,24.983333333333448
192.59999999999334,195.14079999999342,0.09999999999999432,0.1,-5.689893001203927e-15,0.0,12,1,227,81,75.27558152278995,63.106789134538495,25.083333333333453
192.69999999999334,195.2407999999934,0.09999999999999432,0.1,-5.689893001203927e-15,0.0,12,1,228,81,75.13907304308451,63.006789134538494,25.18333333333345
192.79999999999333,195.3407999999934,0.09999999999999432,0.1,-5.689893001203927e-15,0.0,12,1,227,81,75.01559764726431,62.90678913453849,25.28333333333345
192.89999999999333,195.4407999999934,0.09999999999999432,0.1,-5.689893001203927e-15,0.0,12,1,228,81,74.87923118101038,62.80678913453849,25.383333333333454
192.99999999999332,195.5407999999934,0.09999999999999432,0.1,-5.689893001203927e-15,0.0,12,1,228,81,74.75584610023564,62.70678913453849,25.48333333333345
193.09999999999332,195.6407999999934,0.09999999999999432,0.1,-5.689893001203927e-15,0.0,12,1,228,80,74.61962091637044,62.60678913453849,25.583333333333456
193.1999999999933,195.74079999999338,0.09999999999999432,0.1,-5.689893001203927e-15,0.0,12,1,227,80,74.49632568571359,62.50678913453849,25.683333333333454
193.2999999999933,195.84079999999338,0.09999999999999432,0.1,-5.689893001203927e-15,0.0,12,1,227,80,74.3602410569377,62.406789134538485,25.783333333333456
193.3999999999933,195.94079999999337,0.09999999999999432,0.1,-5.689893001203927e-15,0.0,12,1,229,80,74.23703521386454,62.306789134538484,25.883333333333457
193.4999999999933,196.04079999999337,0.09999999999999432,0.1,-5.689893001203927e-15,0.0,12,1,231,80,74.10109041662261,62.20678913453848,25.98333333333346
193.5999999999933,196.14079999999336,0.09999999999999432,0.1,-5.689893001203927e-15,0.0,12,1,231,81,73.97797350098001,62.10678913453848,26.083333333333456
193.69999999999328,196.24079999999336,0.09999999999999432,0.1,-5.689893001203927e-15,0.0,12,1,231,81,73.84216781544139,62.00678913453848,26.18333333333346
193.79999999999328,196.34079999999335,0.09999999999999432,0.1,-5.689893001203927e-15,0.0,12,1,231,81,73.71913936944499,61.90678913453848,26.28333333333346
193.89999999999327,196.44079999999335,0.09999999999999432,0.1,-5.689893001203927e-15,0.0,12,1,231,81,73.58717652915975,61.80678913453848,26.383333333333464
193.99999999999326,196.54079999999334,0.09999999999999432,0.1,-5.689893001203927e-15,0.0,12,1,232,81,73.45563155349039,61.706789134538475,26.483333333333462
194.09999999999326,196.64079999999333,0.09999999999999432,0.1,-5.689893001203927e-15,0.0,12,1,231,81,73.3345673064077,61.606789134538474,26.58333333333346
194.19999999999325,196.74079999999333,0.09999999999999432,0.1,-5.689893001203927e-15,0.0,12,1,231,82,73.213172282304,61.50678913453847,26.683333333333465
194.29999999999325,196.84079999999332,0.09999999999999432,0.1,-5.689893001203927e-15,0.0,12,1,230,82,73.09256716159044,61.40678913453847,26.783333333333463
194.39999999999324,196.94079999999332,0.09999999999999432,0.1,-5.689893001203927e-15,0.0,12,1,230,82,72.97133456170289,61.30678913453847,26.883333333333464
194.49999999999324,197.0407999999933,0.09999999999999432,0.1,-5.689893001203927e-15,0.0,12,1,230,83,72.8481295504369,61.20678913453847,26.983333333333466
194.59999999999323,197.1407999999933,0.09999999999999432,0.1,-5.689893001203927e-15,0.0,12,1,229,83,72.72468887580574,61.10678913453847,27.083333333333467
194.69999999999322,197.2407999999933,0.09999999999999432,0.1,-5.689893001203927e-15,0.0,12,1,228,84,72.60212899234297,61.006789134538465,27.18333333333347
194.79999999999322,197.3407999999933,0.09999999999999432,0.1,-5.689893001203927e-15,0.0,12,1,228,84,72.48041076670135,60.906789134538464,27.28333333333347
194.8999999999932,197.4407999999933,0.09999999999999432,0.1,-5.689893001203927e-15,0.0,12,1,228,84,72.35949680421923,60.80678913453846,27.383333333333468
194.9999999999932,197.54079999999328,0.09999999999999432,0.1,-5.689893001203927e-15,0.0,12,1,228,83,72.23792291484874,60.70678913453846,27.483333333333473
195.0999999999932,197.64079999999328,0.09999999999999432,0.1,-5.689893001203927e-15,0.0,12,1,227,84,72.11604089174581,60.60678913453846,27.58333333333347
195.1999999999932,197.74079999999327,0.09999999999999432,0.1,-5.689893001203927e-15,0.0,12,1,226,85,71.99497040928554,60.50678913453846,27.68333333333347
195.2999999999932,197.84079999999327,0.09999999999999432,0.1,-5.689893001203927e-15,0.0,12,1,226,85,71.87322355554353,60.40678913453846,27.783333333333474
195.39999999999318,197.94079999999326,0.09999999999999432,0.1,-5.689893001203927e-15,0.0,12,1,228,84,71.75117625283595,60.306789134538455,27.88333333333347
195.49999999999318,198.04079999999325,0.09999999999999432,0.1,-5.689893001203927e-15,0.0,12,1,229,84,71.62994783410554,60.206789134538454,27.983333333333476
195.59999999999317,198.14079999999325,0.09999999999999432,0.1,-5.689893001203927e-15,0.0,12,1,229,84,71.50802645090063,60.10678913453845,28.083333333333474
195.69999999999317,198.24079999999324,0.09999999999999432,0.1,-5.689893001203927e-15,0.0,12,1,231,83,71.38581237303373,60.00678913453845,28.183333333333476
195.79999999999316,198.34079999999324,0.09999999999999432,0.1,-5.689893001203927e-15,0.0,12,1,232,83,71.26442458892559,59.90678913453845,28.283333333333477
195.89999999999316,198.44079999999323,0.09999999999999432,0.1,-5.689893001203927e-15,0.0,12,1,232,83,71.14232709700455,59.80678913453845,28.38333333333348
195.99999999999315,198.54079999999323,0.09999999999999432,0.1,-5.689893001203927e-15,0.0,12,1,232,83,71.01994473489087,59.70678913453845,28.483333333333476
196.09999999999314,198.64079999999322,0.09999999999999432,0.1,-5.689893001203927e-15,0.0,12,1,232,83,70.89839614336601,59.606789134538445,28.58333333333348
196.19999999999314,198.74079999999321,0.09999999999999432,0.1,-5.689893001203927e-15,0.0,12,1,232,82,70.7776442781962,59.506789134538444,28.68333333333348
196.29999999999313,198.8407999999932,0.09999999999999432,0.1,-5.689893001203927e-15,0.0,12,1,232,82,70.65624951650057,59.40678913453844,28.783333333333484
196.39999999999313,198.9407999999932,0.09999999999999432,0.1,-5.689893001203927e-15,0.0,12,1,232,82,70.53453866247148,59.30678913453844,28.883333333333482
196.49999999999312,199.0407999999932,0.09999999999999432,0.1,-5.689893001203927e-15,0.0,12,1,232,82,70.41363174408282,59.20678913453844,28.98333333333348
196.59999999999312,199.1407999999932,0.09999999999999432,0.1,-5.689893001203927e-15,0.0,12,1,232,82,70.26643418559864,59.10678913453844,29.083333333333485
196.6999999999931,199.2407999999932,0.09999999999999432,0.1,-5.689893001203927e-15,0.0,12,1,232,82,70.1330778171834,59.00678913453844,29.183333333333483
196.7999999999931,199.34079999999318,0.09999999999999432,0.1,-5.689893001203927e-15,0.0,12,1,232,82,69.99860611115952,58.906789134538435,29.283333333333484
196.8999999999931,199.44079999999317,0.09999999999999432,0.1,-5.689893001203927e-15,0.0,12,1,232,82,69.87642602438008,58.806789134538434,29.383333333333486
196.9999999999931,199.54079999999317,0.09999999999999432,0.1,-5.689893001203927e-15,0.0,12,1,232,82,69.74157520367915,58.70678913453843,29.483333333333487
197.0999999999931,199.64079999999316,0.09999999999999432,0.1,-5.689893001203927e-15,0.0,12,1,231,82,69.61841794846644,58.60678913453843,29.58333333333349
197.19999999999308,199.74079999999316,0.09999999999999432,0.1,-5.689893001203927e-15,0.0,12,1,230,82,69.48631276593575,58.50678913453843,29.68333333333349
197.29999999999308,199.84079999999315,0.09999999999999432,0.1,-5.689893001203927e-15,0.0,12,1,229,82,69.35464094632054,58.40678913453843,29.783333333333488
197.39999999999307,200.00079999999315,0.1599999999999966,0.1,0.059999999999996584,0.0,12,1,227,82,74.17772048527839,60.49303057121355,29.883333333333486
197.49999999999307,200.10079999999314,0.09999999999999432,0.1,-5.689893001203927e-15,0.0,12,1,227,81,74.02663164077016,60.39303057121355,29.98333333333349
197.59999999999306,200.26079999999314,0.1599999999999966,0.1,0.059999999999996584,0.0,12,1,226,81,78.86873205602274,60.29303057121355,30.08333333333349
197.69999999999305,200.36079999999313,0.09999999999999432,0.1,-5.689893001203927e-15,0.0,12,1,227,81,78.72706538935607,60.19303057121355,30.18333333333349
197.79999999999305,200.52079999999313,0.1599999999999966,0.1,0.059999999999996584,0.0,12,1,227,81,83.57283985512292,60.093030571213546,30.283333333333488
197.89999999999304,200.62079999999312,0.09999999999999432,0.1,-5.689893001203927e-15,0.0,13,1,227,81,75.09791522186002,59.993030571213545,28.053846153846298
197.99999999999304,200.72079999999312,0.09999999999999432,0.1,-5.689893001203927e-15,0.0,13,1,226,81,74.87293798236267,59.893030571213544,28.1538461538463
198.09999999999303,200.86059999999313,0.13980000000000814,0.1,0.039800000000008134,0.0,13,1,225,81,77.75755336697806,59.79303057121354,28.2538461538463
198.19999999999303,200.96059999999312,0.09999999999999432,0.1,-5.689893001203927e-15,0.0,13,1,223,81,77.60224685239145,59.69303057121354,28.3538461538463
198.29999999999302,201.12059999999312,0.1599999999999966,0.1,0.059999999999996584,0.0,13,1,221,81,82.02190901141655,59.59303057121354,28.453846153846296
198.399999999993,201.28059999999311,0.1599999999999966,0.1,0.059999999999996584,0.0,13,1,219,82,86.48069039974523,59.49303057121354,28.553846153846298
198.499999999993,201.3805999999931,0.09999999999999432,0.1,-5.689893001203927e-15,0.0,13,1,219,82,86.2880948905357,59.39303057121354,28.6538461538463
198.599999999993,201.4805999999931,0.09999999999999432,0.1,-5.689893001203927e-15,0.0,13,1,219,82,86.11055795044156,59.293030571213535,28.7538461538463
198.699999999993,201.6405999999931,0.1599999999999966,0.1,0.059999999999996584,0.0,13,1,219,82,90.54376739608071,59.193030571213534,28.8538461538463
198.799999999993,201.7405999999931,0.09999999999999432,0.1,-5.689893001203927e-15,0.0,14,1,218,81,82.11009347069903,71.66841308202837,26.892857142857277
198.89999999999299,201.8405999999931,0.09999999999999432,0.1,-5.689893001203927e-15,0.0,14,1,218,81,81.88162562660378,71.56841308202837,26.99285714285728
198.99999999999298,201.94059999999308,0.09999999999999432,0.1,-5.689893001203927e-15,0.0,14,1,217,82,81.66526662741718,71.46841308202838,27.092857142857277
199.09999999999297,202.04059999999308,0.09999999999999432,0.1,-5.689893001203927e-15,0.0,14,1,218,82,81.43627370417778,71.36841308202838,27.19285714285728
199.19999999999297,202.19459999999307,0.15399999999999636,0.1,0.053999999999996356,0.0,14,1,215,82,85.06978973028644,71.26841308202839,27.29285714285728
199.29999999999296,202.29459999999307,0.09999999999999432,0.1,-5.689893001203927e-15,0.0,14,1,215,82,84.8519024287592,71.1684130820284,27.392857142857277
199.39999999999296,202.39459999999306,0.09999999999999432,0.1,-5.689893001203927e-15,0.0,14,1,215,82,84.64103597832536,70.95662076313143,27.49285714285728
199.49999999999295,202.49459999999306,0.09999999999999432,0.1,-5.689893001203927e-15,0.0,14,1,214,82,84.43790239465446,70.35662076313143,27.592857142857277
199.59999999999295,202.59459999999305,0.09999999999999432,0.1,-5.689893001203927e-15,0.0,14,1,215,82,84.2664738232259,69.75662076313144,27.69285714285728
199.69999999999294,202.69459999999305,0.09999999999999432,0.1,-5.689893001203927e-15,0.0,14,1,215,82,84.10929496243939,69.35611671212014,27.79285714285728
199.79999999999293,202.79459999999304,0.09999999999999432,0.1,-5.689893001203927e-15,0.0,14,1,217,82,83.97358067672509,69.25611671212015,27.89285714285728
199.89999999999293,202.89459999999303,0.09999999999999432,0.1,-5.689893001203927e-15,0.0,14,1,217,82,83.83786639101082,69.15611671212015,27.99285714285728
199.99999999999292,202.99459999999303,0.09999999999999432,0.1,-5.689893001203927e-15,0.0,14,1,216,82,83.70215210529652,69.05611671212016,28.09285714285728
200.09999999999292,203.09459999999302,0.09999999999999432,0.1,-5.689893001203927e-15,0.0,14,1,216,83,83.56643781958225,68.95611671212016,28.19285714285728
200.1999999999929,203.19459999999302,0.09999999999999432,0.1,-5.689893001203927e-15,0.0,14,1,215,83,83.43072353386796,68.85611671212017,28.292857142857283
200.2999999999929,203.294599999993,0.09999999999999432,0.1,-5.689893001203927e-15,0.0,14,1,214,82,83.29500924815368,68.75611671212017,28.39285714285728
200.3999999999929,203.394599999993,0.09999999999999432,0.1,-5.689893001203927e-15,0.0,14,1,216,82,83.15929496243939,68.65611671212018,28.49285714285728
200.4999999999929,203.494599999993,0.09999999999999432,0.1,-5.689893001203927e-15,0.0,14,1,216,82,83.02358067672512,68.55611671212019,28.59285714285728
200.5999999999929,203.594599999993,0.09999999999999432,0.1,-5.689893001203927e-15,0.0,14,1,216,83,82.88786639101082,68.45611671212019,28.69285714285728
200.69999999999288,203.694599999993,0.09999999999999432,0.1,-5.689893001203927e-15,0.0,14,1,217,83,82.75215210529655,68.3561167121202,28.792857142857283
200.79999999999288,203.79459999999298,0.09999999999999432,0.1,-5.689893001203927e-15,0.0,14,1,217,82,82.61643781958226,68.2561167121202,28.89285714285728
200.89999999999287,203.89459999999298,0.09999999999999432,0.1,-5.689893001203927e-15,0.0,14,1,217,82,82.48072353386797,68.15611671212021,28.992857142857282
200.99999999999287,203.99459999999297,0.09999999999999432,0.1,-5.689893001203927e-15,0.0,14,1,217,83,82.34500924815369,68.05611671212021,29.09285714285728
201.09999999999286,204.09459999999297,0.09999999999999432,0.1,-5.689893001203927e-15,0.0,14,1,215,82,82.20929496243942,67.95611671212022,29.192857142857285
201.19999999999285,204.19459999999296,0.09999999999999432,0.1,-5.689893001203927e-15,0.0,14,1,216,82,82.07358067672513,67.85611671212023,29.292857142857283
201.29999999999285,204.29459999999295,0.09999999999999432,0.1,-5.689893001203927e-15,0.0,14,1,217,82,81.93786639101084,67.75611671212023,29.392857142857284
201.39999999999284,204.39459999999295,0.09999999999999432,0.1,-5.689893001203927e-15,0.0,14,1,217,82,81.80215210529657,67.65611671212024,29.492857142857282
201.49999999999284,204.49459999999294,0.09999999999999432,0.1,-5.689893001203927e-15,0.0,14,1,216,83,81.66643781958227,67.55611671212024,29.59285714285728
201.59999999999283,204.59459999999294,0.09999999999999432,0.1,-5.689893001203927e-15,0.0,14,1,216,83,81.530723533868,67.45611671212025,29.692857142857285
201.69999999999283,204.69459999999293,0.09999999999999432,0.1,-5.689893001203927e-15,0.0,14,1,216,83,81.3950092481537,67.35611671212025,29.792857142857283
201.79999999999282,204.85459999999293,0.1599999999999966,0.1,0.059999999999996584,0.0,14,1,215,83,85.54500924815373,67.25611671212026,29.892857142857284
201.89999999999281,204.95459999999292,0.09999999999999432,0.1,-5.689893001203927e-15,0.0,15,1,215,82,78.04200863161014,67.15611671212027,28.00000000000013
201.9999999999928,205.05459999999292,0.09999999999999432,0.1,-5.689893001203927e-15,0.0,15,1,214,82,77.84618404669575,67.05611671212027,28.100000000000133
202.0999999999928,205.1545999999929,0.09999999999999432,0.1,-5.689893001203927e-15,0.0,15,1,214,82,77.67951738002908,66.95611671212028,28.200000000000134
202.1999999999928,205.3145999999929,0.1599999999999966,0.1,0.059999999999996584,0.0,15,1,213,82,81.51285071336245,66.85611671212028,28.300000000000132
202.2999999999928,205.4745999999929,0.1599999999999966,0.1,0.059999999999996584,0.0,15,1,212,82,85.34618404669581,66.75611671212029,28.400000000000134
202.3999999999928,205.5745999999929,0.09999999999999432,0.1,-5.689893001203927e-15,0.0,15,1,212,81,85.17828275427946,66.6561167121203,28.50000000000013
202.49999999999278,205.6745999999929,0.09999999999999432,0.1,-5.689893001203927e-15,0.0,15,1,213,82,85.00194342851172,66.5561167121203,28.600000000000133
202.59999999999278,205.8345999999929,0.1599999999999966,0.1,0.059999999999996584,0.0,15,1,214,82,88.83400240409122,66.4561167121203,28.700000000000134
202.69999999999277,205.93459999999288,0.09999999999999432,0.1,-5.689893001203927e-15,0.0,15,1,214,82,88.67328522226504,66.35611671212031,28.800000000000132
202.79999999999276,206.03459999999288,0.09999999999999432,0.1,-5.689893001203927e-15,0.0,15,1,214,82,88.50058687215275,66.25611671212032,28.900000000000134
202.89999999999276,206.13459999999287,0.09999999999999432,0.1,-5.689893001203927e-15,0.0,15,1,214,82,88.3303995580694,66.15611671212032,29.00000000000013
202.99999999999275,206.23459999999287,0.09999999999999432,0.1,-5.689893001203927e-15,0.0,15,1,215,82,88.15848559302411,66.05611671212033,29.100000000000133
203.09999999999275,206.33459999999286,0.09999999999999432,0.1,-5.689893001203927e-15,0.0,15,1,214,82,87.98658539040369,65.95611671212033,29.200000000000134
203.19999999999274,206.43459999999286,0.09999999999999432,0.1,-5.689893001203927e-15,0.0,15,1,214,82,87.8196534294346,65.85611671212034,29.300000000000132
203.29999999999274,206.53459999999285,0.09999999999999432,0.1,-5.689893001203927e-15,0.0,15,1,214,82,87.65221225926813,65.75611671212035,29.400000000000134
203.39999999999273,206.63459999999284,0.09999999999999432,0.1,-5.689893001203927e-15,0.0,15,1,213,82,87.48454053493752,65.65611671212035,29.50000000000013
203.49999999999272,206.73459999999284,0.09999999999999432,0.1,-5.689893001203927e-15,0.0,15,1,213,81,87.31708223025167,65.55611671212036,29.600000000000133
203.59999999999272,206.83459999999283,0.09999999999999432,0.1,-5.689893001203927e-15,0.0,15,1,213,81,87.15012298492327,65.45611671212036,29.700000000000138
203.6999999999927,206.93459999999283,0.09999999999999432,0.1,-5.689893001203927e-15,0.0,15,1,212,81,86.98233100099763,65.35611671212037,29.800000000000136
203.7999999999927,207.03459999999282,0.09999999999999432,0.1,-5.689893001203927e-15,0.0,15,1,212,81,86.5850725937067,65.25611671212037,29.900000000000137
203.8999999999927,207.17319999999282,0.13859999999999673,0.1,0.03859999999999672,0.0,15,1,213,81,88.8531866161168,66.56841308202866,30.000000000000135
203.9999999999927,207.2731999999928,0.09999999999999432,0.1,-5.689893001203927e-15,0.0,15,1,216,81,88.53154937853694,66.46841308202866,30.100000000000136
204.0999999999927,207.4033999999928,0.1302000000000021,0.1,0.030200000000002086,0.0,15,1,216,81,90.23220683276229,66.36841308202867,30.200000000000138
204.19999999999268,207.5033999999928,0.09999999999999432,0.1,-5.689893001203927e-15,0.0,15,1,216,81,89.92607752985312,66.26841308202867,30.300000000000136
204.29999999999268,207.6033999999928,0.09999999999999432,0.1,-5.689893001203927e-15,0.0,15,1,215,79,89.62196839496659,66.16841308202868,30.400000000000137
204.39999999999267,207.7033999999928,0.09999999999999432,0.1,-5.689893001203927e-15,0.0,15,1,215,79,89.3219683949666,66.06841308202868,30.500000000000135
204.49999999999267,207.8033999999928,0.09999999999999432,0.1,-5.689893001203927e-15,0.0,15,1,215,79,89.02196839496659,65.96841308202869,30.600000000000136
204.59999999999266,207.9633999999928,0.1599999999999966,0.1,0.059999999999996584,0.0,15,1,213,79,92.7278295958055,65.8684130820287,30.700000000000138
204.69999999999266,208.12339999999278,0.1599999999999966,0.1,0.059999999999996584,0.0,16,1,212,79,88.86898042080571,83.31463732151731,28.88125000000013
204.79999999999265,208.22339999999278,0.09999999999999432,0.1,-5.689893001203927e-15,0.0,16,1,213,79,88.57539273642955,82.71463732151732,28.981250000000127
204.89999999999264,208.32339999999277,0.09999999999999432,0.1,-5.689893001203927e-15,0.0,16,1,213,80,88.30680213145986,82.11463732151732,29.08125000000013
204.99999999999264,208.42339999999277,0.09999999999999432,0.1,-5.689893001203927e-15,0.0,16,1,213,80,88.05055213145987,81.51463732151733,29.181250000000126
205.09999999999263,208.52339999999276,0.09999999999999432,0.1,-5.689893001203927e-15,0.0,16,1,213,80,87.82555213145986,80.91463732151733,29.281250000000128
205.19999999999263,208.62339999999276,0.09999999999999432,0.1,-5.689893001203927e-15,0.0,16,1,213,80,87.60055213145986,80.31463732151734,29.38125000000013
205.29999999999262,208.72339999999275,0.09999999999999432,0.1,-5.689893001203927e-15,0.0,16,1,211,80,87.37555213145987,79.71463732151734,29.481250000000127
205.39999999999262,208.82339999999274,0.09999999999999432,0.1,-5.689893001203927e-15,0.0,16,1,211,80,87.15055213145988,79.11463732151735,29.58125000000013
205.4999999999926,208.92339999999274,0.09999999999999432,0.1,-5.689893001203927e-15,0.0,16,1,209,80,86.92555213145988,78.51463732151736,29.68125000000013
205.5999999999926,209.02339999999273,0.09999999999999432,0.1,-5.689893001203927e-15,0.0,16,1,210,80,86.70055213145987,77.91463732151736,29.781250000000128
205.6999999999926,209.14979999999272,0.12639999999998963,0.1,0.026399999999989626,0.0,16,1,208,80,88.12555213145988,77.31463732151737,29.88125000000013
205.7999999999926,209.24979999999272,0.09999999999999432,0.1,-5.689893001203927e-15,0.0,16,1,206,79,87.91181510565218,76.69559648538755,29.98125000000013
205.8999999999926,209.3497999999927,0.09999999999999432,0.1,-5.689893001203927e-15,0.0,16,1,205,78,87.66264603696898,75.92208804635793,30.08125000000013
205.99999999999258,209.4497999999927,0.09999999999999432,0.1,-5.689893001203927e-15,0.0,16,1,205,77,87.41442228930438,75.32208804635793,30.18125000000013
206.09999999999258,209.5497999999927,0.09999999999999432,0.1,-5.689893001203927e-15,0.0,16,1,204,77,87.18942228930437,74.72208804635794,30.281250000000128
206.19999999999257,209.6497999999927,0.09999999999999432,0.1,-5.689893001203927e-15,0.0,16,1,203,76,86.96442228930438,74.12208804635794,30.38125000000013
206.29999999999256,209.7497999999927,0.09999999999999432,0.1,-5.689893001203927e-15,0.0,16,1,202,76,86.74529510986905,73.56907061087523,30.48125000000013
206.39999999999256,209.84979999999268,0.09999999999999432,0.1,-5.689893001203927e-15,0.0,16,1,201,76,86.60175016050331,73.46907061087524,30.58125000000013
206.49999999999255,209.94979999999268,0.09999999999999432,0.1,-5.689893001203927e-15,0.0,16,1,201,76,86.50175016050332,73.36907061087524,30.68125000000013
206.59999999999255,210.04979999999267,0.09999999999999432,0.1,-5.689893001203927e-15,0.0,16,1,202,76,86.40175016050333,73.26907061087525,30.78125000000013
206.69999999999254,210.14979999999267,0.09999999999999432,0.1,-5.689893001203927e-15,0.0,16,1,202,76,86.30175016050332,73.16907061087525,30.88125000000013
206.79999999999254,210.24979999999266,0.09999999999999432,0.1,-5.689893001203927e-15,0.0,16,1,202,77,86.20175016050332,73.06907061087526,30.98125000000013
206.89999999999253,210.34979999999265,0.09999999999999432,0.1,-5.689893001203927e-15,0.0,16,1,201,77,86.10175016050333,72.96907061087526,31.081250000000132
206.99999999999253,210.44979999999265,0.09999999999999432,0.1,-5.689893001203927e-15,0.0,16,1,200,77,86.00175016050333,72.86907061087527,31.18125000000013
207.09999999999252,210.54979999999264,0.09999999999999432,0.1,-5.689893001203927e-15,0.0,16,1,200,78,85.90175016050333,72.76907061087527,31.28125000000013
207.1999999999925,210.64979999999264,0.09999999999999432,0.1,-5.689893001203927e-15,0.0,16,1,199,78,85.80175016050333,72.66907061087528,31.38125000000013
207.2999999999925,210.74979999999263,0.09999999999999432,0.1,-5.689893001203927e-15,0.0,16,1,200,78,85.70175016050334,72.56907061087529,31.48125000000013
207.3999999999925,210.84979999999263,0.09999999999999432,0.1,-5.689893001203927e-15,0.0,16,1,200,78,85.60175016050334,72.46907061087529,31.581250000000132
207.4999999999925,210.94979999999262,0.09999999999999432,0.1,-5.689893001203927e-15,0.0,16,1,200,78,85.50175016050333,72.3690706108753,31.68125000000013
207.5999999999925,211.04979999999262,0.09999999999999432,0.1,-5.689893001203927e-15,0.0,16,1,199,78,85.40175016050334,72.2690706108753,31.78125000000013
207.69999999999249,211.1497999999926,0.09999999999999432,0.1,-5.689893001203927e-15,0.0,16,1,199,78,85.30175016050335,72.16907061087531,31.881250000000133
207.79999999999248,211.2497999999926,0.09999999999999432,0.1,-5.689893001203927e-15,0.0,16,1,200,78,85.20175016050335,72.06907061087531,31.98125000000013
207.89999999999247,211.3497999999926,0.09999999999999432,0.1,-5.689893001203927e-15,0.0,16,1,201,78,85.10175016050334,71.96907061087532,32.08125000000013
207.99999999999247,211.4497999999926,0.09999999999999432,0.1,-5.689893001203927e-15,0.0,16,1,200,78,85.00175016050335,71.86907061087533,32.181250000000134
208.09999999999246,211.5497999999926,0.09999999999999432,0.1,-5.689893001203927e-15,0.0,16,1,199,78,84.90175016050335,71.76907061087533,32.281250000000135
208.19999999999246,211.64979999999258,0.09999999999999432,0.1,-5.689893001203927e-15,0.0,16,1,199,78,84.80175016050336,71.66907061087534,32.38125000000013
208.29999999999245,211.74979999999258,0.09999999999999432,0.1,-5.689893001203927e-15,0.0,16,1,198,78,84.70175016050335,71.56907061087534,32.48125000000013
208.39999999999245,211.84979999999257,0.09999999999999432,0.1,-5.689893001203927e-15,0.0,16,1,199,78,84.60175016050336,71.46907061087535,32.58125000000013
208.49999999999244,211.94979999999256,0.09999999999999432,0.1,-5.689893001203927e-15,0.0,16,1,198,78,84.50175016050336,71.36907061087535,32.681250000000134
208.59999999999243,212.04979999999256,0.09999999999999432,0.1,-5.689893001203927e-15,0.0,16,1,198,77,84.40175016050337,71.26907061087536,32.781250000000135
208.69999999999243,212.14979999999255,0.09999999999999432,0.1,-5.689893001203927e-15,0.0,16,1,199,77,84.30175016050336,71.16907061087537,32.88125000000013
208.79999999999242,212.24979999999255,0.09999999999999432,0.1,-5.689893001203927e-15,0.0,16,1,199,77,84.20175016050337,71.06907061087537,32.98125000000013
208.89999999999242,212.34979999999254,0.09999999999999432,0.1,-5.689893001203927e-15,0.0,16,1,202,77,84.10175016050337,70.96907061087538,33.08125000000013
208.9999999999924,212.44979999999254,0.09999999999999432,0.1,-5.689893001203927e-15,0.0,16,1,201,76,84.00175016050338,70.86907061087538,33.181250000000134
209.0999999999924,212.54979999999253,0.09999999999999432,0.1,-5.689893001203927e-15,0.0,16,1,202,76,83.90175016050337,70.76907061087539,33.281250000000135
209.1999999999924,212.64979999999252,0.09999999999999432,0.1,-5.689893001203927e-15,0.0,16,1,202,76,83.80175016050337,70.6690706108754,33.381250000000136
209.2999999999924,212.74979999999252,0.09999999999999432,0.1,-5.689893001203927e-15,0.0,16,1,202,75,83.70175016050338,70.5690706108754,33.48125000000013
209.3999999999924,212.8497999999925,0.09999999999999432,0.1,-5.689893001203927e-15,0.0,16,1,203,75,83.60175016050339,70.4690706108754,33.58125000000013
209.49999999999238,212.9497999999925,0.09999999999999432,0.1,-5.689893001203927e-15,0.0,16,1,204,75,83.50175016050338,70.36907061087541,33.681250000000134
209.59999999999238,213.0497999999925,0.09999999999999432,0.1,-5.689893001203927e-15,0.0,16,1,204,75,83.40175016050338,70.26907061087542,33.781250000000135
209.69999999999237,213.1497999999925,0.09999999999999432,0.1,-5.689893001203927e-15,0.0,16,1,203,75,83.30175016050339,70.16907061087542,33.881250000000136
209.79999999999237,213.2497999999925,0.09999999999999432,0.1,-5.689893001203927e-15,0.0,16,1,203,75,83.2017501605034,70.06907061087543,33.98125000000013
209.89999999999236,213.34979999999248,0.09999999999999432,0.1,-5.689893001203927e-15,0.0,16,1,203,75,83.10175016050339,69.96907061087543,34.08125000000013
209.99999999999235,213.44979999999248,0.09999999999999432,0.1,-5.689893001203927e-15,0.0,16,1,202,75,83.00175016050339,69.86907061087544,34.181250000000134
210.09999999999235,213.54979999999247,0.09999999999999432,0.1,-5.689893001203927e-15,0.0,16,1,202,74,82.9017501605034,69.76907061087545,34.281250000000135
210.19999999999234,213.64979999999247,0.09999999999999432,0.1,-5.689893001203927e-15,0.0,16,1,202,73,82.8017501605034,69.66907061087545,34.381250000000136
210.29999999999234,213.74979999999246,0.09999999999999432,0.1,-5.689893001203927e-15,0.0,16,1,202,73,82.66470992121542,69.56907061087546,34.48125000000013
210.39999999999233,213.91579999999246,0.16599999999999682,0.1,0.06599999999999681,0.0,16,1,199,73,86.65845992121542,82.2689941978208,34.58125000000013
210.49999999999233,214.01579999999245,0.09999999999999432,0.1,-5.689893001203927e-15,0.0,16,1,200,73,86.53425612622041,81.78173347790059,34.681250000000134
210.59999999999232,214.11579999999245,0.09999999999999432,0.1,-5.689893001203927e-15,0.0,16,1,201,71,86.39399729101682,81.03759211464288,34.781250000000135
210.69999999999231,214.21579999999244,0.09999999999999432,0.1,-5.689893001203927e-15,0.0,16,1,201,71,86.26871734594323,80.5331129934655,34.881250000000136
210.7999999999923,214.31579999999244,0.09999999999999432,0.1,-5.689893001203927e-15,0.0,16,1,200,71,86.16871734594324,80.4331129934655,34.98125000000014
210.8999999999923,214.41579999999243,0.09999999999999432,0.1,-5.689893001203927e-15,0.0,16,1,201,71,86.06871734594324,80.3331129934655,35.08125000000013
210.9999999999923,214.51579999999242,0.09999999999999432,0.1,-5.689893001203927e-15,0.0,16,1,201,71,85.96871734594323,80.23311299346551,35.181250000000134
211.0999999999923,214.61579999999242,0.09999999999999432,0.1,-5.689893001203927e-15,0.0,16,1,201,71,85.86871734594324,80.13311299346552,35.281250000000135
211.1999999999923,214.7157999999924,0.09999999999999432,0.1,-5.689893001203927e-15,0.0,16,1,202,72,85.76871734594324,80.03311299346552,35.381250000000136
211.29999999999228,214.8157999999924,0.09999999999999432,0.1,-5.689893001203927e-15,0.0,16,1,203,72,85.66871734594325,79.93311299346553,35.48125000000014
211.39999999999227,214.9157999999924,0.09999999999999432,0.1,-5.689893001203927e-15,0.0,16,1,203,72,85.56871734594324,79.83311299346553,35.58125000000013
211.49999999999227,215.0157999999924,0.09999999999999432,0.1,-5.689893001203927e-15,0.0,16,1,203,72,85.46871734594325,79.73311299346554,35.681250000000134
211.59999999999226,215.1157999999924,0.09999999999999432,0.1,-5.689893001203927e-15,0.0,16,1,203,72,85.36871734594325,79.63311299346555,35.781250000000135
211.69999999999226,215.21579999999238,0.09999999999999432,0.1,-5.689893001203927e-15,0.0,16,1,203,72,85.26871734594326,79.53311299346555,35.881250000000136
211.79999999999225,215.31579999999238,0.09999999999999432,0.1,-5.689893001203927e-15,0.0,16,1,203,72,85.16871734594326,79.43311299346556,35.98125000000014
211.89999999999225,215.41579999999237,0.09999999999999432,0.1,-5.689893001203927e-15,0.0,16,1,204,72,85.06871734594326,79.33311299346556,36.08125000000013
211.99999999999224,215.51579999999237,0.09999999999999432,0.1,-5.689893001203927e-15,0.0,16,1,204,72,84.96871734594326,79.23311299346557,36.181250000000134
212.09999999999224,215.61579999999236,0.09999999999999432,0.1,-5.689893001203927e-15,0.0,16,1,204,72,84.86871734594327,79.13311299346557,36.281250000000135
212.19999999999223,215.71579999999236,0.09999999999999432,0.1,-5.689893001203927e-15,0.0,16,1,204,71,84.76871734594327,79.03311299346558,36.381250000000136
212.29999999999222,215.81579999999235,0.09999999999999432,0.1,-5.689893001203927e-15,0.0,16,1,203,71,84.66871734594326,78.93311299346558,36.48125000000014
212.39999999999222,215.91579999999234,0.09999999999999432,0.1,-5.689893001203927e-15,0.0,16,1,202,71,84.56871734594327,78.83311299346559,36.58125000000014
212.4999999999922,216.01579999999234,0.09999999999999432,0.1,-5.689893001203927e-15,0.0,16,1,202,71,84.46871734594328,78.7331129934656,36.681250000000134
212.5999999999922,216.11579999999233,0.09999999999999432,0.1,-5.689893001203927e-15,0.0,16,1,202,70,84.36871734594328,78.6331129934656,36.781250000000135
212.6999999999922,216.21579999999233,0.09999999999999432,0.1,-5.689893001203927e-15,0.0,16,1,203,70,84.26871734594329,78.53311299346561,36.881250000000136
212.7999999999922,216.31579999999232,0.09999999999999432,0.1,-5.689893001203927e-15,0.0,16,1,203,71,84.16871734594328,78.43311299346561,36.98125000000014
212.8999999999922,216.41579999999232,0.09999999999999432,0.1,-5.689893001203927e-15,0.0,16,1,204,72,84.06871734594328,78.33311299346562,37.08125000000014
212.99999999999218,216.5157999999923,0.09999999999999432,0.1,-5.689893001203927e-15,0.0,16,1,204,72,83.96871734594329,78.23311299346562,37.181250000000134
213.09999999999218,216.6157999999923,0.09999999999999432,0.1,-5.689893001203927e-15,0.0,16,1,204,72,83.8687173459433,78.13311299346563,37.281250000000135
213.19999999999217,216.7157999999923,0.09999999999999432,0.1,-5.689893001203927e-15,0.0,16,1,204,72,83.76871734594329,78.03311299346564,37.381250000000136
213.29999999999217,216.8157999999923,0.09999999999999432,0.1,-5.689893001203927e-15,0.0,16,1,204,71,83.66871734594329,77.93311299346564,37.48125000000014
213.39999999999216,216.9157999999923,0.09999999999999432,0.1,-5.689893001203927e-15,0.0,16,1,203,72,83.5687173459433,77.83311299346565,37.58125000000014
213.49999999999216,217.01579999999228,0.09999999999999432,0.1,-5.689893001203927e-15,0.0,16,1,203,72,83.4185298459433,77.73311299346565,37.681250000000134
213.59999999999215,217.11579999999228,0.09999999999999432,0.1,-5.689893001203927e-15,0.0,16,1,203,72,83.26827984594331,77.63311299346566,37.781250000000135
213.69999999999214,217.21579999999227,0.09999999999999432,0.1,-5.689893001203927e-15,0.0,16,1,203,73,83.11796734594331,77.53311299346566,37.881250000000136
213.79999999999214,217.31579999999227,0.09999999999999432,0.1,-5.689893001203927e-15,0.0,16,1,203,74,82.96759234594332,77.43311299346567,37.98125000000014
213.89999999999213,217.41579999999226,0.09999999999999432,0.1,-5.689893001203927e-15,0.0,16,1,203,74,82.8171548459433,77.33311299346568,38.08125000000014
213.99999999999213,217.51579999999225,0.09999999999999432,0.1,-5.689893001203927e-15,0.0,16,1,202,74,82.66665484594331,77.23311299346568,38.18125000000014
214.09999999999212,217.61579999999225,0.09999999999999432,0.1,-5.689893001203927e-15,0.0,16,1,202,74,82.51609234594332,77.13311299346569,38.281250000000135
214.19999999999212,217.71579999999224,0.09999999999999432,0.1,-5.689893001203927e-15,0.0,16,1,201,74,82.36546734594332,77.03311299346569,38.381250000000136
214.2999999999921,217.81579999999224,0.09999999999999432,0.1,-5.689893001203927e-15,0.0,16,1,201,74,82.21477984594333,76.9331129934657,38.48125000000014
214.3999999999921,217.91579999999223,0.09999999999999432,0.1,-5.689893001203927e-15,0.0,16,1,200,74,82.06402984594332,76.8331129934657,38.58125000000014
214.4999999999921,218.01579999999223,0.09999999999999432,0.1,-5.689893001203927e-15,0.0,16,1,200,74,81.91321734594332,76.60858874942352,38.68125000000014
214.5999999999921,218.11579999999222,0.09999999999999432,0.1,-5.689893001203927e-15,0.0,16,1,199,74,81.76234234594334,75.69458874942353,38.78125000000014
214.6999999999921,218.2157999999922,0.09999999999999432,0.1,-5.689893001203927e-15,0.0,16,1,197,73,81.61140484594334,74.77958874942354,38.881250000000136
214.79999999999208,218.3157999999922,0.09999999999999432,0.1,-5.689893001203927e-15,0.0,16,1,195,73,81.46040484594334,73.86358874942354,38.98125000000014
214.89999999999208,218.4157999999922,0.09999999999999432,0.1,-5.689893001203927e-15,0.0,16,1,194,72,81.30934234594334,72.94658874942355,39.08125000000014
214.99999999999207,218.5157999999922,0.09999999999999432,0.1,-5.689893001203927e-15,0.0,16,1,194,72,81.15821734594334,72.02858874942356,39.18125000000014
215.09999999999206,218.6157999999922,0.09999999999999432,0.1,-5.689893001203927e-15,0.0,16,1,195,72,81.00702984594335,71.10958874942357,39.28125000000014
215.19999999999206,218.71579999999219,0.09999999999999432,0.1,-5.689893001203927e-15,0.0,16,1,195,72,80.85577984594335,70.18958874942358,39.38125000000014
215.29999999999205,218.81579999999218,0.09999999999999432,0.1,-5.689893001203927e-15,0.0,16,1,195,73,80.70446734594336,69.26858874942359,39.48125000000014
215.39999999999205,218.91579999999217,0.09999999999999432,0.1,-5.689893001203927e-15,0.0,16,1,195,74,80.55309234594336,68.34658874942359,39.58125000000014
215.49999999999204,219.01579999999217,0.09999999999999432,0.1,-5.689893001203927e-15,0.0,16,1,195,74,80.40165484594336,67.4235887494236,39.68125000000014
215.59999999999204,219.11579999999216,0.09999999999999432,0.1,-5.689893001203927e-15,0.0,16,1,195,75,80.25015484594336,66.49958874942361,39.78125000000014
215.69999999999203,219.21579999999216,0.09999999999999432,0.1,-5.689893001203927e-15,0.0,16,1,195,75,80.09859234594336,65.57458874942361,39.88125000000014
215.79999999999202,219.31579999999215,0.09999999999999432,0.1,-5.689893001203927e-15,0.0,16,1,195,75,79.94696734594336,64.64858874942362,39.981250000000145
215.89999999999202,219.41579999999215,0.09999999999999432,0.1,-5.689893001203927e-15,0.0,16,1,195,75,79.79527984594337,63.96907061087577,40.08125000000014
215.999999999992,219.51579999999214,0.09999999999999432,0.1,-5.689893001203927e-15,0.0,16,1,195,74,79.64352984594336,63.86907061087577,40.18125000000014
216.099999999992,219.61579999999213,0.09999999999999432,0.1,-5.689893001203927e-15,0.0,16,1,196,74,79.49171734594337,63.769070610875765,40.28125000000014
216.199999999992,219.71579999999213,0.09999999999999432,0.1,-5.689893001203927e-15,0.0,16,1,198,74,79.33984234594337,63.669070610875764,40.38125000000014
216.299999999992,219.81579999999212,0.09999999999999432,0.1,-5.689893001203927e-15,0.0,16,1,197,74,79.18790484594338,63.56907061087576,40.481250000000145
216.399999999992,219.91579999999212,0.09999999999999432,0.1,-5.689893001203927e-15,0.0,16,1,198,74,79.03590484594338,63.46907061087576,40.581250000000146
216.49999999999199,220.0157999999921,0.09999999999999432,0.1,-5.689893001203927e-15,0.0,16,1,198,74,78.88384234594338,63.36907061087576,40.68125000000015
216.59999999999198,220.1157999999921,0.09999999999999432,0.1,-5.689893001203927e-15,0.0,16,1,197,74,78.73171734594338,63.26907061087576,40.78125000000014
216.69999999999197,220.2157999999921,0.09999999999999432,0.1,-5.689893001203927e-15,0.0,16,1,196,75,78.57952984594338,63.16907061087576,40.88125000000014
216.79999999999197,220.3157999999921,0.09999999999999432,0.1,-5.689893001203927e-15,0.0,16,1,196,76,78.42727984594339,63.069070610875755,40.981250000000145
216.89999999999196,220.4157999999921,0.09999999999999432,0.1,-5.689893001203927e-15,0.0,16,1,196,76,78.27496734594338,62.969070610875754,41.081250000000146
216.99999999999196,220.51579999999208,0.09999999999999432,0.1,-5.689893001203927e-15,0.0,16,1,196,76,78.12259234594339,62.86907061087575,41.18125000000015
217.09999999999195,220.61579999999208,0.09999999999999432,0.1,-5.689893001203927e-15,0.0,16,1,196,76,77.97015484594338,62.76907061087575,41.28125000000015
217.19999999999195,220.71579999999207,0.09999999999999432,0.1,-5.689893001203927e-15,0.0,16,1,195,76,77.8176548459434,62.66907061087575,41.38125000000014
217.29999999999194,220.81579999999207,0.09999999999999432,0.1,-5.689893001203927e-15,0.0,16,1,196,76,77.66509234594339,62.56907061087575,41.481250000000145
217.39999999999193,220.91579999999206,0.09999999999999432,0.1,-5.689893001203927e-15,0.0,16,1,196,76,77.51246734594339,62.46907061087575,41.581250000000146
217.49999999999193,221.01579999999205,0.09999999999999432,0.1,-5.689893001203927e-15,0.0,16,1,195,76,77.3597798459434,62.369070610875745,41.68125000000015
217.59999999999192,221.11579999999205,0.09999999999999432,0.1,-5.689893001203927e-15,0.0,16,1,194,76,77.2070298459434,62.269070610875744,41.78125000000015
217.69999999999192,221.21579999999204,0.09999999999999432,0.1,-5.689893001203927e-15,0.0,16,1,194,76,77.0542173459434,62.16907061087574,41.88125000000015
217.7999999999919,221.31579999999204,0.09999999999999432,0.1,-5.689893001203927e-15,0.0,16,1,194,76,76.9013423459434,62.06907061087574,41.981250000000145
217.8999999999919,221.41579999999203,0.09999999999999432,0.1,-5.689893001203927e-15,0.0,16,1,194,76,76.74840484594341,61.96907061087574,42.081250000000146
217.9999999999919,221.51579999999203,0.09999999999999432,0.1,-5.689893001203927e-15,0.0,16,1,194,76,76.5954048459434,61.86907061087574,42.18125000000015
218.0999999999919,221.61579999999202,0.09999999999999432,0.1,-5.689893001203927e-15,0.0,16,1,195,76,76.44234234594342,61.76907061087574,42.28125000000015
218.1999999999919,221.71579999999202,0.09999999999999432,0.1,-5.689893001203927e-15,0.0,16,1,195,76,76.28921734594341,61.669070610875735,42.38125000000015
218.29999999999188,221.815799999992,0.09999999999999432,0.1,-5.689893001203927e-15,0.0,16,1,194,76,76.13602984594341,61.569070610875734,42.48125000000015
218.39999999999188,221.915799999992,0.09999999999999432,0.1,-5.689893001203927e-15,0.0,16,1,193,77,75.98277984594341,61.46907061087573,42.58125000000015
218.49999999999187,222.015799999992,0.09999999999999432,0.1,-5.689893001203927e-15,0.0,16,1,193,77,75.82946734594341,61.36907061087573,42.68125000000015
218.59999999999187,222.115799999992,0.09999999999999432,0.1,-5.689893001203927e-15,0.0,16,1,194,76,75.67609234594342,61.26907061087573,42.78125000000015
218.69999999999186,222.215799999992,0.09999999999999432,0.1,-5.689893001203927e-15,0.0,16,1,194,77,75.52265484594342,61.16907061087573,42.88125000000015
218.79999999999185,222.31579999999198,0.09999999999999432,0.1,-5.689893001203927e-15,0.0,16,1,194,77,75.36915484594343,61.06907061087573,42.98125000000015
218.89999999999185,222.41579999999198,0.09999999999999432,0.1,-5.689893001203927e-15,0.0,16,1,193,77,75.21559234594342,60.969070610875725,43.08125000000015
218.99999999999184,222.51579999999197,0.09999999999999432,0.1,-5.689893001203927e-15,0.0,16,1,193,76,75.06196734594343,60.869070610875724,43.181250000000155
219.09999999999184,222.61579999999196,0.09999999999999432,0.1,-5.689893001203927e-15,0.0,16,1,193,76,74.90827984594343,60.76907061087572,43.281250000000156
219.19999999999183,222.71579999999196,0.09999999999999432,0.1,-5.689893001203927e-15,0.0,16,1,194,76,74.75452984594344,60.66907061087572,43.38125000000015
219.29999999999183,222.81579999999195,0.09999999999999432,0.1,-5.689893001203927e-15,0.0,16,1,193,76,74.60071734594344,60.56907061087572,43.48125000000015
219.39999999999182,222.91579999999195,0.09999999999999432,0.1,-5.689893001203927e-15,0.0,16,1,194,76,74.44684234594344,60.46907061087572,43.58125000000015
219.49999999999181,223.01579999999194,0.09999999999999432,0.1,-5.689893001203927e-15,0.0,16,1,194,76,74.29290484594344,60.36907061087572,43.681250000000155
219.5999999999918,223.11579999999194,0.09999999999999432,0.1,-5.689893001203927e-15,0.0,16,1,193,75,74.13890484594344,60.269070610875715,43.781250000000156
219.6999999999918,223.21579999999193,0.09999999999999432,0.1,-5.689893001203927e-15,0.0,16,1,192,75,73.98484234594345,60.169070610875714,43.88125000000016
219.7999999999918,223.31579999999192,0.09999999999999432,0.1,-5.689893001203927e-15,0.0,16,1,192,75,73.83071734594344,60.06907061087571,43.98125000000016
219.8999999999918,223.41579999999192,0.09999999999999432,0.1,-5.689893001203927e-15,0.0,16,1,193,75,73.67652984594345,59.96907061087571,44.08125000000015
219.9999999999918,223.5157999999919,0.09999999999999432,0.1,-5.689893001203927e-15,0.0,16,1,192,75,73.52227984594344,59.86907061087571,44.181250000000155
220.09999999999178,223.6157999999919,0.09999999999999432,0.1,-5.689893001203927e-15,0.0,16,1,194,75,73.36796734594346,59.76907061087571,44.281250000000156
220.19999999999177,223.7157999999919,0.09999999999999432,0.1,-5.689893001203927e-15,0.0,16,1,194,74,73.21359234594345,59.66907061087571,44.38125000000016
220.29999999999177,223.8157999999919,0.09999999999999432,0.1,-5.689893001203927e-15,0.0,16,1,193,74,73.05915484594345,59.569070610875706,44.48125000000016
220.39999999999176,223.9157999999919,0.09999999999999432,0.1,-5.689893001203927e-15,0.0,16,1,192,74,72.90465484594345,59.469070610875704,44.58125000000016
220.49999999999176,224.01579999999188,0.09999999999999432,0.1,-5.689893001203927e-15,0.0,16,1,193,74,72.75009234594346,59.3690706108757,44.68125000000016
220.59999999999175,224.11579999999188,0.09999999999999432,0.1,-5.689893001203927e-15,0.0,16,1,194,74,72.59546734594346,59.2690706108757,44.78125000000016
220.69999999999175,224.21579999999187,0.09999999999999432,0.1,-5.689893001203927e-15,0.0,16,1,194,74,72.44077984594347,59.1690706108757,44.88125000000016
220.79999999999174,224.31579999999187,0.09999999999999432,0.1,-5.689893001203927e-15,0.0,16,1,195,74,72.28602984594346,59.0690706108757,44.98125000000016
220.89999999999173,224.41579999999186,0.09999999999999432,0.1,-5.689893001203927e-15,0.0,16,1,195,74,72.13121734594347,58.9690706108757,45.08125000000016
220.99999999999173,224.51579999999186,0.09999999999999432,0.1,-5.689893001203927e-15,0.0,16,1,195,74,71.97634234594346,58.869070610875696,45.18125000000016
221.09999999999172,224.61579999999185,0.09999999999999432,0.1,-5.689893001203927e-15,0.0,16,1,194,74,71.82140484594348,58.769070610875694,45.28125000000016
221.19999999999172,224.71579999999184,0.09999999999999432,0.1,-5.689893001203927e-15,0.0,16,1,195,74,71.66640484594348,58.66907061087569,45.381250000000165
221.2999999999917,224.81579999999184,0.09999999999999432,0.1,-5.689893001203927e-15,0.0,16,1,195,73,71.51134234594348,58.56907061087569,45.481250000000166
221.3999999999917,224.91579999999183,0.09999999999999432,0.1,-5.689893001203927e-15,0.0,16,1,195,73,71.35621734594348,58.46907061087569,45.58125000000017
221.4999999999917,225.01579999999183,0.09999999999999432,0.1,-5.689893001203927e-15,0.0,16,1,195,73,71.20102984594348,58.36907061087569,45.68125000000016
221.5999999999917,225.11579999999182,0.09999999999999432,0.1,-5.689893001203927e-15,0.0,16,1,194,73,71.04577984594349,58.26907061087569,45.78125000000016
221.6999999999917,225.21579999999182,0.09999999999999432,0.1,-5.689893001203927e-15,0.0,16,1,194,73,70.89046734594349,58.169070610875686,45.881250000000165
221.79999999999168,225.3157999999918,0.09999999999999432,0.1,-5.689893001203927e-15,0.0,16,1,194,73,70.73509234594349,58.069070610875684,45.981250000000166
221.89999999999168,225.4157999999918,0.09999999999999432,0.1,-5.689893001203927e-15,0.0,16,1,194,73,70.5796548459435,57.96907061087568,46.08125000000017
221.99999999999167,225.5157999999918,0.09999999999999432,0.1,-5.689893001203927e-15,0.0,16,1,193,74,70.42415484594349,57.86907061087568,46.18125000000017
222.09999999999167,225.6157999999918,0.09999999999999432,0.1,-5.689893001203927e-15,0.0,16,1,193,74,70.26859234594349,57.76907061087568,46.28125000000017
222.19999999999166,225.7157999999918,0.09999999999999432,0.1,-5.689893001203927e-15,0.0,16,1,193,75,70.1129673459435,57.66907061087568,46.381250000000165
222.29999999999166,225.81579999999178,0.09999999999999432,0.1,-5.689893001203927e-15,0.0,16,1,194,74,69.9572798459435,57.56907061087568,46.481250000000166
222.39999999999165,225.91579999999178,0.09999999999999432,0.1,-5.689893001203927e-15,0.0,16,1,194,74,69.8015298459435,57.469070610875676,46.58125000000017
222.49999999999164,226.01579999999177,0.09999999999999432,0.1,-5.689893001203927e-15,0.0,16,1,195,74,69.64571734594351,57.369070610875674,46.68125000000017
222.59999999999164,226.11579999999176,0.09999999999999432,0.1,-5.689893001203927e-15,0.0,16,1,196,74,69.4898423459435,57.26907061087567,46.78125000000017
222.69999999999163,226.21579999999176,0.09999999999999432,0.1,-5.689893001203927e-15,0.0,15,1,196,74,74.07352591904481,57.16907061087567,44.033333333333566
222.79999999999163,226.31579999999175,0.09999999999999432,0.1,-5.689893001203927e-15,0.0,15,1,195,74,73.9735259190448,57.06907061087567,44.13333333333357
222.89999999999162,226.41579999999175,0.09999999999999432,0.1,-5.689893001203927e-15,0.0,15,1,195,74,73.87352591904481,56.96907061087567,44.233333333333576
222.99999999999162,226.51579999999174,0.09999999999999432,0.1,-5.689893001203927e-15,0.0,15,1,196,74,73.77352591904483,56.86907061087567,44.33333333333358
223.0999999999916,226.61579999999174,0.09999999999999432,0.1,-5.689893001203927e-15,0.0,15,1,196,74,73.67352591904482,56.769070610875666,44.43333333333358
223.1999999999916,226.71579999999173,0.09999999999999432,0.1,-5.689893001203927e-15,0.0,15,1,198,74,73.57352591904483,56.669070610875664,44.53333333333357
223.2999999999916,226.81579999999173,0.09999999999999432,0.1,-5.689893001203927e-15,0.0,15,1,197,74,73.47352591904482,56.56907061087566,44.633333333333574
223.3999999999916,226.91579999999172,0.09999999999999432,0.1,-5.689893001203927e-15,0.0,15,1,199,74,73.37352591904482,56.46907061087566,44.733333333333576
223.4999999999916,227.0157999999917,0.09999999999999432,0.1,-5.689893001203927e-15,0.0,15,1,199,74,73.27352591904483,56.36907061087566,44.83333333333358
223.59999999999158,227.1157999999917,0.09999999999999432,0.1,-5.689893001203927e-15,0.0,15,1,199,74,73.17352591904482,56.26907061087566,44.93333333333358
223.69999999999158,227.2157999999917,0.09999999999999432,0.1,-5.689893001203927e-15,0.0,15,1,199,75,73.07352591904483,56.16907061087566,45.03333333333357
223.79999999999157,227.3157999999917,0.09999999999999432,0.1,-5.689893001203927e-15,0.0,15,1,199,75,72.97352591904483,56.069070610875656,45.13333333333358
223.89999999999156,227.4157999999917,0.09999999999999432,0.1,-5.689893001203927e-15,0.0,15,1,198,75,72.87352591904484,55.969070610875654,45.23333333333358
223.99999999999156,227.51579999999169,0.09999999999999432,0.1,-5.689893001203927e-15,0.0,15,1,198,74,72.77352591904484,55.86907061087565,45.333333333333584
224.09999999999155,227.61579999999168,0.09999999999999432,0.1,-5.689893001203927e-15,0.0,15,1,199,73,72.67352591904483,55.76907061087565,45.433333333333586
224.19999999999155,227.71579999999167,0.09999999999999432,0.1,-5.689893001203927e-15,0.0,15,1,200,73,72.57352591904484,55.66907061087565,45.53333333333358
224.29999999999154,227.81579999999167,0.09999999999999432,0.1,-5.689893001203927e-15,0.0,15,1,202,73,72.47352591904483,55.56907061087565,45.63333333333358
224.39999999999154,227.91579999999166,0.09999999999999432,0.1,-5.689893001203927e-15,0.0,15,1,204,73,72.37352591904484,55.46907061087565,45.73333333333358
224.49999999999153,228.01579999999166,0.09999999999999432,0.1,-5.689893001203927e-15,0.0,15,1,204,73,72.27352591904484,55.369070610875646,45.83333333333359
224.59999999999152,228.11579999999165,0.09999999999999432,0.1,-5.689893001203927e-15,0.0,15,1,205,73,72.17352591904485,55.269070610875644,45.93333333333359
224.69999999999152,228.21579999999165,0.09999999999999432,0.1,-5.689893001203927e-15,0.0,15,1,205,73,72.07352591904485,55.16907061087564,46.033333333333594
224.7999999999915,228.31579999999164,0.09999999999999432,0.1,-5.689893001203927e-15,0.0,15,1,204,73,71.97352591904486,55.06907061087564,46.13333333333359
224.8999999999915,228.41579999999163,0.09999999999999432,0.1,-5.689893001203927e-15,0.0,15,1,204,73,71.87352591904485,54.96907061087564,46.23333333333359
224.9999999999915,228.51579999999163,0.09999999999999432,0.1,-5.689893001203927e-15,0.0,15,1,203,74,71.77352591904486,54.86907061087564,46.33333333333359
225.0999999999915,228.61579999999162,0.09999999999999432,0.1,-5.689893001203927e-15,0.0,15,1,202,74,71.67352591904485,54.76907061087564,46.43333333333359
225.1999999999915,228.71579999999162,0.09999999999999432,0.1,-5.689893001203927e-15,0.0,15,1,202,74,71.57352591904485,54.669070610875636,46.533333333333594
225.29999999999148,228.8157999999916,0.09999999999999432,0.1,-5.689893001203927e-15,0.0,15,1,202,74,71.47352591904486,54.569070610875634,46.63333333333359
225.39999999999148,228.9157999999916,0.09999999999999432,0.1,-5.689893001203927e-15,0.0,15,1,203,74,71.37352591904487,54.46907061087563,46.7333333333336
225.49999999999147,229.0157999999916,0.09999999999999432,0.1,-5.689893001203927e-15,0.0,15,1,204,74,71.27352591904487,54.36907061087563,46.8333333333336
225.59999999999147,229.1157999999916,0.09999999999999432,0.1,-5.689893001203927e-15,0.0,15,1,204,74,71.17352591904486,54.26907061087563,46.9333333333336
225.69999999999146,229.2157999999916,0.09999999999999432,0.1,-5.689893001203927e-15,0.0,15,1,205,73,71.07352591904487,54.16907061087563,47.0333333333336
225.79999999999146,229.31579999999158,0.09999999999999432,0.1,-5.689893001203927e-15,0.0,15,1,205,73,70.97352591904487,54.06907061087563,47.133333333333596
225.89999999999145,229.41579999999158,0.09999999999999432,0.1,-5.689893001203927e-15,0.0,15,1,205,74,70.87352591904487,53.969070610875626,47.2333333333336
225.99999999999145,229.51579999999157,0.09999999999999432,0.1,-5.689893001203927e-15,0.0,15,1,206,73,70.77352591904487,53.869070610875625,47.3333333333336
226.09999999999144,229.61579999999157,0.09999999999999432,0.1,-5.689893001203927e-15,0.0,15,1,206,72,70.67352591904488,53.76907061087562,47.43333333333361
226.19999999999143,229.71579999999156,0.09999999999999432,0.1,-5.689893001203927e-15,0.0,15,1,206,72,70.57352591904488,53.66907061087562,47.53333333333361
226.29999999999143,229.81579999999155,0.09999999999999432,0.1,-5.689893001203927e-15,0.0,15,1,206,72,70.47352591904489,53.56907061087562,47.6333333333336
226.39999999999142,229.91579999999155,0.09999999999999432,0.1,-5.689893001203927e-15,0.0,15,1,206,72,70.37352591904488,53.46907061087562,47.733333333333604
226.49999999999142,230.01579999999154,0.09999999999999432,0.1,-5.689893001203927e-15,0.0,15,1,206,71,70.27352591904489,53.36907061087562,47.833333333333606
226.5999999999914,230.11579999999154,0.09999999999999432,0.1,-5.689893001203927e-15,0.0,15,1,205,71,70.17352591904488,53.269070610875616,47.93333333333361
226.6999999999914,230.21579999999153,0.09999999999999432,0.1,-5.689893001203927e-15,0.0,15,1,204,71,70.07352591904488,53.169070610875615,48.03333333333361
226.7999999999914,230.31579999999153,0.09999999999999432,0.1,-5.689893001203927e-15,0.0,15,1,204,71,69.97352591904489,53.06907061087561,48.1333333333336
226.8999999999914,230.41579999999152,0.09999999999999432,0.1,-5.689893001203927e-15,0.0,15,1,204,71,69.8735259190449,52.96907061087561,48.233333333333604
226.9999999999914,230.51579999999151,0.09999999999999432,0.1,-5.689893001203927e-15,0.0,15,1,204,71,69.7735259190449,52.86907061087561,48.33333333333361
227.09999999999138,230.6157999999915,0.09999999999999432,0.1,-5.689893001203927e-15,0.0,15,1,204,71,69.6735259190449,52.76907061087561,48.433333333333614
227.19999999999138,230.7157999999915,0.09999999999999432,0.1,-5.689893001203927e-15,0.0,15,1,204,71,69.5735259190449,52.66907061087561,48.533333333333616
227.29999999999137,230.8157999999915,0.09999999999999432,0.1,-5.689893001203927e-15,0.0,15,1,204,70,69.4735259190449,52.569070610875606,48.63333333333362
227.39999999999137,230.9157999999915,0.09999999999999432,0.1,-5.689893001203927e-15,0.0,15,1,203,70,69.3735259190449,52.469070610875605,48.73333333333361
227.49999999999136,231.0157999999915,0.09999999999999432,0.1,-5.689893001203927e-15,0.0,15,1,202,71,69.0975004864371,51.84863375487447,48.83333333333361
227.59999999999135,231.17579999999148,0.1599999999999966,0.1,0.059999999999996584,0.0,15,1,200,71,72.83083381977046,63.633112993466426,48.933333333333614
227.69999999999135,231.33579999999148,0.1599999999999966,0.1,0.059999999999996584,0.0,15,1,198,71,76.54643142469703,63.533112993466425,49.03333333333362
227.79999999999134,231.49579999999148,0.1599999999999966,0.1,0.059999999999996584,0.0,16,1,197,72,73.62255174509654,74.9,46.068750000000264
227.89999999999134,231.59579999999147,0.09999999999999432,0.1,-5.689893001203927e-15,0.0,16,1,198,72,73.27548859181802,74.10012437465036,46.168750000000266
227.99999999999133,231.69579999999146,0.09999999999999432,0.1,-5.689893001203927e-15,0.0,16,1,198,72,72.9666911898624,73.50012437465037,46.26875000000027
228.09999999999133,231.79579999999146,0.09999999999999432,0.1,-5.689893001203927e-15,0.0,16,1,197,72,72.6791911898624,72.90012437465037,46.36875000000027
228.19999999999132,231.95579999999146,0.1599999999999966,0.1,0.059999999999996584,0.0,16,1,197,72,76.14169118986243,89.2940889801189,46.46875000000027
228.29999999999131,232.05579999999145,0.09999999999999432,0.1,-5.689893001203927e-15,0.0,16,1,197,72,75.84603756293706,89.1940889801189,46.56875000000027
228.3999999999913,232.15579999999144,0.09999999999999432,0.1,-5.689893001203927e-15,0.0,16,1,195,72,75.55751424338224,89.09408898011891,46.66875000000027
228.4999999999913,232.25579999999144,0.09999999999999432,0.1,-5.689893001203927e-15,0.0,16,1,194,72,75.27001424338225,88.99408898011892,46.768750000000274
228.5999999999913,232.35579999999143,0.09999999999999432,0.1,-5.689893001203927e-15,0.0,16,1,194,72,74.95307360926888,88.89408898011892,46.868750000000276
228.6999999999913,232.45579999999143,0.09999999999999432,0.1,-5.689893001203927e-15,0.0,16,1,194,72,74.6615947356916,88.79408898011893,46.96875000000028
228.7999999999913,232.61579999999142,0.1599999999999966,0.1,0.059999999999996584,0.0,16,1,192,72,78.11833405958565,88.69408898011893,47.06875000000028
228.89999999999128,232.71579999999142,0.09999999999999432,0.1,-5.689893001203927e-15,0.0,17,1,191,72,71.76718429876578,67.83062312126413,44.40000000000026
228.99999999999127,232.8157999999914,0.09999999999999432,0.1,-5.689893001203927e-15,0.0,17,1,193,72,71.44075958525964,67.23062312126413,44.50000000000026
229.09999999999127,232.9157999999914,0.09999999999999432,0.1,-5.689893001203927e-15,0.0,17,1,194,72,71.11486367682188,66.56696114402737,44.600000000000264
229.19999999999126,233.0157999999914,0.09999999999999432,0.1,-5.689893001203927e-15,0.0,17,1,195,72,70.78616527171147,65.89927550393253,44.700000000000266
229.29999999999126,233.1157999999914,0.09999999999999432,0.1,-5.689893001203927e-15,0.0,17,1,196,72,70.46104499773082,65.23561352669577,44.80000000000026
229.39999999999125,233.2157999999914,0.09999999999999432,0.1,-5.689893001203927e-15,0.0,17,1,197,72,70.04476476417803,64.56735640030374,44.90000000000026
229.49999999999125,233.31579999999138,0.09999999999999432,0.1,-5.689893001203927e-15,0.0,17,1,197,71,69.62142125288298,63.967356400303736,45.00000000000027
229.59999999999124,233.41579999999138,0.09999999999999432,0.1,-5.689893001203927e-15,0.0,16,1,197,71,73.53826431546024,70.64612171950411,44.89375000000026
229.69999999999123,233.51579999999137,0.09999999999999432,0.1,-5.689893001203927e-15,0.0,16,1,197,71,73.18826408398832,70.04612171950411,44.993750000000254
229.79999999999123,233.61579999999137,0.09999999999999432,0.1,-5.689893001203927e-15,0.0,16,1,196,70,72.83826376095992,69.44612171950412,45.093750000000256
229.89999999999122,233.71579999999136,0.09999999999999432,0.1,-5.689893001203927e-15,0.0,16,1,195,69,72.48826330580566,68.84612171950413,45.19375000000026
229.99999999999122,233.81579999999136,0.09999999999999432,0.1,-5.689893001203927e-15,0.0,16,1,195,69,72.13826265791357,68.24612171950413,45.29375000000026
230.0999999999912,233.91579999999135,0.09999999999999432,0.1,-5.689893001203927e-15,0.0,16,1,195,69,71.78826172563218,67.64612171950414,45.39375000000026
230.1999999999912,232.1714751974826,-1.7443248025087428,0.1,1.3322676295501878e-15,1.8443248025087442,14,1,195,69,68.46846946599179,61.03311299346639,45.91428571428596
230.2999999999912,232.3216751974826,0.1501999999999839,0.1,0.050199999999983896,0.0,14,1,194,69,71.73989803742037,60.93311299346639,46.01428571428596
230.3999999999912,232.42167519748259,0.09999999999999432,0.1,-5.689893001203927e-15,0.0,14,1,194,69,71.4385680724835,60.833112993466386,46.11428571428596
230.4999999999912,232.58167519748258,0.1599999999999966,0.1,0.059999999999996584,0.0,14,1,192,68,75.3996034792345,60.733112993466385,46.214285714285964
230.59999999999118,232.68167519748258,0.09999999999999432,0.1,-5.689893001203927e-15,0.0,15,1,192,69,68.4071443735368,60.63311299346638,43.23333333333357
230.69999999999118,232.78167519748257,0.09999999999999432,0.1,-5.689893001203927e-15,0.0,15,1,191,69,68.16372601956004,60.53311299346638,43.33333333333357
230.79999999999117,232.88167519748256,0.09999999999999432,0.1,-5.689893001203927e-15,0.0,15,1,190,69,67.99459859781955,60.43311299346638,43.43333333333357
230.89999999999117,232.98167519748256,0.09999999999999432,0.1,-5.689893001203927e-15,0.0,15,1,190,69,67.82525646363686,60.33311299346638,43.533333333333566
230.99999999999116,233.08167519748255,0.09999999999999432,0.1,-5.689893001203927e-15,0.0,15,1,191,69,67.65805038871919,60.23311299346638,43.63333333333357
231.09999999999116,233.18167519748255,0.09999999999999432,0.1,-5.689893001203927e-15,0.0,15,1,193,69,67.49069394900792,60.133112993466376,43.73333333333357
231.19999999999115,233.28167519748254,0.09999999999999432,0.1,-5.689893001203927e-15,0.0,15,1,193,69,67.28542516463182,60.033112993466375,43.83333333333357
231.29999999999114,233.38167519748254,0.09999999999999432,0.1,-5.689893001203927e-15,0.0,15,1,195,69,67.08364262617151,59.93311299346637,43.93333333333357
231.39999999999114,233.48167519748253,0.09999999999999432,0.1,-5.689893001203927e-15,0.0,15,1,195,69,66.88226572426726,59.83311299346637,44.033333333333566
231.49999999999113,233.58167519748253,0.09999999999999432,0.1,-5.689893001203927e-15,0.0,15,1,196,69,66.68044482535564,59.73311299346637,44.13333333333357
231.59999999999113,233.68167519748252,0.09999999999999432,0.1,-5.689893001203927e-15,0.0,15,1,196,69,66.4797439306056,59.63311299346637,44.23333333333357
231.69999999999112,233.7816751974825,0.09999999999999432,0.1,-5.689893001203927e-15,0.0,15,1,195,70,66.27878036513205,59.53311299346637,44.33333333333357
231.79999999999112,233.8816751974825,0.09999999999999432,0.1,-5.689893001203927e-15,0.0,15,1,194,70,66.07317637393994,59.433112993466366,44.43333333333357
231.8999999999911,233.9816751974825,0.09999999999999432,0.1,-5.689893001203927e-15,0.0,15,1,193,70,65.86987902914618,59.333112993466365,44.533333333333566
231.9999999999911,234.0816751974825,0.09999999999999432,0.1,-5.689893001203927e-15,0.0,15,1,193,70,65.66838055231015,59.233112993466364,44.63333333333357
232.0999999999911,234.1816751974825,0.09999999999999432,0.1,-5.689893001203927e-15,0.0,15,1,193,70,65.46722672648202,59.13311299346636,44.73333333333357
232.1999999999911,234.28167519748249,0.09999999999999432,0.1,-5.689893001203927e-15,0.0,15,1,193,70,65.2665615580672,59.03311299346636,44.83333333333357
232.2999999999911,234.38167519748248,0.09999999999999432,0.1,-5.689893001203927e-15,0.0,15,1,193,70,65.06584601243348,58.93311299346636,44.93333333333357
232.39999999999108,234.48167519748247,0.09999999999999432,0.1,-5.689893001203927e-15,0.0,15,1,193,69,64.86507906124875,58.83311299346636,45.033333333333566
232.49999999999108,234.58167519748247,0.09999999999999432,0.1,-5.689893001203927e-15,0.0,15,1,193,70,64.66116838764076,58.73311299346636,45.13333333333357
232.59999999999107,234.74167519748246,0.1599999999999966,0.1,0.059999999999996584,0.0,15,1,193,70,68.23645789975266,62.51553462317244,45.23333333333357
232.69999999999106,234.84167519748246,0.09999999999999432,0.1,-5.689893001203927e-15,0.0,15,1,193,70,67.70932539708332,61.87397629466402,45.33333333333357
232.79999999999106,235.00167519748246,0.1599999999999966,0.1,0.059999999999996584,0.0,15,1,192,69,71.27584370401014,61.21029297275667,45.43333333333357
232.89999999999105,235.12427519748246,0.1226000000000056,0.1,0.022600000000005588,0.0,15,2,191,70,72.33526717831552,60.53966199771501,45.533333333333566
232.99999999999105,235.22427519748246,0.09999999999999432,0.1,-5.689893001203927e-15,0.0,15,2,191,70,71.8875245258765,59.878663212225824,45.63333333333357
233.09999999999104,235.37627519748244,0.1519999999999868,0.1,0.05199999999998681,0.0,15,2,191,70,74.91920334747947,59.27551172726811,45.73333333333357
233.19999999999104,235.53627519748244,0.1599999999999966,0.1,0.059999999999996584,0.0,15,2,190,71,78.50837810822163,58.653595046974765,45.83333333333357
233.29999999999103,235.63627519748243,0.09999999999999432,0.1,-5.689893001203927e-15,0.0,16,2,190,71,71.62752371935133,58.61221355506432,43.06875000000022
233.39999999999102,235.73627519748243,0.09999999999999432,0.1,-5.689893001203927e-15,0.0,16,2,190,72,71.2356503611455,58.01221355506432,43.16875000000022
233.49999999999102,235.83627519748242,0.09999999999999432,0.1,-5.689893001203927e-15,0.0,16,2,190,72,70.559262539003,57.41221355506432,43.268750000000225
233.599999999991,235.99627519748242,0.1599999999999966,0.1,0.059999999999996584,0.0,16,2,189,72,73.97883215863496,72.84284520689013,43.368750000000226
233.699999999991,236.0962751974824,0.09999999999999432,0.1,-5.689893001203927e-15,0.0,16,2,190,72,73.66226174411429,72.30357055945262,43.46875000000022
233.799999999991,234.9012178929402,-1.1950573045422175,0.1,8.43769498715119e-15,1.295057304542226,15,2,190,72,69.64903045541645,54.917073118070725,44.340000000000224
233.899999999991,235.0012178929402,0.09999999999999432,0.1,-5.689893001203927e-15,0.0,15,2,190,72,69.40343045541644,54.317073118070724,44.44000000000022
233.999999999991,235.10121789294018,0.09999999999999432,0.1,-5.689893001203927e-15,0.0,15,2,191,72,69.15776378874979,53.72258450426689,44.54000000000022
234.09999999999098,235.20121789294018,0.09999999999999432,0.1,-5.689893001203927e-15,0.0,15,2,192,72,68.91203045541646,53.62258450426689,44.64000000000022
234.19999999999098,235.30121789294017,0.09999999999999432,0.1,-5.689893001203927e-15,0.0,15,2,192,73,68.67424374458457,53.52258450426689,44.74000000000022
234.29999999999097,235.40121789294017,0.09999999999999432,0.1,-5.689893001203927e-15,0.0,15,2,192,73,68.46171041125125,53.42258450426689,44.840000000000224
234.39999999999097,235.56121789294016,0.1599999999999966,0.1,0.059999999999996584,0.0,15,2,193,73,72.24911041125127,53.322584504266885,44.94000000000022
234.49999999999096,235.66121789294016,0.09999999999999432,0.1,-5.689893001203927e-15,0.0,16,2,193,73,65.96143713697076,56.51505999625572,42.2312500000002
234.59999999999096,235.76121789294015,0.09999999999999432,0.1,-5.689893001203927e-15,0.0,16,2,193,73,65.71822212387404,55.85192912786345,42.3312500000002
234.69999999999095,235.86121789294015,0.09999999999999432,0.1,-5.689893001203927e-15,0.0,16,2,192,72,65.48122212387405,55.25192912786345,42.431250000000205
234.79999999999094,235.96121789294014,0.09999999999999432,0.1,-5.689893001203927e-15,0.0,16,2,191,72,65.24415962387404,54.65192912786345,42.5312500000002
234.89999999999094,236.06121789294014,0.09999999999999432,0.1,-5.689893001203927e-15,0.0,16,2,191,72,65.00703462387405,54.051929127863446,42.6312500000002
234.99999999999093,236.16121789294013,0.09999999999999432,0.1,-5.689893001203927e-15,0.0,16,2,190,72,64.76984712387404,53.451929127863444,42.731250000000195
235.09999999999093,236.26121789294012,0.09999999999999432,0.1,-5.689893001203927e-15,0.0,16,2,190,72,64.53259712387404,52.85192912786344,42.831250000000196
235.19999999999092,236.36121789294012,0.09999999999999432,0.1,-5.689893001203927e-15,0.0,16,2,190,72,64.29528462387405,52.522584504266874,42.9312500000002
235.29999999999092,236.4612178929401,0.09999999999999432,0.1,-5.689893001203927e-15,0.0,16,2,189,73,64.05790962387405,52.42258450426687,43.03125000000019
235.3999999999909,236.5612178929401,0.09999999999999432,0.1,-5.689893001203927e-15,0.0,16,2,188,72,63.820472123874055,52.32258450426687,43.13125000000019
235.4999999999909,236.6612178929401,0.09999999999999432,0.1,-5.689893001203927e-15,0.0,16,2,189,72,63.58535619914943,52.22258450426687,43.23125000000019
235.5999999999909,236.7612178929401,0.09999999999999432,0.1,-5.689893001203927e-15,0.0,16,2,189,72,63.379043699149435,52.12258450426687,43.33125000000019
235.6999999999909,236.8612178929401,0.09999999999999432,0.1,-5.689893001203927e-15,0.0,16,2,189,70,63.17266869914943,52.02258450426687,43.43125000000018
235.7999999999909,236.96121789294008,0.09999999999999432,0.1,-5.689893001203927e-15,0.0,16,2,189,71,62.96623119914943,51.922584504266865,43.531250000000185
235.89999999999088,237.06121789294008,0.09999999999999432,0.1,-5.689893001203927e-15,0.0,16,2,191,71,62.759731199149435,51.822584504266864,43.63125000000018
235.99999999999088,237.16121789294007,0.09999999999999432,0.1,-5.689893001203927e-15,0.0,16,2,191,71,62.55316869914944,51.72258450426686,43.73125000000018
236.09999999999087,237.26121789294007,0.09999999999999432,0.1,-5.689893001203927e-15,0.0,16,2,190,71,62.34654369914944,51.62258450426686,43.83125000000018
236.19999999999087,237.36121789294006,0.09999999999999432,0.1,-5.689893001203927e-15,0.0,16,2,188,71,62.161748269025615,51.52258450426686,43.931250000000176
236.29999999999086,237.52121789294006,0.1599999999999966,0.1,0.059999999999996584,0.0,16,2,188,72,65.73624826902564,64.91296377686355,44.03125000000018
236.39999999999085,237.62121789294005,0.09999999999999432,0.1,-5.689893001203927e-15,0.0,16,2,185,72,65.56068576902564,64.81296377686355,44.13125000000017
236.49999999999085,237.72121789294005,0.09999999999999432,0.1,-5.689893001203927e-15,0.0,16,2,185,72,65.38388332792624,64.71296377686356,44.23125000000017
236.59999999999084,237.82121789294004,0.09999999999999432,0.1,-5.689893001203927e-15,0.0,16,2,183,72,65.20819582792625,64.61296377686357,44.33125000000017
236.69999999999084,237.92121789294004,0.09999999999999432,0.1,-5.689893001203927e-15,0.0,16,2,181,72,65.03244582792624,64.51296377686357,44.43125000000017
236.79999999999083,238.02121789294003,0.09999999999999432,0.1,-5.689893001203927e-15,0.0,16,2,182,73,64.85663332792625,64.41296377686358,44.53125000000016
236.89999999999083,238.12121789294002,0.09999999999999432,0.1,-5.689893001203927e-15,0.0,16,2,181,73,64.68075832792626,64.31296377686358,44.631250000000165
236.99999999999082,238.22121789294002,0.09999999999999432,0.1,-5.689893001203927e-15,0.0,16,2,182,73,64.50482082792625,64.21296377686359,44.731250000000166
237.0999999999908,238.32121789294,0.09999999999999432,0.1,-5.689893001203927e-15,0.0,16,2,182,73,64.32882082792625,64.1129637768636,44.83125000000016
237.1999999999908,238.42121789294,0.09999999999999432,0.1,-5.689893001203927e-15,0.0,16,2,184,73,64.15275832792625,64.0129637768636,44.93125000000016
237.2999999999908,238.52121789294,0.09999999999999432,0.1,-5.689893001203927e-15,0.0,16,2,183,73,63.94501908788589,63.9129637768636,45.031250000000156
237.3999999999908,238.62121789294,0.09999999999999432,0.1,-5.689893001203927e-15,0.0,16,2,184,73,63.73733876119231,63.8129637768636,45.13125000000016
237.4999999999908,238.72121789294,0.09999999999999432,0.1,-5.689893001203927e-15,0.0,16,2,184,72,63.52941639713002,63.712963776863596,45.23125000000015
237.59999999999079,238.82121789293998,0.09999999999999432,0.1,-5.689893001203927e-15,0.0,16,2,183,73,63.32145722177971,63.612963776863594,45.33125000000015
237.69999999999078,238.92121789293998,0.09999999999999432,0.1,-5.689893001203927e-15,0.0,16,2,182,73,63.113439062429244,63.51296377686359,45.43125000000015
237.79999999999077,239.02121789293997,0.09999999999999432,0.1,-5.689893001203927e-15,0.0,16,2,182,72,62.905354159656156,63.41296377686359,45.53125000000015
237.89999999999077,239.12121789293997,0.09999999999999432,0.1,-5.689893001203927e-15,0.0,16,2,182,72,62.69720066435216,63.31296377686359,45.63125000000014
237.99999999999076,239.22121789293996,0.09999999999999432,0.1,-5.689893001203927e-15,0.0,16,2,182,72,62.44896801307355,63.21296377686359,45.731250000000145
238.09999999999076,239.32121789293996,0.09999999999999432,0.1,-5.689893001203927e-15,0.0,16,2,182,71,62.2088118691779,63.11296377686359,45.831250000000146
238.19999999999075,239.42121789293995,0.09999999999999432,0.1,-5.689893001203927e-15,0.0,16,2,182,71,61.89958623394254,63.012963776863586,45.93125000000014
238.29999999999075,239.52121789293994,0.09999999999999432,0.1,-5.689893001203927e-15,0.0,16,2,182,71,61.59474749961908,62.912963776863585,46.03125000000014
238.39999999999074,239.68121789293994,0.1599999999999966,0.1,0.059999999999996584,0.0,16,2,180,71,65.05529708669127,62.81296377686358,46.131250000000136
238.49999999999073,239.81361789293993,0.13239999999998986,0.1,0.032399999999989854,0.0,16,2,180,71,66.80166177476687,62.71296377686358,46.23125000000014
238.59999999999073,239.97221789293994,0.15860000000000696,0.1,0.05860000000000695,0.0,17,2,179,71,64.58255273513538,62.61296377686358,43.61176470588248
238.69999999999072,240.07221789293993,0.09999999999999432,0.1,-5.689893001203927e-15,0.0,17,2,178,71,64.26751795244009,62.51296377686358,43.71176470588247
238.79999999999072,240.17221789293993,0.09999999999999432,0.1,-5.689893001203927e-15,0.0,17,2,179,71,63.9308661953644,62.41296377686358,43.811764705882474
238.8999999999907,240.29221789293993,0.12000000000000455,0.1,0.020000000000004542,0.0,17,2,178,71,64.81398384242323,62.312963776863576,43.911764705882476
238.9999999999907,240.39221789293993,0.09999999999999432,0.1,-5.689893001203927e-15,0.0,18,2,178,71,59.50224376886209,62.212963776863575,41.57222222222234
239.0999999999907,240.49221789293992,0.09999999999999432,0.1,-5.689893001203927e-15,0.0,18,2,178,70,59.135120786084585,62.11296377686357,41.67222222222233
239.1999999999907,240.5922178929399,0.09999999999999432,0.1,-5.689893001203927e-15,0.0,18,2,178,70,58.82439856386236,62.01296377686357,41.77222222222233
239.2999999999907,240.6922178929399,0.09999999999999432,0.1,-5.689893001203927e-15,0.0,18,2,178,70,58.55149199502963,61.91296377686357,41.872222222222334
239.39999999999068,240.7922178929399,0.09999999999999432,0.1,-5.689893001203927e-15,0.0,18,2,178,70,58.32626934073263,61.81296377686357,41.97222222222233
239.49999999999068,240.8922178929399,0.09999999999999432,0.1,-5.689893001203927e-15,0.0,18,2,178,70,58.12632489628819,61.71296377686357,42.07222222222233
239.59999999999067,240.9922178929399,0.09999999999999432,0.1,-5.689893001203927e-15,0.0,18,2,178,70,57.926269340732624,61.612963776863566,42.172222222222324
239.69999999999067,241.09221789293989,0.09999999999999432,0.1,-5.689893001203927e-15,0.0,18,2,177,70,57.72610267406597,61.512963776863565,42.272222222222325
239.79999999999066,241.19221789293988,0.09999999999999432,0.1,-5.689893001203927e-15,0.0,18,2,177,71,57.525824896288185,61.41296377686356,42.37222222222232
239.89999999999065,241.29221789293987,0.09999999999999432,0.1,-5.689893001203927e-15,0.0,18,2,176,71,57.325436007399304,61.31296377686356,42.47222222222232
239.99999999999065,241.39221789293987,0.09999999999999432,0.1,-5.689893001203927e-15,0.0,18,2,175,71,57.124936007399306,61.21296377686356,42.57222222222232
240.09999999999064,241.49221789293986,0.09999999999999432,0.1,-5.689893001203927e-15,0.0,18,2,176,71,56.9243248962882,61.11296377686356,42.67222222222232
240.19999999999064,241.59221789293986,0.09999999999999432,0.1,-5.689893001203927e-15,0.0,17,2,176,71,60.110376337673806,61.01296377686356,40.88823529411774
240.29999999999063,241.69221789293985,0.09999999999999432,0.1,-5.689893001203927e-15,0.0,17,2,177,70,59.94761163179145,60.912963776863556,40.98823529411774
240.39999999999063,241.79221789293985,0.09999999999999432,0.1,-5.689893001203927e-15,0.0,17,2,177,70,59.784788102379686,60.812963776863555,41.08823529411774
240.49999999999062,241.89221789293984,0.09999999999999432,0.1,-5.689893001203927e-15,0.0,17,2,177,70,59.62190574943852,60.71296377686355,41.188235294117746
240.59999999999062,241.99221789293983,0.09999999999999432,0.1,-5.689893001203927e-15,0.0,17,2,176,69,59.45896457296793,60.61296377686355,41.28823529411774
240.6999999999906,242.09221789293983,0.09999999999999432,0.1,-5.689893001203927e-15,0.0,17,2,176,69,59.29596457296793,60.51296377686355,41.388235294117734
240.7999999999906,242.19221789293982,0.09999999999999432,0.1,-5.689893001203927e-15,0.0,17,2,178,69,59.13290574943852,60.41296377686355,41.488235294117736
240.8999999999906,242.29221789293982,0.09999999999999432,0.1,-5.689893001203927e-15,0.0,17,2,177,69,58.96978810237971,60.31296377686355,41.58823529411774
240.9999999999906,242.3922178929398,0.09999999999999432,0.1,-5.689893001203927e-15,0.0,17,2,176,69,58.80661163179147,60.212963776863546,41.68823529411774
241.0999999999906,242.4922178929398,0.09999999999999432,0.1,-5.689893001203927e-15,0.0,17,2,176,68,58.64337633767383,60.112963776863545,41.78823529411773
241.19999999999058,242.5922178929398,0.09999999999999432,0.1,-5.689893001203927e-15,0.0,17,2,176,68,58.48008222002677,59.06737720690154,41.88823529411773
241.29999999999058,242.6922178929398,0.09999999999999432,0.1,-5.689893001203927e-15,0.0,17,2,176,68,58.3167292788503,57.890377206901555,41.98823529411773
241.39999999999057,242.7922178929398,0.09999999999999432,0.1,-5.689893001203927e-15,0.0,17,2,176,68,58.153317514144426,56.71237720690157,42.08823529411773
241.49999999999056,242.89221789293978,0.09999999999999432,0.1,-5.689893001203927e-15,0.0,17,2,175,68,57.989846925909134,55.53337720690159,42.18823529411773
241.59999999999056,242.99221789293978,0.09999999999999432,0.1,-5.689893001203927e-15,0.0,17,2,175,67,57.826317514144435,54.353377206901605,42.288235294117726
241.69999999999055,243.09221789293977,0.09999999999999432,0.1,-5.689893001203927e-15,0.0,17,2,174,67,57.66272927885032,53.17237720690162,42.38823529411772
241.79999999999055,243.19221789293977,0.09999999999999432,0.1,-5.689893001203927e-15,0.0,17,2,174,67,57.499082220026786,51.99037720690164,42.48823529411772
241.89999999999054,243.29221789293976,0.09999999999999432,0.1,-5.689893001203927e-15,0.0,17,2,174,67,57.33537633767385,50.807377206901656,42.58823529411772
241.99999999999054,243.39221789293975,0.09999999999999432,0.1,-5.689893001203927e-15,0.0,17,2,175,67,57.1716116317915,49.62337720690167,42.688235294117725
242.09999999999053,243.49221789293975,0.09999999999999432,0.1,-5.689893001203927e-15,0.0,17,2,174,67,57.007788102379735,48.43837720690169,42.78823529411772
242.19999999999052,243.59221789293974,0.09999999999999432,0.1,-5.689893001203927e-15,0.0,17,2,173,68,56.84390574943856,47.252377206901706,42.88823529411771
242.29999999999052,243.69221789293974,0.09999999999999432,0.1,-5.689893001203927e-15,0.0,17,2,174,67,56.67996457296798,46.06537720690172,42.988235294117715
242.3999999999905,243.79221789293973,0.09999999999999432,0.1,-5.689893001203927e-15,0.0,17,2,174,68,56.51596457296798,45.32258450426677,43.088235294117716
242.4999999999905,243.89221789293973,0.09999999999999432,0.1,-5.689893001203927e-15,0.0,17,2,175,68,56.35190574943857,45.22258450426677,43.18823529411772
242.5999999999905,243.99221789293972,0.09999999999999432,0.1,-5.689893001203927e-15,0.0,17,2,175,69,56.187788102379756,45.12258450426677,43.28823529411771
242.6999999999905,244.09221789293971,0.09999999999999432,0.1,-5.689893001203927e-15,0.0,17,2,176,70,56.023611631791525,45.02258450426677,43.388235294117706
242.7999999999905,244.1922178929397,0.09999999999999432,0.1,-5.689893001203927e-15,0.0,17,2,175,70,55.85937633767387,44.922584504266766,43.488235294117715
242.89999999999048,244.2922178929397,0.09999999999999432,0.1,-5.689893001203927e-15,0.0,17,2,175,70,55.69508222002682,44.822584504266764,43.58823529411771
242.99999999999048,244.3922178929397,0.09999999999999432,0.1,-5.689893001203927e-15,0.0,17,2,176,70,55.53072927885035,44.72258450426676,43.68823529411771
243.09999999999047,244.4922178929397,0.09999999999999432,0.1,-5.689893001203927e-15,0.0,17,2,175,70,55.36631751414447,44.62258450426676,43.788235294117705
243.19999999999047,244.5922178929397,0.09999999999999432,0.1,-5.689893001203927e-15,0.0,17,2,175,69,55.20184692590918,44.52258450426676,43.8882352941177
243.29999999999046,244.69221789293968,0.09999999999999432,0.1,-5.689893001203927e-15,0.0,17,2,175,69,55.037317514144476,44.42258450426676,43.98823529411771
243.39999999999046,244.79221789293968,0.09999999999999432,0.1,-5.689893001203927e-15,0.0,17,2,175,69,54.872729278850365,44.32258450426676,44.0882352941177
243.49999999999045,244.89221789293967,0.09999999999999432,0.1,-5.689893001203927e-15,0.0,17,2,175,69,54.70808222002683,44.222584504266756,44.1882352941177
243.59999999999044,244.99221789293966,0.09999999999999432,0.1,-5.689893001203927e-15,0.0,17,2,174,69,54.5433763376739,44.122584504266754,44.2882352941177
243.69999999999044,245.09221789293966,0.09999999999999432,0.1,-5.689893001203927e-15,0.0,17,2,174,69,54.37861163179155,44.02258450426675,44.38823529411769
243.79999999999043,245.19221789293965,0.09999999999999432,0.1,-5.689893001203927e-15,0.0,17,2,175,70,54.21378810237978,43.92258450426675,44.4882352941177
243.89999999999043,245.29221789293965,0.09999999999999432,0.1,-5.689893001203927e-15,0.0,17,2,175,70,54.04890574943861,43.82258450426675,44.588235294117695
243.99999999999042,245.39221789293964,0.09999999999999432,0.1,-5.689893001203927e-15,0.0,17,2,176,70,53.883964572968026,43.72258450426675,44.688235294117696
244.09999999999042,245.49221789293964,0.09999999999999432,0.1,-5.689893001203927e-15,0.0,17,2,178,70,53.71896457296803,43.62258450426675,44.78823529411769
244.1999999999904,245.59221789293963,0.09999999999999432,0.1,-5.689893001203927e-15,0.0,17,2,178,70,53.55390574943861,43.522584504266746,44.88823529411769
244.2999999999904,245.69221789293962,0.09999999999999432,0.1,-5.689893001203927e-15,0.0,17,2,178,70,53.3887881023798,43.422584504266744,44.98823529411769
244.3999999999904,245.79221789293962,0.09999999999999432,0.1,-5.689893001203927e-15,0.0,17,2,178,70,53.22361163179156,43.32258450426674,45.08823529411769
244.4999999999904,245.8922178929396,0.09999999999999432,0.1,-5.689893001203927e-15,0.0,17,2,178,70,53.05837633767391,43.22258450426674,45.18823529411769
244.5999999999904,245.9922178929396,0.09999999999999432,0.1,-5.689893001203927e-15,0.0,17,2,179,70,52.89308222002686,43.12258450426674,45.28823529411768
244.69999999999038,246.0922178929396,0.09999999999999432,0.1,-5.689893001203927e-15,0.0,17,2,179,70,52.7277292788504,43.02258450426674,45.388235294117685
244.79999999999038,246.1922178929396,0.09999999999999432,0.1,-5.689893001203927e-15,0.0,17,2,180,70,52.56231751414452,42.92258450426674,45.488235294117686
244.89999999999037,246.2922178929396,0.09999999999999432,0.1,-5.689893001203927e-15,0.0,17,2,180,70,52.39684692590922,42.822584504266736,45.58823529411768
244.99999999999037,246.39221789293958,0.09999999999999432,0.1,-5.689893001203927e-15,0.0,17,2,180,70,52.23131751414452,42.722584504266734,45.68823529411768
245.09999999999036,246.54021789293958,0.14799999999999613,0.1,0.04799999999999613,0.0,17,2,178,70,54.88925869061512,56.11296377686349,45.788235294117676
245.19999999999035,246.64021789293957,0.09999999999999432,0.1,-5.689893001203927e-15,0.0,17,2,181,70,54.72361163179159,56.01296377686349,45.88823529411768
245.29999999999035,246.74021789293957,0.09999999999999432,0.1,-5.689893001203927e-15,0.0,17,2,183,70,54.55790574943866,55.912963776863485,45.98823529411768
245.39999999999034,246.84021789293956,0.09999999999999432,0.1,-5.689893001203927e-15,0.0,17,2,184,70,54.39214104355631,55.812963776863484,46.08823529411767
245.49999999999034,246.94021789293956,0.09999999999999432,0.1,-5.689893001203927e-15,0.0,17,2,185,70,54.22631751414455,55.71296377686348,46.188235294117675
245.59999999999033,247.04021789293955,0.09999999999999432,0.1,-5.689893001203927e-15,0.0,17,2,184,70,54.06043516120337,55.61296377686348,46.28823529411767
245.69999999999033,247.14021789293955,0.09999999999999432,0.1,-5.689893001203927e-15,0.0,17,2,184,70,53.89449398473279,55.51296377686348,46.38823529411767
245.79999999999032,247.24021789293954,0.09999999999999432,0.1,-5.689893001203927e-15,0.0,17,2,182,70,53.728493984732786,55.41296377686348,46.48823529411767
245.8999999999903,247.34021789293953,0.09999999999999432,0.1,-5.689893001203927e-15,0.0,17,2,181,70,53.56243516120338,55.31296377686348,46.588235294117666
245.9999999999903,247.44021789293953,0.09999999999999432,0.1,-5.689893001203927e-15,0.0,17,2,181,70,53.39631751414456,55.212963776863475,46.68823529411766
246.0999999999903,247.54021789293952,0.09999999999999432,0.1,-5.689893001203927e-15,0.0,17,2,180,70,53.23014104355633,55.112963776863474,46.78823529411767
246.1999999999903,247.64021789293952,0.09999999999999432,0.1,-5.689893001203927e-15,0.0,17,2,180,70,53.06390574943868,55.01296377686347,46.88823529411766
246.2999999999903,247.7402178929395,0.09999999999999432,0.1,-5.689893001203927e-15,0.0,16,2,181,70,56.3496262833472,59.703570559453034,42.87500000000014
246.39999999999029,247.8402178929395,0.09999999999999432,0.1,-5.689893001203927e-15,0.0,16,2,181,70,56.249626283347204,59.60357055945303,42.97500000000014
246.49999999999028,247.9402178929395,0.09999999999999432,0.1,-5.689893001203927e-15,0.0,16,2,182,70,56.1496262833472,59.50357055945303,43.07500000000014
246.59999999999027,248.0402178929395,0.09999999999999432,0.1,-5.689893001203927e-15,0.0,16,2,182,70,56.04962628334721,59.40357055945303,43.17500000000014
246.69999999999027,248.1402178929395,0.09999999999999432,0.1,-5.689893001203927e-15,0.0,16,2,183,70,55.94962628334721,59.30357055945303,43.275000000000134
246.79999999999026,248.24021789293948,0.09999999999999432,0.1,-5.689893001203927e-15,0.0,16,2,184,69,55.84962628334721,59.20357055945303,43.375000000000135
246.89999999999026,248.34021789293948,0.09999999999999432,0.1,-5.689893001203927e-15,0.0,16,2,185,69,55.74962628334721,59.103570559453026,43.47500000000013
246.99999999999025,248.44021789293947,0.09999999999999432,0.1,-5.689893001203927e-15,0.0,16,2,186,69,55.64962628334722,59.003570559453024,43.57500000000013
247.09999999999025,248.54021789293947,0.09999999999999432,0.1,-5.689893001203927e-15,0.0,16,2,185,69,55.549626283347216,58.90357055945302,43.675000000000125
247.19999999999024,248.64021789293946,0.09999999999999432,0.1,-5.689893001203927e-15,0.0,16,2,185,69,55.44962628334722,58.80357055945302,43.77500000000013
247.29999999999023,248.74021789293946,0.09999999999999432,0.1,-5.689893001203927e-15,0.0,16,2,186,69,55.34962628334722,58.70357055945302,43.87500000000012
247.39999999999023,248.84021789293945,0.09999999999999432,0.1,-5.689893001203927e-15,0.0,16,2,187,69,55.249626283347226,58.60357055945302,43.97500000000012
247.49999999999022,248.94021789293944,0.09999999999999432,0.1,-5.689893001203927e-15,0.0,16,2,187,68,55.149626283347224,58.50357055945302,44.07500000000012
247.59999999999022,249.04021789293944,0.09999999999999432,0.1,-5.689893001203927e-15,0.0,16,2,187,68,55.04962628334723,58.403570559453016,44.17500000000012
247.6999999999902,249.14021789293943,0.09999999999999432,0.1,-5.689893001203927e-15,0.0,16,2,189,69,54.94962628334723,58.303570559453014,44.27500000000011
247.7999999999902,249.24021789293943,0.09999999999999432,0.1,-5.689893001203927e-15,0.0,16,2,189,68,54.80100128334723,58.20357055945301,44.375000000000114
247.8999999999902,249.34021789293942,0.09999999999999432,0.1,-5.689893001203927e-15,0.0,16,2,188,68,54.65231378334723,58.10357055945301,44.47500000000011
247.9999999999902,249.44021789293942,0.09999999999999432,0.1,-5.689893001203927e-15,0.0,16,2,188,68,54.50356378334724,58.00357055945301,44.57500000000011
248.0999999999902,249.5402178929394,0.09999999999999432,0.1,-5.689893001203927e-15,0.0,16,2,188,68,54.35475128334724,57.90357055945301,44.675000000000104
248.19999999999018,249.6402178929394,0.09999999999999432,0.1,-5.689893001203927e-15,0.0,16,2,188,68,54.205876283347244,57.80357055945301,44.775000000000105
248.29999999999018,249.7402178929394,0.09999999999999432,0.1,-5.689893001203927e-15,0.0,16,2,188,68,54.05693878334724,57.703570559453006,44.8750000000001
248.39999999999017,249.8402178929394,0.09999999999999432,0.1,-5.689893001203927e-15,0.0,16,2,189,68,53.90793878334725,57.603570559453004,44.9750000000001
248.49999999999017,249.9402178929394,0.09999999999999432,0.1,-5.689893001203927e-15,0.0,16,2,189,68,53.75887628334725,57.503570559453,45.075000000000095
248.59999999999016,250.04021789293938,0.09999999999999432,0.1,-5.689893001203927e-15,0.0,16,2,189,68,53.60975128334725,57.403570559453,45.1750000000001
248.69999999999015,250.14021789293938,0.09999999999999432,0.1,-5.689893001203927e-15,0.0,16,2,189,68,53.46056378334725,57.303570559453,45.27500000000009
248.79999999999015,250.24021789293937,0.09999999999999432,0.1,-5.689893001203927e-15,0.0,16,2,188,69,53.31131378334725,57.203570559453,45.37500000000009
248.89999999999014,250.34021789293936,0.09999999999999432,0.1,-5.689893001203927e-15,0.0,16,2,189,68,53.16200128334725,57.103570559453,45.47500000000009
248.99999999999014,250.44021789293936,0.09999999999999432,0.1,-5.689893001203927e-15,0.0,16,2,189,68,53.01262628334725,57.003570559452996,45.57500000000009
249.09999999999013,250.54021789293935,0.09999999999999432,0.1,-5.689893001203927e-15,0.0,16,2,191,68,52.863188783347255,56.903570559452994,45.67500000000008
249.19999999999013,250.64021789293935,0.09999999999999432,0.1,-5.689893001203927e-15,0.0,16,2,191,68,52.71368878334726,56.80357055945299,45.775000000000084
249.29999999999012,250.74021789293934,0.09999999999999432,0.1,-5.689893001203927e-15,0.0,16,2,190,68,52.56412628334726,56.70357055945299,45.87500000000008
249.39999999999011,250.84021789293934,0.09999999999999432,0.1,-5.689893001203927e-15,0.0,16,2,190,68,52.414501283347256,56.60357055945299,45.97500000000008
249.4999999999901,250.94021789293933,0.09999999999999432,0.1,-5.689893001203927e-15,0.0,16,2,189,68,52.26481378334726,56.50357055945299,46.075000000000074
249.5999999999901,251.04021789293932,0.09999999999999432,0.1,-5.689893001203927e-15,0.0,16,2,189,68,52.11506378334726,56.40357055945299,46.175000000000075
249.6999999999901,251.14021789293932,0.09999999999999432,0.1,-5.689893001203927e-15,0.0,16,2,189,68,51.965251283347264,56.303570559452986,46.27500000000007
249.7999999999901,251.2402178929393,0.09999999999999432,0.1,-5.689893001203927e-15,0.0,16,2,188,68,51.81537628334726,56.203570559452984,46.37500000000007
249.8999999999901,251.3402178929393,0.09999999999999432,0.1,-5.689893001203927e-15,0.0,16,2,186,68,51.66543878334726,56.10357055945298,46.475000000000065
249.99999999999008,251.4402178929393,0.09999999999999432,0.1,-5.689893001203927e-15,0.0,16,2,186,67,51.515438783347264,56.00357055945298,46.57500000000007
250.09999999999008,251.5402178929393,0.09999999999999432,0.1,-5.689893001203927e-15,0.0,15,2,186,67,54.79995300338611,55.90357055945298,45.22666666666671
250.19999999999007,251.6402178929393,0.09999999999999432,0.1,-5.689893001203927e-15,0.0,15,2,186,68,54.64648633671944,55.80357055945298,45.32666666666671
250.29999999999006,251.74021789293928,0.09999999999999432,0.1,-5.689893001203927e-15,0.0,15,2,187,68,54.492953003386106,55.70357055945298,45.426666666666705
250.39999999999006,251.84021789293928,0.09999999999999432,0.1,-5.689893001203927e-15,0.0,15,2,189,68,54.33935300338611,55.603570559452976,45.526666666666706
250.49999999999005,251.94021789293927,0.09999999999999432,0.1,-5.689893001203927e-15,0.0,15,2,188,68,54.18568633671944,55.503570559452974,45.6266666666667
250.59999999999005,252.04021789293927,0.09999999999999432,0.1,-5.689893001203927e-15,0.0,15,2,186,67,54.03195300338611,55.40357055945297,45.7266666666667
250.69999999999004,252.14021789293926,0.09999999999999432,0.1,-5.689893001203927e-15,0.0,15,2,185,67,53.87815300338612,55.30357055945297,45.8266666666667
250.79999999999004,252.24021789293926,0.09999999999999432,0.1,-5.689893001203927e-15,0.0,15,2,186,67,53.62712941090863,55.20357055945297,45.9266666666667
250.89999999999003,252.40021789293925,0.1599999999999966,0.1,0.059999999999996584,0.0,15,2,185,67,57.406529410908654,55.10357055945297,46.02666666666669
250.99999999999002,252.50021789293925,0.09999999999999432,0.1,-5.689893001203927e-15,0.0,14,2,185,67,61.28729162592571,61.433754267188604,44.48571428571429
251.09999999999002,252.69381789293925,0.19360000000000355,0.1,0.09360000000000354,0.0,14,2,182,67,67.61048898747127,60.823236030411046,44.58571428571429
251.19999999999,252.79381789293924,0.09999999999999432,0.1,-5.689893001203927e-15,0.0,15,2,182,66,61.11196841291878,54.803570559452965,41.71333333333334
251.29999999999,252.95361789293923,0.15979999999998995,0.1,0.059799999999989945,0.0,15,2,180,67,64.68652221226367,54.70357055945296,41.81333333333334
251.39999999999,253.08161789293922,0.1279999999999859,0.1,0.027999999999985897,0.0,16,2,178,67,60.49486252535131,58.93401412324939,39.3
251.49999999999,253.24161789293922,0.1599999999999966,0.1,0.059999999999996584,0.0,16,2,177,67,63.86655064535143,58.33401412324939,39.4
251.59999999999,253.3416178929392,0.09999999999999432,0.1,-5.689893001203927e-15,0.0,16,2,176,67,63.487268867309105,57.73401412324939,39.5
251.69999999998998,253.4416178929392,0.09999999999999432,0.1,-5.689893001203927e-15,0.0,15,2,176,67,67.38183524857442,57.134014123249386,36.78666666666668
251.79999999998998,253.5416178929392,0.09999999999999432,0.1,-5.689893001203927e-15,0.0,15,2,176,68,66.998351258876,56.47035214601263,36.886666666666684
251.89999999998997,253.6416178929392,0.09999999999999432,0.1,-5.689893001203927e-15,0.0,15,2,177,68,66.62441611523877,55.80419422046728,36.986666666666686
251.99999999998997,253.7416178929392,0.09999999999999432,0.1,-5.689893001203927e-15,0.0,15,2,177,68,66.28562749271798,55.20419422046728,37.08666666666669
252.09999999998996,253.8648178929392,0.12319999999999709,0.1,0.023199999999997084,0.0,14,2,176,68,72.32999578517749,70.62148843372549,36.02142857142855
252.19999999998996,253.96481789293918,0.09999999999999432,0.1,-5.689893001203927e-15,0.0,14,2,177,68,71.97563720666763,70.0214884337255,36.12142857142855
252.29999999998995,254.06481789293917,0.09999999999999432,0.1,-5.689893001203927e-15,0.0,14,2,177,68,71.59569318692556,69.4214884337255,36.221428571428554
252.39999999998994,254.16481789293917,0.09999999999999432,0.1,-5.689893001203927e-15,0.0,14,2,178,68,71.26824875315074,68.8214884337255,36.32142857142855
252.49999999998994,254.26481789293916,0.09999999999999432,0.1,-5.689893001203927e-15,0.0,14,2,178,69,71.02539161029361,68.22148843372551,36.42142857142855
252.59999999998993,254.36481789293916,0.09999999999999432,0.1,-5.689893001203927e-15,0.0,14,2,179,69,70.78253446743648,67.62148843372552,36.52142857142855
252.69999999998993,254.46481789293915,0.09999999999999432,0.1,-5.689893001203927e-15,0.0,14,2,178,69,70.53967732457933,67.02148843372552,36.62142857142855
252.79999999998992,254.56481789293915,0.09999999999999432,0.1,-5.689893001203927e-15,0.0,14,2,178,67,70.23753446743648,66.42148843372553,36.72142857142855
252.89999999998992,254.66481789293914,0.09999999999999432,0.1,-5.689893001203927e-15,0.0,14,2,180,67,69.94300016945907,65.82148843372553,36.82142857142855
252.9999999999899,254.76481789293913,0.09999999999999432,0.1,-5.689893001203927e-15,0.0,14,2,180,67,69.6813398626389,65.29024413824312,36.92142857142854
253.0999999999899,254.86481789293913,0.09999999999999432,0.1,-5.689893001203927e-15,0.0,14,2,180,67,69.45041129121033,65.19024413824313,37.021428571428544
253.1999999999899,254.96481789293912,0.09999999999999432,0.1,-5.689893001203927e-15,0.0,14,2,180,67,69.21941129121032,65.09024413824314,37.121428571428545
253.2999999999899,255.06481789293912,0.09999999999999432,0.1,-5.689893001203927e-15,0.0,14,2,180,67,68.98833986263891,64.99024413824314,37.22142857142854
253.3999999999899,255.1648178929391,0.09999999999999432,0.1,-5.689893001203927e-15,0.0,14,2,180,67,68.75719700549605,64.89024413824315,37.32142857142854
253.49999999998988,255.2648178929391,0.09999999999999432,0.1,-5.689893001203927e-15,0.0,14,2,181,67,68.52598271978177,64.79024413824315,37.421428571428535
253.59999999998988,255.3648178929391,0.09999999999999432,0.1,-5.689893001203927e-15,0.0,14,2,181,67,68.29469700549605,64.21418307951254,37.52142857142854
253.69999999998987,255.4648178929391,0.09999999999999432,0.1,-5.689893001203927e-15,0.0,14,2,181,67,68.06333986263891,63.275183079512544,37.62142857142853
253.79999999998986,255.5648178929391,0.09999999999999432,0.1,-5.689893001203927e-15,0.0,14,2,183,67,67.83191129121035,62.33518307951255,37.72142857142853
253.89999999998986,255.66481789293908,0.09999999999999432,0.1,-5.689893001203927e-15,0.0,14,2,183,68,67.60041129121035,61.39418307951255,37.82142857142854
253.99999999998985,255.76481789293908,0.09999999999999432,0.1,-5.689893001203927e-15,0.0,14,2,182,68,67.36883986263892,60.45218307951256,37.921428571428535
254.09999999998985,255.92481789293907,0.1599999999999966,0.1,0.059999999999996584,0.0,14,2,179,68,71.42291129121038,64.19024413824319,38.02142857142854
254.19999999998984,256.0248178929391,0.10000000000002274,0.1,2.273181642920008e-14,0.0,14,2,178,68,71.19080641813352,64.0902441382432,38.12142857142853
254.29999999998984,256.1248178929391,0.10000000000002274,0.1,2.273181642920008e-14,0.0,14,2,177,68,70.95541060241712,63.99024413824319,38.22142857142853
254.39999999998983,256.22481789293914,0.10000000000002274,0.1,2.273181642920008e-14,0.0,14,2,176,67,70.72355345955997,63.89024413824319,38.321428571428534
254.49999999998983,256.32481789293917,0.10000000000002274,0.1,2.273181642920008e-14,0.0,14,2,176,68,70.4916248881314,63.79024413824319,38.42142857142853
254.59999999998982,256.4248178929392,0.10000000000002274,0.1,2.273181642920008e-14,0.0,14,2,176,68,70.25962488813141,63.69024413824319,38.52142857142853
254.6999999999898,256.5248178929392,0.10000000000002274,0.1,2.273181642920008e-14,0.0,14,2,175,67,70.02755345955998,63.590244138243186,38.621428571428524
254.7999999999898,256.62481789293923,0.10000000000002274,0.1,2.273181642920008e-14,0.0,14,2,175,67,69.79541060241714,63.490244138243185,38.721428571428525
254.8999999999898,256.72481789293926,0.10000000000002274,0.1,2.273181642920008e-14,0.0,14,2,175,67,69.56319631670284,63.39024413824318,38.82142857142852
254.9999999999898,256.8248178929393,0.10000000000002274,0.1,2.273181642920008e-14,0.0,14,2,174,67,69.33091060241713,63.29024413824318,38.92142857142852
255.0999999999898,256.9248178929393,0.10000000000002274,0.1,2.273181642920008e-14,0.0,14,2,175,66,69.09855345956,63.19024413824318,39.02142857142852
255.19999999998979,257.0248178929393,0.10000000000002274,0.1,2.273181642920008e-14,0.0,14,2,175,65,68.86612488813142,63.09024413824318,39.121428571428524
255.29999999998978,257.18481789293935,0.160000000000025,0.1,0.060000000000025006,0.0,14,2,176,65,72.91933917384573,62.99024413824318,39.221428571428525
255.39999999998977,257.2848178929394,0.10000000000002274,0.1,2.273181642920008e-14,0.0,14,2,175,65,72.68571563371414,62.890244138243176,39.32142857142852
255.49999999998977,257.3848178929394,0.10000000000002274,0.1,2.273181642920008e-14,0.0,14,2,175,65,72.45172870225001,62.790244138243175,39.42142857142852
255.59999999998976,257.4848178929394,0.10000000000002274,0.1,2.273181642920008e-14,0.0,14,2,175,65,72.21901441653573,62.69024413824317,39.52142857142852
255.69999999998976,257.58481789293944,0.10000000000002274,0.1,2.273181642920008e-14,0.0,14,2,174,64,71.98622870225002,62.59024413824317,39.62142857142852
255.79999999998975,257.68481789293946,0.10000000000002274,0.1,2.273181642920008e-14,0.0,14,2,173,64,71.75337155939287,62.49024413824317,39.72142857142852
255.89999999998975,257.7848178929395,0.10000000000002274,0.1,2.273181642920008e-14,0.0,14,2,174,64,71.5204429879643,62.39024413824317,39.82142857142851
255.99999999998974,257.8848178929395,0.10000000000002274,0.1,2.273181642920008e-14,0.0,14,2,174,65,71.28744298796431,62.29024413824317,39.921428571428514
256.09999999998973,258.04181789293955,0.1570000000000391,0.1,0.0570000000000391,0.0,14,2,173,65,75.12580013082149,62.190244138243166,40.02142857142851
256.19999999998976,258.14181789293957,0.10000000000002274,0.1,2.273181642920008e-14,0.0,15,2,173,64,68.22592151366509,62.090244138243165,37.453333333333276
256.2999999999898,258.3018178929396,0.160000000000025,0.1,0.060000000000025006,0.0,15,2,172,64,71.9506912827583,74.05534252302469,37.55333333333328
256.3999999999898,258.4018178929396,0.10000000000002274,0.1,2.273181642920008e-14,0.0,15,2,173,64,71.67994564281213,73.26015792383193,37.65333333333328
256.4999999999898,258.50181789293964,0.10000000000002274,0.1,2.273181642920008e-14,0.0,15,2,173,64,71.40345645105505,72.66015792383193,37.75333333333328
256.59999999998985,258.60181789293966,0.10000000000002274,0.1,2.273181642920008e-14,0.0,15,2,173,64,71.14558978438839,72.06015792383194,37.853333333333275
256.69999999998987,258.7018178929397,0.10000000000002274,0.1,2.273181642920008e-14,0.0,15,2,173,63,70.88765645105505,71.46015792383194,37.953333333333276
256.7999999999899,258.8946178929397,0.19280000000003383,0.1,0.09280000000003383,0.0,15,2,171,64,76.81632311772175,86.18636657533985,38.05333333333328
256.8999999999899,258.99461789293974,0.10000000000002274,0.1,2.273181642920008e-14,0.0,15,2,171,63,76.5474845636731,85.3225018880837,38.15333333333328
256.99999999998994,259.09461789293977,0.10000000000002274,0.1,2.273181642920008e-14,0.0,15,2,171,63,76.27152629766296,84.70657655848741,38.253333333333266
257.09999999998996,259.2546178929398,0.160000000000025,0.1,0.060000000000025006,0.0,15,2,170,63,79.49870817242204,84.10657655848742,38.35333333333327
257.19999999999,259.3546178929398,0.10000000000002274,0.1,2.273181642920008e-14,0.0,16,2,170,63,72.25678368669506,74.9,36.05624999999994
257.29999999999,259.45461789293984,0.10000000000002274,0.1,2.273181642920008e-14,0.0,16,2,170,63,71.49148032957477,74.29814361540825,36.15624999999994
257.39999999999003,259.55461789293986,0.10000000000002274,0.1,2.273181642920008e-14,0.0,16,2,170,63,71.04902112408276,73.6896980990672,36.25624999999994
257.49999999999005,259.6546178929399,0.10000000000002274,0.1,2.273181642920008e-14,0.0,16,2,170,63,70.6073635574819,73.08040378230365,36.35624999999994
257.5999999999901,258.8720269438685,-0.7825909490713912,0.1,2.9753977059954195e-14,0.8825909490714209,15,2,171,64,68.95521356980603,60.690244138243145,37.07999999999993
257.6999999999901,258.9720269438685,0.10000000000002274,0.1,2.273181642920008e-14,0.0,15,2,171,63,68.52871384641092,60.59024413824314,37.17999999999993
257.7999999999901,259.1228269438685,0.15080000000000382,0.1,0.050800000000003814,0.0,15,2,170,63,71.49078150516817,60.49024413824314,37.27999999999993
257.89999999999014,258.2012285859301,-0.9215983579384215,0.1,3.774758283725532e-14,1.0215983579384593,15,2,170,64,62.244169216644906,60.39024413824314,31.53999999999997
257.99999999999017,258.3012285859301,0.10000000000002274,0.1,2.273181642920008e-14,0.0,15,2,170,64,61.88218515603522,60.29024413824314,31.639999999999972
258.0999999999902,258.4296285859301,0.12839999999999918,0.1,0.028399999999999176,0.0,15,2,169,64,63.474708620940994,69.27833593366962,31.73999999999997
258.1999999999902,258.52962858593014,0.10000000000002274,0.1,2.273181642920008e-14,0.0,15,2,169,63,63.175044789497115,68.59405989160959,31.83999999999997
258.29999999999023,258.62962858593016,0.10000000000002274,0.1,2.273181642920008e-14,0.0,15,2,169,63,62.873148930468346,67.9429568458862,31.939999999999973
258.39999999999026,258.7296285859302,0.10000000000002274,0.1,2.273181642920008e-14,0.0,15,2,169,64,62.57963470730671,67.3429568458862,32.03999999999997
258.4999999999903,257.9045452649327,-0.8250833209974644,0.1,3.1308289294429414e-14,0.9250833209974957,14,2,169,65,60.12757020126868,66.74295684588621,33.90714285714282
258.5999999999903,258.00454526493274,0.10000000000002274,0.1,2.273181642920008e-14,0.0,14,2,170,65,59.888193731397784,66.14295684588622,34.007142857142824
258.6999999999903,258.10454526493277,0.10000000000002274,0.1,2.273181642920008e-14,0.0,14,2,170,65,59.65383257681827,65.54295684588622,34.107142857142826
258.79999999999035,258.2045452649328,0.10000000000002274,0.1,2.273181642920008e-14,0.0,14,2,169,65,59.45454686253255,64.94295684588623,34.20714285714282
258.89999999999037,258.3045452649328,0.10000000000002274,0.1,2.273181642920008e-14,0.0,14,2,168,65,59.255189719675414,64.34295684588623,34.30714285714282
258.9999999999904,258.40454526493284,0.10000000000002274,0.1,2.273181642920008e-14,0.0,14,2,167,65,59.05576114824685,63.74295684588623,34.40714285714282
259.0999999999904,258.50454526493286,0.10000000000002274,0.1,2.273181642920008e-14,0.0,14,2,166,66,58.85626114824685,63.14295684588623,34.507142857142824
259.19999999999044,258.6045452649329,0.10000000000002274,0.1,2.273181642920008e-14,0.0,14,2,166,66,58.65668971967542,62.54295684588623,34.60714285714282
259.29999999999046,258.7045452649329,0.10000000000002274,0.1,2.273181642920008e-14,0.0,14,2,166,66,58.45704686253257,61.94295684588623,34.70714285714282
259.3999999999905,258.8045452649329,0.10000000000002274,0.1,2.273181642920008e-14,0.0,14,2,166,67,58.257332576818285,61.34295684588623,34.807142857142814
259.4999999999905,258.90454526493295,0.10000000000002274,0.1,2.273181642920008e-14,0.0,14,2,166,66,58.05754686253257,60.742956845886226,34.90714285714282
259.59999999999053,259.004545264933,0.10000000000002274,0.1,2.273181642920008e-14,0.0,14,2,166,66,57.857689719675435,60.142956845886225,35.00714285714282
259.69999999999055,259.104545264933,0.10000000000002274,0.1,2.273181642920008e-14,0.0,14,2,165,66,57.65776114824687,59.54295684588622,35.10714285714282
259.7999999999906,259.204545264933,0.10000000000002274,0.1,2.273181642920008e-14,0.0,14,2,165,66,57.45776114824687,58.94295684588622,35.20714285714282
259.8999999999906,259.30454526493304,0.10000000000002274,0.1,2.273181642920008e-14,0.0,14,2,165,67,57.25768971967544,58.39024413824311,35.307142857142814
259.9999999999906,259.40454526493306,0.10000000000002274,0.1,2.273181642920008e-14,0.0,14,2,165,67,57.05754686253259,58.29024413824311,35.407142857142816
260.09999999999064,259.5045452649331,0.10000000000002274,0.1,2.273181642920008e-14,0.0,14,2,165,67,56.8573325768183,58.19024413824311,35.50714285714282
260.19999999999067,259.6045452649331,0.10000000000002274,0.1,2.273181642920008e-14,0.0,14,2,165,67,56.65704686253259,58.09024413824311,35.60714285714282
260.2999999999907,259.70454526493313,0.10000000000002274,0.1,2.273181642920008e-14,0.0,13,2,165,67,60.87719023045718,57.990244138243106,31.484615384615406
260.3999999999907,259.80454526493315,0.10000000000002274,0.1,2.273181642920008e-14,0.0,13,2,165,67,60.73872869199565,57.890244138243105,31.584615384615404
260.49999999999073,259.9045452649332,0.10000000000002274,0.1,2.273181642920008e-14,0.0,13,2,165,67,60.60026715353411,57.790244138243104,31.684615384615405
260.59999999999076,260.0045452649332,0.10000000000002274,0.1,2.273181642920008e-14,0.0,13,2,165,67,60.46180561507257,57.6902441382431,31.784615384615407
260.6999999999908,260.1045452649332,0.10000000000002274,0.1,2.273181642920008e-14,0.0,13,2,164,67,60.323344076611036,57.5902441382431,31.884615384615408
260.7999999999908,260.20454526493324,0.10000000000002274,0.1,2.273181642920008e-14,0.0,13,2,163,67,60.1848825381495,57.4902441382431,31.984615384615406
260.8999999999908,260.30454526493327,0.10000000000002274,0.1,2.273181642920008e-14,0.0,13,2,163,67,60.04642099968797,57.3902441382431,32.084615384615404
260.99999999999085,260.4045452649333,0.10000000000002274,0.1,2.273181642920008e-14,0.0,13,2,163,67,59.90795946122643,57.2902441382431,32.184615384615405
261.09999999999087,260.5045452649333,0.10000000000002274,0.1,2.273181642920008e-14,0.0,13,2,163,67,59.769497922764884,57.190244138243095,32.28461538461541
261.1999999999909,260.60454526493334,0.10000000000002274,0.1,2.273181642920008e-14,0.0,13,2,164,67,59.63103638430335,57.090244138243094,32.38461538461541
261.2999999999909,260.70454526493336,0.10000000000002274,0.1,2.273181642920008e-14,0.0,13,2,164,67,59.492574845841816,56.99024413824309,32.4846153846154
261.39999999999094,260.8045452649334,0.10000000000002274,0.1,2.273181642920008e-14,0.0,13,2,164,67,59.35411330738028,56.89024413824309,32.584615384615404
261.49999999999096,260.9045452649334,0.10000000000002274,0.1,2.273181642920008e-14,0.0,13,2,163,67,59.22526452429104,56.79024413824309,32.684615384615405
261.599999999991,261.0045452649334,0.10000000000002274,0.1,2.273181642920008e-14,0.0,12,2,163,67,64.04635680678916,70.60670925364815,27.975000000000094
261.699999999991,261.10454526493345,0.10000000000002274,0.1,2.273181642920008e-14,0.0,12,2,163,67,63.9385435947025,70.50670925364815,28.07500000000009
261.79999999999103,261.2045452649335,0.10000000000002274,0.1,2.273181642920008e-14,0.0,12,2,163,67,63.83854359470251,70.40670925364816,28.175000000000093
261.89999999999105,261.3045452649335,0.10000000000002274,0.1,2.273181642920008e-14,0.0,12,2,163,67,63.7385435947025,70.30670925364817,28.275000000000095
261.9999999999911,261.4045452649335,0.10000000000002274,0.1,2.273181642920008e-14,0.0,12,2,164,67,63.638543594702504,70.20670925364817,28.375000000000096
262.0999999999911,261.50454526493354,0.10000000000002274,0.1,2.273181642920008e-14,0.0,12,2,163,67,63.53854359470251,70.10670925364818,28.475000000000094
262.1999999999911,261.60454526493356,0.10000000000002274,0.1,2.273181642920008e-14,0.0,12,2,163,68,63.43854359470251,70.00670925364818,28.57500000000009
262.29999999999114,261.7045452649336,0.10000000000002274,0.1,2.273181642920008e-14,0.0,12,2,163,68,63.338543594702514,69.90670925364819,28.675000000000093
262.39999999999117,261.8045452649336,0.10000000000002274,0.1,2.273181642920008e-14,0.0,12,2,166,68,63.23854359470251,69.8067092536482,28.77500000000009
262.4999999999912,261.90454526493363,0.10000000000002274,0.1,2.273181642920008e-14,0.0,12,2,166,68,63.13854359470252,69.7067092536482,28.87500000000009
262.5999999999912,262.00454526493365,0.10000000000002274,0.1,2.273181642920008e-14,0.0,12,2,166,68,63.038543594702524,69.6067092536482,28.97500000000009
262.69999999999123,262.1045452649337,0.10000000000002274,0.1,2.273181642920008e-14,0.0,12,2,165,68,62.938543594702516,69.50670925364821,29.07500000000009
262.79999999999126,262.2045452649337,0.10000000000002274,0.1,2.273181642920008e-14,0.0,12,2,165,68,62.83854359470252,69.40670925364822,29.175000000000093
262.8999999999913,262.3045452649337,0.10000000000002274,0.1,2.273181642920008e-14,0.0,12,2,164,67,62.73854359470253,69.30670925364822,29.27500000000009
262.9999999999913,262.40454526493374,0.10000000000002274,0.1,2.273181642920008e-14,0.0,12,2,166,68,62.638543594702526,69.20670925364823,29.37500000000009
263.0999999999913,262.5633452649338,0.15880000000004202,0.1,0.05880000000004201,0.0,12,2,165,68,67.30723907126982,68.3188821130518,29.47500000000009
263.19999999999135,262.6633452649338,0.10000000000002274,0.1,2.273181642920008e-14,0.0,12,2,165,68,67.10094631787416,67.44336907230385,29.575000000000088
263.29999999999137,262.82334526493383,0.160000000000025,0.1,0.060000000000025006,0.0,12,2,164,68,71.88991290881732,69.83296409560285,29.675000000000086
263.3999999999914,262.92334526493386,0.10000000000002274,0.1,2.273181642920008e-14,0.0,12,2,164,68,71.72809722018054,69.73296409560285,29.775000000000087
263.4999999999914,263.0833452649339,0.160000000000025,0.1,0.060000000000025006,0.0,12,2,163,68,76.51249511203488,69.63296409560286,29.87500000000009
263.59999999999144,263.1833452649339,0.10000000000002274,0.1,2.273181642920008e-14,0.0,13,2,163,68,68.51874286364625,69.53296409560286,27.676923076923156
263.69999999999146,263.2833452649339,0.10000000000002274,0.1,2.273181642920008e-14,0.0,13,2,162,68,68.27456038459425,69.43296409560287,27.776923076923158
263.7999999999915,263.38334526493395,0.10000000000002274,0.1,2.273181642920008e-14,0.0,13,2,163,68,68.09090286801856,69.33296409560288,27.87692307692316
263.8999999999915,263.483345264934,0.10000000000002274,0.1,2.273181642920008e-14,0.0,13,2,165,68,67.92993647001857,69.23296409560288,27.976923076923153
263.99999999999153,263.583345264934,0.10000000000002274,0.1,2.273181642920008e-14,0.0,13,2,165,67,67.79858126709645,69.13296409560289,28.076923076923155
264.09999999999155,263.683345264934,0.10000000000002274,0.1,2.273181642920008e-14,0.0,13,2,167,68,67.68878711675235,69.03296409560289,28.176923076923156
264.1999999999916,263.78334526493404,0.10000000000002274,0.1,2.273181642920008e-14,0.0,13,2,168,68,67.58389004158029,68.9329640956029,28.276923076923158
264.2999999999916,263.88334526493406,0.10000000000002274,0.1,2.273181642920008e-14,0.0,13,2,167,68,67.47899296640823,68.8329640956029,28.376923076923156
264.3999999999916,263.9833452649341,0.10000000000002274,0.1,2.273181642920008e-14,0.0,13,2,167,68,67.37899296640823,68.73296409560291,28.476923076923153
264.49999999999164,264.0833452649341,0.10000000000002274,0.1,2.273181642920008e-14,0.0,13,2,167,68,67.27899296640824,68.63296409560292,28.576923076923155
264.59999999999167,264.18334526493413,0.10000000000002274,0.1,2.273181642920008e-14,0.0,13,2,168,68,67.17899296640825,68.53296409560292,28.676923076923156
264.6999999999917,264.28334526493416,0.10000000000002274,0.1,2.273181642920008e-14,0.0,13,2,169,68,67.07899296640824,68.43296409560293,28.776923076923154
264.7999999999917,264.3833452649342,0.10000000000002274,0.1,2.273181642920008e-14,0.0,13,2,169,68,66.97899296640824,68.33296409560293,28.876923076923156
264.89999999999173,264.4833452649342,0.10000000000002274,0.1,2.273181642920008e-14,0.0,13,2,169,68,66.87899296640825,68.23296409560294,28.976923076923153
264.99999999999176,264.5833452649342,0.10000000000002274,0.1,2.273181642920008e-14,0.0,13,2,169,68,66.77899296640825,68.13296409560294,29.07692307692315
265.0999999999918,264.68334526493425,0.10000000000002274,0.1,2.273181642920008e-14,0.0,13,2,169,68,66.67899296640825,68.03296409560295,29.176923076923153
265.1999999999918,264.78334526493427,0.10000000000002274,0.1,2.273181642920008e-14,0.0,13,2,169,68,66.57899296640825,67.93296409560296,29.276923076923154
265.2999999999918,264.8833452649343,0.10000000000002274,0.1,2.273181642920008e-14,0.0,13,2,169,68,66.47899296640826,67.83296409560296,29.376923076923156
265.39999999999185,264.9833452649343,0.10000000000002274,0.1,2.273181642920008e-14,0.0,13,2,170,68,66.37899296640826,67.73296409560297,29.47692307692315
265.49999999999187,265.08334526493434,0.10000000000002274,0.1,2.273181642920008e-14,0.0,13,2,170,67,66.27899296640825,67.63296409560297,29.57692307692315
265.5999999999919,265.18334526493436,0.10000000000002274,0.1,2.273181642920008e-14,0.0,13,2,171,67,66.17899296640826,67.53296409560298,29.676923076923153
265.6999999999919,265.2833452649344,0.10000000000002274,0.1,2.273181642920008e-14,0.0,13,2,171,67,65.88315489220619,67.43296409560298,29.776923076923154
265.79999999999194,265.4295452649344,0.14620000000002165,0.1,0.04620000000002164,0.0,13,2,170,67,69.22161643066774,67.33296409560299,29.87692307692315
265.89999999999196,265.5295452649344,0.10000000000002274,0.1,2.273181642920008e-14,0.0,14,2,172,67,62.284805752098926,67.232964095603,27.842857142857213
265.999999999992,265.67074526493445,0.1412000000000262,0.1,0.04120000000002619,0.0,14,2,172,67,64.94942841697801,71.48564811773822,27.94285714285721
266.099999999992,265.7707452649345,0.10000000000002274,0.1,2.273181642920008e-14,0.0,14,2,172,67,64.6863942212482,71.38564811773823,28.04285714285721
266.19999999999203,265.8707452649345,0.10000000000002274,0.1,2.273181642920008e-14,0.0,14,2,171,67,64.3978387279527,71.28564811773823,28.142857142857213
266.29999999999205,266.01734526493453,0.14660000000003492,0.1,0.04660000000003492,0.0,14,2,169,68,67.483553013667,71.18564811773824,28.24285714285721
266.3999999999921,266.1761452649346,0.15880000000004202,0.1,0.05880000000004201,0.0,14,2,168,68,71.46369663543214,73.83233203229189,28.34285714285721
266.4999999999921,266.2761452649346,0.10000000000002274,0.1,2.273181642920008e-14,0.0,14,2,168,67,71.24786639617108,73.7323320322919,28.44285714285721
266.5999999999921,266.3761452649346,0.10000000000002274,0.1,2.273181642920008e-14,0.0,14,2,168,68,71.09232400703942,73.6323320322919,28.54285714285721
266.69999999999214,266.47614526493464,0.10000000000002274,0.1,2.273181642920008e-14,0.0,14,2,167,69,70.95660972132514,73.5323320322919,28.642857142857206
266.79999999999217,266.57614526493467,0.10000000000002274,0.1,2.273181642920008e-14,0.0,14,2,167,69,70.82089543561086,73.43233203229191,28.74285714285721
266.8999999999922,266.6761452649347,0.10000000000002274,0.1,2.273181642920008e-14,0.0,14,2,168,69,70.68518114989658,73.33233203229192,28.84285714285721
266.9999999999922,266.7761452649347,0.10000000000002274,0.1,2.273181642920008e-14,0.0,14,2,168,69,70.54946686418229,73.23233203229192,28.942857142857207
267.09999999999224,266.87614526493473,0.10000000000002274,0.1,2.273181642920008e-14,0.0,14,2,171,69,70.41375257846802,73.13233203229193,29.04285714285721
267.19999999999226,266.97614526493476,0.10000000000002274,0.1,2.273181642920008e-14,0.0,14,2,171,70,70.27803829275373,73.03233203229193,29.142857142857206
267.2999999999923,267.0761452649348,0.10000000000002274,0.1,2.273181642920008e-14,0.0,14,2,170,70,70.14232400703945,72.93233203229194,29.242857142857208
267.3999999999923,267.1761452649348,0.10000000000002274,0.1,2.273181642920008e-14,0.0,14,2,169,70,70.00504864834319,72.83233203229194,29.34285714285721
267.4999999999923,267.2761452649348,0.10000000000002274,0.1,2.273181642920008e-14,0.0,14,2,170,70,69.86797799886189,72.73233203229195,29.442857142857207
267.59999999999235,267.37614526493485,0.10000000000002274,0.1,2.273181642920008e-14,0.0,14,2,171,70,69.7322637131476,72.63233203229196,29.542857142857205
267.6999999999924,267.47614526493487,0.10000000000002274,0.1,2.273181642920008e-14,0.0,14,2,172,70,69.59654942743332,72.53233203229196,29.642857142857206
267.7999999999924,267.5761452649349,0.10000000000002274,0.1,2.273181642920008e-14,0.0,14,2,172,70,69.46083514171903,72.43233203229197,29.742857142857208
267.8999999999924,267.6761452649349,0.10000000000002274,0.1,2.273181642920008e-14,0.0,14,2,172,70,69.32512085600476,72.33233203229197,29.842857142857206
267.99999999999244,267.77614526493494,0.10000000000002274,0.1,2.273181642920008e-14,0.0,14,2,172,70,69.18940657029047,72.23233203229198,29.942857142857207
268.09999999999246,267.87614526493496,0.10000000000002274,0.1,2.273181642920008e-14,0.0,14,2,172,70,69.05369228457619,72.13233203229198,30.042857142857205
268.1999999999925,267.976145264935,0.10000000000002274,0.1,2.273181642920008e-14,0.0,14,2,172,70,68.91343071477357,72.03233203229199,30.142857142857203
268.2999999999925,268.076145264935,0.10000000000002274,0.1,2.273181642920008e-14,0.0,14,2,172,70,68.77222510698539,71.932332032292,30.242857142857208
268.39999999999253,268.17614526493503,0.10000000000002274,0.1,2.273181642920008e-14,0.0,14,2,171,70,68.63196353718277,71.832332032292,30.342857142857206
268.49999999999255,268.27614526493505,0.10000000000002274,0.1,2.273181642920008e-14,0.0,14,2,171,71,68.49011630188092,71.732332032292,30.442857142857203
268.5999999999926,268.4361452649351,0.160000000000025,0.1,0.060000000000025006,0.0,14,2,170,71,72.64011630188095,71.63233203229201,30.542857142857205
268.6999999999926,268.5361452649351,0.10000000000002274,0.1,2.273181642920008e-14,0.0,15,2,171,71,66.00407673003043,68.78564811773838,28.606666666666726
268.7999999999926,268.6361452649351,0.10000000000002274,0.1,2.273181642920008e-14,0.0,15,2,170,71,65.81517645497757,68.68564811773838,28.706666666666724
268.89999999999264,268.73614526493515,0.10000000000002274,0.1,2.273181642920008e-14,0.0,15,2,170,71,65.63969200794118,68.58564811773839,28.806666666666725
268.99999999999267,268.83614526493517,0.10000000000002274,0.1,2.273181642920008e-14,0.0,15,2,170,71,65.47242063629025,68.48564811773839,28.906666666666727
269.0999999999927,268.9361452649352,0.10000000000002274,0.1,2.273181642920008e-14,0.0,15,2,170,70,65.30349174676068,68.3856481177384,29.00666666666672
269.1999999999927,269.0361452649352,0.10000000000002274,0.1,2.273181642920008e-14,0.0,15,2,171,69,65.1353897919954,68.2856481177384,29.106666666666722
269.29999999999274,269.13614526493524,0.10000000000002274,0.1,2.273181642920008e-14,0.0,15,2,172,69,64.96632639774211,68.18564811773841,29.20666666666672
269.39999999999276,269.23614526493526,0.10000000000002274,0.1,2.273181642920008e-14,0.0,15,2,172,69,64.65842592915938,67.52051231488097,29.30666666666672
269.4999999999928,269.3673452649353,0.1312000000000353,0.1,0.031200000000035283,0.0,15,2,172,69,66.46057253968833,66.87166049832479,29.40666666666672
269.5999999999928,269.4673452649353,0.10000000000002274,0.1,2.273181642920008e-14,0.0,15,2,171,70,66.15486377717687,66.05488690335926,29.50666666666672
269.6999999999928,269.59274526493533,0.12540000000001328,0.1,0.025400000000013273,0.0,15,2,170,70,67.54767488933223,65.45488690335927,29.606666666666722
269.79999999999285,269.69274526493535,0.10000000000002274,0.1,2.273181642920008e-14,0.0,15,2,170,69,67.29386019750196,64.75542365958033,29.70666666666672
269.8999999999929,269.8395452649354,0.14680000000004156,0.1,0.04680000000004156,0.0,15,2,169,69,70.13111934037016,67.26665570195385,29.80666666666672
269.9999999999929,269.9395452649354,0.10000000000002274,0.1,2.273181642920008e-14,0.0,15,2,169,69,69.86914326526563,66.63939584210446,29.90666666666672
270.0999999999929,270.03954526493544,0.10000000000002274,0.1,2.273181642920008e-14,0.0,15,2,169,69,69.59705462371821,66.02456541120137,30.00666666666672
270.19999999999294,270.13954526493546,0.10000000000002274,0.1,2.273181642920008e-14,0.0,15,2,171,69,69.32382576426994,65.39411779728434,30.106666666666722
270.29999999999296,270.2395452649355,0.10000000000002274,0.1,2.273181642920008e-14,0.0,15,2,170,69,69.04899016159833,64.76111878360128,30.20666666666672
270.399999999993,270.3395452649355,0.10000000000002274,0.1,2.273181642920008e-14,0.0,15,2,170,69,68.77375296877561,64.13470395143237,30.30666666666672
270.499999999993,270.43954526493553,0.10000000000002274,0.1,2.273181642920008e-14,0.0,15,2,172,69,68.46098342458384,63.53470395143237,30.40666666666672
270.59999999999303,270.53954526493555,0.10000000000002274,0.1,2.273181642920008e-14,0.0,15,2,173,69,68.17428271537045,62.8915692445565,30.50666666666672
270.69999999999305,270.6395452649356,0.10000000000002274,0.1,2.273181642920008e-14,0.0,15,2,172,68,67.89969565127807,62.432964095603154,30.606666666666722
270.7999999999931,270.7995452649356,0.160000000000025,0.1,0.060000000000025006,0.0,15,2,170,68,71.63302898461143,62.33296409560315,30.70666666666672
270.8999999999931,270.8995452649356,0.10000000000002274,0.1,2.273181642920008e-14,0.0,16,2,170,68,65.31651529455694,63.7847032701363,28.88750000000005
270.9999999999931,271.05954526493565,0.160000000000025,0.1,0.060000000000025006,0.0,16,2,169,68,68.74777691471694,69.23233203229215,28.98750000000005
271.09999999999314,271.1595452649357,0.10000000000002274,0.1,2.273181642920008e-14,0.0,16,2,169,68,68.53355814926104,69.13233203229215,29.08750000000005
271.19999999999317,271.2595452649357,0.10000000000002274,0.1,2.273181642920008e-14,0.0,16,2,168,69,68.31017411630633,69.03233203229216,29.18750000000005
271.2999999999932,271.3595452649357,0.10000000000002274,0.1,2.273181642920008e-14,0.0,16,2,166,69,68.13068317470041,68.93233203229217,29.287500000000048
271.3999999999932,271.45954526493574,0.10000000000002274,0.1,2.273181642920008e-14,0.0,16,2,165,70,67.99620471659115,68.83233203229217,29.38750000000005
271.49999999999324,271.55954526493576,0.10000000000002274,0.1,2.273181642920008e-14,0.0,16,2,165,70,67.86495471659116,68.73233203229218,29.487500000000047
271.59999999999326,271.6595452649358,0.10000000000002274,0.1,2.273181642920008e-14,0.0,16,2,165,70,67.76495471659116,68.63233203229218,29.58750000000005
271.6999999999933,271.7595452649358,0.10000000000002274,0.1,2.273181642920008e-14,0.0,16,2,166,70,67.66495471659117,68.53233203229219,29.687500000000046
271.7999999999933,271.85954526493583,0.10000000000002274,0.1,2.273181642920008e-14,0.0,16,2,166,70,67.56495471659116,68.4323320322922,29.787500000000048
271.8999999999933,271.95954526493585,0.10000000000002274,0.1,2.273181642920008e-14,0.0,16,2,166,70,67.46495471659117,68.3323320322922,29.88750000000005
271.99999999999335,272.0595452649359,0.10000000000002274,0.1,2.273181642920008e-14,0.0,16,2,166,69,67.36495471659117,68.2323320322922,29.987500000000047
272.0999999999934,272.1595452649359,0.10000000000002274,0.1,2.273181642920008e-14,0.0,16,2,165,69,67.26495471659118,68.13233203229221,30.08750000000005
272.1999999999934,272.3195452649359,0.160000000000025,0.1,0.060000000000025006,0.0,16,2,165,69,70.8279616301385,69.48735617630929,30.187500000000046
272.2999999999934,272.41954526493595,0.10000000000002274,0.1,2.273181642920008e-14,0.0,16,2,164,69,70.66360244708947,69.3873561763093,30.287500000000048
272.39999999999344,272.56014526493595,0.14060000000000628,0.1,0.04060000000000627,0.0,16,2,163,70,73.03590542381131,72.6175052864576,30.387500000000045
272.49999999999346,272.660145264936,0.10000000000002274,0.1,2.273181642920008e-14,0.0,16,2,162,70,72.87340542381132,72.5175052864576,30.487500000000047
272.5999999999935,272.760145264936,0.10000000000002274,0.1,2.273181642920008e-14,0.0,16,2,161,70,72.70752720714808,72.41750528645761,30.58750000000005
272.6999999999935,272.860145264936,0.10000000000002274,0.1,2.273181642920008e-14,0.0,16,2,161,70,72.54502720714808,72.31750528645762,30.687500000000046
272.79999999999353,272.96014526493605,0.10000000000002274,0.1,2.273181642920008e-14,0.0,16,2,160,70,72.39396960334297,72.21750528645762,30.787500000000048
272.89999999999355,273.06014526493607,0.10000000000002274,0.1,2.273181642920008e-14,0.0,16,2,160,69,72.29396960334296,72.11750528645763,30.887500000000045
272.9999999999936,273.1601452649361,0.10000000000002274,0.1,2.273181642920008e-14,0.0,16,2,162,68,72.19396960334296,72.01750528645763,30.987500000000047
273.0999999999936,273.2601452649361,0.10000000000002274,0.1,2.273181642920008e-14,0.0,16,2,161,68,72.09396960334297,71.91750528645764,31.087500000000045
273.1999999999936,273.36014526493614,0.10000000000002274,0.1,2.273181642920008e-14,0.0,16,2,160,69,71.99396960334298,71.81750528645765,31.187500000000046
273.29999999999364,273.46014526493616,0.10000000000002274,0.1,2.273181642920008e-14,0.0,16,2,161,70,71.89396960334298,71.71750528645765,31.287500000000048
273.39999999999367,273.5601452649362,0.10000000000002274,0.1,2.273181642920008e-14,0.0,16,2,160,70,71.79396960334299,71.61750528645766,31.387500000000045
273.4999999999937,273.6601452649362,0.10000000000002274,0.1,2.273181642920008e-14,0.0,16,2,159,70,71.69396960334298,71.51750528645766,31.487500000000047
273.5999999999937,273.7601452649362,0.10000000000002274,0.1,2.273181642920008e-14,0.0,16,2,158,70,71.59396960334298,71.41750528645767,31.587500000000045
273.69999999999374,273.86014526493625,0.10000000000002274,0.1,2.273181642920008e-14,0.0,16,2,158,69,71.49396960334299,71.31750528645767,31.687500000000046
273.79999999999376,273.9601452649363,0.10000000000002274,0.1,2.273181642920008e-14,0.0,16,2,159,69,71.393969603343,71.21750528645768,31.787500000000048
273.8999999999938,274.0601452649363,0.10000000000002274,0.1,2.273181642920008e-14,0.0,16,2,159,68,71.293969603343,71.11750528645769,31.887500000000045
273.9999999999938,274.1601452649363,0.10000000000002274,0.1,2.273181642920008e-14,0.0,16,2,160,68,71.193969603343,71.01750528645769,31.987500000000047
274.0999999999938,274.26014526493634,0.10000000000002274,0.1,2.273181642920008e-14,0.0,16,2,161,68,71.093969603343,70.9175052864577,32.08750000000005
274.19999999999385,274.36014526493636,0.10000000000002274,0.1,2.273181642920008e-14,0.0,16,2,161,67,70.993969603343,70.8175052864577,32.18750000000005
274.2999999999939,274.4601452649364,0.10000000000002274,0.1,2.273181642920008e-14,0.0,16,2,160,67,70.89396960334301,70.71750528645771,32.287500000000044
274.3999999999939,274.5601452649364,0.10000000000002274,0.1,2.273181642920008e-14,0.0,16,2,159,67,70.79396960334302,70.61750528645771,32.387500000000045
274.4999999999939,274.66014526493643,0.10000000000002274,0.1,2.273181642920008e-14,0.0,16,2,160,67,70.69396960334302,70.51750528645772,32.48750000000005
274.59999999999394,274.76014526493645,0.10000000000002274,0.1,2.273181642920008e-14,0.0,16,2,159,68,70.59396960334301,70.41750528645773,32.58750000000005
274.69999999999396,274.8601452649365,0.10000000000002274,0.1,2.273181642920008e-14,0.0,16,2,158,68,70.49396960334302,70.31750528645773,32.68750000000005
274.799999999994,274.9601452649365,0.10000000000002274,0.1,2.273181642920008e-14,0.0,16,2,158,68,70.39396960334302,70.21750528645774,32.787500000000044
274.899999999994,275.0601452649365,0.10000000000002274,0.1,2.273181642920008e-14,0.0,16,2,158,68,70.29396960334303,70.11750528645774,32.887500000000045
274.99999999999403,275.16014526493655,0.10000000000002274,0.1,2.273181642920008e-14,0.0,16,2,158,68,70.19396960334304,70.01750528645775,32.98750000000005
275.09999999999405,275.26014526493657,0.10000000000002274,0.1,2.273181642920008e-14,0.0,16,2,158,68,70.09396960334304,69.91750528645775,33.08750000000005
275.1999999999941,275.3601452649366,0.10000000000002274,0.1,2.273181642920008e-14,0.0,16,2,158,67,69.99396960334303,69.81750528645776,33.18750000000005
275.2999999999941,275.4601452649366,0.10000000000002274,0.1,2.273181642920008e-14,0.0,16,2,160,67,69.89396960334304,69.71750528645777,33.287500000000044
275.3999999999941,275.56014526493664,0.10000000000002274,0.1,2.273181642920008e-14,0.0,16,2,160,67,69.79396960334304,69.61750528645777,33.387500000000045
275.49999999999415,275.66014526493666,0.10000000000002274,0.1,2.273181642920008e-14,0.0,16,2,160,67,69.69396960334305,69.51750528645778,33.48750000000005
275.59999999999417,275.7601452649367,0.10000000000002274,0.1,2.273181642920008e-14,0.0,16,2,159,67,69.59396960334306,69.41750528645778,33.58750000000005
275.6999999999942,275.8601452649367,0.10000000000002274,0.1,2.273181642920008e-14,0.0,16,2,158,67,69.44534460334306,69.31750528645779,33.68750000000005
275.7999999999942,275.9601452649367,0.10000000000002274,0.1,2.273181642920008e-14,0.0,16,2,158,67,69.29665710334305,69.2175052864578,33.78750000000005
275.89999999999424,276.06014526493675,0.10000000000002274,0.1,2.273181642920008e-14,0.0,16,2,157,67,69.14790710334306,69.1175052864578,33.887500000000045
275.99999999999426,276.1601452649368,0.10000000000002274,0.1,2.273181642920008e-14,0.0,16,2,158,67,68.99909460334307,69.0175052864578,33.98750000000005
276.0999999999943,276.2601452649368,0.10000000000002274,0.1,2.273181642920008e-14,0.0,16,2,158,67,68.85021960334306,68.91750528645781,34.08750000000005
276.1999999999943,276.3601452649368,0.10000000000002274,0.1,2.273181642920008e-14,0.0,16,2,157,67,68.70128210334308,68.81750528645782,34.18750000000005
276.2999999999943,276.46014526493684,0.10000000000002274,0.1,2.273181642920008e-14,0.0,16,2,157,66,68.4875567978737,68.71750528645782,34.28750000000005
276.39999999999435,276.56014526493686,0.10000000000002274,0.1,2.273181642920008e-14,0.0,16,2,158,67,68.27568467629436,68.61750528645783,34.387500000000045
276.4999999999944,276.6601452649369,0.10000000000002274,0.1,2.273181642920008e-14,0.0,16,2,158,67,68.06360641766896,68.51750528645783,34.48750000000005
276.5999999999944,276.7601452649369,0.10000000000002274,0.1,2.273181642920008e-14,0.0,16,2,158,67,67.85116549283464,68.41750528645784,34.58750000000005
276.6999999999944,276.86014526493693,0.10000000000002274,0.1,2.273181642920008e-14,0.0,16,2,158,68,67.63854843068367,68.31750528645784,34.68750000000005
276.79999999999444,276.96014526493695,0.10000000000002274,0.1,2.273181642920008e-14,0.0,16,2,158,68,67.4258311211629,68.21750528645785,34.78750000000005
276.89999999999446,277.060145264937,0.10000000000002274,0.1,2.273181642920008e-14,0.0,16,2,158,68,67.21304502671134,68.11750528645786,34.887500000000045
276.9999999999945,277.160145264937,0.10000000000002274,0.1,2.273181642920008e-14,0.0,16,2,158,68,67.00019237045758,68.01750528645786,34.98750000000005
277.0999999999945,277.260145264937,0.10000000000002274,0.1,2.273181642920008e-14,0.0,16,2,158,68,66.78727818653654,67.91750528645787,35.08750000000005
277.19999999999453,277.36014526493705,0.10000000000002274,0.1,2.273181642920008e-14,0.0,16,2,158,68,66.57430863395751,67.81750528645787,35.18750000000005
277.29999999999455,277.46014526493707,0.10000000000002274,0.1,2.273181642920008e-14,0.0,16,2,158,68,66.36129021032096,67.71750528645788,35.28750000000005
277.3999999999946,277.5601452649371,0.10000000000002274,0.1,2.273181642920008e-14,0.0,16,2,158,68,66.14822933502784,67.61750528645788,35.38750000000005
277.4999999999946,277.6601452649371,0.10000000000002274,0.1,2.273181642920008e-14,0.0,16,2,158,68,65.93513208936722,67.51750528645789,35.48750000000005
277.5999999999946,277.76014526493714,0.10000000000002274,0.1,2.273181642920008e-14,0.0,16,2,158,68,65.71801757072609,67.4175052864579,35.58750000000005
277.69999999999465,277.86014526493716,0.10000000000002274,0.1,2.273181642920008e-14,0.0,16,2,158,68,65.5056425707261,66.53267727413002,35.68750000000005
277.79999999999467,277.9601452649372,0.10000000000002274,0.1,2.273181642920008e-14,0.0,16,2,158,68,65.28822580535966,65.63367727413004,35.78750000000005
277.8999999999947,278.0601452649372,0.10000000000002274,0.1,2.273181642920008e-14,0.0,16,2,159,68,65.0714339064746,64.73367727413005,35.88750000000005
277.9999999999947,278.1601452649372,0.10000000000002274,0.1,2.273181642920008e-14,0.0,16,2,159,68,64.85343148032992,63.832677274130056,35.98750000000005
278.09999999999474,278.26014526493725,0.10000000000002274,0.1,2.273181642920008e-14,0.0,16,2,161,68,64.63611929981045,63.58735617630959,36.08750000000005
278.19999999999476,278.3601452649373,0.10000000000002274,0.1,2.273181642920008e-14,0.0,16,2,162,68,64.42343179981046,63.48735617630959,36.18750000000005
278.2999999999948,278.4601452649373,0.10000000000002274,0.1,2.273181642920008e-14,0.0,16,2,162,69,64.20467388580836,63.38735617630959,36.28750000000005
278.3999999999948,278.5601452649373,0.10000000000002274,0.1,2.273181642920008e-14,0.0,16,2,162,69,63.98676577542284,63.287356176309586,36.38750000000005
278.4999999999948,278.66014526493734,0.10000000000002274,0.1,2.273181642920008e-14,0.0,16,2,162,69,63.773890775422835,63.187356176309585,36.48750000000005
278.59999999999485,278.76014526493736,0.10000000000002274,0.1,2.273181642920008e-14,0.0,16,2,162,69,63.56095327542284,63.087356176309584,36.58750000000005
278.6999999999949,278.8601452649374,0.10000000000002274,0.1,2.273181642920008e-14,0.0,16,2,162,69,63.34795327542284,62.98735617630958,36.68750000000005
278.7999999999949,278.9601452649374,0.10000000000002274,0.1,2.273181642920008e-14,0.0,16,2,162,69,63.134890775422846,62.88735617630958,36.78750000000005
278.8999999999949,279.06014526493743,0.10000000000002274,0.1,2.273181642920008e-14,0.0,16,2,162,69,62.92176577542285,62.78735617630958,36.88750000000005
278.99999999999494,279.16014526493746,0.10000000000002274,0.1,2.273181642920008e-14,0.0,16,2,162,70,62.708578275422845,62.68735617630958,36.987500000000054
279.09999999999496,279.2601452649375,0.10000000000002274,0.1,2.273181642920008e-14,0.0,16,2,161,71,62.49532827542285,62.58735617630958,37.08750000000005
279.199999999995,279.3601452649375,0.10000000000002274,0.1,2.273181642920008e-14,0.0,16,2,160,70,62.28201577542285,62.487356176309575,37.18750000000005
279.299999999995,279.4601452649375,0.10000000000002274,0.1,2.273181642920008e-14,0.0,16,2,159,69,62.06864077542286,62.387356176309574,37.28750000000005
279.39999999999503,279.56014526493755,0.10000000000002274,0.1,2.273181642920008e-14,0.0,16,2,159,69,61.885088789846805,62.28735617630957,37.38750000000005
279.49999999999505,279.66014526493757,0.10000000000002274,0.1,2.273181642920008e-14,0.0,16,2,159,69,61.7340887898468,62.18735617630957,37.487500000000054
279.5999999999951,279.7601452649376,0.10000000000002274,0.1,2.273181642920008e-14,0.0,16,2,158,69,61.583026289846806,62.08735617630957,37.58750000000005
279.6999999999951,279.8601452649376,0.10000000000002274,0.1,2.273181642920008e-14,0.0,16,2,159,69,61.431901289846806,61.98735617630957,37.68750000000005
279.7999999999951,279.96014526493764,0.10000000000002274,0.1,2.273181642920008e-14,0.0,16,2,158,70,61.280713789846814,61.88735617630957,37.78750000000005
279.89999999999515,280.06014526493766,0.10000000000002274,0.1,2.273181642920008e-14,0.0,16,2,158,70,61.12946378984681,61.787356176309565,37.88750000000005
279.99999999999517,280.1601452649377,0.10000000000002274,0.1,2.273181642920008e-14,0.0,16,2,158,70,60.978151289846814,61.687356176309564,37.987500000000054
280.0999999999952,280.2601452649377,0.10000000000002274,0.1,2.273181642920008e-14,0.0,16,2,159,70,60.82677628984682,61.58735617630956,38.087500000000055
280.1999999999952,280.3601452649377,0.10000000000002274,0.1,2.273181642920008e-14,0.0,16,2,160,71,60.67533878984682,61.48735617630956,38.18750000000005
280.29999999999524,280.46014526493775,0.10000000000002274,0.1,2.273181642920008e-14,0.0,16,2,159,71,60.52383878984682,61.38735617630956,38.28750000000005
280.39999999999526,280.5601452649378,0.10000000000002274,0.1,2.273181642920008e-14,0.0,16,2,160,71,60.37227628984682,61.28735617630956,38.38750000000005
280.4999999999953,280.6601452649378,0.10000000000002274,0.1,2.273181642920008e-14,0.0,16,2,162,71,60.22065128984683,61.18735617630956,38.487500000000054
280.5999999999953,280.7601452649378,0.10000000000002274,0.1,2.273181642920008e-14,0.0,16,2,163,71,60.068963789846826,61.087356176309555,38.587500000000055
280.6999999999953,280.86014526493784,0.10000000000002274,0.1,2.273181642920008e-14,0.0,16,2,163,71,59.917213789846826,60.987356176309554,38.68750000000006
280.79999999999535,280.96014526493786,0.10000000000002274,0.1,2.273181642920008e-14,0.0,16,2,163,71,59.765401289846835,60.88735617630955,38.78750000000005
280.8999999999954,281.0601452649379,0.10000000000002274,0.1,2.273181642920008e-14,0.0,16,2,163,71,59.61352628984683,60.78735617630955,38.88750000000005
280.9999999999954,281.1601452649379,0.10000000000002274,0.1,2.273181642920008e-14,0.0,16,2,164,71,59.461588789846836,60.68735617630955,38.987500000000054
281.0999999999954,281.26014526493793,0.10000000000002274,0.1,2.273181642920008e-14,0.0,16,2,165,71,59.309588789846835,60.58735617630955,39.087500000000055
281.19999999999544,281.36014526493796,0.10000000000002274,0.1,2.273181642920008e-14,0.0,16,2,166,72,59.15752628984684,60.48735617630955,39.18750000000006
281.29999999999546,281.460145264938,0.10000000000002274,0.1,2.273181642920008e-14,0.0,16,2,166,73,59.005401289846844,60.387356176309545,39.28750000000005
281.3999999999955,281.560145264938,0.10000000000002274,0.1,2.273181642920008e-14,0.0,16,2,166,73,58.85321378984684,60.287356176309544,39.38750000000005
281.4999999999955,281.660145264938,0.10000000000002274,0.1,2.273181642920008e-14,0.0,16,2,167,73,58.700963789846845,60.18735617630954,39.487500000000054
281.59999999999553,281.76014526493805,0.10000000000002274,0.1,2.273181642920008e-14,0.0,16,2,167,74,58.548651289846845,60.08735617630954,39.587500000000055
281.69999999999555,281.86014526493807,0.10000000000002274,0.1,2.273181642920008e-14,0.0,16,2,168,74,58.396276289846845,59.98735617630954,39.68750000000006
281.7999999999956,281.9601452649381,0.10000000000002274,0.1,2.273181642920008e-14,0.0,16,2,169,74,58.24383878984685,59.88735617630954,39.78750000000006
281.8999999999956,282.0601452649381,0.10000000000002274,0.1,2.273181642920008e-14,0.0,16,2,169,73,58.09133878984685,59.78735617630954,39.88750000000005
281.9999999999956,282.16014526493814,0.10000000000002274,0.1,2.273181642920008e-14,0.0,16,2,171,74,57.93877628984686,59.687356176309535,39.987500000000054
282.09999999999565,282.26014526493816,0.10000000000002274,0.1,2.273181642920008e-14,0.0,16,2,171,75,57.786151289846856,59.587356176309534,40.087500000000055
282.19999999999567,282.3601452649382,0.10000000000002274,0.1,2.273181642920008e-14,0.0,16,2,172,75,57.63346378984686,59.48735617630953,40.18750000000006
282.2999999999957,282.4601452649382,0.10000000000002274,0.1,2.273181642920008e-14,0.0,16,2,172,76,57.48071378984686,59.38735617630953,40.28750000000006
282.3999999999957,282.5601452649382,0.10000000000002274,0.1,2.273181642920008e-14,0.0,16,2,173,76,57.327901289846864,59.28735617630953,40.38750000000006
282.49999999999574,282.66014526493825,0.10000000000002274,0.1,2.273181642920008e-14,0.0,16,2,173,76,57.17502628984686,59.18735617630953,40.48750000000006
282.59999999999576,282.8201452649383,0.160000000000025,0.1,0.060000000000025006,0.0,16,2,173,76,60.49957785298139,62.417505286458066,40.587500000000055
282.6999999999958,282.9201452649383,0.10000000000002274,0.1,2.273181642920008e-14,0.0,16,2,172,76,60.15343413369773,62.317505286458065,40.68750000000006
282.7999999999958,283.0201452649383,0.10000000000002274,0.1,2.273181642920008e-14,0.0,16,2,171,76,59.811658940452276,62.21750528645806,40.78750000000006
282.8999999999958,283.12014526493834,0.10000000000002274,0.1,2.273181642920008e-14,0.0,16,2,174,76,59.40778394045228,62.11750528645806,40.88750000000006
282.99999999999585,283.22014526493837,0.10000000000002274,0.1,2.273181642920008e-14,0.0,16,2,174,76,59.00378394045229,62.01750528645806,40.98750000000006
283.0999999999959,283.3201452649384,0.10000000000002274,0.1,2.273181642920008e-14,0.0,16,2,175,76,58.59965894045229,61.91750528645806,41.08750000000006
283.1999999999959,283.4201452649384,0.10000000000002274,0.1,2.273181642920008e-14,0.0,16,2,175,76,58.19540894045229,61.81750528645806,41.18750000000006
283.2999999999959,283.52014526493844,0.10000000000002274,0.1,2.273181642920008e-14,0.0,16,2,175,76,57.791033940452294,61.717505286458056,41.28750000000006
283.39999999999594,283.62014526493846,0.10000000000002274,0.1,2.273181642920008e-14,0.0,15,2,175,76,61.239698423499654,61.617505286458055,40.433333333333366
283.49999999999596,283.7201452649385,0.10000000000002274,0.1,2.273181642920008e-14,0.0,15,2,175,76,60.84809842349965,61.517505286458054,40.53333333333337
283.599999999996,283.8201452649385,0.10000000000002274,0.1,2.273181642920008e-14,0.0,15,2,175,77,60.45636509016632,61.41750528645805,40.63333333333336
283.699999999996,283.9201452649385,0.10000000000002274,0.1,2.273181642920008e-14,0.0,15,2,176,77,60.06449842349966,61.31750528645805,40.73333333333336
283.79999999999603,284.02014526493855,0.10000000000002274,0.1,2.273181642920008e-14,0.0,15,2,176,77,59.67249842349966,61.21750528645805,40.833333333333364
283.89999999999606,284.12014526493857,0.10000000000002274,0.1,2.273181642920008e-14,0.0,15,2,177,77,59.280365090166335,61.11750528645805,40.933333333333366
283.9999999999961,284.2801452649386,0.160000000000025,0.1,0.060000000000025006,0.0,15,2,175,77,62.88809842349969,61.01750528645805,41.03333333333337
284.0999999999961,284.3801452649386,0.10000000000002274,0.1,2.273181642920008e-14,0.0,15,2,175,77,62.593811111623076,60.917505286458045,41.13333333333336
284.1999999999961,284.48014526493864,0.10000000000002274,0.1,2.273181642920008e-14,0.0,15,2,174,77,62.367944444956414,60.817505286458044,41.23333333333336
284.29999999999615,284.58014526493866,0.10000000000002274,0.1,2.273181642920008e-14,0.0,15,2,174,77,62.141944444956415,60.71750528645804,41.333333333333364
284.39999999999617,284.6801452649387,0.10000000000002274,0.1,2.273181642920008e-14,0.0,15,2,176,78,61.915811111623086,60.61750528645804,41.433333333333366
284.4999999999962,284.7801452649387,0.10000000000002274,0.1,2.273181642920008e-14,0.0,15,2,176,77,61.68954444495642,60.51750528645804,41.53333333333337
284.5999999999962,284.88014526493873,0.10000000000002274,0.1,2.273181642920008e-14,0.0,15,2,175,78,61.463144444956434,60.41750528645804,41.63333333333336
284.69999999999624,284.98014526493876,0.10000000000002274,0.1,2.273181642920008e-14,0.0,15,2,175,78,61.2366111116231,60.31750528645804,41.73333333333336
284.79999999999626,285.0801452649388,0.10000000000002274,0.1,2.273181642920008e-14,0.0,15,2,175,78,61.00994444495643,60.217505286458035,41.833333333333364
284.8999999999963,285.1801452649388,0.10000000000002274,0.1,2.273181642920008e-14,0.0,15,2,174,78,60.783144444956434,60.117505286458034,41.933333333333366
284.9999999999963,285.2801452649388,0.10000000000002274,0.1,2.273181642920008e-14,0.0,15,2,174,78,60.556211111623114,60.01750528645803,42.03333333333337
285.0999999999963,285.38014526493885,0.10000000000002274,0.1,2.273181642920008e-14,0.0,15,2,174,78,60.32914444495645,59.91750528645803,42.13333333333337
285.19999999999635,285.48014526493887,0.10000000000002274,0.1,2.273181642920008e-14,0.0,15,2,174,78,60.101944444956445,59.81750528645803,42.23333333333337
285.2999999999964,285.5801452649389,0.10000000000002274,0.1,2.273181642920008e-14,0.0,15,2,174,78,59.87461111162312,59.71750528645803,42.33333333333337
285.3999999999964,285.6801452649389,0.10000000000002274,0.1,2.273181642920008e-14,0.0,15,2,174,78,59.64714444495645,59.61750528645803,42.43333333333337
285.4999999999964,285.78014526493894,0.10000000000002274,0.1,2.273181642920008e-14,0.0,15,2,174,78,59.419544444956465,59.517505286458025,42.533333333333374
285.59999999999644,285.88014526493896,0.10000000000002274,0.1,2.273181642920008e-14,0.0,15,2,175,78,59.19181111162313,59.417505286458024,42.63333333333337
285.69999999999646,285.980145264939,0.10000000000002274,0.1,2.273181642920008e-14,0.0,15,2,175,78,58.96394444495647,59.31750528645802,42.73333333333337
285.7999999999965,286.080145264939,0.10000000000002274,0.1,2.273181642920008e-14,0.0,15,2,175,78,58.735944444956466,59.21750528645802,42.83333333333337
285.8999999999965,286.18014526493903,0.10000000000002274,0.1,2.273181642920008e-14,0.0,15,2,175,78,58.50781111162314,59.11750528645802,42.93333333333337
285.99999999999653,286.28014526493905,0.10000000000002274,0.1,2.273181642920008e-14,0.0,15,2,174,79,58.27954444495648,59.01750528645802,43.033333333333374
286.09999999999656,286.3801452649391,0.10000000000002274,0.1,2.273181642920008e-14,0.0,15,2,173,79,58.05114444495648,58.91750528645802,43.13333333333337
286.1999999999966,286.4801452649391,0.10000000000002274,0.1,2.273181642920008e-14,0.0,15,2,173,79,57.822611111623154,58.817505286458015,43.23333333333337
286.2999999999966,286.5801452649391,0.10000000000002274,0.1,2.273181642920008e-14,0.0,15,2,172,80,57.59394444495649,58.717505286458014,43.33333333333337
286.3999999999966,286.68014526493914,0.10000000000002274,0.1,2.273181642920008e-14,0.0,15,2,172,80,57.36514444495649,58.61750528645801,43.43333333333337
286.49999999999665,286.78014526493916,0.10000000000002274,0.1,2.273181642920008e-14,0.0,14,2,171,79,61.42878501433652,68.82394234431155,39.15000000000016
286.59999999999667,286.8801452649392,0.10000000000002274,0.1,2.273181642920008e-14,0.0,14,2,171,79,61.265499300050806,68.72394234431155,39.25000000000016
286.6999999999967,286.9801452649392,0.10000000000002274,0.1,2.273181642920008e-14,0.0,14,2,170,79,61.10214215719366,68.62394234431156,39.35000000000016
286.7999999999967,287.08014526493923,0.10000000000002274,0.1,2.273181642920008e-14,0.0,14,2,172,79,60.93871358576509,68.52394234431156,39.450000000000166
286.89999999999674,287.18014526493926,0.10000000000002274,0.1,2.273181642920008e-14,0.0,14,2,173,79,60.775213585765094,68.42394234431157,39.55000000000017
286.99999999999676,287.2801452649393,0.10000000000002274,0.1,2.273181642920008e-14,0.0,14,2,172,79,60.61164215719367,68.32394234431158,39.65000000000016
287.0999999999968,287.3801452649393,0.10000000000002274,0.1,2.273181642920008e-14,0.0,14,2,172,79,60.44799930005082,68.22394234431158,39.75000000000017
287.1999999999968,287.4801452649393,0.10000000000002274,0.1,2.273181642920008e-14,0.0,14,2,171,79,60.28428501433653,68.12394234431159,39.85000000000017
287.2999999999968,287.58014526493935,0.10000000000002274,0.1,2.273181642920008e-14,0.0,14,2,172,79,60.120499300050824,68.02394234431159,39.950000000000166
287.39999999999685,287.68014526493937,0.10000000000002274,0.1,2.273181642920008e-14,0.0,14,2,171,78,59.956642157193684,67.9239423443116,40.050000000000175
287.4999999999969,287.7801452649394,0.10000000000002274,0.1,2.273181642920008e-14,0.0,14,2,173,78,59.792713585765114,67.8239423443116,40.15000000000017
287.5999999999969,287.8801452649394,0.10000000000002274,0.1,2.273181642920008e-14,0.0,14,2,172,78,59.62871358576512,67.72394234431161,40.25000000000017
287.6999999999969,287.98014526493944,0.10000000000002274,0.1,2.273181642920008e-14,0.0,14,2,172,78,59.46464215719369,67.62394234431162,40.35000000000017
287.79999999999694,288.08014526493946,0.10000000000002274,0.1,2.273181642920008e-14,0.0,14,2,172,78,59.30049930005084,67.52394234431162,40.45000000000017
287.89999999999696,288.1801452649395,0.10000000000002274,0.1,2.273181642920008e-14,0.0,14,2,172,78,59.13628501433656,67.42394234431163,40.550000000000175
287.999999999997,288.2801452649395,0.10000000000002274,0.1,2.273181642920008e-14,0.0,14,2,172,78,58.97199930005085,67.32394234431163,40.65000000000017
288.099999999997,288.38014526493953,0.10000000000002274,0.1,2.273181642920008e-14,0.0,14,2,173,78,58.807642157193705,67.22394234431164,40.75000000000018
288.19999999999703,288.48014526493955,0.10000000000002274,0.1,2.273181642920008e-14,0.0,14,2,173,78,58.64321358576513,67.12394234431164,40.85000000000018
288.29999999999706,288.5801452649396,0.10000000000002274,0.1,2.273181642920008e-14,0.0,13,2,175,78,62.98711803898754,67.02394234431165,39.52307692307707
288.3999999999971,288.6801452649396,0.10000000000002274,0.1,2.273181642920008e-14,0.0,13,2,174,77,62.81757957744908,66.92394234431166,39.62307692307707
288.4999999999971,288.7801452649396,0.10000000000002274,0.1,2.273181642920008e-14,0.0,13,2,174,78,62.6479641928337,66.82394234431166,39.72307692307707
288.5999999999971,288.88014526493964,0.10000000000002274,0.1,2.273181642920008e-14,0.0,13,2,174,78,62.47827188514139,66.72394234431167,39.823076923077075
288.69999999999715,288.98014526493967,0.10000000000002274,0.1,2.273181642920008e-14,0.0,13,2,173,78,62.30850265437216,66.62394234431167,39.92307692307707
288.79999999999717,289.0801452649397,0.10000000000002274,0.1,2.273181642920008e-14,0.0,13,2,173,78,62.13865650052601,66.52394234431168,40.02307692307708
288.8999999999972,289.1801452649397,0.10000000000002274,0.1,2.273181642920008e-14,0.0,13,2,174,78,61.968733423602934,66.42394234431168,40.12307692307707
288.9999999999972,289.28014526493973,0.10000000000002274,0.1,2.273181642920008e-14,0.0,13,2,173,78,61.79873342360294,66.32394234431169,40.22307692307708
289.09999999999724,289.38014526493976,0.10000000000002274,0.1,2.273181642920008e-14,0.0,13,2,172,78,61.62865650052602,66.2239423443117,40.323076923077075
289.19999999999726,289.4801452649398,0.10000000000002274,0.1,2.273181642920008e-14,0.0,13,2,173,78,61.45850265437218,66.1239423443117,40.42307692307708
289.2999999999973,289.5801452649398,0.10000000000002274,0.1,2.273181642920008e-14,0.0,13,2,172,78,61.28827188514141,66.0239423443117,40.52307692307708
289.3999999999973,289.6801452649398,0.10000000000002274,0.1,2.273181642920008e-14,0.0,13,2,171,78,61.117964192833725,65.92394234431171,40.62307692307708
289.4999999999973,289.78014526493985,0.10000000000002274,0.1,2.273181642920008e-14,0.0,13,2,171,78,60.94757957744911,65.82394234431172,40.72307692307708
289.59999999999735,289.88014526493987,0.10000000000002274,0.1,2.273181642920008e-14,0.0,13,2,171,78,60.77711803898758,65.60556226052084,40.82307692307708
289.6999999999974,289.9801452649399,0.10000000000002274,0.1,2.273181642920008e-14,0.0,13,2,171,78,60.60657957744912,64.58856226052086,40.92307692307708
289.7999999999974,290.0801452649399,0.10000000000002274,0.1,2.273181642920008e-14,0.0,13,2,170,77,60.43596419283374,63.57056226052087,41.023076923077085
289.8999999999974,290.18014526493994,0.10000000000002274,0.1,2.273181642920008e-14,0.0,13,2,170,78,60.26527188514144,62.55156226052088,41.12307692307708
289.99999999999744,290.28014526493996,0.10000000000002274,0.1,2.273181642920008e-14,0.0,13,2,170,78,60.0945026543722,61.53156226052089,41.22307692307709
290.09999999999746,290.38014526494,0.10000000000002274,0.1,2.273181642920008e-14,0.0,13,2,170,78,59.92365650052605,60.5105622605209,41.32307692307708
290.1999999999975,290.48014526494,0.10000000000002274,0.1,2.273181642920008e-14,0.0,13,2,170,78,59.75273342360298,59.48856226052091,41.42307692307709
290.2999999999975,290.58014526494003,0.10000000000002274,0.1,2.273181642920008e-14,0.0,13,2,169,78,59.581733423602984,58.46556226052092,41.523076923077085
290.39999999999753,290.68014526494005,0.10000000000002274,0.1,2.273181642920008e-14,0.0,13,2,167,78,59.41065650052606,57.441562260520925,41.62307692307709
290.49999999999756,290.7801452649401,0.10000000000002274,0.1,2.273181642920008e-14,0.0,13,2,166,78,59.23950265437222,56.416562260520934,41.72307692307709
290.5999999999976,290.8801452649401,0.10000000000002274,0.1,2.273181642920008e-14,0.0,13,2,167,78,59.06827188514145,55.390562260520944,41.823076923077096
290.6999999999976,290.9801452649401,0.10000000000002274,0.1,2.273181642920008e-14,0.0,13,2,167,78,58.76446592740446,54.36356226052095,41.92307692307709
290.7999999999976,291.08014526494014,0.10000000000002274,0.1,2.273181642920008e-14,0.0,13,2,167,78,58.516158235096775,54.21750528645795,42.02307692307709
290.89999999999765,291.23274526494015,0.15260000000000673,0.1,0.052600000000006725,0.0,13,2,166,78,62.31392746586603,54.11750528645795,42.12307692307709
290.99999999999767,291.3327452649402,0.10000000000002274,0.1,2.273181642920008e-14,0.0,13,2,165,78,62.08037127307186,54.01750528645795,42.223076923077095
291.0999999999977,291.4327452649402,0.10000000000002274,0.1,2.273181642920008e-14,0.0,13,2,165,78,61.828749409591296,53.917505286457946,42.323076923077096
291.1999999999977,291.5327452649402,0.10000000000002274,0.1,2.273181642920008e-14,0.0,13,2,166,78,61.58013402497591,53.817505286457944,42.4230769230771
291.29999999999774,291.63274526494024,0.10000000000002274,0.1,2.273181642920008e-14,0.0,13,2,166,78,61.33144171728361,53.71750528645794,42.52307692307709
291.39999999999776,291.73274526494026,0.10000000000002274,0.1,2.273181642920008e-14,0.0,13,2,166,78,61.082672486514376,53.61750528645794,42.6230769230771
291.4999999999978,291.8327452649403,0.10000000000002274,0.1,2.273181642920008e-14,0.0,13,2,167,78,60.83382633266823,53.51750528645794,42.723076923077095
291.5999999999978,291.9327452649403,0.10000000000002274,0.1,2.273181642920008e-14,0.0,13,2,167,78,60.584903255745154,53.41750528645794,42.8230769230771
291.69999999999783,292.03274526494033,0.10000000000002274,0.1,2.273181642920008e-14,0.0,13,2,167,77,60.33590325574516,53.31750528645794,42.9230769230771
291.79999999999785,292.13274526494035,0.10000000000002274,0.1,2.273181642920008e-14,0.0,13,2,167,78,60.08682633266823,53.217505286457936,43.023076923077106
291.8999999999979,292.2327452649404,0.10000000000002274,0.1,2.273181642920008e-14,0.0,13,2,166,77,59.83767248651439,53.117505286457934,43.1230769230771
291.9999999999979,292.3327452649404,0.10000000000002274,0.1,2.273181642920008e-14,0.0,13,2,168,77,59.58844171728362,53.01750528645793,43.2230769230771
292.0999999999979,292.4327452649404,0.10000000000002274,0.1,2.273181642920008e-14,0.0,13,2,168,77,59.33913402497593,52.91750528645793,43.3230769230771
292.19999999999794,292.53274526494044,0.10000000000002274,0.1,2.273181642920008e-14,0.0,13,2,167,77,59.08974940959131,52.81750528645793,43.423076923077105
292.29999999999797,292.63274526494047,0.10000000000002274,0.1,2.273181642920008e-14,0.0,13,2,167,76,58.84028787112978,52.71750528645793,43.523076923077106
292.399999999998,292.7327452649405,0.10000000000002274,0.1,2.273181642920008e-14,0.0,13,2,167,76,58.580955259247204,52.61750528645793,43.62307692307711
292.499999999998,292.8327452649405,0.10000000000002274,0.1,2.273181642920008e-14,0.0,13,2,167,76,58.32053047755967,52.517505286457926,43.7230769230771
292.59999999999803,292.93274526494054,0.10000000000002274,0.1,2.273181642920008e-14,0.0,13,2,167,76,58.070838169867365,52.417505286457924,43.82307692307711
292.69999999999806,293.03274526494056,0.10000000000002274,0.1,2.273181642920008e-14,0.0,13,2,166,75,57.821068939098126,52.31750528645792,43.923076923077105
292.7999999999981,293.1327452649406,0.10000000000002274,0.1,2.273181642920008e-14,0.0,13,2,166,75,57.571222785251976,52.21750528645792,44.02307692307711
292.8999999999981,293.2327452649406,0.10000000000002274,0.1,2.273181642920008e-14,0.0,13,2,165,74,57.32129970832891,52.11750528645792,44.12307692307711
292.9999999999981,293.3327452649406,0.10000000000002274,0.1,2.273181642920008e-14,0.0,13,2,165,74,57.07129970832891,52.01750528645792,44.223076923077116
293.09999999999815,293.43274526494065,0.10000000000002274,0.1,2.273181642920008e-14,0.0,13,2,165,73,56.82122278525199,51.91750528645792,44.32307692307711
293.19999999999817,293.5327452649407,0.10000000000002274,0.1,2.273181642920008e-14,0.0,13,2,164,73,56.57106893909814,51.817505286457916,44.42307692307712
293.2999999999982,293.6327452649407,0.10000000000002274,0.1,2.273181642920008e-14,0.0,13,2,164,73,56.32083816986737,51.717505286457914,44.52307692307711
293.3999999999982,293.7327452649407,0.10000000000002274,0.1,2.273181642920008e-14,0.0,13,2,166,73,56.11662778432503,51.61750528645791,44.623076923077114
293.49999999999824,293.83274526494074,0.10000000000002274,0.1,2.273181642920008e-14,0.0,13,2,166,71,55.943166245863495,51.51750528645791,44.723076923077116
293.59999999999826,293.93274526494076,0.10000000000002274,0.1,2.273181642920008e-14,0.0,13,2,167,71,55.76962778432504,51.41750528645791,44.82307692307712
293.6999999999983,294.0327452649408,0.10000000000002274,0.1,2.273181642920008e-14,0.0,13,2,167,71,55.59601239970966,51.31750528645791,44.92307692307712
293.7999999999983,294.1327452649408,0.10000000000002274,0.1,2.273181642920008e-14,0.0,13,2,167,71,55.42232009201735,51.21750528645791,45.02307692307712
293.89999999999833,294.23274526494083,0.10000000000002274,0.1,2.273181642920008e-14,0.0,13,2,166,71,55.24855086124812,51.117505286457906,45.123076923077114
293.99999999999835,294.33274526494085,0.10000000000002274,0.1,2.273181642920008e-14,0.0,13,2,166,71,55.07470470740197,51.017505286457904,45.22307692307712
294.0999999999984,294.4327452649409,0.10000000000002274,0.1,2.273181642920008e-14,0.0,13,2,167,71,54.900781630478896,50.9175052864579,45.32307692307712
294.1999999999984,294.5327452649409,0.10000000000002274,0.1,2.273181642920008e-14,0.0,13,2,167,71,54.7267816304789,50.8175052864579,45.423076923077126
294.2999999999984,294.6327452649409,0.10000000000002274,0.1,2.273181642920008e-14,0.0,13,2,166,71,54.55270470740197,50.7175052864579,45.52307692307712
294.39999999999844,294.73274526494095,0.10000000000002274,0.1,2.273181642920008e-14,0.0,13,2,167,71,54.37855086124814,50.6175052864579,45.62307692307713
294.49999999999847,294.83274526494097,0.10000000000002274,0.1,2.273181642920008e-14,0.0,13,2,167,72,54.20432009201737,50.5175052864579,45.72307692307712
294.5999999999985,294.932745264941,0.10000000000002274,0.1,2.273181642920008e-14,0.0,13,2,168,72,54.030012399709676,50.417505286457896,45.823076923077124
294.6999999999985,295.032745264941,0.10000000000002274,0.1,2.273181642920008e-14,0.0,13,2,168,72,53.85562778432506,50.317505286457894,45.923076923077126
294.79999999999853,295.13274526494104,0.10000000000002274,0.1,2.273181642920008e-14,0.0,13,2,167,72,53.68116624586352,50.21750528645789,46.02307692307713
294.89999999999856,295.23274526494106,0.10000000000002274,0.1,2.273181642920008e-14,0.0,13,2,168,72,53.50662778432506,50.11750528645789,46.12307692307713
294.9999999999986,295.3327452649411,0.10000000000002274,0.1,2.273181642920008e-14,0.0,13,2,167,72,53.33201239970968,50.01750528645789,46.22307692307713
295.0999999999986,295.4327452649411,0.10000000000002274,0.1,2.273181642920008e-14,0.0,13,2,168,73,53.15732009201737,49.91750528645789,46.323076923077124
295.1999999999986,295.5327452649411,0.10000000000002274,0.1,2.273181642920008e-14,0.0,13,2,168,74,52.98255086124815,49.81750528645789,46.42307692307713
295.29999999999865,295.63274526494115,0.10000000000002274,0.1,2.273181642920008e-14,0.0,13,2,167,74,52.807704707401996,49.717505286457886,46.52307692307713
295.39999999999867,295.7327452649412,0.10000000000002274,0.1,2.273181642920008e-14,0.0,13,2,165,74,52.632781630478924,49.617505286457884,46.623076923077136
295.4999999999987,295.8327452649412,0.10000000000002274,0.1,2.273181642920008e-14,0.0,13,2,163,74,52.45778163047893,49.51750528645788,46.72307692307713
295.5999999999987,295.9327452649412,0.10000000000002274,0.1,2.273181642920008e-14,0.0,13,2,161,75,52.282704707402004,49.41750528645788,46.82307692307714
295.69999999999874,296.03274526494124,0.10000000000002274,0.1,2.273181642920008e-14,0.0,13,2,162,75,52.10755086124816,49.31750528645788,46.92307692307713
295.79999999999876,296.13274526494126,0.10000000000002274,0.1,2.273181642920008e-14,0.0,13,2,161,76,51.9323200920174,49.21750528645788,47.02307692307714
295.8999999999988,296.2327452649413,0.10000000000002274,0.1,2.273181642920008e-14,0.0,13,2,161,76,51.7570123997097,49.11750528645788,47.123076923077136
295.9999999999988,296.3327452649413,0.10000000000002274,0.1,2.273181642920008e-14,0.0,12,2,161,76,56.01329991130873,56.736893396968824,42.98333333333367
296.09999999999883,296.43274526494133,0.10000000000002274,0.1,2.273181642920008e-14,0.0,12,2,161,76,55.91329991130872,56.63689339696882,43.08333333333368
296.19999999999885,296.53274526494135,0.10000000000002274,0.1,2.273181642920008e-14,0.0,12,2,161,76,55.813299911308725,56.53689339696882,43.18333333333368
296.2999999999989,296.6327452649414,0.10000000000002274,0.1,2.273181642920008e-14,0.0,12,2,161,76,55.713299911308724,56.43689339696882,43.28333333333368
296.3999999999989,296.7327452649414,0.10000000000002274,0.1,2.273181642920008e-14,0.0,12,2,161,76,55.61329991130873,56.33689339696882,43.383333333333674
296.4999999999989,296.8327452649414,0.10000000000002274,0.1,2.273181642920008e-14,0.0,12,2,161,76,55.51329991130873,56.23689339696882,43.48333333333368
296.59999999999894,296.93274526494145,0.10000000000002274,0.1,2.273181642920008e-14,0.0,12,2,161,76,55.413299911308734,56.136893396968816,43.583333333333684
296.69999999999897,297.03274526494147,0.10000000000002274,0.1,2.273181642920008e-14,0.0,12,2,160,76,55.313299911308725,56.036893396968814,43.683333333333685
296.799999999999,297.1327452649415,0.10000000000002274,0.1,2.273181642920008e-14,0.0,12,2,160,76,55.21329991130873,55.93689339696881,43.78333333333368
296.899999999999,297.2327452649415,0.10000000000002274,0.1,2.273181642920008e-14,0.0,12,2,160,77,55.11329991130874,55.83689339696881,43.88333333333369
296.99999999999903,297.33274526494154,0.10000000000002274,0.1,2.273181642920008e-14,0.0,12,2,159,78,55.013299911308735,55.73689339696881,43.98333333333369
297.09999999999906,297.43274526494156,0.10000000000002274,0.1,2.273181642920008e-14,0.0,12,2,159,77,54.91329991130874,55.63689339696881,44.08333333333369
297.1999999999991,297.5327452649416,0.10000000000002274,0.1,2.273181642920008e-14,0.0,12,2,159,76,54.81329991130874,55.53689339696881,44.183333333333685
297.2999999999991,297.6327452649416,0.10000000000002274,0.1,2.273181642920008e-14,0.0,12,2,159,76,54.713299911308745,55.436893396968806,44.283333333333694
297.3999999999991,297.7327452649416,0.10000000000002274,0.1,2.273181642920008e-14,0.0,12,2,159,76,54.61329991130874,55.336893396968804,44.383333333333695
297.49999999999915,297.83274526494165,0.10000000000002274,0.1,2.273181642920008e-14,0.0,12,2,159,76,54.51329991130874,55.2368933969688,44.4833333333337
297.59999999999917,297.9327452649417,0.10000000000002274,0.1,2.273181642920008e-14,0.0,12,2,158,76,54.41329991130874,55.1368933969688,44.58333333333369
297.6999999999992,298.0327452649417,0.10000000000002274,0.1,2.273181642920008e-14,0.0,12,2,158,75,54.31329991130875,55.0368933969688,44.6833333333337
297.7999999999992,298.1327452649417,0.10000000000002274,0.1,2.273181642920008e-14,0.0,12,2,159,75,54.213299911308745,54.9368933969688,44.7833333333337
297.89999999999924,298.23274526494174,0.10000000000002274,0.1,2.273181642920008e-14,0.0,12,2,160,75,54.11329991130875,54.8368933969688,44.883333333333695
297.99999999999926,298.33274526494176,0.10000000000002274,0.1,2.273181642920008e-14,0.0,12,2,160,75,54.013299911308756,54.736893396968796,44.9833333333337
298.0999999999993,298.4327452649418,0.10000000000002274,0.1,2.273181642920008e-14,0.0,12,2,161,75,53.91329991130875,54.636893396968794,45.083333333333705
298.1999999999993,298.5327452649418,0.10000000000002274,0.1,2.273181642920008e-14,0.0,12,2,161,75,53.813299911308754,54.53689339696879,45.1833333333337
298.29999999999933,298.63274526494183,0.10000000000002274,0.1,2.273181642920008e-14,0.0,12,2,161,75,53.71329991130875,54.43689339696879,45.2833333333337
298.39999999999935,298.73274526494185,0.10000000000002274,0.1,2.273181642920008e-14,0.0,12,2,161,74,53.61329991130876,54.33689339696879,45.3833333333337
298.4999999999994,298.8327452649419,0.10000000000002274,0.1,2.273181642920008e-14,0.0,12,2,161,74,53.513299911308756,54.23689339696879,45.4833333333337
298.5999999999994,298.9327452649419,0.10000000000002274,0.1,2.273181642920008e-14,0.0,12,2,160,75,53.329062852040664,54.13689339696879,45.583333333333705
298.6999999999994,299.0327452649419,0.10000000000002274,0.1,2.273181642920008e-14,0.0,12,2,160,75,53.1448106186287,54.036893396968786,45.68333333333371
298.79999999999944,299.13274526494195,0.10000000000002274,0.1,2.273181642920008e-14,0.0,12,2,160,75,52.96006223503617,53.936893396968784,45.7833333333337
298.89999999999947,299.23274526494197,0.10000000000002274,0.1,2.273181642920008e-14,0.0,12,2,160,75,52.773868798953714,53.83689339696878,45.8833333333337
298.9999999999995,299.332745264942,0.10000000000002274,0.1,2.273181642920008e-14,0.0,12,2,160,75,52.58557496992697,53.73689339696878,45.98333333333371
299.0999999999995,299.432745264942,0.10000000000002274,0.1,2.273181642920008e-14,0.0,12,2,159,75,52.40161155028159,53.18358755217294,46.083333333333705
299.19999999999953,299.53274526494204,0.10000000000002274,0.1,2.273181642920008e-14,0.0,12,2,158,75,52.21679558045002,52.5704022170363,46.18333333333371
299.29999999999956,299.63274526494206,0.10000000000002274,0.1,2.273181642920008e-14,0.0,12,2,157,75,52.02897790212263,51.95650775468736,46.2833333333337
299.3999999999996,299.7327452649421,0.10000000000002274,0.1,2.273181642920008e-14,0.0,12,2,158,74,51.837794106292115,51.339485043499266,46.3833333333337
299.4999999999996,299.8327452649421,0.10000000000002274,0.1,2.273181642920008e-14,0.0,12,2,158,75,51.650208769119985,50.6903714417088,46.48333333333371
299.5999999999996,299.9327452649421,0.10000000000002274,0.1,2.273181642920008e-14,0.0,12,2,159,75,51.46440873842122,50.07465157655766,46.583333333333705
299.69999999999965,300.03274526494215,0.10000000000002274,0.1,2.273181642920008e-14,0.0,12,2,160,75,51.276707151414364,49.42682826243174,46.68333333333371
299.79999999999967,300.1327452649422,0.10000000000002274,0.1,2.273181642920008e-14,0.0,12,2,160,75,51.08994224648723,48.808210445496854,46.7833333333337
299.8999999999997,300.2327452649422,0.10000000000002274,0.1,2.273181642920008e-14,0.0,12,2,160,75,50.90525015992498,48.207746117919164,46.8833333333337
299.9999999999997,300.3327452649422,0.10000000000002274,0.1,2.273181642920008e-14,0.0,12,2,160,74,50.7182648031866,47.58494376630623,46.98333333333371
300.09999999999974,300.43274526494224,0.10000000000002274,0.1,2.273181642920008e-14,0.0,12,2,160,74,50.53435758094631,46.98053881759535,47.083333333333705
300.19999999999976,300.53274526494226,0.10000000000002274,0.1,2.273181642920008e-14,0.0,12,2,160,74,50.348428720278314,46.359106189925846,47.18333333333371
300.2999999999998,300.6327452649423,0.10000000000002274,0.1,2.273181642920008e-14,0.0,12,2,159,74,50.164299262334474,45.75416962534409,47.28333333333371
300.3999999999998,300.7327452649423,0.10000000000002274,0.1,2.273181642920008e-14,0.0,12,2,160,75,49.97032452387348,45.112734909277606,47.3833333333337
300.49999999999983,300.83274526494233,0.10000000000002274,0.1,2.273181642920008e-14,0.0,12,2,160,74,49.773648096403484,44.51750528645781,47.48333333333371
300.59999999999985,300.93274526494235,0.10000000000002274,0.1,2.273181642920008e-14,0.0,12,2,159,74,49.580937195426664,44.41750528645781,47.58333333333371
300.6999999999999,301.0327452649424,0.10000000000002274,0.1,2.273181642920008e-14,0.0,12,2,159,74,49.38711763077587,44.31750528645781,47.68333333333371
300.7999999999999,301.1327452649424,0.10000000000002274,0.1,2.273181642920008e-14,0.0,12,2,160,75,49.189894726741215,44.21750528645781,47.78333333333371
300.8999999999999,301.2327452649424,0.10000000000002274,0.1,2.273181642920008e-14,0.0,12,2,161,75,48.94429539915047,44.117505286457806,47.8833333333337
300.99999999999994,301.33274526494245,0.10000000000002274,0.1,2.273181642920008e-14,0.0,12,2,160,75,48.699884665951494,44.017505286457805,47.98333333333371
301.09999999999997,301.43274526494247,0.10000000000002274,0.1,2.273181642920008e-14,0.0,12,2,161,75,48.4550366054865,43.9175052864578,48.08333333333371
301.2,301.5327452649425,0.10000000000002274,0.1,2.273181642920008e-14,0.0,12,2,160,75,48.209113245085774,43.8175052864578,48.18333333333371
301.3,301.6327452649425,0.10000000000002274,0.1,2.273181642920008e-14,0.0,12,2,161,75,47.959339137868135,43.7175052864578,48.28333333333371
301.40000000000003,301.73274526494254,0.10000000000002274,0.1,2.273181642920008e-14,0.0,12,2,161,76,47.71249957710202,43.6175052864578,48.3833333333337
301.50000000000006,301.83274526494256,0.10000000000002274,0.1,2.273181642920008e-14,0.0,12,2,161,76,47.471076649004594,43.5175052864578,48.48333333333371
301.6000000000001,301.9327452649426,0.10000000000002274,0.1,2.273181642920008e-14,0.0,12,2,161,76,47.23180470406435,43.417505286457796,48.58333333333371
301.7000000000001,302.0327452649426,0.10000000000002274,0.1,2.273181642920008e-14,0.0,12,2,162,76,46.99155861373893,43.317505286457795,48.68333333333371
301.8000000000001,302.1327452649426,0.10000000000002274,0.1,2.273181642920008e-14,0.0,12,2,164,76,46.74333112869399,43.21750528645779,48.78333333333371
301.90000000000015,302.23274526494265,0.10000000000002274,0.1,2.273181642920008e-14,0.0,12,2,164,77,46.4961026971379,43.11750528645779,48.88333333333372
302.00000000000017,302.3327452649427,0.10000000000002274,0.1,2.273181642920008e-14,0.0,12,2,164,77,46.24760081191556,43.01750528645779,48.98333333333371
302.1000000000002,302.4327452649427,0.10000000000002274,0.1,2.273181642920008e-14,0.0,11,2,163,77,50.28621656903908,42.91750528645779,47.790909090909445
302.2000000000002,302.5327452649427,0.10000000000002274,0.1,2.273181642920008e-14,0.0,11,2,164,77,50.08774270377546,42.81750528645779,47.890909090909446
302.30000000000024,302.63274526494274,0.10000000000002274,0.1,2.273181642920008e-14,0.0,11,2,164,77,49.89247710534696,42.717505286457786,47.99090909090945
302.40000000000026,302.73274526494276,0.10000000000002274,0.1,2.273181642920008e-14,0.0,11,2,163,77,49.69779196504797,42.617505286457785,48.09090909090944
302.5000000000003,302.8327452649428,0.10000000000002274,0.1,2.273181642920008e-14,0.0,11,2,164,77,49.49915927418651,42.517505286457784,48.19090909090944
302.6000000000003,302.9327452649428,0.10000000000002274,0.1,2.273181642920008e-14,0.0,11,2,163,77,49.30179292689329,42.41750528645778,48.290909090909445
302.70000000000033,303.03274526494283,0.10000000000002274,0.1,2.273181642920008e-14,0.0,11,2,164,77,49.103358841907806,42.31750528645778,48.390909090909446
302.80000000000035,303.13274526494286,0.10000000000002274,0.1,2.273181642920008e-14,0.0,11,2,164,77,48.90536311028873,42.21750528645778,48.49090909090944
302.9000000000004,303.2327452649429,0.10000000000002274,0.1,2.273181642920008e-14,0.0,11,2,164,77,48.71072334305409,42.11750528645778,48.59090909090944
303.0000000000004,303.3927452649429,0.160000000000025,0.1,0.060000000000025006,0.0,11,2,162,77,53.96867261778572,49.736893396968725,48.69090909090944
303.1000000000004,303.4927452649429,0.10000000000002274,0.1,2.273181642920008e-14,0.0,11,2,162,77,53.7981332174757,49.63689339696872,48.790909090909445
303.20000000000044,303.59274526494295,0.10000000000002274,0.1,2.273181642920008e-14,0.0,11,2,162,76,53.593589450711676,49.53689339696872,48.89090909090944
303.30000000000047,303.69274526494297,0.10000000000002274,0.1,2.273181642920008e-14,0.0,11,2,162,76,53.39514490649745,49.43689339696872,48.99090909090944
303.4000000000005,303.792745264943,0.10000000000002274,0.1,2.273181642920008e-14,0.0,11,2,162,76,53.141470158373316,49.33689339696872,49.09090909090944
303.5000000000005,303.892745264943,0.10000000000002274,0.1,2.273181642920008e-14,0.0,11,2,163,76,52.884835088694764,49.23689339696872,49.19090909090944
303.60000000000053,303.99274526494304,0.10000000000002274,0.1,2.273181642920008e-14,0.0,11,2,163,76,52.62849257707473,49.136893396968716,49.29090909090944
303.70000000000056,304.09274526494306,0.10000000000002274,0.1,2.273181642920008e-14,0.0,11,2,163,77,52.37446155083183,49.036893396968715,49.39090909090944
303.8000000000006,304.1927452649431,0.10000000000002274,0.1,2.273181642920008e-14,0.0,11,2,164,77,52.12019065113095,48.93689339696871,49.49090909090944
303.9000000000006,304.2927452649431,0.10000000000002274,0.1,2.273181642920008e-14,0.0,11,2,165,77,51.86314294208519,48.83689339696871,49.59090909090944
304.0000000000006,304.45174526494316,0.15900000000004866,0.1,0.05900000000004865,0.0,11,2,163,77,56.96901851117816,48.73689339696871,49.690909090909436
304.10000000000065,304.5517452649432,0.10000000000002274,0.1,2.273181642920008e-14,0.0,11,2,163,77,56.727294287244405,48.63689339696871,49.79090909090944
304.20000000000067,304.7717452649432,0.22000000000002728,0.1,0.12000000000002728,0.0,11,2,161,77,67.3777356157555,48.53689339696871,49.89090909090944
304.3000000000007,304.93174526494323,0.160000000000025,0.1,0.060000000000025006,0.0,12,2,160,77,64.4389391825237,70.4158828378489,45.83333333333365
304.4000000000007,305.03174526494325,0.10000000000002274,0.1,2.273181642920008e-14,0.0,13,2,160,77,57.26727352785895,70.3158828378489,42.4076923076926
304.50000000000074,305.1317452649433,0.10000000000002274,0.1,2.273181642920008e-14,0.0,13,2,159,77,56.9383150419307,70.21588283784891,42.5076923076926
304.60000000000076,305.2317452649433,0.10000000000002274,0.1,2.273181642920008e-14,0.0,13,2,160,77,56.68462124658368,70.11588283784891,42.6076923076926
304.7000000000008,305.3317452649433,0.10000000000002274,0.1,2.273181642920008e-14,0.0,13,2,160,77,56.45275873619483,70.01588283784892,42.7076923076926
304.8000000000008,305.43174526494334,0.10000000000002274,0.1,2.273181642920008e-14,0.0,13,2,161,77,56.24575855523388,69.91588283784893,42.8076923076926
304.90000000000083,305.53174526494337,0.10000000000002274,0.1,2.273181642920008e-14,0.0,13,2,163,76,56.05255582270691,69.81588283784893,42.9076923076926
305.00000000000085,305.6317452649434,0.10000000000002274,0.1,2.273181642920008e-14,0.0,13,2,163,76,55.85784746810389,69.71588283784894,43.0076923076926
305.1000000000009,305.7317452649434,0.10000000000002274,0.1,2.273181642920008e-14,0.0,13,2,163,76,55.66481353010762,69.61588283784894,43.107692307692595
305.2000000000009,305.83174526494344,0.10000000000002274,0.1,2.273181642920008e-14,0.0,13,2,163,76,55.46964340861068,69.51588283784895,43.2076923076926
305.3000000000009,305.93174526494346,0.10000000000002274,0.1,2.273181642920008e-14,0.0,13,2,162,77,55.27521338622368,69.41588283784895,43.3076923076926
305.40000000000094,306.0317452649435,0.10000000000002274,0.1,2.273181642920008e-14,0.0,13,2,163,77,55.07939939041742,69.31588283784896,43.40769230769259
305.50000000000097,306.1317452649435,0.10000000000002274,0.1,2.273181642920008e-14,0.0,13,2,162,77,54.885528736691604,69.21588283784897,43.5076923076926
305.600000000001,306.2317452649435,0.10000000000002274,0.1,2.273181642920008e-14,0.0,13,2,162,78,54.69062593582158,69.11588283784897,43.607692307692595
305.700000000001,306.33174526494355,0.10000000000002274,0.1,2.273181642920008e-14,0.0,13,2,162,79,54.49472827640457,69.01588283784898,43.70769230769259
305.80000000000103,306.4317452649436,0.10000000000002274,0.1,2.273181642920008e-14,0.0,13,2,162,79,54.300813401478905,68.6045774017282,43.8076923076926
305.90000000000106,306.5317452649436,0.10000000000002274,0.1,2.273181642920008e-14,0.0,13,2,162,79,54.106418961806874,67.8305774017282,43.90769230769259
306.0000000000011,306.6317452649436,0.10000000000002274,0.1,2.273181642920008e-14,0.0,13,2,163,78,53.91074903856604,67.0555774017282,44.00769230769259
306.1000000000011,306.73174526494364,0.10000000000002274,0.1,2.273181642920008e-14,0.0,13,2,162,79,53.71616401688361,66.2795774017282,44.107692307692595
306.2000000000011,306.83174526494366,0.10000000000002274,0.1,2.273181642920008e-14,0.0,13,2,162,79,53.52114424350366,65.5025774017282,44.20769230769259
306.30000000000115,306.9317452649437,0.10000000000002274,0.1,2.273181642920008e-14,0.0,13,2,163,79,53.32558445565098,64.72457740172821,44.30769230769259
306.40000000000117,307.0317452649437,0.10000000000002274,0.1,2.273181642920008e-14,0.0,13,2,163,79,53.131266269909275,63.945577401728215,44.40769230769259
306.5000000000012,307.13174526494373,0.10000000000002274,0.1,2.273181642920008e-14,0.0,13,2,164,80,52.93637381421455,63.16557740172821,44.50769230769259
306.6000000000012,307.23174526494375,0.10000000000002274,0.1,2.273181642920008e-14,0.0,13,2,164,80,52.74238268409915,62.3845774017282,44.607692307692595
306.70000000000124,307.3317452649438,0.10000000000002274,0.1,2.273181642920008e-14,0.0,13,2,165,80,52.546441065000494,61.6025774017282,44.70769230769259
306.80000000000126,307.4317452649438,0.10000000000002274,0.1,2.273181642920008e-14,0.0,13,2,166,80,52.35149323194282,60.81957740172819,44.80769230769259
306.9000000000013,307.5317452649438,0.10000000000002274,0.1,2.273181642920008e-14,0.0,13,2,167,79,52.15617053603254,60.03557740172818,44.90769230769259
307.0000000000013,307.63174526494385,0.10000000000002274,0.1,2.273181642920008e-14,0.0,13,2,166,79,51.9586397948233,59.25057740172818,45.00769230769259
307.10000000000133,307.73174526494387,0.10000000000002274,0.1,2.273181642920008e-14,0.0,13,2,167,80,51.75660316890625,58.46457740172817,45.10769230769259
307.20000000000135,307.8317452649439,0.10000000000002274,0.1,2.273181642920008e-14,0.0,13,2,167,81,51.56004153052511,57.677577401728165,45.20769230769259
307.3000000000014,307.9317452649439,0.10000000000002274,0.1,2.273181642920008e-14,0.0,12,2,168,81,55.764184732961404,67.41588283784907,43.00000000000029
307.4000000000014,308.03174526494394,0.10000000000002274,0.1,2.273181642920008e-14,0.0,12,2,169,81,55.60685139962806,67.31588283784907,43.100000000000286
307.5000000000014,308.13174526494396,0.10000000000002274,0.1,2.273181642920008e-14,0.0,12,2,169,81,55.44943473296141,67.21588283784908,43.200000000000294
307.60000000000144,308.231745264944,0.10000000000002274,0.1,2.273181642920008e-14,0.0,12,2,170,81,55.29193473296141,67.11588283784909,43.300000000000296
307.70000000000147,308.331745264944,0.10000000000002274,0.1,2.273181642920008e-14,0.0,12,2,169,81,55.13435139962808,67.01588283784909,43.40000000000029
307.8000000000015,308.431745264944,0.10000000000002274,0.1,2.273181642920008e-14,0.0,12,2,169,81,54.97668473296141,66.9158828378491,43.50000000000029
307.9000000000015,308.53174526494405,0.10000000000002274,0.1,2.273181642920008e-14,0.0,12,2,169,81,54.81893473296142,66.8158828378491,43.600000000000286
308.00000000000153,308.6317452649441,0.10000000000002274,0.1,2.273181642920008e-14,0.0,12,2,169,80,54.66110139962808,66.71588283784911,43.700000000000294
308.10000000000156,308.7317452649441,0.10000000000002274,0.1,2.273181642920008e-14,0.0,12,2,170,80,54.503184732961415,66.61588283784911,43.800000000000296
308.2000000000016,308.8317452649441,0.10000000000002274,0.1,2.273181642920008e-14,0.0,12,2,169,79,54.297256553822315,66.51588283784912,43.90000000000029
308.3000000000016,308.93174526494414,0.10000000000002274,0.1,2.273181642920008e-14,0.0,12,2,169,79,54.09750655382231,66.41588283784913,44.00000000000029
308.4000000000016,309.03174526494416,0.10000000000002274,0.1,2.273181642920008e-14,0.0,12,2,170,79,53.89767322048899,66.31588283784913,44.100000000000286
308.50000000000165,309.1317452649442,0.10000000000002274,0.1,2.273181642920008e-14,0.0,11,2,170,80,58.63286997863015,66.21588283784914,43.536363636363916
308.60000000000167,309.2317452649442,0.10000000000002274,0.1,2.273181642920008e-14,0.0,11,2,170,80,58.46923361499378,66.11588283784914,43.63636363636392
308.7000000000017,309.33174526494423,0.10000000000002274,0.1,2.273181642920008e-14,0.0,11,2,169,80,58.30550634226651,66.01588283784915,43.73636363636391
308.8000000000017,309.43174526494425,0.10000000000002274,0.1,2.273181642920008e-14,0.0,11,2,168,80,58.14168816044833,65.91588283784915,43.83636363636391
308.90000000000174,309.5317452649443,0.10000000000002274,0.1,2.273181642920008e-14,0.0,11,2,169,80,57.977779069539245,65.81588283784916,43.936363636363915
309.00000000000176,309.6317452649443,0.10000000000002274,0.1,2.273181642920008e-14,0.0,11,2,169,80,57.813779069539244,65.71588283784916,44.036363636363916
309.1000000000018,309.7317452649443,0.10000000000002274,0.1,2.273181642920008e-14,0.0,11,2,169,80,57.64968816044834,65.61588283784917,44.13636363636391
309.2000000000018,309.83174526494435,0.10000000000002274,0.1,2.273181642920008e-14,0.0,11,2,170,80,57.48550634226652,65.51588283784918,44.23636363636391
309.30000000000183,309.93174526494437,0.10000000000002274,0.1,2.273181642920008e-14,0.0,11,2,170,80,57.3212336149938,65.41588283784918,44.33636363636391
309.40000000000185,310.0317452649444,0.10000000000002274,0.1,2.273181642920008e-14,0.0,11,2,171,80,57.15686997863017,65.31588283784919,44.436363636363915
309.5000000000019,310.1317452649444,0.10000000000002274,0.1,2.273181642920008e-14,0.0,11,2,171,80,56.99241543317562,65.2158828378492,44.536363636363916
309.6000000000019,310.23174526494444,0.10000000000002274,0.1,2.273181642920008e-14,0.0,11,2,173,80,56.827869978630176,65.1158828378492,44.63636363636391
309.7000000000019,310.33174526494446,0.10000000000002274,0.1,2.273181642920008e-14,0.0,11,2,172,80,56.66323361499381,65.0158828378492,44.73636363636391
309.80000000000194,310.4317452649445,0.10000000000002274,0.1,2.273181642920008e-14,0.0,11,2,172,80,56.498506342266545,64.91588283784921,44.836363636363906
309.90000000000197,310.5317452649445,0.10000000000002274,0.1,2.273181642920008e-14,0.0,11,2,173,80,56.33368816044836,64.81588283784922,44.936363636363915
310.000000000002,310.6317452649445,0.10000000000002274,0.1,2.273181642920008e-14,0.0,11,2,175,80,56.168779069539276,64.71588283784922,45.03636363636391
310.100000000002,310.73174526494455,0.10000000000002274,0.1,2.273181642920008e-14,0.0,11,2,175,80,56.00377906953927,64.61588283784923,45.13636363636391
310.20000000000203,310.8317452649446,0.10000000000002274,0.1,2.273181642920008e-14,0.0,11,2,175,80,55.83868816044837,64.51588283784923,45.23636363636391
310.30000000000206,310.9317452649446,0.10000000000002274,0.1,2.273181642920008e-14,0.0,10,2,175,80,61.25701676635858,66.85436665034403,43.97000000000024
310.4000000000021,311.0317452649446,0.10000000000002274,0.1,2.273181642920008e-14,0.0,10,2,176,80,61.085216766358585,66.75436665034404,44.07000000000024
310.5000000000021,311.13174526494464,0.10000000000002274,0.1,2.273181642920008e-14,0.0,10,2,176,80,60.913316766358584,66.65436665034404,44.17000000000024
310.6000000000021,311.23174526494466,0.10000000000002274,0.1,2.273181642920008e-14,0.0,10,2,177,81,60.741316766358594,66.55436665034405,44.270000000000245
310.70000000000215,311.3317452649447,0.10000000000002274,0.1,2.273181642920008e-14,0.0,10,2,178,80,60.56921676635859,66.45436665034406,44.370000000000246
310.80000000000217,311.4317452649447,0.10000000000002274,0.1,2.273181642920008e-14,0.0,10,2,178,81,60.39701676635859,66.35436665034406,44.47000000000024
310.9000000000022,311.53174526494473,0.10000000000002274,0.1,2.273181642920008e-14,0.0,10,2,179,82,60.2247167663586,66.25436665034407,44.57000000000024
311.0000000000022,311.63174526494475,0.10000000000002274,0.1,2.273181642920008e-14,0.0,10,2,180,82,60.052316766358594,66.15436665034407,44.67000000000024
311.10000000000224,311.7317452649448,0.10000000000002274,0.1,2.273181642920008e-14,0.0,10,2,181,82,59.8798167663586,66.05436665034408,44.770000000000245
311.20000000000226,311.8317452649448,0.10000000000002274,0.1,2.273181642920008e-14,0.0,10,2,182,83,59.7072167663586,65.95436665034408,44.870000000000246
311.3000000000023,311.9317452649448,0.10000000000002274,0.1,2.273181642920008e-14,0.0,10,2,181,83,59.53451676635861,65.85436665034409,44.97000000000024
311.4000000000023,312.03174526494485,0.10000000000002274,0.1,2.273181642920008e-14,0.0,10,2,180,83,59.36171676635861,65.7543666503441,45.070000000000235
311.50000000000233,312.13174526494487,0.10000000000002274,0.1,2.273181642920008e-14,0.0,10,2,181,83,59.188816766358606,65.6543666503441,45.170000000000236
311.60000000000235,312.2317452649449,0.10000000000002274,0.1,2.273181642920008e-14,0.0,10,2,181,83,59.01581676635861,65.55436665034411,45.27000000000024
311.7000000000024,312.3317452649449,0.10000000000002274,0.1,2.273181642920008e-14,0.0,10,2,182,83,58.84271676635861,65.45436665034411,45.37000000000024
311.8000000000024,312.43174526494494,0.10000000000002274,0.1,2.273181642920008e-14,0.0,10,2,183,83,58.66951676635862,65.35436665034412,45.47000000000024
311.9000000000024,312.53174526494496,0.10000000000002274,0.1,2.273181642920008e-14,0.0,10,2,183,83,58.496216766358614,65.25436665034412,45.570000000000235
312.00000000000244,312.631745264945,0.10000000000002274,0.1,2.273181642920008e-14,0.0,10,2,184,83,58.32281676635862,65.15436665034413,45.670000000000236
312.10000000000247,312.731745264945,0.10000000000002274,0.1,2.273181642920008e-14,0.0,10,2,184,82,58.149316766358616,65.05436665034414,45.77000000000024
312.2000000000025,312.831745264945,0.10000000000002274,0.1,2.273181642920008e-14,0.0,10,2,185,82,57.975716766358616,64.95436665034414,45.87000000000024
312.3000000000025,312.95694526494503,0.12520000000000664,0.1,0.025200000000006634,0.0,10,2,185,82,59.979049241111206,64.85436665034415,45.97000000000024
312.40000000000254,313.05694526494506,0.10000000000002274,0.1,2.273181642920008e-14,0.0,10,2,185,82,59.5539928683372,64.75436665034415,46.070000000000235
312.50000000000256,313.1569452649451,0.10000000000002274,0.1,2.273181642920008e-14,0.0,10,2,184,82,59.19790402430463,64.65436665034416,46.170000000000236
312.6000000000026,313.2569452649451,0.10000000000002274,0.1,2.273181642920008e-14,0.0,10,2,184,81,58.98900146194701,64.55436665034416,46.27000000000024
312.7000000000026,313.3569452649451,0.10000000000002274,0.1,2.273181642920008e-14,0.0,10,2,183,81,58.81490146194701,64.45436665034417,46.37000000000024
312.8000000000026,313.45694526494515,0.10000000000002274,0.1,2.273181642920008e-14,0.0,10,2,183,81,58.64070146194702,64.35436665034418,46.47000000000024
312.90000000000265,313.55694526494517,0.10000000000002274,0.1,2.273181642920008e-14,0.0,10,2,183,81,58.46640146194702,64.25436665034418,46.570000000000235
313.0000000000027,313.6569452649452,0.10000000000002274,0.1,2.273181642920008e-14,0.0,10,2,185,81,58.29200146194702,64.15436665034419,46.67000000000023
313.1000000000027,313.7569452649452,0.10000000000002274,0.1,2.273181642920008e-14,0.0,10,2,184,81,58.11750146194703,64.05436665034419,46.77000000000023
313.2000000000027,313.85694526494524,0.10000000000002274,0.1,2.273181642920008e-14,0.0,10,2,184,81,57.94290146194703,63.95436665034419,46.87000000000023
313.30000000000274,313.95694526494526,0.10000000000002274,0.1,2.273181642920008e-14,0.0,10,2,183,81,57.76820146194702,63.85436665034419,46.97000000000023
313.40000000000276,314.0569452649453,0.10000000000002274,0.1,2.273181642920008e-14,0.0,10,2,182,81,57.59340146194703,63.75436665034419,47.070000000000235
313.5000000000028,314.1569452649453,0.10000000000002274,0.1,2.273181642920008e-14,0.0,10,2,182,79,57.41850146194703,63.65436665034419,47.17000000000023
313.6000000000028,314.25694526494533,0.10000000000002274,0.1,2.273181642920008e-14,0.0,10,2,181,79,57.24350146194703,63.554366650344186,47.27000000000023
313.70000000000283,314.35694526494535,0.10000000000002274,0.1,2.273181642920008e-14,0.0,10,2,182,79,57.06840146194703,63.454366650344184,47.37000000000023
313.80000000000285,314.4569452649454,0.10000000000002274,0.1,2.273181642920008e-14,0.0,10,2,182,79,56.89320146194704,63.35436665034418,47.47000000000023
313.9000000000029,314.5569452649454,0.10000000000002274,0.1,2.273181642920008e-14,0.0,10,2,182,79,56.71790146194703,63.25436665034418,47.570000000000235
314.0000000000029,314.6569452649454,0.10000000000002274,0.1,2.273181642920008e-14,0.0,10,2,181,79,56.54250146194704,63.15436665034418,47.67000000000023
314.1000000000029,314.75694526494544,0.10000000000002274,0.1,2.273181642920008e-14,0.0,10,2,182,79,56.36700146194704,63.05436665034418,47.77000000000023
314.20000000000294,314.85694526494547,0.10000000000002274,0.1,2.273181642920008e-14,0.0,10,2,183,79,56.191401461947045,62.95436665034418,47.87000000000023
314.30000000000297,314.9569452649455,0.10000000000002274,0.1,2.273181642920008e-14,0.0,10,2,182,79,56.01570146194704,62.854366650344176,47.97000000000023
314.400000000003,315.0569452649455,0.10000000000002274,0.1,2.273181642920008e-14,0.0,10,2,181,79,55.83990146194704,62.754366650344174,48.070000000000235
314.500000000003,315.15694526494553,0.10000000000002274,0.1,2.273181642920008e-14,0.0,10,2,182,80,55.664001461947045,62.65436665034417,48.17000000000023
314.60000000000304,315.25694526494556,0.10000000000002274,0.1,2.273181642920008e-14,0.0,10,2,183,79,55.48800146194704,62.55436665034417,48.27000000000022
314.70000000000306,315.3569452649456,0.10000000000002274,0.1,2.273181642920008e-14,0.0,10,2,184,79,55.311901461947045,62.45436665034417,48.370000000000225
314.8000000000031,315.4569452649456,0.10000000000002274,0.1,2.273181642920008e-14,0.0,10,2,184,79,55.13570146194704,62.35436665034417,48.470000000000226
314.9000000000031,315.5569452649456,0.10000000000002274,0.1,2.273181642920008e-14,0.0,10,2,184,78,54.95940146194705,62.25436665034417,48.57000000000023
315.0000000000031,315.65694526494565,0.10000000000002274,0.1,2.273181642920008e-14,0.0,10,2,184,79,54.78300146194705,62.154366650344166,48.67000000000023
315.10000000000315,315.75694526494567,0.10000000000002274,0.1,2.273181642920008e-14,0.0,10,2,184,79,54.60650146194705,62.054366650344164,48.77000000000022
315.2000000000032,315.8569452649457,0.10000000000002274,0.1,2.273181642920008e-14,0.0,10,2,184,80,54.429901461947054,61.95436665034416,48.870000000000225
315.3000000000032,315.9569452649457,0.10000000000002274,0.1,2.273181642920008e-14,0.0,10,2,185,80,54.25320146194705,61.85436665034416,48.970000000000226
315.4000000000032,316.05694526494574,0.10000000000002274,0.1,2.273181642920008e-14,0.0,10,2,186,80,54.07640146194706,61.75436665034416,49.07000000000023
315.50000000000324,316.15694526494576,0.10000000000002274,0.1,2.273181642920008e-14,0.0,10,2,186,80,53.899501461947054,61.65436665034416,49.17000000000023
315.60000000000326,316.2569452649458,0.10000000000002274,0.1,2.273181642920008e-14,0.0,10,2,187,81,53.72250146194706,61.55436665034416,49.27000000000022
315.7000000000033,316.3569452649458,0.10000000000002274,0.1,2.273181642920008e-14,0.0,10,2,186,82,53.54540146194705,61.454366650344156,49.370000000000225
315.8000000000033,316.45694526494583,0.10000000000002274,0.1,2.273181642920008e-14,0.0,10,2,185,81,53.36820146194706,61.354366650344154,49.470000000000226
315.90000000000333,316.55694526494585,0.10000000000002274,0.1,2.273181642920008e-14,0.0,10,2,185,81,53.19090146194706,61.25436665034415,49.57000000000023
316.00000000000335,316.6569452649459,0.10000000000002274,0.1,2.273181642920008e-14,0.0,10,2,184,81,53.01350146194706,61.15436665034415,49.67000000000023
316.1000000000034,316.7569452649459,0.10000000000002274,0.1,2.273181642920008e-14,0.0,10,2,183,81,52.836001461947056,61.05436665034415,49.77000000000022
316.2000000000034,316.8569452649459,0.10000000000002274,0.1,2.273181642920008e-14,0.0,10,2,183,81,52.658401461947065,60.95436665034415,49.87000000000022
316.3000000000034,316.95694526494594,0.10000000000002274,0.1,2.273181642920008e-14,0.0,10,2,182,80,52.480701461947056,60.85436665034415,49.97000000000022
316.40000000000344,317.05694526494597,0.10000000000002274,0.1,2.273181642920008e-14,0.0,10,2,182,80,52.302901461947066,60.754366650344146,50.07000000000022
316.50000000000347,317.156945264946,0.10000000000002274,0.1,2.273181642920008e-14,0.0,9,2,183,80,57.93594383652179,60.654366650344144,49.033333333333516
316.6000000000035,317.256945264946,0.10000000000002274,0.1,2.273181642920008e-14,0.0,9,2,183,80,57.74927716985513,60.55436665034414,49.13333333333352
316.7000000000035,317.35694526494603,0.10000000000002274,0.1,2.273181642920008e-14,0.0,9,2,182,80,57.56249939207734,60.45436665034414,49.23333333333351
316.80000000000354,317.45694526494606,0.10000000000002274,0.1,2.273181642920008e-14,0.0,9,2,182,80,57.375610503188454,60.35436665034414,49.33333333333351
316.90000000000356,317.5569452649461,0.10000000000002274,0.1,2.273181642920008e-14,0.0,9,2,182,80,57.18861050318846,60.25436665034414,49.433333333333515
317.0000000000036,317.6569452649461,0.10000000000002274,0.1,2.273181642920008e-14,0.0,9,2,183,80,57.00149939207735,60.15436665034414,49.53333333333351
317.1000000000036,317.7569452649461,0.10000000000002274,0.1,2.273181642920008e-14,0.0,8,2,183,80,64.07846505027449,61.37353128404353,46.01250000000022
317.2000000000036,317.85694526494615,0.10000000000002274,0.1,2.273181642920008e-14,0.0,8,2,182,80,63.97846505027449,61.27353128404353,46.112500000000225
317.30000000000365,317.95694526494617,0.10000000000002274,0.1,2.273181642920008e-14,0.0,8,2,182,80,63.87846505027449,61.17353128404353,46.212500000000226
317.4000000000037,318.0569452649462,0.10000000000002274,0.1,2.273181642920008e-14,0.0,8,2,181,80,63.77846505027449,61.073531284043526,46.31250000000022
317.5000000000037,318.1569452649462,0.10000000000002274,0.1,2.273181642920008e-14,0.0,8,2,181,79,63.6784650502745,60.973531284043524,46.41250000000022
317.6000000000037,318.25694526494624,0.10000000000002274,0.1,2.273181642920008e-14,0.0,8,2,180,79,63.578465050274495,60.87353128404352,46.51250000000022
317.70000000000374,318.35694526494626,0.10000000000002274,0.1,2.273181642920008e-14,0.0,8,2,181,79,63.478465050274494,60.77353128404352,46.612500000000225
317.80000000000376,318.4569452649463,0.10000000000002274,0.1,2.273181642920008e-14,0.0,8,2,181,79,63.3784650502745,60.67353128404352,46.712500000000226
317.9000000000038,318.5569452649463,0.10000000000002274,0.1,2.273181642920008e-14,0.0,8,2,182,79,63.2784650502745,60.57353128404352,46.81250000000023
318.0000000000038,318.65694526494633,0.10000000000002274,0.1,2.273181642920008e-14,0.0,8,2,182,79,63.1784650502745,60.47353128404352,46.91250000000022
318.10000000000383,318.75694526494635,0.10000000000002274,0.1,2.273181642920008e-14,0.0,8,2,184,79,63.0784650502745,60.373531284043516,47.01250000000022
318.20000000000385,318.8569452649464,0.10000000000002274,0.1,2.273181642920008e-14,0.0,8,2,185,79,62.9784650502745,60.273531284043514,47.112500000000225
318.3000000000039,318.9569452649464,0.10000000000002274,0.1,2.273181642920008e-14,0.0,8,2,185,79,62.87846505027451,60.17353128404351,47.212500000000226
318.4000000000039,319.0569452649464,0.10000000000002274,0.1,2.273181642920008e-14,0.0,8,2,186,79,62.778465050274505,60.07353128404351,47.31250000000023
318.5000000000039,319.15694526494644,0.10000000000002274,0.1,2.273181642920008e-14,0.0,8,2,186,79,62.678465050274504,59.97353128404351,47.41250000000022
318.60000000000394,319.25694526494647,0.10000000000002274,0.1,2.273181642920008e-14,0.0,8,2,186,79,62.57846505027451,59.87353128404351,47.51250000000022
318.70000000000397,319.3569452649465,0.10000000000002274,0.1,2.273181642920008e-14,0.0,8,2,186,79,62.47846505027451,59.77353128404351,47.612500000000225
318.800000000004,319.4569452649465,0.10000000000002274,0.1,2.273181642920008e-14,0.0,8,2,186,79,62.37846505027451,59.673531284043506,47.712500000000226
318.900000000004,319.55694526494653,0.10000000000002274,0.1,2.273181642920008e-14,0.0,8,2,187,79,62.27846505027451,59.573531284043504,47.81250000000023
319.00000000000404,319.65694526494656,0.10000000000002274,0.1,2.273181642920008e-14,0.0,8,2,188,79,62.17846505027451,59.4735312840435,47.91250000000022
319.10000000000406,319.7569452649466,0.10000000000002274,0.1,2.273181642920008e-14,0.0,8,2,188,79,62.07846505027452,59.3735312840435,48.01250000000022
319.2000000000041,319.8569452649466,0.10000000000002274,0.1,2.273181642920008e-14,0.0,8,2,188,79,61.978465050274515,59.2735312840435,48.112500000000225
319.3000000000041,319.9569452649466,0.10000000000002274,0.1,2.273181642920008e-14,0.0,8,2,188,79,61.878465050274514,59.1735312840435,48.212500000000226
319.4000000000041,320.05694526494665,0.10000000000002274,0.1,2.273181642920008e-14,0.0,8,2,187,79,61.77846505027452,59.0735312840435,48.31250000000023
319.50000000000415,320.15694526494667,0.10000000000002274,0.1,2.273181642920008e-14,0.0,8,2,186,79,61.67846505027452,58.973531284043496,48.41250000000023
319.6000000000042,320.2569452649467,0.10000000000002274,0.1,2.273181642920008e-14,0.0,8,2,186,79,61.57846505027452,58.873531284043494,48.51250000000022
319.7000000000042,320.3569452649467,0.10000000000002274,0.1,2.273181642920008e-14,0.0,8,2,187,79,61.47846505027452,58.77353128404349,48.612500000000225
319.8000000000042,320.45694526494674,0.10000000000002274,0.1,2.273181642920008e-14,0.0,8,2,187,79,61.37846505027452,58.67353128404349,48.712500000000226
319.90000000000424,320.55694526494676,0.10000000000002274,0.1,2.273181642920008e-14,0.0,8,2,187,79,61.27846505027453,58.57353128404349,48.81250000000023
320.00000000000426,320.6569452649468,0.10000000000002274,0.1,2.273181642920008e-14,0.0,8,2,187,79,61.178465050274525,58.47353128404349,48.91250000000023
320.1000000000043,320.7569452649468,0.10000000000002274,0.1,2.273181642920008e-14,0.0,8,2,188,78,61.078465050274524,58.37353128404349,49.01250000000022
320.2000000000043,320.85694526494683,0.10000000000002274,0.1,2.273181642920008e-14,0.0,8,2,188,78,60.97846505027453,58.273531284043486,49.112500000000225
320.30000000000433,320.95694526494685,0.10000000000002274,0.1,2.273181642920008e-14,0.0,8,2,186,78,60.87846505027453,58.173531284043484,49.212500000000226
320.40000000000435,321.0569452649469,0.10000000000002274,0.1,2.273181642920008e-14,0.0,8,2,185,79,60.77846505027453,58.07353128404348,49.31250000000023
320.5000000000044,321.1569452649469,0.10000000000002274,0.1,2.273181642920008e-14,0.0,8,2,185,79,60.67846505027453,57.97353128404348,49.41250000000023
320.6000000000044,321.2569452649469,0.10000000000002274,0.1,2.273181642920008e-14,0.0,8,2,184,79,60.57846505027453,57.87353128404348,49.51250000000023
320.7000000000044,321.35694526494694,0.10000000000002274,0.1,2.273181642920008e-14,0.0,8,2,184,79,60.47846505027454,57.77353128404348,49.612500000000225
320.80000000000445,321.45694526494697,0.10000000000002274,0.1,2.273181642920008e-14,0.0,8,2,183,79,60.378465050274535,57.67353128404348,49.712500000000226
320.90000000000447,321.556945264947,0.10000000000002274,0.1,2.273181642920008e-14,0.0,8,2,182,79,60.278465050274534,57.573531284043476,49.81250000000023
321.0000000000045,321.656945264947,0.10000000000002274,0.1,2.273181642920008e-14,0.0,8,2,182,79,60.17846505027454,57.473531284043474,49.91250000000023
321.1000000000045,321.75694526494703,0.10000000000002274,0.1,2.273181642920008e-14,0.0,8,2,183,79,60.07846505027454,57.37353128404347,50.01250000000023
321.20000000000454,321.85694526494706,0.10000000000002274,0.1,2.273181642920008e-14,0.0,8,2,183,79,59.97846505027454,57.27353128404347,50.11250000000023
321.30000000000456,321.9569452649471,0.10000000000002274,0.1,2.273181642920008e-14,0.0,8,2,183,79,59.87846505027454,57.17353128404347,50.21250000000023
321.4000000000046,322.0569452649471,0.10000000000002274,0.1,2.273181642920008e-14,0.0,8,2,183,79,59.77846505027454,57.07353128404347,50.312500000000234
321.5000000000046,322.1569452649471,0.10000000000002274,0.1,2.273181642920008e-14,0.0,8,2,184,79,59.678465050274546,56.97353128404347,50.412500000000236
321.6000000000046,322.25694526494715,0.10000000000002274,0.1,2.273181642920008e-14,0.0,8,2,184,79,59.578465050274545,56.873531284043466,50.51250000000023
321.70000000000465,322.35694526494717,0.10000000000002274,0.1,2.273181642920008e-14,0.0,8,2,184,79,59.478465050274544,56.773531284043464,50.61250000000023
321.8000000000047,322.4569452649472,0.10000000000002274,0.1,2.273181642920008e-14,0.0,8,2,186,79,59.37846505027455,56.67353128404346,50.71250000000023
321.9000000000047,322.5569452649472,0.10000000000002274,0.1,2.273181642920008e-14,0.0,8,2,185,79,59.27846505027455,56.57353128404346,50.812500000000234
322.0000000000047,322.65694526494724,0.10000000000002274,0.1,2.273181642920008e-14,0.0,8,2,185,79,59.178465050274546,56.47353128404346,50.912500000000236
322.10000000000474,322.75694526494726,0.10000000000002274,0.1,2.273181642920008e-14,0.0,8,2,185,79,59.07846505027455,56.37353128404346,51.01250000000024
322.20000000000476,322.8569452649473,0.10000000000002274,0.1,2.273181642920008e-14,0.0,8,2,185,79,58.97846505027455,56.27353128404346,51.11250000000024
322.3000000000048,322.9569452649473,0.10000000000002274,0.1,2.273181642920008e-14,0.0,8,2,185,79,58.878465050274556,56.173531284043456,51.21250000000023
322.4000000000048,323.05694526494733,0.10000000000002274,0.1,2.273181642920008e-14,0.0,8,2,184,79,58.778465050274555,56.073531284043455,51.312500000000234
322.50000000000483,323.15694526494735,0.10000000000002274,0.1,2.273181642920008e-14,0.0,8,2,184,79,58.67846505027455,55.97353128404345,51.412500000000236
322.60000000000485,323.2569452649474,0.10000000000002274,0.1,2.273181642920008e-14,0.0,8,2,184,78,58.57846505027456,55.87353128404345,51.51250000000023
322.7000000000049,323.3569452649474,0.10000000000002274,0.1,2.273181642920008e-14,0.0,8,2,184,78,58.47846505027456,55.77353128404345,51.61250000000023
322.8000000000049,323.4569452649474,0.10000000000002274,0.1,2.273181642920008e-14,0.0,8,2,185,78,58.378465050274556,55.67353128404345,51.71250000000023
322.9000000000049,323.55694526494744,0.10000000000002274,0.1,2.273181642920008e-14,0.0,8,2,184,78,58.27846505027456,55.57353128404345,51.812500000000234
323.00000000000495,323.65694526494747,0.10000000000002274,0.1,2.273181642920008e-14,0.0,8,2,185,78,58.17846505027456,55.473531284043446,51.912500000000236
323.10000000000497,323.7569452649475,0.10000000000002274,0.1,2.273181642920008e-14,0.0,8,2,184,78,58.078465050274566,55.373531284043445,52.01250000000023
323.200000000005,323.8569452649475,0.10000000000002274,0.1,2.273181642920008e-14,0.0,8,2,184,77,57.978465050274565,55.27353128404344,52.11250000000023
323.300000000005,323.95694526494754,0.10000000000002274,0.1,2.273181642920008e-14,0.0,8,2,184,77,57.87846505027456,55.17353128404344,52.21250000000023
323.40000000000504,324.05694526494756,0.10000000000002274,0.1,2.273181642920008e-14,0.0,8,2,185,76,57.77846505027457,55.07353128404344,52.31250000000023
323.50000000000506,324.1569452649476,0.10000000000002274,0.1,2.273181642920008e-14,0.0,8,2,185,77,57.67846505027457,54.97353128404344,52.41250000000023
323.6000000000051,324.2569452649476,0.10000000000002274,0.1,2.273181642920008e-14,0.0,8,2,184,77,57.578465050274566,54.87353128404344,52.51250000000023
323.7000000000051,324.3569452649476,0.10000000000002274,0.1,2.273181642920008e-14,0.0,8,2,184,76,57.47846505027457,54.773531284043436,52.61250000000023
323.8000000000051,324.45694526494765,0.10000000000002274,0.1,2.273181642920008e-14,0.0,8,2,184,76,57.37846505027457,54.673531284043435,52.71250000000023
323.90000000000515,324.5569452649477,0.10000000000002274,0.1,2.273181642920008e-14,0.0,8,2,184,76,57.278465050274576,54.57353128404343,52.81250000000023
324.0000000000052,324.6569452649477,0.10000000000002274,0.1,2.273181642920008e-14,0.0,8,2,183,76,57.178465050274575,54.47353128404343,52.91250000000023
324.1000000000052,324.7569452649477,0.10000000000002274,0.1,2.273181642920008e-14,0.0,8,2,183,76,57.07846505027457,54.37353128404343,53.01250000000023
324.2000000000052,324.85694526494774,0.10000000000002274,0.1,2.273181642920008e-14,0.0,8,2,182,76,56.97846505027458,54.27353128404343,53.112500000000225
324.30000000000524,324.95694526494776,0.10000000000002274,0.1,2.273181642920008e-14,0.0,8,2,181,76,56.87846505027458,54.17353128404343,53.212500000000226
324.40000000000526,325.0569452649478,0.10000000000002274,0.1,2.273181642920008e-14,0.0,8,2,181,76,56.778465050274576,54.073531284043426,53.31250000000023
324.5000000000053,325.1569452649478,0.10000000000002274,0.1,2.273181642920008e-14,0.0,8,2,182,76,56.67846505027458,53.973531284043425,53.41250000000023
324.6000000000053,325.25694526494783,0.10000000000002274,0.1,2.273181642920008e-14,0.0,8,2,182,76,56.57846505027458,53.87353128404342,53.51250000000023
324.70000000000533,325.35694526494785,0.10000000000002274,0.1,2.273181642920008e-14,0.0,8,2,182,76,56.478465050274586,53.77353128404342,53.612500000000225
324.80000000000535,325.4569452649479,0.10000000000002274,0.1,2.273181642920008e-14,0.0,8,2,182,76,56.378465050274585,53.67353128404342,53.712500000000226
324.9000000000054,325.5569452649479,0.10000000000002274,0.1,2.273181642920008e-14,0.0,8,2,182,76,56.27846505027458,53.57353128404342,53.81250000000023
325.0000000000054,325.6569452649479,0.10000000000002274,0.1,2.273181642920008e-14,0.0,8,2,182,76,56.17846505027459,53.47353128404342,53.91250000000022
325.1000000000054,325.75694526494794,0.10000000000002274,0.1,2.273181642920008e-14,0.0,8,2,182,76,56.07846505027459,53.373531284043416,54.01250000000022
325.20000000000545,325.85694526494797,0.10000000000002274,0.1,2.273181642920008e-14,0.0,8,2,182,76,55.978465050274586,53.273531284043415,54.112500000000225
325.30000000000547,325.956945264948,0.10000000000002274,0.1,2.273181642920008e-14,0.0,8,2,182,76,55.87846505027459,53.17353128404341,54.212500000000226
325.4000000000055,326.056945264948,0.10000000000002274,0.1,2.273181642920008e-14,0.0,8,2,181,76,55.77846505027459,53.07353128404341,54.31250000000023
325.5000000000055,326.15694526494804,0.10000000000002274,0.1,2.273181642920008e-14,0.0,8,2,181,77,55.5633400502746,52.97353128404341,54.41250000000022
325.60000000000554,326.25694526494806,0.10000000000002274,0.1,2.273181642920008e-14,0.0,8,2,181,77,55.34809005027459,52.87353128404341,54.51250000000022
325.70000000000556,326.3569452649481,0.10000000000002274,0.1,2.273181642920008e-14,0.0,8,2,181,77,55.1327150502746,52.77353128404341,54.612500000000225
325.8000000000056,326.4569452649481,0.10000000000002274,0.1,2.273181642920008e-14,0.0,8,2,181,77,54.9172150502746,52.673531284043406,54.71250000000022
325.9000000000056,326.5569452649481,0.10000000000002274,0.1,2.273181642920008e-14,0.0,8,2,181,77,54.7015900502746,52.573531284043405,54.81250000000022
326.0000000000056,326.65694526494815,0.10000000000002274,0.1,2.273181642920008e-14,0.0,8,2,181,76,54.485840050274604,52.4735312840434,54.91250000000022
326.10000000000565,326.7569452649482,0.10000000000002274,0.1,2.273181642920008e-14,0.0,8,2,181,76,54.26996505027461,52.3735312840434,55.01250000000022
326.2000000000057,326.8569452649482,0.10000000000002274,0.1,2.273181642920008e-14,0.0,8,2,181,76,54.05396505027461,52.2735312840434,55.112500000000225
326.3000000000057,326.9569452649482,0.10000000000002274,0.1,2.273181642920008e-14,0.0,8,2,180,76,53.837840050274615,52.1735312840434,55.21250000000022
326.4000000000057,327.05694526494824,0.10000000000002274,0.1,2.273181642920008e-14,0.0,8,2,180,76,53.62159005027461,52.0735312840434,55.31250000000022
326.50000000000574,327.15694526494826,0.10000000000002274,0.1,2.273181642920008e-14,0.0,8,2,180,76,53.40521505027462,51.973531284043396,55.41250000000022
326.60000000000576,327.2569452649483,0.10000000000002274,0.1,2.273181642920008e-14,0.0,8,2,179,76,53.188715050274624,51.873531284043395,55.512500000000216
326.7000000000058,327.3569452649483,0.10000000000002274,0.1,2.273181642920008e-14,0.0,8,2,180,76,52.97209005027462,51.77353128404339,55.61250000000022
326.8000000000058,327.45694526494833,0.10000000000002274,0.1,2.273181642920008e-14,0.0,8,2,182,76,52.755340050274626,51.67353128404339,55.71250000000022
326.90000000000583,327.55694526494835,0.10000000000002274,0.1,2.273181642920008e-14,0.0,8,2,183,76,52.53846505027463,51.57353128404339,55.81250000000022
327.00000000000585,327.6569452649484,0.10000000000002274,0.1,2.273181642920008e-14,0.0,8,2,184,77,52.32146505027463,51.47353128404339,55.91250000000022
327.1000000000059,327.7569452649484,0.10000000000002274,0.1,2.273181642920008e-14,0.0,8,2,184,77,52.10434005027464,51.37353128404339,56.012500000000216
327.2000000000059,327.8569452649484,0.10000000000002274,0.1,2.273181642920008e-14,0.0,8,2,184,77,51.88709005027464,51.273531284043386,56.11250000000022
327.3000000000059,327.95694526494844,0.10000000000002274,0.1,2.273181642920008e-14,0.0,8,2,186,77,51.66971505027464,51.173531284043385,56.21250000000022
327.40000000000595,328.05694526494847,0.10000000000002274,0.1,2.273181642920008e-14,0.0,8,2,186,76,51.452215050274646,51.07353128404338,56.31250000000021
327.50000000000597,328.1569452649485,0.10000000000002274,0.1,2.273181642920008e-14,0.0,8,2,186,76,51.23459005027465,50.97353128404338,56.412500000000215
327.600000000006,328.2569452649485,0.10000000000002274,0.1,2.273181642920008e-14,0.0,8,2,186,77,51.016840050274645,50.87353128404338,56.512500000000216
327.700000000006,328.35694526494854,0.10000000000002274,0.1,2.273181642920008e-14,0.0,8,2,186,77,50.79896505027465,50.77353128404338,56.61250000000021
327.80000000000604,328.45694526494856,0.10000000000002274,0.1,2.273181642920008e-14,0.0,8,2,187,77,50.58096505027465,50.67353128404338,56.71250000000021
327.90000000000606,328.5569452649486,0.10000000000002274,0.1,2.273181642920008e-14,0.0,8,2,191,77,50.362840050274656,50.573531284043376,56.81250000000021
328.0000000000061,328.6569452649486,0.10000000000002274,0.1,2.273181642920008e-14,0.0,8,2,191,77,50.14459005027466,50.473531284043375,56.91250000000021
328.1000000000061,328.7569452649486,0.10000000000002274,0.1,2.273181642920008e-14,0.0,8,2,192,77,49.92621505027466,50.37353128404337,57.01250000000021
328.2000000000061,328.85694526494865,0.10000000000002274,0.1,2.273181642920008e-14,0.0,8,2,192,77,49.70771505027466,50.27353128404337,57.11250000000021
328.30000000000615,328.9569452649487,0.10000000000002274,0.1,2.273181642920008e-14,0.0,8,2,192,78,49.48909005027466,50.17353128404337,57.212500000000205
328.4000000000062,329.0569452649487,0.10000000000002274,0.1,2.273181642920008e-14,0.0,8,2,192,78,49.27034005027466,50.07353128404337,57.312500000000206
328.5000000000062,329.1569452649487,0.10000000000002274,0.1,2.273181642920008e-14,0.0,8,2,191,78,49.051465050274665,49.97353128404337,57.41250000000021
328.6000000000062,329.25694526494874,0.10000000000002274,0.1,2.273181642920008e-14,0.0,8,2,191,78,48.83246505027467,49.873531284043366,57.5125000000002
328.70000000000624,329.35694526494876,0.10000000000002274,0.1,2.273181642920008e-14,0.0,8,2,192,78,48.61334005027467,49.643018154334,57.6125000000002
328.80000000000626,329.4569452649488,0.10000000000002274,0.1,2.273181642920008e-14,0.0,8,2,192,78,48.39409005027467,48.58901815433401,57.7125000000002
328.9000000000063,329.5569452649488,0.10000000000002274,0.1,2.273181642920008e-14,0.0,8,2,193,78,48.17471505027467,48.25436665034397,57.8125000000002
329.0000000000063,329.65694526494883,0.10000000000002274,0.1,2.273181642920008e-14,0.0,8,2,194,78,47.955215050274674,48.15436665034397,57.9125000000002
329.10000000000633,329.75694526494885,0.10000000000002274,0.1,2.273181642920008e-14,0.0,8,2,194,78,47.73559005027468,48.054366650343965,58.012500000000195
329.20000000000636,329.8569452649489,0.10000000000002274,0.1,2.273181642920008e-14,0.0,8,2,195,78,47.515840050274676,47.954366650343964,58.112500000000196
329.3000000000064,329.9569452649489,0.10000000000002274,0.1,2.273181642920008e-14,0.0,8,2,195,78,47.29596505027468,47.85436665034396,58.21250000000019
329.4000000000064,330.0569452649489,0.10000000000002274,0.1,2.273181642920008e-14,0.0,8,2,195,78,47.07596505027468,47.75436665034396,58.31250000000019
329.5000000000064,330.15694526494894,0.10000000000002274,0.1,2.273181642920008e-14,0.0,8,2,196,78,46.855840050274686,47.65436665034396,58.41250000000019
329.60000000000645,330.25694526494897,0.10000000000002274,0.1,2.273181642920008e-14,0.0,8,2,195,78,46.635590050274686,47.55436665034396,58.51250000000019
329.70000000000647,330.356945264949,0.10000000000002274,0.1,2.273181642920008e-14,0.0,8,2,195,78,46.41521505027469,47.45436665034396,58.61250000000019
329.8000000000065,330.456945264949,0.10000000000002274,0.1,2.273181642920008e-14,0.0,8,2,196,78,46.194715050274695,47.354366650343955,58.71250000000019
329.9000000000065,330.55694526494904,0.10000000000002274,0.1,2.273181642920008e-14,0.0,8,2,195,78,45.9740900502747,47.254366650343954,58.812500000000185
330.00000000000654,330.65694526494906,0.10000000000002274,0.1,2.273181642920008e-14,0.0,8,2,195,78,45.753340050274694,47.15436665034395,58.912500000000186
330.10000000000656,330.7569452649491,0.10000000000002274,0.1,2.273181642920008e-14,0.0,8,2,196,78,45.5324650502747,47.05436665034395,59.01250000000018
330.2000000000066,330.8569452649491,0.10000000000002274,0.1,2.273181642920008e-14,0.0,8,2,197,79,45.3114650502747,46.95436665034395,59.11250000000018
330.3000000000066,330.9569452649491,0.10000000000002274,0.1,2.273181642920008e-14,0.0,8,2,197,79,45.090340050274705,46.85436665034395,59.212500000000176
330.4000000000066,331.05694526494915,0.10000000000002274,0.1,2.273181642920008e-14,0.0,8,2,197,79,44.86909005027471,46.75436665034395,59.31250000000018
330.50000000000665,331.1569452649492,0.10000000000002274,0.1,2.273181642920008e-14,0.0,8,2,198,78,44.647715050274705,46.654366650343945,59.41250000000017
330.6000000000067,331.2569452649492,0.10000000000002274,0.1,2.273181642920008e-14,0.0,8,2,196,77,44.426215050274706,46.554366650343944,59.51250000000017
330.7000000000067,331.3569452649492,0.10000000000002274,0.1,2.273181642920008e-14,0.0,8,2,195,76,44.20459005027471,46.45436665034394,59.61250000000017
330.8000000000067,331.45694526494924,0.10000000000002274,0.1,2.273181642920008e-14,0.0,8,2,196,76,43.98284005027472,46.35436665034394,59.71250000000017
330.90000000000674,331.55694526494926,0.10000000000002274,0.1,2.273181642920008e-14,0.0,8,2,197,76,43.76096505027471,46.25436665034394,59.81250000000016
331.00000000000676,331.6569452649493,0.10000000000002274,0.1,2.273181642920008e-14,0.0,8,2,197,76,43.53896505027472,46.15436665034394,59.912500000000165
331.1000000000068,331.7569452649493,0.10000000000002274,0.1,2.273181642920008e-14,0.0,8,2,198,76,43.31684005027472,46.05436665034394,60.01250000000016
331.2000000000068,331.85694526494933,0.10000000000002274,0.1,2.273181642920008e-14,0.0,8,2,198,75,43.094590050274725,45.954366650343935,60.11250000000016
331.30000000000683,331.95694526494935,0.10000000000002274,0.1,2.273181642920008e-14,0.0,8,2,197,76,42.872215050274725,45.854366650343934,60.212500000000155
331.40000000000686,332.0569452649494,0.10000000000002274,0.1,2.273181642920008e-14,0.0,8,2,198,76,42.64971505027473,45.75436665034393,60.312500000000156
331.5000000000069,332.1569452649494,0.10000000000002274,0.1,2.273181642920008e-14,0.0,8,2,197,76,42.42709005027473,45.65436665034393,60.41250000000015
331.6000000000069,332.2569452649494,0.10000000000002274,0.1,2.273181642920008e-14,0.0,8,2,197,76,42.20434005027473,45.55436665034393,60.51250000000015
331.7000000000069,332.35694526494945,0.10000000000002274,0.1,2.273181642920008e-14,0.0,8,2,197,77,41.981465050274736,45.45436665034393,60.612500000000146
331.80000000000695,332.45694526494947,0.10000000000002274,0.1,2.273181642920008e-14,0.0,8,2,198,76,41.75846505027474,45.35436665034393,60.71250000000015
331.90000000000697,332.5569452649495,0.10000000000002274,0.1,2.273181642920008e-14,0.0,8,2,197,76,41.53534005027474,45.254366650343925,60.81250000000014
332.000000000007,332.6569452649495,0.10000000000002274,0.1,2.273181642920008e-14,0.0,8,2,196,75,41.31209005027474,45.154366650343924,60.91250000000014
332.100000000007,332.75694526494954,0.10000000000002274,0.1,2.273181642920008e-14,0.0,8,2,196,76,41.08871505027474,45.05436665034392,61.01250000000014
332.20000000000704,332.85694526494956,0.10000000000002274,0.1,2.273181642920008e-14,0.0,8,2,195,76,40.86521505027474,44.95436665034392,61.11250000000014
332.30000000000706,332.9569452649496,0.10000000000002274,0.1,2.273181642920008e-14,0.0,8,2,197,75,40.64159005027475,44.85436665034392,61.212500000000134
332.4000000000071,333.0569452649496,0.10000000000002274,0.1,2.273181642920008e-14,0.0,8,2,199,75,40.41784005027475,44.75436665034392,61.312500000000135
332.5000000000071,333.1569452649496,0.10000000000002274,0.1,2.273181642920008e-14,0.0,8,2,198,75,40.193965050274755,44.65436665034392,61.41250000000013
332.6000000000071,333.25694526494965,0.10000000000002274,0.1,2.273181642920008e-14,0.0,8,2,198,75,39.96996505027475,44.554366650343916,61.51250000000013
332.70000000000715,333.3569452649497,0.10000000000002274,0.1,2.273181642920008e-14,0.0,8,2,198,75,39.74584005027476,44.454366650343914,61.612500000000125
332.8000000000072,333.4569452649497,0.10000000000002274,0.1,2.273181642920008e-14,0.0,8,2,197,75,39.52159005027476,44.35436665034391,61.71250000000012
332.9000000000072,333.5569452649497,0.10000000000002274,0.1,2.273181642920008e-14,0.0,8,2,198,75,39.297215050274765,44.25436665034391,61.81250000000012
333.0000000000072,333.65694526494974,0.10000000000002274,0.1,2.273181642920008e-14,0.0,8,2,197,75,39.072715050274766,44.15436665034391,61.912500000000115
333.10000000000724,333.75694526494976,0.10000000000002274,0.1,2.273181642920008e-14,0.0,8,2,196,75,38.84809005027477,44.05436665034391,62.01250000000012
333.20000000000726,333.8569452649498,0.10000000000002274,0.1,2.273181642920008e-14,0.0,8,2,195,75,38.62334005027477,43.95436665034391,62.11250000000011
333.3000000000073,333.9569452649498,0.10000000000002274,0.1,2.273181642920008e-14,0.0,8,2,194,75,38.39846505027477,43.854366650343906,62.212500000000105
333.4000000000073,334.05694526494983,0.10000000000002274,0.1,2.273181642920008e-14,0.0,8,2,193,75,38.17346505027478,43.754366650343904,62.31250000000011
333.50000000000733,334.15694526494985,0.10000000000002274,0.1,2.273181642920008e-14,0.0,7,2,193,75,43.68052889255195,43.6543666503439,57.01428571428603
333.60000000000736,334.2569452649499,0.10000000000002274,0.1,2.273181642920008e-14,0.0,7,2,193,75,43.58052889255195,43.5543666503439,57.114285714286034
333.7000000000074,334.3569452649499,0.10000000000002274,0.1,2.273181642920008e-14,0.0,7,2,193,75,43.48052889255195,43.4543666503439,57.21428571428602
333.8000000000074,334.4569452649499,0.10000000000002274,0.1,2.273181642920008e-14,0.0,7,2,193,76,43.38052889255196,43.3543666503439,57.31428571428602
333.9000000000074,334.55694526494995,0.10000000000002274,0.1,2.273181642920008e-14,0.0,7,2,192,76,43.28052889255195,43.2543666503439,57.41428571428602
334.00000000000745,334.65694526494997,0.10000000000002274,0.1,2.273181642920008e-14,0.0,7,2,192,76,43.18052889255195,43.154366650343896,57.51428571428602
334.10000000000747,334.75694526495,0.10000000000002274,0.1,2.273181642920008e-14,0.0,7,2,192,77,43.08052889255195,43.054366650343894,57.61428571428602
334.2000000000075,334.85694526495,0.10000000000002274,0.1,2.273181642920008e-14,0.0,7,2,192,76,42.98052889255195,42.95436665034389,57.714285714286014
334.3000000000075,334.95694526495004,0.10000000000002274,0.1,2.273181642920008e-14,0.0,7,2,192,77,42.88052889255196,42.85436665034389,57.814285714286015
334.40000000000754,335.05694526495006,0.10000000000002274,0.1,2.273181642920008e-14,0.0,7,2,193,77,42.780528892551956,42.75436665034389,57.91428571428601
334.50000000000756,335.1569452649501,0.10000000000002274,0.1,2.273181642920008e-14,0.0,7,2,192,77,42.680528892551955,42.65436665034389,58.01428571428601
334.6000000000076,335.2569452649501,0.10000000000002274,0.1,2.273181642920008e-14,0.0,7,2,192,78,42.58052889255196,42.55436665034389,58.114285714286
334.7000000000076,335.3569452649501,0.10000000000002274,0.1,2.273181642920008e-14,0.0,7,2,191,79,42.48052889255196,42.454366650343886,58.214285714286
334.8000000000076,335.45694526495015,0.10000000000002274,0.1,2.273181642920008e-14,0.0,7,2,192,79,42.380528892551965,42.354366650343884,58.314285714285994
334.90000000000765,335.5569452649502,0.10000000000002274,0.1,2.273181642920008e-14,0.0,7,2,192,78,42.28052889255196,42.25436665034388,58.414285714285995
335.0000000000077,335.6569452649502,0.10000000000002274,0.1,2.273181642920008e-14,0.0,7,2,192,78,42.180528892551955,42.15436665034388,58.514285714286
335.1000000000077,335.7569452649502,0.10000000000002274,0.1,2.273181642920008e-14,0.0,7,2,193,78,42.08052889255196,42.05436665034388,58.614285714285984
335.2000000000077,335.85694526495024,0.10000000000002274,0.1,2.273181642920008e-14,0.0,7,2,193,77,41.98052889255196,41.95436665034388,58.714285714285985
335.30000000000774,335.95694526495026,0.10000000000002274,0.1,2.273181642920008e-14,0.0,7,2,195,77,41.880528892551965,41.85436665034388,58.81428571428598
335.40000000000776,336.0569452649503,0.10000000000002274,0.1,2.273181642920008e-14,0.0,7,2,196,77,41.78052889255196,41.754366650343876,58.91428571428598
335.5000000000078,336.1569452649503,0.10000000000002274,0.1,2.273181642920008e-14,0.0,7,2,197,77,41.68052889255197,41.654366650343874,59.01428571428597
335.6000000000078,336.25694526495033,0.10000000000002274,0.1,2.273181642920008e-14,0.0,7,2,197,77,41.58052889255197,41.55436665034387,59.11428571428597
335.70000000000783,336.35694526495035,0.10000000000002274,0.1,2.273181642920008e-14,0.0,7,2,197,77,41.480528892551966,41.45436665034387,59.214285714285964
335.80000000000786,336.4569452649504,0.10000000000002274,0.1,2.273181642920008e-14,0.0,7,2,196,77,41.38052889255197,41.35436665034387,59.314285714285965
335.9000000000079,336.5569452649504,0.10000000000002274,0.1,2.273181642920008e-14,0.0,7,2,195,77,41.28052889255197,41.25436665034387,59.41428571428595
336.0000000000079,336.6569452649504,0.10000000000002274,0.1,2.273181642920008e-14,0.0,7,2,196,78,41.18052889255197,41.15436665034387,59.514285714285954
336.1000000000079,336.75694526495045,0.10000000000002274,0.1,2.273181642920008e-14,0.0,7,2,196,78,41.08052889255197,41.054366650343866,59.61428571428595
336.20000000000795,336.85694526495047,0.10000000000002274,0.1,2.273181642920008e-14,0.0,7,2,197,78,40.980528892551966,40.954366650343864,59.71428571428595
336.30000000000797,336.9569452649505,0.10000000000002274,0.1,2.273181642920008e-14,0.0,7,2,197,79,40.88052889255197,40.85436665034386,59.81428571428594
336.400000000008,337.0569452649505,0.10000000000002274,0.1,2.273181642920008e-14,0.0,7,2,197,77,40.78052889255197,40.75436665034386,59.91428571428594
336.500000000008,337.15694526495054,0.10000000000002274,0.1,2.273181642920008e-14,0.0,7,2,198,78,40.680528892551976,40.65436665034386,60.01428571428594
336.60000000000804,337.25694526495056,0.10000000000002274,0.1,2.273181642920008e-14,0.0,7,2,198,78,40.580528892551975,40.55436665034386,60.114285714285934
336.70000000000806,337.3569452649506,0.10000000000002274,0.1,2.273181642920008e-14,0.0,7,2,198,78,40.48052889255198,40.45436665034386,60.21428571428593
336.8000000000081,337.4569452649506,0.10000000000002274,0.1,2.273181642920008e-14,0.0,7,2,199,78,40.38052889255198,40.354366650343856,60.31428571428592
336.9000000000081,337.5569452649506,0.10000000000002274,0.1,2.273181642920008e-14,0.0,7,2,198,78,40.28052889255198,40.254366650343854,60.414285714285924
337.00000000000813,337.65694526495065,0.10000000000002274,0.1,2.273181642920008e-14,0.0,7,2,197,78,40.067957463980555,40.15436665034385,60.51428571428592
337.10000000000815,337.7569452649507,0.10000000000002274,0.1,2.273181642920008e-14,0.0,7,2,198,78,39.85524317826627,40.05436665034385,60.61428571428591
337.2000000000082,337.8569452649507,0.10000000000002274,0.1,2.273181642920008e-14,0.0,7,2,197,78,39.642386035409125,39.95436665034385,60.71428571428591
337.3000000000082,337.9569452649507,0.10000000000002274,0.1,2.273181642920008e-14,0.0,7,2,197,78,39.42938603540913,39.85436665034385,60.81428571428591
337.4000000000082,338.05694526495074,0.10000000000002274,0.1,2.273181642920008e-14,0.0,7,2,198,78,39.21624317826627,39.75436665034385,60.9142857142859
337.50000000000824,338.15694526495076,0.10000000000002274,0.1,2.273181642920008e-14,0.0,7,2,197,78,39.00295746398056,39.654366650343846,61.0142857142859
337.60000000000827,338.2569452649508,0.10000000000002274,0.1,2.273181642920008e-14,0.0,7,2,197,78,38.789528892551985,39.554366650343844,61.11428571428589
337.7000000000083,338.3569452649508,0.10000000000002274,0.1,2.273181642920008e-14,0.0,7,2,196,78,38.57595746398056,39.45436665034384,61.21428571428589
337.8000000000083,338.45694526495083,0.10000000000002274,0.1,2.273181642920008e-14,0.0,7,2,196,78,38.36224317826627,39.35436665034384,61.314285714285894
337.90000000000833,338.55694526495085,0.10000000000002274,0.1,2.273181642920008e-14,0.0,7,2,196,78,38.14838603540913,39.25436665034384,61.41428571428588
338.00000000000836,338.6569452649509,0.10000000000002274,0.1,2.273181642920008e-14,0.0,7,2,197,78,37.93438603540913,39.15436665034384,61.51428571428588
338.1000000000084,338.7569452649509,0.10000000000002274,0.1,2.273181642920008e-14,0.0,7,2,199,78,37.72024317826627,39.05436665034384,61.61428571428588
338.2000000000084,338.8569452649509,0.10000000000002274,0.1,2.273181642920008e-14,0.0,7,2,199,78,37.50595746398056,38.954366650343836,61.71428571428588
338.3000000000084,338.95694526495095,0.10000000000002274,0.1,2.273181642920008e-14,0.0,7,2,200,78,37.29152889255199,38.854366650343835,61.814285714285866
338.40000000000845,339.05694526495097,0.10000000000002274,0.1,2.273181642920008e-14,0.0,7,2,198,78,37.076957463980555,38.75436665034383,61.91428571428587
338.50000000000847,339.156945264951,0.10000000000002274,0.1,2.273181642920008e-14,0.0,7,2,197,78,36.862243178266276,38.65436665034383,62.01428571428586
338.6000000000085,339.256945264951,0.10000000000002274,0.1,2.273181642920008e-14,0.0,7,2,198,78,36.64738603540913,38.55436665034383,62.11428571428586
338.7000000000085,339.35694526495104,0.10000000000002274,0.1,2.273181642920008e-14,0.0,7,2,198,78,36.43238603540913,38.45436665034383,62.21428571428585
338.80000000000854,339.45694526495106,0.10000000000002274,0.1,2.273181642920008e-14,0.0,7,2,199,76,36.21724317826628,38.35436665034383,62.31428571428585
338.90000000000856,339.5569452649511,0.10000000000002274,0.1,2.273181642920008e-14,0.0,7,2,199,76,36.00195746398056,38.254366650343826,62.414285714285846
339.0000000000086,339.6569452649511,0.10000000000002274,0.1,2.273181642920008e-14,0.0,7,2,199,76,35.78652889255199,38.154366650343825,62.51428571428585
339.1000000000086,339.7569452649511,0.10000000000002274,0.1,2.273181642920008e-14,0.0,7,2,199,75,35.57095746398056,38.05436665034382,62.614285714285835
339.20000000000863,339.85694526495115,0.10000000000002274,0.1,2.273181642920008e-14,0.0,7,2,198,76,35.35524317826628,37.95436665034382,62.714285714285836
339.30000000000865,339.9569452649512,0.10000000000002274,0.1,2.273181642920008e-14,0.0,7,2,198,74,35.13938603540914,37.85436665034382,62.81428571428584
339.4000000000087,340.0569452649512,0.10000000000002274,0.1,2.273181642920008e-14,0.0,7,2,197,74,34.82224317826628,37.75436665034382,62.91428571428583
339.5000000000087,340.1569452649512,0.10000000000002274,0.1,2.273181642920008e-14,0.0,7,2,198,72,34.052627376882526,36.65692855897815,63.014285714285826
339.6000000000087,340.2889452649512,0.132000000000005,0.1,0.032000000000005,0.0,7,2,198,72,38.02062737688252,36.05692855897815,63.11428571428582
339.70000000000874,340.38894526495125,0.10000000000002274,0.1,2.273181642920008e-14,0.0,7,2,198,72,37.41284388251933,35.40987791719785,63.21428571428582
339.80000000000877,340.53834526495126,0.1494000000000142,0.1,0.04940000000001418,0.0,7,2,197,72,43.85663050009689,34.80987791719785,63.314285714285816
339.9000000000088,340.6383452649513,0.10000000000002274,0.1,2.273181642920008e-14,0.0,8,2,197,72,34.69177494590743,35.499530761964444,55.500000000000085
340.0000000000088,340.7383452649513,0.10000000000002274,0.1,2.273181642920008e-14,0.0,8,2,197,72,34.044503250701034,34.89953076196444,55.60000000000008
340.10000000000883,340.83834526495133,0.10000000000002274,0.1,2.273181642920008e-14,0.0,8,2,197,72,33.44025325070103,34.29953076196444,55.70000000000008
340.20000000000886,340.93834526495135,0.10000000000002274,0.1,2.273181642920008e-14,0.0,8,2,199,72,32.83575325070103,33.69953076196444,55.800000000000075
340.3000000000089,341.0677452649514,0.12940000000003238,0.1,0.029400000000032372,0.0,8,2,198,72,35.90600325070103,33.09953076196444,55.90000000000007
340.4000000000089,341.1677452649514,0.10000000000002274,0.1,2.273181642920008e-14,0.0,8,2,198,72,35.323464942366165,32.49953076196444,56.00000000000007
340.5000000000089,341.26774526495143,0.10000000000002274,0.1,2.273181642920008e-14,0.0,7,2,198,72,39.92317794588028,32.182515882788536,53.82857142857148
340.60000000000895,341.36774526495145,0.10000000000002274,0.1,2.273181642920008e-14,0.0,7,2,199,72,39.37164326011817,31.25851588278854,53.92857142857148
340.70000000000897,341.4677452649515,0.10000000000002274,0.1,2.273181642920008e-14,0.0,7,2,199,72,38.868071831546736,30.509041684084675,54.028571428571475
340.800000000009,341.5677452649515,0.10000000000002274,0.1,2.273181642920008e-14,0.0,7,2,198,72,38.39908121699421,29.909041684084674,54.12857142857147
340.900000000009,341.6677452649515,0.10000000000002274,0.1,2.273181642920008e-14,0.0,7,2,198,71,38.125669246536056,29.73613954591577,54.22857142857146
341.00000000000904,341.76774526495154,0.10000000000002274,0.1,2.273181642920008e-14,0.0,7,2,199,71,37.907383532250336,29.636139545915768,54.328571428571465
341.10000000000906,341.86774526495157,0.10000000000002274,0.1,2.273181642920008e-14,0.0,7,2,199,70,37.68895496082177,29.536139545915766,54.42857142857146
341.2000000000091,341.9677452649516,0.10000000000002274,0.1,2.273181642920008e-14,0.0,7,2,199,70,37.470383532250345,29.436139545915765,54.52857142857146
341.3000000000091,342.0677452649516,0.10000000000002274,0.1,2.273181642920008e-14,0.0,7,2,199,70,37.25166924653605,29.336139545915763,54.628571428571455
341.40000000000913,342.16774526495163,0.10000000000002274,0.1,2.273181642920008e-14,0.0,7,2,198,70,37.032812103678914,29.236139545915762,54.72857142857145
341.50000000000915,342.26774526495166,0.10000000000002274,0.1,2.273181642920008e-14,0.0,7,2,199,69,36.81381210367891,29.13613954591576,54.82857142857144
341.6000000000092,342.3677452649517,0.10000000000002274,0.1,2.273181642920008e-14,0.0,7,2,199,69,36.59466924653606,29.03613954591576,54.928571428571445
341.7000000000092,342.4677452649517,0.10000000000002274,0.1,2.273181642920008e-14,0.0,7,2,199,69,36.375383532250346,28.936139545915758,55.028571428571446
341.8000000000092,342.5677452649517,0.10000000000002274,0.1,2.273181642920008e-14,0.0,7,2,199,69,36.155954960821774,28.836139545915756,55.12857142857144
341.90000000000924,342.66774526495175,0.10000000000002274,0.1,2.273181642920008e-14,0.0,7,2,199,68,35.936383532250346,28.736139545915755,55.22857142857144
342.00000000000927,342.76774526495177,0.10000000000002274,0.1,2.273181642920008e-14,0.0,7,2,199,68,35.71666924653606,28.636139545915754,55.328571428571436
342.1000000000093,342.8677452649518,0.10000000000002274,0.1,2.273181642920008e-14,0.0,7,2,198,68,35.49681210367892,28.536139545915752,55.42857142857143
342.2000000000093,342.9677452649518,0.10000000000002274,0.1,2.273181642920008e-14,0.0,7,2,198,68,35.27681210367892,28.43613954591575,55.528571428571425
342.30000000000933,343.06774526495184,0.10000000000002274,0.1,2.273181642920008e-14,0.0,7,2,199,68,35.05666924653606,28.33613954591575,55.628571428571426
342.40000000000936,343.16774526495186,0.10000000000002274,0.1,2.273181642920008e-14,0.0,7,2,199,68,34.836383532250345,28.236139545915748,55.72857142857142
342.5000000000094,343.2677452649519,0.10000000000002274,0.1,2.273181642920008e-14,0.0,7,2,199,68,34.615954960821774,28.136139545915746,55.82857142857142
342.6000000000094,343.3677452649519,0.10000000000002274,0.1,2.273181642920008e-14,0.0,7,2,199,69,34.39538353225035,28.036139545915745,55.92857142857142
342.7000000000094,343.46774526495193,0.10000000000002274,0.1,2.273181642920008e-14,0.0,7,2,200,69,34.17466924653606,27.936139545915744,56.02857142857142
342.80000000000945,343.56774526495195,0.10000000000002274,0.1,2.273181642920008e-14,0.0,7,2,201,69,33.95381210367892,27.836139545915742,56.12857142857141
342.90000000000947,343.667745264952,0.10000000000002274,0.1,2.273181642920008e-14,0.0,7,2,202,69,33.732812103678924,27.73613954591574,56.228571428571406
343.0000000000095,343.767745264952,0.10000000000002274,0.1,2.273181642920008e-14,0.0,7,2,202,69,33.511669246536066,27.63613954591574,56.32857142857141
343.1000000000095,343.867745264952,0.10000000000002274,0.1,2.273181642920008e-14,0.0,7,2,202,69,33.29038353225035,27.536139545915738,56.4285714285714
343.20000000000954,343.96774526495204,0.10000000000002274,0.1,2.273181642920008e-14,0.0,6,2,202,69,38.607630949216166,29.499602199158943,53.88333333333327
343.30000000000956,344.06774526495207,0.10000000000002274,0.1,2.273181642920008e-14,0.0,6,2,202,69,38.36579761588283,29.39960219915894,53.98333333333327
343.4000000000096,344.1677452649521,0.10000000000002274,0.1,2.273181642920008e-14,0.0,6,2,201,68,38.12379761588283,29.29960219915894,54.083333333333265
343.5000000000096,344.2677452649521,0.10000000000002274,0.1,2.273181642920008e-14,0.0,6,2,200,67,37.88163094921617,29.19960219915894,54.18333333333326
343.60000000000963,344.36774526495213,0.10000000000002274,0.1,2.273181642920008e-14,0.0,6,2,199,68,37.63929761588283,29.099602199158937,54.28333333333327
343.70000000000965,344.46774526495216,0.10000000000002274,0.1,2.273181642920008e-14,0.0,6,2,199,68,37.39679761588284,28.999602199158936,54.38333333333326
343.8000000000097,344.5677452649522,0.10000000000002274,0.1,2.273181642920008e-14,0.0,6,2,200,68,37.154130949216174,28.899602199158934,54.48333333333326
343.9000000000097,344.6677452649522,0.10000000000002274,0.1,2.273181642920008e-14,0.0,6,2,199,68,36.91129761588284,28.799602199158933,54.58333333333326
344.0000000000097,344.7677452649522,0.10000000000002274,0.1,2.273181642920008e-14,0.0,6,2,199,68,36.66829761588284,28.69960219915893,54.68333333333325
344.10000000000974,344.86774526495225,0.10000000000002274,0.1,2.273181642920008e-14,0.0,5,2,199,68,44.07245396250167,28.69960219915893,48.54000000000003
344.20000000000977,344.96774526495227,0.10000000000002274,0.1,2.273181642920008e-14,0.0,5,2,198,68,43.97245396250167,28.59960219915893,48.64000000000002
344.3000000000098,345.0677452649523,0.10000000000002274,0.1,2.273181642920008e-14,0.0,5,2,198,68,43.872453962501666,28.49960219915893,48.74000000000002
344.4000000000098,345.1677452649523,0.10000000000002274,0.1,2.273181642920008e-14,0.0,5,2,198,68,43.77245396250167,28.399602199158927,48.84000000000002
344.50000000000983,345.26774526495234,0.10000000000002274,0.1,2.273181642920008e-14,0.0,5,2,199,68,43.67245396250167,28.299602199158926,48.94000000000001
344.60000000000986,345.36774526495236,0.10000000000002274,0.1,2.273181642920008e-14,0.0,5,2,198,68,43.57245396250167,28.199602199158925,49.04000000000001
344.7000000000099,345.4677452649524,0.10000000000002274,0.1,2.273181642920008e-14,0.0,5,2,198,68,43.47245396250167,28.099602199158923,49.140000000000015
344.8000000000099,345.5677452649524,0.10000000000002274,0.1,2.273181642920008e-14,0.0,5,2,198,68,43.372453962501666,27.99960219915892,49.24000000000001
344.9000000000099,345.66774526495243,0.10000000000002274,0.1,2.273181642920008e-14,0.0,5,2,198,67,43.27245396250167,27.89960219915892,49.34000000000001
345.00000000000995,345.76774526495245,0.10000000000002274,0.1,2.273181642920008e-14,0.0,5,2,199,67,43.17245396250167,27.79960219915892,49.44000000000001
345.10000000000997,345.8677452649525,0.10000000000002274,0.1,2.273181642920008e-14,0.0,5,2,198,67,43.07245396250167,27.699602199158917,49.540000000000006
345.20000000001,345.9677452649525,0.10000000000002274,0.1,2.273181642920008e-14,0.0,5,2,198,67,42.97245396250167,27.599602199158916,49.64
345.30000000001,346.0677452649525,0.10000000000002274,0.1,2.273181642920008e-14,0.0,5,2,197,67,42.872453962501666,27.499602199158915,49.74
345.40000000001004,346.16774526495254,0.10000000000002274,0.1,2.273181642920008e-14,0.0,5,2,197,67,42.77245396250167,27.399602199158913,49.84
345.50000000001006,346.26774526495257,0.10000000000002274,0.1,2.273181642920008e-14,0.0,5,2,197,67,42.67245396250167,27.29960219915891,49.94
345.6000000000101,346.3677452649526,0.10000000000002274,0.1,2.273181642920008e-14,0.0,5,2,197,67,42.57245396250167,27.19960219915891,50.04
345.7000000000101,346.4677452649526,0.10000000000002274,0.1,2.273181642920008e-14,0.0,5,2,197,66,42.47245396250167,27.09960219915891,50.14
345.80000000001013,346.56774526495263,0.10000000000002274,0.1,2.273181642920008e-14,0.0,5,2,197,66,42.372453962501666,26.999602199158907,50.239999999999995
345.90000000001015,346.66774526495266,0.10000000000002274,0.1,2.273181642920008e-14,0.0,5,2,197,65,42.27245396250167,26.899602199158906,50.33999999999999
346.0000000000102,346.7677452649527,0.10000000000002274,0.1,2.273181642920008e-14,0.0,5,2,198,65,42.17245396250167,26.799602199158905,50.43999999999999
346.1000000000102,346.8677452649527,0.10000000000002274,0.1,2.273181642920008e-14,0.0,5,2,199,65,42.07245396250167,26.699602199158903,50.539999999999985
346.2000000000102,346.9677452649527,0.10000000000002274,0.1,2.273181642920008e-14,0.0,5,2,199,65,41.97245396250167,26.599602199158902,50.639999999999986
346.30000000001024,347.06774526495275,0.10000000000002274,0.1,2.273181642920008e-14,0.0,5,2,199,65,41.872453962501666,26.4996021991589,50.73999999999999
346.40000000001027,347.16774526495277,0.10000000000002274,0.1,2.273181642920008e-14,0.0,5,2,198,65,41.77245396250167,26.3996021991589,50.83999999999998
346.5000000000103,347.2677452649528,0.10000000000002274,0.1,2.273181642920008e-14,0.0,5,2,198,66,41.67245396250167,26.299602199158898,50.93999999999998
346.6000000000103,347.3677452649528,0.10000000000002274,0.1,2.273181642920008e-14,0.0,5,2,199,66,41.57245396250167,26.199602199158896,51.03999999999998
346.70000000001033,347.46774526495284,0.10000000000002274,0.1,2.273181642920008e-14,0.0,5,2,198,66,41.47245396250167,26.099602199158895,51.13999999999997
346.80000000001036,347.56774526495286,0.10000000000002274,0.1,2.273181642920008e-14,0.0,5,2,198,66,41.372453962501666,25.999602199158893,51.239999999999974
346.9000000000104,347.6677452649529,0.10000000000002274,0.1,2.273181642920008e-14,0.0,5,2,199,66,41.27245396250167,25.899602199158892,51.339999999999975
347.0000000000104,347.7677452649529,0.10000000000002274,0.1,2.273181642920008e-14,0.0,5,2,199,66,41.17245396250167,25.79960219915889,51.439999999999976
347.1000000000104,347.86774526495293,0.10000000000002274,0.1,2.273181642920008e-14,0.0,5,2,200,66,41.07245396250167,25.69960219915889,51.53999999999998
347.20000000001045,347.96774526495295,0.10000000000002274,0.1,2.273181642920008e-14,0.0,5,2,200,66,40.97245396250167,25.599602199158888,51.639999999999965
347.30000000001047,348.067745264953,0.10000000000002274,0.1,2.273181642920008e-14,0.0,5,2,200,66,40.872453962501666,25.499602199158886,51.73999999999997
347.4000000000105,348.167745264953,0.10000000000002274,0.1,2.273181642920008e-14,0.0,5,2,199,65,40.77245396250167,25.399602199158885,51.83999999999996
347.5000000000105,348.267745264953,0.10000000000002274,0.1,2.273181642920008e-14,0.0,5,2,199,65,40.67245396250167,25.299602199158883,51.93999999999996
347.60000000001054,348.42774526495305,0.160000000000025,0.1,0.060000000000025006,0.0,5,2,199,65,52.427588538596524,40.74974155471207,52.039999999999964
347.70000000001056,348.52774526495307,0.10000000000002274,0.1,2.273181642920008e-14,0.0,5,2,199,65,52.25206535753349,40.649741554712065,52.139999999999965
347.8000000000106,348.6277452649531,0.10000000000002274,0.1,2.273181642920008e-14,0.0,5,2,200,65,52.01001248793057,40.549741554712064,52.23999999999997
347.9000000000106,348.7277452649531,0.10000000000002274,0.1,2.273181642920008e-14,0.0,5,2,199,65,51.79231275052244,40.44974155471206,52.339999999999954
348.00000000001063,348.82774526495314,0.10000000000002274,0.1,2.273181642920008e-14,0.0,5,2,199,65,51.592312750522446,40.34974155471206,52.439999999999955
348.10000000001065,348.92774526495316,0.10000000000002274,0.1,2.273181642920008e-14,0.0,5,2,200,65,51.35188628094429,40.24974155471206,52.53999999999995
348.2000000000107,349.0811452649532,0.1534000000000333,0.1,0.05340000000003328,0.0,5,2,198,65,61.831886280944346,40.14974155471206,52.63999999999995
348.3000000000107,349.1811452649532,0.10000000000002274,0.1,2.273181642920008e-14,0.0,5,2,197,65,61.66160707738057,40.04974155471206,52.73999999999995
348.4000000000107,349.28114526495324,0.10000000000002274,0.1,2.273181642920008e-14,0.0,5,2,197,65,61.43331513948924,39.949741554712055,52.839999999999954
348.50000000001074,349.44114526495326,0.160000000000025,0.1,0.060000000000025006,0.0,5,2,195,65,73.23331513948932,39.849741554712054,52.93999999999994
348.60000000001077,349.6011452649533,0.160000000000025,0.1,0.060000000000025006,0.0,6,2,194,65,66.6972923940513,91.08237465902137,44.21666666666662
348.7000000000108,349.7011452649533,0.10000000000002274,0.1,2.273181642920008e-14,0.0,6,2,194,65,66.3366519361351,90.83408818457791,44.31666666666661
348.8000000000108,349.80114526495333,0.10000000000002274,0.1,2.273181642920008e-14,0.0,6,2,195,65,66.00247822993627,90.09104036248245,44.41666666666662
348.90000000001083,349.94854526495334,0.14740000000000464,0.1,0.04740000000000463,0.0,6,2,194,65,73.63581156326964,89.49104036248245,44.516666666666616
349.00000000001086,350.04854526495336,0.10000000000002274,0.1,2.273181642920008e-14,0.0,7,2,194,65,59.30212419708827,74.9,38.25714285714281
349.1000000000109,350.1485452649534,0.10000000000002274,0.1,2.273181642920008e-14,0.0,7,2,194,65,58.935068100523615,74.26549075013308,38.35714285714281
349.2000000000109,350.2485452649534,0.10000000000002274,0.1,2.273181642920008e-14,0.0,7,2,194,66,58.597487993079305,73.66549075013309,38.457142857142806
349.3000000000109,350.40854526495343,0.160000000000025,0.1,0.060000000000025006,0.0,7,2,193,66,66.85463085022221,73.0654907501331,38.55714285714281
349.40000000001095,350.50854526495345,0.10000000000002274,0.1,2.273181642920008e-14,0.0,7,2,193,66,66.5403451359365,72.4654907501331,38.6571428571428
349.50000000001097,350.6085452649535,0.10000000000002274,0.1,2.273181642920008e-14,0.0,7,2,194,66,66.19883901090711,71.8654907501331,38.7571428571428
349.600000000011,350.81234526495354,0.20380000000005793,0.1,0.10380000000005793,0.0,7,2,191,65,80.7131247251929,85.02960142697366,38.85714285714281
349.700000000011,350.97234526495356,0.160000000000025,0.1,0.060000000000025006,0.0,8,2,191,65,74.75463989708494,84.42960142697366,34.09999999999995
349.80000000001104,351.0723452649536,0.10000000000002274,0.1,2.273181642920008e-14,0.0,9,2,191,65,63.33631087027758,74.28745083673338,30.411111111111065
349.90000000001106,351.1723452649536,0.10000000000002274,0.1,2.273181642920008e-14,0.0,9,2,190,65,62.94526513102077,73.67104252146038,30.51111111111107
350.0000000000111,351.27234526495363,0.10000000000002274,0.1,2.273181642920008e-14,0.0,9,2,191,64,62.56673200479442,73.06424438542315,30.611111111111068
350.1000000000111,351.37234526495365,0.10000000000002274,0.1,2.273181642920008e-14,0.0,9,2,192,65,62.18694604291558,72.44617072851365,30.711111111111066
350.20000000001113,351.4723452649537,0.10000000000002274,0.1,2.273181642920008e-14,0.0,9,2,192,65,61.80719337502959,71.82839671753976,30.81111111111106
350.30000000001115,351.5723452649537,0.10000000000002274,0.1,2.273181642920008e-14,0.0,9,2,192,64,61.42914983148705,71.22600482565687,30.911111111111065
350.4000000000112,351.6723452649537,0.10000000000002274,0.1,2.273181642920008e-14,0.0,9,2,193,64,61.04926646390668,70.60705451743353,31.011111111111063
350.5000000000112,351.77234526495374,0.10000000000002274,0.1,2.273181642920008e-14,0.0,9,2,193,64,60.670253337219606,69.99593637724978,31.11111111111106
350.6000000000112,351.87234526495376,0.10000000000002274,0.1,2.273181642920008e-14,0.0,9,2,194,64,60.26679802905723,69.38799669072695,31.21111111111106
350.70000000001124,351.9723452649538,0.10000000000002274,0.1,2.273181642920008e-14,0.0,9,2,194,64,59.97897485556585,68.78179409171072,31.31111111111106
350.80000000001127,352.0723452649538,0.10000000000002274,0.1,2.273181642920008e-14,0.0,9,2,194,64,59.72758199295866,68.16136130944908,31.411111111111058
350.9000000000113,352.17234526495383,0.10000000000002274,0.1,2.273181642920008e-14,0.0,9,2,194,64,59.50744531231036,67.5565548156081,31.511111111111056
351.0000000000113,352.27234526495386,0.10000000000002274,0.1,2.273181642920008e-14,0.0,9,2,194,64,59.29391668519314,66.93479717155313,31.611111111111054
351.10000000001133,352.3723452649539,0.10000000000002274,0.1,2.273181642920008e-14,0.0,9,2,193,64,59.08071001585128,66.31593714747642,31.71111111111106
351.20000000001136,352.4723452649539,0.10000000000002274,0.1,2.273181642920008e-14,0.0,9,2,193,64,58.909949325247645,65.71264767703498,31.811111111111057
351.3000000000114,352.5723452649539,0.10000000000002274,0.1,2.273181642920008e-14,0.0,9,2,192,64,58.752325455185186,65.09403284647283,31.911111111111055
351.4000000000114,352.67234526495395,0.10000000000002274,0.1,2.273181642920008e-14,0.0,9,2,192,64,58.59454644719301,64.47402177454317,32.01111111111105
351.5000000000114,352.77234526495397,0.10000000000002274,0.1,2.273181642920008e-14,0.0,9,2,191,64,58.438199685005856,63.866900914858796,32.11111111111106
351.60000000001145,352.872345264954,0.10000000000002274,0.1,2.273181642920008e-14,0.0,9,2,192,64,58.28126843119469,63.25451963055832,32.21111111111105
351.70000000001147,352.972345264954,0.10000000000002274,0.1,2.273181642920008e-14,0.0,9,2,192,64,58.121032906794476,62.61239991095639,32.311111111111046
351.8000000000115,353.07234526495404,0.10000000000002274,0.1,2.273181642920008e-14,0.0,9,2,192,64,57.96024642483079,61.965321573283234,32.41111111111105
351.9000000000115,353.17234526495406,0.10000000000002274,0.1,2.273181642920008e-14,0.0,9,2,191,64,57.796850418769196,61.2947575187288,32.51111111111105
352.00000000001154,353.2723452649541,0.10000000000002274,0.1,2.273181642920008e-14,0.0,9,2,190,64,57.63376741455171,60.627010480771354,32.61111111111105
352.10000000001156,353.3723452649541,0.10000000000002274,0.1,2.273181642920008e-14,0.0,9,2,191,64,57.46232181949329,59.88400012524557,32.711111111111045
352.2000000000116,353.47234526495413,0.10000000000002274,0.1,2.273181642920008e-14,0.0,9,2,192,63,57.30262223402883,59.24670385606549,32.811111111111046
352.3000000000116,353.57234526495415,0.10000000000002274,0.1,2.273181642920008e-14,0.0,9,2,192,63,57.14706667847328,58.646703856065486,32.91111111111105
352.40000000001163,353.6723452649542,0.10000000000002274,0.1,2.273181642920008e-14,0.0,9,2,192,62,56.99151112291773,58.046703856065484,33.01111111111104
352.50000000001165,353.7723452649542,0.10000000000002274,0.1,2.273181642920008e-14,0.0,9,2,191,62,56.83595556736217,57.44670385606548,33.11111111111104
352.6000000000117,353.8723452649542,0.10000000000002274,0.1,2.273181642920008e-14,0.0,9,2,191,62,56.68040001180662,56.84670385606548,33.21111111111104
352.7000000000117,353.97234526495424,0.10000000000002274,0.1,2.273181642920008e-14,0.0,9,2,190,62,56.52484445625107,56.24670385606548,33.311111111111046
352.8000000000117,354.07234526495427,0.10000000000002274,0.1,2.273181642920008e-14,0.0,9,2,191,62,56.369288900695516,55.64670385606548,33.41111111111104
352.90000000001174,354.1723452649543,0.10000000000002274,0.1,2.273181642920008e-14,0.0,9,2,191,62,56.21373334513996,55.04670385606548,33.511111111111035
353.00000000001177,354.2723452649543,0.10000000000002274,0.1,2.273181642920008e-14,0.0,9,2,192,61,56.058177789584406,54.446703856065476,33.611111111111036
353.1000000000118,354.37234526495433,0.10000000000002274,0.1,2.273181642920008e-14,0.0,9,2,193,61,55.90262223402885,53.846703856065474,33.71111111111104
353.2000000000118,354.47234526495436,0.10000000000002274,0.1,2.273181642920008e-14,0.0,9,2,193,61,55.747066678473296,53.24670385606547,33.81111111111104
353.30000000001183,354.5723452649544,0.10000000000002274,0.1,2.273181642920008e-14,0.0,9,2,193,61,55.591511122917744,52.64670385606547,33.91111111111103
353.40000000001186,354.6723452649544,0.10000000000002274,0.1,2.273181642920008e-14,0.0,9,2,193,61,55.435955567362186,52.04670385606547,34.011111111111035
353.5000000000119,354.7723452649544,0.10000000000002274,0.1,2.273181642920008e-14,0.0,9,2,195,61,55.280400011806634,51.44670385606547,34.11111111111103
353.6000000000119,354.87234526495445,0.10000000000002274,0.1,2.273181642920008e-14,0.0,9,2,196,61,55.12484445625108,50.84670385606547,34.21111111111103
353.7000000000119,354.97234526495447,0.10000000000002274,0.1,2.273181642920008e-14,0.0,9,2,196,61,54.96928890069553,50.246703856065466,34.31111111111103
353.80000000001195,355.0723452649545,0.10000000000002274,0.1,2.273181642920008e-14,0.0,9,2,196,60,54.86928890069553,50.146703856065464,34.411111111111026
353.90000000001197,355.1723452649545,0.10000000000002274,0.1,2.273181642920008e-14,0.0,9,2,195,60,54.769288900695535,50.04670385606546,34.51111111111103
354.000000000012,355.27234526495454,0.10000000000002274,0.1,2.273181642920008e-14,0.0,9,2,194,60,54.669288900695534,49.94670385606546,34.61111111111103
354.100000000012,355.37234526495456,0.10000000000002274,0.1,2.273181642920008e-14,0.0,9,2,194,60,54.56928890069553,49.84670385606546,34.71111111111102
354.20000000001204,355.4723452649546,0.10000000000002274,0.1,2.273181642920008e-14,0.0,9,2,194,59,54.46928890069554,49.74670385606546,34.811111111111025
354.30000000001206,355.5723452649546,0.10000000000002274,0.1,2.273181642920008e-14,0.0,9,2,195,60,54.36928890069554,49.64670385606546,34.91111111111102
354.4000000000121,355.67234526495463,0.10000000000002274,0.1,2.273181642920008e-14,0.0,9,2,195,60,54.26928890069554,49.546703856065456,35.01111111111102
354.5000000000121,355.77234526495465,0.10000000000002274,0.1,2.273181642920008e-14,0.0,9,2,195,60,54.16928890069554,49.446703856065454,35.11111111111102
354.60000000001213,355.8723452649547,0.10000000000002274,0.1,2.273181642920008e-14,0.0,9,2,195,60,54.06928890069555,49.34670385606545,35.21111111111102
354.70000000001215,355.9723452649547,0.10000000000002274,0.1,2.273181642920008e-14,0.0,9,2,196,60,53.969288900695545,49.24670385606545,35.31111111111102
354.8000000000122,356.0723452649547,0.10000000000002274,0.1,2.273181642920008e-14,0.0,9,2,195,60,53.86928890069555,49.14670385606545,35.41111111111101
354.9000000000122,356.17234526495474,0.10000000000002274,0.1,2.273181642920008e-14,0.0,9,2,196,60,53.76928890069556,49.04670385606545,35.51111111111102
355.0000000000122,356.27234526495477,0.10000000000002274,0.1,2.273181642920008e-14,0.0,9,2,196,60,53.669288900695555,48.94670385606545,35.611111111111015
355.10000000001224,356.3723452649548,0.10000000000002274,0.1,2.273181642920008e-14,0.0,9,2,197,59,53.56928890069556,48.846703856065446,35.711111111111016
355.20000000001227,356.4723452649548,0.10000000000002274,0.1,2.273181642920008e-14,0.0,9,2,197,59,53.46928890069556,48.746703856065444,35.81111111111101
355.3000000000123,356.57234526495483,0.10000000000002274,0.1,2.273181642920008e-14,0.0,9,2,197,59,53.369288900695565,48.64670385606544,35.91111111111101
355.4000000000123,356.67234526495486,0.10000000000002274,0.1,2.273181642920008e-14,0.0,9,2,197,59,53.26928890069556,48.54670385606544,36.01111111111101
355.50000000001234,356.7723452649549,0.10000000000002274,0.1,2.273181642920008e-14,0.0,9,2,198,58,53.16928890069556,48.44670385606544,36.11111111111101
355.60000000001236,356.8723452649549,0.10000000000002274,0.1,2.273181642920008e-14,0.0,9,2,198,58,53.06928890069557,48.34670385606544,36.21111111111101
355.7000000000124,356.9723452649549,0.10000000000002274,0.1,2.273181642920008e-14,0.0,9,2,198,58,52.96928890069557,48.24670385606544,36.311111111111
355.8000000000124,357.07234526495495,0.10000000000002274,0.1,2.273181642920008e-14,0.0,9,2,199,58,52.86928890069557,48.146703856065436,36.411111111111005
355.9000000000124,357.17234526495497,0.10000000000002274,0.1,2.273181642920008e-14,0.0,9,2,199,57,52.76928890069557,48.046703856065434,36.511111111111006
356.00000000001245,357.272345264955,0.10000000000002274,0.1,2.273181642920008e-14,0.0,9,2,199,57,52.66928890069558,47.94670385606543,36.611111111111
356.10000000001247,357.372345264955,0.10000000000002274,0.1,2.273181642920008e-14,0.0,9,2,199,57,52.569288900695575,47.84670385606543,36.711111111111
356.2000000000125,357.47234526495504,0.10000000000002274,0.1,2.273181642920008e-14,0.0,9,2,198,57,52.36884445625114,47.74670385606543,36.811111111110996
356.3000000000125,357.57234526495506,0.10000000000002274,0.1,2.273181642920008e-14,0.0,9,2,199,56,52.168288900695586,47.64670385606543,36.911111111111005
356.40000000001254,357.6723452649551,0.10000000000002274,0.1,2.273181642920008e-14,0.0,9,2,199,57,51.96762223402892,47.54670385606543,37.011111111111
356.50000000001256,357.7723452649551,0.10000000000002274,0.1,2.273181642920008e-14,0.0,9,2,200,57,51.76684445625114,47.446703856065426,37.111111111111
356.6000000000126,357.87234526495513,0.10000000000002274,0.1,2.273181642920008e-14,0.0,9,2,200,57,51.56595556736226,47.346703856065425,37.211111111110995
356.7000000000126,357.97234526495515,0.10000000000002274,0.1,2.273181642920008e-14,0.0,9,2,199,57,51.364955567362266,47.24670385606542,37.311111111110996
356.80000000001263,358.0723452649552,0.10000000000002274,0.1,2.273181642920008e-14,0.0,9,2,200,57,51.163844456251155,47.14670385606542,37.411111111111
356.90000000001265,358.1723452649552,0.10000000000002274,0.1,2.273181642920008e-14,0.0,9,2,199,58,50.962622234028935,47.04670385606542,37.51111111111099
357.0000000000127,358.2723452649552,0.10000000000002274,0.1,2.273181642920008e-14,0.0,9,2,198,58,50.761288900695604,46.94670385606542,37.61111111111099
357.1000000000127,358.37234526495524,0.10000000000002274,0.1,2.273181642920008e-14,0.0,9,2,197,58,50.55984445625116,46.84670385606542,37.711111111110995
357.2000000000127,358.47234526495527,0.10000000000002274,0.1,2.273181642920008e-14,0.0,9,2,198,58,50.358288900695605,46.746703856065416,37.81111111111099
357.30000000001274,358.5723452649553,0.10000000000002274,0.1,2.273181642920008e-14,0.0,9,2,198,58,50.156622234028944,46.646703856065415,37.91111111111099
357.40000000001277,358.6723452649553,0.10000000000002274,0.1,2.273181642920008e-14,0.0,9,2,198,58,49.954844456251166,46.54670385606541,38.011111111110985
357.5000000000128,358.77234526495533,0.10000000000002274,0.1,2.273181642920008e-14,0.0,9,2,197,58,49.75295556736228,46.44670385606541,38.11111111111099
357.6000000000128,358.87234526495536,0.10000000000002274,0.1,2.273181642920008e-14,0.0,9,2,196,58,49.37778653847843,46.34670385606541,38.21111111111099
357.70000000001284,358.9723452649554,0.10000000000002274,0.1,2.273181642920008e-14,0.0,9,2,197,58,49.00676601689347,46.24670385606541,38.31111111111099
357.80000000001286,359.0723452649554,0.10000000000002274,0.1,2.273181642920008e-14,0.0,9,2,197,58,48.6130800316315,46.14670385606541,38.41111111111098
357.9000000000129,359.1723452649554,0.10000000000002274,0.1,2.273181642920008e-14,0.0,9,2,197,59,48.22603722127283,46.046703856065406,38.511111111110985
358.0000000000129,359.27234526495545,0.10000000000002274,0.1,2.273181642920008e-14,0.0,9,2,196,59,47.84122931587797,45.946703856065405,38.611111111110986
358.1000000000129,359.37234526495547,0.10000000000002274,0.1,2.273181642920008e-14,0.0,9,2,197,59,47.46338892623406,45.8467038560654,38.71111111111098
358.20000000001295,359.4723452649555,0.10000000000002274,0.1,2.273181642920008e-14,0.0,9,2,197,59,47.089587175920165,45.7467038560654,38.81111111111098
358.300000000013,359.5723452649555,0.10000000000002274,0.1,2.273181642920008e-14,0.0,9,2,197,59,46.71631165635539,45.6467038560654,38.91111111111098
358.400000000013,359.67234526495554,0.10000000000002274,0.1,2.273181642920008e-14,0.0,9,2,197,59,46.34264509014358,45.5467038560654,39.01111111111098
358.500000000013,359.77234526495556,0.10000000000002274,0.1,2.273181642920008e-14,0.0,9,2,197,58,45.865881624590294,45.4467038560654,39.11111111111098
358.60000000001304,359.8723452649556,0.10000000000002274,0.1,2.273181642920008e-14,0.0,9,2,196,58,45.386204260031235,45.346703856065396,39.211111111110974
358.70000000001306,359.9723452649556,0.10000000000002274,0.1,2.273181642920008e-14,0.0,9,2,197,58,44.907210978198385,45.246703856065395,39.31111111111098
358.8000000000131,360.07234526495563,0.10000000000002274,0.1,2.273181642920008e-14,0.0,9,2,197,58,44.42779069500333,45.14670385606539,39.411111111110976
358.9000000000131,360.17234526495565,0.10000000000002274,0.1,2.273181642920008e-14,0.0,9,2,197,58,43.9486193610107,45.04670385606539,39.51111111111098
359.00000000001313,360.2723452649557,0.10000000000002274,0.1,2.273181642920008e-14,0.0,9,2,197,58,43.4704598588237,44.94670385606539,39.61111111111097
359.10000000001315,360.3723452649557,0.10000000000002274,0.1,2.273181642920008e-14,0.0,9,2,196,58,42.99115002901837,44.84670385606539,39.711111111110974
359.2000000000132,360.4723452649557,0.10000000000002274,0.1,2.273181642920008e-14,0.0,9,2,196,58,42.5101862082838,44.74670385606539,39.811111111110975
359.3000000000132,360.57234526495574,0.10000000000002274,0.1,2.273181642920008e-14,0.0,9,2,196,58,42.02514750869243,44.646703856065386,39.91111111111097
359.4000000000132,360.67234526495577,0.10000000000002274,0.1,2.273181642920008e-14,0.0,8,2,195,58,46.92440260890449,50.22687984784361,33.299999999999976
359.50000000001324,360.7723452649558,0.10000000000002274,0.1,2.273181642920008e-14,0.0,8,2,196,58,46.50326007357904,48.58632624739429,33.39999999999997
359.60000000001327,360.8723452649558,0.10000000000002274,0.1,2.273181642920008e-14,0.0,8,2,195,58,46.09248751618429,47.00573101480847,33.49999999999997
359.7000000000133,360.97234526495583,0.10000000000002274,0.1,2.273181642920008e-14,0.0,8,2,197,58,45.677099234584674,45.42333800706339,33.59999999999997
359.8000000000133,361.07234526495586,0.10000000000002274,0.1,2.273181642920008e-14,0.0,8,2,197,58,45.2670676309424,44.14670385606538,33.699999999999974
359.90000000001334,361.1723452649559,0.10000000000002274,0.1,2.273181642920008e-14,0.0,8,2,198,58,44.85247492135143,44.04670385606538,33.79999999999997
360.00000000001336,361.2723452649559,0.10000000000002274,0.1,2.273181642920008e-14,0.0,8,2,198,58,44.43758902704853,43.946703856065376,33.89999999999997
360.1000000000134,361.3723452649559,0.10000000000002274,0.1,2.273181642920008e-14,0.0,8,2,196,59,44.02679309977371,43.846703856065375,33.99999999999997
360.2000000000134,361.47234526495595,0.10000000000002274,0.1,2.273181642920008e-14,0.0,8,2,196,60,43.613506595809305,43.74670385606537,34.09999999999997
360.3000000000134,361.57234526495597,0.10000000000002274,0.1,2.273181642920008e-14,0.0,8,2,196,60,43.20246475369492,43.64670385606537,34.19999999999997
360.40000000001345,361.672345264956,0.10000000000002274,0.1,2.273181642920008e-14,0.0,8,2,197,60,42.78977752023877,43.54670385606537,34.29999999999997
360.5000000000135,361.772345264956,0.10000000000002274,0.1,2.273181642920008e-14,0.0,8,2,197,60,42.377056919712615,43.44670385606537,34.39999999999997
360.6000000000135,361.87234526495604,0.10000000000002274,0.1,2.273181642920008e-14,0.0,8,2,197,61,41.96214785505349,43.34670385606537,34.49999999999997
360.7000000000135,361.97234526495606,0.10000000000002274,0.1,2.273181642920008e-14,0.0,8,2,195,62,41.54409953300846,43.246703856065366,34.599999999999966
360.80000000001354,362.0723452649561,0.10000000000002274,0.1,2.273181642920008e-14,0.0,8,2,195,61,41.130072918554305,42.644141249129284,34.69999999999997
360.90000000001356,362.1723452649561,0.10000000000002274,0.1,2.273181642920008e-14,0.0,8,2,196,62,40.719450786952585,42.0429026836143,34.79999999999997
361.0000000000136,362.27234526495613,0.10000000000002274,0.1,2.273181642920008e-14,0.0,8,2,195,62,40.30700742100518,41.42606278772428,34.89999999999997
361.1000000000136,362.37234526495615,0.10000000000002274,0.1,2.273181642920008e-14,0.0,8,2,195,62,39.89382185548986,40.80759390983467,34.999999999999964
361.20000000001363,362.4723452649562,0.10000000000002274,0.1,2.273181642920008e-14,0.0,8,2,194,63,39.47974334894116,40.195304120628805,35.099999999999966
361.30000000001365,362.5723452649562,0.10000000000002274,0.1,2.273181642920008e-14,0.0,8,2,194,63,39.06316447665678,39.577708568153554,35.19999999999997
361.4000000000137,362.6723452649562,0.10000000000002274,0.1,2.273181642920008e-14,0.0,8,2,193,63,38.651021363079316,38.96174832280663,35.29999999999997
361.5000000000137,362.77234526495624,0.10000000000002274,0.1,2.273181642920008e-14,0.0,8,2,194,63,38.22712601658454,38.34885690004355,35.39999999999996
361.6000000000137,362.87234526495627,0.10000000000002274,0.1,2.273181642920008e-14,0.0,8,2,194,63,37.80439912581727,37.73522357232522,35.499999999999964
361.70000000001374,362.9723452649563,0.10000000000002274,0.1,2.273181642920008e-14,0.0,8,2,193,63,37.384522296576705,37.12018530728086,35.599999999999966
361.80000000001377,363.0723452649563,0.10000000000002274,0.1,2.273181642920008e-14,0.0,8,2,195,61,36.9699978771722,36.51246321985539,35.69999999999997
361.9000000000138,363.17234526495633,0.10000000000002274,0.1,2.273181642920008e-14,0.0,8,2,194,62,36.55424581520562,35.89306944036923,35.79999999999996
362.0000000000138,363.27234526495636,0.10000000000002274,0.1,2.273181642920008e-14,0.0,8,2,196,61,35.906262014524245,35.27864393836918,35.89999999999996
362.10000000001384,363.4125452649564,0.14020000000004984,0.1,0.040200000000049835,0.0,8,2,195,62,40.32849713731381,41.846703856065346,35.999999999999964
362.20000000001386,363.51254526495643,0.10000000000002274,0.1,2.273181642920008e-14,0.0,8,2,195,61,39.73272160524971,41.746703856065345,36.099999999999966
362.3000000000139,363.64834526495645,0.13580000000001746,0.1,0.03580000000001746,0.0,8,2,194,61,43.58947437584905,41.64670385606534,36.19999999999996
362.4000000000139,363.80074526495645,0.1524000000000001,0.1,0.052400000000000085,0.0,8,2,192,61,49.52547167610436,46.1259925338221,36.29999999999996
362.5000000000139,363.90074526495647,0.10000000000002274,0.1,2.273181642920008e-14,0.0,8,2,191,61,48.87295202209381,45.431165077899124,36.39999999999996
362.60000000001395,364.0007452649565,0.10000000000002274,0.1,2.273181642920008e-14,0.0,8,2,191,61,48.18292303608346,44.549182788075896,36.499999999999964
362.700000000014,364.1465452649565,0.14580000000000837,0.1,0.04580000000000836,0.0,7,2,190,61,61.253097366786214,43.96481657507956,27.657142857143008
362.800000000014,364.2465452649565,0.10000000000002274,0.1,2.273181642920008e-14,0.0,8,2,190,60,50.04604515325264,43.28045036208322,24.300000000000132
362.900000000014,364.34654526495655,0.10000000000002274,0.1,2.273181642920008e-14,0.0,8,2,190,60,49.48055093141842,42.57523200249798,24.40000000000013
363.00000000001404,364.44654526495657,0.10000000000002274,0.1,2.273181642920008e-14,0.0,8,2,190,61,49.005356883366034,41.975232002497975,24.50000000000013
363.10000000001406,364.6065452649566,0.160000000000025,0.1,0.060000000000025006,0.0,8,2,190,61,56.029369207874126,72.96090152955908,24.600000000000133
363.2000000000141,364.7065452649566,0.10000000000002274,0.1,2.273181642920008e-14,0.0,8,2,189,61,55.51184619597758,72.18113034346025,24.70000000000013
363.3000000000141,364.86654526495664,0.160000000000025,0.1,0.060000000000025006,0.0,8,2,188,61,62.52616751217635,86.12474922051611,24.800000000000132
363.40000000001413,364.96654526495666,0.10000000000002274,0.1,2.273181642920008e-14,0.0,9,2,188,61,52.367159891972655,40.54670385606533,22.144444444444563
363.50000000001415,365.0665452649567,0.10000000000002274,0.1,2.273181642920008e-14,0.0,9,2,190,61,51.87070507894592,40.44670385606533,22.244444444444564
363.6000000000142,365.1665452649567,0.10000000000002274,0.1,2.273181642920008e-14,0.0,9,2,190,60,51.374335913057806,40.346703856065325,22.344444444444562
363.7000000000142,365.26654526495673,0.10000000000002274,0.1,2.273181642920008e-14,0.0,8,2,190,60,57.27302266835581,72.9938119107707,23.337500000000137
363.8000000000142,365.36654526495676,0.10000000000002274,0.1,2.273181642920008e-14,0.0,8,2,190,60,56.7724068302877,72.3265924054576,23.43750000000014
363.90000000001424,365.4665452649568,0.10000000000002274,0.1,2.273181642920008e-14,0.0,8,2,190,60,56.24791945313541,71.586610426653,23.53750000000014
364.00000000001427,365.5665452649568,0.10000000000002274,0.1,2.273181642920008e-14,0.0,8,2,190,60,55.73852824143163,70.96871058503274,23.63750000000014
364.1000000000143,365.6665452649568,0.10000000000002274,0.1,2.273181642920008e-14,0.0,8,2,191,60,55.225383955513365,70.36871058503274,23.73750000000014
364.2000000000143,365.76654526495685,0.10000000000002274,0.1,2.273181642920008e-14,0.0,8,2,190,60,54.687389092586244,69.76871058503275,23.83750000000014
364.30000000001434,365.86654526495687,0.10000000000002274,0.1,2.273181642920008e-14,0.0,8,2,189,60,54.18599191694147,69.16871058503276,23.937500000000142
364.40000000001436,365.9665452649569,0.10000000000002274,0.1,2.273181642920008e-14,0.0,8,2,191,60,53.709985892286724,68.56871058503276,24.03750000000014
364.5000000000144,366.0665452649569,0.10000000000002274,0.1,2.273181642920008e-14,0.0,8,2,191,60,53.23498589228672,67.96871058503277,24.13750000000014
364.6000000000144,366.16654526495694,0.10000000000002274,0.1,2.273181642920008e-14,0.0,8,2,191,60,52.75998589228673,67.36871058503277,24.237500000000143
364.7000000000144,366.26654526495696,0.10000000000002274,0.1,2.273181642920008e-14,0.0,8,2,190,59,52.28498589228673,66.76871058503278,24.337500000000144
364.80000000001445,366.366545264957,0.10000000000002274,0.1,2.273181642920008e-14,0.0,8,2,189,60,51.80998589228673,66.16871058503278,24.437500000000142
364.9000000000145,366.466545264957,0.10000000000002274,0.1,2.273181642920008e-14,0.0,8,2,191,60,51.33498589228674,65.56871058503279,24.537500000000144
365.0000000000145,366.566545264957,0.10000000000002274,0.1,2.273181642920008e-14,0.0,8,2,190,60,50.85998589228674,64.9687105850328,24.637500000000145
365.1000000000145,366.66654526495705,0.10000000000002274,0.1,2.273181642920008e-14,0.0,8,2,189,59,50.409145753883315,64.56198947780543,24.737500000000146
365.20000000001454,366.7665452649571,0.10000000000002274,0.1,2.273181642920008e-14,0.0,8,2,189,59,49.98073025957413,64.46198947780543,24.837500000000144
365.30000000001456,366.8665452649571,0.10000000000002274,0.1,2.273181642920008e-14,0.0,8,2,189,59,49.53387154787838,64.36198947780544,24.937500000000146
365.4000000000146,366.9665452649571,0.10000000000002274,0.1,2.273181642920008e-14,0.0,8,2,190,59,49.09489817188521,64.26198947780544,25.037500000000147
365.5000000000146,367.06654526495714,0.10000000000002274,0.1,2.273181642920008e-14,0.0,8,2,189,59,48.672752327596996,64.16198947780545,25.13750000000015
365.60000000001463,367.16654526495716,0.10000000000002274,0.1,2.273181642920008e-14,0.0,7,2,188,59,55.194727981504535,64.06198947780545,25.1428571428573
365.70000000001465,367.2665452649572,0.10000000000002274,0.1,2.273181642920008e-14,0.0,7,2,189,60,54.809013695790256,63.96198947780545,25.2428571428573
365.8000000000147,367.3665452649572,0.10000000000002274,0.1,2.273181642920008e-14,0.0,7,2,188,60,54.437050949048334,63.86198947780545,25.342857142857298
365.9000000000147,367.46654526495723,0.10000000000002274,0.1,2.273181642920008e-14,0.0,7,2,189,60,54.13344347569078,63.76198947780545,25.4428571428573
366.0000000000147,367.56654526495726,0.10000000000002274,0.1,2.273181642920008e-14,0.0,7,2,190,59,53.96201490426221,63.66198947780545,25.542857142857304
366.10000000001475,367.6665452649573,0.10000000000002274,0.1,2.273181642920008e-14,0.0,7,2,190,60,53.79058633283365,63.56198947780545,25.642857142857302
366.20000000001477,367.7665452649573,0.10000000000002274,0.1,2.273181642920008e-14,0.0,7,2,190,61,53.61915776140508,63.461989477805446,25.742857142857304
366.3000000000148,367.8665452649573,0.10000000000002274,0.1,2.273181642920008e-14,0.0,7,2,190,60,53.447729189976506,63.361989477805444,25.842857142857305
366.4000000000148,367.96654526495735,0.10000000000002274,0.1,2.273181642920008e-14,0.0,7,2,190,61,53.27630061854794,63.26198947780544,25.942857142857303
366.50000000001484,368.06654526495737,0.10000000000002274,0.1,2.273181642920008e-14,0.0,7,2,190,61,53.10487204711937,63.16198947780544,26.042857142857308
366.60000000001486,368.1665452649574,0.10000000000002274,0.1,2.273181642920008e-14,0.0,7,2,189,61,52.9334434756908,63.06198947780544,26.14285714285731
366.7000000000149,368.2665452649574,0.10000000000002274,0.1,2.273181642920008e-14,0.0,7,2,188,62,52.76201490426223,62.96198947780544,26.242857142857307
366.8000000000149,368.36654526495744,0.10000000000002274,0.1,2.273181642920008e-14,0.0,7,2,188,62,52.59058633283366,62.86198947780544,26.34285714285731
366.9000000000149,368.46654526495746,0.10000000000002274,0.1,2.273181642920008e-14,0.0,7,2,188,62,52.329729189976526,62.761989477805436,26.44285714285731
367.00000000001495,368.5665452649575,0.10000000000002274,0.1,2.273181642920008e-14,0.0,7,2,188,63,52.06872918997652,62.661989477805434,26.54285714285731
367.100000000015,368.6665452649575,0.10000000000002274,0.1,2.273181642920008e-14,0.0,7,2,188,63,51.80758633283366,62.56198947780543,26.642857142857313
367.200000000015,368.76654526495753,0.10000000000002274,0.1,2.273181642920008e-14,0.0,7,2,188,63,51.54630061854795,62.46198947780543,26.74285714285731
367.300000000015,368.86654526495755,0.10000000000002274,0.1,2.273181642920008e-14,0.0,7,2,187,63,51.284872047119386,62.36198947780543,26.842857142857316
367.40000000001504,368.9665452649576,0.10000000000002274,0.1,2.273181642920008e-14,0.0,7,2,187,63,51.02330061854796,62.26198947780543,26.942857142857317
367.50000000001506,369.0665452649576,0.10000000000002274,0.1,2.273181642920008e-14,0.0,7,2,186,62,50.761586332833666,62.16198947780543,27.042857142857315
367.6000000000151,369.1665452649576,0.10000000000002274,0.1,2.273181642920008e-14,0.0,7,2,186,62,50.49972918997653,62.061989477805426,27.142857142857316
367.7000000000151,369.26654526495764,0.10000000000002274,0.1,2.273181642920008e-14,0.0,7,2,186,62,50.23772918997653,61.961989477805425,27.24285714285732
367.80000000001513,369.42654526495767,0.160000000000025,0.1,0.060000000000025006,0.0,7,2,184,62,58.54701490426229,61.632656826110065,27.34285714285732
367.90000000001515,369.5265452649577,0.10000000000002274,0.1,2.273181642920008e-14,0.0,7,2,184,61,58.28472918997658,60.89665682611006,27.44285714285732
368.0000000000152,369.6265452649577,0.10000000000002274,0.1,2.273181642920008e-14,0.0,7,2,183,61,58.01934146538427,60.15965682611005,27.54285714285732
368.1000000000152,369.72654526495774,0.10000000000002274,0.1,2.273181642920008e-14,0.0,7,2,182,61,57.75677003681284,59.421656826110045,27.64285714285732
368.2000000000152,369.82654526495776,0.10000000000002274,0.1,2.273181642920008e-14,0.0,7,2,181,61,57.49405575109855,58.68265682611004,27.742857142857325
368.30000000001525,369.9265452649578,0.10000000000002274,0.1,2.273181642920008e-14,0.0,7,2,180,62,57.231198608241414,57.94265682611003,27.842857142857323
368.40000000001527,370.0265452649578,0.10000000000002274,0.1,2.273181642920008e-14,0.0,7,2,180,62,56.968198608241416,57.201656826110025,27.942857142857324
368.5000000000153,370.1265452649578,0.10000000000002274,0.1,2.273181642920008e-14,0.0,7,2,179,62,56.705055751098556,56.45965682611002,28.042857142857322
368.6000000000153,370.22654526495785,0.10000000000002274,0.1,2.273181642920008e-14,0.0,7,2,178,62,56.44177003681284,55.71665682611001,28.14285714285732
368.70000000001534,370.3265452649579,0.10000000000002274,0.1,2.273181642920008e-14,0.0,7,2,178,62,56.17834146538427,54.972656826110004,28.24285714285732
368.80000000001536,370.4265452649579,0.10000000000002274,0.1,2.273181642920008e-14,0.0,7,2,179,62,55.91477003681284,54.32686282383665,28.34285714285732
368.9000000000154,370.5265452649579,0.10000000000002274,0.1,2.273181642920008e-14,0.0,7,2,180,62,55.65105575109855,53.72686282383665,28.442857142857317
369.0000000000154,370.62654526495794,0.10000000000002274,0.1,2.273181642920008e-14,0.0,7,2,180,61,55.38719860824141,53.126862823836646,28.54285714285732
369.1000000000154,370.72654526495796,0.10000000000002274,0.1,2.273181642920008e-14,0.0,7,2,179,61,55.12319860824141,52.526862823836645,28.642857142857316
369.20000000001545,370.826545264958,0.10000000000002274,0.1,2.273181642920008e-14,0.0,7,2,179,60,54.85905575109855,51.92686282383664,28.742857142857314
369.3000000000155,370.926545264958,0.10000000000002274,0.1,2.273181642920008e-14,0.0,7,2,179,60,54.59477003681284,51.32686282383664,28.842857142857316
369.4000000000155,371.02654526495803,0.10000000000002274,0.1,2.273181642920008e-14,0.0,7,2,180,59,54.33034146538427,50.72686282383664,28.942857142857314
369.5000000000155,371.12654526495805,0.10000000000002274,0.1,2.273181642920008e-14,0.0,7,2,180,59,54.06577003681284,50.12686282383664,29.04285714285731
369.60000000001554,371.2265452649581,0.10000000000002274,0.1,2.273181642920008e-14,0.0,7,2,180,59,53.80105575109855,49.52686282383664,29.14285714285731
369.70000000001556,371.3265452649581,0.10000000000002274,0.1,2.273181642920008e-14,0.0,7,2,180,59,53.53619860824141,48.926862823836636,29.24285714285731
369.8000000000156,371.48034526495815,0.15380000000004657,0.1,0.05380000000004656,0.0,7,2,179,58,60.95691289395574,59.861989477805395,29.34285714285731
369.9000000000156,371.58034526495817,0.10000000000002274,0.1,2.273181642920008e-14,0.0,7,2,178,58,60.69177003681288,59.76198947780539,29.44285714285731
370.00000000001563,371.6803452649582,0.10000000000002274,0.1,2.273181642920008e-14,0.0,7,2,177,58,60.39523024902804,59.66198947780539,29.542857142857308
370.10000000001565,371.7803452649582,0.10000000000002274,0.1,2.273181642920008e-14,0.0,7,2,178,58,60.12980167759947,59.56198947780539,29.642857142857306
370.2000000000157,371.94034526495824,0.160000000000025,0.1,0.060000000000025006,0.0,7,2,177,58,68.43565882045667,59.46198947780539,29.742857142857304
370.3000000000157,372.04034526495826,0.10000000000002274,0.1,2.273181642920008e-14,0.0,8,2,176,58,56.511201467899575,59.36198947780539,26.12500000000014
370.4000000000157,372.1403452649583,0.10000000000002274,0.1,2.273181642920008e-14,0.0,8,2,178,58,56.19846746596413,59.261989477805386,26.22500000000014
370.50000000001575,372.2403452649583,0.10000000000002274,0.1,2.273181642920008e-14,0.0,8,2,179,58,55.8880408751717,59.161989477805385,26.325000000000138
370.60000000001577,372.34034526495833,0.10000000000002274,0.1,2.273181642920008e-14,0.0,8,2,179,58,55.567794087508254,59.06198947780538,26.425000000000136
370.7000000000158,372.44034526495835,0.10000000000002274,0.1,2.273181642920008e-14,0.0,8,2,179,58,55.25057416291254,58.96198947780538,26.525000000000137
370.8000000000158,372.5403452649584,0.10000000000002274,0.1,2.273181642920008e-14,0.0,8,2,179,58,54.93998475067491,58.86198947780538,26.625000000000135
370.90000000001584,372.6403452649584,0.10000000000002274,0.1,2.273181642920008e-14,0.0,8,2,179,58,54.62640076729853,58.76198947780538,26.725000000000133
371.00000000001586,372.7403452649584,0.10000000000002274,0.1,2.273181642920008e-14,0.0,8,2,179,58,54.316294536287984,58.66198947780538,26.825000000000134
371.1000000000159,372.84034526495844,0.10000000000002274,0.1,2.273181642920008e-14,0.0,8,2,179,58,54.00073462001745,58.561989477805376,26.925000000000132
371.2000000000159,372.94034526495847,0.10000000000002274,0.1,2.273181642920008e-14,0.0,8,2,179,58,53.674819056891735,58.461989477805375,27.02500000000013
371.3000000000159,373.0403452649585,0.10000000000002274,0.1,2.273181642920008e-14,0.0,8,2,178,58,53.35427758369235,58.36198947780537,27.12500000000013
371.40000000001595,373.1403452649585,0.10000000000002274,0.1,2.273181642920008e-14,0.0,8,2,179,58,53.03378709787711,58.26198947780537,27.22500000000013
371.500000000016,373.24034526495853,0.10000000000002274,0.1,2.273181642920008e-14,0.0,8,2,180,57,52.69771721013186,58.16198947780537,27.325000000000127
371.600000000016,373.34034526495856,0.10000000000002274,0.1,2.273181642920008e-14,0.0,8,2,180,57,52.37367514712216,58.06198947780537,27.42500000000013
371.700000000016,373.4403452649586,0.10000000000002274,0.1,2.273181642920008e-14,0.0,8,2,179,57,52.06442514712216,57.96198947780537,27.525000000000126
371.80000000001604,373.5403452649586,0.10000000000002274,0.1,2.273181642920008e-14,0.0,8,2,179,57,51.75505014712216,57.861989477805366,27.625000000000124
371.90000000001606,373.6403452649586,0.10000000000002274,0.1,2.273181642920008e-14,0.0,8,2,178,57,51.44555014712216,57.761989477805365,27.725000000000126
372.0000000000161,373.74034526495865,0.10000000000002274,0.1,2.273181642920008e-14,0.0,8,2,177,57,51.135925147122165,57.66198947780536,27.825000000000124
372.1000000000161,373.84034526495867,0.10000000000002274,0.1,2.273181642920008e-14,0.0,8,2,177,57,50.826175147122164,57.56198947780536,27.92500000000012
372.20000000001613,373.9403452649587,0.10000000000002274,0.1,2.273181642920008e-14,0.0,8,2,177,57,50.51630014712216,57.46198947780536,28.025000000000123
372.30000000001615,374.0403452649587,0.10000000000002274,0.1,2.273181642920008e-14,0.0,8,2,178,57,50.206300147122164,57.36198947780536,28.12500000000012
372.4000000000162,374.14034526495874,0.10000000000002274,0.1,2.273181642920008e-14,0.0,8,2,179,57,49.896175147122165,57.26198947780536,28.22500000000012
372.5000000000162,374.24034526495876,0.10000000000002274,0.1,2.273181642920008e-14,0.0,8,2,179,57,49.58592514712216,57.161989477805356,28.32500000000012
372.6000000000162,374.4003452649588,0.160000000000025,0.1,0.060000000000025006,0.0,8,2,178,57,56.7755501471222,60.66473610254829,28.425000000000118
372.70000000001625,374.5003452649588,0.10000000000002274,0.1,2.273181642920008e-14,0.0,8,2,178,57,56.465050147122206,60.06473610254829,28.525000000000116
372.80000000001627,374.60034526495883,0.10000000000002274,0.1,2.273181642920008e-14,0.0,8,2,178,57,56.15116522747925,59.46473610254829,28.625000000000117
372.9000000000163,374.70034526495886,0.10000000000002274,0.1,2.273181642920008e-14,0.0,8,2,178,57,55.84041522747925,58.864736102548285,28.725000000000115
373.0000000000163,374.8003452649589,0.10000000000002274,0.1,2.273181642920008e-14,0.0,8,2,178,57,55.52954022747925,58.264736102548284,28.825000000000113
373.10000000001634,374.9003452649589,0.10000000000002274,0.1,2.273181642920008e-14,0.0,8,2,177,58,55.21854022747925,57.66473610254828,28.925000000000114
373.20000000001636,375.0003452649589,0.10000000000002274,0.1,2.273181642920008e-14,0.0,8,2,176,58,54.907415227479255,57.06473610254828,29.025000000000112
373.3000000000164,375.10034526495895,0.10000000000002274,0.1,2.273181642920008e-14,0.0,8,2,176,58,54.596165227479254,56.46473610254828,29.12500000000011
373.4000000000164,375.20034526495897,0.10000000000002274,0.1,2.273181642920008e-14,0.0,8,2,176,58,54.284790227479256,56.26198947780534,29.22500000000011
373.5000000000164,375.300345264959,0.10000000000002274,0.1,2.273181642920008e-14,0.0,8,2,176,58,53.973290227479254,56.16198947780534,29.32500000000011
373.60000000001645,375.400345264959,0.10000000000002274,0.1,2.273181642920008e-14,0.0,8,2,175,58,53.661665227479254,56.06198947780534,29.425000000000107
373.7000000000165,375.50034526495904,0.10000000000002274,0.1,2.273181642920008e-14,0.0,8,2,175,57,53.34991522747926,55.96198947780534,29.52500000000011
373.8000000000165,375.60034526495906,0.10000000000002274,0.1,2.273181642920008e-14,0.0,8,2,176,57,53.03804022747926,55.86198947780534,29.625000000000107
373.9000000000165,375.7003452649591,0.10000000000002274,0.1,2.273181642920008e-14,0.0,8,2,177,57,52.72604022747926,55.761989477805336,29.725000000000104
374.00000000001654,375.8003452649591,0.10000000000002274,0.1,2.273181642920008e-14,0.0,8,2,177,58,52.41391522747926,55.661989477805335,29.825000000000106
374.10000000001656,375.9003452649591,0.10000000000002274,0.1,2.273181642920008e-14,0.0,8,2,177,58,52.10166522747926,55.561989477805334,29.925000000000104
374.2000000000166,376.00034526495915,0.10000000000002274,0.1,2.273181642920008e-14,0.0,8,2,177,58,51.78929022747926,55.46198947780533,30.0250000000001
374.3000000000166,376.1003452649592,0.10000000000002274,0.1,2.273181642920008e-14,0.0,8,2,177,59,51.47679022747926,55.36198947780533,30.1250000000001
374.40000000001663,376.2003452649592,0.10000000000002274,0.1,2.273181642920008e-14,0.0,8,2,177,59,51.164165227479266,55.26198947780533,30.2250000000001
374.50000000001666,376.3003452649592,0.10000000000002274,0.1,2.273181642920008e-14,0.0,8,2,177,59,50.851415227479265,55.16198947780533,30.3250000000001
374.6000000000167,376.40034526495924,0.10000000000002274,0.1,2.273181642920008e-14,0.0,8,2,178,59,50.53854022747927,55.06198947780533,30.425000000000097
374.7000000000167,376.50034526495926,0.10000000000002274,0.1,2.273181642920008e-14,0.0,8,2,180,59,50.22554022747927,54.961989477805325,30.525000000000098
374.8000000000167,376.6003452649593,0.10000000000002274,0.1,2.273181642920008e-14,0.0,8,2,179,59,49.91241522747927,54.861989477805324,30.625000000000096
374.90000000001675,376.7603452649593,0.160000000000025,0.1,0.060000000000025006,0.0,8,2,178,59,57.09916522747932,74.98131121537479,30.725000000000094
375.00000000001677,376.86034526495934,0.10000000000002274,0.1,2.273181642920008e-14,0.0,8,2,179,59,56.80505482772919,74.8813112153748,30.825000000000095
375.1000000000168,376.96034526495936,0.10000000000002274,0.1,2.273181642920008e-14,0.0,8,2,179,59,56.53098671478866,74.7813112153748,30.925000000000093
375.2000000000168,377.0603452649594,0.10000000000002274,0.1,2.273181642920008e-14,0.0,8,2,180,59,56.267033882226855,74.6813112153748,31.02500000000009
375.30000000001684,377.1603452649594,0.10000000000002274,0.1,2.273181642920008e-14,0.0,8,2,181,59,56.01500133607718,74.58131121537481,31.125000000000092
375.40000000001686,377.2603452649594,0.10000000000002274,0.1,2.273181642920008e-14,0.0,8,2,181,60,55.761729554219094,74.48131121537482,31.22500000000009
375.5000000000169,377.36034526495945,0.10000000000002274,0.1,2.273181642920008e-14,0.0,8,2,182,60,55.50727742421642,74.38131121537482,31.325000000000088
375.6000000000169,377.46034526495947,0.10000000000002274,0.1,2.273181642920008e-14,0.0,8,2,182,60,55.25435249989994,74.28131121537483,31.42500000000009
375.7000000000169,377.5603452649595,0.10000000000002274,0.1,2.273181642920008e-14,0.0,8,2,181,60,54.99985009256006,74.18131121537483,31.525000000000087
375.80000000001695,377.6603452649595,0.10000000000002274,0.1,2.273181642920008e-14,0.0,8,2,181,60,54.74540501512452,74.08131121537484,31.625000000000085
375.900000000017,377.76034526495954,0.10000000000002274,0.1,2.273181642920008e-14,0.0,7,2,181,60,62.45654658994516,73.98131121537484,26.014285714285784
376.000000000017,377.86034526495956,0.10000000000002274,0.1,2.273181642920008e-14,0.0,7,2,181,60,62.285000990363415,73.88131121537485,26.11428571428578
376.100000000017,377.9603452649596,0.10000000000002274,0.1,2.273181642920008e-14,0.0,7,2,181,60,62.11198903067316,73.78131121537486,26.21428571428578
376.20000000001704,378.0603452649596,0.10000000000002274,0.1,2.273181642920008e-14,0.0,7,2,181,60,61.94024581913233,73.68131121537486,26.31428571428578
376.30000000001706,378.16034526495963,0.10000000000002274,0.1,2.273181642920008e-14,0.0,7,2,182,61,61.765728303350706,73.58131121537487,26.41428571428578
376.4000000000171,378.26034526495965,0.10000000000002274,0.1,2.273181642920008e-14,0.0,7,2,182,62,61.592498624174254,73.48131121537487,26.51428571428578
376.5000000000171,378.3603452649597,0.10000000000002274,0.1,2.273181642920008e-14,0.0,7,2,182,62,61.417949025086166,73.38131121537488,26.61428571428578
376.60000000001713,378.4603452649597,0.10000000000002274,0.1,2.273181642920008e-14,0.0,7,2,183,62,61.24409368237112,73.28131121537488,26.71428571428578
376.70000000001716,378.5603452649597,0.10000000000002274,0.1,2.273181642920008e-14,0.0,7,2,184,62,61.060804711545494,73.18131121537489,26.814285714285777
376.8000000000172,378.66034526495974,0.10000000000002274,0.1,2.273181642920008e-14,0.0,7,2,184,62,60.882478512669785,73.0813112153749,26.91428571428578
376.9000000000172,378.76034526495977,0.10000000000002274,0.1,2.273181642920008e-14,0.0,7,2,184,62,60.70094348154386,72.9813112153749,27.01428571428578
377.0000000000172,378.8603452649598,0.10000000000002274,0.1,2.273181642920008e-14,0.0,7,2,183,62,60.5295149101153,72.88131121537491,27.114285714285778
377.10000000001725,378.9603452649598,0.10000000000002274,0.1,2.273181642920008e-14,0.0,7,2,183,62,60.35808633868673,72.78131121537491,27.21428571428578
377.20000000001727,379.06034526495984,0.10000000000002274,0.1,2.273181642920008e-14,0.0,7,2,183,63,60.18665776725816,72.68131121537492,27.314285714285777
377.3000000000173,379.16034526495986,0.10000000000002274,0.1,2.273181642920008e-14,0.0,7,2,182,63,60.01522919582959,72.58131121537492,27.414285714285775
377.4000000000173,379.2603452649599,0.10000000000002274,0.1,2.273181642920008e-14,0.0,7,2,181,63,59.84380062440102,72.48131121537493,27.514285714285773
377.50000000001734,379.3603452649599,0.10000000000002274,0.1,2.273181642920008e-14,0.0,7,2,180,63,59.67237205297245,72.38131121537494,27.614285714285778
377.60000000001736,379.4603452649599,0.10000000000002274,0.1,2.273181642920008e-14,0.0,7,2,180,64,59.50094348154388,72.28131121537494,27.714285714285776
377.7000000000174,379.56034526495995,0.10000000000002274,0.1,2.273181642920008e-14,0.0,7,2,181,64,59.32951491011532,72.18131121537495,27.814285714285774
377.8000000000174,379.66034526496,0.10000000000002274,0.1,2.273181642920008e-14,0.0,7,2,181,64,59.15808633868675,72.08131121537495,27.914285714285775
377.9000000000174,379.76034526496,0.10000000000002274,0.1,2.273181642920008e-14,0.0,7,2,181,64,58.98665776725818,71.98131121537496,28.014285714285773
378.00000000001745,379.86034526496,0.10000000000002274,0.1,2.273181642920008e-14,0.0,7,2,179,64,58.81522919582961,71.88131121537496,28.114285714285774
378.1000000000175,379.96034526496004,0.10000000000002274,0.1,2.273181642920008e-14,0.0,7,2,177,64,58.63470605622437,71.78131121537497,28.214285714285776
378.2000000000175,380.12034526496006,0.160000000000025,0.1,0.060000000000025006,0.0,7,2,174,63,67.02288582059751,71.68131121537498,28.314285714285774
378.3000000000175,380.2803452649601,0.160000000000025,0.1,0.060000000000025006,0.0,7,2,173,63,75.41379125242088,71.58131121537498,28.41428571428577
378.40000000001754,380.3803452649601,0.10000000000002274,0.1,2.273181642920008e-14,0.0,8,2,171,63,62.702596236038204,74.9,24.962500000000052
378.50000000001756,380.48034526496014,0.10000000000002274,0.1,2.273181642920008e-14,0.0,8,2,171,63,62.464844170528664,74.25986827968508,25.06250000000005
378.6000000000176,380.58034526496016,0.10000000000002274,0.1,2.273181642920008e-14,0.0,8,2,172,63,62.238802118609264,73.65153186432987,25.16250000000005
378.7000000000176,380.6803452649602,0.10000000000002274,0.1,2.273181642920008e-14,0.0,8,2,172,63,62.01292518928733,73.04451642975437,25.26250000000005
378.80000000001763,380.7803452649602,0.10000000000002274,0.1,2.273181642920008e-14,0.0,8,2,172,63,61.78578980300917,72.4274333395291,25.36250000000005
378.90000000001766,380.8803452649602,0.10000000000002274,0.1,2.273181642920008e-14,0.0,8,2,173,63,61.55813137684323,71.80616593020153,25.46250000000005
379.0000000000177,380.98034526496025,0.10000000000002274,0.1,2.273181642920008e-14,0.0,8,2,172,63,61.33158279648397,71.19377728732746,25.56250000000005
379.1000000000177,381.0803452649603,0.10000000000002274,0.1,2.273181642920008e-14,0.0,8,2,172,62,61.10464997137932,70.78131121537503,25.66250000000005
379.2000000000177,381.1803452649603,0.10000000000002274,0.1,2.273181642920008e-14,0.0,8,2,171,63,60.85704207862774,70.68131121537503,25.76250000000005
379.30000000001775,381.2803452649603,0.10000000000002274,0.1,2.273181642920008e-14,0.0,8,2,171,64,60.630116145946936,70.58131121537504,25.86250000000005
379.40000000001777,381.38034526496034,0.10000000000002274,0.1,2.273181642920008e-14,0.0,8,2,170,64,60.40287911122214,70.48131121537504,25.96250000000005
379.5000000000178,381.48034526496036,0.10000000000002274,0.1,2.273181642920008e-14,0.0,8,2,170,64,60.175186208935706,70.38131121537505,26.06250000000005
379.6000000000178,381.5803452649604,0.10000000000002274,0.1,2.273181642920008e-14,0.0,8,2,171,64,59.94743621704331,70.28131121537506,26.16250000000005
379.70000000001784,381.6803452649604,0.10000000000002274,0.1,2.273181642920008e-14,0.0,8,2,170,65,59.72222901701988,70.18131121537506,26.26250000000005
379.80000000001786,381.78034526496043,0.10000000000002274,0.1,2.273181642920008e-14,0.0,8,2,170,64,59.49652705605749,70.08131121537507,26.36250000000005
379.9000000000179,381.88034526496045,0.10000000000002274,0.1,2.273181642920008e-14,0.0,8,2,169,64,59.26122412442828,69.98131121537507,26.46250000000005
380.0000000000179,381.9803452649605,0.10000000000002274,0.1,2.273181642920008e-14,0.0,8,2,168,64,59.02886621909723,69.88131121537508,26.56250000000005
380.1000000000179,382.0803452649605,0.10000000000002274,0.1,2.273181642920008e-14,0.0,8,2,168,64,58.83069670706639,69.78131121537508,26.66250000000005
380.20000000001795,382.1803452649605,0.10000000000002274,0.1,2.273181642920008e-14,0.0,8,2,168,64,58.651577550807964,69.68131121537509,26.76250000000005
380.300000000018,382.28034526496054,0.10000000000002274,0.1,2.273181642920008e-14,0.0,8,2,167,64,58.47922175954875,69.5813112153751,26.86250000000005
380.400000000018,382.38034526496057,0.10000000000002274,0.1,2.273181642920008e-14,0.0,8,2,166,64,58.31460451857985,69.4813112153751,26.962500000000052
380.500000000018,382.4803452649606,0.10000000000002274,0.1,2.273181642920008e-14,0.0,8,2,165,65,58.14987778563596,69.3813112153751,27.06250000000005
380.60000000001804,382.5803452649606,0.10000000000002274,0.1,2.273181642920008e-14,0.0,8,2,164,65,57.98649697426512,69.28131121537511,27.16250000000005
380.70000000001806,382.68034526496064,0.10000000000002274,0.1,2.273181642920008e-14,0.0,8,2,163,65,57.82152033990791,69.18131121537512,27.262500000000053
380.8000000000181,382.78034526496066,0.10000000000002274,0.1,2.273181642920008e-14,0.0,8,2,163,66,57.656495527661384,69.08131121537512,27.36250000000005
380.9000000000181,382.8803452649607,0.10000000000002274,0.1,2.273181642920008e-14,0.0,8,2,163,66,57.492157154899175,68.98131121537513,27.462500000000052
381.00000000001813,382.9803452649607,0.10000000000002274,0.1,2.273181642920008e-14,0.0,8,2,161,66,57.31907748019963,68.88131121537513,27.56250000000005
381.10000000001816,383.0803452649607,0.10000000000002274,0.1,2.273181642920008e-14,0.0,8,2,160,66,57.153611833400014,68.78131121537514,27.66250000000005
381.2000000000182,383.18034526496075,0.10000000000002274,0.1,2.273181642920008e-14,0.0,8,2,161,65,56.988247500124345,68.68131121537515,27.762500000000053
381.3000000000182,383.2803452649608,0.10000000000002274,0.1,2.273181642920008e-14,0.0,8,2,161,65,56.82423123370536,68.58131121537515,27.86250000000005
381.4000000000182,383.3803452649608,0.10000000000002274,0.1,2.273181642920008e-14,0.0,8,2,160,65,56.66086207783927,68.48131121537516,27.962500000000052
381.50000000001825,383.4803452649608,0.10000000000002274,0.1,2.273181642920008e-14,0.0,8,2,160,64,56.49567133904997,68.38131121537516,28.062500000000053
381.60000000001827,383.58034526496084,0.10000000000002274,0.1,2.273181642920008e-14,0.0,8,2,159,64,56.33308226894108,68.28131121537517,28.16250000000005
381.7000000000183,383.68034526496086,0.10000000000002274,0.1,2.273181642920008e-14,0.0,8,2,159,64,56.16936824466672,68.18131121537517,28.262500000000053
381.8000000000183,383.7803452649609,0.10000000000002274,0.1,2.273181642920008e-14,0.0,8,2,159,64,56.00002494935356,68.08131121537518,28.362500000000054
381.90000000001834,383.8803452649609,0.10000000000002274,0.1,2.273181642920008e-14,0.0,7,2,158,64,63.838277339238765,67.98131121537519,29.771428571428633
382.00000000001836,383.98034526496093,0.10000000000002274,0.1,2.273181642920008e-14,0.0,7,2,158,64,63.66579405332884,67.88131121537519,29.87142857142863
382.1000000000184,384.08034526496095,0.10000000000002274,0.1,2.273181642920008e-14,0.0,7,2,158,63,63.49267269183856,67.7813112153752,29.97142857142863
382.2000000000184,384.180345264961,0.10000000000002274,0.1,2.273181642920008e-14,0.0,7,2,158,63,63.31932105074461,67.6813112153752,30.071428571428633
382.30000000001843,384.280345264961,0.10000000000002274,0.1,2.273181642920008e-14,0.0,7,2,157,63,63.147422726835146,67.58131121537521,30.17142857142863
382.40000000001845,384.380345264961,0.10000000000002274,0.1,2.273181642920008e-14,0.0,7,2,158,63,62.975749067054615,67.48131121537521,30.27142857142863
382.5000000000185,384.48034526496104,0.10000000000002274,0.1,2.273181642920008e-14,0.0,7,2,157,63,62.804060405106945,67.38131121537522,30.37142857142863
382.6000000000185,384.58034526496107,0.10000000000002274,0.1,2.273181642920008e-14,0.0,7,2,156,64,62.623143611063036,67.28131121537523,30.47142857142863
382.7000000000185,384.6803452649611,0.10000000000002274,0.1,2.273181642920008e-14,0.0,7,2,156,64,62.44285535635044,67.18131121537523,30.571428571428633
382.80000000001854,384.7803452649611,0.10000000000002274,0.1,2.273181642920008e-14,0.0,7,2,155,64,62.26915557807812,67.08131121537524,30.67142857142863
382.90000000001857,384.88034526496114,0.10000000000002274,0.1,2.273181642920008e-14,0.0,7,2,155,64,62.095683845244025,66.98131121537524,30.77142857142863
383.0000000000186,384.98034526496116,0.10000000000002274,0.1,2.273181642920008e-14,0.0,7,2,156,64,61.923611986561376,66.88131121537525,30.87142857142863
383.1000000000186,385.0803452649612,0.10000000000002274,0.1,2.273181642920008e-14,0.0,7,2,156,64,61.749231373743505,66.78131121537525,30.97142857142863
383.20000000001863,385.1803452649612,0.10000000000002274,0.1,2.273181642920008e-14,0.0,7,2,156,64,61.5754267739523,66.68131121537526,31.07142857142863
383.30000000001866,385.2803452649612,0.10000000000002274,0.1,2.273181642920008e-14,0.0,7,2,156,64,61.40181180262647,66.58131121537527,31.17142857142863
383.4000000000187,385.38034526496125,0.10000000000002274,0.1,2.273181642920008e-14,0.0,7,2,156,63,61.227222070348446,66.48131121537527,31.27142857142863
383.5000000000187,385.4803452649613,0.10000000000002274,0.1,2.273181642920008e-14,0.0,7,2,158,63,61.05347409347537,66.38131121537528,31.37142857142863
383.6000000000187,385.5803452649613,0.10000000000002274,0.1,2.273181642920008e-14,0.0,7,2,159,63,60.8797804173317,66.28131121537528,31.47142857142863
383.70000000001875,385.6803452649613,0.10000000000002274,0.1,2.273181642920008e-14,0.0,7,2,159,63,60.70675500931155,66.18131121537529,31.57142857142863
383.80000000001877,385.78034526496134,0.10000000000002274,0.1,2.273181642920008e-14,0.0,7,2,159,63,60.53329624099844,66.0813112153753,31.67142857142863
383.9000000000188,385.88034526496136,0.10000000000002274,0.1,2.273181642920008e-14,0.0,7,2,159,63,60.35881915253879,65.9813112153753,31.77142857142863
384.0000000000188,385.9803452649614,0.10000000000002274,0.1,2.273181642920008e-14,0.0,7,2,159,63,60.18412764057302,65.8813112153753,31.871428571428627
384.10000000001884,386.0803452649614,0.10000000000002274,0.1,2.273181642920008e-14,0.0,7,2,159,63,60.01208035506675,65.78131121537531,31.97142857142863
384.20000000001886,386.18034526496143,0.10000000000002274,0.1,2.273181642920008e-14,0.0,7,2,159,63,59.838109747150156,65.68131121537532,32.071428571428626
384.3000000000189,386.28034526496145,0.10000000000002274,0.1,2.273181642920008e-14,0.0,7,2,158,63,59.66405217729307,65.58131121537532,32.17142857142863
384.4000000000189,386.3803452649615,0.10000000000002274,0.1,2.273181642920008e-14,0.0,7,2,158,63,59.48930811119978,65.48131121537533,32.27142857142863
384.50000000001893,386.4803452649615,0.10000000000002274,0.1,2.273181642920008e-14,0.0,7,2,159,62,59.31535730610835,65.38131121537533,32.37142857142863
384.60000000001895,386.5803452649615,0.10000000000002274,0.1,2.273181642920008e-14,0.0,7,2,159,62,59.141923327492506,65.28131121537534,32.47142857142863
384.700000000019,386.68034526496155,0.10000000000002274,0.1,2.273181642920008e-14,0.0,7,2,159,62,58.96714185987655,65.18131121537535,32.571428571428626
384.800000000019,386.78034526496157,0.10000000000002274,0.1,2.273181642920008e-14,0.0,7,2,158,62,58.79444819738596,65.08131121537535,32.67142857142863
384.900000000019,386.8803452649616,0.10000000000002274,0.1,2.273181642920008e-14,0.0,7,2,159,62,58.62284751907953,64.98131121537536,32.77142857142863
385.00000000001904,386.9803452649616,0.10000000000002274,0.1,2.273181642920008e-14,0.0,7,2,158,62,58.44960433031937,64.88131121537536,32.87142857142863
385.10000000001907,387.08034526496164,0.10000000000002274,0.1,2.273181642920008e-14,0.0,7,2,158,62,58.2753964275865,64.78131121537537,32.97142857142863
385.2000000000191,387.18034526496166,0.10000000000002274,0.1,2.273181642920008e-14,0.0,7,2,160,62,58.10369241828124,64.68131121537537,33.071428571428626
385.3000000000191,387.2803452649617,0.10000000000002274,0.1,2.273181642920008e-14,0.0,7,2,161,62,57.93186271494126,64.58131121537538,33.17142857142863
385.40000000001913,387.3803452649617,0.10000000000002274,0.1,2.273181642920008e-14,0.0,7,2,161,61,57.75802184106929,64.48131121537538,33.27142857142863
385.50000000001916,387.4803452649617,0.10000000000002274,0.1,2.273181642920008e-14,0.0,7,2,160,60,57.58590854921288,64.38131121537539,33.37142857142863
385.6000000000192,387.58034526496175,0.10000000000002274,0.1,2.273181642920008e-14,0.0,7,2,159,60,57.41327379536739,64.2813112153754,33.471428571428625
385.7000000000192,387.6803452649618,0.10000000000002274,0.1,2.273181642920008e-14,0.0,7,2,159,60,57.24180165304591,64.1813112153754,33.571428571428626
385.8000000000192,387.7803452649618,0.10000000000002274,0.1,2.273181642920008e-14,0.0,7,2,160,59,57.069510300284925,64.08131121537541,33.67142857142863
385.90000000001925,387.8803452649618,0.10000000000002274,0.1,2.273181642920008e-14,0.0,7,2,161,59,56.89684119476199,63.981311215375406,33.77142857142863
386.00000000001927,387.98034526496184,0.10000000000002274,0.1,2.273181642920008e-14,0.0,7,2,161,59,56.72444705182456,63.881311215375405,33.87142857142863
386.1000000000193,388.08034526496186,0.10000000000002274,0.1,2.273181642920008e-14,0.0,7,2,161,59,56.552329315946615,63.7813112153754,33.971428571428625
386.2000000000193,388.1803452649619,0.10000000000002274,0.1,2.273181642920008e-14,0.0,7,2,161,59,56.37762329091303,63.6813112153754,34.071428571428626
386.30000000001934,388.2803452649619,0.10000000000002274,0.1,2.273181642920008e-14,0.0,7,2,161,59,56.200075105826706,63.5813112153754,34.17142857142863
386.40000000001936,388.38034526496193,0.10000000000002274,0.1,2.273181642920008e-14,0.0,7,2,160,58,56.022022410867734,63.4813112153754,34.27142857142862
386.5000000000194,388.48034526496195,0.10000000000002274,0.1,2.273181642920008e-14,0.0,7,2,160,58,55.84378582326241,63.3813112153754,34.37142857142863
386.6000000000194,388.580345264962,0.10000000000002274,0.1,2.273181642920008e-14,0.0,7,2,160,58,55.66180842005498,63.281311215375396,34.471428571428625
386.70000000001943,388.680345264962,0.10000000000002274,0.1,2.273181642920008e-14,0.0,7,2,161,58,55.48712818840882,63.181311215375395,34.571428571428626
386.80000000001945,388.780345264962,0.10000000000002274,0.1,2.273181642920008e-14,0.0,7,2,161,58,55.314129127403405,63.08131121537539,34.67142857142863
386.9000000000195,388.88034526496205,0.10000000000002274,0.1,2.273181642920008e-14,0.0,7,2,161,58,55.14013028899264,62.98131121537539,34.77142857142863
387.0000000000195,388.98034526496207,0.10000000000002274,0.1,2.273181642920008e-14,0.0,7,2,163,58,54.96869621416855,62.88131121537539,34.87142857142863
387.1000000000195,389.0803452649621,0.10000000000002274,0.1,2.273181642920008e-14,0.0,7,2,163,58,54.795683719178236,62.78131121537539,34.97142857142863
387.20000000001954,389.1803452649621,0.10000000000002274,0.1,2.273181642920008e-14,0.0,7,2,163,59,54.623170711334126,62.68131121537539,35.071428571428626
387.30000000001957,389.28034526496214,0.10000000000002274,0.1,2.273181642920008e-14,0.0,7,2,162,59,54.45075121259238,62.581311215375386,35.17142857142863
387.4000000000196,389.38034526496216,0.10000000000002274,0.1,2.273181642920008e-14,0.0,7,2,162,59,54.277838355854364,62.481311215375385,35.27142857142863
387.5000000000196,389.4803452649622,0.10000000000002274,0.1,2.273181642920008e-14,0.0,7,2,162,58,54.10322487350391,62.38131121537538,35.37142857142863
387.60000000001963,389.5803452649622,0.10000000000002274,0.1,2.273181642920008e-14,0.0,7,2,161,59,53.931475057042576,62.28131121537538,35.47142857142863
387.70000000001966,389.6803452649622,0.10000000000002274,0.1,2.273181642920008e-14,0.0,7,2,161,59,53.759895473756664,62.18131121537538,35.571428571428626
387.8000000000197,389.78034526496225,0.10000000000002274,0.1,2.273181642920008e-14,0.0,7,2,160,59,53.58825251586313,62.08131121537538,35.67142857142863
387.9000000000197,389.8803452649623,0.10000000000002274,0.1,2.273181642920008e-14,0.0,7,2,161,59,53.41426677333499,61.98131121537538,35.77142857142863
388.0000000000197,389.9803452649623,0.10000000000002274,0.1,2.273181642920008e-14,0.0,7,2,161,59,53.2395196100366,61.881311215375376,35.87142857142863
388.10000000001975,390.0803452649623,0.10000000000002274,0.1,2.273181642920008e-14,0.0,7,2,161,59,53.067896782817925,61.781311215375375,35.97142857142863
388.20000000001977,390.18034526496234,0.10000000000002274,0.1,2.273181642920008e-14,0.0,7,2,159,59,52.89606956480636,61.68131121537537,36.071428571428626
388.3000000000198,390.28034526496236,0.10000000000002274,0.1,2.273181642920008e-14,0.0,7,2,159,59,52.72383748575398,61.58131121537537,36.17142857142863
388.4000000000198,390.3803452649624,0.10000000000002274,0.1,2.273181642920008e-14,0.0,7,2,161,59,52.54947099619022,61.48131121537537,36.27142857142863
388.50000000001984,390.4803452649624,0.10000000000002274,0.1,2.273181642920008e-14,0.0,7,2,161,59,52.377534125973874,61.38131121537537,36.37142857142863
388.60000000001986,390.58034526496243,0.10000000000002274,0.1,2.273181642920008e-14,0.0,7,2,160,58,52.20373542434258,61.28131121537537,36.47142857142863
388.7000000000199,390.68034526496245,0.10000000000002274,0.1,2.273181642920008e-14,0.0,7,2,160,58,52.030414664757295,61.181311215375366,36.571428571428626
388.8000000000199,390.7803452649625,0.10000000000002274,0.1,2.273181642920008e-14,0.0,7,2,160,58,51.73555189960725,60.23831121537537,36.67142857142863
388.90000000001993,390.8803452649625,0.10000000000002274,0.1,2.273181642920008e-14,0.0,7,2,160,58,51.44113400393149,59.29431121537537,36.771428571428636
389.00000000001995,390.9803452649625,0.10000000000002274,0.1,2.273181642920008e-14,0.0,7,2,159,58,51.14820008689302,58.34931121537538,36.87142857142863
389.10000000002,391.08034526496255,0.10000000000002274,0.1,2.273181642920008e-14,0.0,7,2,160,57,50.852631649320685,57.40331121537538,36.97142857142863
389.20000000002,391.18034526496257,0.10000000000002274,0.1,2.273181642920008e-14,0.0,7,2,160,56,50.55929327308956,56.456311215375386,37.071428571428626
389.30000000002,391.2803452649626,0.10000000000002274,0.1,2.273181642920008e-14,0.0,7,2,161,56,50.264775495214984,55.50831121537539,37.171428571428635
389.40000000002004,391.3803452649626,0.10000000000002274,0.1,2.273181642920008e-14,0.0,7,2,161,56,49.97172899928916,54.559311215375395,37.271428571428636
389.50000000002007,391.48034526496264,0.10000000000002274,0.1,2.273181642920008e-14,0.0,7,2,162,55,49.676253656527955,53.6093112153754,37.37142857142863
389.6000000000201,391.58034526496266,0.10000000000002274,0.1,2.273181642920008e-14,0.0,7,2,163,55,49.382783655240125,52.658311215375406,37.47142857142863
389.7000000000201,391.6803452649627,0.10000000000002274,0.1,2.273181642920008e-14,0.0,7,2,162,55,49.08713429398059,51.70631121537541,37.571428571428626
389.80000000002013,391.7803452649627,0.10000000000002274,0.1,2.273181642920008e-14,0.0,7,2,161,55,48.79240688142827,50.75331121537541,37.671428571428635
389.90000000002016,391.8803452649627,0.10000000000002274,0.1,2.273181642920008e-14,0.0,7,2,161,55,48.498033747385826,49.79931121537542,37.771428571428636
390.0000000000202,391.98034526496275,0.10000000000002274,0.1,2.273181642920008e-14,0.0,7,2,161,56,48.20310225599188,48.84431121537542,37.87142857142863
390.1000000000202,392.0803452649628,0.10000000000002274,0.1,2.273181642920008e-14,0.0,7,2,161,56,47.90935160021288,47.888311215375424,37.97142857142863
390.2000000000202,392.1803452649628,0.10000000000002274,0.1,2.273181642920008e-14,0.0,7,2,161,56,47.61480562949698,46.93131121537543,38.07142857142863
390.30000000002025,392.2803452649628,0.10000000000002274,0.1,2.273181642920008e-14,0.0,7,2,161,55,47.31993625018511,45.97331121537543,38.171428571428635
390.40000000002027,392.38034526496284,0.10000000000002274,0.1,2.273181642920008e-14,0.0,7,2,160,55,47.024758523908474,45.014311215375436,38.271428571428636
390.5000000000203,392.48034526496286,0.10000000000002274,0.1,2.273181642920008e-14,0.0,7,2,160,55,46.72791408435388,44.05431121537544,38.37142857142863
390.6000000000203,392.5803452649629,0.10000000000002274,0.1,2.273181642920008e-14,0.0,6,2,160,55,54.22946599003108,71.0494620569403,42.83333333333341
390.70000000002034,392.6803452649629,0.10000000000002274,0.1,2.273181642920008e-14,0.0,6,2,161,55,53.98579932336441,70.9494620569403,42.933333333333415
390.80000000002036,392.78034526496293,0.10000000000002274,0.1,2.273181642920008e-14,0.0,6,2,161,55,53.74196599003108,70.84946205694031,43.03333333333341
390.9000000000204,392.88034526496295,0.10000000000002274,0.1,2.273181642920008e-14,0.0,6,2,160,55,53.49796599003108,70.74946205694032,43.13333333333341
391.0000000000204,392.980345264963,0.10000000000002274,0.1,2.273181642920008e-14,0.0,6,2,160,55,53.253799323364426,70.64946205694032,43.23333333333341
391.10000000002043,393.080345264963,0.10000000000002274,0.1,2.273181642920008e-14,0.0,6,2,161,55,53.009465990031096,70.54946205694033,43.33333333333341
391.20000000002045,393.180345264963,0.10000000000002274,0.1,2.273181642920008e-14,0.0,6,2,162,55,52.7649659900311,70.44946205694033,43.433333333333415
391.3000000000205,393.28034526496305,0.10000000000002274,0.1,2.273181642920008e-14,0.0,6,2,161,55,52.52029932336443,70.34946205694034,43.53333333333342
391.4000000000205,393.38034526496307,0.10000000000002274,0.1,2.273181642920008e-14,0.0,6,2,162,55,52.27546599003111,70.24946205694035,43.63333333333341
391.5000000000205,393.4803452649631,0.10000000000002274,0.1,2.273181642920008e-14,0.0,6,2,163,55,52.03046599003111,70.14946205694035,43.73333333333341
391.60000000002054,393.5803452649631,0.10000000000002274,0.1,2.273181642920008e-14,0.0,6,2,163,55,51.78529932336445,70.04946205694036,43.83333333333341
391.70000000002057,393.68034526496314,0.10000000000002274,0.1,2.273181642920008e-14,0.0,6,2,162,55,51.539965990031114,69.94946205694036,43.933333333333415
391.8000000000206,393.78034526496316,0.10000000000002274,0.1,2.273181642920008e-14,0.0,6,2,162,55,51.29446599003112,69.84946205694037,44.03333333333342
391.9000000000206,393.8803452649632,0.10000000000002274,0.1,2.273181642920008e-14,0.0,6,2,162,56,51.048799323364456,69.74946205694037,44.13333333333341
392.00000000002063,393.9803452649632,0.10000000000002274,0.1,2.273181642920008e-14,0.0,6,2,162,56,50.80296599003113,69.64946205694038,44.23333333333341
392.10000000002066,394.0803452649632,0.10000000000002274,0.1,2.273181642920008e-14,0.0,6,2,162,56,50.55696599003113,69.54946205694038,44.33333333333341
392.2000000000207,394.18034526496325,0.10000000000002274,0.1,2.273181642920008e-14,0.0,6,2,163,56,50.31079932336447,69.44946205694039,44.433333333333415
392.3000000000207,394.2803452649633,0.10000000000002274,0.1,2.273181642920008e-14,0.0,6,2,163,56,50.064465990031145,69.3494620569404,44.53333333333342
392.4000000000207,394.3803452649633,0.10000000000002274,0.1,2.273181642920008e-14,0.0,6,2,163,56,49.81796599003115,69.2494620569404,44.63333333333341
392.50000000002075,394.4803452649633,0.10000000000002274,0.1,2.273181642920008e-14,0.0,6,2,163,56,49.57129932336448,69.14946205694041,44.73333333333341
392.60000000002077,394.58034526496334,0.10000000000002274,0.1,2.273181642920008e-14,0.0,6,2,163,55,49.32446599003115,69.04946205694041,44.83333333333342
392.7000000000208,394.68034526496336,0.10000000000002274,0.1,2.273181642920008e-14,0.0,6,2,163,55,49.07746599003115,68.94946205694042,44.933333333333415
392.8000000000208,394.7803452649634,0.10000000000002274,0.1,2.273181642920008e-14,0.0,6,2,164,55,48.83029932336449,68.84946205694042,45.03333333333342
392.90000000002084,394.8803452649634,0.10000000000002274,0.1,2.273181642920008e-14,0.0,6,2,163,54,48.58296599003116,68.74946205694043,45.13333333333342
393.00000000002086,394.98034526496343,0.10000000000002274,0.1,2.273181642920008e-14,0.0,6,2,162,55,48.24625947532247,68.64946205694044,45.23333333333341
393.1000000000209,395.08034526496346,0.10000000000002274,0.1,2.273181642920008e-14,0.0,6,2,162,55,47.91134402107224,68.54946205694044,45.33333333333342
393.2000000000209,395.1803452649635,0.10000000000002274,0.1,2.273181642920008e-14,0.0,6,2,162,55,47.579988402656376,68.44946205694045,45.433333333333415
393.30000000002093,395.2803452649635,0.10000000000002274,0.1,2.273181642920008e-14,0.0,6,2,162,55,47.24847847790054,68.34946205694045,45.53333333333342
393.40000000002095,395.3803452649635,0.10000000000002274,0.1,2.273181642920008e-14,0.0,6,2,163,55,46.91682051947282,68.24946205694046,45.63333333333342
393.500000000021,395.48034526496355,0.10000000000002274,0.1,2.273181642920008e-14,0.0,6,2,163,55,46.58510601711328,68.14946205694046,45.73333333333341
393.600000000021,395.58034526496357,0.10000000000002274,0.1,2.273181642920008e-14,0.0,6,2,163,56,46.252991732637206,68.04946205694047,45.83333333333342
393.700000000021,395.6803452649636,0.10000000000002274,0.1,2.273181642920008e-14,0.0,6,2,164,57,45.920801109270286,67.94946205694048,45.933333333333415
393.80000000002104,395.7803452649636,0.10000000000002274,0.1,2.273181642920008e-14,0.0,6,2,164,57,45.58848528031939,67.84946205694048,46.03333333333342
393.90000000002107,395.88034526496364,0.10000000000002274,0.1,2.273181642920008e-14,0.0,6,2,165,57,45.2099219193047,67.74946205694049,46.13333333333342
394.0000000000211,395.98034526496366,0.10000000000002274,0.1,2.273181642920008e-14,0.0,6,2,165,57,44.8774219193047,67.6494620569405,46.23333333333341
394.1000000000211,396.0803452649637,0.10000000000002274,0.1,2.273181642920008e-14,0.0,6,2,165,57,44.54475525263805,67.5494620569405,46.33333333333342
394.20000000002113,396.1803452649637,0.10000000000002274,0.1,2.273181642920008e-14,0.0,6,2,166,57,44.21192191930471,67.4494620569405,46.43333333333342
394.30000000002116,396.2803452649637,0.10000000000002274,0.1,2.273181642920008e-14,0.0,6,2,166,57,43.950356768829835,67.34946205694051,46.53333333333342
394.4000000000212,396.38034526496375,0.10000000000002274,0.1,2.273181642920008e-14,0.0,6,2,166,57,43.70052343549651,67.24946205694052,46.63333333333342
394.5000000000212,396.4803452649638,0.10000000000002274,0.1,2.273181642920008e-14,0.0,6,2,166,57,43.45052343549651,67.14946205694052,46.73333333333343
394.6000000000212,396.5803452649638,0.10000000000002274,0.1,2.273181642920008e-14,0.0,6,2,166,57,43.20035676882984,67.04946205694053,46.83333333333342
394.70000000002125,396.6803452649638,0.10000000000002274,0.1,2.273181642920008e-14,0.0,6,2,166,57,42.95002343549652,66.94946205694053,46.93333333333342
394.80000000002127,396.78034526496384,0.10000000000002274,0.1,2.273181642920008e-14,0.0,6,2,166,58,42.69952343549652,66.84946205694054,47.03333333333342
394.9000000000213,396.88034526496386,0.10000000000002274,0.1,2.273181642920008e-14,0.0,6,2,166,58,42.448856768829856,66.74946205694054,47.13333333333342
395.0000000000213,396.9803452649639,0.10000000000002274,0.1,2.273181642920008e-14,0.0,6,2,166,58,42.19802343549653,66.64946205694055,47.23333333333343
395.10000000002134,397.0803452649639,0.10000000000002274,0.1,2.273181642920008e-14,0.0,5,2,167,58,50.59376587952069,66.64946205694055,38.66000000000028
395.20000000002136,397.18034526496393,0.10000000000002274,0.1,2.273181642920008e-14,0.0,5,2,166,58,50.493765879520694,66.54946205694056,38.76000000000028
395.3000000000214,397.28034526496396,0.10000000000002274,0.1,2.273181642920008e-14,0.0,5,2,166,59,50.3937658795207,66.44946205694056,38.860000000000284
395.4000000000214,397.380345264964,0.10000000000002274,0.1,2.273181642920008e-14,0.0,5,2,167,60,50.2937658795207,66.34946205694057,38.960000000000285
395.50000000002143,397.480345264964,0.10000000000002274,0.1,2.273181642920008e-14,0.0,5,2,169,60,50.193765879520704,66.24946205694057,39.06000000000029
395.60000000002145,397.580345264964,0.10000000000002274,0.1,2.273181642920008e-14,0.0,5,2,169,60,50.0937658795207,66.14946205694058,39.16000000000029
395.7000000000215,397.68034526496405,0.10000000000002274,0.1,2.273181642920008e-14,0.0,5,2,169,60,49.99376587952071,66.04946205694058,39.26000000000029
395.8000000000215,397.78034526496407,0.10000000000002274,0.1,2.273181642920008e-14,0.0,5,2,169,59,49.89376587952071,65.94946205694059,39.360000000000284
395.9000000000215,397.8803452649641,0.10000000000002274,0.1,2.273181642920008e-14,0.0,5,2,169,59,49.79376587952071,65.8494620569406,39.46000000000029
396.00000000002154,397.9803452649641,0.10000000000002274,0.1,2.273181642920008e-14,0.0,5,2,169,59,49.69376587952072,65.7494620569406,39.560000000000294
396.10000000002157,398.08034526496414,0.10000000000002274,0.1,2.273181642920008e-14,0.0,5,2,168,58,49.59376587952072,65.6494620569406,39.660000000000295
396.2000000000216,398.18034526496416,0.10000000000002274,0.1,2.273181642920008e-14,0.0,5,2,168,58,49.49376587952072,65.54946205694061,39.760000000000296
396.3000000000216,398.2803452649642,0.10000000000002274,0.1,2.273181642920008e-14,0.0,5,2,168,59,49.39376587952073,65.44946205694062,39.8600000000003
396.40000000002163,398.3803452649642,0.10000000000002274,0.1,2.273181642920008e-14,0.0,5,2,168,59,49.293765879520734,65.34946205694062,39.9600000000003
396.50000000002166,398.4803452649642,0.10000000000002274,0.1,2.273181642920008e-14,0.0,5,2,168,59,49.19376587952073,65.24946205694063,40.0600000000003
396.6000000000217,398.58034526496425,0.10000000000002274,0.1,2.273181642920008e-14,0.0,5,2,168,59,49.09376587952074,65.14946205694064,40.160000000000295
396.7000000000217,398.6803452649643,0.10000000000002274,0.1,2.273181642920008e-14,0.0,5,2,169,59,48.993765879520744,65.04946205694064,40.2600000000003
396.8000000000217,398.7803452649643,0.10000000000002274,0.1,2.273181642920008e-14,0.0,5,2,169,59,48.89376587952074,64.94946205694065,40.360000000000305
396.90000000002175,398.8803452649643,0.10000000000002274,0.1,2.273181642920008e-14,0.0,5,2,169,59,48.79376587952075,64.84946205694065,40.460000000000306
397.00000000002177,398.98034526496434,0.10000000000002274,0.1,2.273181642920008e-14,0.0,5,2,169,59,48.69376587952075,64.74946205694066,40.56000000000031
397.1000000000218,399.08034526496436,0.10000000000002274,0.1,2.273181642920008e-14,0.0,5,2,170,59,48.59376587952075,64.64946205694066,40.66000000000031
397.2000000000218,399.1803452649644,0.10000000000002274,0.1,2.273181642920008e-14,0.0,5,2,171,59,48.49376587952075,64.54946205694067,40.76000000000031
397.30000000002184,399.2803452649644,0.10000000000002274,0.1,2.273181642920008e-14,0.0,5,2,170,59,48.39376587952076,64.44946205694067,40.86000000000031
397.40000000002186,399.38034526496443,0.10000000000002274,0.1,2.273181642920008e-14,0.0,5,2,170,60,48.29376587952076,64.34946205694068,40.960000000000306
397.5000000000219,399.48034526496446,0.10000000000002274,0.1,2.273181642920008e-14,0.0,5,2,170,59,48.19376587952077,64.24946205694069,41.060000000000315
397.6000000000219,399.5803452649645,0.10000000000002274,0.1,2.273181642920008e-14,0.0,5,2,170,59,48.093765879520774,64.14946205694069,41.160000000000316
397.70000000002193,399.6803452649645,0.10000000000002274,0.1,2.273181642920008e-14,0.0,5,2,171,59,47.89282239652964,64.0494620569407,41.26000000000032
397.80000000002195,399.7803452649645,0.10000000000002274,0.1,2.273181642920008e-14,0.0,5,2,170,59,47.69282239652964,63.949462056940696,41.36000000000032
397.900000000022,399.92194526496456,0.14160000000003947,0.1,0.041600000000039467,0.0,5,2,169,59,55.812822396529654,63.849462056940695,41.46000000000032
398.000000000022,400.0219452649646,0.10000000000002274,0.1,2.273181642920008e-14,0.0,5,2,168,59,55.61994525645078,63.74946205694069,41.56000000000032
398.100000000022,400.1819452649646,0.160000000000025,0.1,0.060000000000025006,0.0,5,2,167,60,67.39504008966888,63.64946205694069,41.66000000000032
398.20000000002204,400.28194526496463,0.10000000000002274,0.1,2.273181642920008e-14,0.0,6,2,167,60,51.8125334080574,66.78276268693193,34.81666666666694
398.30000000002207,400.38194526496466,0.10000000000002274,0.1,2.273181642920008e-14,0.0,6,2,166,61,51.505234083131064,66.68276268693194,34.916666666666934
398.4000000000221,400.4819452649647,0.10000000000002274,0.1,2.273181642920008e-14,0.0,6,2,168,62,51.238567416464406,66.58276268693194,35.01666666666694
398.5000000000221,400.5819452649647,0.10000000000002274,0.1,2.273181642920008e-14,0.0,6,2,168,62,50.97190074979773,66.48276268693195,35.11666666666694
398.60000000002213,400.6819452649647,0.10000000000002274,0.1,2.273181642920008e-14,0.0,6,2,170,62,50.708237338439865,66.38276268693195,35.216666666666946
398.70000000002216,400.78194526496475,0.10000000000002274,0.1,2.273181642920008e-14,0.0,6,2,170,63,50.48473896609426,66.28276268693196,35.31666666666694
398.8000000000222,400.88194526496477,0.10000000000002274,0.1,2.273181642920008e-14,0.0,6,2,170,63,50.28132311325481,66.18276268693197,35.41666666666694
398.9000000000222,400.9819452649648,0.10000000000002274,0.1,2.273181642920008e-14,0.0,6,2,170,63,50.122184179771914,66.08276268693197,35.51666666666694
399.0000000000222,401.0819452649648,0.10000000000002274,0.1,2.273181642920008e-14,0.0,6,2,169,63,49.997635342906996,65.98276268693198,35.616666666666944
399.10000000002225,401.18194526496484,0.10000000000002274,0.1,2.273181642920008e-14,0.0,6,2,169,63,49.88536092447455,65.88276268693198,35.716666666666946
399.20000000002227,401.28194526496486,0.10000000000002274,0.1,2.273181642920008e-14,0.0,6,2,170,63,49.78536092447455,65.78276268693199,35.81666666666695
399.3000000000223,401.3819452649649,0.10000000000002274,0.1,2.273181642920008e-14,0.0,6,2,170,63,49.685360924474544,65.682762686932,35.91666666666695
399.4000000000223,401.4819452649649,0.10000000000002274,0.1,2.273181642920008e-14,0.0,6,2,170,63,49.58536092447455,65.582762686932,36.01666666666695
399.50000000002234,401.58194526496493,0.10000000000002274,0.1,2.273181642920008e-14,0.0,6,2,170,63,49.485360924474556,65.482762686932,36.11666666666695
399.60000000002236,401.68194526496495,0.10000000000002274,0.1,2.273181642920008e-14,0.0,6,2,171,63,49.385360924474554,65.38276268693201,36.21666666666695
399.7000000000224,401.781945264965,0.10000000000002274,0.1,2.273181642920008e-14,0.0,6,2,170,63,49.28536092447456,65.28276268693202,36.316666666666954
399.8000000000224,401.881945264965,0.10000000000002274,0.1,2.273181642920008e-14,0.0,6,2,170,63,49.185360924474566,65.18276268693202,36.416666666666956
399.90000000002243,401.981945264965,0.10000000000002274,0.1,2.273181642920008e-14,0.0,6,2,170,63,49.085360924474564,65.08276268693203,36.51666666666696
400.00000000002245,402.08194526496504,0.10000000000002274,0.1,2.273181642920008e-14,0.0,6,2,169,63,48.98536092447457,64.98276268693203,36.61666666666696
400.1000000000225,402.18194526496507,0.10000000000002274,0.1,2.273181642920008e-14,0.0,6,2,169,63,48.885360924474575,64.88276268693204,36.71666666666696
400.2000000000225,402.2819452649651,0.10000000000002274,0.1,2.273181642920008e-14,0.0,6,2,169,63,48.78536092447457,64.78276268693205,36.81666666666696
400.3000000000225,402.3819452649651,0.10000000000002274,0.1,2.273181642920008e-14,0.0,6,2,168,63,48.68536092447457,64.68276268693205,36.91666666666696
400.40000000002254,402.48194526496513,0.10000000000002274,0.1,2.273181642920008e-14,0.0,6,2,168,63,48.58536092447457,64.58276268693206,37.016666666666964
400.50000000002257,402.58194526496516,0.10000000000002274,0.1,2.273181642920008e-14,0.0,6,2,168,64,48.48536092447458,64.48276268693206,37.116666666666966
400.6000000000226,402.6819452649652,0.10000000000002274,0.1,2.273181642920008e-14,0.0,6,2,168,64,48.38536092447458,64.38276268693207,37.21666666666697
400.7000000000226,402.7819452649652,0.10000000000002274,0.1,2.273181642920008e-14,0.0,6,2,167,64,48.28536092447458,64.28276268693207,37.31666666666697
400.80000000002264,402.8819452649652,0.10000000000002274,0.1,2.273181642920008e-14,0.0,6,2,167,64,48.18536092447459,64.18276268693208,37.41666666666696
400.90000000002266,402.98194526496525,0.10000000000002274,0.1,2.273181642920008e-14,0.0,6,2,167,64,48.08536092447459,64.08276268693209,37.51666666666697
401.0000000000227,403.08194526496527,0.10000000000002274,0.1,2.273181642920008e-14,0.0,6,2,167,64,47.985360924474584,63.982762686932084,37.616666666666966
401.1000000000227,403.1819452649653,0.10000000000002274,0.1,2.273181642920008e-14,0.0,6,2,167,64,47.88536092447459,63.88276268693208,37.716666666666974
401.2000000000227,403.2819452649653,0.10000000000002274,0.1,2.273181642920008e-14,0.0,6,2,168,64,47.78536092447459,63.78276268693208,37.81666666666697
401.30000000002275,403.38194526496534,0.10000000000002274,0.1,2.273181642920008e-14,0.0,6,2,167,64,47.685360924474594,63.68276268693208,37.91666666666698
401.40000000002277,403.48194526496536,0.10000000000002274,0.1,2.273181642920008e-14,0.0,6,2,168,64,47.58536092447459,63.58276268693208,38.01666666666697
401.5000000000228,403.5819452649654,0.10000000000002274,0.1,2.273181642920008e-14,0.0,6,2,169,64,47.4853609244746,63.48276268693208,38.11666666666698
401.6000000000228,403.6819452649654,0.10000000000002274,0.1,2.273181642920008e-14,0.0,6,2,170,65,47.38536092447459,63.382762686932075,38.216666666666974
401.70000000002284,403.78194526496543,0.10000000000002274,0.1,2.273181642920008e-14,0.0,6,2,170,65,47.285360924474595,63.282762686932074,38.31666666666698
401.80000000002286,403.88194526496545,0.10000000000002274,0.1,2.273181642920008e-14,0.0,6,2,169,65,47.185360924474594,63.18276268693207,38.41666666666698
401.9000000000229,403.9819452649655,0.10000000000002274,0.1,2.273181642920008e-14,0.0,6,2,169,65,47.0853609244746,63.08276268693207,38.51666666666698
402.0000000000229,404.0819452649655,0.10000000000002274,0.1,2.273181642920008e-14,0.0,6,2,169,66,46.9853609244746,62.98276268693207,38.61666666666698
402.10000000002293,404.1819452649655,0.10000000000002274,0.1,2.273181642920008e-14,0.0,6,2,169,66,46.885360924474604,62.88276268693207,38.71666666666698
402.20000000002295,404.28194526496554,0.10000000000002274,0.1,2.273181642920008e-14,0.0,6,2,169,66,46.78536092447461,62.78276268693207,38.81666666666698
402.300000000023,404.38194526496557,0.10000000000002274,0.1,2.273181642920008e-14,0.0,6,2,168,66,46.6853609244746,62.682762686932065,38.916666666666984
402.400000000023,404.4819452649656,0.10000000000002274,0.1,2.273181642920008e-14,0.0,6,2,167,66,46.58536092447461,62.582762686932064,39.016666666666985
402.500000000023,404.5819452649656,0.10000000000002274,0.1,2.273181642920008e-14,0.0,6,2,167,66,46.485360924474605,62.48276268693206,39.11666666666699
402.60000000002304,404.68194526496563,0.10000000000002274,0.1,2.273181642920008e-14,0.0,6,2,167,67,46.38536092447461,62.38276268693206,39.21666666666699
402.70000000002307,404.78194526496566,0.10000000000002274,0.1,2.273181642920008e-14,0.0,6,2,168,67,46.28536092447461,62.28276268693206,39.31666666666699
402.8000000000231,404.8819452649657,0.10000000000002274,0.1,2.273181642920008e-14,0.0,6,2,168,67,46.185360924474615,62.18276268693206,39.41666666666699
402.9000000000231,404.9819452649657,0.10000000000002274,0.1,2.273181642920008e-14,0.0,6,2,168,67,46.08536092447461,62.08276268693206,39.51666666666699
403.00000000002314,405.0819452649657,0.10000000000002274,0.1,2.273181642920008e-14,0.0,6,2,168,68,45.98536092447461,61.982762686932055,39.616666666666994
403.10000000002316,405.18194526496575,0.10000000000002274,0.1,2.273181642920008e-14,0.0,6,2,167,68,45.88536092447461,61.882762686932054,39.716666666666995
403.2000000000232,405.28194526496577,0.10000000000002274,0.1,2.273181642920008e-14,0.0,6,2,166,68,45.78536092447462,61.78276268693205,39.816666666667
403.3000000000232,405.3819452649658,0.10000000000002274,0.1,2.273181642920008e-14,0.0,6,2,166,68,45.685360924474615,61.68276268693205,39.916666666667
403.4000000000232,405.4819452649658,0.10000000000002274,0.1,2.273181642920008e-14,0.0,6,2,167,68,45.58536092447462,61.58276268693205,40.016666666667
403.50000000002325,405.58194526496584,0.10000000000002274,0.1,2.273181642920008e-14,0.0,6,2,167,68,45.48536092447461,61.48276268693205,40.116666666666994
403.6000000000233,405.68194526496586,0.10000000000002274,0.1,2.273181642920008e-14,0.0,6,2,166,68,45.38536092447462,61.38276268693205,40.216666666667
403.7000000000233,405.7819452649659,0.10000000000002274,0.1,2.273181642920008e-14,0.0,6,2,164,68,45.28536092447462,61.282762686932045,40.316666666667
403.8000000000233,405.8819452649659,0.10000000000002274,0.1,2.273181642920008e-14,0.0,6,2,164,68,45.18536092447462,61.182762686932044,40.416666666667005
403.90000000002334,405.98194526496593,0.10000000000002274,0.1,2.273181642920008e-14,0.0,6,2,163,67,45.08536092447462,61.08276268693204,40.516666666667
404.00000000002336,406.08194526496595,0.10000000000002274,0.1,2.273181642920008e-14,0.0,5,2,162,67,54.01309233815655,61.08276268693204,37.8400000000003
404.1000000000234,406.181945264966,0.10000000000002274,0.1,2.273181642920008e-14,0.0,5,2,162,68,53.913092338156545,60.98276268693204,37.9400000000003
404.2000000000234,406.281945264966,0.10000000000002274,0.1,2.273181642920008e-14,0.0,5,2,162,68,53.81309233815655,60.88276268693204,38.040000000000305
404.30000000002343,406.381945264966,0.10000000000002274,0.1,2.273181642920008e-14,0.0,5,2,161,68,53.71309233815655,60.78276268693204,38.140000000000306
404.40000000002345,406.48194526496604,0.10000000000002274,0.1,2.273181642920008e-14,0.0,5,2,162,68,53.61309233815655,60.68276268693204,38.24000000000031
404.5000000000235,406.58194526496607,0.10000000000002274,0.1,2.273181642920008e-14,0.0,5,2,162,68,53.51309233815655,60.582762686932035,38.34000000000031
404.6000000000235,406.6819452649661,0.10000000000002274,0.1,2.273181642920008e-14,0.0,5,2,162,68,53.413092338156545,60.482762686932034,38.44000000000031
404.7000000000235,406.7819452649661,0.10000000000002274,0.1,2.273181642920008e-14,0.0,5,2,163,68,53.31309233815656,60.38276268693203,38.54000000000031
404.80000000002354,406.88194526496613,0.10000000000002274,0.1,2.273181642920008e-14,0.0,5,2,163,68,53.21309233815656,60.28276268693203,38.64000000000031
404.90000000002357,406.98194526496616,0.10000000000002274,0.1,2.273181642920008e-14,0.0,5,2,162,68,53.11309233815656,60.18276268693203,38.740000000000315
405.0000000000236,407.0819452649662,0.10000000000002274,0.1,2.273181642920008e-14,0.0,5,2,162,69,53.01309233815656,60.08276268693203,38.840000000000316
405.1000000000236,407.1819452649662,0.10000000000002274,0.1,2.273181642920008e-14,0.0,5,2,163,70,52.91309233815656,59.98276268693203,38.94000000000032
405.20000000002364,407.2819452649662,0.10000000000002274,0.1,2.273181642920008e-14,0.0,5,2,161,70,52.81309233815656,59.882762686932026,39.04000000000032
405.30000000002366,407.38194526496625,0.10000000000002274,0.1,2.273181642920008e-14,0.0,5,2,161,70,52.71309233815656,59.782762686932024,39.14000000000031
405.4000000000237,407.48194526496627,0.10000000000002274,0.1,2.273181642920008e-14,0.0,5,2,161,70,52.61309233815656,59.68276268693202,39.240000000000315
405.5000000000237,407.5819452649663,0.10000000000002274,0.1,2.273181642920008e-14,0.0,5,2,161,70,52.40400042753462,59.03730313382229,39.34000000000032
405.6000000000237,407.6819452649663,0.10000000000002274,0.1,2.273181642920008e-14,0.0,5,2,162,70,52.20031119181245,58.41885695521147,39.440000000000325
405.70000000002375,407.78194526496634,0.10000000000002274,0.1,2.273181642920008e-14,0.0,5,2,161,69,51.998743954245334,57.811020767375865,39.54000000000032
405.8000000000238,407.88194526496636,0.10000000000002274,0.1,2.273181642920008e-14,0.0,5,2,161,68,51.79797998099226,57.207200901110525,39.64000000000032
405.9000000000238,407.9819452649664,0.10000000000002274,0.1,2.273181642920008e-14,0.0,5,2,161,68,51.597575785929564,56.605179925796996,39.74000000000032
406.0000000000238,408.0819452649664,0.10000000000002274,0.1,2.273181642920008e-14,0.0,5,2,161,68,51.39732771559852,56.00393957414178,39.84000000000033
406.10000000002384,408.18194526496643,0.10000000000002274,0.1,2.273181642920008e-14,0.0,5,2,160,69,51.19727238594286,55.64946205694058,39.940000000000325
406.20000000002386,408.28194526496645,0.10000000000002274,0.1,2.273181642920008e-14,0.0,5,2,160,69,50.997194681282174,55.54946205694058,40.040000000000326
406.3000000000239,408.3819452649665,0.10000000000002274,0.1,2.273181642920008e-14,0.0,5,2,163,70,50.78640954727077,55.449462056940575,40.14000000000033
406.4000000000239,408.4819452649665,0.10000000000002274,0.1,2.273181642920008e-14,0.0,5,2,163,70,50.571953709074535,55.349462056940574,40.24000000000033
406.50000000002393,408.5819452649665,0.10000000000002274,0.1,2.273181642920008e-14,0.0,5,2,162,70,50.37195370907453,55.24946205694057,40.34000000000033
406.60000000002395,408.68194526496654,0.10000000000002274,0.1,2.273181642920008e-14,0.0,5,2,161,70,50.171953709074536,55.14946205694057,40.44000000000033
406.700000000024,408.78194526496657,0.10000000000002274,0.1,2.273181642920008e-14,0.0,5,2,160,70,49.97195370907453,55.04946205694057,40.54000000000033
406.800000000024,408.8819452649666,0.10000000000002274,0.1,2.273181642920008e-14,0.0,5,2,160,70,49.77195370907454,54.94946205694057,40.640000000000335
406.900000000024,408.9819452649666,0.10000000000002274,0.1,2.273181642920008e-14,0.0,5,2,161,70,49.571953709074535,54.84946205694057,40.740000000000336
407.00000000002404,409.08194526496663,0.10000000000002274,0.1,2.273181642920008e-14,0.0,5,2,162,70,49.41216139160772,54.749462056940565,40.84000000000034
407.10000000002407,409.18194526496666,0.10000000000002274,0.1,2.273181642920008e-14,0.0,5,2,161,70,49.28226523287431,54.649462056940564,40.94000000000034
407.2000000000241,409.2819452649667,0.10000000000002274,0.1,2.273181642920008e-14,0.0,5,2,162,70,49.1673171535076,54.54946205694056,41.04000000000034
407.3000000000241,409.3819452649667,0.10000000000002274,0.1,2.273181642920008e-14,0.0,5,2,163,70,49.0673171535076,54.44946205694056,41.14000000000034
407.40000000002414,409.4819452649667,0.10000000000002274,0.1,2.273181642920008e-14,0.0,5,2,162,70,48.9673171535076,54.34946205694056,41.240000000000336
407.50000000002416,409.58194526496675,0.10000000000002274,0.1,2.273181642920008e-14,0.0,5,2,162,70,48.764469429005246,54.24946205694056,41.34000000000034
407.6000000000242,409.68194526496677,0.10000000000002274,0.1,2.273181642920008e-14,0.0,5,2,163,70,48.56358494488812,54.14946205694056,41.440000000000346
407.7000000000242,409.7819452649668,0.10000000000002274,0.1,2.273181642920008e-14,0.0,5,2,163,70,48.36309757931347,54.049462056940555,41.54000000000035
407.8000000000242,409.8819452649668,0.10000000000002274,0.1,2.273181642920008e-14,0.0,5,2,164,70,48.16281533540399,53.949462056940554,41.64000000000034
407.90000000002425,409.98194526496684,0.10000000000002274,0.1,2.273181642920008e-14,0.0,5,2,165,70,47.96256478247811,53.84946205694055,41.74000000000034
408.0000000000243,410.08194526496686,0.10000000000002274,0.1,2.273181642920008e-14,0.0,5,2,165,70,47.76207900822827,53.74946205694055,41.840000000000344
408.1000000000243,410.1819452649669,0.10000000000002274,0.1,2.273181642920008e-14,0.0,5,2,166,70,47.561477437137235,53.64946205694055,41.94000000000035
408.2000000000243,410.2819452649669,0.10000000000002274,0.1,2.273181642920008e-14,0.0,5,2,167,71,47.36080855825818,53.54946205694055,42.04000000000035
408.30000000002434,410.38194526496693,0.10000000000002274,0.1,2.273181642920008e-14,0.0,5,2,166,71,47.159827792257964,53.44946205694055,42.14000000000035
408.40000000002436,410.48194526496695,0.10000000000002274,0.1,2.273181642920008e-14,0.0,5,2,166,71,46.958963079656236,53.349462056940546,42.24000000000035
408.5000000000244,410.581945264967,0.10000000000002274,0.1,2.273181642920008e-14,0.0,5,2,165,71,46.758129043796096,53.249462056940544,42.34000000000035
408.6000000000244,410.681945264967,0.10000000000002274,0.1,2.273181642920008e-14,0.0,5,2,165,71,46.557294222521996,53.14946205694054,42.44000000000035
408.70000000002443,410.781945264967,0.10000000000002274,0.1,2.273181642920008e-14,0.0,5,2,166,72,46.356449318183664,53.04946205694054,42.540000000000354
408.80000000002445,410.88194526496704,0.10000000000002274,0.1,2.273181642920008e-14,0.0,5,2,167,72,46.15559452816925,52.94946205694054,42.640000000000356
408.9000000000245,410.98194526496707,0.10000000000002274,0.1,2.273181642920008e-14,0.0,5,2,166,72,45.95473447456091,52.84946205694054,42.74000000000036
409.0000000000245,411.0819452649671,0.10000000000002274,0.1,2.273181642920008e-14,0.0,5,2,167,72,45.753876107685976,52.74946205694054,42.84000000000036
409.1000000000245,411.1819452649671,0.10000000000002274,0.1,2.273181642920008e-14,0.0,5,2,167,72,45.553027726480984,52.649462056940536,42.94000000000035
409.20000000002454,411.28194526496713,0.10000000000002274,0.1,2.273181642920008e-14,0.0,5,2,167,73,45.34883639150472,52.549462056940534,43.04000000000036
409.30000000002457,411.38194526496716,0.10000000000002274,0.1,2.273181642920008e-14,0.0,5,2,167,73,45.148836391504716,52.44946205694053,43.14000000000036
409.4000000000246,411.4819452649672,0.10000000000002274,0.1,2.273181642920008e-14,0.0,5,2,168,74,44.94883639150471,52.34946205694053,43.240000000000364
409.5000000000246,411.5819452649672,0.10000000000002274,0.1,2.273181642920008e-14,0.0,5,2,168,74,44.74883639150471,52.24946205694053,43.34000000000036
409.60000000002464,411.6819452649672,0.10000000000002274,0.1,2.273181642920008e-14,0.0,5,2,170,73,44.54883639150471,52.14946205694053,43.44000000000036
409.70000000002466,411.78194526496725,0.10000000000002274,0.1,2.273181642920008e-14,0.0,5,2,169,73,44.33610399605736,52.04946205694053,43.54000000000037
409.8000000000247,411.88194526496727,0.10000000000002274,0.1,2.273181642920008e-14,0.0,5,2,168,73,43.99866213369756,51.33276215425254,43.64000000000037
409.9000000000247,412.0347452649673,0.15280000000001337,0.1,0.052800000000013364,0.0,5,2,167,73,54.25866213369761,59.451883932452205,43.740000000000364
410.0000000000247,412.1347452649673,0.10000000000002274,0.1,2.273181642920008e-14,0.0,5,2,166,73,54.00631540990023,59.3518839324522,43.840000000000366
410.10000000002475,412.23474526496733,0.10000000000002274,0.1,2.273181642920008e-14,0.0,5,2,165,73,53.62922741686555,59.2518839324522,43.94000000000037
410.2000000000248,412.33474526496735,0.10000000000002274,0.1,2.273181642920008e-14,0.0,5,2,165,73,53.32922741686555,59.1518839324522,44.040000000000376
410.3000000000248,412.4947452649674,0.160000000000025,0.1,0.060000000000025006,0.0,5,2,164,73,65.02922741686562,59.0518839324522,44.14000000000037
410.4000000000248,412.5947452649674,0.10000000000002274,0.1,2.273181642920008e-14,0.0,6,2,164,73,49.76775952370994,60.446008628024394,36.883333333333645
410.50000000002484,412.6947452649674,0.10000000000002274,0.1,2.273181642920008e-14,0.0,6,2,163,73,49.33314276298737,59.764654783983204,36.98333333333364
410.60000000002486,412.79474526496745,0.10000000000002274,0.1,2.273181642920008e-14,0.0,6,2,162,73,49.18922408459889,59.6646547839832,37.08333333333365
410.7000000000249,412.89474526496747,0.10000000000002274,0.1,2.273181642920008e-14,0.0,6,2,162,73,49.06726474540465,59.5646547839832,37.18333333333364
410.8000000000249,412.9947452649675,0.10000000000002274,0.1,2.273181642920008e-14,0.0,6,2,162,73,48.95628507580753,59.4646547839832,37.28333333333365
410.90000000002493,413.0947452649675,0.10000000000002274,0.1,2.273181642920008e-14,0.0,6,2,163,73,48.85628507580753,59.3646547839832,37.383333333333645
411.00000000002495,413.19474526496754,0.10000000000002274,0.1,2.273181642920008e-14,0.0,6,2,162,73,48.75628507580753,59.2646547839832,37.48333333333365
411.100000000025,413.29474526496756,0.10000000000002274,0.1,2.273181642920008e-14,0.0,6,2,161,73,48.656285075807524,59.164654783983195,37.58333333333365
411.200000000025,413.3947452649676,0.10000000000002274,0.1,2.273181642920008e-14,0.0,6,2,161,73,48.55628507580753,59.064654783983194,37.68333333333365
411.300000000025,413.4947452649676,0.10000000000002274,0.1,2.273181642920008e-14,0.0,6,2,161,73,48.45628507580753,58.96465478398319,37.78333333333365
411.40000000002505,413.5947452649676,0.10000000000002274,0.1,2.273181642920008e-14,0.0,6,2,161,73,48.35628507580753,58.86465478398319,37.88333333333365
411.50000000002507,413.69474526496765,0.10000000000002274,0.1,2.273181642920008e-14,0.0,6,2,161,73,48.25628507580753,58.76465478398319,37.983333333333654
411.6000000000251,413.7947452649677,0.10000000000002274,0.1,2.273181642920008e-14,0.0,6,2,161,73,48.156285075807524,58.66465478398319,38.083333333333655
411.7000000000251,413.8947452649677,0.10000000000002274,0.1,2.273181642920008e-14,0.0,6,2,162,73,48.05628507580753,58.56465478398319,38.18333333333366
411.80000000002514,413.9947452649677,0.10000000000002274,0.1,2.273181642920008e-14,0.0,6,2,164,73,47.95628507580753,58.464654783983185,38.28333333333366
411.90000000002516,414.09474526496774,0.10000000000002274,0.1,2.273181642920008e-14,0.0,6,2,163,73,47.85628507580753,58.364654783983184,38.38333333333366
412.0000000000252,414.19474526496776,0.10000000000002274,0.1,2.273181642920008e-14,0.0,6,2,163,73,47.75628507580753,58.26465478398318,38.483333333333654
412.1000000000252,414.2947452649678,0.10000000000002274,0.1,2.273181642920008e-14,0.0,6,2,162,72,47.656285075807524,58.16465478398318,38.58333333333366
412.2000000000252,414.3947452649678,0.10000000000002274,0.1,2.273181642920008e-14,0.0,6,2,161,72,47.55628507580753,58.06465478398318,38.68333333333366
412.30000000002525,414.49474526496783,0.10000000000002274,0.1,2.273181642920008e-14,0.0,6,2,161,72,47.45628507580753,57.96465478398318,38.78333333333366
412.4000000000253,414.59474526496786,0.10000000000002274,0.1,2.273181642920008e-14,0.0,6,2,161,72,47.356285075807534,57.86465478398318,38.88333333333366
412.5000000000253,414.6947452649679,0.10000000000002274,0.1,2.273181642920008e-14,0.0,6,2,160,72,47.25628507580753,57.764654783983175,38.98333333333366
412.6000000000253,414.7947452649679,0.10000000000002274,0.1,2.273181642920008e-14,0.0,6,2,160,72,47.156285075807524,57.664654783983174,39.08333333333366
412.70000000002534,414.8947452649679,0.10000000000002274,0.1,2.273181642920008e-14,0.0,6,2,160,72,47.05628507580753,57.56465478398317,39.183333333333664
412.80000000002536,414.99474526496795,0.10000000000002274,0.1,2.273181642920008e-14,0.0,6,2,162,72,46.95628507580753,57.46465478398317,39.283333333333665
412.9000000000254,415.09474526496797,0.10000000000002274,0.1,2.273181642920008e-14,0.0,6,2,162,72,46.856285075807534,57.36465478398317,39.38333333333367
413.0000000000254,415.194745264968,0.10000000000002274,0.1,2.273181642920008e-14,0.0,6,2,165,72,46.75628507580753,57.26465478398317,39.48333333333367
413.10000000002543,415.294745264968,0.10000000000002274,0.1,2.273181642920008e-14,0.0,6,2,167,72,46.656285075807524,57.16465478398317,39.58333333333367
413.20000000002545,415.39474526496804,0.10000000000002274,0.1,2.273181642920008e-14,0.0,6,2,167,71,46.55628507580753,57.064654783983165,39.68333333333367
413.3000000000255,415.49474526496806,0.10000000000002274,0.1,2.273181642920008e-14,0.0,6,2,166,72,46.366821469557095,56.964654783983164,39.783333333333665
413.4000000000255,415.5947452649681,0.10000000000002274,0.1,2.273181642920008e-14,0.0,6,2,166,72,46.18162241285427,56.86465478398316,39.88333333333367
413.5000000000255,415.6947452649681,0.10000000000002274,0.1,2.273181642920008e-14,0.0,6,2,166,72,45.99811016564385,56.76465478398316,39.98333333333367
413.60000000002555,415.7947452649681,0.10000000000002274,0.1,2.273181642920008e-14,0.0,6,2,166,72,45.81429896011418,56.66465478398316,40.08333333333367
413.70000000002557,415.89474526496815,0.10000000000002274,0.1,2.273181642920008e-14,0.0,6,2,165,72,45.63024244978331,56.56465478398316,40.18333333333367
413.8000000000256,415.9947452649682,0.10000000000002274,0.1,2.273181642920008e-14,0.0,6,2,165,72,45.4461053264638,56.46465478398316,40.283333333333665
413.9000000000256,416.0947452649682,0.10000000000002274,0.1,2.273181642920008e-14,0.0,6,2,165,72,45.26194365388096,56.364654783983156,40.38333333333367
414.00000000002564,416.1947452649682,0.10000000000002274,0.1,2.273181642920008e-14,0.0,6,2,165,72,45.07778483076401,56.264654783983154,40.48333333333367
414.10000000002566,416.29474526496824,0.10000000000002274,0.1,2.273181642920008e-14,0.0,6,2,165,72,44.89364501371825,56.16465478398315,40.58333333333366
414.2000000000257,416.39474526496826,0.10000000000002274,0.1,2.273181642920008e-14,0.0,6,2,165,72,44.709536042523524,56.06465478398315,40.683333333333664
414.3000000000257,416.4947452649683,0.10000000000002274,0.1,2.273181642920008e-14,0.0,6,2,164,72,44.52546816020412,55.96465478398315,40.783333333333665
414.4000000000257,416.5947452649683,0.10000000000002274,0.1,2.273181642920008e-14,0.0,6,2,164,71,44.341451024195614,55.86465478398315,40.88333333333366
414.50000000002575,416.69474526496833,0.10000000000002274,0.1,2.273181642920008e-14,0.0,6,2,163,72,44.15749396822472,55.76465478398315,40.983333333333654
414.6000000000258,416.79474526496836,0.10000000000002274,0.1,2.273181642920008e-14,0.0,6,2,162,72,43.97360584182161,55.664654783983146,41.083333333333655
414.7000000000258,416.8947452649684,0.10000000000002274,0.1,2.273181642920008e-14,0.0,6,2,162,72,43.789778934386156,55.564654783983144,41.18333333333366
414.8000000000258,416.9947452649684,0.10000000000002274,0.1,2.273181642920008e-14,0.0,6,2,161,72,43.605980646663,55.46465478398314,41.28333333333365
414.90000000002584,417.0947452649684,0.10000000000002274,0.1,2.273181642920008e-14,0.0,6,2,161,72,43.42219688473275,55.36465478398314,41.38333333333365
415.00000000002586,417.19474526496845,0.10000000000002274,0.1,2.273181642920008e-14,0.0,6,2,160,72,43.23417490950547,55.26465478398314,41.483333333333654
415.1000000000259,417.29474526496847,0.10000000000002274,0.1,2.273181642920008e-14,0.0,6,2,159,72,43.05084157617214,55.16465478398314,41.58333333333365
415.2000000000259,417.3947452649685,0.10000000000002274,0.1,2.273181642920008e-14,0.0,6,2,159,72,42.8675082428388,55.06465478398314,41.68333333333365
415.30000000002593,417.4947452649685,0.10000000000002274,0.1,2.273181642920008e-14,0.0,6,2,161,72,42.68417490950548,54.964654783983136,41.78333333333365
415.40000000002595,417.59474526496854,0.10000000000002274,0.1,2.273181642920008e-14,0.0,6,2,161,72,42.50084157617214,54.864654783983134,41.883333333333645
415.500000000026,417.69474526496856,0.10000000000002274,0.1,2.273181642920008e-14,0.0,6,2,161,71,42.317508242838805,54.76465478398313,41.98333333333365
415.600000000026,417.7947452649686,0.10000000000002274,0.1,2.273181642920008e-14,0.0,6,2,161,72,42.134174909505475,54.66465478398313,42.08333333333365
415.700000000026,417.8947452649686,0.10000000000002274,0.1,2.273181642920008e-14,0.0,6,2,161,72,41.950841576172145,54.56465478398313,42.18333333333364
415.80000000002605,417.9947452649686,0.10000000000002274,0.1,2.273181642920008e-14,0.0,6,2,161,72,41.76750824283881,54.46465478398313,42.283333333333644
415.90000000002607,418.09474526496865,0.10000000000002274,0.1,2.273181642920008e-14,0.0,6,2,160,72,41.58417490950547,54.36465478398313,42.383333333333645
416.0000000000261,418.1947452649687,0.10000000000002274,0.1,2.273181642920008e-14,0.0,6,2,160,72,41.40084157617214,54.264654783983126,42.48333333333364
416.1000000000261,418.2947452649687,0.10000000000002274,0.1,2.273181642920008e-14,0.0,6,2,159,72,41.21750824283881,54.164654783983124,42.583333333333634
416.20000000002614,418.3947452649687,0.10000000000002274,0.1,2.273181642920008e-14,0.0,6,2,159,72,41.034174909505474,54.06465478398312,42.68333333333364
416.30000000002616,418.49474526496874,0.10000000000002274,0.1,2.273181642920008e-14,0.0,6,2,160,72,40.850841576172144,53.96465478398312,42.78333333333364
416.4000000000262,418.59474526496876,0.10000000000002274,0.1,2.273181642920008e-14,0.0,6,2,160,72,40.667508242838814,53.86465478398312,42.88333333333364
416.5000000000262,418.6947452649688,0.10000000000002274,0.1,2.273181642920008e-14,0.0,6,2,160,72,40.48530344457891,53.76465478398312,42.98333333333363
416.6000000000262,418.7947452649688,0.10000000000002274,0.1,2.273181642920008e-14,0.0,6,2,161,72,40.34420104544897,53.66465478398312,43.083333333333634
416.70000000002625,418.89474526496883,0.10000000000002274,0.1,2.273181642920008e-14,0.0,6,2,161,72,40.22364984588399,53.564654783983116,43.18333333333363
416.8000000000263,418.99474526496886,0.10000000000002274,0.1,2.273181642920008e-14,0.0,6,2,162,71,40.11337424610151,53.464654783983114,43.28333333333362
416.9000000000263,419.0947452649689,0.10000000000002274,0.1,2.273181642920008e-14,0.0,6,2,163,71,40.013374246101506,53.36465478398311,43.38333333333363
417.0000000000263,419.1947452649689,0.10000000000002274,0.1,2.273181642920008e-14,0.0,6,2,165,70,39.913374246101505,53.26465478398311,43.483333333333626
417.10000000002634,419.2947452649689,0.10000000000002274,0.1,2.273181642920008e-14,0.0,6,2,165,70,39.81337424610151,53.16465478398311,43.58333333333363
417.20000000002636,419.39474526496895,0.10000000000002274,0.1,2.273181642920008e-14,0.0,6,2,165,71,39.71337424610151,53.06465478398311,43.68333333333362
417.3000000000264,419.49474526496897,0.10000000000002274,0.1,2.273181642920008e-14,0.0,6,2,165,71,39.61337424610151,52.96465478398311,43.78333333333362
417.4000000000264,419.594745264969,0.10000000000002274,0.1,2.273181642920008e-14,0.0,6,2,167,71,39.51337424610151,52.864654783983106,43.88333333333362
417.50000000002643,419.694745264969,0.10000000000002274,0.1,2.273181642920008e-14,0.0,6,2,167,72,39.41337424610151,52.764654783983104,43.983333333333626
417.60000000002645,419.79474526496904,0.10000000000002274,0.1,2.273181642920008e-14,0.0,6,2,168,72,39.31337424610151,52.6646547839831,44.08333333333362
417.7000000000265,419.89474526496906,0.10000000000002274,0.1,2.273181642920008e-14,0.0,6,2,168,71,39.21337424610151,52.5646547839831,44.18333333333362
417.8000000000265,419.9947452649691,0.10000000000002274,0.1,2.273181642920008e-14,0.0,6,2,168,71,39.11337424610151,52.4646547839831,44.283333333333616
417.9000000000265,420.0947452649691,0.10000000000002274,0.1,2.273181642920008e-14,0.0,6,2,169,71,39.01337424610151,52.3646547839831,44.38333333333362
418.00000000002655,420.19474526496913,0.10000000000002274,0.1,2.273181642920008e-14,0.0,6,2,169,71,38.91337424610151,52.2646547839831,44.48333333333361
418.10000000002657,420.29474526496915,0.10000000000002274,0.1,2.273181642920008e-14,0.0,6,2,168,71,38.81337424610151,52.164654783983096,44.58333333333362
418.2000000000266,420.3947452649692,0.10000000000002274,0.1,2.273181642920008e-14,0.0,6,2,168,71,38.713374246101516,52.064654783983094,44.683333333333614
418.3000000000266,420.4947452649692,0.10000000000002274,0.1,2.273181642920008e-14,0.0,6,2,169,71,38.61337424610151,51.96465478398309,44.783333333333616
418.40000000002664,420.5947452649692,0.10000000000002274,0.1,2.273181642920008e-14,0.0,6,2,168,71,38.51337424610151,51.86465478398309,44.88333333333361
418.50000000002666,420.69474526496924,0.10000000000002274,0.1,2.273181642920008e-14,0.0,6,2,168,71,38.41337424610151,51.76465478398309,44.983333333333604
418.6000000000267,420.79474526496927,0.10000000000002274,0.1,2.273181642920008e-14,0.0,6,2,170,71,38.31337424610151,51.66465478398309,45.083333333333606
418.7000000000267,420.8947452649693,0.10000000000002274,0.1,2.273181642920008e-14,0.0,6,2,170,71,38.213374246101516,51.56465478398309,45.1833333333336
418.8000000000267,420.9947452649693,0.10000000000002274,0.1,2.273181642920008e-14,0.0,6,2,170,71,38.113374246101515,51.464654783983086,45.28333333333361
418.90000000002675,421.09474526496933,0.10000000000002274,0.1,2.273181642920008e-14,0.0,6,2,171,71,38.01337424610151,51.364654783983084,45.3833333333336
419.0000000000268,421.19474526496936,0.10000000000002274,0.1,2.273181642920008e-14,0.0,6,2,171,71,37.91337424610152,51.26465478398308,45.483333333333604
419.1000000000268,421.2947452649694,0.10000000000002274,0.1,2.273181642920008e-14,0.0,6,2,171,71,37.81337424610151,51.16465478398308,45.5833333333336
419.2000000000268,421.3947452649694,0.10000000000002274,0.1,2.273181642920008e-14,0.0,6,2,172,71,37.713374246101516,51.06465478398308,45.6833333333336
419.30000000002684,421.4947452649694,0.10000000000002274,0.1,2.273181642920008e-14,0.0,6,2,173,71,37.613374246101515,50.96465478398308,45.783333333333594
419.40000000002686,421.59474526496945,0.10000000000002274,0.1,2.273181642920008e-14,0.0,6,2,175,71,37.51337424610151,50.86465478398308,45.8833333333336
419.5000000000269,421.69474526496947,0.10000000000002274,0.1,2.273181642920008e-14,0.0,6,2,175,71,37.41337424610152,50.764654783983076,45.9833333333336
419.6000000000269,421.7947452649695,0.10000000000002274,0.1,2.273181642920008e-14,0.0,6,2,174,71,37.31337424610152,50.664654783983075,46.0833333333336
419.70000000002693,421.8947452649695,0.10000000000002274,0.1,2.273181642920008e-14,0.0,6,2,174,71,37.213374246101516,50.56465478398307,46.18333333333359
419.80000000002696,421.99474526496954,0.10000000000002274,0.1,2.273181642920008e-14,0.0,6,2,174,71,37.113374246101515,50.46465478398307,46.283333333333594
419.900000000027,422.09474526496956,0.10000000000002274,0.1,2.273181642920008e-14,0.0,6,2,174,71,37.01337424610151,50.36465478398307,46.38333333333359
420.000000000027,422.1947452649696,0.10000000000002274,0.1,2.273181642920008e-14,0.0,6,2,174,71,36.91337424610152,50.26465478398307,46.4833333333336
420.100000000027,422.2947452649696,0.10000000000002274,0.1,2.273181642920008e-14,0.0,6,2,174,71,36.81337424610152,50.16465478398307,46.58333333333359
420.20000000002705,422.39474526496963,0.10000000000002274,0.1,2.273181642920008e-14,0.0,6,2,175,71,36.713374246101516,50.064654783983066,46.683333333333586
420.30000000002707,422.49474526496965,0.10000000000002274,0.1,2.273181642920008e-14,0.0,6,2,174,71,36.61337424610152,49.964654783983065,46.78333333333359
420.4000000000271,422.5947452649697,0.10000000000002274,0.1,2.273181642920008e-14,0.0,6,2,175,71,36.51337424610151,49.86465478398306,46.88333333333358
420.5000000000271,422.6947452649697,0.10000000000002274,0.1,2.273181642920008e-14,0.0,6,2,174,71,36.41337424610152,49.76465478398306,46.98333333333358
420.60000000002714,422.7947452649697,0.10000000000002274,0.1,2.273181642920008e-14,0.0,6,2,174,71,36.31337424610151,49.66465478398306,47.08333333333358
420.70000000002716,422.89474526496974,0.10000000000002274,0.1,2.273181642920008e-14,0.0,6,2,174,70,36.213374246101516,49.56465478398306,47.183333333333586
420.8000000000272,422.99474526496977,0.10000000000002274,0.1,2.273181642920008e-14,0.0,6,2,174,71,36.113374246101515,49.46465478398306,47.28333333333358
420.9000000000272,423.0947452649698,0.10000000000002274,0.1,2.273181642920008e-14,0.0,6,2,174,69,35.92774191864459,49.364654783983056,47.38333333333358
421.0000000000272,423.1947452649698,0.10000000000002274,0.1,2.273181642920008e-14,0.0,6,2,174,69,35.744408585311255,49.264654783983055,47.483333333333576
421.10000000002725,423.29474526496983,0.10000000000002274,0.1,2.273181642920008e-14,0.0,6,2,174,70,35.561075251977925,49.16465478398305,47.58333333333358
421.2000000000273,423.39474526496986,0.10000000000002274,0.1,2.273181642920008e-14,0.0,6,2,174,70,35.37774191864459,49.06465478398305,47.68333333333357
421.3000000000273,423.4947452649699,0.10000000000002274,0.1,2.273181642920008e-14,0.0,5,2,176,70,42.29430900211986,48.96465478398305,43.020000000000245
421.4000000000273,423.5947452649699,0.10000000000002274,0.1,2.273181642920008e-14,0.0,5,2,176,69,42.19430900211986,48.86465478398305,43.120000000000246
421.50000000002734,423.6947452649699,0.10000000000002274,0.1,2.273181642920008e-14,0.0,5,2,176,69,42.09430900211986,48.76465478398305,43.22000000000024
421.60000000002736,423.79474526496995,0.10000000000002274,0.1,2.273181642920008e-14,0.0,5,2,175,69,41.58299121291715,48.663279077418075,43.32000000000024
421.7000000000274,423.95474526497,0.160000000000025,0.1,0.060000000000025006,0.0,5,2,175,68,53.17989311006848,48.564654783983045,43.42000000000024
421.8000000000274,424.05474526497,0.10000000000002274,0.1,2.273181642920008e-14,0.0,5,2,175,68,52.776074367197324,48.46465478398304,43.520000000000245
421.90000000002743,424.19274526497003,0.13800000000003365,0.1,0.038000000000033646,0.0,5,2,174,68,59.9719032658537,48.36465478398304,43.620000000000246
422.00000000002746,424.29274526497005,0.10000000000002274,0.1,2.273181642920008e-14,0.0,5,2,176,68,59.49846234840618,48.26465478398304,43.72000000000024
422.1000000000275,424.3927452649701,0.10000000000002274,0.1,2.273181642920008e-14,0.0,5,2,177,68,59.002498226929106,48.16465478398304,43.82000000000024
422.2000000000275,424.4927452649701,0.10000000000002274,0.1,2.273181642920008e-14,0.0,5,2,177,69,58.60194548432228,48.06465478398304,43.92000000000024
422.3000000000275,424.5927452649701,0.10000000000002274,0.1,2.273181642920008e-14,0.0,5,2,178,69,58.20182006391131,47.964654783983036,44.020000000000245
422.40000000002755,424.69274526497014,0.10000000000002274,0.1,2.273181642920008e-14,0.0,5,2,178,69,57.801435489761275,47.864654783983035,44.120000000000246
422.50000000002757,424.85054526497015,0.15780000000000882,0.1,0.05780000000000882,0.0,5,2,177,69,68.96095910656018,56.79798995672456,44.22000000000024
422.6000000000276,425.0105452649702,0.160000000000025,0.1,0.060000000000025006,0.0,5,2,175,69,80.56045763137242,56.195482580785416,44.32000000000024
422.7000000000276,425.1105452649702,0.10000000000002274,0.1,2.273181642920008e-14,0.0,6,2,176,70,62.606810731434756,57.677723936203726,37.03333333333354
422.80000000002764,425.2105452649702,0.10000000000002274,0.1,2.273181642920008e-14,0.0,6,2,176,69,62.09920448704861,56.957930332026926,37.13333333333353
422.90000000002766,425.31054526497024,0.10000000000002274,0.1,2.273181642920008e-14,0.0,6,2,176,69,61.66579178065829,56.357930332026925,37.23333333333353
423.0000000000277,425.41054526497027,0.10000000000002274,0.1,2.273181642920008e-14,0.0,5,2,176,69,73.50944520760328,55.75793033202692,32.88000000000012
423.1000000000277,425.5377452649703,0.1272000000000162,0.1,0.027200000000016183,0.0,5,2,175,69,78.44942996797633,72.28658244355792,32.980000000000125
423.2000000000277,425.6377452649703,0.10000000000002274,0.1,2.273181642920008e-14,0.0,5,2,175,69,77.9693834201461,71.66968964095562,33.08000000000012
423.30000000002775,425.73774526497033,0.10000000000002274,0.1,2.273181642920008e-14,0.0,5,2,177,70,77.44881001022776,71.06352659195863,33.18000000000012
423.4000000000278,425.83774526497035,0.10000000000002274,0.1,2.273181642920008e-14,0.0,5,2,177,70,76.94427156505192,70.44631485351718,33.28000000000012
423.5000000000278,425.9377452649704,0.10000000000002274,0.1,2.273181642920008e-14,0.0,5,2,178,69,76.39477791450031,69.74154818244041,33.38000000000012
423.6000000000278,426.0377452649704,0.10000000000002274,0.1,2.273181642920008e-14,0.0,5,2,178,69,75.89437473941965,69.14154818244042,33.48000000000012
423.70000000002784,426.1377452649704,0.10000000000002274,0.1,2.273181642920008e-14,0.0,5,2,178,69,75.39401161602338,68.54154818244042,33.58000000000012
423.80000000002786,426.23774526497044,0.10000000000002274,0.1,2.273181642920008e-14,0.0,5,2,178,68,74.89361902310016,67.94154818244043,33.68000000000012
423.9000000000279,426.33774526497047,0.10000000000002274,0.1,2.273181642920008e-14,0.0,5,2,178,68,74.3932654312341,67.34154818244043,33.78000000000012
424.0000000000279,426.4377452649705,0.10000000000002274,0.1,2.273181642920008e-14,0.0,5,2,177,68,73.89288314314311,66.74154818244044,33.88000000000012
424.10000000002793,426.5377452649705,0.10000000000002274,0.1,2.273181642920008e-14,0.0,5,2,177,67,73.39253883296882,66.14154818244045,33.98000000000012
424.20000000002796,426.63774526497053,0.10000000000002274,0.1,2.273181642920008e-14,0.0,5,2,177,67,72.89216657962007,65.54154818244045,34.08000000000011
424.300000000028,426.73774526497056,0.10000000000002274,0.1,2.273181642920008e-14,0.0,5,2,177,67,72.43587163477584,65.07842041593527,34.18000000000011
424.400000000028,426.8377452649706,0.10000000000002274,0.1,2.273181642920008e-14,0.0,5,2,177,68,72.1075293166058,64.79685653268268,34.280000000000115
424.500000000028,426.9377452649706,0.10000000000002274,0.1,2.273181642920008e-14,0.0,5,2,177,68,71.84321292795701,64.6060745910564,34.380000000000116
424.60000000002805,427.0377452649706,0.10000000000002274,0.1,2.273181642920008e-14,0.0,5,2,179,68,71.61994319686887,64.5060745910564,34.48000000000012
424.70000000002807,427.13774526497065,0.10000000000002274,0.1,2.273181642920008e-14,0.0,5,2,179,68,71.41962529711938,64.40607459105641,34.58000000000011
424.8000000000281,427.23774526497067,0.10000000000002274,0.1,2.273181642920008e-14,0.0,5,2,177,68,71.21928159704301,64.30607459105642,34.68000000000011
424.9000000000281,427.3377452649707,0.10000000000002274,0.1,2.273181642920008e-14,0.0,5,2,176,68,71.01897204318753,64.20607459105642,34.780000000000115
425.00000000002814,427.4377452649707,0.10000000000002274,0.1,2.273181642920008e-14,0.0,5,2,176,68,70.81863736618871,64.10607459105643,34.88000000000011
425.10000000002816,427.53774526497074,0.10000000000002274,0.1,2.273181642920008e-14,0.0,5,2,176,68,70.61833593935691,64.00607459105643,34.98000000000011
425.2000000000282,427.63774526497076,0.10000000000002274,0.1,2.273181642920008e-14,0.0,5,2,176,67,70.41801004881839,63.90607459105643,35.08000000000011
425.3000000000282,427.7377452649708,0.10000000000002274,0.1,2.273181642920008e-14,0.0,5,2,175,67,70.21771653586167,63.80607459105643,35.180000000000106
425.40000000002823,427.8377452649708,0.10000000000002274,0.1,2.273181642920008e-14,0.0,5,2,176,67,70.01739920135091,63.70607459105643,35.28000000000011
425.50000000002825,427.93774526497083,0.10000000000002274,0.1,2.273181642920008e-14,0.0,5,2,176,67,69.81711339469419,63.60607459105643,35.38000000000011
425.6000000000283,428.03774526497085,0.10000000000002274,0.1,2.273181642920008e-14,0.0,5,2,176,67,69.61680439180327,63.506074591056425,35.48000000000011
425.7000000000283,428.1377452649709,0.10000000000002274,0.1,2.273181642920008e-14,0.0,5,2,176,67,69.41652608930056,63.406074591056424,35.58000000000011
425.8000000000283,428.2377452649709,0.10000000000002274,0.1,2.273181642920008e-14,0.0,5,2,176,67,69.21622519949014,63.30607459105642,35.680000000000106
425.90000000002834,428.3377452649709,0.10000000000002274,0.1,2.273181642920008e-14,0.0,5,2,176,67,69.01595420428376,63.20607459105642,35.7800000000001
426.00000000002836,428.43774526497094,0.10000000000002274,0.1,2.273181642920008e-14,0.0,5,2,178,67,68.81566121473085,63.10607459105642,35.8800000000001
426.1000000000284,428.53774526497097,0.10000000000002274,0.1,2.273181642920008e-14,0.0,5,2,178,67,68.61539733511408,63.00607459105642,35.9800000000001
426.2000000000284,428.637745264971,0.10000000000002274,0.1,2.273181642920008e-14,0.0,5,2,179,67,68.41511203856388,62.90607459105642,36.080000000000105
426.30000000002843,428.737745264971,0.10000000000002274,0.1,2.273181642920008e-14,0.0,5,2,179,67,68.21485508784727,62.806074591056415,36.180000000000106
426.40000000002846,428.83774526497103,0.10000000000002274,0.1,2.273181642920008e-14,0.0,5,2,179,67,68.01482727734256,62.706074591056414,36.2800000000001
426.5000000000285,428.93774526497106,0.10000000000002274,0.1,2.273181642920008e-14,0.0,5,2,179,67,67.81452329089845,62.60607459105641,36.3800000000001
426.6000000000285,429.0377452649711,0.10000000000002274,0.1,2.273181642920008e-14,0.0,5,2,180,67,67.6141813448008,62.50607459105641,36.4800000000001
426.7000000000285,429.1377452649711,0.10000000000002274,0.1,2.273181642920008e-14,0.0,5,2,181,67,67.41387082153283,62.40607459105641,36.580000000000105
426.80000000002855,429.2377452649711,0.10000000000002274,0.1,2.273181642920008e-14,0.0,5,2,181,65,67.21354979040343,62.30607459105641,36.680000000000106
426.90000000002857,429.33774526497115,0.10000000000002274,0.1,2.273181642920008e-14,0.0,5,2,180,65,67.01332453947806,62.20607459105641,36.7800000000001
427.0000000000286,429.43774526497117,0.10000000000002274,0.1,2.273181642920008e-14,0.0,5,2,180,65,66.79562594372464,62.106074591056405,36.8800000000001
427.1000000000286,429.5377452649712,0.10000000000002274,0.1,2.273181642920008e-14,0.0,5,2,179,65,66.59537717581654,62.006074591056404,36.980000000000096
427.20000000002864,429.6377452649712,0.10000000000002274,0.1,2.273181642920008e-14,0.0,5,2,179,64,66.39537717581653,61.9060745910564,37.0800000000001
427.30000000002866,429.73774526497124,0.10000000000002274,0.1,2.273181642920008e-14,0.0,5,2,179,65,66.19537717581653,61.8060745910564,37.1800000000001
427.4000000000287,429.83774526497126,0.10000000000002274,0.1,2.273181642920008e-14,0.0,5,2,179,65,65.99537717581654,61.7060745910564,37.2800000000001
427.5000000000287,429.9377452649713,0.10000000000002274,0.1,2.273181642920008e-14,0.0,5,2,179,65,65.6457199420883,61.6060745910564,37.380000000000095
427.60000000002873,430.0377452649713,0.10000000000002274,0.1,2.273181642920008e-14,0.0,5,2,179,65,65.34571994208831,61.5060745910564,37.480000000000096
427.70000000002875,430.13774526497133,0.10000000000002274,0.1,2.273181642920008e-14,0.0,5,2,180,65,65.03298754664095,61.406074591056395,37.5800000000001
427.8000000000288,430.23774526497135,0.10000000000002274,0.1,2.273181642920008e-14,0.0,5,2,180,65,64.62583709261187,61.306074591056394,37.6800000000001
427.9000000000288,429.951581578818,-0.2861636861533725,0.1,4.518607710224387e-14,0.3861636861534177,4,2,180,65,70.62124764040303,71.21377966404786,27.57500000000017
428.0000000000288,430.051581578818,0.10000000000002274,0.1,2.273181642920008e-14,0.0,4,2,180,66,70.39227036594366,71.11377966404787,27.67500000000017
428.10000000002884,430.151581578818,0.10000000000002274,0.1,2.273181642920008e-14,0.0,4,2,181,66,70.1646431601528,71.01377966404787,27.775000000000173
428.20000000002887,430.25158157881805,0.10000000000002274,0.1,2.273181642920008e-14,0.0,4,2,181,66,69.93783736965689,70.91377966404788,27.875000000000174
428.3000000000289,430.35158157881807,0.10000000000002274,0.1,2.273181642920008e-14,0.0,4,2,181,66,69.71107814102989,70.81377966404789,27.975000000000172
428.4000000000289,430.4515815788181,0.10000000000002274,0.1,2.273181642920008e-14,0.0,4,2,182,66,69.48432875026226,70.71377966404789,28.075000000000173
428.50000000002893,430.5515815788181,0.10000000000002274,0.1,2.273181642920008e-14,0.0,4,2,182,66,69.25757969263931,70.6137796640479,28.175000000000175
428.60000000002896,430.65158157881814,0.10000000000002274,0.1,2.273181642920008e-14,0.0,4,2,182,66,69.03083322628919,70.5137796640479,28.275000000000176
428.700000000029,430.75158157881816,0.10000000000002274,0.1,2.273181642920008e-14,0.0,4,2,182,65,68.80409732308787,70.41377966404791,28.375000000000178
428.800000000029,430.8515815788182,0.10000000000002274,0.1,2.273181642920008e-14,0.0,4,2,182,65,68.57738355147103,70.31377966404791,28.47500000000018
428.900000000029,430.9515815788182,0.10000000000002274,0.1,2.273181642920008e-14,0.0,4,2,183,65,68.3507070885397,70.21377966404792,28.57500000000018
429.00000000002905,431.05158157881823,0.10000000000002274,0.1,2.273181642920008e-14,0.0,4,2,183,65,68.12408779749737,70.11377966404793,28.675000000000182
429.10000000002907,431.15158157881825,0.10000000000002274,0.1,2.273181642920008e-14,0.0,4,2,182,66,67.89755232053592,70.01377966404793,28.775000000000183
429.2000000000291,431.2515815788183,0.10000000000002274,0.1,2.273181642920008e-14,0.0,4,2,182,66,67.6711373446427,69.91377966404794,28.87500000000018
429.3000000000291,431.3515815788183,0.10000000000002274,0.1,2.273181642920008e-14,0.0,4,2,181,66,67.44489386374099,69.81377966404794,28.975000000000183
429.40000000002914,431.4515815788183,0.10000000000002274,0.1,2.273181642920008e-14,0.0,4,2,181,66,67.21777310472135,69.71377966404795,29.075000000000184
429.50000000002916,431.55158157881834,0.10000000000002274,0.1,2.273181642920008e-14,0.0,4,2,182,66,66.99029887578699,69.61377966404795,29.175000000000185
429.6000000000292,431.65158157881837,0.10000000000002274,0.1,2.273181642920008e-14,0.0,4,2,182,66,66.76369701308691,69.51377966404796,29.275000000000187
429.7000000000292,431.7515815788184,0.10000000000002274,0.1,2.273181642920008e-14,0.0,4,2,183,66,66.5363800024038,69.41377966404796,29.37500000000019
429.80000000002923,431.8515815788184,0.10000000000002274,0.1,2.273181642920008e-14,0.0,4,2,183,67,66.30877433528521,69.31377966404797,29.47500000000019
429.90000000002925,431.95158157881843,0.10000000000002274,0.1,2.273181642920008e-14,0.0,4,2,183,67,66.08105060674207,69.21377966404798,29.575000000000188
430.0000000000293,432.05158157881846,0.10000000000002274,0.1,2.273181642920008e-14,0.0,4,2,185,67,65.85327705319717,69.11377966404798,29.67500000000019
430.1000000000293,432.1515815788185,0.10000000000002274,0.1,2.273181642920008e-14,0.0,4,2,186,67,65.62548096766464,69.01377966404799,29.77500000000019
430.2000000000293,432.3115815788185,0.160000000000025,0.1,0.060000000000025006,0.0,4,2,185,67,80.39767326582201,70.11966006689144,29.875000000000192
430.30000000002934,432.4115815788185,0.10000000000002274,0.1,2.273181642920008e-14,0.0,4,2,186,67,80.16985831243886,69.50840025335886,29.975000000000193
430.40000000002937,432.51158157881855,0.10000000000002274,0.1,2.273181642920008e-14,0.0,4,2,186,67,79.94203785194907,68.89711841139962,30.075000000000195
430.5000000000294,432.6115815788186,0.10000000000002274,0.1,2.273181642920008e-14,0.0,4,2,187,67,79.71421258067923,68.61377966404801,30.175000000000196
430.6000000000294,432.7115815788186,0.10000000000002274,0.1,2.273181642920008e-14,0.0,4,2,188,67,79.48638277574057,68.51377966404802,30.275000000000198
430.70000000002943,432.8115815788186,0.10000000000002274,0.1,2.273181642920008e-14,0.0,4,2,188,67,79.2585485465857,68.41377966404802,30.3750000000002
430.80000000002946,432.91158157881864,0.10000000000002274,0.1,2.273181642920008e-14,0.0,4,2,189,67,79.03070993563149,68.31377966404803,30.475000000000197
430.9000000000295,433.01158157881866,0.10000000000002274,0.1,2.273181642920008e-14,0.0,4,2,189,67,78.80286695850843,68.21377966404803,30.5750000000002
431.0000000000295,433.1115815788187,0.10000000000002274,0.1,2.273181642920008e-14,0.0,4,2,189,67,78.57501962016049,68.11377966404804,30.6750000000002
431.1000000000295,433.2115815788187,0.10000000000002274,0.1,2.273181642920008e-14,0.0,4,2,189,67,78.34716792128519,68.01377966404804,30.7750000000002
431.20000000002955,433.31158157881873,0.10000000000002274,0.1,2.273181642920008e-14,0.0,4,2,190,67,78.11931186090982,67.91377966404805,30.875000000000203
431.30000000002957,433.41158157881875,0.10000000000002274,0.1,2.273181642920008e-14,0.0,4,2,190,67,77.89193230308975,67.81377966404806,30.975000000000204
431.4000000000296,433.5115815788188,0.10000000000002274,0.1,2.273181642920008e-14,0.0,4,2,190,68,77.66476298613419,67.71377966404806,31.075000000000205
431.5000000000296,433.6115815788188,0.10000000000002274,0.1,2.273181642920008e-14,0.0,4,2,190,68,77.43769676730743,67.61377966404807,31.175000000000203
431.60000000002964,433.7115815788188,0.10000000000002274,0.1,2.273181642920008e-14,0.0,4,2,190,68,77.21069018276216,67.51377966404807,31.275000000000205
431.70000000002966,433.81158157881885,0.10000000000002274,0.1,2.273181642920008e-14,0.0,4,2,191,68,76.98372526946676,67.41377966404808,31.375000000000206
431.8000000000297,433.91158157881887,0.10000000000002274,0.1,2.273181642920008e-14,0.0,4,2,192,68,76.75679429209653,67.31377966404808,31.475000000000207
431.9000000000297,434.0115815788189,0.10000000000002274,0.1,2.273181642920008e-14,0.0,4,2,193,67,76.52989363206055,67.21377966404809,31.57500000000021
432.00000000002973,434.1115815788189,0.10000000000002274,0.1,2.273181642920008e-14,0.0,4,2,195,67,76.30302134151869,67.1137796640481,31.67500000000021
432.10000000002975,434.21158157881894,0.10000000000002274,0.1,2.273181642920008e-14,0.0,4,2,196,67,76.07617616351799,67.0137796640481,31.77500000000021
432.2000000000298,434.31158157881896,0.10000000000002274,0.1,2.273181642920008e-14,0.0,4,2,196,67,75.84935713868833,66.9137796640481,31.875000000000213
432.3000000000298,434.411581578819,0.10000000000002274,0.1,2.273181642920008e-14,0.0,4,2,196,68,75.62256344666386,66.81377966404811,31.975000000000215
432.4000000000298,434.511581578819,0.10000000000002274,0.1,2.273181642920008e-14,0.0,4,2,196,69,75.39579434148709,66.71377966404812,32.075000000000216
432.50000000002984,434.611581578819,0.10000000000002274,0.1,2.273181642920008e-14,0.0,4,2,197,69,75.16904912469067,66.61377966404812,32.17500000000022
432.60000000002987,434.71158157881905,0.10000000000002274,0.1,2.273181642920008e-14,0.0,4,2,196,69,74.94232713352741,66.51377966404813,32.27500000000022
432.7000000000299,434.8115815788191,0.10000000000002274,0.1,2.273181642920008e-14,0.0,4,2,196,70,74.7156277353302,66.41377966404814,32.37500000000021
432.8000000000299,434.9115815788191,0.10000000000002274,0.1,2.273181642920008e-14,0.0,4,2,197,70,74.48892280124866,66.31377966404814,32.475000000000215
432.90000000002993,435.0115815788191,0.10000000000002274,0.1,2.273181642920008e-14,0.0,4,2,198,70,74.26220066740035,66.21377966404815,32.575000000000216
433.00000000002996,435.11158157881914,0.10000000000002274,0.1,2.273181642920008e-14,0.0,4,2,198,70,74.03545623857306,66.11377966404815,32.67500000000022
433.10000000003,435.21158157881916,0.10000000000002274,0.1,2.273181642920008e-14,0.0,4,2,200,70,73.80868702874268,66.01377966404816,32.77500000000022
433.20000000003,435.3115815788192,0.10000000000002274,0.1,2.273181642920008e-14,0.0,4,2,199,70,73.58189157625064,65.91377966404816,32.87500000000022
433.30000000003,435.4115815788192,0.10000000000002274,0.1,2.273181642920008e-14,0.0,4,2,199,70,73.35506880877315,65.81377966404817,32.97500000000022
433.40000000003005,435.51158157881923,0.10000000000002274,0.1,2.273181642920008e-14,0.0,4,2,199,70,73.12821778812895,65.71377966404818,33.07500000000022
433.50000000003007,435.61158157881925,0.10000000000002274,0.1,2.273181642920008e-14,0.0,4,2,199,70,72.90133760693774,65.61377966404818,33.175000000000225
433.6000000000301,435.7115815788193,0.10000000000002274,0.1,2.273181642920008e-14,0.0,4,2,198,70,72.67442734592684,65.51377966404819,33.275000000000226
433.7000000000301,435.8115815788193,0.10000000000002274,0.1,2.273181642920008e-14,0.0,4,2,197,70,72.44748605539712,65.41377966404819,33.37500000000023
433.80000000003014,435.9115815788193,0.10000000000002274,0.1,2.273181642920008e-14,0.0,4,2,197,70,72.22109462606204,65.3137796640482,33.47500000000023
433.90000000003016,436.01158157881935,0.10000000000002274,0.1,2.273181642920008e-14,0.0,4,2,196,70,71.99490448919832,65.2137796640482,33.57500000000023
434.0000000000302,436.11158157881937,0.10000000000002274,0.1,2.273181642920008e-14,0.0,4,2,196,70,71.76885491882378,65.11377966404821,33.67500000000023
434.1000000000302,436.2115815788194,0.10000000000002274,0.1,2.273181642920008e-14,0.0,4,2,197,69,71.54283986203437,65.01377966404822,33.77500000000023
434.20000000003023,436.3115815788194,0.10000000000002274,0.1,2.273181642920008e-14,0.0,4,2,197,69,71.31621703965702,64.91377966404822,33.875000000000234
434.30000000003025,436.41158157881944,0.10000000000002274,0.1,2.273181642920008e-14,0.0,4,2,197,69,71.08917177510901,64.81377966404823,33.975000000000236
434.4000000000303,436.51158157881946,0.10000000000002274,0.1,2.273181642920008e-14,0.0,4,2,198,69,70.8619302680637,64.71377966404823,34.07500000000023
434.5000000000303,436.6115815788195,0.10000000000002274,0.1,2.273181642920008e-14,0.0,4,2,200,69,70.6345819639506,64.61377966404824,34.17500000000023
434.6000000000303,436.7115815788195,0.10000000000002274,0.1,2.273181642920008e-14,0.0,4,2,200,68,70.40792369836782,64.51377966404824,34.27500000000023
434.70000000003034,436.8115815788195,0.10000000000002274,0.1,2.273181642920008e-14,0.0,4,2,200,66,70.18154789847732,64.41377966404825,34.37500000000023
434.80000000003037,436.91158157881955,0.10000000000002274,0.1,2.273181642920008e-14,0.0,4,2,201,66,69.95529141764257,64.31377966404825,34.47500000000023
434.9000000000304,437.0115815788196,0.10000000000002274,0.1,2.273181642920008e-14,0.0,4,2,201,66,69.72908888293716,64.21377966404826,34.57500000000023
435.0000000000304,437.1115815788196,0.10000000000002274,0.1,2.273181642920008e-14,0.0,4,2,202,66,69.50335111397006,64.11377966404827,34.675000000000225
435.10000000003043,437.2115815788196,0.10000000000002274,0.1,2.273181642920008e-14,0.0,4,2,202,66,69.27831335434294,64.01377966404827,34.775000000000226
435.20000000003046,437.31158157881964,0.10000000000002274,0.1,2.273181642920008e-14,0.0,4,2,202,66,69.05307051464962,63.91377966404827,34.87500000000023
435.3000000000305,437.41158157881966,0.10000000000002274,0.1,2.273181642920008e-14,0.0,4,2,201,66,68.82727476939134,63.81377966404827,34.97500000000022
435.4000000000305,437.5115815788197,0.10000000000002274,0.1,2.273181642920008e-14,0.0,4,2,201,66,68.6012639455602,63.71377966404827,35.07500000000022
435.5000000000305,437.6115815788197,0.10000000000002274,0.1,2.273181642920008e-14,0.0,4,2,201,66,68.37517306642548,63.613779664048266,35.175000000000225
435.60000000003055,437.71158157881973,0.10000000000002274,0.1,2.273181642920008e-14,0.0,4,2,200,66,68.14905603663452,63.513779664048265,35.27500000000022
435.70000000003057,437.81158157881976,0.10000000000002274,0.1,2.273181642920008e-14,0.0,4,2,201,66,67.92293431615114,63.41377966404826,35.37500000000022
435.8000000000306,437.9115815788198,0.10000000000002274,0.1,2.273181642920008e-14,0.0,4,2,201,66,67.69293943209131,63.31377966404826,35.47500000000022
435.9000000000306,438.0115815788198,0.10000000000002274,0.1,2.273181642920008e-14,0.0,4,2,202,66,67.46579853290238,63.21377966404826,35.575000000000216
436.00000000003064,438.1115815788198,0.10000000000002274,0.1,2.273181642920008e-14,0.0,4,2,201,66,67.23820804155942,63.11377966404826,35.67500000000022
436.10000000003066,438.21158157881985,0.10000000000002274,0.1,2.273181642920008e-14,0.0,4,2,200,66,67.00652317729727,63.01377966404826,35.77500000000022
436.2000000000307,438.31158157881987,0.10000000000002274,0.1,2.273181642920008e-14,0.0,4,2,200,66,66.77590688358896,62.913779664048256,35.87500000000022
436.3000000000307,438.4115815788199,0.10000000000002274,0.1,2.273181642920008e-14,0.0,4,2,200,66,66.5504438055915,62.813779664048255,35.975000000000215
436.40000000003073,438.5115815788199,0.10000000000002274,0.1,2.273181642920008e-14,0.0,4,2,200,66,66.31903379145518,62.71377966404825,36.075000000000216
436.50000000003075,438.61158157881994,0.10000000000002274,0.1,2.273181642920008e-14,0.0,4,2,202,66,66.09173134100615,62.61377966404825,36.17500000000022
436.6000000000308,438.71158157881996,0.10000000000002274,0.1,2.273181642920008e-14,0.0,4,2,202,66,65.8659505113136,62.51377966404825,36.27500000000021
436.7000000000308,438.81158157882,0.10000000000002274,0.1,2.273181642920008e-14,0.0,4,2,203,66,65.6407131338086,62.41377966404825,36.37500000000021
436.8000000000308,438.91158157882,0.10000000000002274,0.1,2.273181642920008e-14,0.0,4,2,202,66,65.41482234310847,62.31377966404825,36.475000000000215
436.90000000003084,439.01158157882,0.10000000000002274,0.1,2.273181642920008e-14,0.0,4,2,201,66,65.18810490904768,62.213779664048246,36.57500000000021
437.00000000003087,439.11158157882005,0.10000000000002274,0.1,2.273181642920008e-14,0.0,4,2,202,66,64.96141885320627,62.113779664048245,36.67500000000021
437.1000000000309,439.2115815788201,0.10000000000002274,0.1,2.273181642920008e-14,0.0,4,2,202,65,64.73475799735986,62.01377966404824,36.77500000000021
437.2000000000309,439.3115815788201,0.10000000000002274,0.1,2.273181642920008e-14,0.0,4,2,202,65,64.50811954359665,61.91377966404824,36.875000000000206
437.30000000003093,439.4115815788201,0.10000000000002274,0.1,2.273181642920008e-14,0.0,4,2,203,65,64.28150205886557,61.81377966404824,36.97500000000021
437.40000000003096,439.51158157882014,0.10000000000002274,0.1,2.273181642920008e-14,0.0,4,2,203,65,64.05490466813329,61.71377966404824,37.07500000000021
437.500000000031,439.61158157882016,0.10000000000002274,0.1,2.273181642920008e-14,0.0,4,2,204,65,63.82832673102766,61.61377966404824,37.17500000000021
437.600000000031,439.7115815788202,0.10000000000002274,0.1,2.273181642920008e-14,0.0,4,2,204,65,63.60176771191514,61.513779664048236,37.275000000000205
437.700000000031,439.8115815788202,0.10000000000002274,0.1,2.273181642920008e-14,0.0,4,2,205,65,63.37522712738866,61.413779664048235,37.375000000000206
437.80000000003105,439.91158157882023,0.10000000000002274,0.1,2.273181642920008e-14,0.0,4,2,205,65,63.14870452475328,61.31377966404823,37.47500000000021
437.90000000003107,440.01158157882026,0.10000000000002274,0.1,2.273181642920008e-14,0.0,4,2,205,65,62.922199472942324,61.21377966404823,37.5750000000002
438.0000000000311,440.1115815788203,0.10000000000002274,0.1,2.273181642920008e-14,0.0,4,2,205,64,62.69571155843477,61.11377966404823,37.6750000000002
438.1000000000311,440.2115815788203,0.10000000000002274,0.1,2.273181642920008e-14,0.0,4,2,205,64,62.46924038319999,61.01377966404823,37.775000000000205
438.20000000003114,440.3115815788203,0.10000000000002274,0.1,2.273181642920008e-14,0.0,4,2,205,64,62.24312862326005,60.91377966404823,37.8750000000002
438.30000000003116,440.41158157882035,0.10000000000002274,0.1,2.273181642920008e-14,0.0,4,2,205,64,62.017683919284075,60.813779664048226,37.9750000000002
438.4000000000312,440.51158157882037,0.10000000000002274,0.1,2.273181642920008e-14,0.0,4,2,205,63,61.792506037693684,60.713779664048225,38.0750000000002
438.5000000000312,440.6115815788204,0.10000000000002274,0.1,2.273181642920008e-14,0.0,4,2,203,63,61.56743488505753,60.613779664048224,38.175000000000196
438.60000000003123,440.7115815788204,0.10000000000002274,0.1,2.273181642920008e-14,0.0,4,2,202,63,61.34179215887656,60.51377966404822,38.2750000000002
438.70000000003125,440.81158157882044,0.10000000000002274,0.1,2.273181642920008e-14,0.0,4,2,202,62,61.11560103540985,60.41377966404822,38.3750000000002
438.8000000000313,440.91158157882046,0.10000000000002274,0.1,2.273181642920008e-14,0.0,4,2,202,62,60.88919765363229,60.31377966404822,38.47500000000019
438.9000000000313,441.0115815788205,0.10000000000002274,0.1,2.273181642920008e-14,0.0,4,2,203,62,60.66276420478939,60.21377966404822,38.575000000000195
439.0000000000313,441.1115815788205,0.10000000000002274,0.1,2.273181642920008e-14,0.0,4,2,204,62,60.436330733518595,60.11377966404822,38.675000000000196
439.10000000003134,441.2115815788205,0.10000000000002274,0.1,2.273181642920008e-14,0.0,4,2,203,62,60.20990892423853,60.013779664048215,38.7750000000002
439.20000000003137,441.31158157882055,0.10000000000002274,0.1,2.273181642920008e-14,0.0,4,2,203,62,59.98350313117478,59.913779664048214,38.8750000000002
439.3000000000314,441.4115815788206,0.10000000000002274,0.1,2.273181642920008e-14,0.0,4,2,202,62,59.757183901755376,59.81377966404821,38.97500000000019
439.4000000000314,441.5115815788206,0.10000000000002274,0.1,2.273181642920008e-14,0.0,4,2,202,62,59.53091326634769,59.71377966404821,39.075000000000195
439.50000000003143,441.6115815788206,0.10000000000002274,0.1,2.273181642920008e-14,0.0,4,2,201,62,59.304675524507935,59.61377966404821,39.175000000000196
439.60000000003146,441.71158157882064,0.10000000000002274,0.1,2.273181642920008e-14,0.0,4,2,201,62,59.07918042777204,59.51377966404821,39.27500000000019
439.7000000000315,441.81158157882066,0.10000000000002274,0.1,2.273181642920008e-14,0.0,4,2,200,62,58.85398238907768,59.41377966404821,39.37500000000019
439.8000000000315,441.9115815788207,0.10000000000002274,0.1,2.273181642920008e-14,0.0,4,2,200,62,58.62890317359994,59.313779664048205,39.47500000000019
439.9000000000315,442.0115815788207,0.10000000000002274,0.1,2.273181642920008e-14,0.0,4,2,200,62,58.40387148740884,59.213779664048204,39.575000000000195
440.00000000003155,442.11158157882073,0.10000000000002274,0.1,2.273181642920008e-14,0.0,4,2,200,63,58.178858812932404,59.1137796640482,39.675000000000196
440.10000000003157,442.21158157882076,0.10000000000002274,0.1,2.273181642920008e-14,0.0,4,2,200,62,57.95385374314183,59.0137796640482,39.77500000000019
440.2000000000316,442.3115815788208,0.10000000000002274,0.1,2.273181642920008e-14,0.0,4,2,200,62,57.728851715225595,58.9137796640482,39.87500000000019
440.3000000000316,442.4115815788208,0.10000000000002274,0.1,2.273181642920008e-14,0.0,4,2,200,61,57.50385090405911,58.8137796640482,39.97500000000019
440.40000000003164,442.5115815788208,0.10000000000002274,0.1,2.273181642920008e-14,0.0,4,2,200,61,57.27885057959251,58.7137796640482,40.07500000000019
440.50000000003166,442.61158157882085,0.10000000000002274,0.1,2.273181642920008e-14,0.0,4,2,200,61,57.05385044980587,58.613779664048195,40.17500000000019
440.6000000000317,442.71158157882087,0.10000000000002274,0.1,2.273181642920008e-14,0.0,4,2,200,61,56.828850397891216,58.513779664048194,40.27500000000019
440.7000000000317,442.8115815788209,0.10000000000002274,0.1,2.273181642920008e-14,0.0,4,2,200,61,56.603850377125354,58.41377966404819,40.37500000000019
440.80000000003173,442.9115815788209,0.10000000000002274,0.1,2.273181642920008e-14,0.0,4,2,201,61,56.37885036881901,58.31377966404819,40.47500000000019
440.90000000003175,443.01158157882094,0.10000000000002274,0.1,2.273181642920008e-14,0.0,4,2,200,61,56.153850365496474,58.21377966404819,40.57500000000019
441.0000000000318,443.11158157882096,0.10000000000002274,0.1,2.273181642920008e-14,0.0,4,2,200,61,55.92885036416746,58.11377966404819,40.67500000000019
441.1000000000318,443.211581578821,0.10000000000002274,0.1,2.273181642920008e-14,0.0,4,2,200,62,55.70375685130063,58.01377966404819,40.77500000000019
441.2000000000318,443.311581578821,0.10000000000002274,0.1,2.273181642920008e-14,0.0,4,2,200,62,55.4784553558299,57.913779664048185,40.875000000000185
441.30000000003184,443.411581578821,0.10000000000002274,0.1,2.273181642920008e-14,0.0,4,2,198,62,55.253075647592034,57.813779664048184,40.975000000000186
441.40000000003187,443.51158157882105,0.10000000000002274,0.1,2.273181642920008e-14,0.0,4,2,197,62,55.0276694498846,57.71377966404818,41.07500000000019
441.5000000000319,443.6115815788211,0.10000000000002274,0.1,2.273181642920008e-14,0.0,4,2,198,62,54.797640366451894,57.61377966404818,41.17500000000019
441.6000000000319,443.7115815788211,0.10000000000002274,0.1,2.273181642920008e-14,0.0,4,2,197,62,54.572230209639585,57.51377966404818,41.27500000000019
441.70000000003193,443.8115815788211,0.10000000000002274,0.1,2.273181642920008e-14,0.0,4,2,196,62,54.344894795718545,57.41377966404818,41.375000000000185
441.80000000003196,443.91158157882114,0.10000000000002274,0.1,2.273181642920008e-14,0.0,3,2,196,62,72.25701099879909,57.31377966404818,44.76666666666686
441.900000000032,444.01158157882116,0.10000000000002274,0.1,2.273181642920008e-14,0.0,3,2,196,62,72.1570109987991,57.213779664048175,44.86666666666685
442.000000000032,444.1115815788212,0.10000000000002274,0.1,2.273181642920008e-14,0.0,3,2,196,62,72.0570109987991,57.113779664048174,44.966666666666846
442.100000000032,444.2115815788212,0.10000000000002274,0.1,2.273181642920008e-14,0.0,3,2,198,62,71.9570109987991,57.01377966404817,45.066666666666855
442.20000000003205,444.31158157882123,0.10000000000002274,0.1,2.273181642920008e-14,0.0,3,2,198,62,71.8570109987991,56.91377966404817,45.166666666666856
442.30000000003207,444.41158157882126,0.10000000000002274,0.1,2.273181642920008e-14,0.0,3,2,198,60,71.7570109987991,56.81377966404817,45.26666666666685
442.4000000000321,444.5115815788213,0.10000000000002274,0.1,2.273181642920008e-14,0.0,3,2,199,60,71.6570109987991,56.71377966404817,45.366666666666845
442.5000000000321,444.6115815788213,0.10000000000002274,0.1,2.273181642920008e-14,0.0,3,2,199,60,71.5570109987991,56.61377966404817,45.466666666666846
442.60000000003214,444.7115815788213,0.10000000000002274,0.1,2.273181642920008e-14,0.0,3,2,198,60,71.4570109987991,56.513779664048165,45.566666666666855
442.70000000003216,444.81158157882135,0.10000000000002274,0.1,2.273181642920008e-14,0.0,3,2,197,60,71.35701099879911,56.413779664048164,45.66666666666685
442.8000000000322,444.91158157882137,0.10000000000002274,0.1,2.273181642920008e-14,0.0,3,2,198,60,71.2570109987991,56.31377966404816,45.76666666666684
442.9000000000322,445.0115815788214,0.10000000000002274,0.1,2.273181642920008e-14,0.0,3,2,198,60,71.15701099879911,56.21377966404816,45.866666666666845
443.00000000003223,445.1115815788214,0.10000000000002274,0.1,2.273181642920008e-14,0.0,3,2,197,60,71.0570109987991,56.11377966404816,45.966666666666846
443.10000000003225,445.21158157882144,0.10000000000002274,0.1,2.273181642920008e-14,0.0,3,2,197,60,70.9570109987991,56.01377966404816,46.06666666666684
443.2000000000323,445.31158157882146,0.10000000000002274,0.1,2.273181642920008e-14,0.0,3,2,197,60,70.85701099879911,55.91377966404816,46.166666666666835
443.3000000000323,445.4115815788215,0.10000000000002274,0.1,2.273181642920008e-14,0.0,3,2,197,60,70.75701099879912,55.813779664048155,46.26666666666684
443.4000000000323,445.5115815788215,0.10000000000002274,0.1,2.273181642920008e-14,0.0,3,2,197,60,70.65701099879911,55.713779664048154,46.366666666666845
443.50000000003234,445.61158157882153,0.10000000000002274,0.1,2.273181642920008e-14,0.0,3,2,197,60,70.55701099879911,55.61377966404815,46.46666666666684
443.60000000003237,445.71158157882155,0.10000000000002274,0.1,2.273181642920008e-14,0.0,3,2,197,60,70.4570109987991,55.51377966404815,46.56666666666683
443.7000000000324,445.8115815788216,0.10000000000002274,0.1,2.273181642920008e-14,0.0,3,2,197,60,70.35701099879911,55.41377966404815,46.666666666666835
443.8000000000324,445.9115815788216,0.10000000000002274,0.1,2.273181642920008e-14,0.0,3,2,197,60,70.25701099879912,55.31377966404815,46.76666666666684
443.90000000003243,446.0115815788216,0.10000000000002274,0.1,2.273181642920008e-14,0.0,3,2,197,60,70.15701099879912,55.21377966404815,46.86666666666684
444.00000000003246,446.11158157882164,0.10000000000002274,0.1,2.273181642920008e-14,0.0,3,2,197,60,70.05701099879911,55.113779664048145,46.96666666666683
444.1000000000325,446.21158157882167,0.10000000000002274,0.1,2.273181642920008e-14,0.0,3,2,197,60,69.95701099879912,55.013779664048144,47.06666666666683
444.2000000000325,446.3115815788217,0.10000000000002274,0.1,2.273181642920008e-14,0.0,3,2,196,60,69.85701099879911,54.91377966404814,47.166666666666835
444.3000000000325,446.4115815788217,0.10000000000002274,0.1,2.273181642920008e-14,0.0,3,2,196,60,69.75701099879912,54.81377966404814,47.26666666666683
444.40000000003255,446.51158157882173,0.10000000000002274,0.1,2.273181642920008e-14,0.0,3,2,195,60,69.65701099879912,54.71377966404814,47.36666666666682
444.50000000003257,446.61158157882176,0.10000000000002274,0.1,2.273181642920008e-14,0.0,3,2,197,60,69.55701099879913,54.61377966404814,47.46666666666683
444.6000000000326,446.7115815788218,0.10000000000002274,0.1,2.273181642920008e-14,0.0,3,2,199,60,69.45701099879912,54.51377966404814,47.56666666666683
444.7000000000326,446.8115815788218,0.10000000000002274,0.1,2.273181642920008e-14,0.0,3,2,199,60,69.35701099879913,54.413779664048135,47.66666666666683
444.80000000003264,446.9115815788218,0.10000000000002274,0.1,2.273181642920008e-14,0.0,3,2,198,61,69.25701099879912,54.313779664048134,47.76666666666682
444.90000000003266,447.01158157882185,0.10000000000002274,0.1,2.273181642920008e-14,0.0,3,2,197,61,69.15701099879912,54.21377966404813,47.86666666666682
445.0000000000327,447.11158157882187,0.10000000000002274,0.1,2.273181642920008e-14,0.0,3,2,197,61,69.05701099879913,54.11377966404813,47.96666666666683
445.1000000000327,447.2115815788219,0.10000000000002274,0.1,2.273181642920008e-14,0.0,3,2,197,61,68.95701099879913,54.01377966404813,48.066666666666826
445.20000000003273,447.3115815788219,0.10000000000002274,0.1,2.273181642920008e-14,0.0,3,2,196,60,68.85701099879913,53.91377966404813,48.16666666666682
445.30000000003275,447.41158157882194,0.10000000000002274,0.1,2.273181642920008e-14,0.0,3,2,195,60,68.75701099879913,53.81377966404813,48.26666666666682
445.4000000000328,447.51158157882196,0.10000000000002274,0.1,2.273181642920008e-14,0.0,3,2,196,60,68.65701099879912,53.713779664048126,48.36666666666682
445.5000000000328,447.611581578822,0.10000000000002274,0.1,2.273181642920008e-14,0.0,3,2,196,60,68.55701099879913,53.613779664048124,48.46666666666682
445.6000000000328,447.711581578822,0.10000000000002274,0.1,2.273181642920008e-14,0.0,3,2,196,59,68.45701099879913,53.51377966404812,48.56666666666681
445.70000000003284,447.81158157882203,0.10000000000002274,0.1,2.273181642920008e-14,0.0,3,2,195,59,68.35701099879914,53.41377966404812,48.66666666666682
445.80000000003287,447.91158157882205,0.10000000000002274,0.1,2.273181642920008e-14,0.0,3,2,195,59,68.25701099879913,53.31377966404812,48.76666666666682
445.9000000000329,448.0115815788221,0.10000000000002274,0.1,2.273181642920008e-14,0.0,3,2,195,59,68.15701099879914,53.21377966404812,48.866666666666816
446.0000000000329,448.1115815788221,0.10000000000002274,0.1,2.273181642920008e-14,0.0,3,2,195,59,68.05701099879913,53.11377966404812,48.96666666666681
446.10000000003294,448.2115815788221,0.10000000000002274,0.1,2.273181642920008e-14,0.0,3,2,195,59,67.95701099879913,53.013779664048116,49.06666666666681
446.20000000003296,448.31158157882214,0.10000000000002274,0.1,2.273181642920008e-14,0.0,3,2,195,59,67.85701099879914,52.913779664048114,49.16666666666682
446.300000000033,448.41158157882217,0.10000000000002274,0.1,2.273181642920008e-14,0.0,3,2,195,59,67.75701099879915,52.81377966404811,49.266666666666815
446.400000000033,448.5115815788222,0.10000000000002274,0.1,2.273181642920008e-14,0.0,3,2,195,59,67.65701099879914,52.71377966404811,49.36666666666681
446.500000000033,448.6115815788222,0.10000000000002274,0.1,2.273181642920008e-14,0.0,3,2,195,59,67.55701099879914,52.61377966404811,49.46666666666681
446.60000000003305,448.71158157882223,0.10000000000002274,0.1,2.273181642920008e-14,0.0,3,2,196,58,67.45701099879913,52.51377966404811,49.56666666666681
446.70000000003307,448.81158157882226,0.10000000000002274,0.1,2.273181642920008e-14,0.0,3,2,196,58,67.35701099879914,52.41377966404811,49.666666666666806
446.8000000000331,448.9115815788223,0.10000000000002274,0.1,2.273181642920008e-14,0.0,3,2,196,58,67.25701099879915,52.313779664048106,49.7666666666668
446.9000000000331,449.0115815788223,0.10000000000002274,0.1,2.273181642920008e-14,0.0,3,2,195,58,67.15701099879915,52.213779664048104,49.86666666666681
447.00000000003314,449.1115815788223,0.10000000000002274,0.1,2.273181642920008e-14,0.0,3,2,194,58,67.05701099879914,52.1137796640481,49.96666666666681
447.10000000003316,449.21158157882235,0.10000000000002274,0.1,2.273181642920008e-14,0.0,3,2,195,58,66.95701099879915,52.0137796640481,50.066666666666805
447.2000000000332,449.31158157882237,0.10000000000002274,0.1,2.273181642920008e-14,0.0,3,2,194,58,66.85701099879914,51.9137796640481,50.1666666666668
447.3000000000332,449.4115815788224,0.10000000000002274,0.1,2.273181642920008e-14,0.0,3,2,194,58,66.75701099879915,51.8137796640481,50.2666666666668
447.40000000003323,449.5115815788224,0.10000000000002274,0.1,2.273181642920008e-14,0.0,3,2,194,58,66.65701099879915,51.7137796640481,50.36666666666681
447.50000000003325,449.61158157882244,0.10000000000002274,0.1,2.273181642920008e-14,0.0,3,2,193,58,66.55701099879916,51.613779664048096,50.466666666666804
447.6000000000333,449.71158157882246,0.10000000000002274,0.1,2.273181642920008e-14,0.0,3,2,194,58,66.45701099879915,51.513779664048094,50.5666666666668
447.7000000000333,449.8115815788225,0.10000000000002274,0.1,2.273181642920008e-14,0.0,3,2,195,58,66.35701099879915,51.41377966404809,50.6666666666668
447.8000000000333,449.9115815788225,0.10000000000002274,0.1,2.273181642920008e-14,0.0,3,2,195,58,66.25701099879915,51.31377966404809,50.7666666666668
447.90000000003334,450.01158157882253,0.10000000000002274,0.1,2.273181642920008e-14,0.0,3,2,194,58,66.15701099879915,51.21377966404809,50.866666666666795
448.00000000003337,450.11158157882255,0.10000000000002274,0.1,2.273181642920008e-14,0.0,3,2,195,58,66.05701099879916,51.11377966404809,50.96666666666679
448.1000000000334,450.2115815788226,0.10000000000002274,0.1,2.273181642920008e-14,0.0,3,2,195,58,65.95701099879916,51.01377966404809,51.0666666666668
448.2000000000334,450.3115815788226,0.10000000000002274,0.1,2.273181642920008e-14,0.0,3,2,195,59,65.85701099879915,50.913779664048086,51.1666666666668
448.30000000003344,450.4115815788226,0.10000000000002274,0.1,2.273181642920008e-14,0.0,3,2,195,59,65.75701099879916,50.813779664048084,51.266666666666794
448.40000000003346,450.51158157882264,0.10000000000002274,0.1,2.273181642920008e-14,0.0,3,2,194,59,65.65701099879915,50.71377966404808,51.36666666666679
448.5000000000335,450.61158157882267,0.10000000000002274,0.1,2.273181642920008e-14,0.0,3,2,193,59,65.55701099879916,50.61377966404808,51.46666666666679
448.6000000000335,450.7115815788227,0.10000000000002274,0.1,2.273181642920008e-14,0.0,3,2,192,59,65.45701099879916,50.51377966404808,51.5666666666668
448.7000000000335,450.8115815788227,0.10000000000002274,0.1,2.273181642920008e-14,0.0,3,2,191,59,65.35701099879917,50.41377966404808,51.66666666666679
448.80000000003355,450.91158157882273,0.10000000000002274,0.1,2.273181642920008e-14,0.0,3,2,191,59,65.25701099879916,50.31377966404808,51.76666666666679
448.9000000000336,451.01158157882276,0.10000000000002274,0.1,2.273181642920008e-14,0.0,3,2,192,59,65.15701099879917,50.213779664048076,51.86666666666679
449.0000000000336,451.1115815788228,0.10000000000002274,0.1,2.273181642920008e-14,0.0,3,2,193,59,65.05701099879916,50.113779664048074,51.96666666666679
449.1000000000336,451.2115815788228,0.10000000000002274,0.1,2.273181642920008e-14,0.0,3,2,193,59,64.95701099879916,50.01377966404807,52.066666666666784
449.20000000003364,451.3115815788228,0.10000000000002274,0.1,2.273181642920008e-14,0.0,3,2,194,60,64.85701099879917,49.91377966404807,52.16666666666678
449.30000000003366,451.41158157882285,0.10000000000002274,0.1,2.273181642920008e-14,0.0,3,2,194,60,64.75701099879917,49.81377966404807,52.26666666666679
449.4000000000337,451.51158157882287,0.10000000000002274,0.1,2.273181642920008e-14,0.0,3,2,194,60,64.65701099879917,49.71377966404807,52.36666666666679
449.5000000000337,451.6115815788229,0.10000000000002274,0.1,2.273181642920008e-14,0.0,3,2,193,60,64.55701099879917,49.61377966404807,52.46666666666678
449.60000000003373,451.7115815788229,0.10000000000002274,0.1,2.273181642920008e-14,0.0,3,2,194,60,64.45701099879916,49.513779664048066,52.56666666666678
449.70000000003375,451.81158157882294,0.10000000000002274,0.1,2.273181642920008e-14,0.0,3,2,195,60,64.35701099879917,49.413779664048064,52.66666666666678
449.8000000000338,451.91158157882296,0.10000000000002274,0.1,2.273181642920008e-14,0.0,3,2,195,60,64.25701099879917,49.31377966404806,52.76666666666679
449.9000000000338,452.011581578823,0.10000000000002274,0.1,2.273181642920008e-14,0.0,3,2,195,60,64.15701099879918,49.21377966404806,52.86666666666678
450.0000000000338,452.111581578823,0.10000000000002274,0.1,2.273181642920008e-14,0.0,3,2,195,60,64.05701099879917,49.11377966404806,52.966666666666775
450.10000000003384,452.21158157882303,0.10000000000002274,0.1,2.273181642920008e-14,0.0,3,2,195,60,63.95701099879918,49.01377966404806,53.06666666666678
450.20000000003387,452.31158157882305,0.10000000000002274,0.1,2.273181642920008e-14,0.0,3,2,196,61,63.857010998799176,48.91377966404806,53.16666666666678
450.3000000000339,452.4115815788231,0.10000000000002274,0.1,2.273181642920008e-14,0.0,3,2,196,61,63.75701099879918,48.813779664048056,53.26666666666677
450.4000000000339,452.5115815788231,0.10000000000002274,0.1,2.273181642920008e-14,0.0,3,2,197,61,63.65701099879917,48.713779664048054,53.36666666666677
450.50000000003394,452.6115815788231,0.10000000000002274,0.1,2.273181642920008e-14,0.0,3,2,197,60,63.55701099879918,48.61377966404805,53.466666666666775
450.60000000003396,452.71158157882314,0.10000000000002274,0.1,2.273181642920008e-14,0.0,3,2,197,59,63.45701099879918,48.51377966404805,53.56666666666678
450.700000000034,452.81158157882317,0.10000000000002274,0.1,2.273181642920008e-14,0.0,3,2,197,60,63.35701099879918,48.41377966404805,53.66666666666677
450.800000000034,452.9115815788232,0.10000000000002274,0.1,2.273181642920008e-14,0.0,3,2,196,60,63.25701099879918,48.31377966404805,53.766666666666765
450.900000000034,453.0115815788232,0.10000000000002274,0.1,2.273181642920008e-14,0.0,3,2,196,60,63.15701099879919,48.21377966404805,53.86666666666677
451.00000000003405,453.11158157882323,0.10000000000002274,0.1,2.273181642920008e-14,0.0,3,2,195,60,63.05701099879918,48.113779664048046,53.966666666666775
451.1000000000341,453.21158157882326,0.10000000000002274,0.1,2.273181642920008e-14,0.0,3,2,196,60,62.957010998799184,48.013779664048045,54.06666666666677
451.2000000000341,453.3115815788233,0.10000000000002274,0.1,2.273181642920008e-14,0.0,3,2,196,60,62.85701099879918,47.91377966404804,54.166666666666764
451.3000000000341,453.4115815788233,0.10000000000002274,0.1,2.273181642920008e-14,0.0,3,2,196,60,62.75701099879919,47.81377966404804,54.266666666666765
451.40000000003414,453.5115815788233,0.10000000000002274,0.1,2.273181642920008e-14,0.0,3,2,195,60,62.65701099879919,47.71377966404804,54.36666666666677
451.50000000003416,453.61158157882335,0.10000000000002274,0.1,2.273181642920008e-14,0.0,3,2,196,60,62.55701099879919,47.61377966404804,54.46666666666676
451.6000000000342,453.71158157882337,0.10000000000002274,0.1,2.273181642920008e-14,0.0,3,2,196,60,62.457010998799184,47.51377966404804,54.566666666666755
451.7000000000342,453.8115815788234,0.10000000000002274,0.1,2.273181642920008e-14,0.0,3,2,195,60,62.35701099879919,47.413779664048036,54.666666666666764
451.80000000003423,453.9115815788234,0.10000000000002274,0.1,2.273181642920008e-14,0.0,3,2,195,60,62.25701099879919,47.313779664048035,54.766666666666765
451.90000000003425,454.01158157882344,0.10000000000002274,0.1,2.273181642920008e-14,0.0,3,2,195,60,62.157010998799194,47.21377966404803,54.86666666666676
452.0000000000343,454.11158157882346,0.10000000000002274,0.1,2.273181642920008e-14,0.0,3,2,196,60,62.05701099879919,47.11377966404803,54.966666666666754
452.1000000000343,454.2115815788235,0.10000000000002274,0.1,2.273181642920008e-14,0.0,3,2,196,60,61.9570109987992,47.01377966404803,55.066666666666755
452.2000000000343,454.3115815788235,0.10000000000002274,0.1,2.273181642920008e-14,0.0,3,2,196,60,61.85701099879919,46.91377966404803,55.166666666666764
452.30000000003434,454.41158157882353,0.10000000000002274,0.1,2.273181642920008e-14,0.0,3,2,198,60,61.757010998799196,46.81377966404803,55.26666666666676
452.40000000003437,454.51158157882355,0.10000000000002274,0.1,2.273181642920008e-14,0.0,3,2,198,60,61.657010998799194,46.713779664048026,55.36666666666675
452.5000000000344,454.6115815788236,0.10000000000002274,0.1,2.273181642920008e-14,0.0,3,2,200,59,61.5570109987992,46.613779664048025,55.466666666666754
452.6000000000344,454.7115815788236,0.10000000000002274,0.1,2.273181642920008e-14,0.0,3,2,201,58,61.4570109987992,46.51377966404802,55.566666666666755
452.70000000003444,454.8115815788236,0.10000000000002274,0.1,2.273181642920008e-14,0.0,3,2,202,58,61.357010998799204,46.41377966404802,55.66666666666675
452.80000000003446,454.91158157882364,0.10000000000002274,0.1,2.273181642920008e-14,0.0,3,2,203,58,61.257010998799196,46.31377966404802,55.766666666666744
452.9000000000345,455.01158157882367,0.10000000000002274,0.1,2.273181642920008e-14,0.0,3,2,202,58,61.1570109987992,46.21377966404802,55.86666666666675
453.0000000000345,455.1115815788237,0.10000000000002274,0.1,2.273181642920008e-14,0.0,3,2,203,58,61.0570109987992,46.11377966404802,55.966666666666754
453.1000000000345,455.2115815788237,0.10000000000002274,0.1,2.273181642920008e-14,0.0,3,2,204,58,60.957010998799205,46.013779664048016,56.06666666666675
453.20000000003455,455.31158157882373,0.10000000000002274,0.1,2.273181642920008e-14,0.0,3,2,205,57,60.857010998799204,45.913779664048015,56.16666666666674
453.3000000000346,455.41158157882376,0.10000000000002274,0.1,2.273181642920008e-14,0.0,3,2,205,56,60.75701099879921,45.81377966404801,56.266666666666744
453.4000000000346,455.5115815788238,0.10000000000002274,0.1,2.273181642920008e-14,0.0,3,2,205,57,60.6570109987992,45.71377966404801,56.36666666666675
453.5000000000346,455.6115815788238,0.10000000000002274,0.1,2.273181642920008e-14,0.0,3,2,206,56,60.55701099879921,45.61377966404801,56.46666666666675
453.60000000003464,455.7115815788238,0.10000000000002274,0.1,2.273181642920008e-14,0.0,3,2,206,56,60.457010998799205,45.51377966404801,56.56666666666674
453.70000000003466,455.81158157882385,0.10000000000002274,0.1,2.273181642920008e-14,0.0,3,2,207,56,60.35701099879921,45.41377966404801,56.66666666666674
453.8000000000347,455.91158157882387,0.10000000000002274,0.1,2.273181642920008e-14,0.0,3,2,207,56,60.25701099879921,45.313779664048006,56.766666666666744
453.9000000000347,456.0115815788239,0.10000000000002274,0.1,2.273181642920008e-14,0.0,3,2,207,56,60.157010998799215,45.213779664048005,56.86666666666674
454.00000000003473,456.1115815788239,0.10000000000002274,0.1,2.273181642920008e-14,0.0,3,2,208,57,60.05701099879921,45.113779664048,56.96666666666673
454.10000000003475,456.21158157882394,0.10000000000002274,0.1,2.273181642920008e-14,0.0,3,2,209,57,59.95701099879921,45.013779664048,57.06666666666674
454.2000000000348,456.31158157882396,0.10000000000002274,0.1,2.273181642920008e-14,0.0,3,2,210,57,59.85701099879921,44.913779664048,57.16666666666674
454.3000000000348,456.411581578824,0.10000000000002274,0.1,2.273181642920008e-14,0.0,3,2,210,57,59.75701099879922,44.813779664048,57.26666666666674
454.4000000000348,456.511581578824,0.10000000000002274,0.1,2.273181642920008e-14,0.0,3,2,210,58,59.657010998799215,44.713779664048,57.36666666666673
454.50000000003485,456.61158157882403,0.10000000000002274,0.1,2.273181642920008e-14,0.0,3,2,210,58,59.55701099879922,44.613779664047996,57.46666666666673
454.60000000003487,456.71158157882405,0.10000000000002274,0.1,2.273181642920008e-14,0.0,3,2,209,58,59.45701099879921,44.513779664047995,57.56666666666674
454.7000000000349,456.8115815788241,0.10000000000002274,0.1,2.273181642920008e-14,0.0,3,2,209,59,59.35701099879922,44.41377966404799,57.666666666666735
454.8000000000349,456.9115815788241,0.10000000000002274,0.1,2.273181642920008e-14,0.0,3,2,209,59,59.25701099879922,44.31377966404799,57.76666666666673
454.90000000003494,457.0115815788241,0.10000000000002274,0.1,2.273181642920008e-14,0.0,3,2,209,59,59.15701099879922,44.21377966404799,57.86666666666673
455.00000000003496,457.11158157882414,0.10000000000002274,0.1,2.273181642920008e-14,0.0,3,2,209,60,59.05701099879922,44.11377966404799,57.96666666666673
455.100000000035,457.21158157882417,0.10000000000002274,0.1,2.273181642920008e-14,0.0,3,2,209,60,58.95701099879923,44.01377966404799,58.06666666666673
455.200000000035,457.3115815788242,0.10000000000002274,0.1,2.273181642920008e-14,0.0,3,2,208,60,58.85701099879922,43.913779664047986,58.16666666666672
455.300000000035,457.4115815788242,0.10000000000002274,0.1,2.273181642920008e-14,0.0,3,2,207,60,58.757010998799224,43.813779664047985,58.26666666666673
455.40000000003505,457.51158157882423,0.10000000000002274,0.1,2.273181642920008e-14,0.0,3,2,207,60,58.65701099879922,43.71377966404798,58.36666666666673
455.5000000000351,457.61158157882426,0.10000000000002274,0.1,2.273181642920008e-14,0.0,3,2,207,60,58.55701099879923,43.61377966404798,58.466666666666725
455.6000000000351,457.7115815788243,0.10000000000002274,0.1,2.273181642920008e-14,0.0,3,2,206,59,58.45701099879923,43.51377966404798,58.56666666666672
455.7000000000351,457.8115815788243,0.10000000000002274,0.1,2.273181642920008e-14,0.0,3,2,207,59,58.35701099879923,43.41377966404798,58.66666666666672
455.80000000003514,457.9115815788243,0.10000000000002274,0.1,2.273181642920008e-14,0.0,3,2,206,60,58.257010998799224,43.31377966404798,58.76666666666673
455.90000000003516,458.01158157882435,0.10000000000002274,0.1,2.273181642920008e-14,0.0,3,2,206,59,58.15701099879923,43.213779664047976,58.866666666666724
456.0000000000352,458.11158157882437,0.10000000000002274,0.1,2.273181642920008e-14,0.0,3,2,205,59,58.05701099879923,43.113779664047975,58.96666666666672
456.1000000000352,458.2115815788244,0.10000000000002274,0.1,2.273181642920008e-14,0.0,3,2,205,58,57.957010998799234,43.01377966404797,59.06666666666672
456.20000000003523,458.3115815788244,0.10000000000002274,0.1,2.273181642920008e-14,0.0,3,2,206,58,57.85701099879923,42.91377966404797,59.16666666666672
456.30000000003525,458.41158157882444,0.10000000000002274,0.1,2.273181642920008e-14,0.0,3,2,208,58,57.75701099879924,42.81377966404797,59.266666666666715
456.4000000000353,458.51158157882446,0.10000000000002274,0.1,2.273181642920008e-14,0.0,3,2,207,57,57.65701099879923,42.71377966404797,59.36666666666671
456.5000000000353,458.6115815788245,0.10000000000002274,0.1,2.273181642920008e-14,0.0,3,2,206,57,57.557010998799235,42.61377966404797,59.46666666666672
456.6000000000353,458.7115815788245,0.10000000000002274,0.1,2.273181642920008e-14,0.0,3,2,205,56,57.457010998799234,42.513779664047966,59.56666666666672
456.70000000003535,458.81158157882453,0.10000000000002274,0.1,2.273181642920008e-14,0.0,3,2,205,55,57.35701099879924,42.413779664047965,59.666666666666714
456.80000000003537,458.91158157882455,0.10000000000002274,0.1,2.273181642920008e-14,0.0,3,2,205,56,57.25701099879924,42.31377966404796,59.76666666666671
456.9000000000354,459.0115815788246,0.10000000000002274,0.1,2.273181642920008e-14,0.0,3,2,205,56,57.157010998799244,42.21377966404796,59.86666666666671
457.0000000000354,459.1115815788246,0.10000000000002274,0.1,2.273181642920008e-14,0.0,3,2,205,56,57.057010998799235,42.11377966404796,59.96666666666672
457.10000000003544,459.2115815788246,0.10000000000002274,0.1,2.273181642920008e-14,0.0,3,2,205,56,56.95701099879924,42.01377966404796,60.06666666666671
457.20000000003546,459.31158157882464,0.10000000000002274,0.1,2.273181642920008e-14,0.0,3,2,204,56,56.85701099879924,41.91377966404796,60.16666666666671
457.3000000000355,459.41158157882467,0.10000000000002274,0.1,2.273181642920008e-14,0.0,3,2,204,56,56.757010998799245,41.813779664047956,60.26666666666671
457.4000000000355,459.5115815788247,0.10000000000002274,0.1,2.273181642920008e-14,0.0,3,2,203,56,56.657010998799244,41.713779664047955,60.36666666666671
457.5000000000355,459.6115815788247,0.10000000000002274,0.1,2.273181642920008e-14,0.0,3,2,202,57,56.55701099879925,41.613779664047954,60.466666666666704
457.60000000003555,459.71158157882473,0.10000000000002274,0.1,2.273181642920008e-14,0.0,3,2,202,57,56.45701099879924,41.51377966404795,60.5666666666667
457.7000000000356,459.81158157882476,0.10000000000002274,0.1,2.273181642920008e-14,0.0,3,2,202,57,56.35701099879925,41.41377966404795,60.66666666666671
457.8000000000356,459.9115815788248,0.10000000000002274,0.1,2.273181642920008e-14,0.0,3,2,201,56,56.257010998799245,41.31377966404795,60.76666666666671
457.9000000000356,460.0115815788248,0.10000000000002274,0.1,2.273181642920008e-14,0.0,3,2,201,55,56.15701099879925,41.21377966404795,60.8666666666667
458.00000000003564,460.1115815788248,0.10000000000002274,0.1,2.273181642920008e-14,0.0,3,2,199,55,56.05701099879925,41.11377966404795,60.9666666666667
458.10000000003566,460.21158157882485,0.10000000000002274,0.1,2.273181642920008e-14,0.0,3,2,198,55,55.957010998799255,41.013779664047945,61.0666666666667
458.2000000000357,460.31158157882487,0.10000000000002274,0.1,2.273181642920008e-14,0.0,3,2,197,55,55.85701099879925,40.913779664047944,61.16666666666671
458.3000000000357,460.4115815788249,0.10000000000002274,0.1,2.273181642920008e-14,0.0,3,2,196,55,55.75701099879925,40.81377966404794,61.2666666666667
458.40000000003573,460.5115815788249,0.10000000000002274,0.1,2.273181642920008e-14,0.0,3,2,197,56,55.65701099879925,40.71377966404794,61.366666666666696
458.50000000003575,460.61158157882494,0.10000000000002274,0.1,2.273181642920008e-14,0.0,3,2,196,56,55.55701099879926,40.61377966404794,61.4666666666667
458.6000000000358,460.71158157882496,0.10000000000002274,0.1,2.273181642920008e-14,0.0,3,2,196,56,55.457010998799255,40.51377966404794,61.5666666666667
458.7000000000358,460.811581578825,0.10000000000002274,0.1,2.273181642920008e-14,0.0,3,2,196,56,55.35701099879926,40.41377966404794,61.66666666666669
458.8000000000358,460.911581578825,0.10000000000002274,0.1,2.273181642920008e-14,0.0,3,2,196,56,55.25701099879925,40.313779664047935,61.76666666666669
458.90000000003585,461.01158157882503,0.10000000000002274,0.1,2.273181642920008e-14,0.0,3,2,195,55,55.15701099879926,40.213779664047934,61.866666666666696
459.00000000003587,461.11158157882505,0.10000000000002274,0.1,2.273181642920008e-14,0.0,3,2,195,56,55.05701099879926,40.11377966404793,61.9666666666667
459.1000000000359,461.2115815788251,0.10000000000002274,0.1,2.273181642920008e-14,0.0,3,2,195,55,54.95701099879926,40.01377966404793,62.06666666666669
459.2000000000359,461.3115815788251,0.10000000000002274,0.1,2.273181642920008e-14,0.0,3,2,194,55,54.85701099879926,39.91377966404793,62.166666666666686
459.30000000003594,461.4115815788251,0.10000000000002274,0.1,2.273181642920008e-14,0.0,3,2,195,55,54.75701099879927,39.81377966404793,62.26666666666669
459.40000000003596,461.51158157882514,0.10000000000002274,0.1,2.273181642920008e-14,0.0,3,2,195,55,54.65701099879926,39.71377966404793,62.366666666666696
459.500000000036,461.61158157882517,0.10000000000002274,0.1,2.273181642920008e-14,0.0,3,2,195,55,54.557010998799264,39.613779664047925,62.46666666666669
459.600000000036,461.7115815788252,0.10000000000002274,0.1,2.273181642920008e-14,0.0,3,2,194,56,54.45701099879926,39.513779664047924,62.566666666666684
459.700000000036,461.8115815788252,0.10000000000002274,0.1,2.273181642920008e-14,0.0,3,2,193,56,54.35701099879927,39.41377966404792,62.666666666666686
459.80000000003605,461.91158157882523,0.10000000000002274,0.1,2.273181642920008e-14,0.0,3,2,192,56,53.958677665465935,39.31377966404792,62.76666666666669
459.9000000000361,462.01158157882526,0.10000000000002274,0.1,2.273181642920008e-14,0.0,3,2,195,56,53.56001099879927,39.21377966404792,62.86666666666668
460.0000000000361,462.1115815788253,0.10000000000002274,0.1,2.273181642920008e-14,0.0,3,2,196,56,53.16101099879928,39.11377966404792,62.966666666666676
460.1000000000361,462.2115815788253,0.10000000000002274,0.1,2.273181642920008e-14,0.0,3,2,197,56,52.761677665465946,39.01377966404792,63.066666666666684
460.20000000003614,462.3115815788253,0.10000000000002274,0.1,2.273181642920008e-14,0.0,3,2,196,56,52.362010998799285,38.913779664047915,63.166666666666686
460.30000000003616,462.41158157882535,0.10000000000002274,0.1,2.273181642920008e-14,0.0,3,2,196,56,51.962010998799286,38.813779664047914,63.26666666666668
460.4000000000362,462.51158157882537,0.10000000000002274,0.1,2.273181642920008e-14,0.0,3,2,197,56,51.56167766546596,38.71377966404791,63.366666666666674
460.5000000000362,462.6115815788254,0.10000000000002274,0.1,2.273181642920008e-14,0.0,3,2,197,56,51.1610109987993,38.61377966404791,63.466666666666676
460.60000000003623,462.7115815788254,0.10000000000002274,0.1,2.273181642920008e-14,0.0,3,2,198,56,50.760010998799295,38.51377966404791,63.566666666666684
460.70000000003625,462.81158157882544,0.10000000000002274,0.1,2.273181642920008e-14,0.0,3,2,198,56,50.35867766546597,38.41377966404791,63.66666666666668
460.8000000000363,462.91158157882546,0.10000000000002274,0.1,2.273181642920008e-14,0.0,3,2,198,56,49.95701099879931,38.31377966404791,63.76666666666667
460.9000000000363,463.0115815788255,0.10000000000002274,0.1,2.273181642920008e-14,0.0,3,2,199,56,49.55501099879931,38.213779664047905,63.866666666666674
461.0000000000363,463.1115815788255,0.10000000000002274,0.1,2.273181642920008e-14,0.0,3,2,199,56,49.15267766546598,38.113779664047904,63.966666666666676
461.10000000003635,463.21158157882553,0.10000000000002274,0.1,2.273181642920008e-14,0.0,3,2,198,56,48.75001099879932,38.0137796640479,64.06666666666668
461.20000000003637,463.31158157882555,0.10000000000002274,0.1,2.273181642920008e-14,0.0,3,2,198,56,48.34701099879933,37.9137796640479,64.16666666666667
461.3000000000364,463.4115815788256,0.10000000000002274,0.1,2.273181642920008e-14,0.0,3,2,199,56,47.94367766546599,37.8137796640479,64.26666666666667
461.4000000000364,463.5115815788256,0.10000000000002274,0.1,2.273181642920008e-14,0.0,3,2,199,56,47.540010998799325,37.7137796640479,64.36666666666667
461.50000000003644,463.6115815788256,0.10000000000002274,0.1,2.273181642920008e-14,0.0,3,2,198,55,47.13601099879933,37.6137796640479,64.46666666666667
461.60000000003646,463.71158157882564,0.10000000000002274,0.1,2.273181642920008e-14,0.0,3,2,199,55,46.731677665466,37.513779664047895,64.56666666666666
461.7000000000365,463.81158157882567,0.10000000000002274,0.1,2.273181642920008e-14,0.0,3,2,199,55,46.327010998799345,37.413779664047894,64.66666666666667
461.8000000000365,463.9115815788257,0.10000000000002274,0.1,2.273181642920008e-14,0.0,3,2,198,55,45.922010998799344,37.31377966404789,64.76666666666667
461.9000000000365,464.0115815788257,0.10000000000002274,0.1,2.273181642920008e-14,0.0,3,2,196,55,45.51667766546601,37.21377966404789,64.86666666666666
462.00000000003655,464.11158157882574,0.10000000000002274,0.1,2.273181642920008e-14,0.0,3,2,197,55,45.11101099879935,37.11377966404789,64.96666666666665
462.1000000000366,464.21158157882576,0.10000000000002274,0.1,2.273181642920008e-14,0.0,3,2,196,54,44.70501099879936,37.01377966404789,65.06666666666666
462.2000000000366,464.3115815788258,0.10000000000002274,0.1,2.273181642920008e-14,0.0,3,2,196,54,44.29867766546602,36.91377966404789,65.16666666666666
462.3000000000366,464.4115815788258,0.10000000000002274,0.1,2.273181642920008e-14,0.0,3,2,197,54,43.89201099879936,36.813779664047885,65.26666666666665
462.40000000003664,464.5115815788258,0.10000000000002274,0.1,2.273181642920008e-14,0.0,3,2,197,53,43.48501099879937,36.713779664047884,65.36666666666666
462.50000000003666,464.61158157882585,0.10000000000002274,0.1,2.273181642920008e-14,0.0,3,2,196,52,43.077677665466034,36.61377966404788,65.46666666666665
462.6000000000367,464.71158157882587,0.10000000000002274,0.1,2.273181642920008e-14,0.0,3,2,196,52,42.67001099879937,36.51377966404788,65.56666666666665
462.7000000000367,464.8115815788259,0.10000000000002274,0.1,2.273181642920008e-14,0.0,3,2,196,52,42.262010998799376,36.41377966404788,65.66666666666664
462.80000000003673,464.9115815788259,0.10000000000002274,0.1,2.273181642920008e-14,0.0,3,2,196,51,41.853677665466044,36.31377966404788,65.76666666666664
462.90000000003675,465.01158157882594,0.10000000000002274,0.1,2.273181642920008e-14,0.0,3,2,196,51,41.44501099879938,36.21377966404788,65.86666666666663
463.0000000000368,465.11158157882596,0.10000000000002274,0.1,2.273181642920008e-14,0.0,3,2,195,52,41.036010998799384,36.113779664047875,65.96666666666663
463.1000000000368,465.211581578826,0.10000000000002274,0.1,2.273181642920008e-14,0.0,3,2,195,52,40.62667766546605,36.013779664047874,66.06666666666662
463.2000000000368,465.311581578826,0.10000000000002274,0.1,2.273181642920008e-14,0.0,3,2,193,52,40.21701099879939,35.91377966404787,66.16666666666663
463.30000000003685,465.41158157882603,0.10000000000002274,0.1,2.273181642920008e-14,0.0,3,2,193,52,39.80701099879939,35.81377966404787,66.26666666666662
463.40000000003687,465.51158157882605,0.10000000000002274,0.1,2.273181642920008e-14,0.0,3,2,193,52,39.39667766546606,35.71377966404787,66.36666666666662
463.5000000000369,465.6115815788261,0.10000000000002274,0.1,2.273181642920008e-14,0.0,3,2,193,53,38.986010998799394,35.61377966404787,66.46666666666663
463.6000000000369,465.7115815788261,0.10000000000002274,0.1,2.273181642920008e-14,0.0,3,2,193,53,38.57501099879939,35.51377966404787,66.56666666666662
463.70000000003694,465.8115815788261,0.10000000000002274,0.1,2.273181642920008e-14,0.0,3,2,193,53,38.16367766546606,35.413779664047865,66.66666666666661
463.80000000003696,465.91158157882614,0.10000000000002274,0.1,2.273181642920008e-14,0.0,3,2,192,52,37.7520109987994,35.313779664047864,66.76666666666661
463.900000000037,466.01158157882617,0.10000000000002274,0.1,2.273181642920008e-14,0.0,3,2,192,52,37.34001099879939,35.21377966404786,66.8666666666666
464.000000000037,466.1115815788262,0.10000000000002274,0.1,2.273181642920008e-14,0.0,3,2,192,52,36.927677665466064,35.11377966404786,66.9666666666666
464.100000000037,466.2115815788262,0.10000000000002274,0.1,2.273181642920008e-14,0.0,3,2,192,53,36.515010998799404,35.01377966404786,67.06666666666659
464.20000000003705,466.31158157882624,0.10000000000002274,0.1,2.273181642920008e-14,0.0,3,2,192,53,36.10201099879941,34.91377966404786,67.16666666666659
464.3000000000371,466.41158157882626,0.10000000000002274,0.1,2.273181642920008e-14,0.0,3,2,192,53,35.68867766546607,34.81377966404786,67.2666666666666
464.4000000000371,466.5115815788263,0.10000000000002274,0.1,2.273181642920008e-14,0.0,3,2,192,54,35.27501099879941,34.713779664047856,67.36666666666659
464.5000000000371,466.6115815788263,0.10000000000002274,0.1,2.273181642920008e-14,0.0,3,2,192,54,34.86101099879941,34.613779664047854,67.46666666666658
464.60000000003714,466.7115815788263,0.10000000000002274,0.1,2.273181642920008e-14,0.0,3,2,192,54,34.446677665466076,34.51377966404785,67.56666666666658
464.70000000003716,466.81158157882635,0.10000000000002274,0.1,2.273181642920008e-14,0.0,3,2,192,54,34.032010998799414,34.41377966404785,67.66666666666657
464.8000000000372,466.9115815788264,0.10000000000002274,0.1,2.273181642920008e-14,0.0,3,2,192,54,33.61701099879942,34.31377966404785,67.76666666666658
464.9000000000372,467.0115815788264,0.10000000000002274,0.1,2.273181642920008e-14,0.0,3,2,192,54,33.201677665466086,34.21377966404785,67.86666666666657
465.00000000003723,467.1115815788264,0.10000000000002274,0.1,2.273181642920008e-14,0.0,3,2,192,54,32.78601099879942,34.11377966404785,67.96666666666657
465.10000000003726,467.21158157882644,0.10000000000002274,0.1,2.273181642920008e-14,0.0,3,2,192,54,32.37001099879942,34.013779664047846,68.06666666666656
465.2000000000373,467.31158157882646,0.10000000000002274,0.1,2.273181642920008e-14,0.0,3,2,193,54,31.730010998799425,33.24277966404784,68.16666666666656
465.3000000000373,467.4115815788265,0.10000000000002274,0.1,2.273181642920008e-14,0.0,3,2,194,54,31.089344332132757,32.47077966404783,68.26666666666655
465.4000000000373,467.5115815788265,0.10000000000002274,0.1,2.273181642920008e-14,0.0,3,2,192,54,30.44801099879943,31.697779664047825,68.36666666666655
465.50000000003735,467.61158157882653,0.10000000000002274,0.1,2.273181642920008e-14,0.0,3,2,193,54,29.806010998799426,30.92377966404782,68.46666666666654
465.60000000003737,467.71158157882655,0.10000000000002274,0.1,2.273181642920008e-14,0.0,3,2,193,54,29.163344332132763,30.148779664047815,68.56666666666655
465.7000000000374,467.8115815788266,0.10000000000002274,0.1,2.273181642920008e-14,0.0,3,2,194,54,28.52001099879943,29.37277966404781,68.66666666666654
465.8000000000374,467.9115815788266,0.10000000000002274,0.1,2.273181642920008e-14,0.0,3,2,195,54,27.87601099879943,28.595779664047804,68.76666666666654
465.90000000003744,468.0115815788266,0.10000000000002274,0.1,2.273181642920008e-14,0.0,3,2,195,54,27.231344332132764,27.817779664047798,68.86666666666655
466.00000000003746,468.11158157882664,0.10000000000002274,0.1,2.273181642920008e-14,0.0,3,2,196,54,26.586010998799434,27.03877966404779,68.96666666666654
466.1000000000375,468.21158157882667,0.10000000000002274,0.1,2.273181642920008e-14,0.0,3,2,196,54,25.940010998799433,26.258779664047786,69.06666666666653
466.2000000000375,468.3115815788267,0.10000000000002274,0.1,2.273181642920008e-14,0.0,3,2,196,55,25.293344332132765,25.47777966404778,69.16666666666653
466.3000000000375,468.4115815788267,0.10000000000002274,0.1,2.273181642920008e-14,0.0,3,2,196,55,24.646010998799436,24.695779664047773,69.26666666666652
466.40000000003755,468.51158157882674,0.10000000000002274,0.1,2.273181642920008e-14,0.0,3,2,196,55,23.99801099879944,23.91277966404777,69.36666666666652
466.5000000000376,468.61158157882676,0.10000000000002274,0.1,2.273181642920008e-14,0.0,3,2,195,55,23.349344332132773,23.128779664047762,69.46666666666651
466.6000000000376,468.7115815788268,0.10000000000002274,0.1,2.273181642920008e-14,0.0,3,2,195,54,22.70001099879944,22.606074591055844,69.5666666666665
466.7000000000376,468.8115815788268,0.10000000000002274,0.1,2.273181642920008e-14,0.0,3,2,196,54,22.05001099879944,22.086178741294727,69.66666666666652
466.80000000003764,468.9115815788268,0.10000000000002274,0.1,2.273181642920008e-14,0.0,3,2,195,54,21.399344332132774,21.021178741294737,69.76666666666651
466.90000000003766,469.01158157882685,0.10000000000002274,0.1,2.273181642920008e-14,0.0,3,2,196,54,20.748010998799444,19.982779664047744,69.8666666666665
467.0000000000377,469.1115815788269,0.10000000000002274,0.1,2.273181642920008e-14,0.0,3,2,195,54,20.096010998799446,19.19377966404774,69.9666666666665
467.1000000000377,469.2115815788269,0.10000000000002274,0.1,2.273181642920008e-14,0.0,3,2,193,54,19.443344332132778,18.403779664047732,70.06666666666649
467.20000000003773,469.3115815788269,0.10000000000002274,0.1,2.273181642920008e-14,0.0,3,2,192,54,18.79001099879945,17.61277966404773,70.1666666666665
467.30000000003776,469.41158157882694,0.10000000000002274,0.1,2.273181642920008e-14,0.0,3,2,192,54,18.13601099879945,16.820779664047723,70.2666666666665
467.4000000000378,469.51158157882696,0.10000000000002274,0.1,2.273181642920008e-14,0.0,3,2,192,54,17.48134433213278,16.027779664047717,70.36666666666649
467.5000000000378,469.611581578827,0.10000000000002274,0.1,2.273181642920008e-14,0.0,3,2,191,54,16.826010998799454,15.233779664047715,70.46666666666648
467.6000000000378,469.711581578827,0.10000000000002274,0.1,2.273181642920008e-14,0.0,3,2,191,54,16.170010998799455,14.438779664047711,70.56666666666648
467.70000000003785,469.81158157882703,0.10000000000002274,0.1,2.273181642920008e-14,0.0,3,2,190,54,15.513344332132794,13.642779664047708,70.66666666666647
467.80000000003787,469.91158157882705,0.10000000000002274,0.1,2.273181642920008e-14,0.0,3,2,190,54,14.856010998799462,12.845779664047706,70.76666666666647
467.9000000000379,470.0115815788271,0.10000000000002274,0.1,2.273181642920008e-14,0.0,3,2,190,54,14.198010998799466,12.047779664047702,70.86666666666646
468.0000000000379,470.1115815788271,0.10000000000002274,0.1,2.273181642920008e-14,0.0,3,2,190,54,13.539344332132801,11.2487796640477,70.96666666666647
468.10000000003794,470.2115815788271,0.10000000000002274,0.1,2.273181642920008e-14,0.0,3,2,189,54,12.88001099879947,10.448779664047697,71.06666666666646
468.20000000003796,470.31158157882714,0.10000000000002274,0.1,2.273181642920008e-14,0.0,3,2,189,53,12.220010998799474,9.647779664047695,71.16666666666646
468.300000000038,470.41158157882717,0.10000000000002274,0.1,2.273181642920008e-14,0.0,3,2,189,53,11.55934433213281,8.845779664047692,71.26666666666647
468.400000000038,470.5115815788272,0.10000000000002274,0.1,2.273181642920008e-14,0.0,3,2,189,52,10.89801099879948,8.04277966404769,71.36666666666646
468.500000000038,470.6115815788272,0.10000000000002274,0.1,2.273181642920008e-14,0.0,3,2,189,52,10.236010998799484,7.238779664047687,71.46666666666646
468.60000000003805,470.71158157882724,0.10000000000002274,0.1,2.273181642920008e-14,0.0,3,2,189,50,9.57334433213282,6.433779664047685,71.56666666666645
468.7000000000381,470.81158157882726,0.10000000000002274,0.1,2.273181642920008e-14,0.0,3,2,188,50,8.91001099879949,5.627779664047683,71.66666666666644
468.8000000000381,470.9115815788273,0.10000000000002274,0.1,2.273181642920008e-14,0.0,3,2,187,50,8.246010998799493,4.820779664047681,71.76666666666644
468.9000000000381,471.0115815788273,0.10000000000002274,0.1,2.273181642920008e-14,0.0,2,2,187,50,12.563427127551746,20.30607459105581,58.45000000000032
469.00000000003814,471.1115815788273,0.10000000000002274,0.1,2.273181642920008e-14,0.0,2,2,187,50,12.109427127551744,20.20607459105581,58.550000000000324
469.10000000003816,471.21158157882735,0.10000000000002274,0.1,2.273181642920008e-14,0.0,2,2,186,50,11.654927127551742,20.10607459105581,58.65000000000032
469.2000000000382,471.3115815788274,0.10000000000002274,0.1,2.273181642920008e-14,0.0,2,2,185,49,11.19992712755174,20.006074591055807,58.75000000000031
469.3000000000382,471.4115815788274,0.10000000000002274,0.1,2.273181642920008e-14,0.0,2,2,184,49,10.744427127551738,19.906074591055805,58.850000000000314
469.40000000003823,471.5115815788274,0.10000000000002274,0.1,2.273181642920008e-14,0.0,2,2,183,49,10.288427127551737,19.806074591055804,58.950000000000315
469.50000000003826,471.61158157882744,0.10000000000002274,0.1,2.273181642920008e-14,0.0,2,2,182,49,9.831927127551735,19.706074591055803,59.05000000000031
469.6000000000383,471.71158157882746,0.10000000000002274,0.1,2.273181642920008e-14,0.0,1,2,182,49,19.706074591055803,19.706074591055803,46.800000000000395
469.7000000000383,471.8115815788275,0.10000000000002274,0.1,2.273181642920008e-14,0.0,1,2,182,49,19.6060745910558,19.6060745910558,46.9000000000004
469.8000000000383,471.9115815788275,0.10000000000002274,0.1,2.273181642920008e-14,0.0,1,2,183,49,19.5060745910558,19.5060745910558,47.0000000000004
469.90000000003835,472.01158157882753,0.10000000000002274,0.1,2.273181642920008e-14,0.0,1,2,183,49,19.4060745910558,19.4060745910558,47.1000000000004
470.00000000003837,472.11158157882755,0.10000000000002274,0.1,2.273181642920008e-14,0.0,1,2,183,49,19.306074591055797,19.306074591055797,47.2000000000004
470.1000000000384,472.2115815788276,0.10000000000002274,0.1,2.273181642920008e-14,0.0,1,2,183,49,19.206074591055796,19.206074591055796,47.3000000000004
470.2000000000384,472.3115815788276,0.10000000000002274,0.1,2.273181642920008e-14,0.0,1,2,183,49,19.106074591055794,19.106074591055794,47.400000000000404
470.30000000003844,472.4115815788276,0.10000000000002274,0.1,2.273181642920008e-14,0.0,1,2,184,49,19.006074591055793,19.006074591055793,47.500000000000405
470.40000000003846,472.51158157882764,0.10000000000002274,0.1,2.273181642920008e-14,0.0,1,2,184,49,18.90607459105579,18.90607459105579,47.600000000000406
470.5000000000385,472.61158157882767,0.10000000000002274,0.1,2.273181642920008e-14,0.0,1,2,183,49,18.80607459105579,18.80607459105579,47.70000000000041
470.6000000000385,472.7115815788277,0.10000000000002274,0.1,2.273181642920008e-14,0.0,1,2,182,49,18.70607459105579,18.70607459105579,47.80000000000041
470.70000000003853,472.8115815788277,0.10000000000002274,0.1,2.273181642920008e-14,0.0,1,2,182,50,18.606074591055787,18.606074591055787,47.90000000000041
470.80000000003855,472.91158157882774,0.10000000000002274,0.1,2.273181642920008e-14,0.0,1,2,181,50,18.506074591055786,18.506074591055786,48.00000000000041
470.9000000000386,473.01158157882776,0.10000000000002274,0.1,2.273181642920008e-14,0.0,1,2,181,50,18.406074591055784,18.406074591055784,48.10000000000041
471.0000000000386,473.1115815788278,0.10000000000002274,0.1,2.273181642920008e-14,0.0,1,2,180,50,18.306074591055783,18.306074591055783,48.200000000000415
471.1000000000386,473.2115815788278,0.10000000000002274,0.1,2.273181642920008e-14,0.0,1,2,180,50,18.20607459105578,18.20607459105578,48.300000000000416
471.20000000003864,473.3115815788278,0.10000000000002274,0.1,2.273181642920008e-14,0.0,1,2,181,50,18.10607459105578,18.10607459105578,48.40000000000042
471.30000000003866,473.41158157882785,0.10000000000002274,0.1,2.273181642920008e-14,0.0,1,2,181,49,18.00607459105578,18.00607459105578,48.50000000000042
471.4000000000387,473.5115815788279,0.10000000000002274,0.1,2.273181642920008e-14,0.0,1,2,181,48,17.906074591055777,17.906074591055777,48.60000000000042
471.5000000000387,473.6115815788279,0.10000000000002274,0.1,2.273181642920008e-14,0.0,1,2,180,48,17.806074591055776,17.806074591055776,48.70000000000042
471.60000000003873,473.7115815788279,0.10000000000002274,0.1,2.273181642920008e-14,0.0,1,2,180,48,17.706074591055774,17.706074591055774,48.80000000000042
471.70000000003876,473.81158157882794,0.10000000000002274,0.1,2.273181642920008e-14,0.0,1,2,180,48,17.606074591055773,17.606074591055773,48.900000000000425
471.8000000000388,473.91158157882796,0.10000000000002274,0.1,2.273181642920008e-14,0.0,1,2,179,48,17.50607459105577,17.50607459105577,49.000000000000426
471.9000000000388,474.011581578828,0.10000000000002274,0.1,2.273181642920008e-14,0.0,1,2,179,48,17.40607459105577,17.40607459105577,49.10000000000043
472.0000000000388,474.111581578828,0.10000000000002274,0.1,2.273181642920008e-14,0.0,1,2,178,48,17.30607459105577,17.30607459105577,49.20000000000043
472.10000000003885,474.21158157882803,0.10000000000002274,0.1,2.273181642920008e-14,0.0,1,2,177,48,17.206074591055767,17.206074591055767,49.30000000000043
472.20000000003887,474.31158157882805,0.10000000000002274,0.1,2.273181642920008e-14,0.0,1,2,177,48,17.106074591055766,17.106074591055766,49.40000000000043
472.3000000000389,474.4115815788281,0.10000000000002274,0.1,2.273181642920008e-14,0.0,1,2,176,49,17.006074591055764,17.006074591055764,49.50000000000043
472.4000000000389,474.5115815788281,0.10000000000002274,0.1,2.273181642920008e-14,0.0,1,2,175,49,16.906074591055763,16.906074591055763,49.600000000000435
472.50000000003894,474.6115815788281,0.10000000000002274,0.1,2.273181642920008e-14,0.0,1,2,174,50,16.80607459105576,16.80607459105576,49.700000000000436
472.60000000003896,474.71158157882815,0.10000000000002274,0.1,2.273181642920008e-14,0.0,1,2,174,49,16.70607459105576,16.70607459105576,49.80000000000044
472.700000000039,474.81158157882817,0.10000000000002274,0.1,2.273181642920008e-14,0.0,1,2,173,50,16.60607459105576,16.60607459105576,49.90000000000044
472.800000000039,474.9115815788282,0.10000000000002274,0.1,2.273181642920008e-14,0.0,1,2,173,50,16.506074591055757,16.506074591055757,50.00000000000044
472.90000000003903,475.0115815788282,0.10000000000002274,0.1,2.273181642920008e-14,0.0,1,2,172,50,16.406074591055756,16.406074591055756,50.10000000000044
473.00000000003905,475.11158157882824,0.10000000000002274,0.1,2.273181642920008e-14,0.0,1,2,172,50,16.306074591055754,16.306074591055754,50.20000000000044
473.1000000000391,475.21158157882826,0.10000000000002274,0.1,2.273181642920008e-14,0.0,1,2,172,50,16.206074591055753,16.206074591055753,50.300000000000445
473.2000000000391,475.3115815788283,0.10000000000002274,0.1,2.273181642920008e-14,0.0,1,2,172,50,16.10607459105575,16.10607459105575,50.400000000000446
473.3000000000391,475.4115815788283,0.10000000000002274,0.1,2.273181642920008e-14,0.0,1,2,172,50,16.00607459105575,16.00607459105575,50.50000000000045
473.40000000003914,475.5115815788283,0.10000000000002274,0.1,2.273181642920008e-14,0.0,1,2,171,50,15.90607459105575,15.90607459105575,50.60000000000045
473.50000000003917,475.61158157882835,0.10000000000002274,0.1,2.273181642920008e-14,0.0,1,2,170,50,15.80607459105575,15.80607459105575,50.70000000000045
473.6000000000392,475.7115815788284,0.10000000000002274,0.1,2.273181642920008e-14,0.0,1,2,170,50,15.706074591055751,15.706074591055751,50.80000000000045
473.7000000000392,475.8115815788284,0.10000000000002274,0.1,2.273181642920008e-14,0.0,1,2,169,50,15.606074591055751,15.606074591055751,50.90000000000045
473.80000000003923,475.9115815788284,0.10000000000002274,0.1,2.273181642920008e-14,0.0,1,2,169,50,15.506074591055752,15.506074591055752,51.000000000000455
473.90000000003926,476.01158157882844,0.10000000000002274,0.1,2.273181642920008e-14,0.0,1,2,169,50,15.406074591055752,15.406074591055752,51.100000000000456
474.0000000000393,476.11158157882846,0.10000000000002274,0.1,2.273181642920008e-14,0.0,1,2,169,50,15.306074591055753,15.306074591055753,51.20000000000046
474.1000000000393,476.2115815788285,0.10000000000002274,0.1,2.273181642920008e-14,0.0,1,2,169,50,15.206074591055753,15.206074591055753,51.30000000000046
474.2000000000393,476.3115815788285,0.10000000000002274,0.1,2.273181642920008e-14,0.0,1,2,169,50,15.106074591055753,15.106074591055753,51.40000000000046
474.30000000003935,476.41158157882853,0.10000000000002274,0.1,2.273181642920008e-14,0.0,1,2,169,50,15.006074591055754,15.006074591055754,51.50000000000046
474.40000000003937,476.51158157882855,0.10000000000002274,0.1,2.273181642920008e-14,0.0,1,2,168,49,14.906074591055754,14.906074591055754,51.60000000000046
474.5000000000394,476.6115815788286,0.10000000000002274,0.1,2.273181642920008e-14,0.0,1,2,168,49,14.806074591055754,14.806074591055754,51.700000000000465
474.6000000000394,476.7115815788286,0.10000000000002274,0.1,2.273181642920008e-14,0.0,1,2,168,49,14.706074591055755,14.706074591055755,51.800000000000466
474.70000000003944,476.8115815788286,0.10000000000002274,0.1,2.273181642920008e-14,0.0,1,2,167,49,14.606074591055755,14.606074591055755,51.90000000000047
474.80000000003946,476.91158157882865,0.10000000000002274,0.1,2.273181642920008e-14,0.0,1,2,166,50,14.506074591055755,14.506074591055755,52.00000000000047
474.9000000000395,477.01158157882867,0.10000000000002274,0.1,2.273181642920008e-14,0.0,1,2,167,50,14.406074591055756,14.406074591055756,52.10000000000047
475.0000000000395,477.1115815788287,0.10000000000002274,0.1,2.273181642920008e-14,0.0,1,2,168,50,14.306074591055756,14.306074591055756,52.20000000000047
475.10000000003953,477.2115815788287,0.10000000000002274,0.1,2.273181642920008e-14,0.0,1,2,168,49,14.206074591055756,14.206074591055756,52.30000000000047
475.20000000003955,477.31158157882874,0.10000000000002274,0.1,2.273181642920008e-14,0.0,1,2,168,49,14.106074591055757,14.106074591055757,52.400000000000475
475.3000000000396,477.41158157882876,0.10000000000002274,0.1,2.273181642920008e-14,0.0,1,2,168,50,14.006074591055757,14.006074591055757,52.500000000000476
475.4000000000396,477.5115815788288,0.10000000000002274,0.1,2.273181642920008e-14,0.0,1,2,168,50,13.906074591055757,13.906074591055757,52.60000000000048
475.5000000000396,477.6115815788288,0.10000000000002274,0.1,2.273181642920008e-14,0.0,1,2,167,50,13.806074591055758,13.806074591055758,52.70000000000048
475.60000000003964,477.7115815788288,0.10000000000002274,0.1,2.273181642920008e-14,0.0,1,2,167,49,13.706074591055758,13.706074591055758,52.80000000000048
475.70000000003967,477.81158157882885,0.10000000000002274,0.1,2.273181642920008e-14,0.0,1,2,166,49,13.606074591055759,13.606074591055759,52.90000000000048
475.8000000000397,477.9115815788289,0.10000000000002274,0.1,2.273181642920008e-14,0.0,1,2,166,49,13.506074591055759,13.506074591055759,53.00000000000048
475.9000000000397,478.0115815788289,0.10000000000002274,0.1,2.273181642920008e-14,0.0,1,2,166,49,13.40607459105576,13.40607459105576,53.100000000000485
476.00000000003973,478.1115815788289,0.10000000000002274,0.1,2.273181642920008e-14,0.0,1,2,166,49,13.30607459105576,13.30607459105576,53.200000000000486
476.10000000003976,478.21158157882894,0.10000000000002274,0.1,2.273181642920008e-14,0.0,1,2,165,49,13.20607459105576,13.20607459105576,53.30000000000049
476.2000000000398,478.31158157882896,0.10000000000002274,0.1,2.273181642920008e-14,0.0,1,2,165,49,13.10607459105576,13.10607459105576,53.40000000000049
476.3000000000398,478.411581578829,0.10000000000002274,0.1,2.273181642920008e-14,0.0,1,2,165,49,13.00607459105576,13.00607459105576,53.50000000000049
476.4000000000398,478.511581578829,0.10000000000002274,0.1,2.273181642920008e-14,0.0,1,2,166,49,12.906074591055761,12.906074591055761,53.60000000000049
476.50000000003985,478.61158157882903,0.10000000000002274,0.1,2.273181642920008e-14,0.0,1,2,166,49,12.806074591055761,12.806074591055761,53.70000000000049
476.60000000003987,478.71158157882905,0.10000000000002274,0.1,2.273181642920008e-14,0.0,1,2,166,48,12.706074591055762,12.706074591055762,53.800000000000495
476.7000000000399,478.8115815788291,0.10000000000002274,0.1,2.273181642920008e-14,0.0,1,2,166,48,12.606074591055762,12.606074591055762,53.900000000000496
476.8000000000399,478.9115815788291,0.10000000000002274,0.1,2.273181642920008e-14,0.0,1,2,165,48,11.588193757625694,11.588193757625694,54.0000000000005
476.90000000003994,479.0115815788291,0.10000000000002274,0.1,2.273181642920008e-14,0.0,1,2,164,48,10.988193757625695,10.988193757625695,54.1000000000005
477.00000000003996,479.11158157882915,0.10000000000002274,0.1,2.273181642920008e-14,0.0,1,2,163,48,10.592320035847052,10.592320035847052,54.2000000000005
477.10000000004,479.21158157882917,0.10000000000002274,0.1,2.273181642920008e-14,0.0,1,2,164,47,10.344383174957729,10.344383174957729,54.3000000000005
477.20000000004,479.3115815788292,0.10000000000002274,0.1,2.273181642920008e-14,0.0,1,2,164,47,10.17041474451306,10.17041474451306,54.4000000000005
477.30000000004003,479.4115815788292,0.10000000000002274,0.1,2.273181642920008e-14,0.0,1,2,165,47,10.07041474451306,10.07041474451306,54.500000000000504
477.40000000004005,479.51158157882924,0.10000000000002274,0.1,2.273181642920008e-14,0.0,1,2,165,47,9.97041474451306,9.97041474451306,54.600000000000506
477.5000000000401,479.61158157882926,0.10000000000002274,0.1,2.273181642920008e-14,0.0,1,2,165,48,9.870414744513061,9.870414744513061,54.70000000000051
477.6000000000401,479.7115815788293,0.10000000000002274,0.1,2.273181642920008e-14,0.0,1,2,167,48,9.770414744513062,9.770414744513062,54.80000000000051
477.7000000000401,479.8115815788293,0.10000000000002274,0.1,2.273181642920008e-14,0.0,1,2,167,48,9.670414744513062,9.670414744513062,54.90000000000051
477.80000000004014,479.9115815788293,0.10000000000002274,0.1,2.273181642920008e-14,0.0,1,2,167,48,9.570414744513062,9.570414744513062,55.00000000000051
477.90000000004017,480.01158157882935,0.10000000000002274,0.1,2.273181642920008e-14,0.0,1,2,166,48,9.470414744513063,9.470414744513063,55.10000000000051
478.0000000000402,480.1115815788294,0.10000000000002274,0.1,2.273181642920008e-14,0.0,1,2,166,48,9.370414744513063,9.370414744513063,55.200000000000514
478.1000000000402,480.2115815788294,0.10000000000002274,0.1,2.273181642920008e-14,0.0,1,2,166,48,9.270414744513063,9.270414744513063,55.300000000000516
478.20000000004023,480.3115815788294,0.10000000000002274,0.1,2.273181642920008e-14,0.0,1,2,167,48,9.170414744513064,9.170414744513064,55.40000000000052
478.30000000004026,480.41158157882944,0.10000000000002274,0.1,2.273181642920008e-14,0.0,1,2,166,48,9.070414744513064,9.070414744513064,55.50000000000052
478.4000000000403,480.51158157882946,0.10000000000002274,0.1,2.273181642920008e-14,0.0,1,2,166,48,8.970414744513064,8.970414744513064,55.60000000000052
478.5000000000403,480.6115815788295,0.10000000000002274,0.1,2.273181642920008e-14,0.0,1,2,166,48,8.870414744513065,8.870414744513065,55.70000000000052
478.6000000000403,480.7115815788295,0.10000000000002274,0.1,2.273181642920008e-14,0.0,1,2,165,48,8.770414744513065,8.770414744513065,55.80000000000052
478.70000000004035,480.81158157882953,0.10000000000002274,0.1,2.273181642920008e-14,0.0,1,2,165,47,8.670414744513065,8.670414744513065,55.900000000000524
478.80000000004037,480.91158157882955,0.10000000000002274,0.1,2.273181642920008e-14,0.0,1,2,165,47,8.570414744513066,8.570414744513066,56.000000000000526
478.9000000000404,481.0115815788296,0.10000000000002274,0.1,2.273181642920008e-14,0.0,1,2,165,47,8.470414744513066,8.470414744513066,56.10000000000053
479.0000000000404,481.1115815788296,0.10000000000002274,0.1,2.273181642920008e-14,0.0,1,2,164,47,8.370414744513067,8.370414744513067,56.20000000000053
479.10000000004044,481.2115815788296,0.10000000000002274,0.1,2.273181642920008e-14,0.0,1,2,163,48,8.270414744513067,8.270414744513067,56.30000000000053
479.20000000004046,481.31158157882965,0.10000000000002274,0.1,2.273181642920008e-14,0.0,1,2,164,48,8.170414744513067,8.170414744513067,56.40000000000053
479.3000000000405,481.41158157882967,0.10000000000002274,0.1,2.273181642920008e-14,0.0,1,2,164,48,8.070414744513068,8.070414744513068,56.50000000000053
479.4000000000405,481.5115815788297,0.10000000000002274,0.1,2.273181642920008e-14,0.0,1,2,164,48,7.970414744513068,7.970414744513068,56.600000000000534
479.50000000004053,481.6115815788297,0.10000000000002274,0.1,2.273181642920008e-14,0.0,1,2,166,47,7.870414744513068,7.870414744513068,56.700000000000536
479.60000000004055,481.71158157882974,0.10000000000002274,0.1,2.273181642920008e-14,0.0,1,2,166,47,7.770414744513069,7.770414744513069,56.80000000000054
479.7000000000406,481.81158157882976,0.10000000000002274,0.1,2.273181642920008e-14,0.0,1,2,165,47,7.670414744513069,7.670414744513069,56.90000000000054
479.8000000000406,481.9115815788298,0.10000000000002274,0.1,2.273181642920008e-14,0.0,1,2,165,47,7.570414744513069,7.570414744513069,57.00000000000054
479.9000000000406,482.0115815788298,0.10000000000002274,0.1,2.273181642920008e-14,0.0,1,2,164,47,7.47041474451307,7.47041474451307,57.10000000000054
480.00000000004064,482.1115815788298,0.10000000000002274,0.1,2.273181642920008e-14,0.0,1,2,164,48,7.37041474451307,7.37041474451307,57.20000000000054
480.10000000004067,482.21158157882985,0.10000000000002274,0.1,2.273181642920008e-14,0.0,1,2,163,48,7.2704147445130705,7.2704147445130705,57.300000000000544
480.2000000000407,482.3115815788299,0.10000000000002274,0.1,2.273181642920008e-14,0.0,1,2,163,48,7.170414744513071,7.170414744513071,57.400000000000546
480.3000000000407,482.4115815788299,0.10000000000002274,0.1,2.273181642920008e-14,0.0,1,2,163,48,7.070414744513071,7.070414744513071,57.50000000000055
480.40000000004073,482.5115815788299,0.10000000000002274,0.1,2.273181642920008e-14,0.0,1,2,162,48,6.9704147445130715,6.9704147445130715,57.60000000000055
480.50000000004076,482.61158157882994,0.10000000000002274,0.1,2.273181642920008e-14,0.0,1,2,161,48,6.870414744513072,6.870414744513072,57.70000000000055
480.6000000000408,482.71158157882996,0.10000000000002274,0.1,2.273181642920008e-14,0.0,1,2,161,48,6.770414744513072,6.770414744513072,57.80000000000055
480.7000000000408,482.81158157883,0.10000000000002274,0.1,2.273181642920008e-14,0.0,1,2,161,48,6.670414744513073,6.670414744513073,57.90000000000055
480.8000000000408,482.91158157883,0.10000000000002274,0.1,2.273181642920008e-14,0.0,1,2,160,48,6.570414744513073,6.570414744513073,58.000000000000554
480.90000000004085,483.01158157883003,0.10000000000002274,0.1,2.273181642920008e-14,0.0,1,2,160,48,6.470414744513073,6.470414744513073,58.100000000000556
481.00000000004087,483.11158157883006,0.10000000000002274,0.1,2.273181642920008e-14,0.0,1,2,159,48,6.370414744513074,6.370414744513074,58.20000000000056
481.1000000000409,483.2115815788301,0.10000000000002274,0.1,2.273181642920008e-14,0.0,1,2,159,48,6.270414744513074,6.270414744513074,58.30000000000056
481.2000000000409,483.3115815788301,0.10000000000002274,0.1,2.273181642920008e-14,0.0,1,2,159,48,6.170414744513074,6.170414744513074,58.40000000000056
481.30000000004094,483.4115815788301,0.10000000000002274,0.1,2.273181642920008e-14,0.0,1,2,159,48,6.070414744513075,6.070414744513075,58.50000000000056
481.40000000004096,483.51158157883015,0.10000000000002274,0.1,2.273181642920008e-14,0.0,1,2,158,48,5.970414744513075,5.970414744513075,58.60000000000056
481.500000000041,483.61158157883017,0.10000000000002274,0.1,2.273181642920008e-14,0.0,1,2,158,49,5.870414744513075,5.870414744513075,58.700000000000564
481.600000000041,483.7115815788302,0.10000000000002274,0.1,2.273181642920008e-14,0.0,1,2,157,49,5.770414744513076,5.770414744513076,58.800000000000566
481.70000000004103,483.8115815788302,0.10000000000002274,0.1,2.273181642920008e-14,0.0,1,2,157,49,5.670414744513076,5.670414744513076,58.90000000000057
481.80000000004105,483.91158157883024,0.10000000000002274,0.1,2.273181642920008e-14,0.0,1,2,157,48,5.5704147445130765,5.5704147445130765,59.00000000000057
481.9000000000411,484.01158157883026,0.10000000000002274,0.1,2.273181642920008e-14,0.0,1,2,156,48,5.470414744513077,5.470414744513077,59.10000000000057
482.0000000000411,484.1115815788303,0.10000000000002274,0.1,2.273181642920008e-14,0.0,1,2,155,48,5.370414744513077,5.370414744513077,59.20000000000057
482.1000000000411,484.2115815788303,0.10000000000002274,0.1,2.273181642920008e-14,0.0,1,2,155,48,5.270414744513078,5.270414744513078,59.30000000000057
482.20000000004114,484.3115815788303,0.10000000000002274,0.1,2.273181642920008e-14,0.0,1,2,155,48,5.170414744513078,5.170414744513078,59.400000000000574
482.30000000004117,484.41158157883035,0.10000000000002274,0.1,2.273181642920008e-14,0.0,1,2,155,48,5.070414744513078,5.070414744513078,59.500000000000576
482.4000000000412,484.5115815788304,0.10000000000002274,0.1,2.273181642920008e-14,0.0,1,2,154,48,4.970414744513079,4.970414744513079,59.60000000000058
482.5000000000412,484.6115815788304,0.10000000000002274,0.1,2.273181642920008e-14,0.0,1,2,155,48,4.870414744513079,4.870414744513079,59.70000000000058
482.60000000004123,484.7115815788304,0.10000000000002274,0.1,2.273181642920008e-14,0.0,1,2,155,48,4.770414744513079,4.770414744513079,59.80000000000058
482.70000000004126,484.81158157883044,0.10000000000002274,0.1,2.273181642920008e-14,0.0,1,2,154,48,4.67041474451308,4.67041474451308,59.90000000000058
482.8000000000413,484.91158157883046,0.10000000000002274,0.1,2.273181642920008e-14,0.0,1,2,154,48,4.57041474451308,4.57041474451308,60.00000000000058
482.9000000000413,485.0115815788305,0.10000000000002274,0.1,2.273181642920008e-14,0.0,1,2,154,48,4.47041474451308,4.47041474451308,60.100000000000584
483.0000000000413,485.1115815788305,0.10000000000002274,0.1,2.273181642920008e-14,0.0,1,2,153,48,4.370414744513081,4.370414744513081,60.200000000000585
483.10000000004135,485.21158157883053,0.10000000000002274,0.1,2.273181642920008e-14,0.0,1,2,152,48,4.270414744513081,4.270414744513081,60.30000000000059
483.20000000004137,485.31158157883056,0.10000000000002274,0.1,2.273181642920008e-14,0.0,1,2,152,48,4.1704147445130815,4.1704147445130815,60.40000000000059
483.3000000000414,485.4115815788306,0.10000000000002274,0.1,2.273181642920008e-14,0.0,1,2,152,49,4.070414744513082,4.070414744513082,60.50000000000059
483.4000000000414,485.5115815788306,0.10000000000002274,0.1,2.273181642920008e-14,0.0,1,2,152,48,3.9704147445130817,3.9704147445130817,60.60000000000059
483.50000000004144,485.6115815788306,0.10000000000002274,0.1,2.273181642920008e-14,0.0,1,2,153,48,3.8704147445130817,3.8704147445130817,60.70000000000059
483.60000000004146,485.71158157883065,0.10000000000002274,0.1,2.273181642920008e-14,0.0,1,2,153,48,3.7704147445130816,3.7704147445130816,60.800000000000594
483.7000000000415,485.81158157883067,0.10000000000002274,0.1,2.273181642920008e-14,0.0,1,2,153,48,3.6704147445130815,3.6704147445130815,60.900000000000595
483.8000000000415,485.9115815788307,0.10000000000002274,0.1,2.273181642920008e-14,0.0,1,2,153,48,3.5704147445130814,3.5704147445130814,61.0000000000006
483.90000000004153,486.0115815788307,0.10000000000002274,0.1,2.273181642920008e-14,0.0,1,2,154,48,3.4704147445130813,3.4704147445130813,61.1000000000006
484.00000000004155,486.11158157883074,0.10000000000002274,0.1,2.273181642920008e-14,0.0,1,2,154,48,3.370414744513081,3.370414744513081,61.2000000000006
484.1000000000416,486.21158157883076,0.10000000000002274,0.1,2.273181642920008e-14,0.0,1,2,154,48,3.270414744513081,3.270414744513081,61.3000000000006
484.2000000000416,486.3115815788308,0.10000000000002274,0.1,2.273181642920008e-14,0.0,1,2,154,48,3.170414744513081,3.170414744513081,61.4000000000006
484.3000000000416,486.4115815788308,0.10000000000002274,0.1,2.273181642920008e-14,0.0,1,2,155,47,3.070414744513081,3.070414744513081,61.500000000000604
484.40000000004164,486.5115815788308,0.10000000000002274,0.1,2.273181642920008e-14,0.0,1,2,154,47,2.970414744513081,2.970414744513081,61.600000000000605
484.50000000004167,486.61158157883085,0.10000000000002274,0.1,2.273181642920008e-14,0.0,1,2,154,47,2.8704147445130808,2.8704147445130808,61.70000000000061
484.6000000000417,486.7115815788309,0.10000000000002274,0.1,2.273181642920008e-14,0.0,1,2,152,47,2.7704147445130807,2.7704147445130807,61.80000000000061
484.7000000000417,486.8115815788309,0.10000000000002274,0.1,2.273181642920008e-14,0.0,1,2,151,47,2.6704147445130806,2.6704147445130806,61.90000000000061
484.80000000004173,486.9115815788309,0.10000000000002274,0.1,2.273181642920008e-14,0.0,1,2,151,47,2.5704147445130805,2.5704147445130805,62.00000000000061
484.90000000004176,487.01158157883094,0.10000000000002274,0.1,2.273181642920008e-14,0.0,1,2,150,47,2.4704147445130804,2.4704147445130804,62.10000000000061
485.0000000000418,487.11158157883096,0.10000000000002274,0.1,2.273181642920008e-14,0.0,1,2,150,47,2.3704147445130803,2.3704147445130803,62.200000000000614
485.1000000000418,487.211581578831,0.10000000000002274,0.1,2.273181642920008e-14,0.0,1,2,149,47,2.2704147445130802,2.2704147445130802,62.300000000000615
485.2000000000418,487.311581578831,0.10000000000002274,0.1,2.273181642920008e-14,0.0,1,2,148,48,2.17041474451308,2.17041474451308,62.40000000000062
485.30000000004185,487.41158157883103,0.10000000000002274,0.1,2.273181642920008e-14,0.0,1,2,147,47,2.07041474451308,2.07041474451308,62.50000000000062
485.40000000004187,487.51158157883106,0.10000000000002274,0.1,2.273181642920008e-14,0.0,1,2,147,47,1.97041474451308,1.97041474451308,62.60000000000062
485.5000000000419,487.6115815788311,0.10000000000002274,0.1,2.273181642920008e-14,0.0,1,2,147,48,1.8704147445130799,1.8704147445130799,62.70000000000062
485.6000000000419,487.7115815788311,0.10000000000002274,0.1,2.273181642920008e-14,0.0,1,2,146,48,1.7704147445130798,1.7704147445130798,62.80000000000062
485.70000000004194,487.8115815788311,0.10000000000002274,0.1,2.273181642920008e-14,0.0,1,2,146,48,1.6704147445130797,1.6704147445130797,62.900000000000624
485.80000000004196,487.91158157883115,0.10000000000002274,0.1,2.273181642920008e-14,0.0,1,2,146,48,1.5704147445130796,1.5704147445130796,63.000000000000625
485.900000000042,488.01158157883117,0.10000000000002274,0.1,2.273181642920008e-14,0.0,1,2,146,48,1.4704147445130795,1.4704147445130795,63.10000000000063
486.000000000042,488.1115815788312,0.10000000000002274,0.1,2.273181642920008e-14,0.0,1,2,146,48,1.3704147445130794,1.3704147445130794,63.20000000000063
486.10000000004203,488.2115815788312,0.10000000000002274,0.1,2.273181642920008e-14,0.0,1,2,145,49,1.2704147445130793,1.2704147445130793,63.30000000000063
486.20000000004205,488.31158157883124,0.10000000000002274,0.1,2.273181642920008e-14,0.0,1,2,145,49,1.1704147445130793,1.1704147445130793,63.40000000000063
486.3000000000421,488.41158157883126,0.10000000000002274,0.1,2.273181642920008e-14,0.0,1,2,145,49,1.0704147445130792,1.0704147445130792,63.50000000000063
486.4000000000421,488.5115815788313,0.10000000000002274,0.1,2.273181642920008e-14,0.0,1,2,145,50,0.9704147445130792,0.9704147445130792,63.600000000000634
486.5000000000421,488.6115815788313,0.10000000000002274,0.1,2.273181642920008e-14,0.0,1,2,145,50,0.8704147445130792,0.8704147445130792,63.700000000000635
486.60000000004214,488.71158157883133,0.10000000000002274,0.1,2.273181642920008e-14,0.0,1,2,143,50,0.7704147445130792,0.7704147445130792,63.80000000000064
486.70000000004217,488.81158157883135,0.10000000000002274,0.1,2.273181642920008e-14,0.0,1,2,143,50,0.6704147445130793,0.6704147445130793,63.90000000000064
486.8000000000422,488.9115815788314,0.10000000000002274,0.1,2.273181642920008e-14,0.0,1,2,145,50,0.5704147445130793,0.5704147445130793,64.00000000000064
486.9000000000422,489.0115815788314,0.10000000000002274,0.1,2.273181642920008e-14,0.0,1,2,145,50,0.4704147445130793,0.4704147445130793,64.10000000000063
487.00000000004223,489.1115815788314,0.10000000000002274,0.1,2.273181642920008e-14,0.0,1,2,144,50,0.3704147445130793,0.3704147445130793,64.20000000000063
487.10000000004226,489.21158157883144,0.10000000000002274,0.1,2.273181642920008e-14,0.0,1,2,144,50,0.27041474451307934,0.27041474451307934,64.30000000000062
487.2000000000423,489.31158157883146,0.10000000000002274,0.1,2.273181642920008e-14,0.0,1,2,144,50,0.17041474451307934,0.17041474451307934,64.40000000000062
487.3000000000423,489.4115815788315,0.10000000000002274,0.1,2.273181642920008e-14,0.0,1,2,144,50,0.07041474451307933,0.07041474451307933,64.50000000000061
487.4000000000423,489.5115815788315,0.10000000000002274,0.1,2.273181642920008e-14,0.0,0,2,144,50,0.0,0.0,0.0
